CustomerID,FirstName,LastName,Email,Phone,DateOfBirth,Gender,City,Country,RegistrationDate,CustomerStatus
1,Jennifer,Allen,cust_1_panderson@example.com,361.893.9909,1986-10-17,,Sarahborough,kosovo,2025-11-06T09:11:38,Active
2,Amy,Turner,cust_2_contrerasangela@example.net,310-579-9118x38425,1962-09-23,,Justinmouth,Germany,2026-07-19T04:15:53,Inactive
3,Julia,Moore,cust_3_cassandra53@example.net,,1998-11-03,Female,West Darrell,Albania,2023-06-16T06:35:25,Active
4,Alec,Jones,cust_4_amydavenport@example.net,687-440-1640x052,1993-04-12,,Arnoldchester,Switzerland,2025-05-21T08:07:25,Active
5,Kara,Frost,cust_5_michellecherry@example.org,(562)304-5053,1983-09-26,,Kimberlychester,Switzerland,2025-08-22T03:56:17,Active
6,Michael,Hoover,cust_6_jeffreykeller@example.com,2259634216,1978-01-06,Male,East Lisa,Germany,2024-12-16T01:20:54,Active
7,Catherine,Dixon,cust_7_mlam@example.com,614-258-6850x142,1958-09-13,Female,New Ryanmouth,,2024-11-08T21:56:35,Active
8,Heidi,Spencer,cust_8_robertbentley@example.net,001-360-688-3561x595,2006-08-03,,Elizabethmouth,Albania,2024-09-17T02:34:25,Active
9,Jason,Kennedy,cust_9_donnacampbell@example.net,(599)846-8044,1998-10-01,,Stevenmouth,Germany,2025-11-15T13:12:32,Active
10,Lance,Drake,cust_10_andrewsanchez@example.com,,1997-04-11,,Clarencebury,Switzerland,2025-11-11T03:38:26,Active
11,Stephen,Solis,cust_11_stephanie79@example.net,001-517-469-3676x32016,1990-01-11,Male,Williamsbury,Albania,2023-07-08T12:34:35,Active
12,Phyllis,Manning,cust_12_wcole@example.org,,1999-01-27,Male,Rivasside,Switzerland,2024-11-23T16:51:51,Active
13,Courtney,Hill,cust_13_reevesjimmy@example.com,,1977-06-08,,Katiehaven,Kosovo,2025-01-22T19:05:10,Active
14,Jamie,Fisher,cust_14_gateskathy@example.com,+1-812-823-6231,1988-02-20,,Amychester,USA,2023-04-07T17:26:02,Active
15,Matthew,Shelton,cust_15_dramsey@example.org,9545668893,1998-01-09,Male,Ryantown, kosovo,2024-08-27T01:38:50,Active
16,Dawn,Taylor,cust_16_qwhite@example.com,,1977-12-15,Female,South Brittanytown,Kosovo,2023-05-11T09:47:17,Active
17,Susan,Williams,cust_17_herringjames@example.org,975.256.4641,1997-12-17,,West Jeffreyland,kosovo,2026-04-28T14:28:44,Active
18,Danny,Gould,cust_18_xlyons@example.com,,1967-02-05,,East David,Germany,2025-11-05T23:14:05,Active
19,Beth,Hickman,cust_19_tsanders@example.org,,1960-11-06,Male,Port Loriport,Kosovo,2023-06-17T22:12:48,Active
20,Lynn,Garcia,cust_20_cynthia72@example.com,001-831-749-1905,1967-08-31,Female,New Deborahtown,Switzerland,2024-10-14T12:55:29,Active
21,Timothy,Graham,cust_21_marcus31@example.com,,1986-05-10,Male,Christinaside,USA,2026-04-18T08:43:35,Active
22,Joshua,Carlson,cust_22_angela83@example.org,479.996.5075,1972-02-07,,West Lauren,Albania,2024-06-12T16:45:06,Active
23,Ronald,Reese,cust_23_michael74@example.com,001-567-683-7770x1436,1972-10-14,,Thomashaven,Kosovo,2024-06-18T00:12:16,Active
24,Brittany,Wolf,cust_24_tina34@example.org,913.651.8233,1980-03-27,,, switzerland,2026-01-30T14:29:12,Active
25,David,Williams,cust_25_tranheidi@example.org,,1999-02-01,,West Alexis,Switzerland,2025-04-09T17:59:58,Active
26,Glenda,Hernandez,cust_26_christopher31@example.net,001-371-309-4777x52047,2007-09-13,Female,Vasquezshire,Albania,2025-09-04T19:26:12,Active
27,Alexandra,Hayes,cust_27_levans@example.com,,1976-06-17,Female,Obrienbury, germany,2026-04-19T23:57:04,Inactive
28,Jared,Clark,cust_28_mooreglenn@example.org,,1966-05-01,Female,New Susanville,Kosovo,2026-03-30T20:54:01,Active
29,Kylie,Lawrence,cust_29_ronaldstephens@example.net,6679974034,1965-10-26,,Lake Jesusview,Switzerland ,2026-05-08T20:21:27,Active
30,Christopher,Williams,cust_30_mnavarro@example.com,621-802-4994x717,1957-06-09,,Vincentfort,Switzerland ,2024-11-11T00:50:00,Active
31,Cynthia,Vasquez,cust_31_harrisonricky@example.com,939-990-4902,2001-04-13,Male,Howardshire,Albania,2024-11-08T02:58:12,Active
32,Richard,Robertson,cust_32_sandovalamy@example.com,925-367-4680,1959-05-15,,Johnnyville,,2026-04-15T02:40:27,Active
33,Vernon,Ramos,cust_33_harrisandrea@example.com,,1985-06-29,Female,New Michael, switzerland,2026-03-21T02:14:41,Active
34,Sarah,Carter,cust_34_robert77@example.org,001-371-509-3248x086,1986-10-06,Male,South Staceyberg,Kosovo,2025-02-13T04:47:07,Inactive
35,Kenneth,Matthews,cust_35_cgrimes@example.net,+1-826-739-8214,1988-08-21,Male,Loriport,Germany,2026-02-01T21:08:33,Active
36,Vanessa,Sparks,cust_36_tylerjohnson@example.net,(858)286-7533x963,1995-11-04,,Juliefurt,Kosovo,2024-08-22T18:03:32,Active
37,Alicia,Bryant,cust_37_robertpena@example.org,,1960-10-08,Male,Mollymouth,USA,2023-06-04T21:31:17,Active
38,Cindy,Sanders,cust_38_christianmelissa@example.net,,1981-07-16,Female,Harringtonview,Germany,2024-06-09T22:28:39,Active
39,Michael,Jordan,cust_39_amandaknight@example.org,478-609-1343x16117,1967-03-31,Female,North Markton,KOSOVO,2024-03-31T17:32:36,Active
40,Steven,Roberts,cust_40_charleslandry@example.net,(519)969-3792,1976-01-14,Male,Stevetown,USA,2026-06-03T22:53:43,Active
41,James,Cruz,cust_41_yrodriguez@example.net,,1980-02-08,Male,Vaughnmouth,albania,2024-04-14T07:54:44,Active
42,Dana,Oliver,cust_42_courtneyberger@example.net,001-944-606-4090,1958-05-12,Female,New Laurie, switzerland,2023-12-07T05:04:51,Active
43,Tammy,Phillips,cust_43_linda71@example.org,770-695-2145x6232,2006-12-31,,West Robin,Kosovo,2025-01-18T12:35:20,Inactive
44,Parker,Little,cust_44_daniel37@example.org,368.951.6048,1997-11-02,Female,Emilyview,Albania,2025-06-27T01:58:47,Active
45,Jimmy,Medina,cust_45_qchavez@example.net,+1-459-231-7461,2003-01-28,,West Wendyville,USA,2023-05-31T23:34:49,Active
46,Melissa,Garcia,cust_46_amy50@example.com,+1-669-226-1796,1974-06-15,Female,Jeffmouth,Kosovo,2024-01-02T18:55:01,Active
47,Jamie,Robinson,cust_47_markhernandez@example.net,517.413.9005,1955-11-15,Female,North Maria,Kosovo,2025-05-10T22:21:50,Active
48,Robert,Wilson,cust_48_alvarezkimberly@example.net,722-284-2102x053,1996-01-29,,West Brian,Albania,2026-02-26T05:15:12,Active
49,Daniel,Joseph,cust_49_fjones@example.com,278-239-0847,1997-01-27,,Boonechester,Germany,2025-12-01T19:34:07,Active
50,Debra,Mack,cust_50_russellbeasley@example.com,(612)949-9856,1978-09-29,,Garciaville,Germany,2025-10-14T01:28:05,Active
51,David,Brown,cust_51_elizabeth65@example.net,366.315.6545x271,2006-09-26,Female,South Colinstad,USA,2026-06-15T00:57:09,Active
52,Caroline,Bell,cust_52_ericolson@example.org,,1979-07-04,,Parrishton,Switzerland,2024-03-22T19:36:05,Active
53,Michael,White,cust_53_ashleymorales@example.org,+1-251-649-3689,2006-02-06,,East Joshuaport,Switzerland,2024-06-11T21:34:53,Active
54,Emily,Nelson,cust_54_ctucker@example.com,+1-301-283-6675x2545,1974-04-08,Female,East Karen,Switzerland,2023-03-19T07:16:48,Active
55,Adrian,Turner,cust_55_katrinaduran@example.com,681.256.1497,1978-01-03,,South Tracey,SWITZERLAND,2023-03-27T02:25:10,Active
56,Andrew,Morse,cust_56_barbara96@example.net,707-362-2683,1999-03-29,,Hensleyton,USA,2024-11-08T15:26:43,Active
57,Christian,Harrell,cust_57_jeffrey21@example.net,(841)860-5297x51613,1998-10-08,,,Switzerland,2025-03-24T22:44:22,Inactive
58,Katherine,Jones,cust_58_kmarshall@example.net,488-635-5231,1986-03-24,Female,East Carrie,Switzerland,2026-03-26T22:52:49,Active
59,Steven,Johnson,cust_59_marie11@example.net,+1-799-355-2717x74490,1996-02-08,Female,,USA,2024-04-27T04:50:36,Active
60,Christopher,Lucas,cust_60_wrightsamuel@example.com,267.998.0793x59782,1991-05-05,,Port Rachelmouth,germany,2026-01-14T15:36:50,Active
61,Christopher,Alvarado,cust_61_kyle62@example.net,392.855.4665x90515,2003-12-01,Male,Johnathanberg,Albania,2024-06-01T20:38:15,Active
62,Kyle,Bean,cust_62_stacey73@example.org,748-265-2816,1965-01-15,Female,,,2024-07-17T06:37:15,Active
63,Francis,Guerra,cust_63_jenniferwilliams@example.com,(414)818-8805,2001-09-15,Female,,Germany,2023-08-28T14:57:35,Active
64,Robert,Martin,cust_64_laurietaylor@example.com,001-937-994-7383x4735,1959-03-25,Male,Kimberlyhaven,Germany,2025-03-30T09:07:34,Active
65,Jennifer,Black,cust_65_mitchellkathryn@example.com,,1986-04-03,Female,Sawyerside,Germany,2023-06-09T08:49:20,Active
66,Lisa,Wilkerson,cust_66_perryrandy@example.com,,1971-09-22,,Port Samuel,USA,2023-12-11T22:10:36,Active
67,Jonathan,Conley,cust_67_srodriguez@example.org,(415)930-5152x2047,1976-03-04,,Gilbertland,Albania,2023-01-30T12:30:58,Active
68,Michael,Duncan,cust_68_elizabethmiller@example.com,203-569-7117,1960-04-14,,West Ruben,USA,2025-08-13T01:45:45,Inactive
69,Kelsey,Moss,cust_69_dennis58@example.com,388.788.0670x65405,1999-06-03,Male,Lake Diane,Albania,2023-06-11T00:52:08,Active
70,Tina,Mendoza,cust_70_lisabrown@example.com,,1958-03-13,Female,Port Kimberly,Switzerland,2024-12-22T18:23:49,Active
71,Martin,Martinez,cust_71_samuel67@example.com,530-630-5486x8740,1978-10-01,Female,Michelleton,Kosovo,2025-10-15T15:26:14,Inactive
72,Donna,Parker,cust_72_cjackson@example.com,(877)458-4161,1986-02-08,Male,Manuelland,Albania ,2024-05-24T09:44:24,Active
73,Samuel,Martinez,cust_73_kimberlydiaz@example.com,4592640165,1994-04-12,Female,Port Cathy,Albania,2026-04-28T17:25:17,Active
74,Susan,Johnson,cust_74_victorhughes@example.net,4927755719,1963-09-10,Male,Edwardsview,USA,2024-01-23T18:11:48,Active
75,Michael,Brown,cust_75_patricia22@example.com,447-939-4731x217,1990-04-20,Male,Port Evelynmouth,Switzerland,2025-11-03T10:52:19,Active
76,Kyle,Key,cust_76_xfox@example.com,713.923.7058,1994-10-20,,New Nicole,Albania,2023-04-13T03:16:01,Active
77,David,Hernandez,cust_77_fernandodonovan@example.org,425-417-7852,1979-03-24,Male,Shawton,Kosovo,2026-07-15T12:29:45,Active
78,Marcia,Johnson,cust_78_frykelli@example.com,441.443.8424x98182,1999-12-27,,Meganshire,Albania,2023-03-05T23:50:05,Active
79,Brian,Gonzales,cust_79_vmarshall@example.net,996.590.7844,1965-06-15,,Evansland,Switzerland,2025-12-05T17:22:29,Active
80,Michelle,Flores,cust_80_theresa25@example.net,,1993-11-24,Female,,USA,2024-04-30T13:55:12,Active
81,Sydney,Barrera,cust_81_sarah53@example.org,353-271-4732,1989-08-02,,Soniachester,USA,2024-01-21T16:11:12,Active
82,Andrew,Landry,cust_82_nlevy@example.net,,1979-09-11,Male,Jimenezport,kosovo,2025-02-11T15:18:28,Active
83,Richard,Williams,cust_83_hudsonjames@example.net,3048797480,1975-04-27,Male,West Jessica,Albania,2026-04-01T14:38:39,Active
84,Marcia,Hanson,cust_84_andersoncolin@example.com,,1978-10-03,,South Williamside,Kosovo,2024-03-10T12:44:33,Active
85,April,Hernandez,cust_85_markaustin@example.org,+1-252-239-8680,1982-06-02,,Lake Mason,USA,2025-01-05T22:27:43,Active
86,Thomas,Coffey,cust_86_jennifersilva@example.org,+1-749-758-8879x470,1991-05-09,Male,South Brandytown,Germany,2025-07-16T06:24:12,Active
87,Samantha,Salas,cust_87_thorntonapril@example.net,+1-496-823-0913x0756,1977-10-19,,South Warren,Germany,2025-08-07T21:33:15,Active
88,Steve,Patel,cust_88_erica49@example.com,,1968-10-05,Male,Foxmouth,Switzerland,2023-09-27T00:42:31,Active
89,David,Rhodes,cust_89_zhuang@example.com,748.943.4437,2008-04-14,Female,Annview,USA,2024-03-23T01:33:56,Active
90,Daniel,Yang,cust_90_johnsantiago@example.net,(540)541-5747,1971-01-14,,Sarahview,Switzerland,2023-08-02T05:54:24,Inactive
91,Justin,Brown,cust_91_pearsonjesse@example.net,+1-930-916-5712x0826,2004-11-20,Female,Port Tamara,Switzerland,2024-05-13T21:59:59,Active
92,Justin,Hays,cust_92_ismall@example.net,2262206724,1987-07-12,,Ashleyville,USA,2024-06-04T11:16:31,Active
93,Christopher,Caldwell,cust_93_tinawoods@example.org,531-452-7420x549,1956-02-22,Male,Wilcoxhaven,USA,2024-05-24T09:59:31,Active
94,Wayne,Jacobson,cust_94_hannah45@example.net,563-274-5499x045,1970-09-16,Female,South Kurtfurt,Switzerland,2025-12-01T18:40:42,Inactive
95,Christopher,Griffin,cust_95_christian91@example.org,927.527.9568,1992-12-11,Female,Lake Karen,USA,2026-05-08T03:18:25,Active
96,Mark,Meyer,cust_96_frazierjennifer@example.com,,1961-11-13,,New Amanda,USA,2023-09-13T14:23:23,Active
97,Aaron,Robinson,cust_97_williamsmelvin@example.org,870.672.8679x08740,1992-07-03,Male,,Germany,2026-06-22T07:34:57,Inactive
98,Christopher,Brandt,cust_98_desireebailey@example.org,7178046226,1992-03-28,Female,Kanefurt,USA,2024-08-06T13:04:50,Active
99,Adam,Johnson,cust_99_steven86@example.net,,1981-06-27,,Ricebury,Kosovo,2026-07-20T20:24:20,Active
100,Arthur,Harper,cust_100_sanchezbradley@example.com,837.252.4310,1971-08-17,Female,East Carlos,Germany,2025-07-11T15:50:34,Active
101,Robert,Hill,cust_101_conniesimmons@example.com,+1-730-528-4395,1958-11-14,,Nancyhaven,Albania,2023-12-10T09:04:14,Active
102,Steven,Brown,cust_102_jfaulkner@example.net,(568)556-6246x287,1964-10-20,Female,Meredithberg,USA,2026-06-05T17:30:45,Active
103,Emily,Robinson,cust_103_mollycook@example.org,(834)235-1751x8304,1970-02-03,,East Lindashire,USA,2026-01-30T04:03:23,Active
104,Steven,Wong,cust_104_jose87@example.com,717.639.3638,1962-05-22,Male,,Switzerland,2024-08-14T08:05:54,Inactive
105,Ashley,Sanchez,cust_105_jonathan77@example.com,001-875-635-5609x3204,1967-02-16,Male,East Mark,USA,2024-08-13T01:27:11,Active
106,Jasmine,Smith,cust_106_nbrooks@example.net,001-252-828-7280x8010,2001-01-19,,Port Crystal,USA,2023-04-16T14:01:42,Active
107,Samantha,Warren,cust_107_jamesfox@example.com,+1-677-200-8860x084,1973-11-14,,Drakeburgh,USA,2023-06-16T05:51:41,Inactive
108,George,Porter,cust_108_vnewman@example.net,(815)867-9334x1016,1962-03-03,,Browntown,Germany,2025-12-27T19:57:59,Inactive
109,Jennifer,Sanders,cust_109_evansanne@example.net,703.239.7401x48902,1982-02-28,Male,New Douglas,Germany,2026-06-28T21:34:06,Inactive
110,Vanessa,Ramsey,cust_110_brian63@example.org,,1978-11-09,Female,Patrickberg, kosovo,2026-05-12T23:54:16,Active
111,Christopher,Montgomery,cust_111_jennifermiller@example.org,+1-899-865-0477x358,1981-07-15,,Lake Brenda,USA,2024-08-13T10:08:16,Active
112,William,Garcia,cust_112_gomezchristopher@example.net,001-326-455-1104x754,1977-10-03,Female,East Ryanside,USA,2025-05-11T18:12:22,Active
113,Gary,Hill,cust_113_todd15@example.com,(404)666-1839x8262,1972-06-17,Female,Josephberg,USA,2023-04-09T06:46:13,Inactive
114,Malik,Valentine,cust_114_timothythompson@example.com,001-879-793-7124x0659,1977-05-25,Female,Cookberg,USA,2024-04-11T17:02:21,Active
115,Lauren,Guerra,cust_115_fuenteslaura@example.com,479-235-6465x1939,2001-06-22,,Hahnborough,Albania,2024-11-12T02:47:07,Active
116,Danielle,Miller,cust_116_dianekelly@example.net,824.834.2661x7979,1997-05-16,Male,Port Tanyaside,Kosovo,2025-07-11T11:12:43,Active
117,Neil,Ford,cust_117_michaeljohnson@example.org,5965561014,1975-10-14,Female,,Kosovo ,2024-11-23T11:49:44,Active
118,Marie,Cross,cust_118_larry73@example.net,,1988-07-17,Male,Knappland,Switzerland,2023-06-30T07:22:42,Active
119,Mark,Simmons,cust_119_zhall@example.net,(371)477-5140x105,1968-03-25,Female,New Greg,Germany,2023-09-06T18:17:31,Inactive
120,Lindsey,Brown,cust_120_lloydamanda@example.com,(866)209-3796,1977-11-11,Male,East Joshua,Switzerland,2025-12-29T06:03:53,Active
121,Gerald,Nunez,cust_121_samantha91@example.net,871.347.8596,1964-10-17,,Michaelmouth,Albania,2025-08-17T00:56:56,Active
122,Samantha,Arias,cust_122_angelaburns@example.org,813-841-2528x66929,1968-05-30,Male,South Cynthia,Switzerland,2025-12-13T05:03:11,Active
123,Anthony,Juarez,cust_123_antonio38@example.com,979-805-0723x68876,1967-02-15,,Burnsland, usa,2025-05-28T07:33:28,Active
124,William,Armstrong,cust_124_kimberly58@example.org,,2007-05-26,Female,Cunninghamfort,USA,2025-05-03T23:16:39,Active
125,Hannah,Callahan,cust_125_imartin@example.org,001-978-336-1340x7451,1969-10-05,,East Lisa,USA,2025-07-02T07:23:29,Active
126,Amber,Morris,cust_126_keith48@example.net,,1962-02-27,Female,New Michaelview,Kosovo,2025-07-16T04:28:02,Inactive
127,Robert,Hayes,cust_127_powellkara@example.net,(560)842-2325,1980-10-17,,Thomasview, albania,2025-09-02T06:33:30,Active
128,Amy,Anderson,cust_128_rkramer@example.org,875.590.1751x863,1958-10-21,Male,Adamsport,Germany ,2024-06-08T16:25:29,Active
129,Kevin,Baxter,cust_129_clarence54@example.org,570-412-7706,1980-12-25,,,Kosovo,2025-10-06T17:39:07,Active
130,Heather,Woods,cust_130_patrickcross@example.org,+1-520-964-3611x03712,1962-09-14,Male,North Heatherville,Kosovo,2024-10-18T01:00:16,Active
131,Kaitlin,Gillespie,cust_131_fheath@example.org,754-526-2218x90927,1965-03-17,Male,,,2025-09-02T16:31:15,Active
132,Leonard,Taylor,cust_132_deanna38@example.net,,1996-07-05,Female,New Jessicastad,USA,2024-10-29T00:46:21,Active
133,Brittney,Rice,cust_133_hatfieldsarah@example.org,001-594-904-3898x3640,1982-01-01,Female,Rodriguezfort,Switzerland ,2025-09-18T05:26:00,Active
134,Raymond,Mitchell,cust_134_zhenderson@example.org,001-365-282-7109,1999-04-08,Male,Jasonton,Germany,2026-05-11T02:51:50,Active
135,William,Harris,cust_135_amandamyers@example.net,,2007-08-14,,West Christopher,Albania,2023-05-03T18:08:14,Active
136,Jacqueline,Martin,cust_136_alexandra42@example.com,+1-214-663-0316x1799,1964-04-25,Female,North Alexander,Switzerland,2023-08-02T03:37:35,Active
137,Eric,Ayala,cust_137_perezwilliam@example.org,001-941-705-6481x4917,1956-07-07,,South Micheleburgh,Kosovo,2024-07-25T04:23:38,Active
138,Margaret,Duncan,cust_138_shawrachel@example.org,807.556.2208,1970-11-13,Female,Johnmouth,Albania,2024-02-26T09:13:46,Active
139,Kiara,Collins,cust_139_tranalan@example.org,,1975-07-10,Female,South Caseymouth,Germany,2024-03-14T13:09:46,Active
140,Micheal,Bonilla,cust_140_jessicapayne@example.org,,1965-12-04,,Jodibury,Germany,2024-12-21T16:26:26,Active
141,Travis,Brown,cust_141_jenniferdavis@example.org,8606385050,1991-01-18,Female,East Alyssabury,Switzerland,2024-10-14T03:52:08,Inactive
142,Phillip,Decker,cust_142_louis43@example.org,(457)519-1826x19906,1969-06-22,Male,Josemouth,Switzerland,2026-05-29T00:36:54,Active
143,Kyle,Baker,cust_143_davislindsey@example.com,(891)321-2775,2003-08-20,Female,Tamiborough,Switzerland,2024-12-03T00:41:23,Active
144,Angela,Pierce,cust_144_murraylinda@example.org,001-690-635-2135x680,1963-12-11,,North Stephanie,Albania,2024-12-03T11:16:53,Active
145,David,Stein,cust_145_david70@example.org,6033236519,1994-09-24,Male,North Jamesmouth,GERMANY,2026-06-11T04:50:28,Active
146,Bruce,Ramirez,cust_146_robertday@example.net,(267)506-6253x24472,1972-08-19,Male,Victorside,Switzerland,2025-01-14T03:34:03,Active
147,Virginia,Stephens,cust_147_mayokimberly@example.com,,1988-04-27,,,USA,2025-09-06T20:13:40,Active
148,Marc,Nelson,cust_148_floresjeffery@example.com,,1959-09-01,,Coopershire,Switzerland,2025-02-19T10:34:41,Active
149,Linda,Wolfe,cust_149_warnermichael@example.net,885.793.2133x4803,1994-01-12,,East Joel,,2024-05-09T00:03:43,Active
150,Timothy,Rivera,cust_150_lindsaypeterson@example.org,(393)278-4270,1977-09-12,Male,New Jeffery,USA,2025-03-28T19:25:23,Active
151,Jessica,Kim,cust_151_lbanks@example.net,7028921851,1993-12-03,,West Kevinberg, albania,2023-09-02T16:10:13,Active
152,Tammy,Walker,cust_152_zunigadonald@example.net,001-895-239-2644x220,1960-12-21,Male,New Lucas,USA,2026-06-10T10:30:27,Active
153,Aaron,Cruz,cust_153_acosta@example.com,555.521.5704,1981-06-13,Male,West Jonathanville, albania,2026-01-24T02:57:55,Active
154,Timothy,Shields,cust_154_franciscojones@example.org,,1975-09-30,,Amyville,Kosovo,2026-07-11T12:09:49,Active
155,Anthony,Dunlap,cust_155_catherinehamilton@example.org,3543115262,1962-07-27,Male,Brookefort,Albania,2025-12-30T09:50:13,Active
156,Heidi,Bowen,cust_156_donna43@example.org,,1959-01-21,Male,Jamieborough,Kosovo,2024-09-27T19:03:33,Active
157,Thomas,Wilson,cust_157_qruiz@example.com,(598)372-0506x1497,1961-11-18,,East Georgeport,USA,2023-05-08T06:47:56,Active
158,Heather,Davis,cust_158_lindsey69@example.org,+1-686-525-6527x0477,1993-05-08,,Anneberg,usa,2026-03-14T13:21:31,Active
159,Tammy,Mcdaniel,cust_159_parmstrong@example.com,,1976-01-07,,Port Paulhaven,Usa ,2024-10-12T07:44:05,Active
160,James,Williams,cust_160_mcneilryan@example.net,360-989-8992,1965-09-28,,East Teresa,Switzerland,2026-06-09T21:36:01,Active
161,Ashley,Aguilar,cust_161_buckleyanna@example.org,+1-945-211-6868x548,1975-02-23,,Rodriguezberg,Kosovo,2023-08-19T05:17:12,Active
162,Randy,Koch,cust_162_brandonalvarez@example.com,+1-256-446-7997,1981-01-09,Male,Richardfurt,Germany,2023-03-02T05:55:03,Active
163,Debbie,Lopez,cust_163_robinrussell@example.com,6549447132,2007-05-13,Female,Josephchester,Albania,2025-07-28T19:15:24,Active
164,Brian,Johnson,cust_164_hulljanet@example.com,550.582.1486x28902,1980-09-29,Female,, albania,2026-07-24T04:45:08,Active
165,Mariah,Davis,cust_165_hughesfrank@example.net,786.710.3579x727,1970-04-06,Female,Port Patricia,Kosovo,2026-03-09T11:17:41,Active
166,Tammy,Day,cust_166_wwoodard@example.com,433.446.8007,1972-10-29,,East Johnnyport, usa,2026-01-12T04:53:28,Active
167,Matthew,Hill,cust_167_michelle44@example.org,774.689.6910,1965-11-18,Female,Gabriellefort,switzerland,2023-04-10T04:01:04,Active
168,Amanda,Glover,cust_168_william28@example.org,230.596.5207x44666,1975-09-03,,Jessicabury,USA,2025-12-02T03:47:37,Active
169,Jorge,Carter,cust_169_ruizmichelle@example.net,772-548-2513,1995-03-03,Male,Robertmouth,Switzerland ,2024-07-31T09:19:31,Active
170,Douglas,Huffman,cust_170_kimberlyfreeman@example.net,+1-417-538-1684x602,1967-09-17,,Robertshire,Switzerland,2024-12-11T19:29:58,Active
171,Benjamin,Gonzalez,cust_171_stephanie58@example.org,800-874-3292x71296,1956-11-24,Female,Sanfordfurt,Switzerland,2023-01-08T06:04:41,Active
172,Alexandria,Hamilton,cust_172_matthewvalenzuela@example.com,+1-203-635-4216x89421,2006-09-22,,Stephenhaven,Kosovo,2025-07-15T10:16:55,Active
173,Nancy,Scott,cust_173_wheelerbrandon@example.org,426.303.3230,2000-02-26,Female,Jenniferton,USA,2024-08-05T20:11:15,Active
174,Heather,Mccoy,cust_174_robert18@example.com,9014676184,1998-01-22,Male,,Albania,2023-11-16T05:24:20,Inactive
175,Ethan,Kelley,cust_175_haleycastillo@example.org,+1-526-618-9141x173,1955-11-13,Male,West Jade,switzerland,2024-04-03T19:29:27,Inactive
176,Joseph,Williams,cust_176_morganphelps@example.com,3116972181,2001-09-25,Female,South Vanessa,USA,2024-04-04T20:30:24,Active
177,Joseph,Cruz,cust_177_pmarsh@example.org,761-710-0225x57941,1963-05-17,Female,North Richard,Albania,2024-12-10T04:59:45,Active
178,Samantha,Rodriguez,cust_178_ealexander@example.com,(402)816-9797,2000-04-01,Female,Cherylberg,USA,2025-01-20T10:30:53,Active
179,Brian,Schneider,cust_179_williamharrison@example.com,708-899-3588x91637,1966-12-08,,Port Margaret,Switzerland,2025-08-10T03:05:26,Inactive
180,Tara,Williams,cust_180_andreagray@example.org,,1961-01-16,Female,Port Travisbury,Switzerland,2024-05-29T00:39:13,Inactive
181,Cassandra,Montgomery,cust_181_pamela83@example.net,879.871.7751x701,2001-05-16,,New Andrealand,Kosovo,2026-05-14T23:49:13,Inactive
182,Michael,Schultz,cust_182_amy51@example.org,955.303.7589x975,1966-11-07,,Port Donnatown, albania,2024-06-14T06:42:56,Active
183,Kelsey,Hayes,cust_183_tamarasmith@example.net,726.314.9331x6373,1958-12-26,,Williamsshire,Albania,2023-07-11T09:56:39,Active
184,Kimberly,Kent,cust_184_jessicaanderson@example.com,,2000-06-03,,Robersonfort,Kosovo ,2025-02-28T16:01:26,Active
185,William,Cameron,cust_185_jennifer83@example.org,+1-995-486-6934x654,1969-12-13,,South Carrie,kosovo,2026-03-08T15:22:33,Inactive
186,Anthony,Thomas,cust_186_gonzalezkaren@example.org,+1-845-622-8851x587,1975-03-08,Male,Stokeshaven,USA,2023-06-15T09:30:24,Active
187,Kristen,Harris,cust_187_howardshaun@example.net,,2001-08-25,,Dwayneton,Albania,2025-12-08T19:14:31,Active
188,Jeremiah,Schultz,cust_188_kari89@example.org,001-283-286-3840x6665,2008-06-30,Female,Jamesmouth,Kosovo,2026-07-13T08:01:37,Active
189,Eugene,Singleton,cust_189_riverajenna@example.org,001-634-672-1228x1606,1958-05-25,,,USA,2023-07-22T01:13:54,Active
190,Sarah,Gilbert,cust_190_tracy98@example.com,,1960-08-21,Female,West Candice,USA,2026-04-16T20:10:14,Active
191,Martin,Ward,cust_191_stephaniemontgomery@example.com,001-858-332-8182x688,1993-11-17,Female,Jeffreyborough,Switzerland,2025-10-27T10:54:06,Active
192,Rebecca,Austin,cust_192_susanfleming@example.com,,1981-08-19,Male,North Elizabethmouth,Kosovo,2024-01-09T08:49:05,Active
193,Sierra,Cruz,cust_193_angel85@example.net,,1990-04-19,Female,,Albania,2026-05-21T20:43:58,Active
194,James,Palmer,cust_194_jacksonstephanie@example.net,,1991-12-18,,Tuckerport,USA,2025-10-09T02:43:54,Active
195,Charles,Thompson,cust_195_angela93@example.com,3134361386,1983-06-02,Female,South Jenniferton,Germany,2023-05-16T23:00:56,Active
196,Leslie,Price,cust_196_nicholsdarlene@example.net,,1959-12-25,,Hayesfurt,Kosovo,2024-11-03T16:20:36,Active
197,Julie,Robles,cust_197_susan24@example.net,001-890-215-8144x91476,2005-04-23,Female,Moorebury,Kosovo,2023-07-31T20:40:09,Active
198,Maurice,Gutierrez,cust_198_eugenewalker@example.com,+1-350-688-2100x9968,1968-11-26,,Lake Judith,Albania,2026-02-01T16:54:21,Active
199,Michael,Lambert,cust_199_craigharvey@example.org,329-608-7814,1977-04-21,Female,East Jessicafort,Kosovo,2024-05-28T23:01:00,Active
200,Danielle,Hill,cust_200_dennis57@example.com,275.794.9299x5562,1985-12-26,,Port Jeffrey,Germany,2026-02-23T06:20:51,Active
201,Daniel,Brewer,cust_201_wilkinsonmichele@example.org,,1992-05-01,,Kimfort,USA,2025-05-06T23:48:59,Active
202,Andrea,Stephens,cust_202_jvaldez@example.com,841.510.8099,1982-05-22,Female,,Germany,2023-02-26T22:38:46,Active
203,Gabrielle,Todd,cust_203_seanwhite@example.net,794.227.8816,2000-07-20,,Port Tamara,USA,2025-08-11T20:55:13,Active
204,Billy,Juarez,cust_204_bryanwood@example.org,,2001-03-05,,Lake Jessica,Kosovo,2024-07-11T08:52:02,Active
205,Nicholas,Gray,cust_205_blacknicholas@example.org,385.667.7005,1990-10-26,Male,Bethshire,Kosovo,2023-09-28T01:35:27,Active
206,Jennifer,Wilson,cust_206_robertrivera@example.org,(655)577-9082x7231,1988-06-12,,East Eric,Kosovo,2025-07-24T04:56:33,Active
207,Deborah,Jenkins,cust_207_bradleyberry@example.org,,1964-11-05,,Mendozashire,Switzerland,2023-09-08T11:41:46,Active
208,George,Greer,cust_208_laurahoover@example.org,+1-280-692-0242x8699,1998-02-02,,East Shanefort,Albania,2025-01-18T05:53:58,Active
209,Thomas,Mendez,cust_209_richamanda@example.org,+1-284-525-7991x36621,1962-01-08,,Serranoville,Kosovo,2023-10-03T14:46:42,Active
210,Aaron,Pace,cust_210_xboyd@example.org,,2003-02-26,,Hopkinsside,Albania,2026-07-09T12:14:53,Active
211,Kayla,Bell,cust_211_colemanjonathan@example.org,,1961-05-20,,Perezfort,USA,2026-05-11T12:45:56,Inactive
212,Ronald,Richards,cust_212_melissa69@example.com,898-564-3009x8180,1997-04-26,Female,Robertville,Kosovo,2023-08-29T10:33:49,Active
213,Devin,Shields,cust_213_adkinssean@example.net,663-668-8725x887,1966-09-09,Male,Kimfurt,USA,2026-02-16T23:57:26,Active
214,Caleb,Walker,cust_214_lynchjenny@example.com,838-265-8902,1997-06-17,,Port Dustinchester,Switzerland,2023-05-17T22:07:23,Inactive
215,Diana,Cantrell,cust_215_sheakimberly@example.com,+1-284-590-2770x3843,2001-04-01,,Lake Barry,,2024-01-07T16:08:00,Inactive
216,Sarah,Andrews,cust_216_gregory81@example.net,(769)638-0118x4895,1960-08-09,,New Sylvia,Germany,2024-12-07T10:38:40,Active
217,Darren,Jones,cust_217_ericahall@example.com,745.918.4894x76973,1983-09-29,,Mosleytown,Switzerland,2025-01-18T17:09:00,Active
218,Zachary,Smith,cust_218_john16@example.net,,2006-08-20,Male,,Albania,2024-07-02T12:22:58,Active
219,John,Montgomery,cust_219_kimberlywilson@example.org,518-527-5539x42373,2001-09-01,,Jamieborough,,2026-07-21T00:50:14,Inactive
220,Brian,Lloyd,cust_220_cayers@example.net,+1-479-608-0759x57947,1979-04-24,Female,Walkershire,Kosovo,2023-07-19T05:21:20,Active
221,Joseph,Mullen,cust_221_michael76@example.org,(727)718-7500x3691,1984-03-13,,Jacobview,Switzerland,2024-01-04T09:11:18,Active
222,Lauren,Rodgers,cust_222_lshaffer@example.com,001-655-564-7292x931,1989-09-04,Male,Chaseborough,Switzerland,2023-08-15T13:26:54,Active
223,Jennifer,Floyd,cust_223_john90@example.com,,1962-06-01,,Port Crystal,Switzerland,2025-04-09T12:18:49,Active
224,Barbara,Banks,cust_224_tiffanymitchell@example.com,001-620-734-7175x455,2001-06-28,Male,South Davidborough,USA,2025-06-15T02:40:00,Inactive
225,Patrick,Mitchell,cust_225_mirandadavidson@example.com,,1984-05-20,Male,Hamptonmouth,USA,2023-05-02T19:14:39,Active
226,Brenda,Sheppard,cust_226_bjackson@example.org,+1-899-661-1253x5544,2005-03-15,Female,Normanstad,Kosovo,2026-03-07T19:33:54,Active
227,Jose,Moore,cust_227_pparker@example.net,941.232.6111,1975-01-07,Female,Port Randyland,Switzerland,2023-06-11T10:43:54,Active
228,Carla,Welch,cust_228_omills@example.net,622.982.0055x778,1976-10-01,,Lake Amber,USA,2025-07-06T19:46:24,Active
229,Alan,Weeks,cust_229_xevans@example.com,(278)231-7456x424,1975-08-12,Female,West Justin,USA,2025-04-11T05:55:57,Active
230,John,Duran,cust_230_justin84@example.com,+1-830-885-3686x632,1968-06-21,,West Christian,USA,2025-08-29T09:43:54,Active
231,Andrew,Compton,cust_231_joseph70@example.org,922-541-7974,1961-10-25,Male,Andrewton,Albania,2025-04-11T01:09:19,Active
232,Joseph,Long,cust_232_martinezkayla@example.org,(907)235-6475,1981-11-12,Male,Christopherberg,ALBANIA,2023-03-29T01:15:39,Active
233,Michael,Williams,cust_233_teresayoung@example.com,001-273-303-7183x76452,1977-10-05,,Timothyport,Albania,2023-11-05T16:57:14,Inactive
234,Vincent,Parks,cust_234_sarah00@example.com,9244916300,1999-07-17,Male,Kellibury,USA,2023-09-02T23:25:28,Active
235,Hannah,Howard,cust_235_johnwilliams@example.net,(981)527-3585,1985-06-14,Female,,Switzerland,2023-02-03T04:05:28,Active
236,Casey,Moore,cust_236_lori85@example.com,+1-748-973-9285,1955-09-23,Male,Mikaylaside,Kosovo,2023-09-07T02:02:08,Inactive
237,Melissa,Parsons,cust_237_malikbrown@example.net,,1982-01-18,Female,Grosstown,Albania,2025-08-20T17:22:50,Inactive
238,Sharon,White,cust_238_harristodd@example.org,787.382.9456,1957-11-04,Male,New Donnaton,Switzerland,2026-07-21T10:15:54,Active
239,Laurie,Brown,cust_239_yshort@example.net,001-567-389-9405,1959-08-25,,East Dianaland,albania,2024-12-28T02:30:34,Active
240,Colleen,White,cust_240_xreese@example.net,+1-848-501-4138x113,1994-11-30,Male,New Diane,kosovo,2025-06-04T12:10:18,Active
241,Andrea,Shea,cust_241_robert65@example.net,(976)712-2868x528,1972-01-23,Male,,USA,2024-05-04T13:49:47,Active
242,Victoria,Turner,cust_242_tracey35@example.org,001-883-268-4577,2008-03-07,Male,West Caitlinhaven,Switzerland,2023-07-29T20:21:36,Inactive
243,Jesse,Shepherd,cust_243_duncanashley@example.org,001-448-488-9921x075,2005-08-24,,Michaelshire,Kosovo,2024-01-24T03:20:26,Active
244,Nichole,Hamilton,cust_244_kanejeremy@example.net,257-827-9194,1996-08-31,,Port Brianmouth,Albania,2024-06-24T11:46:41,Active
245,Kevin,Williams,cust_245_markwolfe@example.org,,1959-02-12,Female,Lake Kimberlyfurt,USA,2023-03-26T02:02:10,Active
246,Warren,Ayala,cust_246_kathleencastillo@example.org,+1-367-999-8136x46225,1988-11-16,,New Raymondland,Switzerland,2024-09-11T02:09:53,Inactive
247,Malik,Wheeler,cust_247_carrillogary@example.com,(393)389-8331x4659,1997-08-12,,Hendersonstad,Switzerland,2023-10-23T21:58:20,Active
248,Shannon,Johnson,cust_248_jodylewis@example.net,592.470.3352x110,1991-04-15,Male,Alexanderville,Kosovo,2024-04-18T23:37:31,Active
249,Paul,Nelson,cust_249_michelle04@example.net,001-648-579-2069x80420,1981-12-25,Female,Briantown,USA,2023-04-14T10:56:44,Active
250,John,Moreno,cust_250_tracy20@example.com,468.515.7981,2002-03-31,Female,Castrotown,Kosovo,2023-03-03T18:04:37,Inactive
251,Penny,Sandoval,cust_251_blairabigail@example.net,(554)438-4046x084,1997-05-10,Male,,usa,2024-06-14T22:42:40,Active
252,Janet,Mills,cust_252_russellstout@example.org,+1-536-439-2649x5782,2000-05-02,,Port Devin,Albania,2025-12-05T14:20:12,Active
253,Kevin,Reese,cust_253_edwin31@example.org,001-425-218-8125,1968-04-01,Female,Nicolechester,Switzerland ,2024-09-30T20:34:37,Inactive
254,Wayne,Jacobs,cust_254_jack67@example.com,5995499939,1965-01-13,Female,West Christopherfort,Germany,2023-07-28T07:06:42,Active
255,Tracy,Nguyen,cust_255_bclay@example.com,(533)506-0463,2008-07-01,,East Saramouth,Kosovo,2025-08-16T13:38:25,Active
256,Stephen,Rich,cust_256_aprilfoster@example.net,2963569998,1958-05-08,,,Switzerland,2024-12-02T13:13:33,Active
257,Hannah,Mckee,cust_257_cgallegos@example.org,+1-668-903-4764,2004-11-08,,South Kelly,,2023-03-26T17:38:49,Active
258,John,Holt,cust_258_jennifermartinez@example.org,512.998.2665x70279,2003-09-27,Male,,Switzerland,2023-05-21T02:08:29,Active
259,Kayla,Williams,cust_259_kyle74@example.net,451.786.8926x860,1967-12-23,,East Misty,Switzerland,2023-10-05T20:38:10,Active
260,Thomas,Ortiz,cust_260_burkeadam@example.net,923-209-4077,1974-08-09,Female,Youngshire,Switzerland,2025-10-21T10:50:48,Active
261,Emily,Carr,cust_261_tammycurry@example.com,+1-683-702-2050x209,1958-02-12,,North Danielburgh,USA,2023-09-08T15:00:47,Inactive
262,Mark,Gutierrez,cust_262_heathersalazar@example.org,645-956-1681,1994-07-24,,North Heather,USA,2024-03-02T07:03:53,Active
263,Lindsey,Stephenson,cust_263_jeanettekrause@example.org,001-781-479-4695x4899,1963-09-22,,Stonefort,Kosovo,2025-02-04T01:53:48,Active
264,Kristy,Parker,cust_264_katie15@example.com,7715396605,1982-08-18,Female,Lake Jamesport,Kosovo,2024-01-31T05:22:21,Inactive
265,Matthew,Chambers,cust_265_probles@example.org,,1988-06-11,Female,Port Gregorymouth,Albania,2026-07-19T07:15:37,Active
266,Paula,Ford,cust_266_dreilly@example.net,,1976-01-19,,Lake Steven,Switzerland,2025-04-14T03:36:03,Active
267,Mary,Morgan,cust_267_ksims@example.net,001-358-480-3955,1996-11-23,Female,,Germany,2024-03-11T16:18:27,Active
268,Neil,Johnson,cust_268_robinwallace@example.org,(929)614-5046x1735,1988-07-10,,New Kevin,Switzerland,2023-06-24T08:17:06,Active
269,Melanie,Wiggins,cust_269_steven01@example.net,923.857.8452x18230,2007-10-26,,North Larryton,USA,2025-12-03T07:10:02,Active
270,Susan,Castro,cust_270_clarkmichael@example.com,+1-340-694-3533x44857,1974-02-15,Female,East Joshua,Switzerland,2023-01-24T16:48:41,Active
271,Brent,Reyes,cust_271_simmonsharold@example.net,(949)232-1495,1996-01-07,,North Thomas,Albania ,2025-11-15T08:18:50,Active
272,Jesse,Walker,cust_272_roberta62@example.net,+1-979-354-5381x7921,2000-12-11,Male,Collinsmouth,Albania,2024-12-31T23:13:18,Active
273,Angela,Jones,cust_273_amanda69@example.com,457-370-1715x77245,1971-11-30,,Rothville,kosovo,2024-05-21T05:18:14,Active
274,Sarah,Andrews,cust_274_mwilson@example.com,+1-738-527-6153x966,1977-10-27,,Lake Elizabeth,Germany,2026-02-22T13:36:04,Active
275,Chad,Rodriguez,cust_275_pmurphy@example.net,,1959-11-12,Female,Port Seanport,kosovo,2024-09-22T09:05:08,Active
276,Ashley,Gentry,cust_276_samantha65@example.org,632-890-2278,1995-05-02,,Gonzalezmouth,germany,2024-04-10T14:56:35,Inactive
277,Joe,Park,cust_277_tgarrett@example.com,2982624058,1983-04-23,Female,Danielport,USA,2023-02-18T10:39:05,Active
278,Glenn,Taylor,cust_278_xbridges@example.com,,1966-03-06,,Grahamborough,Switzerland,2025-10-26T03:19:35,Active
279,Lori,Cruz,cust_279_jacobjacobs@example.net,922-801-0276x2126,1989-07-30,Male,South William,Kosovo,2025-05-07T13:55:00,Active
280,Kimberly,Marshall,cust_280_millschelsea@example.org,001-338-946-8950x0975,1987-10-30,,East Jessicahaven,,2026-03-11T23:43:58,Active
281,Judith,Horne,cust_281_suttonamber@example.net,,1976-12-11,Female,,USA,2025-09-06T16:48:54,Active
282,Kristen,Green,cust_282_klane@example.org,+1-705-680-7787x956,2000-05-04,Male,Garyport,Switzerland,2026-02-03T07:28:11,Inactive
283,Greg,Vargas,cust_283_donnawood@example.org,690-647-1281x4429,1973-06-16,,Alexisville,Germany ,2025-07-27T00:05:55,Inactive
284,Gary,Lane,cust_284_brian41@example.org,001-837-828-0512x927,1967-01-31,Male,Lake Scott,Germany,2025-09-17T10:30:23,Active
285,Erika,Nixon,cust_285_davisamanda@example.com,867.247.8366x742,1985-01-23,Female,Saramouth,Kosovo,2024-08-16T10:08:41,Active
286,Alan,Jones,cust_286_gdavis@example.net,+1-545-744-1496x739,1986-01-09,,West Amy,Kosovo,2025-11-11T03:52:17,Active
287,Kathryn,Wong,cust_287_pauladominguez@example.com,(334)343-0091x093,1975-09-22,,Port Cassandrafurt,,2025-10-16T16:09:55,Active
288,Scott,Vasquez,cust_288_chelseywhite@example.com,817.746.5421x406,1963-01-22,Female,West Stephanieview,Kosovo,2023-10-04T09:41:31,Active
289,Peggy,Hernandez,cust_289_fitzpatrickelizabeth@example.com,(286)339-1741,1965-12-30,,New Jessicamouth,Germany,2023-01-30T03:36:07,Active
290,Ashley,Donovan,cust_290_mathew46@example.org,001-556-290-8776x618,1998-09-15,Male,Finleyfort,Germany,2023-07-08T06:47:58,Active
291,Maureen,Hodges,cust_291_deborah28@example.org,,1981-10-27,Male,West Amandamouth,Switzerland,2023-05-05T23:38:46,Inactive
292,Kyle,Ferguson,cust_292_blevy@example.org,+1-534-961-5717x32030,1978-10-07,,Brownside,usa,2025-09-26T11:58:31,Active
293,Andrew,Meadows,cust_293_sanchezdeborah@example.org,4505613878,1967-05-27,,North Jillfort,Switzerland,2025-10-12T16:36:22,Active
294,Tina,Gregory,cust_294_david98@example.org,+1-504-317-9291x1179,1977-07-25,Female,South Matthew,USA,2026-07-22T12:27:34,Active
295,Sara,Williams,cust_295_moodycrystal@example.com,809.425.1142,2008-08-06,Female,Angelamouth,Switzerland,2024-01-14T11:43:45,Active
296,Adam,White,cust_296_mannbrittney@example.com,,1984-01-02,,North Nichole,USA,2023-05-06T09:33:25,Active
297,Margaret,Turner,cust_297_psmith@example.org,001-272-432-4876x329,1963-09-04,,Salazarland,Kosovo,2025-09-01T07:23:58,Active
298,Brian,Diaz,cust_298_ryancook@example.com,919.958.8373x40312,1958-08-17,Female,East Elizabeth,Switzerland,2023-03-08T23:27:58,Active
299,James,Rhodes,cust_299_jerry15@example.org,308-522-0781,1962-05-09,Female,Watkinsmouth, switzerland,2024-10-12T23:55:23,Active
300,Gregory,Brooks,cust_300_ocortez@example.com,263.863.1797,1974-01-12,,East Sarah,Germany,2024-12-07T19:17:21,Active
301,Ashley,Ramirez,cust_301_yorkstephen@example.org,,2007-06-03,Female,West David,Kosovo,2025-12-11T07:28:44,Active
302,Monique,Wright,cust_302_lriley@example.org,534-992-9298x31687,1994-09-20,,Ramirezchester,Switzerland,2026-02-17T14:44:13,Active
303,Karen,Steele,cust_303_idodson@example.com,8609078068,1975-10-22,Male,South Tylerland,Switzerland,2025-05-17T13:54:11,Active
304,Kristy,Wood,cust_304_apadilla@example.net,210.974.2799,1960-06-28,,Ingramfurt,switzerland,2023-10-15T07:16:36,Active
305,Patricia,Cook,cust_305_phillipskaren@example.net,,1997-05-11,Female,,Switzerland,2024-08-20T21:20:20,Active
306,Michael,Wong,cust_306_castrokim@example.org,+1-293-319-5085,1978-06-21,Female,Diazton, switzerland,2024-07-21T21:28:48,Active
307,Jo,Goodwin,cust_307_karenhodges@example.com,,1979-09-06,Male,New Daniel,Albania,2025-01-13T07:31:45,Active
308,Emily,Steele,cust_308_lopeznicole@example.org,386-940-1557x788,1961-02-18,Female,Shannonstad, albania,2026-05-27T14:34:39,Active
309,Thomas,Fisher,cust_309_carterbryan@example.org,(224)611-2412x7238,1991-01-15,,Montesside,Kosovo,2023-07-25T02:20:13,Active
310,Debbie,Nguyen,cust_310_kellis@example.org,,1976-07-14,,Robertmouth,Kosovo,2025-10-15T16:31:24,Active
311,Christine,Martin,cust_311_ian22@example.org,(643)975-4025,1971-11-14,,,Kosovo,2023-09-16T10:27:53,Active
312,Shane,Cantrell,cust_312_david06@example.com,505-292-7452,2007-12-23,,Tiffanyberg,Germany,2024-08-02T07:16:35,Active
313,Matthew,Rodriguez,cust_313_imccullough@example.net,(975)620-8854,1993-03-04,Female,Port Annette,USA,2024-11-17T18:53:20,Active
314,Shari,Ramirez,cust_314_millermelissa@example.net,740-269-3751,2001-05-18,,New Alicia,USA,2026-04-28T16:21:16,Active
315,Paul,Smith,cust_315_michael78@example.org,286-737-5998,1970-05-11,Female,Hernandezchester,Albania ,2024-07-28T04:48:14,Inactive
316,Carl,Choi,cust_316_adavis@example.net,001-576-674-2662x9912,1974-04-12,Male,Mcneilhaven,USA,2024-06-05T01:14:33,Active
317,Jose,Blanchard,cust_317_qmartinez@example.com,(628)979-2326x48704,1984-01-25,,Walkertown,Albania ,2023-08-28T06:25:47,Active
318,Loretta,Brooks,cust_318_brucefrancisco@example.org,(773)901-4719,1965-08-16,Female,Oneillfort,USA,2025-12-14T11:19:59,Active
319,Gary,Morris,cust_319_margaret44@example.net,372-552-0456x50448,2003-03-06,,Port Cody, kosovo,2026-03-15T04:01:28,Active
320,Jeffery,Gordon,cust_320_laurahansen@example.net,001-951-889-5202x845,1991-06-14,Male,Samanthaburgh,USA,2023-06-09T02:24:52,Active
321,Lori,Mclean,cust_321_sbailey@example.com,,1965-02-20,,South Stevenland,Albania,2023-07-01T01:52:56,Active
322,Hannah,Bowers,cust_322_smithtodd@example.com,698.452.4013x223,1958-07-28,Female,East Tina,Kosovo,2024-10-21T21:52:51,Active
323,Elizabeth,Webster,cust_323_morajamie@example.org,210.389.0714,1968-04-02,Female,,Germany,2024-04-13T14:10:14,Active
324,George,Webster,cust_324_beltrancorey@example.org,+1-350-312-4955x28938,1989-12-27,,New Jayborough,USA,2024-03-13T20:22:58,Active
325,Daniel,Taylor,cust_325_janet80@example.org,001-575-892-7125x663,1978-01-03,Male,Port Traceyville,Kosovo,2024-12-24T18:04:27,Active
326,Alexander,Craig,cust_326_sandersalexandra@example.net,516.347.9473x8646,1961-06-18,Female,Crosbystad,germany,2023-10-06T12:41:14,Active
327,Judith,Stafford,cust_327_calvinhester@example.com,,1969-04-22,,East Ralphshire,Albania,2023-06-08T00:28:36,Active
328,Victor,Hubbard,cust_328_katelyn65@example.com,,2001-01-17,Female,Martinezchester,USA,2026-01-31T13:26:03,Active
329,Erika,Stanton,cust_329_ujacobs@example.org,+1-567-484-2711x477,1976-04-12,Male,North Joanland,Albania,2025-02-12T19:48:55,Active
330,Travis,Owens,cust_330_ebony78@example.com,,1992-08-04,,Port Charleshaven,Albania,2026-04-07T09:09:44,Active
331,Ryan,Edwards,cust_331_hfreeman@example.net,288-400-6167x56770,2001-08-12,Female,Nicoleburgh,Albania,2025-02-02T11:41:16,Active
332,Brandon,Hood,cust_332_lisa90@example.net,888.797.7828x0647,1978-11-25,Female,Luketown,germany,2025-07-06T06:04:18,Inactive
333,Danny,Jackson,cust_333_benjamin69@example.net,(316)355-6503x3349,1984-05-04,Male,,Kosovo,2024-04-18T15:57:37,Active
334,Andrew,Stewart,cust_334_gmorris@example.com,,1962-06-27,Female,Andrewfort,Albania,2025-07-02T09:49:39,Active
335,Kathy,Morgan,cust_335_michael63@example.com,,1998-12-03,Male,West Tyler,Kosovo,2026-06-14T13:18:58,Inactive
336,Megan,Davis,cust_336_joshua98@example.com,583-344-0496,1984-09-28,,,Switzerland,2026-01-19T22:03:01,Inactive
337,Emily,Kelley,cust_337_burtonzachary@example.org,551.848.4685,1994-12-07,Male,Kinghaven,Germany,2024-12-05T01:35:13,Inactive
338,Megan,Jenkins,cust_338_waltersmeghan@example.com,437.548.9690x8357,1975-03-19,Male,Lake Gina,Kosovo,2024-04-11T11:05:18,Active
339,Erik,Taylor,cust_339_kristine48@example.org,+1-924-993-6312x3034,1999-07-11,,Hendersonton,Albania,2023-11-10T18:45:07,Active
340,Daniel,Navarro,cust_340_boydmaria@example.net,8707015941,1972-10-24,Female,South Sherryberg, germany,2024-01-02T16:15:07,Active
341,Michelle,Brown,cust_341_holly15@example.net,313.491.5596x3632,1984-07-08,Female,West Scott,Germany,2024-01-31T01:12:42,Active
342,Gina,Nichols,cust_342_miaprice@example.com,634.825.7540x9003,1973-01-25,Female,Daniellestad,Albania,2026-06-15T18:53:09,Active
343,Marvin,Henderson,cust_343_hollowayholly@example.net,913-843-2756x0417,1960-03-12,Female,,Kosovo,2026-07-30T16:50:49,Inactive
344,Mark,Neal,cust_344_davidsonisaiah@example.com,,1999-04-22,,Robertside,,2026-02-20T02:38:16,Active
345,Laura,Flores,cust_345_irusso@example.com,(406)534-5911,1967-06-26,Female,Port Brooke,Kosovo,2024-09-29T09:41:48,Active
346,Terri,Gonzalez,cust_346_brandonwilliamson@example.net,+1-295-543-1652x66930,1973-05-20,Male,,Germany,2023-05-19T05:17:12,Active
347,Kimberly,Roberts,cust_347_breyes@example.org,(915)929-1086,1996-07-07,,East Jenniferborough,Germany,2026-06-17T14:12:47,Active
348,Gabrielle,Ellis,cust_348_harrisonmonica@example.net,643.562.6204,1982-09-25,Male,Solomonstad,Kosovo,2025-06-24T12:12:06,Active
349,Jon,Harvey,cust_349_tiffany52@example.net,+1-736-269-4118x00537,1958-06-24,,, kosovo,2023-01-09T07:52:19,Active
350,Alyssa,Thomas,cust_350_edwardstiffany@example.com,001-324-728-7572,1974-10-20,,,KOSOVO,2026-01-08T08:14:49,Active
351,Barry,Green,cust_351_fgraham@example.org,001-456-944-9485x6257,1985-09-22,Female,East Edgarbury,Kosovo,2023-10-12T12:00:12,Active
352,Brandy,Bonilla,cust_352_robertjones@example.com,(487)477-1215x134,2001-09-28,,Annashire,,2023-11-26T22:42:09,Active
353,Courtney,Adams,cust_353_riverabradley@example.net,750-441-6591,1986-07-06,Male,North Stevefort,USA,2024-12-06T08:24:59,Active
354,Jason,Williams,cust_354_marcus01@example.net,,1996-08-31,,Staceyshire,Switzerland,2023-07-20T21:24:23,Inactive
355,John,Wise,cust_355_ndavis@example.org,,1982-02-12,Male,Davisview,USA,2023-10-04T12:43:25,Active
356,Anna,Henderson,cust_356_nshepherd@example.org,001-564-921-4764x92515,1985-03-21,Male,Mcclurefort,USA,2024-02-22T01:38:15,Active
357,Christian,Solis,cust_357_edgar24@example.org,+1-661-908-5732x7881,1991-04-11,Female,,Switzerland,2024-11-10T09:47:44,Inactive
358,Daniel,Stanley,cust_358_kristicameron@example.org,(649)708-1081x86617,1961-05-07,,Brendahaven,USA,2023-01-26T06:32:27,Active
359,Amanda,Smith,cust_359_smithdiana@example.com,(645)397-7945x23219,2002-10-03,Male,,Switzerland,2024-11-04T21:11:45,Active
360,Timothy,Thomas,cust_360_ryangarrett@example.net,(597)349-9564x1220,1968-09-02,Female,Lake Taratown,Kosovo,2023-11-22T00:38:25,Active
361,Robert,Wilson,cust_361_joannewallace@example.com,,1987-10-06,Male,West Kaylaberg,Albania,2025-01-06T07:35:38,Active
362,Melinda,Mclaughlin,cust_362_benjamin67@example.net,7792334960,1995-11-25,,Lake Melaniechester,ALBANIA,2024-10-07T17:53:37,Active
363,Troy,Mcmillan,cust_363_shane60@example.org,001-897-930-8069x5814,1975-04-12,Male,,Switzerland,2023-07-01T15:52:00,Active
364,James,Cooper,cust_364_williammatthews@example.net,,1978-10-04,,, usa,2026-02-02T03:02:20,Active
365,Travis,Leon,cust_365_ntorres@example.net,+1-372-946-6572x934,1958-11-18,Male,East James,USA,2025-07-29T23:57:35,Active
366,Tom,Chaney,cust_366_kayla84@example.org,7548522801,2002-08-23,Female,New Jeremyside, switzerland,2023-12-15T02:53:27,Active
367,Stephen,Skinner,cust_367_villegaskimberly@example.net,,1962-08-11,Female,Lake Brentmouth,USA,2026-05-26T04:23:24,Active
368,Rhonda,Moore,cust_368_jean87@example.net,,1962-06-08,,New Danielville,Switzerland ,2023-11-16T01:21:12,Active
369,Justin,Jackson,cust_369_nathan65@example.net,(555)921-3760,2000-12-06,Female,,kosovo,2024-06-14T05:20:04,Active
370,Linda,Acevedo,cust_370_morganrichard@example.org,928.763.2666,1985-03-20,,South Dustintown, kosovo,2026-01-19T19:01:35,Active
371,Brian,Welch,cust_371_robert84@example.net,,2006-03-21,Male,South Katherineberg,Germany,2025-06-11T13:02:50,Active
372,Matthew,Hardy,cust_372_abigailfernandez@example.org,750-848-9267x38997,1961-12-30,Male,West Christopher,Kosovo ,2025-04-14T20:58:22,Active
373,Anthony,Hogan,cust_373_john46@example.net,,1963-03-13,Male,Adrienneburgh,USA,2023-02-06T09:13:33,Active
374,Ariana,Kline,cust_374_michaelmitchell@example.net,001-905-748-5101x7490,1994-08-28,Female,Port Julie,KOSOVO,2025-06-22T11:23:21,Active
375,Christopher,Coleman,cust_375_thomasgriffin@example.com,+1-826-883-1589x35712,2001-09-26,,,USA,2023-05-08T07:12:42,Active
376,William,Rice,cust_376_stanleyjohnson@example.org,469.488.6497x67762,1993-09-20,Male,Dawsonberg,Switzerland,2025-12-30T10:35:02,Active
377,Todd,Moody,cust_377_kristenfisher@example.com,(319)761-1594x082,1974-12-20,Female,Vickieport,Kosovo ,2024-04-01T16:25:01,Inactive
378,Nicholas,Davenport,cust_378_kathleenwagner@example.com,827.901.8510,2007-07-06,,Arielmouth,KOSOVO,2026-04-28T18:48:54,Active
379,Mark,Marsh,cust_379_zhughes@example.com,,1992-06-29,,Contrerasberg,USA,2026-02-04T16:44:33,Active
380,Brian,Hudson,cust_380_karenshaw@example.org,3743120948,1963-11-12,Male,New Amber,Albania,2026-03-22T21:56:26,Inactive
381,Michele,Stewart,cust_381_christopher18@example.org,+1-282-904-3397x18956,1975-02-05,,West Samuelchester,USA,2023-02-07T08:54:27,Active
382,Eric,Farley,cust_382_brianwoodward@example.org,,1957-07-12,,East Jonathan,,2023-05-20T05:35:42,Active
383,Trevor,Goodwin,cust_383_ravery@example.org,001-204-561-5265x461,1977-05-05,,Port Carla,ALBANIA,2024-01-03T09:01:40,Active
384,Christopher,Fields,cust_384_kristathomas@example.net,386.517.0630x489,1967-02-15,Male,West Ashley,Albania,2024-11-23T19:25:25,Active
385,Carla,Franco,cust_385_okidd@example.org,686.487.0079,1995-07-02,Female,North Sarahfort,USA,2024-02-29T13:28:19,Active
386,Jose,Mullins,cust_386_qnelson@example.com,840.528.9141x61284,1978-12-05,Male,Nicolemouth,Switzerland,2025-09-13T16:50:58,Active
387,Jacqueline,Farmer,cust_387_cobbdebra@example.org,279.250.2097,1992-05-02,Male,South Angela,Kosovo,2025-12-17T23:01:37,Active
388,Albert,Paul,cust_388_erin53@example.org,2713569562,1997-06-04,Female,Woodborough,Kosovo,2024-11-21T15:03:23,Active
389,Andrea,Keller,cust_389_cameronanderson@example.org,+1-843-337-5047x9303,1964-05-08,Male,Ashleyfort,Albania,2023-09-22T19:50:48,Active
390,Joshua,Frazier,cust_390_hsimpson@example.org,293-884-3089x487,2004-10-04,Male,Port Sheilachester,Albania,2024-09-24T01:25:58,Active
391,Rodney,Jones,cust_391_jamesmurphy@example.org,504.768.7506,1998-04-12,Male,New Lindseybury,Germany,2025-12-07T04:14:55,Active
392,Kimberly,Harvey,cust_392_garrettbeth@example.org,+1-710-276-0954x3173,1959-10-23,Female,Aprilbury,Germany,2023-04-24T06:18:46,Active
393,Melissa,Morales,cust_393_mhall@example.net,8653120704,1998-02-21,,Lake Brianton,Germany,2024-04-03T03:17:38,Active
394,Alexander,Reeves,cust_394_rebeccamartinez@example.net,2769769915,1973-02-13,Male,Brianaville,Germany,2023-06-09T12:32:52,Active
395,Dustin,Harrison,cust_395_kelly08@example.net,(867)797-2320x024,2000-06-07,,Brandyside,Germany,2026-04-19T16:34:26,Active
396,Mary,Trevino,cust_396_mcooper@example.net,,1969-05-17,Female,North John,Kosovo,2026-06-26T13:23:06,Active
397,Nancy,Lozano,cust_397_arobinson@example.net,753-677-9599,1970-11-09,,Murphyville,Germany,2024-12-06T17:36:34,Active
398,Douglas,Alexander,cust_398_bradley03@example.org,001-237-793-3756x362,1975-01-05,Male,North Michaelside,Switzerland,2023-06-28T22:34:05,Inactive
399,Renee,Smith,cust_399_nicholascobb@example.org,(234)425-8323,1978-09-15,,,Albania,2024-02-11T16:11:11,Active
400,Lisa,Guerrero,cust_400_ejohns@example.org,,1965-07-04,Female,West Stephen,USA,2024-07-28T05:12:08,Active
401,Edgar,Wright,cust_401_monique89@example.com,(533)286-5596,1969-12-01,Female,Port Amanda,Kosovo,2026-05-11T13:57:59,Active
402,Stephanie,Wells,cust_402_ylittle@example.net,001-417-791-2868x5787,1999-11-23,,Aliciafort,Switzerland,2026-01-16T17:21:39,Inactive
403,Christopher,Walton,cust_403_sean53@example.net,8338373634,1958-06-24,,Port Neil,USA,2025-05-05T06:03:55,Active
404,Charles,Valenzuela,cust_404_megan88@example.net,689.856.7766x575,1960-12-30,Female,East Scottview,Switzerland,2025-09-29T12:34:22,Active
405,Jennifer,Daniels,cust_405_alan44@example.com,631-611-5083x535,1983-02-27,Male,Jamesberg,Kosovo,2026-03-14T18:53:04,Active
406,Roy,Mcmahon,cust_406_cclark@example.net,(990)978-2633x3738,1957-09-23,,Latoyamouth,Kosovo,2023-10-19T19:25:37,Active
407,Sherry,Smith,cust_407_matthew66@example.net,,2006-11-23,Male,Donberg,Albania,2024-04-19T16:32:50,Active
408,Jacob,Rodriguez,cust_408_tfowler@example.org,(884)859-0902x2599,1967-05-06,,South Bryce,Germany,2024-08-23T07:17:52,Active
409,Alice,Gibson,cust_409_april25@example.com,382-809-7023,1982-04-17,Male,Jamieport,Albania,2025-10-21T14:32:52,Active
410,Cassandra,Crosby,cust_410_waynecohen@example.com,(412)586-7163,1969-05-28,Female,Ryanfort,germany,2023-09-04T15:47:38,Active
411,Debbie,Ellison,cust_411_isabella46@example.net,9279169385,1967-08-06,,Johnstonland,kosovo,2024-03-23T06:07:45,Active
412,Robert,Gill,cust_412_carneycharles@example.org,(632)696-7629x16032,1990-01-01,Male,Lake Jessicaborough,USA,2025-02-05T14:33:01,Active
413,Jared,Williams,cust_413_jonesheather@example.net,,1987-02-10,Male,Robertburgh,Albania,2024-01-28T15:49:21,Active
414,Thomas,Ramirez,cust_414_georgesmith@example.org,(956)336-0041x2577,1967-09-28,Male,New Dianemouth,USA,2023-08-06T21:06:49,Active
415,Heather,Copeland,cust_415_myerskyle@example.org,218-562-1042x7523,1996-05-21,,, usa,2024-11-17T17:07:19,Active
416,Elizabeth,Walker,cust_416_roblesmaria@example.org,2068335331,2004-12-12,Male,North Matthewborough,Albania,2025-11-22T06:43:42,Active
417,Michael,Thompson,cust_417_avaldez@example.com,(506)881-5583,1970-02-27,,Martinezborough,Kosovo,2023-06-14T11:41:26,Active
418,Mark,Mccoy,cust_418_xgregory@example.net,931.349.5013x649,1964-09-22,Female,West Susan,Albania,2025-07-20T20:40:05,Active
419,Timothy,Rogers,cust_419_oreyes@example.net,,1971-06-30,Female,Gregorymouth,Kosovo,2025-11-01T04:05:46,Active
420,James,Johnson,cust_420_vstevenson@example.org,490.730.9143x63910,1974-08-09,Female,Phillipsberg,Germany,2024-08-06T16:53:55,Active
421,Molly,Jones,cust_421_brettbraun@example.org,508-864-0355x33803,1964-03-22,Male,Isaiahtown,Albania,2023-04-11T09:05:30,Active
422,Gregory,Wright,cust_422_barbara34@example.com,929-683-3816,1961-02-14,Female,Lake James,Switzerland,2024-10-20T16:29:28,Inactive
423,Amanda,Tran,cust_423_jonathanford@example.com,(266)827-7689x627,1974-12-14,,Dickersonport,Switzerland,2025-07-13T14:02:38,Active
424,Mathew,Espinoza,cust_424_ericlopez@example.org,,1989-10-01,,Hartfort,Albania,2023-04-22T18:06:16,Active
425,Tara,Brooks,cust_425_lparker@example.org,,1983-07-01,Female,Travischester,Germany,2024-09-05T01:36:25,Active
426,John,Woods,cust_426_crystal02@example.com,9167923645,1996-11-17,,Lake Paulchester,,2026-02-16T19:32:58,Active
427,Heather,Mason,cust_427_uwillis@example.com,324.539.9201x166,2006-11-19,Female,Martinchester,Switzerland,2024-01-28T19:43:22,Active
428,Diamond,Quinn,cust_428_gregorylopez@example.org,001-211-395-2436x4027,1969-02-25,,Port Heatherhaven,Albania,2024-10-09T13:00:29,Active
429,Hunter,Fry,cust_429_nbradley@example.org,,1969-05-09,,,Albania,2025-01-25T16:57:47,Active
430,Anthony,Young,cust_430_gchambers@example.org,3236467912,1959-11-01,,South Davidland,Kosovo,2024-06-15T12:20:53,Active
431,Evelyn,Cooper,cust_431_lisa56@example.com,909-901-3806x984,1997-03-30,Female,Cassandramouth,Germany,2024-07-29T23:52:16,Active
432,Stephen,Hale,cust_432_anthonymartinez@example.net,,1974-09-12,,West Morganville,USA,2023-01-05T19:00:16,Active
433,Donna,Alvarez,cust_433_akeller@example.net,,1977-08-08,Male,West Shannon,Switzerland,2025-12-01T22:49:37,Active
434,Mercedes,Stein,cust_434_mcarter@example.net,3507573976,1965-06-03,,Crosbyfort,Albania,2025-10-19T16:39:25,Active
435,Holly,Garcia,cust_435_martinsarah@example.com,598.502.7148x72717,2007-10-29,Male,East Karen,Switzerland,2025-10-21T21:04:48,Active
436,Thomas,Merritt,cust_436_wadesandra@example.net,,2005-01-16,Male,Jeffreyview,USA,2025-10-31T11:46:11,Active
437,Sarah,Miranda,cust_437_schneidernicholas@example.net,,2006-03-28,,Davismouth,,2023-12-14T16:06:01,Active
438,Jessica,Valdez,cust_438_ostokes@example.com,,1963-07-21,Male,,Kosovo,2026-02-17T08:09:41,Active
439,Luis,Diaz,cust_439_aprilguzman@example.org,211-615-9319x5256,1962-12-07,,New Amandafurt,Germany,2024-10-20T04:37:29,Active
440,Wendy,Mccarthy,cust_440_nwelch@example.com,(408)275-2437x7294,1975-07-08,,Kyleville,Kosovo,2024-02-29T19:02:58,Active
441,Maria,Clark,cust_441_isabellawilliams@example.org,,1988-11-07,Male,Brownmouth,Germany,2023-08-26T05:09:06,Active
442,Melissa,Long,cust_442_marcusmoody@example.org,001-364-620-8656x7566,2003-12-19,,Heatherborough,Albania,2025-12-25T03:13:32,Active
443,Erin,Jackson,cust_443_davisterri@example.org,772-392-7742x3330,1959-04-02,,South Stephanie,,2024-10-25T11:51:16,Active
444,Tracy,Watts,cust_444_denisebennett@example.net,385-596-2630,2001-04-28,,,USA,2024-09-08T03:59:23,Active
445,Brittany,Cruz,cust_445_ievans@example.org,+1-517-264-7501x11178,1977-10-23,Male,Hillville,,2026-05-18T23:16:48,Active
446,Michelle,Neal,cust_446_peterslauren@example.org,982-360-6888,1958-05-05,,Port Karenville,USA,2023-10-08T15:38:54,Inactive
447,Tiffany,Barrett,cust_447_kevinshah@example.net,(393)621-8401,1975-08-24,Male,Tammyburgh,Switzerland ,2024-10-19T04:29:47,Active
448,Carrie,Robinson,cust_448_joshua96@example.org,+1-287-529-7585x98831,1993-02-04,Female,East Donaldborough,,2023-07-28T11:38:13,Active
449,Heather,Lee,cust_449_anne89@example.org,346-626-7146x283,1984-03-28,Female,,Germany,2025-09-10T12:25:06,Active
450,Nicholas,Maynard,cust_450_chrismartinez@example.org,,2002-03-23,,West Victoria,Germany,2024-11-04T14:47:28,Active
451,Corey,Petty,cust_451_nicholasgarcia@example.org,+1-561-651-5542,1967-08-21,Female,,Germany,2023-01-16T07:43:54,Active
452,Perry,Reed,cust_452_iwoods@example.com,449.771.8594x84910,1956-04-29,Female,,GERMANY,2026-03-13T23:51:14,Active
453,Joshua,Patterson,cust_453_kevinhodge@example.com,+1-482-922-6940x53967,1983-05-05,Female,Laurenhaven,Germany,2024-03-21T13:24:43,Active
454,Whitney,Barron,cust_454_sullivanchristina@example.net,001-251-811-3129x01487,1956-03-05,,South Tyler,USA,2025-11-30T07:11:39,Active
455,Virginia,Guerrero,cust_455_lawsontami@example.net,,2007-08-26,Male,Parkstad,kosovo,2024-01-15T09:24:51,Active
456,Michaela,Roberts,cust_456_ncarter@example.org,332.715.2850x67625,2005-11-25,Male,Port Amber,Kosovo,2026-04-05T13:58:53,Active
457,Zachary,Barry,cust_457_fstafford@example.org,,1979-11-21,Female,Robinsonport,Switzerland,2025-09-25T19:47:40,Active
458,James,Rice,cust_458_robertgentry@example.org,4978545105,1966-04-09,,Alanchester,SWITZERLAND,2025-02-03T08:48:32,Active
459,Michael,Harrell,cust_459_danielmitchell@example.org,001-943-476-5456x28417,1982-07-12,,West Julie,SWITZERLAND,2023-01-10T00:37:14,Active
460,Daniel,Rodriguez,cust_460_martinezmaurice@example.org,(850)823-7416x78725,2007-11-25,Female,,Kosovo,2023-07-24T03:36:21,Active
461,Michelle,Gamble,cust_461_elizabethpatterson@example.com,+1-530-456-9067x44716,2003-10-03,,East Juan,USA,2023-06-28T16:15:21,Active
462,Andres,Gonzalez,cust_462_jamesalicia@example.net,489-823-9231,1998-10-11,,West Veronicaberg,germany,2024-10-24T05:43:37,Inactive
463,Robert,Flores,cust_463_whiteaaron@example.net,635.367.0860,2006-05-11,Male,Michaelstad,Switzerland,2026-01-10T09:50:02,Active
464,Alexander,Arnold,cust_464_markfigueroa@example.com,334-374-9162x47554,2006-03-27,Female,,USA,2025-11-05T04:10:19,Active
465,Charles,Payne,cust_465_kevin73@example.net,001-398-295-3439x61129,2004-09-22,,East Janet,Kosovo ,2023-06-03T05:28:09,Active
466,Sarah,Gordon,cust_466_jacksonjoshua@example.org,(702)936-8485,1975-05-23,Female,South Carloschester,Kosovo,2025-03-24T15:17:27,Active
467,Lisa,Simpson,cust_467_martinkaren@example.com,,1993-12-15,Female,New Bruceborough,USA,2026-02-24T15:51:50,Active
468,Jack,Moore,cust_468_brittanysmith@example.net,,1986-09-03,Female,Moralesview,switzerland,2023-11-18T10:42:29,Active
469,Jeanette,Arnold,cust_469_jeffreyferguson@example.com,,1958-05-04,,Kevinbury,Germany,2024-04-05T09:14:20,Active
470,Dennis,Villanueva,cust_470_mark00@example.com,+1-724-724-0338x1059,1970-08-08,,Lake Nicoleview,Kosovo,2026-01-26T17:04:42,Active
471,Lindsey,Mullins,cust_471_seanblair@example.com,001-942-540-8916x4983,1980-10-06,,Josephshire,USA,2025-09-05T08:40:13,Active
472,Lisa,Mcdaniel,cust_472_chadjones@example.org,(971)472-7223,1986-08-23,Female,Andrewburgh,Kosovo ,2023-10-04T02:24:49,Active
473,Sheena,Greene,cust_473_rosariodaniel@example.net,+1-261-482-0916x6010,1978-09-15,Female,Port Christopher,Kosovo,2023-08-10T13:50:26,Active
474,Lisa,Parker,cust_474_dmoore@example.net,,2002-10-09,,East Donaldshire,Kosovo,2024-11-21T05:40:52,Active
475,Diana,Perez,cust_475_tmcdaniel@example.org,281-500-1841x862,1989-02-23,Male,East Ronaldberg,USA,2024-07-02T20:20:53,Active
476,Alyssa,Greene,cust_476_qhernandez@example.net,(313)714-5195,1976-03-14,Female,North Cassandraburgh,,2024-10-27T20:25:30,Active
477,Carlos,Lane,cust_477_duane52@example.org,+1-745-414-7541x022,2007-11-29,Male,Griffinfort, albania,2026-06-19T12:20:40,Active
478,Timothy,Dudley,cust_478_devon36@example.com,,1993-01-22,,Gomezfort,Switzerland,2024-10-20T09:36:17,Active
479,Michael,Wells,cust_479_samanthabrown@example.com,588.378.8361x9689,1980-03-27,Male,West Aaron,Germany,2023-01-27T15:34:18,Active
480,Bonnie,Woods,cust_480_anthonydiaz@example.org,001-824-272-8633x30212,1972-05-09,,Watsonville,,2025-10-26T13:00:39,Active
481,Deanna,Smith,cust_481_moorenicole@example.org,609-962-2728,1996-10-16,Female,Sharpmouth,Albania,2026-04-28T20:35:17,Active
482,Tiffany,Martinez,cust_482_richardbrown@example.com,001-828-420-6678x49843,1968-03-06,,Teresahaven,GERMANY,2024-08-09T12:28:02,Active
483,Denise,Sullivan,cust_483_zmartin@example.com,,1999-09-07,,Port Heatherfort,Kosovo,2024-05-01T12:33:24,Active
484,Carla,Avila,cust_484_jacob30@example.org,(334)311-1595x03428,1973-12-30,,,Switzerland ,2023-11-26T04:34:31,Active
485,Timothy,Williams,cust_485_hardingalan@example.com,,2006-10-31,Female,New Annetteshire,Kosovo,2026-05-12T13:44:58,Active
486,Laura,Woods,cust_486_robertsedward@example.com,468-235-6521x5681,1961-01-14,,,Kosovo,2025-07-01T03:29:22,Active
487,Pamela,Schroeder,cust_487_nallen@example.net,+1-713-632-2889x8572,1960-10-13,,Cindychester,Germany ,2023-03-04T03:47:20,Active
488,Carlos,Ray,cust_488_christopher27@example.com,(997)310-2481,1987-11-19,,Edwardsport,,2023-09-08T20:07:50,Active
489,Christopher,Gutierrez,cust_489_rbaker@example.org,472-919-7054x669,1997-11-29,Male,Williammouth,Switzerland,2024-08-03T11:54:56,Active
490,Taylor,Nichols,cust_490_lrodriguez@example.net,+1-503-880-2146x2961,1963-01-20,Female,Caldwellstad,Albania,2024-12-24T17:10:32,Active
491,Danielle,Flores,cust_491_huertakim@example.org,(663)965-1559x7371,1980-04-11,,New Ericfort,Kosovo,2023-08-15T01:08:51,Active
492,Alicia,Caldwell,cust_492_jack01@example.com,(873)303-0644x21214,1978-12-14,,Morganmouth,USA,2024-10-14T00:21:54,Active
493,Timothy,Nichols,cust_493_tammykim@example.net,,1994-06-28,Male,Franklinstad,,2024-10-13T01:13:14,Inactive
494,Tara,Russell,cust_494_mcneilsherry@example.org,(908)493-1992x5502,1998-11-04,Female,Linville,Albania,2026-05-15T08:31:37,Active
495,Benjamin,Reese,cust_495_robertpayne@example.org,,1996-07-28,Female,Fowlershire, switzerland,2023-06-01T09:03:08,Active
496,Maria,Simmons,cust_496_daniel27@example.com,(335)933-9055x0448,1981-01-25,,Gutierrezstad,Albania,2024-07-01T03:23:09,Active
497,Allen,Randolph,cust_497_crawfordkaren@example.net,(689)328-6646,1962-06-19,Female,Port Maryland,Switzerland,2025-10-06T03:45:36,Active
498,Rebecca,Newman,cust_498_xsmith@example.org,+1-578-990-4633x7861,1990-03-21,,West Tammymouth,Albania,2024-10-03T11:19:22,Inactive
499,Joseph,Hopkins,cust_499_mary63@example.org,,1983-11-21,Male,,Switzerland,2024-03-16T13:32:21,Inactive
500,Christina,Long,cust_500_solisbecky@example.org,4008258955,1998-12-23,,New Teresa,SWITZERLAND,2023-10-27T06:54:01,Active
501,Rebecca,Holmes,cust_501_thall@example.org,,1989-12-29,Male,Maddenburgh,Germany,2024-09-18T05:21:58,Active
502,Alexander,Carrillo,cust_502_anthonyzimmerman@example.org,396-248-2531,1994-08-04,Female,,albania,2024-11-10T12:14:18,Active
503,Andrew,Mercer,cust_503_rodriguezsara@example.org,(602)275-2334x3836,1962-12-19,,Christopherberg,Kosovo,2025-09-01T16:35:04,Active
504,Tommy,Garrett,cust_504_gracebrooks@example.com,(844)321-1753,1998-10-17,Female,Popechester,Albania,2023-04-25T07:06:39,Active
505,James,Johnson,cust_505_holmeskathleen@example.org,922.240.2990x155,1980-07-05,Male,New Judy,Albania ,2023-07-08T21:20:18,Active
506,Denise,Owens,cust_506_zgraham@example.org,630-952-3124,1972-09-12,Female,North Michael,Switzerland ,2025-05-06T17:18:09,Active
507,Julie,Cabrera,cust_507_lawsonruben@example.net,(534)961-9942,1979-09-11,,Andradechester,Germany,2025-07-15T08:47:08,Active
508,Gary,Johnson,cust_508_brenda49@example.net,,1991-10-12,,Rachaelland,Switzerland,2024-11-29T02:58:21,Inactive
509,Lucas,Smith,cust_509_jason95@example.org,(760)712-5625x313,1993-11-24,,Port Leonard,Kosovo,2023-01-15T23:08:39,Active
510,Lisa,Gonzalez,cust_510_langvictor@example.com,664-393-8318,1984-05-05,Male,Flemingchester,SWITZERLAND,2024-05-08T15:49:11,Active
511,Rhonda,Mitchell,cust_511_ijohnson@example.net,217-629-5963,1958-05-05,,Lake Kristashire,KOSOVO,2023-01-08T05:15:11,Active
512,Cody,Lang,cust_512_joshua56@example.org,,1993-07-18,Female,Deannaland,Albania,2024-12-30T22:53:38,Inactive
513,Jennifer,Perez,cust_513_leerachel@example.com,001-557-290-6477x15910,1992-04-05,Female,East Danielmouth,Germany,2025-12-04T03:32:43,Active
514,Steven,Martinez,cust_514_karenbarron@example.com,7048010414,1999-01-08,,Hollyberg,Switzerland,2025-06-25T08:42:43,Active
515,Mary,Sanchez,cust_515_heatherjones@example.com,318.683.9774x573,1959-10-12,Female,Jenniferstad,Albania,2025-05-17T14:57:25,Active
516,Daniel,Anderson,cust_516_paul79@example.net,503.776.3715,1969-06-30,Female,Jeanetteberg,SWITZERLAND,2025-02-22T17:32:55,Active
517,Dorothy,Chavez,cust_517_david81@example.com,001-563-214-6249x12711,1985-01-15,,Lopeztown,Albania,2025-01-09T19:31:47,Active
518,Kelly,Powell,cust_518_alyssa78@example.com,626.786.8507,1963-02-09,Female,North Deborahchester,USA,2023-10-29T06:17:42,Active
519,Brendan,Wright,cust_519_robinsonbrian@example.org,,1994-10-28,Female,, kosovo,2025-11-24T03:30:18,Active
520,Joshua,Andrade,cust_520_gmyers@example.org,,2005-08-15,,Johnside,USA,2023-06-06T22:44:44,Active
521,Leslie,Jones,cust_521_martingibson@example.org,001-447-932-3549x401,2001-01-01,,Melissabury,Germany,2023-09-22T10:43:49,Active
522,Terri,Ibarra,cust_522_erincastaneda@example.net,,1979-08-23,Female,Pattersontown,Switzerland,2023-10-03T18:14:26,Active
523,Thomas,Williams,cust_523_bradleyveronica@example.org,,1991-06-04,Female,Aguilarfort,Switzerland,2024-01-20T11:51:27,Active
524,Craig,Lara,cust_524_shaun58@example.com,,2000-10-28,Male,Port Dwayne,USA,2023-05-26T21:13:20,Active
525,Tyler,Sanchez,cust_525_vhoward@example.org,245.470.5458x9714,1968-11-13,,Chaseberg,GERMANY,2024-07-08T21:10:21,Active
526,Matthew,Salazar,cust_526_kpope@example.com,(614)687-8245x5696,1975-04-22,Male,North Bethany,Switzerland,2025-12-26T06:19:44,Active
527,Shawn,Robinson,cust_527_brownkevin@example.com,407-627-2849,1979-08-26,Female,Robertsport,USA,2023-01-25T05:19:36,Active
528,John,Gregory,cust_528_ghenderson@example.com,+1-800-342-5488x21423,1976-03-25,,Jefferyfort,Kosovo,2024-07-04T21:38:53,Inactive
529,Steven,White,cust_529_hdavis@example.com,+1-542-696-5923x426,2002-11-30,,Christophershire,Germany,2025-09-03T01:25:25,Inactive
530,Nathan,Oliver,cust_530_brian62@example.com,385-475-6766x70806,2001-04-11,,Kristinshire,albania,2025-03-06T16:27:12,Active
531,David,Richards,cust_531_mileszachary@example.net,7783701041,2006-01-24,,Arianamouth,USA,2023-04-05T13:12:11,Active
532,Courtney,Ball,cust_532_shaffercindy@example.org,,1963-06-27,Female,Taylorberg,Albania,2024-04-12T10:04:28,Active
533,Sara,Evans,cust_533_pmcgrath@example.net,302-991-8133,1973-05-23,Male,Port Williamfurt,USA,2023-03-28T10:54:00,Active
534,Trevor,Contreras,cust_534_zcruz@example.org,+1-579-916-2022x328,1987-04-02,,Robertsville,Switzerland,2025-07-03T14:42:19,Active
535,Lisa,Hernandez,cust_535_stephen96@example.org,,1995-03-09,,,Switzerland,2024-10-09T15:01:36,Inactive
536,Edward,Rios,cust_536_stephen24@example.net,509-770-5277x4025,1976-04-17,Male,Palmerburgh,USA,2025-10-15T22:26:31,Active
537,Sydney,Obrien,cust_537_barbarapennington@example.net,,1991-06-08,,Jonesfort,USA,2024-08-07T21:47:05,Active
538,Elizabeth,Porter,cust_538_omorris@example.net,425-599-5996x100,1971-10-13,,,Switzerland,2023-05-30T23:17:18,Active
539,Kathryn,Obrien,cust_539_mcleanmanuel@example.net,226-361-0941,1986-04-08,Female,,Albania,2024-11-16T21:22:25,Active
540,Brandi,Soto,cust_540_harrislisa@example.org,(829)583-3477x4332,1980-02-23,,,Germany,2023-05-14T14:59:40,Active
541,Colleen,Sawyer,cust_541_martinezzachary@example.org,001-769-781-5287x33978,1963-09-15,,Port Carlos,Switzerland,2024-10-26T02:47:35,Active
542,Vincent,Ross,cust_542_gardnerpatricia@example.net,430.698.5034x4651,1987-09-24,Male,New Barbarahaven,Germany,2025-08-07T12:57:11,Active
543,Rebecca,Warner,cust_543_reedchad@example.com,700-256-4350x238,1996-05-20,,South Charles,Switzerland,2025-05-25T22:04:57,Active
544,Sarah,Johnson,cust_544_amandadalton@example.net,001-791-887-2401x0783,2002-03-13,Female,Turnerbury,USA,2023-02-03T07:27:45,Active
545,Andrew,Olson,cust_545_scannon@example.org,,1984-12-02,Female,,Kosovo,2026-02-20T07:47:05,Active
546,Jesse,Chapman,cust_546_robertgoodwin@example.net,001-868-221-7195x535,1994-05-02,Female,,Kosovo,2024-01-05T23:37:44,Active
547,Brian,Brown,cust_547_cwhite@example.com,,1979-06-23,Female,Port Alexisbury,Albania,2026-06-16T08:44:24,Active
548,Jennifer,Pugh,cust_548_misty38@example.com,+1-534-929-6711x148,1977-05-18,,Priscillabury,Kosovo,2024-11-20T00:26:17,Active
549,Nathan,Velasquez,cust_549_barryyoung@example.com,001-488-510-5697x413,1999-11-27,Male,Judyborough,Kosovo,2023-07-10T16:22:44,Inactive
550,Jeffrey,Gray,cust_550_qpatel@example.com,001-871-907-0449x64104,1957-10-23,,Port Patrickmouth,,2023-03-10T23:55:54,Active
551,Daniel,Hughes,cust_551_michele87@example.com,+1-750-895-4930,1994-08-24,Female,Pattonton,Switzerland,2026-06-08T05:55:50,Active
552,Joshua,Adams,cust_552_kimberly90@example.org,001-598-642-6732x0441,1976-07-24,,Ashleyton,Germany,2025-08-14T05:15:53,Active
553,Ricky,Riley,cust_553_hillcheryl@example.com,001-954-227-7070,1960-01-14,Male,Timothyside,Kosovo,2023-12-05T09:45:25,Active
554,Benjamin,Cohen,cust_554_criley@example.net,524.344.7232x290,2004-06-30,Female,,Switzerland ,2025-10-13T21:17:16,Active
555,Chris,Harris,cust_555_maria61@example.net,504.740.5809,1984-09-13,,North Williamville,Albania,2025-03-04T20:47:06,Active
556,Daniel,Lewis,cust_556_william89@example.net,420-759-5565x7490,1979-02-03,,West Sarahshire,USA,2023-02-09T16:01:28,Active
557,Scott,Adams,cust_557_rhonda53@example.com,869.302.6113,1971-05-23,Male,New Thomashaven,USA,2025-03-19T07:31:55,Active
558,Ashley,Serrano,cust_558_sarasanchez@example.com,751.937.6515x881,2001-07-20,,South Kristie,Switzerland,2023-12-23T22:11:48,Active
559,James,White,cust_559_hsmith@example.com,001-829-844-5511,1973-08-08,Female,New Troy,Kosovo ,2026-04-15T06:17:33,Active
560,Jennifer,Wilson,cust_560_brittany91@example.net,001-887-712-0602x12886,1958-10-04,Female,South Heidi,Switzerland,2024-01-11T01:20:44,Active
561,Crystal,Yang,cust_561_eroberts@example.net,,1964-11-02,,Lake Samanthamouth,Kosovo,2024-09-27T03:57:16,Active
562,Kenneth,Peterson,cust_562_ymitchell@example.com,001-929-481-2099x5765,2007-03-19,Female,Shirleyville,USA,2023-12-27T19:24:45,Active
563,Joshua,Gonzales,cust_563_keithhardin@example.net,(720)336-8499,2006-12-14,,Justinville,Albania,2024-03-23T03:34:15,Active
564,Jamie,Roberson,cust_564_anthonyorr@example.net,,1992-04-13,Male,East Elizabethberg,Albania,2023-05-30T02:14:42,Active
565,Jasmine,Kirk,cust_565_foneal@example.com,907.405.3496,1961-08-04,Female,Phillipsville,Switzerland,2026-01-17T15:46:09,Active
566,Tanya,Lara,cust_566_jessicamurphy@example.net,,1978-07-01,Male,West Jessica,Germany,2023-06-30T22:02:30,Active
567,Emily,Baker,cust_567_toddlopez@example.com,278-215-0618x538,1974-11-29,,East Brenda,USA,2023-12-09T02:00:25,Active
568,Robert,Baker,cust_568_pwelch@example.net,(531)483-0617,1979-05-30,,,USA,2023-03-02T07:02:36,Active
569,Mary,Golden,cust_569_ohenry@example.com,,1996-05-12,,Morenoburgh,Germany,2024-04-11T04:33:36,Active
570,Daniel,Terry,cust_570_kimwebb@example.com,(887)341-3146x753,1996-07-31,Female,South Stephanie,Switzerland,2025-10-23T05:25:57,Active
571,Todd,Robinson,cust_571_parkerrobert@example.net,(830)944-8360x85456,1967-01-05,Male,Rosston,Switzerland,2024-02-21T19:35:29,Active
572,Katie,Tran,cust_572_stonemichael@example.org,+1-231-299-5298,1966-05-13,Female,Davismouth,Albania,2024-07-01T21:37:57,Active
573,Walter,Moody,cust_573_moorekevin@example.org,+1-563-242-5563,1998-08-28,Male,Port Andrewhaven,Albania,2023-06-09T06:14:59,Inactive
574,Peter,Decker,cust_574_kristen68@example.net,001-230-241-6624x11186,1957-04-10,Female,North Jill,Switzerland,2026-05-16T07:00:56,Inactive
575,John,Smith,cust_575_xluna@example.net,847-631-4976x4613,2004-04-21,Female,Mitchellside,USA,2025-02-25T23:10:29,Active
576,Ann,Clark,cust_576_fwatkins@example.org,973-390-6375,1983-02-12,,Martinland,Switzerland,2023-05-29T04:21:39,Active
577,Jason,Hart,cust_577_ugardner@example.net,+1-278-793-0746x452,1971-09-21,,Savageview,Germany ,2025-12-08T11:52:42,Inactive
578,Benjamin,Coleman,cust_578_conniewarren@example.org,377-488-1161x62028,2006-08-25,Female,South Molly, germany,2023-06-26T13:43:23,Active
579,James,Mendez,cust_579_april47@example.com,+1-766-704-1644,1970-01-04,,East Kelly, kosovo,2025-11-30T03:32:28,Active
580,Colleen,Wheeler,cust_580_bellangie@example.org,522-587-0562x27104,1979-02-25,Female,New Stephenville,Germany,2023-04-05T22:15:48,Active
581,Gregory,Elliott,cust_581_lauramatthews@example.com,+1-503-344-6945x9648,1978-02-23,Male,North Jessica,Kosovo ,2024-03-10T22:37:02,Active
582,Thomas,Smith,cust_582_huangbrett@example.net,001-599-549-7320,1985-08-07,Male,Port Christinaberg,USA,2023-09-14T00:52:29,Active
583,Joshua,Thomas,cust_583_fcastro@example.net,(775)348-1386x66754,1972-09-23,,East Sonia,USA,2026-07-18T23:02:40,Active
584,Harold,Adkins,cust_584_gonzalezmichael@example.org,+1-518-865-2057x56398,1956-01-23,Male,,switzerland,2024-08-04T07:24:20,Active
585,Wendy,Padilla,cust_585_colleen90@example.net,001-645-215-4809,1987-09-20,Male,Darlenefurt,USA,2023-03-10T05:21:31,Active
586,Scott,Page,cust_586_connor84@example.org,+1-477-427-8105x092,2000-04-04,Male,South Maryville,Switzerland,2023-03-29T01:37:14,Active
587,Scott,Hill,cust_587_haleyortiz@example.net,+1-305-552-9580x660,2006-07-02,Female,Lake Joseph,Switzerland,2023-09-26T02:26:37,Active
588,Matthew,Carroll,cust_588_knightsteven@example.org,,1961-11-03,Male,West Joshuastad,GERMANY,2023-07-02T20:43:02,Active
589,Erin,Bender,cust_589_julierojas@example.com,(712)959-0203,1959-04-23,,Lake Sherryport,kosovo,2026-07-24T17:07:00,Active
590,Beth,Bailey,cust_590_rgallegos@example.org,(642)642-9563x3432,1958-03-06,,Bakerfort,Albania,2024-07-05T17:04:02,Active
591,Jeffery,Green,cust_591_holmescrystal@example.com,001-562-789-3654,1965-03-12,,Christopherborough,Switzerland,2024-02-06T02:54:36,Active
592,Nicholas,Chapman,cust_592_morrisdaniel@example.com,,1956-03-20,,Willisstad,Albania,2025-05-25T18:50:51,Active
593,Robert,Cook,cust_593_lopezmichael@example.org,,1987-06-13,,,Switzerland,2023-09-04T14:38:51,Active
594,Matthew,Gregory,cust_594_billy38@example.org,+1-820-979-7996,1984-04-29,,West Jennifer,Switzerland ,2025-07-22T12:44:19,Active
595,Brittany,Martin,cust_595_sandratanner@example.net,,1991-05-06,Male,Schroedershire,,2024-09-14T13:02:51,Active
596,Dylan,Andrade,cust_596_kyle23@example.org,792.925.0142,1985-05-21,Male,Martintown,Switzerland,2025-10-20T02:42:30,Active
597,Nicholas,Ford,cust_597_kathryndavis@example.org,332-985-0725,1977-05-05,,Halefort,Switzerland,2025-11-04T09:07:55,Inactive
598,Madeline,Bishop,cust_598_pmelendez@example.org,001-526-454-6968x15790,1965-01-27,,West Michael,Germany,2025-02-17T23:37:55,Active
599,Lori,Johnson,cust_599_zwhite@example.net,630.834.6156x2624,1990-11-19,Female,, switzerland,2025-11-14T23:59:58,Active
600,Kelsey,Turner,cust_600_judy19@example.com,471-851-6025,1989-11-04,,Smithfurt,Kosovo,2024-10-18T06:20:27,Active
601,Brandon,Campbell,cust_601_parrishsteve@example.org,(275)785-1268x612,1996-06-18,Male,Jamesmouth,Switzerland,2024-11-06T13:48:05,Inactive
602,Jessica,Schmidt,cust_602_fwright@example.net,+1-954-765-4084x24560,1962-02-11,Female,Cynthiaville,GERMANY,2024-07-08T23:02:22,Active
603,Ryan,Hill,cust_603_pbarker@example.net,,1991-04-23,,Lake Duane,Albania,2025-02-05T13:09:37,Active
604,Richard,White,cust_604_jennifer16@example.org,001-370-815-5029,1968-09-20,Female,West Saraport,Albania,2024-10-18T09:03:24,Active
605,Walter,Williams,cust_605_rbrowning@example.com,001-944-598-8305,1974-03-27,,Hillburgh,USA,2024-03-06T01:51:29,Inactive
606,Jeffrey,Fletcher,cust_606_bryceroberts@example.net,7633062447,1997-02-21,,,ALBANIA,2023-12-10T19:32:42,Active
607,Amanda,Jackson,cust_607_cscott@example.net,796.795.8678x055,1994-07-23,,Hernandezfort,Switzerland,2023-11-24T05:07:52,Active
608,Colleen,Jackson,cust_608_annette60@example.com,678-751-3854,1993-07-18,,Craigtown,Switzerland,2023-08-31T04:23:30,Active
609,Tracey,Werner,cust_609_nbell@example.com,001-373-668-2691x1633,1996-06-16,,Port Erik,Albania,2026-04-22T20:13:15,Active
610,Keith,Patel,cust_610_kathryn21@example.com,955-615-8886x367,1995-02-27,,Mooreburgh,albania,2024-09-13T11:06:27,Inactive
611,Colleen,Cohen,cust_611_andrew96@example.net,+1-866-263-0932x9981,1990-06-23,,Chelseaburgh,USA,2025-06-03T09:16:17,Active
612,John,Morrison,cust_612_laurakaufman@example.net,427.653.2735,1999-04-29,,North Jamiemouth,,2024-12-14T07:57:11,Active
613,Nicole,Medina,cust_613_gonzalesmaria@example.org,895-923-7100,1975-08-13,Female,Joneschester,Albania,2024-02-08T22:35:34,Active
614,Laura,Clark,cust_614_riveraheather@example.com,(405)768-7611x2491,2003-12-07,,Douglasberg,Switzerland,2024-01-13T14:15:24,Inactive
615,Kenneth,Wallace,cust_615_klyons@example.com,,1996-02-17,Female,Goodwinview,Germany,2024-06-15T23:11:48,Active
616,Cynthia,Alvarez,cust_616_jnunez@example.net,7226840359,2002-12-24,Female,Shirleyburgh,switzerland,2025-05-31T19:09:01,Active
617,Monica,Black,cust_617_kmontgomery@example.com,(629)446-4303,1999-06-30,,West Michaelhaven,Albania,2026-03-04T00:39:36,Active
618,Alexandra,Gray,cust_618_hwong@example.com,,1967-08-13,Male,New Melissa,Kosovo,2024-05-03T05:48:46,Active
619,Julie,Fuentes,cust_619_judithcox@example.org,560.715.3433x2491,1982-10-18,,Stevenstown,USA,2026-07-28T20:37:02,Active
620,Suzanne,Bradford,cust_620_wallerbrian@example.net,,1991-04-07,Male,West Williamview, germany,2025-05-09T11:56:25,Active
621,Alexandra,Brown,cust_621_johngill@example.com,634.623.3720,1987-04-10,Male,Lake Jamesland,,2023-07-25T21:46:57,Active
622,Cory,Lawrence,cust_622_aevans@example.net,380-951-3717,1984-12-03,,,Switzerland,2023-11-03T15:27:55,Active
623,Justin,Brewer,cust_623_michelle35@example.com,673-999-7046,2001-10-21,,West William,Germany,2025-03-09T18:46:27,Active
624,Sonya,Freeman,cust_624_patricia87@example.com,,1966-10-12,Female,Connieville,Switzerland,2026-03-21T08:32:53,Active
625,Luke,Moreno,cust_625_cohensara@example.org,(516)341-7582,1994-07-15,Male,East Kyle,Albania,2024-04-19T09:32:02,Inactive
626,Kevin,Thomas,cust_626_jessica57@example.com,+1-825-623-6229x25879,1984-08-14,,West Thomas,Germany,2026-07-20T06:08:31,Active
627,Shelby,Brown,cust_627_zgomez@example.org,,1986-10-09,Male,Farmertown,Germany ,2026-03-30T01:43:24,Active
628,Ebony,Scott,cust_628_andrew66@example.com,,1993-08-27,Male,Andrewborough,Albania,2023-11-21T01:30:31,Active
629,Stephanie,Arroyo,cust_629_twatts@example.com,+1-533-498-7411,1972-09-05,Male,Jennifershire,Germany,2024-12-30T22:05:19,Active
630,Tiffany,Oconnor,cust_630_morganlawrence@example.net,699-360-1054x857,1969-04-15,Female,Taylorland,USA,2024-05-19T03:56:01,Active
631,Holly,Stevenson,cust_631_rebecca73@example.org,+1-617-235-9848,1977-07-17,,Port Kayla,Albania,2026-05-05T20:30:07,Active
632,Allison,Durham,cust_632_allen60@example.net,837.855.3449x021,1977-12-08,Male,Shafferton,Kosovo,2026-07-15T23:04:14,Active
633,Charles,Sutton,cust_633_steven25@example.org,+1-374-495-1191,1968-01-16,,New Sandraborough,Kosovo,2026-03-14T01:08:16,Active
634,Melissa,Silva,cust_634_amanda39@example.com,+1-295-278-6069x4096,2004-04-30,Male,West Ronald,Albania,2024-02-07T02:44:14,Active
635,Sarah,Barrett,cust_635_kevincoleman@example.com,001-223-423-4210,1971-07-14,,Stephaniemouth,Albania,2024-05-04T20:35:14,Active
636,Kelli,Lawrence,cust_636_davisgregory@example.net,550.827.1607,2004-12-25,,South Samuelborough,Kosovo ,2023-11-16T10:31:35,Active
637,Adrian,Lara,cust_637_gnixon@example.com,712.931.7955x63318,1980-03-15,,Williammouth,usa,2023-01-26T01:56:47,Active
638,Terry,Williams,cust_638_michelleguerrero@example.com,516-443-1670x4502,1997-09-14,Female,East Aprilberg,Germany,2025-12-15T18:05:44,Active
639,Manuel,Logan,cust_639_anthony70@example.net,(626)822-8225x12073,1965-07-02,Female,Reginaview,kosovo,2025-08-24T02:37:06,Active
640,Scott,Vincent,cust_640_collinsterrance@example.com,(308)369-8221x05316,1964-05-27,Female,Marshallchester,Germany,2025-04-13T18:38:25,Active
641,Jeremy,Lopez,cust_641_mark79@example.net,585-391-7793x23822,1990-11-08,Female,Lake Richardville,Switzerland,2024-01-24T00:25:42,Active
642,Robert,Stanley,cust_642_adkinslauren@example.net,,1958-12-12,,Kathleenberg,Kosovo,2024-05-24T10:38:20,Active
643,Molly,Arellano,cust_643_nhayes@example.com,220.920.3265,1997-12-16,,Mathewsborough,Kosovo,2025-09-03T16:06:59,Active
644,Kimberly,Simmons,cust_644_oconnelldavid@example.org,987-314-8552x457,1986-10-22,Female,Kathrynview,Germany,2023-04-09T01:12:03,Active
645,Donald,Becker,cust_645_gonzalezjulie@example.net,318-442-5476,1996-07-28,,Wilkinshaven,Switzerland,2023-10-30T17:34:40,Active
646,Edwin,Dunlap,cust_646_rgarrison@example.org,001-329-488-0858x38252,1982-12-16,,Port Sarah,Switzerland,2026-01-17T09:37:11,Active
647,Timothy,Martin,cust_647_petermoore@example.com,668-567-7524x0148,1982-04-15,Male,North Karinaberg,Kosovo,2023-08-12T08:56:17,Active
648,Kathleen,Smith,cust_648_meyeralexandria@example.net,001-333-451-3426,1996-05-27,,South Douglas,USA,2024-03-03T22:16:37,Active
649,Nancy,Holt,cust_649_oblake@example.net,837.641.8972x1540,1962-09-10,Male,Lake Stevenshire,Albania,2023-09-19T16:29:42,Active
650,Molly,Ortega,cust_650_ofisher@example.org,,2008-01-28,Male,Lake Carriestad,Albania,2024-01-10T20:02:23,Active
651,Danielle,Murphy,cust_651_tonya10@example.org,,2004-03-16,Male,Meganview,Switzerland,2024-01-26T22:58:03,Inactive
652,Carolyn,Garza,cust_652_johnstondavid@example.org,839.873.9641x7899,1980-03-23,Female,,Kosovo,2023-03-07T09:38:51,Active
653,Deborah,Alexander,cust_653_hberry@example.org,,1982-10-23,Female,Ochoaton,Switzerland,2024-06-23T12:26:54,Active
654,Ashley,Johnson,cust_654_corey60@example.net,,1986-10-02,Male,Caldwelltown, germany,2023-12-02T14:32:15,Active
655,Richard,Bailey,cust_655_megangates@example.com,555-753-4705x742,1979-08-15,Female,,Kosovo ,2026-02-24T15:28:31,Active
656,Matthew,Kim,cust_656_kari25@example.org,+1-883-554-1165x972,1963-04-07,,Melissafort,Switzerland,2024-06-28T15:05:17,Inactive
657,Robin,Alvarado,cust_657_dustin58@example.com,894.388.4882,1982-09-05,Female,North Christopher,USA,2025-07-17T21:54:51,Inactive
658,Anthony,Walker,cust_658_johnperez@example.net,(961)249-9153,1970-05-17,Male,New Eric,Switzerland,2024-03-01T07:34:03,Active
659,Courtney,Oneal,cust_659_tfrancis@example.com,(504)830-9776,1973-08-12,,Port April,Germany,2024-09-12T18:47:43,Active
660,Michael,Park,cust_660_stevenandrews@example.org,(355)935-8512x53892,1986-12-31,,Danielbury,Switzerland,2026-01-23T15:30:24,Active
661,Stephanie,Hill,cust_661_stacey09@example.com,+1-777-996-1208x780,1984-12-30,,North Evelyn,USA,2023-04-12T14:45:51,Active
662,Amber,Maldonado,cust_662_michelle90@example.net,001-826-437-4845x398,2007-01-08,Female,,,2026-04-05T09:44:38,Active
663,Christopher,Shah,cust_663_yballard@example.net,(491)419-1862x339,1987-12-18,,Lake Sarahville,Usa ,2024-05-30T10:01:55,Active
664,Michael,Holland,cust_664_morgankaren@example.net,(952)314-5264,1973-03-21,Male,West Richard,Germany,2023-12-19T01:45:33,Active
665,Felicia,Davis,cust_665_stuartallison@example.org,,1977-12-03,Male,New Bruceside,Switzerland,2023-04-02T21:07:48,Inactive
666,Neil,Thompson,cust_666_xmccarthy@example.org,(540)799-5123x9728,1990-03-15,Female,Port Feliciaberg,USA,2025-07-20T15:07:08,Active
667,Tyler,Munoz,cust_667_sharon86@example.com,(370)790-8144,1963-08-07,,New April,USA,2023-06-04T21:53:22,Active
668,Bailey,Patel,cust_668_psherman@example.org,+1-981-353-5237x36050,1974-11-28,,Lake Dianahaven,Switzerland ,2025-05-24T14:02:17,Active
669,Sheryl,Simmons,cust_669_fbennett@example.org,,1989-02-08,Female,Derekborough,Albania,2024-03-31T02:18:31,Active
670,Julie,Duncan,cust_670_daniellestevenson@example.net,258-279-6474,1957-08-01,,North Kurt,Albania,2025-07-01T14:27:49,Active
671,Jennifer,Jones,cust_671_tylerduncan@example.net,4467358068,1956-09-27,,East Coreyburgh,USA,2023-12-11T04:37:18,Active
672,Adam,Allen,cust_672_tracey63@example.com,,1983-01-12,Male,South Jamieville,Germany,2024-03-27T04:27:02,Inactive
673,Elizabeth,Macias,cust_673_tbecker@example.net,,1976-10-03,,East Donaldbury,Switzerland,2025-08-23T21:01:57,Active
674,Katie,Anderson,cust_674_chadwilson@example.org,946.606.6643,1988-12-03,Male,Lake Heatherton,Kosovo,2025-12-17T04:49:35,Inactive
675,Jonathan,Becker,cust_675_smitchell@example.com,,1994-06-23,,East Amandaburgh,,2026-02-23T16:39:53,Active
676,Daniel,Johnson,cust_676_wlopez@example.net,911-963-1873x280,1960-04-07,Female,,Albania ,2023-06-19T20:38:09,Active
677,Joanna,Ramos,cust_677_bateswilliam@example.org,,2007-12-24,Male,South Christina,USA,2024-11-11T13:52:15,Active
678,Alexis,Hernandez,cust_678_sandra57@example.org,,1999-07-07,Male,Lake Louis,Kosovo,2025-06-02T14:27:05,Active
679,Megan,Guzman,cust_679_angela28@example.com,5667248132,1959-07-16,,Johnsonmouth,Albania,2023-04-18T18:46:52,Active
680,Andre,Le,cust_680_mitchell21@example.net,,1971-07-31,Male,Lake Cameronhaven,usa,2025-04-09T23:10:11,Active
681,Deanna,Campbell,cust_681_vcole@example.org,2603906913,2002-02-24,,Lake Madisonfort,Albania,2025-06-06T18:45:40,Active
682,Nicole,Richardson,cust_682_reynoldskevin@example.org,494.857.7278x5324,1986-12-23,,,USA,2024-02-04T13:31:09,Inactive
683,Jennifer,Harris,cust_683_jennifercarroll@example.net,(983)762-5366x67776,2000-07-18,,Markfurt,USA,2023-07-26T18:52:29,Active
684,Andrea,Moore,cust_684_bgiles@example.org,+1-957-686-5436x271,1985-10-28,,Williamsborough,Kosovo,2024-06-08T13:44:25,Active
685,Leslie,Sanchez,cust_685_kathryntucker@example.net,5364924926,2007-08-18,Female,,Albania,2024-09-30T21:59:33,Active
686,Michael,Blankenship,cust_686_talvarez@example.org,+1-780-511-1000x515,1975-05-25,Female,East Kyle,Germany,2023-04-13T13:31:08,Active
687,Regina,Davis,cust_687_taylorparker@example.com,918-622-2618x9628,1988-02-17,,North Elizabeth,Kosovo,2023-08-16T19:22:11,Active
688,Casey,Taylor,cust_688_erica21@example.net,(209)957-9927,1969-02-03,Female,Nicoleland,USA,2024-07-28T17:24:46,Active
689,Juan,Meyer,cust_689_burnsrebecca@example.org,+1-654-515-9709x9625,1999-11-15,Male,,Switzerland,2025-03-08T13:47:21,Inactive
690,Ashley,Turner,cust_690_rebeccajames@example.org,344.776.5047,2002-12-29,Female,East Monicatown, usa,2026-02-15T05:24:41,Active
691,Christopher,Wade,cust_691_michelle10@example.org,+1-946-655-8665x25483,2007-07-16,Female,Christophermouth,Kosovo,2025-11-09T14:48:53,Active
692,Chad,Aguilar,cust_692_vwelch@example.net,331-325-1293,1962-11-18,,Lake Alexandermouth,USA,2025-08-17T04:36:08,Active
693,Thomas,Gonzalez,cust_693_ljacobs@example.com,+1-510-223-1211x063,1975-04-13,Male,South Lukehaven,Albania,2023-10-27T06:05:13,Active
694,Victoria,Martin,cust_694_carolyn84@example.org,001-590-372-8012x3428,1984-09-14,Female,East Jacobmouth,Switzerland,2026-03-20T20:23:40,Active
695,Tiffany,Craig,cust_695_brianna59@example.net,753-280-4421x017,1960-02-29,Female,Millermouth,,2023-01-19T15:21:10,Active
696,Hannah,Ortiz,cust_696_ynguyen@example.com,001-945-775-7574,1987-03-25,Male,East Brenda,Switzerland,2023-03-08T07:57:07,Active
697,Brittany,White,cust_697_smiththomas@example.com,772.226.6025x626,1978-08-20,Female,Moodyburgh,kosovo,2023-08-23T15:07:44,Active
698,Kevin,Moses,cust_698_jeremy79@example.net,,1989-08-24,Female,North Tyler, kosovo,2023-09-03T22:27:39,Active
699,Eric,Mccoy,cust_699_mcarr@example.org,(962)570-5115x79423,1991-09-21,,Henryport,USA,2025-09-08T00:20:50,Active
700,Ruth,Kaufman,cust_700_angela95@example.net,555-725-9710x7563,1968-11-27,Female,Port Rachel,USA,2025-09-11T16:26:22,Active
701,Karen,Hanson,cust_701_morenosteven@example.net,(959)239-9337,1973-10-12,Male,Williamville,Switzerland,2024-08-19T17:54:06,Active
702,Dustin,Nelson,cust_702_todd59@example.net,576-534-2507,1969-04-17,Male,West Michaelfort,Germany,2025-05-22T20:19:35,Active
703,Anthony,Pearson,cust_703_dmiller@example.org,+1-839-291-4038x8436,1986-01-28,,Joseberg,Albania,2024-04-04T23:32:02,Inactive
704,David,Parrish,cust_704_uwood@example.net,+1-968-629-7514x7439,1981-03-14,Male,New David,Germany,2023-01-27T08:10:25,Active
705,Gregory,Austin,cust_705_schneidermario@example.net,,1958-05-11,,Lake Ryanmouth,USA,2024-09-06T10:42:51,Active
706,Richard,Brown,cust_706_zmay@example.net,702.771.1221x82315,1966-03-24,Female,South Matthewland,Albania ,2025-02-04T00:04:45,Active
707,Bobby,Robinson,cust_707_stephaniebest@example.org,+1-213-272-1433,1989-09-29,Male,Lake Meganbury,Albania,2025-01-13T14:58:38,Active
708,Marcus,Avila,cust_708_wsmith@example.com,,1989-03-05,Male,,Albania ,2024-05-11T06:17:43,Active
709,Carlos,Gonzalez,cust_709_clarkbrandi@example.org,,1979-06-15,,Lake Jenniferchester,Kosovo,2025-05-04T10:38:42,Active
710,James,Lawson,cust_710_james46@example.org,001-619-658-2632x809,1999-12-11,,Williamburgh,Germany,2026-07-20T20:25:58,Inactive
711,Lisa,Ward,cust_711_hollandjerry@example.com,570-579-8632x1061,1970-06-07,,Marissaborough,USA,2025-07-10T14:16:03,Active
712,Jamie,Arroyo,cust_712_dcortez@example.com,,1996-08-19,,West Alexanderburgh,Germany,2024-06-02T17:53:16,Active
713,Justin,Hatfield,cust_713_chrisrodriguez@example.org,,1957-10-20,,South Timothy,Switzerland,2025-07-16T00:05:37,Active
714,Kevin,James,cust_714_coltonrichardson@example.net,,1968-08-29,Female,Port Alexview,,2023-01-01T00:21:12,Active
715,Jenny,Gibson,cust_715_joseph97@example.org,(351)246-0401x42473,2005-06-14,,Thompsonville,Germany,2023-05-14T17:51:51,Active
716,Juan,Mendoza,cust_716_andrew43@example.org,001-423-216-6007x676,2002-08-11,Female,Lake Bryanview,Albania,2026-01-07T19:03:19,Inactive
717,Rachel,Barber,cust_717_malikfowler@example.com,700.996.8730x451,1967-07-08,Female,Stephensstad,Switzerland,2025-10-20T02:26:15,Active
718,Christopher,King,cust_718_marvinhoward@example.com,001-865-775-4278,1986-05-09,Male,,,2024-11-01T15:21:54,Inactive
719,Dustin,Peterson,cust_719_melissaberry@example.org,,2002-11-07,,North Matthew,Albania,2025-08-29T00:01:50,Inactive
720,Mary,Brooks,cust_720_zmills@example.org,(416)518-8081x9048,1994-12-11,Male,Tracymouth,Switzerland,2026-02-10T21:31:14,Active
721,Jason,Little,cust_721_andrewjohnson@example.org,(361)637-2308x172,1969-10-09,,Port Richard,Switzerland,2026-07-05T22:52:38,Active
722,Carl,Chavez,cust_722_hendersonmichael@example.com,,1956-05-25,,Port Kimberly,Germany,2023-04-21T19:36:16,Active
723,Jackie,Callahan,cust_723_xmullins@example.org,001-294-956-5346x997,1984-06-11,Female,South Luistown, albania,2024-02-02T08:15:02,Active
724,Sandra,Gibson,cust_724_john70@example.com,001-399-357-0607x174,1976-10-05,,Lake Maria, albania,2025-09-07T16:31:32,Active
725,Annette,Solis,cust_725_kingdavid@example.net,+1-273-996-1029,1989-02-05,,New Howardview,Switzerland,2025-12-18T22:55:45,Active
726,Paul,Garner,cust_726_kelseywilliams@example.org,(374)420-4956,1970-11-19,Female,East Timothybury,Switzerland,2023-01-09T20:13:54,Active
727,Micheal,Stephens,cust_727_rwells@example.com,997-737-1122x29907,1993-08-08,,Smithhaven,,2025-12-13T19:11:22,Inactive
728,James,Keller,cust_728_angela71@example.net,001-361-211-4576x832,1968-04-20,Male,North Ashley,Switzerland,2025-10-29T11:36:38,Active
729,Alicia,Adams,cust_729_turnerlisa@example.com,001-461-880-3324,1972-04-05,Female,West Briantown,Switzerland,2023-06-25T03:43:15,Active
730,Thomas,Mendoza,cust_730_thompsonangela@example.net,,1992-07-09,Female,Solisborough,Albania,2025-10-28T13:04:10,Active
731,Michelle,Jones,cust_731_knightjohn@example.com,,1998-04-02,,East Elizabethhaven,Germany,2023-08-14T21:00:08,Active
732,Sharon,Clayton,cust_732_bbrown@example.org,,1977-06-27,Male,,Kosovo,2024-07-15T21:59:33,Active
733,Carol,Butler,cust_733_bushkimberly@example.net,001-460-535-6793x27986,1958-05-25,,Tylerland,USA,2024-11-03T05:46:24,Active
734,Tracy,Peterson,cust_734_kingjoseph@example.com,(946)847-5489x547,1975-05-05,,South Matthew,Switzerland,2025-12-10T02:09:28,Active
735,Carla,Santiago,cust_735_kaylazamora@example.org,+1-883-655-3935x435,2008-01-27,Female,,Albania,2024-02-14T23:17:00,Inactive
736,Maria,White,cust_736_zbrooks@example.com,001-343-658-8537x982,2004-06-22,,East Carly,SWITZERLAND,2025-09-11T00:30:46,Active
737,Matthew,Scott,cust_737_kingtammy@example.net,,1982-06-06,,Sarahmouth,SWITZERLAND,2025-04-14T20:02:43,Inactive
738,Brent,Patterson,cust_738_elarson@example.com,8135477894,1982-01-03,Female,, switzerland,2024-02-17T18:03:32,Inactive
739,Alejandro,Morgan,cust_739_justin33@example.org,412-321-5001x41884,1997-10-03,,Harrisshire,USA,2023-04-04T00:29:02,Active
740,Christopher,Yang,cust_740_lisa11@example.org,+1-494-885-3208x953,1983-05-03,Male,New Christina,Germany,2023-09-07T03:59:17,Active
741,Patricia,Lowery,cust_741_daniel34@example.com,,1995-02-14,,East Stephen,SWITZERLAND,2023-09-15T07:36:07,Active
742,Melanie,Ortiz,cust_742_vramos@example.com,,1997-07-14,,Griffinbury,kosovo,2023-06-05T21:56:18,Inactive
743,Carolyn,Hale,cust_743_zjackson@example.org,001-860-984-3768x55078,1970-07-05,,West Drew,Albania,2023-05-01T04:04:34,Active
744,Jennifer,Roach,cust_744_eburke@example.org,,2002-05-24,,Michaelview,USA,2024-01-22T10:39:21,Active
745,Christopher,Scott,cust_745_josephbuck@example.com,001-831-270-6955,1988-03-29,Male,Grahammouth,Germany,2024-10-20T21:00:14,Active
746,Christina,Tran,cust_746_christian47@example.org,(823)798-9830,1975-08-18,Male,Port Jeremyburgh,Germany,2023-05-24T12:03:21,Active
747,Amy,Mcmahon,cust_747_joelmorton@example.org,(364)523-6428,1996-09-08,,New Brettburgh, albania,2024-03-23T18:28:39,Active
748,Katie,Palmer,cust_748_masonpatricia@example.com,001-411-414-2817x852,1964-11-11,Female,Port Alan,Germany,2023-09-24T20:57:53,Active
749,Jennifer,Martin,cust_749_jonesnicholas@example.org,(607)922-3959,1975-03-23,Female,South Gregory,Germany,2023-06-20T16:28:51,Active
750,Linda,Clark,cust_750_meagan19@example.com,887.668.8687x859,1981-09-17,Male,Jacksonfort,USA,2023-07-16T02:33:44,Active
751,Rebecca,King,cust_751_dowens@example.com,(445)605-7303x6279,1969-08-10,,Sancheztown,kosovo,2023-12-19T17:50:18,Active
752,Stacie,Prince,cust_752_phillipsbrian@example.com,,1981-12-25,Male,Andersonton,usa,2024-01-17T03:54:27,Active
753,Victoria,Thomas,cust_753_brian83@example.net,+1-761-594-5887x0715,1991-02-20,Female,Sandraburgh,Kosovo,2023-01-18T04:12:15,Inactive
754,Lauren,Stevens,cust_754_justin08@example.net,,1964-01-26,Female,Andrewfurt,Kosovo,2024-06-02T21:56:54,Active
755,Christopher,Reyes,cust_755_crobinson@example.com,976.680.8981x265,1956-07-03,Male,East Kathleen,Kosovo,2023-11-01T23:52:16,Active
756,Jessica,Buchanan,cust_756_taylorzavala@example.net,(636)593-6268,1989-04-05,Female,North Frankton,Switzerland,2024-02-17T10:50:38,Active
757,Brittany,Fleming,cust_757_jeremyjohnson@example.com,717-759-5749,1974-03-15,,Lake Evelyn,USA,2026-01-18T03:26:45,Active
758,Michael,Newton,cust_758_tknight@example.org,584-976-0944x12833,1972-03-07,Male,North Heidi,germany,2025-02-24T19:13:06,Active
759,David,Young,cust_759_zreilly@example.net,(497)815-0666,1970-03-30,Female,Goodmouth,Germany,2024-07-29T08:46:15,Active
760,Amber,Vasquez,cust_760_michaellaura@example.net,(363)343-9252x9596,1999-10-10,Male,North Lauratown,Albania,2023-08-22T02:07:46,Active
761,Benjamin,Aguilar,cust_761_mendezlori@example.org,(700)372-0245,1967-03-30,,East Patriciamouth,Switzerland,2023-06-05T07:12:02,Inactive
762,Cody,Obrien,cust_762_antonio52@example.net,(971)649-4981x9421,1987-11-05,Male,Lake Kimberly,Albania,2025-03-10T20:32:41,Active
763,Nancy,Hernandez,cust_763_umartinez@example.org,958.444.6634x533,1974-11-25,,North Christopher,switzerland,2025-07-01T22:24:49,Active
764,Brandon,Randall,cust_764_perry77@example.net,001-255-793-7661x89437,1982-09-23,,South James,Germany,2023-04-13T14:43:19,Active
765,Bobby,Taylor,cust_765_mkrueger@example.net,001-857-325-6592x024,1967-12-18,,Hutchinsonmouth,Germany,2023-08-19T04:05:42,Active
766,Cheyenne,Salazar,cust_766_ucarrillo@example.org,(400)755-9550x17833,1986-08-21,,Alyssahaven,Switzerland,2025-07-06T06:58:50,Active
767,Sandra,Davenport,cust_767_shannonevans@example.net,001-998-848-7045x0691,1958-04-25,Male,Sloanshire,Switzerland,2023-12-25T18:15:44,Active
768,Susan,Lang,cust_768_amanda86@example.org,594.964.0830,1989-10-28,Male,South Aaron,USA,2023-03-16T04:45:42,Inactive
769,Mark,Sanchez,cust_769_ismith@example.net,001-749-407-9388x4136,2005-06-04,Female,North Gina,Switzerland,2023-05-04T18:34:11,Active
770,Cameron,Townsend,cust_770_tammy17@example.com,624-346-2632x514,1963-12-11,,East Morgantown,germany,2024-01-08T03:07:27,Inactive
771,Francis,Peterson,cust_771_timothymiddleton@example.net,587.681.7941x51526,1979-08-04,Male,New Lindaland,ALBANIA,2023-04-09T12:57:10,Active
772,Brenda,Terry,cust_772_marypeck@example.com,5569618632,1993-08-12,,,Switzerland,2026-04-16T12:48:17,Active
773,Michelle,Miller,cust_773_wheeleranna@example.org,001-776-755-3007x30950,1996-01-10,,Bradytown,Kosovo,2024-05-04T14:23:44,Active
774,Benjamin,Rodriguez,cust_774_elizabeth24@example.com,(777)588-5190,1966-02-03,,Amandachester,Switzerland,2024-03-31T20:39:29,Active
775,Sarah,Morrison,cust_775_coxcody@example.com,256-618-5174x460,2007-12-10,Female,Jackland,Kosovo,2023-08-02T11:33:54,Active
776,Diane,Garcia,cust_776_cgoodwin@example.com,351-629-3913x04488,1984-04-09,Female,,USA,2025-05-08T01:43:29,Active
777,Daniel,Moore,cust_777_christopherjackson@example.net,354-902-1190,1994-05-26,,South Lisafurt, kosovo,2025-04-21T21:53:52,Inactive
778,Jason,Estrada,cust_778_mallorycarter@example.org,001-610-573-2283x608,1983-03-17,Male,Kelleyton,Germany,2024-10-29T13:14:20,Active
779,Johnny,Anderson,cust_779_lisacarpenter@example.net,001-669-944-3916,1972-08-10,,North Richardborough,Germany,2026-03-06T02:11:11,Active
780,Heather,Gutierrez,cust_780_jamie22@example.net,(603)330-1623,1999-10-10,Male,Lake Jasonville,Switzerland,2026-07-13T07:33:02,Active
781,Tracy,Hill,cust_781_kingryan@example.org,455-566-8473,1959-11-10,Female,Gomezbury,Switzerland,2025-01-31T01:17:34,Active
782,Kristi,Moreno,cust_782_pbailey@example.org,6786436142,1986-04-04,Female,South Kayla, germany,2025-01-05T03:26:27,Active
783,Jimmy,Tucker,cust_783_valeriearnold@example.net,447.264.2737,1965-07-11,Male,,Kosovo,2026-04-28T06:04:54,Active
784,Joseph,Wood,cust_784_hannah48@example.com,,2006-06-21,Female,,Germany,2023-06-20T14:33:01,Active
785,Hannah,Spencer,cust_785_aaron32@example.org,(401)991-3443x8998,2005-07-14,,East Susanmouth,Albania,2026-04-08T19:30:00,Active
786,Michael,Blake,cust_786_trevor68@example.org,964-549-3699x9516,2002-08-13,Female,West Brandon,USA,2024-06-06T04:30:17,Inactive
787,Jennifer,Walker,cust_787_jefferydavis@example.com,819-323-6037,1956-06-22,Female,Lake Veronicaside,Kosovo,2024-11-16T12:09:16,Active
788,Brianna,Cole,cust_788_claytonmclean@example.net,,1963-10-06,Female,Martinezview,Kosovo,2025-09-25T21:29:39,Active
789,Crystal,Hodges,cust_789_alvarezjoshua@example.org,,2000-05-29,Female,Port Johnside,Germany ,2026-03-05T12:28:12,Active
790,Frank,Rodgers,cust_790_contrerasjames@example.org,001-807-736-5118x93940,1971-08-14,,Karenside,USA,2025-12-17T02:29:12,Active
791,Courtney,Beard,cust_791_mary62@example.net,001-402-233-3247x0739,1959-12-26,Female,Lake Rhondaborough,USA,2024-07-23T13:25:11,Active
792,Robert,Hamilton,cust_792_josephmeyer@example.net,(876)302-5082,2001-10-04,Female,Port Ericland,Albania,2023-08-27T19:49:53,Active
793,Wendy,Patel,cust_793_stephaniecoleman@example.net,,1985-12-19,Male,Oliviaburgh,Germany,2026-07-11T10:59:29,Active
794,Amanda,Vincent,cust_794_pfoster@example.net,354-393-0364x687,2004-02-29,Female,North Jerry,Germany,2025-12-23T19:56:31,Active
795,Jose,Dunn,cust_795_bradleyhenry@example.org,001-320-582-8323x0898,1965-03-09,,West Alicialand,USA,2024-02-08T08:45:36,Active
796,Anthony,Cannon,cust_796_rowehannah@example.net,318.729.7168,1957-09-29,Female,Martinview,Germany,2024-06-08T13:40:42,Active
797,Christopher,Lee,cust_797_gonzalespatricia@example.net,,1980-12-17,,West Frederickshire,Switzerland,2023-05-06T22:15:18,Active
798,Dylan,Barnett,cust_798_hmitchell@example.org,6906255618,1965-12-04,,Erikside,Albania ,2026-06-16T14:06:29,Active
799,Jose,Sanchez,cust_799_dana15@example.net,(848)990-5670,1990-10-14,,North Caroltown,Albania,2025-10-25T10:31:57,Active
800,Lorraine,Glover,cust_800_jblair@example.net,582-766-9136x248,1958-05-11,,Donnastad,Switzerland,2024-04-26T18:20:56,Active
801,Brandon,Martinez,cust_801_hking@example.org,+1-270-463-3699x8795,1993-07-02,,North Bruce,USA,2026-05-30T20:29:35,Inactive
802,Gregory,Fry,cust_802_pgilmore@example.net,,1968-11-14,,West Connieview,Kosovo,2025-09-27T01:45:43,Active
803,Deborah,Ross,cust_803_ericjones@example.net,,1982-11-27,Female,Robbinsborough,Germany,2025-03-31T17:14:44,Active
804,Johnathan,Murray,cust_804_shortkelly@example.net,+1-442-789-4642x036,1982-03-18,,Lewisport,Germany,2026-04-24T00:56:05,Active
805,Katherine,Cline,cust_805_lopezkristina@example.net,,2001-08-30,,West Sophia, kosovo,2024-08-03T11:14:21,Active
806,James,Grimes,cust_806_barnettterry@example.com,,1983-08-30,Male,Matthewburgh,Germany,2024-04-01T10:53:31,Active
807,Jessica,Anderson,cust_807_nunezmatthew@example.com,448-698-8031x538,2002-06-02,Male,,Albania,2024-05-30T01:07:32,Active
808,Christopher,Dawson,cust_808_ufox@example.org,+1-304-833-3353x8495,1992-09-21,,Port Donald, germany,2023-06-08T17:23:05,Active
809,Christopher,Shelton,cust_809_zrobinson@example.net,,1977-08-29,Female,New Theresabury,,2025-07-10T16:29:14,Active
810,Angela,Shields,cust_810_smithjack@example.org,706.801.1987,1957-09-05,,South Susanchester,Kosovo,2026-04-24T23:59:39,Active
811,Jessica,Morrow,cust_811_hornerebecca@example.org,001-215-561-8298,1997-12-10,Female,Cookfort,Usa ,2024-02-14T22:25:33,Active
812,Michael,Blackwell,cust_812_collinschad@example.org,,1991-06-21,,South Micheal,Switzerland,2026-05-15T10:58:38,Inactive
813,Shelly,Obrien,cust_813_charleshayes@example.com,+1-494-818-4336x8750,1978-08-29,Female,East Lisa,USA,2023-09-02T22:39:56,Active
814,Chase,Scott,cust_814_dominguezmeredith@example.com,,1964-07-12,Female,,USA,2024-10-11T18:11:52,Active
815,Sheila,Acevedo,cust_815_meyerjames@example.com,386.305.0537x66608,1982-10-02,,South Kimberly,Switzerland,2023-01-28T21:55:35,Inactive
816,Andrea,Graham,cust_816_washingtonmelanie@example.com,+1-610-762-7153x123,2007-08-09,,Brettchester,KOSOVO,2025-03-01T19:43:19,Active
817,Marie,Roberts,cust_817_wilsonkevin@example.net,,1956-01-07,Female,New Jason,Albania,2025-03-25T18:29:02,Active
818,Heather,Obrien,cust_818_romerovictoria@example.net,773.354.3788x26033,2003-10-30,,North Elizabethmouth,USA,2025-12-09T14:21:55,Active
819,Nicholas,Deleon,cust_819_maria99@example.net,444-892-0749,2005-05-04,,Wangshire,Kosovo,2026-06-09T07:02:07,Active
820,Erika,Zavala,cust_820_amandadiaz@example.com,,1999-01-05,,,Kosovo,2025-11-15T23:41:58,Active
821,Kimberly,Weiss,cust_821_kimberly66@example.net,001-632-559-1408,1993-10-11,,East Daniel,Switzerland,2026-07-27T15:08:08,Active
822,Anna,Vang,cust_822_abigailrobinson@example.net,9698087261,2000-10-06,,Lake Scottborough,Switzerland,2024-04-25T19:03:42,Active
823,Brittany,Howard,cust_823_ryanadams@example.net,+1-453-882-8040x561,1981-09-14,,Anthonyberg,Albania,2024-09-23T01:23:12,Active
824,Jay,Hoffman,cust_824_rgarcia@example.org,,2007-11-03,,Cooperland,Kosovo,2026-07-12T03:21:52,Active
825,Melissa,Nelson,cust_825_bondmarissa@example.org,885.495.1434,1988-03-27,Female,New Laura,Switzerland,2024-04-27T17:19:39,Active
826,Tara,Dickerson,cust_826_doughertynicholas@example.org,001-530-308-6966x10168,1997-05-01,Male,Lake Jamesmouth,USA,2026-07-03T08:33:44,Active
827,Manuel,Chavez,cust_827_michelleboyd@example.net,,1985-11-05,Female,Christopherland,Albania,2026-02-20T00:34:51,Active
828,Nicole,Barber,cust_828_mpowers@example.org,+1-662-805-3440x7779,1979-02-15,,North Jennifer,Albania,2024-11-28T12:52:06,Active
829,Carlos,Lee,cust_829_shawndavis@example.org,3816776029,1977-01-22,,South Sharonside,Germany,2024-02-13T05:51:35,Inactive
830,Melvin,Woodward,cust_830_mcdonaldsara@example.com,,1956-05-27,Female,Jenniferburgh,,2023-11-11T18:10:04,Active
831,Louis,Mcdonald,cust_831_nicholas33@example.com,521.819.2061,1960-09-26,,Port William,Switzerland ,2025-11-06T05:43:23,Active
832,Jessica,Jackson,cust_832_brandon64@example.net,,1958-08-09,,Kurtshire,Kosovo,2023-03-18T09:43:12,Active
833,Shannon,Fleming,cust_833_rossamanda@example.org,,1987-03-15,Female,South Joshuaton,Kosovo,2024-01-03T09:38:20,Active
834,Ashley,Peterson,cust_834_rmueller@example.net,001-378-522-1021x7982,1985-06-24,,Aprilchester,Switzerland,2023-09-24T14:26:35,Active
835,Andrew,Floyd,cust_835_hpowell@example.com,763.883.1828,1988-03-24,Male,West Jeremymouth,albania,2026-02-21T15:55:07,Active
836,Mark,Moore,cust_836_qshelton@example.com,001-406-373-6820x506,1956-09-08,Male,East Jeffrey,USA,2024-06-26T14:59:24,Active
837,Brittany,Barton,cust_837_joe99@example.net,001-458-771-4692x18219,1975-05-02,Female,Novakton,Kosovo,2025-05-16T02:05:28,Active
838,Matthew,Moss,cust_838_hollandjustin@example.com,+1-802-620-5093,1998-04-13,Male,Deborahport,USA,2025-07-29T18:18:58,Active
839,Teresa,Lopez,cust_839_xhill@example.org,+1-887-907-1523,1997-06-18,Female,Woodsside,Kosovo,2026-04-09T18:23:54,Active
840,Zachary,Gonzalez,cust_840_gibbsamanda@example.net,877-998-7682,1991-05-13,,Port Mary,Germany,2024-05-12T06:47:59,Active
841,Anthony,Martinez,cust_841_rachel25@example.com,8628350405,1973-12-09,Female,Ginashire,USA,2023-03-01T12:30:59,Active
842,Melanie,Clarke,cust_842_michellelee@example.net,428-567-9632x594,1962-09-11,,Lake Amanda,USA,2025-06-13T20:49:11,Active
843,Gabrielle,Moon,cust_843_amandamorgan@example.com,,1967-10-14,Female,Richardview, switzerland,2023-05-04T15:57:43,Active
844,Richard,Lawrence,cust_844_matthewfranklin@example.net,,1980-11-10,Male,Paulshire,Albania,2023-09-24T23:18:01,Active
845,Alexis,Flores,cust_845_smejia@example.com,938-618-6550,1970-12-08,Female,Herringside,Kosovo,2024-05-18T21:37:37,Active
846,Janet,Perkins,cust_846_laura15@example.org,9349918911,1982-07-12,Male,North James,Switzerland,2026-07-18T01:24:19,Active
847,John,Simmons,cust_847_brandon94@example.org,515-847-1553x1325,2003-02-13,Male,Lunahaven,USA,2023-06-01T06:30:39,Active
848,Kimberly,Thompson,cust_848_hgilbert@example.net,,1995-12-12,Male,West Stephanieland,USA,2023-02-24T16:03:35,Active
849,Lisa,Pacheco,cust_849_ubutler@example.net,778.809.2704x52388,1990-02-21,,East Savannah,Switzerland,2025-05-15T21:37:25,Active
850,Jennifer,Austin,cust_850_waynetorres@example.net,(778)874-4227x58548,1963-10-03,Male,Lauramouth,Germany,2026-05-08T12:08:47,Active
851,Charles,Young,cust_851_lloydmiranda@example.org,665-702-0002,1969-11-09,,New Deborah,Kosovo,2023-12-27T12:55:34,Active
852,Christina,Cruz,cust_852_sthomas@example.org,4553708368,1984-06-20,,Kevinhaven,Kosovo,2025-03-26T05:39:35,Active
853,Amy,Velasquez,cust_853_jamesbrown@example.org,574.362.0258x254,1996-12-15,Female,Port Lisa,Kosovo,2026-01-04T03:57:53,Active
854,Angela,Cooper,cust_854_katiepowell@example.net,(504)891-0601,1961-08-09,Female,Tracyborough,USA,2026-01-19T16:00:03,Active
855,Lisa,Bond,cust_855_qreyes@example.net,+1-872-425-7754x58472,1972-02-01,,West Douglasland,Albania,2025-03-04T16:46:57,Active
856,Sue,Howe,cust_856_hunter29@example.net,001-516-908-2717x2173,1997-07-08,Male,New Diana,Switzerland,2023-10-17T04:07:00,Active
857,Joyce,Keith,cust_857_oconnorlauren@example.net,,1995-07-02,,,USA,2023-11-29T14:10:13,Active
858,Joseph,Martinez,cust_858_fmclaughlin@example.org,743-588-2325,1966-09-03,,West Angela,Kosovo,2024-04-23T13:21:43,Active
859,Fernando,Rivera,cust_859_fwolf@example.net,(943)909-5449x7912,1963-05-03,Male,East Ashleymouth,Albania,2023-04-19T13:24:27,Active
860,Mark,Riley,cust_860_davidjohnson@example.net,,2006-11-26,,South Jean,albania,2026-06-23T22:37:05,Active
861,Wesley,Boyer,cust_861_nbailey@example.net,225-660-8320,2006-01-13,Female,Obrienmouth,Germany,2025-03-16T15:42:14,Active
862,Audrey,Rodriguez,cust_862_reedmonica@example.org,001-658-552-3860x0304,2005-03-20,Male,Brewershire,kosovo,2026-05-18T19:44:13,Active
863,William,Brown,cust_863_rhondaray@example.com,001-310-629-2950,1961-04-21,,South Joshua,Germany,2026-02-15T15:52:57,Active
864,Steven,Keller,cust_864_wilsonkelsey@example.net,497.419.1260,1961-10-01,Female,East Ericmouth,Kosovo ,2024-09-29T02:03:55,Active
865,Sara,Wolf,cust_865_jamesdean@example.net,216-961-2201,1970-04-01,Male,Lake Matthew,Albania,2026-02-27T13:22:35,Active
866,Matthew,Herrera,cust_866_stanleymcdowell@example.com,,2008-07-12,Male,West Ashleychester,USA,2024-08-13T18:00:01,Active
867,Craig,Mitchell,cust_867_igarrett@example.com,,1956-04-10,Female,East Kathyport,USA,2023-10-01T14:52:10,Active
868,Jennifer,Franco,cust_868_cochranjill@example.org,001-552-729-4620,1970-04-14,,,Germany,2024-06-27T16:01:33,Active
869,Mark,Richardson,cust_869_kathryn23@example.org,001-499-652-9701x371,1973-04-30,,South Savannah,germany,2025-05-03T22:06:50,Active
870,Veronica,Conrad,cust_870_nmartinez@example.org,,1988-04-18,Female,Lake Kimberlytown,,2023-08-07T19:06:46,Active
871,Robert,Anderson,cust_871_amanda15@example.com,987.340.2990,1973-06-11,Female,Simmonsshire,Albania,2023-02-04T18:24:05,Active
872,Dawn,Walker,cust_872_antonio01@example.org,,1997-08-10,Female,Port Natalie,Albania,2025-09-08T08:46:40,Active
873,John,Skinner,cust_873_maryking@example.com,(767)797-5649x157,1955-11-12,Female,Ronaldburgh,Albania,2024-01-18T07:10:52,Active
874,Kathryn,Davis,cust_874_rodneywilliams@example.org,208-801-8103,1990-11-07,Female,North Shannon,USA,2024-03-05T00:21:48,Inactive
875,Cristian,Brown,cust_875_martinnovak@example.com,257-912-9015,1980-04-02,Female,East Williamchester,Usa ,2024-12-04T15:41:22,Active
876,Jon,Johnson,cust_876_hoffmanmatthew@example.net,747.743.6213x00962,2008-07-21,Female,Simmonschester,Germany,2025-07-15T02:27:59,Active
877,Mariah,Lyons,cust_877_dsmith@example.com,496.327.4666,1983-02-07,Male,Brendahaven,Switzerland,2024-01-09T16:16:23,Active
878,Joel,Tate,cust_878_hooveranna@example.net,(361)645-9011x07977,2003-10-29,,North Kaitlynview,Kosovo,2025-06-28T15:25:50,Active
879,Catherine,Fritz,cust_879_deborahgonzalez@example.net,+1-249-605-3152x0499,1985-07-21,Male,Noblefurt,Albania,2026-05-01T20:30:17,Active
880,Kelly,Jenkins,cust_880_jmoses@example.org,,1988-09-05,Male,Port Robertside,USA,2026-03-10T22:33:01,Active
881,Sean,Smith,cust_881_frederick62@example.org,607-379-4332x5623,1970-04-07,Male,,USA,2025-08-06T10:48:39,Active
882,Rebecca,Richard,cust_882_davisbrian@example.org,,2000-08-23,,Williamsmouth,Albania,2026-06-27T12:52:15,Inactive
883,Mary,Gordon,cust_883_sarah80@example.org,+1-904-418-1359x98989,1992-11-16,,North Theresatown,Kosovo,2026-02-09T12:02:31,Active
884,Bryan,Johnson,cust_884_barnesluke@example.net,(944)782-2175x8839,1962-01-20,Male,Randolphside,Albania,2023-09-26T02:03:49,Active
885,Lacey,Greene,cust_885_gcastro@example.org,(336)491-4961,1987-03-18,Female,Craigshire,Albania,2024-02-25T01:50:36,Active
886,Dawn,Thompson,cust_886_emily88@example.org,001-869-370-4095x3141,1978-05-12,Male,Ronaldfort,USA,2025-05-07T06:23:05,Active
887,Ruben,Baker,cust_887_edward70@example.org,001-865-817-9624x0964,1993-11-04,Female,Lake Joseph,Usa ,2025-08-08T09:42:14,Active
888,Christina,Beard,cust_888_tracifoster@example.org,516-622-5936x48820,2006-11-30,,Patelhaven,switzerland,2023-12-21T02:40:07,Active
889,Richard,Hall,cust_889_acortez@example.com,579.791.6091x14131,1968-05-17,Female,Port Morgan,Albania,2026-01-15T07:14:37,Active
890,Kevin,Thomas,cust_890_jensenroy@example.net,204.458.8165,1957-10-29,Male,Rebeccaview,Switzerland,2026-03-11T19:47:25,Inactive
891,Ashley,Payne,cust_891_paynestephanie@example.net,944.309.6617,1955-11-15,,Lake Jonathan,switzerland,2025-04-16T03:02:49,Active
892,Collin,Miller,cust_892_robert13@example.com,,1998-01-16,Female,Murrayside,Albania,2023-08-14T23:08:56,Active
893,Ashley,Barker,cust_893_murphybrianna@example.com,(566)848-6989,2000-08-02,,Collinshaven,Kosovo,2024-08-15T02:45:53,Inactive
894,Daniel,Wells,cust_894_dvega@example.org,7115929207,1996-03-27,Female,Smallton,Germany,2024-06-29T15:57:39,Inactive
895,Todd,Williams,cust_895_lindsay48@example.net,+1-386-636-5362,1972-09-15,Female,Nathanton,Switzerland,2024-08-11T17:30:27,Active
896,Evan,Wilkins,cust_896_leroy57@example.com,(804)966-4896,1978-10-23,,Williamschester,USA,2024-02-12T04:56:40,Inactive
897,Luis,Walker,cust_897_colemanjohn@example.com,,1973-03-29,,New Shannonport,Kosovo,2026-04-08T01:18:58,Active
898,Melissa,Wilson,cust_898_kellyrichmond@example.com,(762)526-5401x6599,1984-10-25,,North Heatherchester,Switzerland ,2023-09-06T23:04:48,Active
899,Sue,Ferguson,cust_899_aholder@example.net,674.362.5916x0112,1956-09-13,,West Reneehaven,USA,2026-06-20T12:02:48,Active
900,Scott,Floyd,cust_900_galvanjoshua@example.org,579-386-7782,2004-07-22,,New Caitlin, usa,2024-07-10T16:48:45,Inactive
901,Paul,Goodwin,cust_901_murraymichael@example.net,(742)561-2120x38437,1967-03-02,Female,Reedshire,Switzerland,2026-02-07T05:35:26,Active
902,Kevin,Richardson,cust_902_jmorgan@example.org,(748)624-2183x854,1960-11-24,,North Emmachester,USA,2024-01-31T07:07:51,Inactive
903,Jamie,Beck,cust_903_tracyjohnson@example.net,323-927-4897,1992-05-08,,Santanafurt,USA,2026-04-02T01:50:53,Inactive
904,Tiffany,Nguyen,cust_904_josephenglish@example.com,(621)775-0801x9630,1971-04-19,,North Paul,,2026-05-16T14:42:06,Active
905,Stephanie,Green,cust_905_ibrown@example.org,800-718-1677x8481,1992-02-03,Female,West Jonathan,Albania,2025-11-06T20:22:38,Active
906,Christine,Cole,cust_906_smithgina@example.net,,2001-03-28,Female,Haleyfort,USA,2025-07-25T08:47:51,Active
907,Beth,Anderson,cust_907_cgarcia@example.net,839-412-8788x48699,1965-01-14,Female,West Victoriamouth,Albania,2025-01-17T13:57:34,Inactive
908,Christopher,Daniel,cust_908_lpage@example.com,,1964-09-03,Male,Nicholaston,USA,2026-06-12T15:20:01,Active
909,Marie,Wong,cust_909_pmartin@example.org,,1994-05-02,,,Albania,2023-11-13T11:47:40,Active
910,Dakota,Daugherty,cust_910_kjohnson@example.net,,1969-12-22,,,Switzerland,2026-05-15T20:54:13,Active
911,Allen,Holt,cust_911_ymurray@example.org,(388)209-8322,1958-10-06,Female,North Jacobburgh,Switzerland,2023-01-04T06:45:48,Active
912,Keith,Lowery,cust_912_rachaelroberts@example.com,3896876108,1999-11-26,,West Patrick,USA,2023-05-25T09:04:19,Active
913,Marilyn,Tyler,cust_913_smithjessica@example.org,419.580.7468,1986-10-12,Male,Kyleshire,Germany,2024-05-06T11:57:25,Inactive
914,Alexander,Holland,cust_914_kerry11@example.net,001-862-805-4596x71500,1970-12-23,,Hendersonland,Kosovo,2023-04-25T16:25:24,Active
915,Anna,Lee,cust_915_skelley@example.net,207-785-1699x4970,1965-04-06,Female,,Albania,2026-04-15T19:44:12,Active
916,Allison,Fleming,cust_916_eharrington@example.com,(889)399-6269x7083,1957-10-06,Female,,USA,2025-01-03T23:16:20,Active
917,Melinda,Welch,cust_917_omarturner@example.org,(596)425-7197x609,1993-05-01,,North Davidstad,kosovo,2024-12-07T02:55:53,Active
918,Christopher,Adkins,cust_918_mphillips@example.org,7953217558,1960-10-03,,Tuckerport,Switzerland,2026-01-01T20:03:40,Active
919,Amber,Robles,cust_919_juanfranklin@example.net,,1983-02-02,,,Germany ,2023-05-31T00:27:53,Active
920,Donald,Hahn,cust_920_william17@example.org,,2003-10-19,Female,South Joseph,Kosovo,2023-09-10T18:35:46,Inactive
921,Tyler,Smith,cust_921_hurleybrandon@example.net,854-421-8545x705,1982-11-07,,Port Beckyberg,USA,2024-07-24T09:02:51,Active
922,Cheryl,Clay,cust_922_adam17@example.net,656.940.7232,2000-01-17,Female,New Frank,Albania,2025-05-19T21:56:26,Active
923,Helen,Rush,cust_923_wilsonnathan@example.org,922.347.3126x16850,1997-03-21,,Port Michaelside,Switzerland,2025-09-23T12:07:24,Active
924,James,Johnson,cust_924_pachecobrittney@example.net,(771)515-2610,1956-09-05,,Brownshire,Germany,2023-07-31T12:34:20,Active
925,Robert,Peters,cust_925_michellejenkins@example.org,6745189485,1996-03-07,Male,Port Ashley,Switzerland,2024-12-28T12:25:46,Active
926,Darrell,Huff,cust_926_chunglaura@example.net,,1965-04-16,Male,Joshuafort,Albania,2026-04-04T22:13:06,Active
927,James,Collins,cust_927_lewiskaylee@example.org,,1958-02-04,,,Switzerland,2025-01-06T13:01:52,Inactive
928,Nicole,Allen,cust_928_robertbrown@example.com,650-525-8963x217,1992-10-23,Male,Samuelhaven,,2026-04-01T17:46:49,Active
929,Rebecca,Costa,cust_929_richard28@example.org,(606)473-9834x48838,1978-03-12,,Laurenfurt,Switzerland,2026-05-24T07:54:07,Active
930,Alec,Johnson,cust_930_rachel51@example.org,807-474-0657x95515,1989-04-03,,New Ian,USA,2026-07-05T01:15:11,Active
931,Cory,Miller,cust_931_fordwilliam@example.com,,1962-02-16,,Jessicaville,Kosovo,2023-12-29T20:09:29,Active
932,Sherri,Fleming,cust_932_mcdanielgregory@example.net,,1957-04-19,,East Markport,usa,2025-12-29T20:58:21,Active
933,Lisa,Ellison,cust_933_floresmatthew@example.net,(795)735-4120x1227,1968-02-20,Female,North Ericchester,USA,2026-03-25T21:56:52,Active
934,Sarah,Erickson,cust_934_dawn31@example.org,(994)579-5074x071,1956-05-04,Female,South Brooke, usa,2023-03-18T22:08:43,Active
935,Charles,Evans,cust_935_mosesveronica@example.com,(249)534-0391x0452,1997-07-22,Male,Williamsport,Germany,2023-04-11T01:21:32,Active
936,Brian,Stuart,cust_936_schneiderraymond@example.com,+1-828-355-3595x205,1992-12-08,,,Albania,2023-02-21T15:56:08,Active
937,Eileen,Hudson,cust_937_kristopher53@example.org,9186677403,1955-11-14,Male,Lake Pamela,Germany,2023-12-05T08:19:12,Active
938,Isaiah,Rodriguez,cust_938_isaiah02@example.net,(977)562-5503x2501,1994-08-26,Male,Edwardsberg, albania,2024-08-30T15:36:48,Active
939,Robin,Dixon,cust_939_alexistanner@example.org,001-823-234-5110x090,1961-09-10,,Johnside,SWITZERLAND,2025-05-13T09:11:55,Active
940,Brittney,Henderson,cust_940_randallhall@example.org,(967)732-9045x7598,1984-03-13,Female,North George,Germany,2026-02-18T19:21:44,Active
941,Fernando,Reeves,cust_941_whiteryan@example.org,+1-420-227-5582x14770,1962-06-01,Male,Wilsonstad,,2026-07-31T18:34:54,Active
942,Amanda,Cook,cust_942_crossnicole@example.net,+1-392-815-8189x7059,2006-09-10,Female,Port Danielchester,Switzerland,2023-11-25T10:54:19,Active
943,Jane,Davis,cust_943_fletcherkaren@example.com,,1971-10-06,,Vaughnfort,Switzerland,2023-09-18T04:05:03,Active
944,Amy,Bennett,cust_944_williamperkins@example.org,,1990-04-27,,Nicholsborough,Germany,2023-04-15T08:13:55,Active
945,Elaine,Moore,cust_945_christopher47@example.com,454-501-8227x200,2000-03-28,Female,Amandabury,Switzerland,2023-07-30T03:14:29,Active
946,David,Walters,cust_946_hilljennifer@example.org,528.211.6599,1970-08-01,Female,Lake Courtney,Albania,2023-01-21T06:22:53,Active
947,Katherine,Gordon,cust_947_drogers@example.com,(527)275-2135,1972-12-04,Female,,SWITZERLAND,2026-04-21T18:55:17,Active
948,Denise,Ewing,cust_948_perrynicole@example.net,(330)505-9377x7569,2006-03-11,Male,Port Chad,Switzerland,2023-02-05T14:26:09,Active
949,Joshua,Harvey,cust_949_kmartin@example.org,574-369-0298,1969-06-30,Female,West Johnside,Albania,2026-06-29T15:44:00,Active
950,Jesus,Long,cust_950_christopherhunt@example.com,767-808-0568,1980-04-25,Male,Stevenston,USA,2024-08-18T05:24:57,Active
951,Kimberly,Logan,cust_951_diana76@example.com,,1969-01-15,Female,Bruceshire,USA,2024-03-21T17:53:17,Active
952,David,Phillips,cust_952_jonathanfloyd@example.net,+1-549-433-9650x49627,1965-01-12,,South Dennis,Switzerland,2026-07-19T14:38:34,Active
953,Luke,Nunez,cust_953_sheltonmelissa@example.net,,1958-05-09,Female,Shelleyside,Kosovo,2025-12-16T07:22:23,Active
954,Matthew,Allen,cust_954_jenniferrivers@example.com,+1-679-391-9623,1987-01-17,,Bakerborough,germany,2025-05-19T11:20:16,Active
955,Hannah,Jones,cust_955_melinda87@example.com,(550)258-3334,1957-08-01,,,USA,2026-06-10T14:36:16,Active
956,Nathan,Kennedy,cust_956_phillip98@example.com,(645)776-9475x769,1960-01-03,Female,West Tammy, albania,2024-11-09T05:06:39,Active
957,Douglas,Buchanan,cust_957_barbara64@example.com,(634)321-2545x08095,1968-01-17,Male,Jacobfurt,USA,2025-07-14T18:25:23,Active
958,Justin,Cuevas,cust_958_debra93@example.org,330-674-2359,1966-05-23,,South David,USA,2026-06-17T22:36:47,Active
959,Douglas,Martinez,cust_959_jessica71@example.net,(214)254-3079x63731,1974-10-16,Male,South Shelbystad,,2023-09-17T10:39:58,Active
960,Tammie,Kane,cust_960_holtrobert@example.com,923-554-2687x44701,2006-03-03,Male,,,2025-09-25T13:54:37,Active
961,Joshua,Brown,cust_961_buckleycrystal@example.com,(737)877-2966,1966-01-21,,East Taylor,Germany,2023-06-23T04:05:37,Active
962,Melanie,Lee,cust_962_tjohnson@example.org,481.405.5800x027,1994-09-19,Female,West Jacobmouth,Switzerland,2025-10-26T06:19:40,Active
963,Peter,Knox,cust_963_burkejacob@example.net,001-813-768-1720x313,1998-08-18,,Jennahaven,Kosovo,2026-04-19T19:10:32,Active
964,Hayley,Clayton,cust_964_kimberlyperez@example.org,535.525.9533x2227,1984-06-24,,North Justin,Germany,2025-01-05T20:07:23,Active
965,Melissa,James,cust_965_smithdavid@example.com,(818)950-7610x87082,1962-06-20,Male,Port Williamburgh,Albania,2026-07-12T23:52:39,Active
966,Patricia,Grant,cust_966_janicestuart@example.com,,2001-01-06,Male,Deannaside,Albania,2023-12-12T06:30:16,Active
967,William,Walters,cust_967_jon25@example.net,+1-564-584-6735x7422,2001-04-18,,East Stephanie,KOSOVO,2026-01-11T03:55:35,Active
968,John,Wyatt,cust_968_schmidtjoseph@example.net,001-792-222-5606x2953,1989-02-22,,Allenfort, albania,2026-05-25T19:06:44,Active
969,Donna,Hicks,cust_969_elizabeth39@example.net,413-207-5384x185,1987-11-26,,East Kimburgh,Germany,2024-09-15T09:16:25,Active
970,Chris,Miranda,cust_970_mark40@example.net,+1-356-715-4705x54912,2001-04-22,Male,South Tiffanyview,USA,2023-04-22T21:07:59,Active
971,Jack,Woods,cust_971_shepherdandrew@example.org,996-793-9578,1985-04-02,Female,,Germany,2026-06-04T07:06:54,Active
972,Russell,Potts,cust_972_kford@example.net,(601)397-1212,1986-07-26,Male,New John,Germany,2026-01-17T23:17:04,Active
973,Susan,Dominguez,cust_973_awong@example.com,(409)487-3126x7731,1971-10-28,Male,Pearsontown,Germany,2024-12-16T04:17:40,Inactive
974,David,Jones,cust_974_hamptontom@example.com,+1-739-443-1916x5430,1974-03-17,Male,North Duane,Albania,2023-09-04T06:46:57,Active
975,Seth,Cole,cust_975_nicole16@example.org,697-647-0002x6876,1981-12-03,Male,Crawfordport,Germany,2025-06-08T04:27:51,Active
976,Ronald,Lopez,cust_976_halexander@example.net,(960)545-0063x553,1994-02-26,,New Jocelynview,Germany,2025-05-27T18:27:11,Active
977,Manuel,Williams,cust_977_brittney02@example.com,,1979-06-25,Male,Derrickfurt,Switzerland,2023-12-13T00:21:18,Inactive
978,Emily,Simmons,cust_978_vanessacastaneda@example.net,,1975-05-31,,East Allisonmouth,Switzerland,2024-10-04T09:20:48,Active
979,Charles,Mosley,cust_979_fostersarah@example.net,698.695.9654x66345,1972-04-28,,West Jenna,USA,2026-05-05T07:58:15,Active
980,Robert,Jacobs,cust_980_ncummings@example.net,001-493-444-9743x94640,2001-03-16,,North Brittney, kosovo,2025-02-16T12:09:04,Active
981,Bradley,Murphy,cust_981_james65@example.com,+1-989-441-3210,1987-11-03,,Lake Glennfort,Switzerland,2026-03-29T05:37:38,Active
982,John,Williams,cust_982_ashley46@example.org,,1965-10-11,Female,Port Kimberly,,2023-02-27T22:21:35,Active
983,Mark,Rogers,cust_983_jmaynard@example.com,001-793-890-0251x2137,1961-01-17,,Allisonfurt,Switzerland,2023-10-23T15:26:31,Active
984,Jeffrey,Weaver,cust_984_brandon34@example.org,001-693-714-5843,1968-08-22,Female,Hughesland, kosovo,2023-04-23T14:12:44,Active
985,Robert,Figueroa,cust_985_iharrington@example.org,(222)603-3474x24631,1957-11-26,Male,Lake Shannon,Kosovo,2025-06-19T03:17:47,Active
986,Joseph,Chaney,cust_986_jared50@example.org,+1-352-994-6902,1971-03-22,,Smallland,Albania,2024-12-24T14:53:13,Active
987,Monica,Nielsen,cust_987_jamesanderson@example.org,+1-850-722-8946,1998-02-11,Female,South Karen,Germany,2026-02-07T18:08:08,Active
988,Ricky,Alexander,cust_988_santiagoronald@example.com,502.502.5691,1980-07-13,Male,East Andrewborough,Albania,2024-01-30T00:20:35,Active
989,Joshua,Wood,cust_989_millerrebecca@example.org,5762279955,2005-09-04,Male,,,2023-09-27T14:48:53,Inactive
990,Stacey,Marsh,cust_990_davisjennifer@example.org,001-484-272-3034,2000-09-21,Male,New Kenneth,Germany ,2023-04-16T19:00:11,Active
991,Brian,Olsen,cust_991_qhendricks@example.net,,1992-11-12,,West Brett,Kosovo ,2024-08-02T21:37:42,Active
992,Monique,Alexander,cust_992_vfuller@example.net,217.875.4619x924,1960-01-15,,Daniellebury,Germany,2025-04-13T22:12:34,Active
993,Jacob,Berry,cust_993_bauercory@example.org,(625)690-9566,1961-07-12,Female,East Todd,Switzerland,2025-09-01T07:45:00,Active
994,Joe,Reed,cust_994_vaguirre@example.net,,1959-01-30,,North Alyssahaven,Kosovo,2023-03-07T04:31:03,Active
995,Daniel,Garcia,cust_995_douglasvasquez@example.com,+1-617-707-4039x25199,2006-08-11,Female,New Lucas,,2026-04-02T07:50:39,Active
996,Lisa,Garza,cust_996_mhorn@example.org,333-887-2205x422,2006-01-14,,South Erin,Albania,2025-11-30T06:20:59,Active
997,Joseph,Smith,cust_997_alexbrooks@example.net,001-908-733-4447x0488,1981-05-15,Female,,switzerland,2023-01-19T05:49:55,Active
998,Shaun,Jimenez,cust_998_laura25@example.net,001-585-419-5377x49266,1966-02-18,,Robertview,Albania,2023-10-15T08:47:51,Active
999,Brittany,Wilson,cust_999_sandra63@example.org,4612658129,1965-12-30,Female,Ashleyburgh,Switzerland,2023-08-23T10:18:33,Active
1000,Elizabeth,Finley,cust_1000_reynoldscharles@example.net,001-455-896-3637,1973-04-26,Female,Port Cindy,USA,2024-04-05T20:14:53,Active
1001,James,Cummings,cust_1001_dianawolf@example.org,,1958-08-24,,Lake Elizabethmouth,Switzerland,2023-05-31T20:00:10,Active
1002,Amy,Nichols,cust_1002_aevans@example.org,798-632-1122x121,2007-08-22,,Lake Nathanberg,Albania,2024-11-07T10:23:16,Active
1003,Brad,Price,cust_1003_hramos@example.com,001-618-654-8806,1972-04-27,Male,Port Mary,Germany,2023-01-02T11:47:28,Active
1004,Duane,Jones,cust_1004_andrevaughn@example.org,485-366-4641x96234,1975-01-10,Male,Lake Sarah,Germany,2026-06-10T05:09:13,Active
1005,Marcia,Sullivan,cust_1005_barbara81@example.net,(394)383-1478,1966-08-17,,Huffmanmouth,ALBANIA,2023-08-27T08:04:13,Active
1006,James,Foster,cust_1006_smithcrystal@example.com,231.780.0366x60200,1967-11-22,,Lake Evan,Albania,2024-06-06T23:36:55,Active
1007,Lynn,Avila,cust_1007_michaelathompson@example.net,238-238-0582x692,1969-10-02,Female,Sanderschester,,2023-09-12T18:53:19,Active
1008,Daniel,Dudley,cust_1008_ericwagner@example.org,896.933.7618x51862,1969-05-13,Male,East Ryanport,Kosovo,2026-04-21T23:35:47,Active
1009,Stephanie,Olson,cust_1009_cdavis@example.com,992.318.8352,2007-02-03,Female,Nguyentown,Albania,2024-09-22T19:02:13,Active
1010,Daniel,Booker,cust_1010_iriley@example.net,+1-959-920-8814x3192,1972-06-25,Female,Wilsonhaven,ALBANIA,2025-12-15T07:46:53,Active
1011,Maria,Taylor,cust_1011_nharris@example.net,+1-745-872-0266,1996-01-17,Female,Gallagherstad,USA,2025-06-11T20:05:21,Active
1012,Sean,Burton,cust_1012_kathyjenkins@example.net,001-925-653-9460,1976-05-26,,New Michelle,,2023-02-04T21:55:18,Active
1013,Christine,Duncan,cust_1013_ghill@example.org,979-696-7080,1997-01-26,Male,Scottstad,Switzerland,2025-12-01T00:25:17,Active
1014,Joseph,Stewart,cust_1014_elizabethrobertson@example.com,341.867.3478x53698,1956-05-09,Female,Kimberlyside,Kosovo,2023-02-13T10:12:53,Active
1015,Amy,Nelson,cust_1015_michael13@example.org,221-202-6270x66489,1993-07-14,,,switzerland,2026-07-28T16:31:18,Inactive
1016,Michael,Joyce,cust_1016_alexisschaefer@example.com,+1-598-930-5748,1980-11-23,Female,Marthaville,Germany,2025-05-09T13:43:12,Active
1017,Jose,Cunningham,cust_1017_qirwin@example.com,7005305661,1985-01-28,,West Paulville,germany,2025-05-16T18:11:15,Active
1018,David,Hall,cust_1018_kevin42@example.net,290.387.0187x260,1996-03-10,,South Nathan,Kosovo,2025-12-04T15:58:09,Active
1019,Mario,Cooper,cust_1019_ibrennan@example.com,4676456865,1984-08-19,Male,South Donaldberg,Switzerland,2023-07-01T11:42:23,Active
1020,Keith,Floyd,cust_1020_carla96@example.com,001-922-621-9053x34704,1967-04-19,Male,Lesterport,Kosovo,2025-04-20T16:47:47,Active
1021,Michael,Garcia,cust_1021_smithjohn@example.org,638-735-0712,2000-06-25,Female,,USA,2026-02-05T22:11:45,Active
1022,Jennifer,Morris,cust_1022_george94@example.org,(811)673-2772,2002-01-15,Female,New Michael,kosovo,2024-05-13T15:11:19,Active
1023,Matthew,Williams,cust_1023_coxcarol@example.com,(925)316-1857x591,1986-03-07,Male,,Germany,2023-03-27T00:49:21,Active
1024,Jacqueline,Whitney,cust_1024_sgonzalez@example.net,644.373.5352x478,1969-07-03,,Wilsonshire,Kosovo,2024-04-11T11:15:33,Active
1025,Christopher,Cobb,cust_1025_johnnewman@example.net,3535788033,1968-01-30,Male,,Albania,2024-10-16T10:39:14,Active
1026,Margaret,Graham,cust_1026_gabrielle52@example.org,(508)278-8281x52787,1985-12-21,Male,,USA,2024-03-19T02:33:20,Active
1027,Jessica,Webb,cust_1027_garciaanne@example.org,,1979-12-03,Female,Rickyborough,Kosovo,2024-05-23T15:45:32,Active
1028,Joshua,James,cust_1028_mossscott@example.com,,1966-09-29,Male,Jenningsborough,Usa ,2024-03-30T10:35:00,Active
1029,Chelsea,Andrews,cust_1029_norrisdaniel@example.net,001-669-814-3362,1996-03-17,Male,Greenmouth, usa,2023-03-23T19:14:35,Active
1030,Amanda,Young,cust_1030_frank18@example.net,,1983-07-21,Female,Timothyshire,Switzerland,2023-01-27T08:23:07,Active
1031,Madison,Wu,cust_1031_cynthia95@example.net,+1-784-942-4648x84997,1964-04-13,,New Renee,USA,2024-07-30T05:28:06,Active
1032,Sara,Christensen,cust_1032_ruth45@example.org,619.502.2179x78912,1973-10-09,Male,Roachmouth,Albania,2023-01-23T08:26:59,Active
1033,Sara,Coleman,cust_1033_alexandramyers@example.net,,1962-10-24,,,Germany,2026-05-19T16:28:45,Active
1034,Allison,Peterson,cust_1034_hsweeney@example.org,,1995-01-08,,East Jessicatown,Germany,2023-11-23T02:23:11,Active
1035,Leslie,Castro,cust_1035_lmiddleton@example.org,297.481.4590,1970-09-20,,South Taylorton,Germany,2024-07-29T09:45:22,Inactive
1036,Alex,Mullen,cust_1036_melissarollins@example.com,(215)388-0705x326,1964-10-28,Male,New Johnshire,USA,2023-05-04T23:54:49,Active
1037,Mark,Suarez,cust_1037_jason73@example.com,+1-355-213-6090x8581,1960-06-02,,,Albania,2024-03-16T06:10:52,Active
1038,Adrian,Cook,cust_1038_theresa61@example.com,587-536-6271x35896,1998-09-30,,Johnton,Kosovo,2025-12-30T02:44:53,Inactive
1039,Christina,Keller,cust_1039_thomaswhite@example.org,773-315-6639x7925,1966-06-17,,South Kellyfurt,Kosovo,2025-11-20T13:05:20,Active
1040,Lisa,Vega,cust_1040_johnsondaniel@example.net,+1-496-366-0534,1987-02-08,Female,Aguirreview,Germany,2023-04-17T16:52:27,Active
1041,Douglas,Barnes,cust_1041_gtaylor@example.org,235-484-6405x10388,1973-08-06,,Bairdtown,Germany,2024-02-15T04:49:27,Active
1042,Katelyn,Lowery,cust_1042_hudsonglen@example.net,+1-844-271-8939x5309,2007-08-21,Female,Simpsonview,Germany ,2025-12-15T21:54:36,Active
1043,Shawn,Beasley,cust_1043_mayroger@example.net,498-974-5513x587,1993-10-13,Female,,Switzerland,2023-07-11T12:25:50,Active
1044,Julie,Nixon,cust_1044_jessicalewis@example.com,316-940-3439,2007-06-19,Male,New Terry,Switzerland,2025-10-09T16:34:39,Active
1045,Michael,Cobb,cust_1045_bradshawcarlos@example.org,870.241.3090x9153,1971-07-06,Male,New David,Kosovo,2023-07-26T23:33:25,Active
1046,Brittany,Padilla,cust_1046_cunninghamerik@example.com,690-357-7204,1972-01-10,Male,North Jasminefort,USA,2025-12-07T01:11:40,Active
1047,Stephanie,Johnson,cust_1047_yhernandez@example.com,+1-410-697-9412,1994-10-06,Male,,Kosovo,2025-04-25T01:16:23,Active
1048,James,Reyes,cust_1048_ygarcia@example.org,(432)825-1742x24043,1959-02-06,,North Amandaton,Germany,2023-02-25T01:31:26,Active
1049,Michael,Ortiz,cust_1049_smithsteven@example.net,502.886.7202x0095,1976-12-23,Male,Griffithland,Albania,2025-06-06T09:25:01,Active
1050,Matthew,Yates,cust_1050_johnsonsteven@example.net,,1987-01-31,Female,North Codybury,Kosovo,2023-08-01T03:22:53,Active
1051,Douglas,Wilson,cust_1051_leslie46@example.org,830-272-2113,1989-06-06,Female,Wilkersonfurt,Germany,2025-02-08T21:50:20,Active
1052,Jeremiah,Turner,cust_1052_isaiahthomas@example.net,692-581-7074,1982-09-19,,Brownberg,Switzerland,2026-07-05T16:11:20,Active
1053,Megan,Ware,cust_1053_njensen@example.net,2256239412,1968-02-09,Female,Judymouth,albania,2026-05-24T09:29:35,Active
1054,Cody,Leblanc,cust_1054_portiz@example.com,,1996-09-09,Male,Maystad,USA,2024-05-05T14:06:40,Active
1055,Bonnie,Skinner,cust_1055_lindafernandez@example.com,480-324-5598x5160,2007-03-23,,New Elizabethmouth, switzerland,2025-04-14T05:42:30,Active
1056,Alicia,Collins,cust_1056_andrew37@example.net,001-549-986-4786x862,1993-08-13,,Kiddtown,Albania,2025-02-16T00:48:12,Active
1057,Ashley,Barber,cust_1057_philliphayden@example.net,491-390-7499,1964-05-18,,Turnerton,USA,2024-09-19T01:40:54,Active
1058,Robert,Hill,cust_1058_earlfoley@example.org,953.248.4864,1960-03-01,Male,North Jeffrey,Germany,2025-03-30T21:12:58,Active
1059,John,Carter,cust_1059_lchavez@example.org,(537)220-5503,1997-05-03,Female,North Andrewhaven,Switzerland,2024-08-08T11:58:33,Active
1060,Ashley,Figueroa,cust_1060_loritaylor@example.com,3088899114,1969-05-24,,North Bethanyland,USA,2024-08-20T06:34:07,Active
1061,Billy,Johnson,cust_1061_gabrielle36@example.org,398.897.9060x854,1962-04-07,,Cookefurt,USA,2024-01-16T12:10:07,Active
1062,Cynthia,Ballard,cust_1062_jonesjames@example.org,001-737-411-8151x9854,1974-07-31,,Edwardtown,Germany ,2023-10-21T18:37:39,Active
1063,Andrea,Adams,cust_1063_patrickjasmine@example.net,(860)975-6999x44946,1961-11-29,Male,Lake Brian,Kosovo,2023-04-01T23:16:55,Inactive
1064,Jose,Nguyen,cust_1064_taylorclarke@example.com,001-482-223-8794x026,1999-01-15,,Vincentland,Usa ,2025-02-10T21:03:13,Active
1065,Ann,Taylor,cust_1065_daniel16@example.org,664.323.5700,1998-06-09,,New Cody,Switzerland,2026-04-13T14:56:33,Active
1066,Michael,Smith,cust_1066_cwilson@example.org,,1987-04-19,,Port Crystal,USA,2024-05-23T13:00:49,Active
1067,Christopher,Davis,cust_1067_jamesstrong@example.net,+1-523-404-6600x128,2005-09-11,,,Germany,2024-12-12T21:57:46,Active
1068,Robin,Molina,cust_1068_patrick04@example.net,+1-861-751-2048x5076,1967-10-09,Female,Port Kelsey,,2026-02-08T19:30:17,Active
1069,Julia,Garrett,cust_1069_tamaraparker@example.org,(376)734-6019,1973-05-03,,North Michael,Switzerland,2026-01-22T04:55:03,Active
1070,Stephanie,Long,cust_1070_hicksmelanie@example.net,458.761.7682,1982-01-16,Female,Lake Erinmouth,USA,2025-11-03T23:30:00,Active
1071,Erik,Brown,cust_1071_vincent74@example.org,(662)624-1976x878,1964-03-22,Female,Mcdonaldland,USA,2025-10-25T23:44:37,Active
1072,Jason,Brown,cust_1072_wkoch@example.com,,1992-12-12,Male,West Michelle, kosovo,2026-06-14T22:11:02,Active
1073,Tara,Keller,cust_1073_laurie11@example.org,(412)715-6495,2001-04-24,,Baileyburgh,USA,2023-01-27T16:57:38,Active
1074,Karl,Baxter,cust_1074_jenniferrice@example.com,001-897-538-8182x730,1995-08-09,,Jeremiahshire,Albania,2026-05-10T14:22:30,Active
1075,Leah,Lopez,cust_1075_wilsonrichard@example.com,(780)666-4051x10212,1997-04-11,,Lake Kara,Switzerland,2023-05-08T18:56:22,Active
1076,Maria,Dean,cust_1076_millerlindsey@example.org,001-486-203-7218x6003,1956-07-30,Female,North Brooke,USA,2025-05-05T13:46:32,Active
1077,Kathleen,Case,cust_1077_bowenjonathan@example.net,947.813.1719,1999-10-11,,Port Karafurt,switzerland,2023-08-30T16:44:38,Active
1078,Erica,Hood,cust_1078_ruizkimberly@example.net,478-355-0113x7535,2007-06-06,,South Sandraside,USA,2025-03-31T23:19:52,Active
1079,Caitlin,Chang,cust_1079_fking@example.org,3379161608,1992-02-13,Male,East Patricia, germany,2025-11-17T10:39:06,Active
1080,Kristen,Owens,cust_1080_smithdenise@example.net,275.430.7681,1975-08-18,Female,Amyside,USA,2024-07-23T02:00:39,Active
1081,Raymond,Kennedy,cust_1081_rowen@example.net,223.862.2169,1979-12-10,,Arnoldmouth,Albania,2024-02-08T05:54:12,Active
1082,Belinda,Haas,cust_1082_heidi21@example.com,,1959-06-02,,South Christineville,USA,2024-01-18T00:06:28,Active
1083,Kaitlin,Rodriguez,cust_1083_beckyroberts@example.com,001-216-642-6107x0335,1989-12-07,Female,West Melinda,Germany ,2025-12-27T18:53:23,Active
1084,Rhonda,Bennett,cust_1084_kathryn86@example.net,230-704-1691,1975-06-20,,North Dylan,Albania,2024-07-26T03:15:17,Active
1085,Elizabeth,Walls,cust_1085_jesse81@example.org,,1955-11-23,,Marquezbury,USA,2023-12-25T23:35:59,Active
1086,Amy,Jones,cust_1086_vvelez@example.org,901-547-6427x89615,1964-10-18,Male,Manuelville,usa,2023-08-01T12:51:37,Active
1087,Emily,George,cust_1087_jeremyreyes@example.org,695.497.8155,1975-10-19,Female,Dickersonton,Switzerland,2026-03-30T09:20:50,Active
1088,Joshua,Mejia,cust_1088_wthomas@example.org,,1985-09-22,,Ryanstad,Germany,2026-04-13T19:07:52,Active
1089,Elizabeth,Brown,cust_1089_tuckerkurt@example.org,807-630-8715,1991-10-02,,Schmidtbury,Usa ,2025-01-17T10:44:15,Active
1090,Kaylee,Foster,cust_1090_czavala@example.org,4278414857,1993-06-12,,East Annamouth,Kosovo,2024-02-08T05:06:15,Active
1091,Thomas,Holt,cust_1091_cassandra38@example.com,340.576.6420x76327,2004-10-24,,Jaredside,,2024-09-14T18:08:26,Active
1092,Anthony,Warren,cust_1092_thomaslane@example.net,779.706.0488x69320,1961-05-20,Female,West Adam,Switzerland,2026-05-09T10:28:42,Active
1093,Melissa,Willis,cust_1093_allenkimberly@example.com,997-964-0535x67078,1965-09-10,,Maxburgh,Switzerland,2024-11-08T19:43:03,Inactive
1094,Charles,Marshall,cust_1094_denise76@example.net,(473)462-7320,1963-11-22,Female,South Dakota,USA,2026-03-29T01:38:18,Active
1095,Kimberly,Moore,cust_1095_daniel48@example.com,,1994-12-14,,Rodriguezburgh,SWITZERLAND,2023-03-30T20:48:01,Active
1096,Robert,Woodward,cust_1096_davistiffany@example.com,+1-530-452-1690,1968-03-23,,North Rachel, usa,2026-03-06T05:36:22,Inactive
1097,Pamela,Jennings,cust_1097_carterjames@example.org,+1-364-871-0680x17703,1983-10-20,Female,South Paige,USA,2023-03-03T02:36:51,Inactive
1098,Susan,Johnson,cust_1098_uavila@example.com,924.846.9317x294,1959-10-27,Female,New Adam,USA,2023-12-12T07:39:40,Active
1099,Amber,Miller,cust_1099_shortjeffrey@example.net,(559)498-5193,1958-12-06,Male,Haynesfort,Albania,2023-10-07T21:41:07,Active
1100,Ruben,Martinez,cust_1100_chiggins@example.com,,1999-08-19,,Theresashire,Switzerland,2026-06-23T07:51:06,Active
1101,Lisa,Barnes,cust_1101_wchaney@example.com,227-928-4539x74995,1957-02-26,Female,New Michelechester,Kosovo,2024-04-13T03:14:24,Active
1102,Christian,Watson,cust_1102_nicole39@example.org,(408)401-9290,1974-09-12,Female,, switzerland,2026-04-13T17:05:38,Active
1103,Eric,Brooks,cust_1103_maurice01@example.net,489-209-3225x333,2005-04-24,,East Michael,Germany,2023-03-05T06:47:08,Active
1104,Jennifer,Merritt,cust_1104_melissacarpenter@example.net,,1993-10-21,Male,West Justin,Switzerland,2026-05-21T21:01:58,Active
1105,Jerry,Martinez,cust_1105_karen12@example.net,439-233-3243x6296,1959-08-05,,West Anneside,Albania,2025-09-29T03:25:28,Inactive
1106,Kyle,Watson,cust_1106_cameronsmith@example.org,559.965.9992x012,1996-03-10,,Gonzalezfort,Germany,2024-12-15T06:03:16,Inactive
1107,Sherry,Wyatt,cust_1107_thomas28@example.net,001-341-593-7591x92267,1982-10-22,Female,South Nathanfurt,Albania,2023-07-19T00:14:36,Active
1108,James,Thornton,cust_1108_gomezjerry@example.com,461-620-9617x300,1979-10-24,,Nancyview,Germany,2023-04-05T21:23:32,Active
1109,Steven,Taylor,cust_1109_ijacobs@example.com,6515432191,2002-10-19,Male,New Melissafort,Albania,2025-07-07T12:30:17,Active
1110,Blake,Vasquez,cust_1110_mgallegos@example.org,001-442-221-8834x5819,1971-08-20,,Kelseyfort,USA,2025-02-04T06:52:56,Active
1111,Russell,Davis,cust_1111_martintanner@example.net,,2000-12-19,,New Brittany,Albania,2025-05-17T02:49:56,Active
1112,Jodi,Adams,cust_1112_lmartinez@example.org,764-808-5858x8382,1980-05-04,Female,Taylorburgh,Kosovo,2023-01-28T22:41:44,Active
1113,Sarah,Sullivan,cust_1113_seth86@example.org,235-351-9628x2225,1995-10-05,Female,West Jessica, albania,2025-10-28T00:05:26,Active
1114,Dennis,Ross,cust_1114_samantha50@example.net,001-242-201-2234x14992,1980-04-07,Female,Fostermouth,ALBANIA,2023-03-03T18:15:55,Active
1115,Gregory,Martin,cust_1115_ldavis@example.org,(532)517-4003x91019,1981-09-11,,Kathrynside,Germany ,2025-08-19T20:57:46,Active
1116,Mary,Wells,cust_1116_zberg@example.com,7068082770,1970-07-17,Male,Ricardochester,Switzerland,2026-07-14T20:11:24,Inactive
1117,Emily,Harris,cust_1117_kristinwilson@example.net,001-885-300-9537x234,1997-09-06,,Mckenzieberg,Switzerland,2023-12-13T07:29:05,Active
1118,Justin,Davis,cust_1118_mevans@example.net,,1962-06-05,,,Kosovo,2024-02-07T07:17:44,Active
1119,Rose,Gonzalez,cust_1119_stevenbarrett@example.com,,1991-04-18,Female,Baileyport,Kosovo,2023-06-30T16:08:05,Active
1120,William,Alexander,cust_1120_hufftroy@example.net,(676)806-3494x290,1994-02-07,Female,South Markmouth,Albania,2023-06-05T11:30:19,Active
1121,Tyler,Robinson,cust_1121_ross53@example.net,924.620.2483,1982-02-17,Male,Kelseyland,USA,2026-04-08T22:49:48,Active
1122,Anita,Williams,cust_1122_hthompson@example.com,001-747-590-2548,2005-08-16,Male,Wilkinsonberg,Germany ,2024-10-11T08:58:31,Active
1123,Kimberly,Morrison,cust_1123_perkinsjeffrey@example.net,001-641-400-9538x557,1960-12-18,Male,South Jessicabury,Kosovo,2024-05-14T02:27:02,Active
1124,Nicholas,Daniels,cust_1124_wbridges@example.com,660-647-6143x788,1973-02-16,,South Brett,Germany,2026-02-04T12:10:03,Active
1125,Gary,Cameron,cust_1125_waterskyle@example.org,(272)263-6815x41858,2003-02-22,Male,South Thomas,Switzerland,2025-12-16T20:28:56,Inactive
1126,William,Lewis,cust_1126_cwebb@example.net,586.504.3566x050,1970-01-14,Male,Adamschester,Kosovo ,2025-07-08T20:35:03,Active
1127,William,Romero,cust_1127_gmurphy@example.com,8679182226,2001-09-12,Male,Kimberlytown,Germany,2026-04-12T20:35:35,Active
1128,Megan,Walsh,cust_1128_donwilson@example.com,+1-906-873-9634x289,1959-09-03,Male,Lake Meganmouth,Germany,2023-02-04T00:45:47,Active
1129,Paula,Smith,cust_1129_sherrycarpenter@example.org,286-318-6706x632,2007-11-09,Female,Hinesshire,Germany,2025-11-16T09:17:48,Active
1130,Rodney,Rivas,cust_1130_clarkheather@example.net,991.398.2718x26533,2002-06-05,Male,Mclaughlintown,Albania ,2025-04-09T08:59:27,Active
1131,Susan,Turner,cust_1131_rodriguezmichael@example.net,,1997-03-22,Female,North Emily,Switzerland,2024-01-04T19:06:42,Active
1132,Kimberly,Hopkins,cust_1132_lisaterry@example.net,(670)469-2195x87305,2001-11-02,,Jessehaven,Kosovo,2026-02-27T10:22:28,Active
1133,Beverly,Sharp,cust_1133_rachelvaldez@example.org,001-317-781-6780x6643,1978-01-14,Male,North Noahview,Usa ,2026-04-14T21:06:51,Active
1134,William,Ryan,cust_1134_gibsonrichard@example.net,8376017092,1966-12-13,,South Nicholeborough,albania,2023-02-18T07:02:17,Active
1135,Kevin,Rose,cust_1135_guerreroandrew@example.org,,1990-10-25,Male,Pierceport,albania,2026-07-17T21:38:30,Active
1136,Deborah,Welch,cust_1136_jonesamber@example.com,,1995-12-27,,Stephanieburgh,USA,2025-09-23T16:03:26,Active
1137,George,Kennedy,cust_1137_janderson@example.org,,1991-10-09,Female,Lake Carolfurt, kosovo,2023-06-21T03:45:33,Active
1138,Brooke,Mccoy,cust_1138_dawncook@example.net,(503)691-7026,2001-12-26,,Josephmouth,Germany,2026-06-01T12:34:05,Active
1139,Albert,Arnold,cust_1139_ashley60@example.org,201.320.4242x5369,1997-03-11,Female,East Stephen,Kosovo,2024-01-22T06:07:15,Inactive
1140,Amanda,Gonzales,cust_1140_kimberly40@example.org,(570)824-3652x4055,1982-11-27,,Walterland,Germany,2025-12-23T06:37:21,Active
1141,Jerry,Johnson,cust_1141_mroman@example.net,001-748-682-1597x738,1991-09-03,,Jenkinsborough,USA,2023-07-17T13:21:27,Active
1142,Nathan,Collins,cust_1142_qfaulkner@example.org,,1964-11-09,,Campbellland,Switzerland,2023-07-20T22:26:03,Active
1143,Raymond,Levy,cust_1143_wthompson@example.com,001-204-829-8622x6992,1997-03-17,Female,,Germany,2024-10-09T17:07:48,Active
1144,Jacob,Hendricks,cust_1144_hsmith@example.org,001-992-899-8335,1973-01-07,Female,Mckinneymouth, kosovo,2025-08-07T00:33:49,Active
1145,Penny,Roberts,cust_1145_pearsondominique@example.com,320.484.9315x39839,1982-10-28,Female,South Alejandro,Kosovo,2023-01-07T20:45:11,Active
1146,Mary,Ramsey,cust_1146_fryekevin@example.net,,2000-09-06,Male,,Kosovo,2023-08-17T00:52:50,Active
1147,David,Vargas,cust_1147_qnewman@example.com,504.991.3410,1975-11-25,,Edwinside,Kosovo,2024-12-31T05:45:09,Inactive
1148,Sarah,Holder,cust_1148_zfranklin@example.org,(424)505-9208,1998-01-12,,Marietown,,2025-06-04T19:37:46,Active
1149,Rose,Carroll,cust_1149_banksmeredith@example.com,,1992-01-06,Male,Angelicafurt,Switzerland,2023-07-14T08:09:13,Active
1150,Eric,Duran,cust_1150_melissa04@example.org,(801)875-3079,1976-08-05,Male,New Ryanmouth,USA,2025-01-16T02:34:47,Active
1151,Gavin,Crawford,cust_1151_bryan61@example.net,241.225.3137x9561,2007-07-09,,Henryborough,Germany,2025-09-24T21:03:01,Inactive
1152,Kelly,Davies,cust_1152_melanie48@example.net,+1-520-925-9991x93873,1955-09-08,,East Kennethburgh,Kosovo,2026-06-12T20:35:59,Active
1153,Thomas,Johnson,cust_1153_christopher32@example.net,001-847-760-7862x35107,1996-01-15,,Port Katherineland,USA,2026-05-06T16:08:45,Active
1154,Jill,Davis,cust_1154_tgreen@example.net,(214)756-3409x185,1982-05-20,Male,Amyland,USA,2026-02-06T08:05:53,Active
1155,Amber,Rollins,cust_1155_cassandrakramer@example.net,+1-553-291-6077x00409,1965-11-10,Male,Luisport,,2023-07-02T02:38:19,Active
1156,Reginald,Fry,cust_1156_kelleramanda@example.org,(218)503-9662,1965-12-28,,Roseside,Kosovo,2025-05-11T16:04:42,Active
1157,Cassidy,Mcdonald,cust_1157_melissa88@example.org,(752)895-1646x9333,2007-07-16,,East Brian,Kosovo,2023-10-22T22:59:45,Active
1158,Christian,Gonzalez,cust_1158_lisagray@example.org,001-367-608-9870x92019,1978-06-30,,,Kosovo,2023-12-12T10:06:06,Inactive
1159,Kenneth,Gibson,cust_1159_dwayneedwards@example.net,+1-548-458-0526,1987-09-09,,North Brittneyfurt,Switzerland,2023-02-20T06:02:29,Active
1160,Peter,Jones,cust_1160_jessica94@example.com,+1-907-374-5447x08231,1988-09-29,Female,,Albania,2024-03-25T08:58:14,Active
1161,Nathaniel,Hess,cust_1161_ysmith@example.net,(462)862-3596x0530,1982-12-26,Male,Lake Amandatown,switzerland,2023-07-21T13:03:11,Active
1162,Christopher,Schultz,cust_1162_mary98@example.net,8502630663,1963-11-22,,Bradleyhaven,Kosovo,2025-09-22T20:51:39,Active
1163,David,Martin,cust_1163_daniellethomas@example.org,,1957-04-07,Female,Port Javierton,albania,2025-07-09T04:58:30,Inactive
1164,Bradley,Roy,cust_1164_fbailey@example.com,+1-345-423-7597x953,2000-09-12,Male,Williamsside,Kosovo,2024-10-30T13:50:28,Inactive
1165,Paul,Soto,cust_1165_justincombs@example.com,344-392-0548x94453,2007-07-16,Male,Lake Annside,KOSOVO,2025-07-13T16:15:58,Active
1166,Michelle,Harper,cust_1166_edward79@example.com,,1959-03-29,Female,Raymondfurt,Germany,2023-09-01T17:39:56,Active
1167,Robert,Dorsey,cust_1167_andersonmichael@example.org,266-603-6162x48607,1980-08-01,,Shieldsberg, germany,2026-03-23T03:41:31,Active
1168,Erin,Jones,cust_1168_erinwalters@example.org,,1984-06-22,,Anthonystad,Germany,2023-11-06T05:02:20,Active
1169,Scott,Baker,cust_1169_uschmitt@example.net,615.660.5879x0522,1980-07-17,Male,East Johnmouth,USA,2024-04-22T19:48:50,Active
1170,Heather,Archer,cust_1170_usilva@example.net,,1986-12-31,Male,North Erin, germany,2024-05-11T21:45:57,Inactive
1171,Jimmy,Ibarra,cust_1171_qbaker@example.net,891-589-8664,1986-12-25,,Riveraville,,2025-05-10T04:30:45,Active
1172,Gloria,Williams,cust_1172_tarachaney@example.net,,1988-03-23,Female,Paynetown,USA,2024-08-04T09:14:58,Active
1173,Joseph,Foley,cust_1173_elliottfrank@example.net,,1980-03-02,Female,Solisland,Albania,2025-04-22T01:29:40,Active
1174,Marco,Hines,cust_1174_ddonovan@example.com,(673)233-2973x23964,1997-09-08,,Port Ann,switzerland,2023-07-27T04:26:46,Active
1175,Ian,Johnston,cust_1175_haley01@example.com,001-524-727-7392,1997-08-27,,North Derrick,Switzerland,2025-12-01T16:19:33,Active
1176,Timothy,Wilkins,cust_1176_murphyjoseph@example.com,932.384.4234,1964-04-23,,New Albert,Germany,2025-11-10T22:52:30,Active
1177,Samuel,Norris,cust_1177_harrissusan@example.org,,1957-09-07,,Brownmouth,USA,2024-05-17T16:57:37,Inactive
1178,Taylor,Robinson,cust_1178_perryjessica@example.net,4649332262,1957-12-23,,,Kosovo,2024-11-29T02:51:29,Active
1179,Kevin,Mccoy,cust_1179_lunabenjamin@example.com,(264)770-7038x5036,2003-11-11,Female,Gavinhaven,ALBANIA,2026-05-21T18:34:54,Active
1180,Sara,Greer,cust_1180_cameronjohn@example.com,802-474-0675x8267,1968-09-02,,Ashleytown,usa,2026-07-31T18:43:01,Active
1181,Sara,Pollard,cust_1181_igoodman@example.net,556.346.1497x45979,1974-08-01,,,Kosovo,2025-03-23T00:21:45,Inactive
1182,Madison,Hampton,cust_1182_iphillips@example.org,+1-614-598-6099x550,2006-05-25,Male,,Kosovo,2023-08-11T00:32:06,Active
1183,Jeremy,Smith,cust_1183_whiteshannon@example.net,394.361.2128,2003-04-01,Female,Christinaside,KOSOVO,2024-06-11T07:01:32,Active
1184,Travis,Boone,cust_1184_reginaanderson@example.com,(423)798-4742,1991-06-19,,Espinozahaven,SWITZERLAND,2025-12-17T07:51:57,Inactive
1185,Dawn,Morales,cust_1185_kadkins@example.net,+1-587-605-8416x8061,1992-03-09,Male,,USA,2025-06-13T01:28:59,Active
1186,David,Franco,cust_1186_berrydonald@example.org,560-258-6794x963,1981-10-28,,Moorefurt,Albania,2026-06-02T22:43:54,Active
1187,David,Garcia,cust_1187_michael57@example.net,,1990-02-24,,,Switzerland,2024-09-14T14:00:55,Active
1188,Alexandria,Morgan,cust_1188_istokes@example.com,(945)878-6555x75124,2002-03-06,,Adamton,Switzerland,2024-08-23T06:35:19,Active
1189,Kayla,Chapman,cust_1189_afitzpatrick@example.org,4514665451,1969-05-28,Female,Michelleview,Germany,2023-04-17T17:44:06,Active
1190,James,Macias,cust_1190_lisa42@example.org,986.286.0835,1990-07-27,,South Andrewbury,Kosovo,2024-09-26T03:08:39,Active
1191,Brandy,Hamilton,cust_1191_colonthomas@example.com,+1-660-320-5089x8309,1994-11-12,Male,West Elizabeth,USA,2023-01-19T19:43:00,Active
1192,Michael,Carrillo,cust_1192_gevans@example.org,224.652.8413x5694,1994-09-03,,Robinmouth,Albania,2023-11-14T21:40:47,Active
1193,Laurie,Montes,cust_1193_rhonda92@example.com,673-694-0598x02602,1991-02-08,,Lake Monica,Switzerland ,2023-03-10T19:26:24,Active
1194,Amanda,Stevens,cust_1194_stephanie14@example.org,990-973-4203x197,1990-08-15,Male,,Germany,2024-03-19T19:46:14,Active
1195,Tasha,Jordan,cust_1195_jennifer69@example.com,(648)323-0882x95868,1966-12-16,,Moorebury,,2023-09-19T11:14:52,Active
1196,Kathy,Harrison,cust_1196_kenneththomas@example.com,467.548.3173x066,1980-04-19,Female,West Christopherhaven,Albania,2026-05-25T00:08:05,Active
1197,Tina,Henson,cust_1197_thomascarey@example.org,594-969-8906x23272,1958-02-14,,South Colleenshire,kosovo,2023-02-11T21:41:45,Active
1198,Lee,Harris,cust_1198_zhangnatalie@example.net,001-765-648-7084x779,1992-06-24,Male,Lake Kyliechester,Germany,2025-02-10T03:07:03,Active
1199,Richard,Pierce,cust_1199_andrea76@example.org,+1-207-637-8159x157,1991-06-01,,Williamfurt,Switzerland,2023-09-18T10:22:49,Active
1200,Elizabeth,Johnson,cust_1200_joanna88@example.org,8203761239,1966-03-16,Female,North Shari,Switzerland,2026-05-06T13:18:00,Active
1201,Brandon,Willis,cust_1201_timothythomas@example.net,001-288-861-8207,1965-06-23,,Espinozaton,Germany,2023-07-03T23:04:51,Active
1202,Christina,Atkins,cust_1202_wendylee@example.com,(789)233-4864x9703,2002-09-01,Male,Henrymouth,Switzerland,2025-03-04T20:40:19,Active
1203,Joel,Garcia,cust_1203_marybarrett@example.org,,1962-06-30,Female,Smithfort,Kosovo ,2024-11-18T00:37:03,Active
1204,Tina,Medina,cust_1204_bonillalarry@example.com,555-605-7052x18799,1988-07-28,,Joseport,Albania,2024-07-25T02:46:47,Active
1205,Sarah,Ferguson,cust_1205_manningbrandi@example.com,9123350368,1986-04-29,Male,Courtneyfurt,Albania,2026-06-26T11:35:04,Active
1206,Robyn,Fritz,cust_1206_bswanson@example.com,+1-678-802-3445x684,1957-02-25,Male,Andrewsport,Albania,2023-02-08T10:21:49,Active
1207,Shawn,Stark,cust_1207_elainehall@example.net,563-329-5737,1982-06-16,Female,Brandifort,,2024-07-22T15:23:18,Active
1208,Nicholas,Haney,cust_1208_casey54@example.net,+1-630-429-1585,1972-07-08,,East Gregory,Kosovo,2023-05-21T12:58:29,Active
1209,Julia,Armstrong,cust_1209_debra74@example.net,001-966-607-3446,1997-03-04,Female,Thompsonville,Germany,2024-06-20T12:35:04,Active
1210,Alexander,Martin,cust_1210_chasebeck@example.com,,1994-02-04,Female,South Brycetown,USA,2024-06-06T23:58:17,Active
1211,Keith,Fitzgerald,cust_1211_brittanyball@example.org,+1-214-613-4476,1992-02-26,Female,Lake Tommy,usa,2024-11-29T15:50:20,Inactive
1212,Kelli,Johnson,cust_1212_rogerfarrell@example.com,,2006-08-28,Female,Robertsbury,Switzerland,2023-11-09T16:21:05,Inactive
1213,Robert,Cisneros,cust_1213_taylorlawrence@example.com,8999621836,1972-01-17,Female,Martinezfurt,Germany,2024-10-07T10:30:38,Active
1214,Laura,Massey,cust_1214_erinirwin@example.com,,1997-06-11,,Gordonton,Germany,2023-07-28T19:48:43,Active
1215,Thomas,Chavez,cust_1215_murphycynthia@example.com,001-880-913-7683,1983-02-22,,Christinatown,germany,2023-05-26T16:38:44,Active
1216,John,Garrison,cust_1216_ellismelissa@example.com,,1985-03-26,Male,West Kellyburgh,Switzerland,2023-11-25T05:24:56,Active
1217,Ian,Jennings,cust_1217_qrosales@example.org,726-801-8637x2631,1976-01-01,Female,Michaelburgh,Switzerland,2025-09-20T05:01:23,Active
1218,Donald,Ferguson,cust_1218_ashleyturner@example.org,+1-600-638-5025x513,1971-07-25,,Nancyfurt,albania,2025-01-17T09:07:24,Active
1219,Jessica,Dominguez,cust_1219_gloria49@example.org,,1965-10-21,Female,West Saraview,Switzerland,2024-08-10T03:45:47,Active
1220,John,Simpson,cust_1220_gcoleman@example.org,(311)449-7887x953,1959-03-15,Male,West Alexismouth,Germany,2024-03-19T09:02:19,Active
1221,Jeremy,Olson,cust_1221_gjackson@example.org,001-585-380-0187x314,1988-09-28,,Christopherland,Kosovo,2024-01-24T15:02:14,Active
1222,Brian,May,cust_1222_thomasronald@example.net,+1-718-871-0968,2000-05-10,Male,Davidmouth,Albania,2026-07-27T06:18:20,Active
1223,Ryan,Rogers,cust_1223_renee05@example.org,231.254.2306,1967-02-15,,East Brian,Switzerland,2025-02-19T03:27:59,Active
1224,Roger,Wright,cust_1224_davidfarrell@example.com,611-742-0667x0151,1958-03-22,Male,North Cody,Kosovo,2024-09-16T04:00:57,Active
1225,Daniel,Clark,cust_1225_jason91@example.org,8534922205,1971-03-08,,North Susanton,Germany,2023-04-28T07:48:01,Active
1226,Vincent,Evans,cust_1226_chelsea60@example.org,+1-825-628-6132x3945,1973-08-16,,Davidport,USA,2023-10-16T10:17:48,Active
1227,Rebecca,Nicholson,cust_1227_dorothy85@example.org,001-786-563-4209,1997-12-29,,Christensenfort,,2025-08-29T01:30:20,Active
1228,John,Bowman,cust_1228_harveyrobert@example.com,635.961.5266x5591,1962-11-03,Male,Hornestad,USA,2026-05-08T09:24:12,Active
1229,Ann,Hale,cust_1229_omartinez@example.net,875-833-6952x474,1993-03-16,Female,Elizabethmouth,Usa ,2023-11-20T16:54:25,Active
1230,Mario,Lewis,cust_1230_robert58@example.net,432-943-6792x41571,1984-11-18,Female,Tapiaside,USA,2023-12-15T21:54:06,Inactive
1231,Kristen,Long,cust_1231_kennethruiz@example.net,,1971-10-06,Male,Lake Becky,Switzerland,2024-10-03T12:13:09,Active
1232,Jared,Anderson,cust_1232_ruizgabriel@example.org,+1-598-916-1538x116,1962-03-04,,North Johnfort,Kosovo,2026-06-06T16:53:06,Active
1233,Kristen,Vargas,cust_1233_krista76@example.org,589-367-8082x649,1977-09-06,,North Tiffany,USA,2024-09-10T15:09:39,Active
1234,Cynthia,Price,cust_1234_maxwell63@example.org,,1996-05-12,,Maryshire,Kosovo,2026-07-15T10:53:11,Active
1235,Kelly,Stevens,cust_1235_rhayes@example.org,672-399-4036,1983-09-11,,East Dawnfurt,Albania,2026-01-21T07:32:48,Inactive
1236,Carolyn,Simon,cust_1236_juarezchristopher@example.org,+1-283-335-3910x16125,1971-06-11,,Parsonsbury,Switzerland,2025-05-31T20:53:09,Inactive
1237,Jay,Jones,cust_1237_regina11@example.com,643-376-7348x140,1956-05-22,,North Michellefort,ALBANIA,2025-07-21T20:05:32,Active
1238,Tammie,Walter,cust_1238_wrightdrew@example.org,899-310-0420x2886,1973-03-23,Male,Moonton,Albania,2026-03-07T23:04:41,Active
1239,Wendy,Clark,cust_1239_charlesbrown@example.com,,1994-02-27,,Kevinview,Germany,2023-08-31T05:43:40,Active
1240,Brandi,Parker,cust_1240_davieskevin@example.com,+1-917-391-3860x15711,2001-03-16,,East Kirsten,USA,2023-06-01T20:47:47,Active
1241,Derrick,Washington,cust_1241_bartoncathy@example.com,9286814112,1988-02-06,Male,,Germany,2024-05-07T14:51:32,Active
1242,Gary,May,cust_1242_baileynatalie@example.org,657.364.6391x38107,2003-12-29,,Martinezshire,Germany,2024-03-20T16:50:47,Active
1243,Martin,Jenkins,cust_1243_lchurch@example.com,,1960-03-14,Male,North Samantha,Switzerland,2023-12-05T07:59:08,Inactive
1244,Janet,Hill,cust_1244_ronald94@example.net,(684)955-2527x41025,1994-06-25,Female,Lake Stevenside,,2025-07-16T17:37:41,Inactive
1245,Melissa,Lopez,cust_1245_bryantpeter@example.org,+1-530-705-1956x756,2007-06-05,Male,Kimberlyport,Germany,2023-08-15T06:01:20,Active
1246,William,Sosa,cust_1246_qcallahan@example.org,+1-656-350-4607x0014,2003-05-06,Male,North Valerie,Albania,2024-08-10T07:35:07,Active
1247,Jennifer,Martinez,cust_1247_donaldthomas@example.org,471.200.6689x04172,1967-12-30,Female,Russellborough,Albania ,2025-02-18T01:21:25,Active
1248,Kenneth,Smith,cust_1248_williamskaren@example.com,(482)540-8475,1986-06-18,,Zoeshire,Kosovo,2025-07-14T01:40:49,Active
1249,David,Petersen,cust_1249_oroberts@example.net,+1-913-451-1350x535,2000-12-04,Female,Port Dawn,Germany,2025-07-08T17:10:28,Active
1250,Sherry,Sanchez,cust_1250_austinmonica@example.org,(378)209-7830x280,2007-07-17,Female,Curtisport,Germany,2026-01-11T12:17:01,Active
1251,Tina,Hansen,cust_1251_nunezjeremy@example.net,514.247.8674x28021,1995-07-02,,Walkerstad,Albania,2025-02-12T04:24:59,Inactive
1252,Ashley,Wolfe,cust_1252_gardnerjoshua@example.net,001-712-713-9743x69905,2005-10-20,Female,Robynstad,Albania,2025-07-09T04:39:01,Active
1253,Carl,Williams,cust_1253_robert33@example.com,8692690452,2007-02-19,,,USA,2024-08-09T01:21:13,Active
1254,Donald,Robinson,cust_1254_huntjames@example.net,857-301-6527x613,1982-10-17,Male,Brianaside,Germany,2023-04-02T00:15:08,Active
1255,Kenneth,Turner,cust_1255_lheath@example.com,,1956-04-20,,Lake Chloe,USA,2024-09-09T21:55:41,Active
1256,Daniel,Rivera,cust_1256_sherisanders@example.org,+1-242-232-4234,1977-12-22,Female,Christopherberg,Germany,2024-04-23T04:08:44,Active
1257,Bryan,Barajas,cust_1257_jeffreythomas@example.com,+1-955-874-9062,2001-08-28,Male,East Joshuastad,Switzerland,2024-12-03T10:25:57,Active
1258,Marco,Medina,cust_1258_aliciaperez@example.com,,1957-01-21,Female,Michaelbury,Albania,2023-05-09T06:19:00,Inactive
1259,Dominic,Anderson,cust_1259_christopher78@example.org,(496)362-9917,1963-10-17,,Phillipsburgh,Albania,2025-07-21T10:31:25,Active
1260,Rachel,Reyes,cust_1260_thomasmooney@example.org,,1982-08-22,,Gabrielleshire,USA,2023-10-01T13:13:13,Active
1261,Robert,Powers,cust_1261_rodriguezjohn@example.org,225.603.1392,1970-01-30,,Adrianberg,,2023-03-12T00:49:33,Inactive
1262,Tony,Munoz,cust_1262_brownandrew@example.net,,1995-04-08,,Christinefort,USA,2025-07-27T14:02:03,Inactive
1263,Whitney,Cain,cust_1263_jeremymitchell@example.com,+1-756-716-2256x4718,2005-02-23,Female,Aaronmouth,,2025-06-19T00:22:17,Active
1264,Keith,Gross,cust_1264_scottpatton@example.org,623.716.7781,1997-07-11,,,,2024-08-08T09:46:48,Active
1265,David,Bowers,cust_1265_angelaunderwood@example.net,753-491-1776x6650,1977-07-14,,Wongchester,Kosovo,2023-04-14T22:04:52,Active
1266,Ronald,Rogers,cust_1266_edwardsutton@example.org,980.961.9022x3116,1992-05-14,,South Crystalfort,USA,2025-09-09T17:27:03,Active
1267,Andrew,Johnson,cust_1267_shawnrogers@example.org,(992)312-6848x563,1994-06-15,Male,West Meganport,Albania,2023-10-27T03:20:54,Active
1268,Jennifer,Garcia,cust_1268_lauriecrawford@example.com,001-889-523-1324x65986,1994-06-23,,South Kari,Kosovo,2025-04-11T16:08:18,Active
1269,Blake,Garcia,cust_1269_elizabeth06@example.com,,1966-10-25,Male,West Paulahaven,Kosovo,2023-08-05T15:29:04,Active
1270,Renee,Burns,cust_1270_emily56@example.net,001-466-642-6735x127,1987-08-12,Female,Sherrybury,Albania,2026-06-08T20:54:39,Active
1271,Adam,Gutierrez,cust_1271_tarabarnes@example.com,(348)278-4962x24945,1992-01-03,Male,Richardberg,Albania,2024-05-04T04:22:33,Active
1272,Charles,Johnston,cust_1272_samuel50@example.org,912-506-2767x29350,1965-09-15,Male,Gailview,Kosovo,2023-08-04T03:01:19,Active
1273,Andrea,Vincent,cust_1273_mitchellmichael@example.com,,2004-11-18,Male,West Patricia,kosovo,2024-12-17T20:48:51,Active
1274,Clayton,Chavez,cust_1274_kimlee@example.net,001-272-551-8407,2005-06-07,,Lake Cheryl,switzerland,2023-07-28T02:10:51,Active
1275,James,Mccoy,cust_1275_melindabowers@example.net,(909)245-1676,1984-09-09,Female,,germany,2024-09-06T06:28:51,Active
1276,Nicole,Petersen,cust_1276_underwoodmary@example.net,,2001-09-03,Female,North Daniel,Switzerland,2023-08-03T20:52:46,Active
1277,Victor,Singh,cust_1277_terrypatrick@example.com,848.242.6483x33679,1999-03-29,,Lake Amber,Germany,2024-09-21T21:04:47,Active
1278,Michelle,Odonnell,cust_1278_neilsummers@example.org,+1-349-546-9208x56490,1960-12-12,Female,West Christy,USA,2026-04-01T04:59:15,Active
1279,Juan,Nelson,cust_1279_baileypaul@example.net,254-561-7580,1978-10-24,,West Jonathanland,Albania,2023-04-06T03:36:26,Active
1280,Alexandra,Pena,cust_1280_zachary37@example.com,,1986-11-07,Male,Lake Jasonmouth,USA,2023-10-24T14:28:03,Active
1281,Mary,Hayes,cust_1281_barry90@example.org,958-303-0901x68564,1987-02-27,Male,, usa,2025-01-26T14:50:53,Active
1282,Angelica,Warner,cust_1282_bmiles@example.org,,1962-12-10,Male,South Phyllishaven,Germany,2025-12-13T23:01:14,Active
1283,Cameron,Kane,cust_1283_michelle58@example.org,(986)768-6119x976,1981-03-11,Female,Lake James,,2024-10-04T20:26:51,Inactive
1284,Beth,Watkins,cust_1284_justinhughes@example.net,945.481.9565,1965-05-06,Female,Johnbury,Kosovo,2024-01-20T10:10:05,Inactive
1285,Lisa,Frank,cust_1285_hernandezzachary@example.org,677-858-0158,1966-05-27,Female,Kelleyborough,Albania,2023-01-07T16:19:58,Active
1286,Sherry,Simmons,cust_1286_adamstephens@example.org,227.466.9834x515,1956-03-14,Female,Davidhaven,Switzerland,2024-07-29T17:35:29,Active
1287,Stephen,Poole,cust_1287_stephanieleon@example.com,,1986-09-13,,Martineztown,Kosovo,2025-09-19T12:14:16,Inactive
1288,Brandon,Thomas,cust_1288_donald44@example.com,001-211-284-2527x8630,1970-06-02,,Solomonberg,Kosovo,2023-04-24T16:28:24,Active
1289,Kayla,Russell,cust_1289_lawsonjennifer@example.com,+1-805-777-7196x19971,1991-05-04,,Baileyfurt,USA,2024-09-17T11:21:12,Active
1290,Michael,Deleon,cust_1290_susanwhite@example.org,434.640.0952,1995-02-10,,Lake Noah,Albania,2026-01-12T01:23:11,Inactive
1291,Trevor,Davidson,cust_1291_millershirley@example.org,943-590-7054,2006-05-23,Female,Williamsville,Switzerland,2024-06-03T17:51:27,Active
1292,Renee,Harper,cust_1292_jeffreyroberts@example.net,001-810-716-2600x802,2004-03-31,Male,Lake Jose,Kosovo,2024-12-29T03:23:06,Active
1293,William,Gutierrez,cust_1293_rfarrell@example.org,857.919.2149,1966-04-12,Male,Port Johnnybury,Germany,2026-01-09T07:32:52,Active
1294,Dominic,Sandoval,cust_1294_xdiaz@example.net,,1965-05-05,Male,East Christopherfort,GERMANY,2025-12-12T00:43:53,Active
1295,Elizabeth,Bennett,cust_1295_floresbridget@example.net,468-254-9272x4000,2007-10-14,,Beckland,Germany,2024-04-17T13:10:55,Active
1296,Alexander,Meadows,cust_1296_bowenbridget@example.net,843-527-1630x33563,1996-03-07,Female,,USA,2026-06-15T02:58:29,Active
1297,Caleb,Stephens,cust_1297_colleenwilliams@example.net,001-231-487-8104,1971-05-04,Female,West Holly,Albania,2024-03-08T21:54:28,Active
1298,Traci,Craig,cust_1298_wmeyer@example.net,8434766136,1976-04-21,Female,New Kristinaland,Kosovo,2023-08-06T23:54:04,Active
1299,Stephen,Smith,cust_1299_rhonda31@example.org,,1958-02-25,Female,Shannonview,switzerland,2026-04-09T18:15:31,Inactive
1300,Kyle,Contreras,cust_1300_thomasrussell@example.com,(683)430-9673x979,1999-10-02,,New Brendaville,USA,2026-03-06T10:01:51,Active
1301,Todd,Mendoza,cust_1301_hickstimothy@example.org,,2000-06-20,Female,Port Jessicafurt,USA,2026-06-15T20:31:59,Active
1302,Scott,Rivas,cust_1302_hudsongwendolyn@example.com,883.463.6885x01627,1999-06-23,Male,East Ronald,Switzerland,2024-11-06T17:16:47,Inactive
1303,Amanda,Taylor,cust_1303_cindy77@example.org,(516)752-2898x9074,1985-03-15,Male,,Switzerland,2025-05-28T15:07:04,Inactive
1304,Timothy,Aguilar,cust_1304_ashleydon@example.com,397-664-0838x58050,1982-08-29,,Port Scottfurt,Germany,2024-05-27T02:40:09,Active
1305,Scott,Wong,cust_1305_alicia00@example.net,,1980-04-01,Male,Laurieside,Germany,2025-04-07T19:05:18,Active
1306,Joseph,Padilla,cust_1306_alexandrawest@example.com,,1979-06-20,Female,North Jenniferburgh,Kosovo,2024-02-11T19:58:35,Active
1307,Joshua,Duncan,cust_1307_moralesdawn@example.com,+1-270-330-2930x1125,1965-11-01,Male,Houstonton, germany,2025-02-05T11:34:08,Active
1308,Danielle,Smith,cust_1308_lisafloyd@example.com,(223)836-9318,1999-12-29,Male,North Alexander,Germany,2025-02-13T08:29:18,Active
1309,Erika,Odonnell,cust_1309_brandon68@example.com,001-962-349-7537x405,1969-11-07,Male,Kevinstad,Switzerland,2024-09-25T19:35:38,Active
1310,Debbie,King,cust_1310_jeffery51@example.com,,1981-08-05,Female,,KOSOVO,2024-07-16T04:07:32,Active
1311,Mackenzie,Gomez,cust_1311_elizabethbrennan@example.net,,1969-03-04,,Kempside,Albania,2025-10-26T09:45:21,Active
1312,Steven,Diaz,cust_1312_gsmith@example.net,783-558-6267x3664,1975-06-19,,North Michelle,,2026-06-14T11:20:07,Active
1313,Anthony,Johnson,cust_1313_luis05@example.net,826.798.3443,1957-11-06,Male,,Switzerland,2025-04-11T23:34:11,Active
1314,Tracy,Thomas,cust_1314_joseph50@example.org,+1-428-546-7200x734,1993-12-09,Male,Lake Taylorbury,Kosovo,2026-02-20T21:58:10,Active
1315,Jackson,Hart,cust_1315_jason31@example.org,2164258515,1987-04-03,Female,West Victoriatown,Kosovo,2025-10-19T01:32:36,Active
1316,Michael,Dyer,cust_1316_edward66@example.org,+1-543-737-9531x112,2001-02-15,Female,West Victoriaburgh,Albania,2024-09-15T02:16:42,Inactive
1317,Lauren,Colon,cust_1317_richardsmario@example.org,(610)785-7383x855,1988-02-11,Female,West Crystalchester,Switzerland,2023-03-05T15:45:46,Active
1318,Katelyn,Robinson,cust_1318_whale@example.com,,1964-11-30,Female,Mauricestad,Albania,2024-04-30T16:58:37,Active
1319,Stanley,Wright,cust_1319_paul21@example.net,,1977-04-13,,Lopezville,Germany,2024-10-07T19:39:16,Active
1320,Sarah,Coleman,cust_1320_christophercollier@example.org,356.926.4126x0848,1957-01-19,Male,Mooreshire,KOSOVO,2025-08-23T08:49:21,Active
1321,Mark,Gilbert,cust_1321_samanthamartinez@example.net,799.251.6704,2003-07-31,Female,,Germany,2026-01-11T11:36:31,Inactive
1322,Diane,Santos,cust_1322_thomascathy@example.org,001-667-731-2343x8880,1982-12-13,,,Germany,2023-05-21T12:16:36,Active
1323,Jennifer,Carter,cust_1323_goodmancourtney@example.org,750-928-2313x4275,1961-06-20,,Owensland,Albania,2023-06-21T04:31:14,Active
1324,Brenda,Fry,cust_1324_yjacobs@example.com,334.336.9531x02977,1960-01-19,,Alfredberg,Germany,2025-11-27T12:00:49,Active
1325,Randy,Yoder,cust_1325_scott76@example.com,532.481.6291x087,1963-06-07,Female,North Brittney,albania,2024-01-18T10:27:52,Active
1326,Brent,Lamb,cust_1326_adamparsons@example.com,001-305-729-8770x74599,2006-03-14,Female,North Jonathan,Kosovo,2024-05-08T16:17:40,Active
1327,Alan,Norman,cust_1327_joshuacohen@example.com,838.978.9034x50295,2001-11-30,Male,Williamston,GERMANY,2024-02-27T20:22:28,Inactive
1328,Lee,Sanchez,cust_1328_nicholas18@example.com,(541)482-3688x101,1966-07-18,Male,Thompsonton,Albania,2026-03-11T14:47:53,Active
1329,Andrea,Gonzalez,cust_1329_keithemily@example.net,(401)238-8253,1963-12-14,Male,,Switzerland,2026-04-12T15:02:00,Active
1330,Jack,Williams,cust_1330_david41@example.org,001-263-960-3891x7369,1987-12-05,Male,Deborahchester,Albania,2025-01-18T23:35:02,Inactive
1331,Nathan,Hubbard,cust_1331_deanlauren@example.com,7713634850,1980-04-19,Male,East Stephen,Switzerland,2025-04-01T21:46:04,Active
1332,Vernon,Young,cust_1332_znavarro@example.org,456-997-2965x561,2002-07-03,Male,,Switzerland,2024-10-26T13:01:18,Active
1333,Corey,Stephens,cust_1333_cburgess@example.org,001-988-562-6395x61266,2005-04-26,,West Michaelborough,Switzerland,2024-12-13T16:03:02,Active
1334,Jamie,Robinson,cust_1334_stephanie11@example.com,(434)961-4466,1983-12-30,Male,,,2024-10-21T01:40:05,Active
1335,John,Edwards,cust_1335_ewatkins@example.org,001-814-521-5248x31968,1970-05-29,Female,Greentown, kosovo,2026-07-31T13:33:20,Inactive
1336,Stephanie,Chan,cust_1336_stanleygary@example.org,(588)330-0483x7936,1981-10-06,Male,Barbaraburgh,Germany,2026-03-06T03:27:59,Inactive
1337,Bradley,Baker,cust_1337_rnewton@example.org,,1995-01-30,,Carmenview,Germany,2023-04-11T01:31:31,Active
1338,Sean,Silva,cust_1338_epearson@example.com,918-372-2824,2001-10-04,Female,North Christopher,Kosovo,2023-06-27T10:09:30,Active
1339,David,Ramirez,cust_1339_agibbs@example.com,289.784.9749x979,1990-11-05,,Port Dennis,Germany,2025-01-31T16:55:17,Inactive
1340,Ryan,Vasquez,cust_1340_richard31@example.com,,1969-04-18,Male,New Christineville,Germany,2023-01-15T14:56:52,Active
1341,Michael,Meyers,cust_1341_mgarcia@example.com,,1997-02-08,Female,East Candacestad,GERMANY,2026-07-17T17:08:52,Active
1342,Chase,Ritter,cust_1342_jacob21@example.com,(837)488-1193x89990,1970-10-09,Female,North Kathryntown,Albania,2025-02-15T02:06:20,Active
1343,Thomas,Martin,cust_1343_kara58@example.com,001-236-213-1798x549,1989-12-11,,Hannahton,Switzerland,2024-01-12T23:29:26,Inactive
1344,Renee,Waters,cust_1344_daniel41@example.net,956.639.9812,2003-05-09,,New Crystal,Kosovo,2023-08-15T00:37:49,Active
1345,Jonathan,Summers,cust_1345_lucas15@example.com,001-225-381-4762x1236,1970-06-28,,Hallview,KOSOVO,2024-07-10T03:29:13,Active
1346,Beth,Marshall,cust_1346_robin08@example.net,001-609-730-7968x59096,1997-04-11,Female,,Albania,2026-05-09T12:27:36,Active
1347,Cynthia,Mcclain,cust_1347_debra16@example.com,,1990-04-06,Male,Lake Daniel,Germany,2025-01-21T00:30:53,Active
1348,Jasmine,Villegas,cust_1348_kevinsantos@example.net,213-939-7367,1967-04-19,,North Timothy,Germany,2023-12-18T15:25:15,Inactive
1349,Joseph,Phillips,cust_1349_eric02@example.net,001-641-298-3063x2365,1974-09-13,Male,New Coryport,Albania,2024-03-26T19:02:25,Active
1350,Cheyenne,Johnston,cust_1350_parkermichael@example.net,350.894.7651,1992-05-14,Female,West Robertview,Germany,2023-01-13T12:39:42,Active
1351,Dawn,Flores,cust_1351_christina29@example.net,+1-213-470-5424x519,1967-08-14,,Daltonland,USA,2023-02-12T04:38:56,Active
1352,Christopher,Wright,cust_1352_weberamber@example.org,4234766696,1997-02-09,Male,Jesusside, kosovo,2024-08-19T02:14:38,Active
1353,Laura,Martinez,cust_1353_kellygray@example.net,,1967-10-09,Female,Port Christinebury,Albania,2026-05-02T00:49:17,Inactive
1354,Jonathan,Johnson,cust_1354_xparsons@example.com,934.763.3488x93343,1967-08-21,Female,Lake Alisonchester,Switzerland ,2025-08-09T03:58:35,Active
1355,Melissa,Schultz,cust_1355_chelsea70@example.org,538-726-9285x5074,1994-06-03,Female,New Michelleburgh,,2026-03-25T05:58:50,Inactive
1356,Lauren,Peterson,cust_1356_andreaherring@example.org,(996)345-3591x76504,1974-05-18,,North Benjamin, usa,2025-07-08T12:17:51,Active
1357,Melissa,Day,cust_1357_fsilva@example.com,996-268-6679x8994,1997-12-14,Female,Haynesmouth,Albania,2025-12-23T20:20:00,Active
1358,Tabitha,Lewis,cust_1358_laura71@example.com,,1982-05-14,Male,Odonnellland,,2023-02-10T21:09:50,Inactive
1359,Justin,Clark,cust_1359_cheryl69@example.net,856.965.0518x8601,1977-12-23,,Joseburgh,Germany,2023-11-14T12:57:51,Active
1360,Brandon,Summers,cust_1360_rachel86@example.org,9457056693,1987-10-10,Female,,Albania,2024-04-27T21:56:58,Inactive
1361,Kevin,Johnson,cust_1361_markbaird@example.net,,1972-01-23,Male,West Laurie,Kosovo,2023-07-13T04:54:38,Active
1362,Miranda,Lambert,cust_1362_marcusbell@example.org,+1-857-562-6481,2004-09-05,,Ashleychester,Kosovo ,2025-05-18T19:45:20,Active
1363,Samantha,Heath,cust_1363_rebeccamckee@example.com,701-327-8969,1986-12-17,,North Katherine, germany,2025-09-25T09:36:27,Active
1364,Patricia,Hughes,cust_1364_mthomas@example.net,,1984-06-05,,Alexandriafort,Switzerland,2023-03-17T18:22:34,Active
1365,Sydney,Gonzalez,cust_1365_scott61@example.com,844.543.9468,2004-04-09,,North Amanda,Germany,2025-11-13T10:25:47,Active
1366,Julia,Williams,cust_1366_maryblackwell@example.com,,1974-09-23,,,Kosovo,2026-08-01T07:56:45,Active
1367,Tyler,Ayala,cust_1367_christina43@example.com,(777)262-6263x678,1989-11-14,,Cervantesview,Switzerland,2026-05-02T05:06:31,Active
1368,Joseph,Hernandez,cust_1368_wfisher@example.org,001-852-995-3774x037,1976-08-24,,Grantport,Albania,2023-02-08T20:53:41,Active
1369,Robert,Ross,cust_1369_johnroberts@example.com,+1-275-234-1157x330,1979-01-18,Female,New Melissaton,Kosovo,2026-05-22T00:32:31,Active
1370,Jorge,Johnson,cust_1370_jonesjill@example.com,485.865.3523,1995-06-26,Male,Riggstown,USA,2023-02-27T04:43:04,Active
1371,Sarah,Morales,cust_1371_collinskirk@example.com,001-356-711-9989x96511,1984-08-08,,Lake Suzanne,Kosovo,2026-05-08T10:11:39,Active
1372,Christina,Yang,cust_1372_miguelcooper@example.net,886-887-0479,1995-07-27,Male,Kelleyberg,germany,2026-01-05T02:29:00,Active
1373,Joshua,Olson,cust_1373_cindyhenderson@example.org,(408)991-4233x029,1960-03-30,,Odonnelltown,Kosovo,2024-05-05T04:23:52,Inactive
1374,Christopher,Chavez,cust_1374_gary74@example.com,605-913-1866x047,1964-05-27,,East Andrea, germany,2026-07-25T19:13:16,Active
1375,Jacob,Obrien,cust_1375_dakota23@example.net,,1988-05-26,,,Switzerland,2023-01-05T03:16:29,Active
1376,Donald,Palmer,cust_1376_josephduffy@example.com,+1-335-518-6647x7413,2008-03-30,Female,Charlesborough,Albania,2023-01-14T10:58:05,Active
1377,Jason,Howell,cust_1377_dana17@example.net,,1996-08-31,,Amandaland,Albania,2024-06-26T13:25:23,Active
1378,Amanda,Dunlap,cust_1378_matthewslarry@example.net,359-890-9841x28655,1961-12-02,,Reedburgh,Kosovo,2023-12-01T04:42:32,Active
1379,Calvin,Scott,cust_1379_ilopez@example.net,,1996-12-18,,Lake Brianborough,Albania,2025-04-07T18:48:54,Active
1380,Thomas,Lee,cust_1380_branchkenneth@example.com,(242)319-5973,1961-09-04,Male,North Zachary,Germany,2023-08-29T09:02:14,Active
1381,Alex,Alexander,cust_1381_powerscory@example.org,731.555.5301,1997-08-22,,East Brianport,USA,2024-04-06T02:43:12,Active
1382,Elizabeth,Edwards,cust_1382_trussell@example.com,,1971-11-01,Male,Wardside,Kosovo,2024-04-15T19:36:37,Active
1383,Krista,Harmon,cust_1383_carlagarcia@example.com,,1997-06-14,Female,Markport,Albania,2023-07-05T21:58:10,Active
1384,Brian,Molina,cust_1384_ernestwright@example.net,+1-345-820-6419x106,1964-01-31,Female,Vaughnland,ALBANIA,2023-01-27T19:50:54,Active
1385,Wesley,Martinez,cust_1385_chenvictor@example.net,,1983-01-16,Male,Nicholschester,Switzerland,2026-07-04T09:24:13,Active
1386,Jerry,Bates,cust_1386_travis28@example.net,(669)996-2083,1986-09-13,Male,Lake Adamstad,USA,2025-06-02T10:47:13,Active
1387,Steven,Martinez,cust_1387_christopher52@example.net,7329200748,1958-09-20,Female,West Linda,Germany,2025-05-14T11:51:53,Active
1388,Joseph,Blevins,cust_1388_mschwartz@example.com,680-228-6060x48022,1958-07-07,Male,Loganport,Albania,2025-01-11T03:48:15,Active
1389,Linda,Walker,cust_1389_gschmidt@example.com,001-590-241-8985x664,2005-03-21,Male,South Markstad,Switzerland,2024-11-01T04:19:24,Inactive
1390,Patrick,Weeks,cust_1390_rrivas@example.net,(256)399-3136x0622,2006-12-08,Male,Port Jessicaborough, albania,2025-05-13T17:39:04,Active
1391,Barbara,Smith,cust_1391_clarkdavid@example.net,,2005-05-17,Male,Orrland,Kosovo,2026-03-16T18:40:49,Active
1392,Jesus,Alexander,cust_1392_briannaandrade@example.net,389-653-8294x419,1983-07-02,,Lambton,Germany,2024-07-15T20:40:43,Active
1393,Patricia,Richardson,cust_1393_moniquemoore@example.org,830.895.3267x0848,2004-06-18,Male,Normanberg,Kosovo ,2025-07-10T04:41:11,Active
1394,Sheri,Henderson,cust_1394_gfowler@example.org,+1-201-883-2353,1997-03-30,Male,Ronaldport,Kosovo,2025-11-24T16:28:22,Active
1395,Sharon,Morris,cust_1395_gabriela59@example.net,(445)383-7449x5975,1966-06-23,,West Daisy,Albania,2023-05-07T01:53:57,Active
1396,Christina,Snyder,cust_1396_matthew49@example.com,997.748.7411x48626,1979-11-17,Female,Port Kaitlinville,usa,2026-05-12T01:56:22,Active
1397,Mary,Foster,cust_1397_marymiller@example.net,215-564-1967x89630,1977-12-13,Female,Jillburgh,USA,2023-04-05T19:11:51,Active
1398,Brandon,Fuller,cust_1398_ryan01@example.net,001-572-624-2284,1990-02-14,,South Patrick,Usa ,2025-05-09T12:24:55,Active
1399,Nicole,Ross,cust_1399_wgarcia@example.com,7405334801,1973-06-15,Female,Adkinsstad,Germany,2026-05-19T07:21:47,Active
1400,Marvin,Harris,cust_1400_claire11@example.net,660-853-9260x967,2002-09-10,Male,South Derek,Kosovo,2025-09-04T07:31:56,Active
1401,John,Smith,cust_1401_ugibson@example.net,(485)367-2850,1965-02-13,,Taraborough, switzerland,2025-05-15T09:33:08,Active
1402,Sean,Lynch,cust_1402_guerramaria@example.org,826-926-4395,2001-01-08,,Keithfurt, switzerland,2023-01-04T22:14:20,Active
1403,Kerry,Leon,cust_1403_matthewchambers@example.com,001-791-398-1775,1974-06-07,Male,New Erica,Kosovo,2024-03-06T19:51:52,Active
1404,Timothy,Ward,cust_1404_jessica43@example.net,+1-882-783-8597x477,1976-06-30,Female,Deleonshire,Germany,2023-02-27T00:17:25,Active
1405,Richard,Herring,cust_1405_kennethrodriguez@example.org,468.477.1569,1980-03-04,,Port Branditon,ALBANIA,2025-01-26T08:05:09,Inactive
1406,Susan,Allen,cust_1406_cardenasdonna@example.net,001-677-910-0115,1992-03-11,Female,Trevinoport,Albania,2025-08-12T16:30:55,Inactive
1407,Nancy,Brooks,cust_1407_christineedwards@example.org,622.955.7856x4135,1965-07-08,,Codyside,,2024-05-25T18:30:55,Active
1408,Andres,Rowe,cust_1408_todd94@example.com,,1980-04-27,Male,Tammystad,Switzerland,2025-05-08T13:41:26,Active
1409,Kristin,Kent,cust_1409_courtney13@example.com,,1967-02-01,,Lake Rileyton,Albania,2023-08-30T09:08:00,Active
1410,Kristin,Little,cust_1410_bsmith@example.com,,1962-08-09,Female,East Judith,USA,2025-10-14T19:39:59,Active
1411,Cynthia,Davis,cust_1411_fcaldwell@example.net,,2002-11-15,Female,Richardshire,Albania,2024-11-21T15:27:15,Active
1412,David,Johnson,cust_1412_egarcia@example.com,541.985.5950,1979-05-10,,Nathanfurt,Albania,2023-02-27T14:25:41,Inactive
1413,Corey,Mckee,cust_1413_danielyates@example.net,+1-900-817-0679x490,1971-10-06,Male,New Larry,Kosovo,2025-11-22T04:39:39,Active
1414,Whitney,Gibbs,cust_1414_xcooke@example.net,,1979-11-28,Male,Wallacebury,Switzerland,2024-07-02T06:34:43,Inactive
1415,Daniel,Lee,cust_1415_jonesjake@example.net,001-589-660-7072x288,1987-07-14,Female,East Jerrystad,Albania,2026-06-28T05:59:16,Active
1416,Jane,Dickerson,cust_1416_beckrobin@example.net,927-349-3663x5796,2004-09-26,Female,Abigailtown,Switzerland,2023-11-01T12:03:04,Active
1417,Thomas,Garza,cust_1417_jasmine12@example.net,456.758.2608,2007-08-23,Female,Lake Robert,Germany,2026-02-07T04:13:51,Active
1418,Peter,Crosby,cust_1418_davisdavid@example.org,,1969-01-09,,,germany,2025-03-23T14:12:26,Active
1419,Tiffany,Blake,cust_1419_ostuart@example.net,(914)425-2611,1974-03-31,,Lisaport,Switzerland,2024-09-04T13:06:27,Active
1420,Nicholas,Fuentes,cust_1420_justin11@example.net,,1962-04-26,Female,Melendezborough,Albania,2023-10-08T23:04:44,Active
1421,Jacob,Burch,cust_1421_drew38@example.net,,1999-06-20,,Christopherfurt,Switzerland,2024-11-30T06:38:20,Active
1422,Anthony,Jones,cust_1422_jamesmorris@example.org,+1-619-937-6841,1962-04-24,Female,West Patrickberg,kosovo,2023-09-15T13:56:17,Inactive
1423,Brandon,Berry,cust_1423_estanley@example.com,227-928-3603,1963-01-21,Male,Moramouth,,2025-01-20T03:59:18,Active
1424,Dylan,Campbell,cust_1424_qhoffman@example.com,+1-837-962-9507,1962-09-08,Male,Lake Robertville,USA,2025-02-14T03:36:29,Inactive
1425,Brianna,Miller,cust_1425_morrisrebecca@example.org,969.630.3264x56496,1997-02-19,Male,,Albania,2023-06-19T14:49:59,Active
1426,Audrey,Lopez,cust_1426_bethanymarshall@example.org,+1-906-249-0970x34251,1987-02-22,Female,New Chadstad,Switzerland,2025-05-17T20:06:09,Active
1427,Carl,Wright,cust_1427_xchandler@example.com,,1967-05-17,,Gregorymouth,Albania,2024-01-19T02:01:15,Active
1428,Amy,Avila,cust_1428_james91@example.org,(202)421-6908x8754,1983-06-18,,East Kendra,Switzerland,2024-07-25T18:10:03,Active
1429,Rebecca,Hubbard,cust_1429_rhondasanchez@example.org,(773)351-7454x693,1994-07-24,,East Jessicaport,Kosovo,2023-03-15T03:27:08,Inactive
1430,Timothy,Lane,cust_1430_matthewchang@example.net,,1986-07-24,Male,Michaelshire,,2026-01-02T13:29:08,Inactive
1431,Renee,Hale,cust_1431_riverasylvia@example.com,877-917-0305,1992-06-26,Male,New Kevinberg,Albania,2024-01-30T00:43:39,Active
1432,Steven,Contreras,cust_1432_smithjoshua@example.com,689.353.3768,1977-10-07,Female,Gallagherfurt,Albania,2024-12-11T17:01:34,Active
1433,Virginia,Peterson,cust_1433_turnerjuan@example.net,+1-897-931-7303x3249,1958-08-14,,Ritafort,Albania,2024-02-15T03:38:52,Active
1434,Brooke,Allison,cust_1434_lisa47@example.com,001-247-731-8156,1963-09-01,Female,Franciston,USA,2024-12-07T20:09:26,Active
1435,William,Tyler,cust_1435_garrettvega@example.org,710-679-7647,1975-10-29,Female,Robertmouth,Switzerland,2023-08-21T19:06:47,Active
1436,Jennifer,Russell,cust_1436_aprilhuynh@example.net,254.803.9098x46856,1988-02-04,Female,Cummingsburgh,Kosovo,2025-10-06T16:03:31,Active
1437,Annette,Bryan,cust_1437_nicholascrawford@example.net,2975777957,1968-03-07,,,Albania,2025-06-03T16:36:48,Inactive
1438,James,Hall,cust_1438_brettthomas@example.net,001-471-410-7351x2896,1995-10-15,,South Amberburgh,,2024-03-22T11:46:49,Active
1439,Kristin,Olsen,cust_1439_davenportstephanie@example.com,,1994-03-12,,West Joshua,,2023-02-05T01:00:38,Active
1440,John,Baldwin,cust_1440_johnsonpatrick@example.com,730-469-5235x786,1972-12-13,,Christopherhaven,Switzerland,2024-06-17T19:37:27,Inactive
1441,Leah,Nguyen,cust_1441_tortiz@example.org,485.748.7531x19804,1980-07-12,,Sylviaberg, kosovo,2025-04-02T09:44:02,Inactive
1442,Rachel,Davis,cust_1442_ann63@example.net,407-486-8878x60203,2008-06-18,Male,East Pamfort,Kosovo,2023-02-23T02:25:18,Active
1443,Michael,Ortiz,cust_1443_wellselizabeth@example.com,001-928-579-8728,1976-10-02,,West Laurieport,Switzerland,2025-05-31T09:36:24,Active
1444,Larry,Cohen,cust_1444_sheilathomas@example.org,216-703-3288x8070,2005-05-25,,Lake Blakehaven,GERMANY,2025-01-27T13:35:20,Active
1445,Robert,Baxter,cust_1445_debra01@example.com,001-901-475-4541x648,1967-04-29,,North Mirandaview,Switzerland,2024-09-22T08:58:31,Active
1446,William,Snyder,cust_1446_haleyrobinson@example.net,(697)544-2036x0785,2003-10-21,Male,North Ashley,USA,2024-08-01T14:25:51,Active
1447,Matthew,Levine,cust_1447_jermainemorales@example.org,,1973-11-28,Female,South Brandonland, germany,2024-02-08T07:10:33,Active
1448,David,Jones,cust_1448_brandonallison@example.org,001-885-981-9701x5019,1993-02-01,Male,Caldwelltown,Kosovo,2025-08-17T03:16:43,Active
1449,Lisa,Jones,cust_1449_lauriebrewer@example.org,001-752-433-2970x4937,1974-11-24,Male,West Amandastad,USA,2024-05-16T07:38:50,Active
1450,Carolyn,Holmes,cust_1450_heatherthompson@example.net,+1-920-575-7414x248,1994-10-25,,Mooreberg,Kosovo ,2024-06-21T05:21:58,Active
1451,Thomas,Morgan,cust_1451_tgoodwin@example.org,673.967.7244x3435,1990-12-19,Male,Martinfurt,Switzerland,2024-07-16T04:43:40,Active
1452,Carolyn,Barnes,cust_1452_timothy76@example.org,+1-802-299-0348x04247,1975-04-11,Male,Lake Brendanport,Switzerland,2023-01-15T17:34:49,Active
1453,Caitlin,Miller,cust_1453_sandra01@example.net,(266)522-5492,1978-04-12,,Caseybury,Switzerland,2023-03-24T09:53:50,Active
1454,Ashley,French,cust_1454_waltersaimee@example.org,(673)311-7226,1997-03-19,,Travismouth,Germany,2024-10-16T03:54:05,Active
1455,Allison,Mclaughlin,cust_1455_kowen@example.org,,1994-10-27,Female,East Tiffany,USA,2025-08-06T20:59:56,Active
1456,Roberta,Harmon,cust_1456_pchandler@example.com,+1-735-596-6771,1977-10-04,Male,Port Garychester,,2026-04-09T19:54:59,Active
1457,Michelle,Newman,cust_1457_dustin87@example.org,2038299090,2005-11-13,,Meganchester,Kosovo,2023-04-15T22:35:01,Active
1458,Michelle,Shah,cust_1458_christytorres@example.org,001-455-240-4231x697,2002-03-21,,Ramosstad,USA,2026-06-14T12:06:31,Active
1459,Stephen,Wright,cust_1459_mcclainjohn@example.com,001-769-404-5392,1971-07-01,,Grantbury,ALBANIA,2024-06-03T10:21:43,Active
1460,Henry,Hall,cust_1460_craig22@example.com,,2007-04-09,,Matthewborough,Switzerland,2023-03-20T09:47:35,Inactive
1461,David,Davis,cust_1461_freemanchristopher@example.com,240.798.5372x0335,1977-09-29,Female,South Brandonbury,Kosovo,2026-06-30T03:43:01,Active
1462,Christine,Watson,cust_1462_melissa25@example.org,+1-670-794-0422,1990-06-07,,Torresland,Germany,2025-07-11T07:54:21,Active
1463,Terri,Jensen,cust_1463_srodriguez@example.com,7785191350,2007-02-26,Female,Cherylview,Kosovo,2026-03-29T20:50:12,Active
1464,Elizabeth,Herrera,cust_1464_patricia63@example.com,857-316-6328x24630,1964-08-15,,Andersonland,Kosovo ,2025-11-08T21:46:46,Inactive
1465,Denise,Larson,cust_1465_twiley@example.org,2077615042,2002-05-08,Male,Masonstad,USA,2025-11-03T03:35:44,Active
1466,Jay,Hernandez,cust_1466_medinajamie@example.com,360.680.9010,1982-04-08,Male,Oconnorton,USA,2026-02-12T04:16:24,Active
1467,Matthew,Ross,cust_1467_omarthompson@example.org,+1-716-838-8168x78518,1956-07-01,,West Courtneyshire,Albania,2024-08-16T02:53:17,Active
1468,Jessica,Joseph,cust_1468_chungjeffrey@example.com,727.820.8147x2373,1996-10-04,Male,Andrewhaven,Albania,2023-12-13T20:20:14,Active
1469,Timothy,Elliott,cust_1469_ggray@example.net,589.899.5145x498,1984-02-11,Female,Snowview,Kosovo ,2024-08-25T00:05:57,Active
1470,Kathryn,Barry,cust_1470_colemanmichael@example.org,,1979-07-28,,Watsonside,usa,2024-06-08T11:37:13,Active
1471,Roy,Chang,cust_1471_johnharrison@example.com,+1-295-263-4318x07392,1988-06-26,,West Allison,Germany,2024-06-21T15:35:09,Active
1472,Eric,Christian,cust_1472_josebrown@example.com,403.816.7871,1975-06-02,Male,West Justinfort,usa,2025-11-11T22:21:27,Active
1473,Derek,Gray,cust_1473_mlewis@example.com,950-805-4908x09983,1972-08-09,,Younghaven,USA,2025-01-13T00:42:11,Active
1474,Samuel,Carroll,cust_1474_redwards@example.com,530.200.9143x52949,2007-01-11,,Holtview,USA,2023-06-15T05:15:40,Active
1475,James,Garcia,cust_1475_vmoore@example.org,,1986-06-18,Male,Hernandezfort,albania,2025-12-12T19:53:09,Active
1476,Gabriel,Wright,cust_1476_jeffreyfinley@example.org,,1981-01-05,Male,Crystalton,Switzerland,2023-01-07T11:45:04,Active
1477,Chad,Powell,cust_1477_mckinneylaurie@example.org,(477)212-5158x9041,1970-06-25,Female,,Albania,2024-06-07T05:20:42,Inactive
1478,Kelsey,Tucker,cust_1478_silvapatrick@example.org,,1984-01-03,,South Alison,Switzerland,2024-04-01T13:51:59,Active
1479,Marcus,Arnold,cust_1479_kevin20@example.org,,1966-07-28,,West Donaldfurt,USA,2025-08-07T22:19:54,Active
1480,Mary,Savage,cust_1480_dominguezomar@example.com,982-348-8631x373,1998-08-22,,Michaelbury,Switzerland,2023-04-25T10:44:34,Inactive
1481,Audrey,Smith,cust_1481_johnsonshawn@example.org,,1989-10-18,Male,West Kristinbury,Germany,2025-11-06T02:07:03,Active
1482,Kimberly,Roberts,cust_1482_robinsonchristian@example.org,001-411-699-2569,1969-02-25,,Ortizside,Germany ,2025-11-05T09:08:09,Active
1483,Michael,Smith,cust_1483_laura67@example.org,001-318-911-8140x51325,1975-10-25,Male,West Larryton,Kosovo,2025-02-19T08:08:50,Active
1484,Carol,Gibbs,cust_1484_bswanson@example.org,+1-987-483-1031x45645,1970-04-18,,South Mark,Albania,2025-01-03T20:13:07,Active
1485,Jacob,Mccoy,cust_1485_chad60@example.org,344.599.9870x933,1967-02-06,Female,Adkinsport,Germany,2023-05-19T04:43:41,Active
1486,Jesus,Jones,cust_1486_baileysara@example.com,,1972-02-09,Female,Blakemouth,Kosovo,2024-06-28T15:03:02,Active
1487,Paul,Roberts,cust_1487_campbellkelly@example.net,801-308-9654,1982-11-25,,West Jeremiah,,2023-02-28T04:18:21,Active
1488,Vanessa,Morse,cust_1488_ayates@example.org,394.986.9894x848,1985-12-05,,Lake Johnville,Switzerland,2023-02-09T09:14:03,Active
1489,Daniel,Warner,cust_1489_ccollier@example.com,337.359.4933x0781,1997-08-08,Female,,Albania,2024-11-18T03:59:38,Active
1490,Ebony,Turner,cust_1490_vmercer@example.com,8219444155,1966-09-08,Female,Jeremybury,Albania,2025-10-30T22:44:42,Active
1491,Henry,Sims,cust_1491_jason61@example.net,291.270.3353,1997-06-03,Male,Christinashire,Kosovo,2025-06-25T14:26:50,Active
1492,Tara,Sanchez,cust_1492_michellehopkins@example.com,473.517.3946x2487,1993-05-04,Female,Meganfurt,Switzerland ,2024-05-26T23:14:27,Active
1493,Danielle,Woods,cust_1493_malloryford@example.org,914.213.4931x796,1963-09-27,Male,Smithstad,Kosovo,2025-05-18T17:02:53,Active
1494,Heidi,Matthews,cust_1494_sarahwatson@example.com,,1982-06-07,Male,South Derektown,Switzerland,2024-09-02T19:36:48,Active
1495,Heather,Hendrix,cust_1495_vsanders@example.net,263-598-9701x4557,1965-12-13,,West Doris,Kosovo,2025-01-08T13:32:32,Active
1496,Lisa,Coleman,cust_1496_ljones@example.com,(252)390-5092x600,1968-10-12,Female,Lake Kelliton,Albania,2023-05-10T04:35:08,Active
1497,Melissa,Wade,cust_1497_ncollier@example.org,+1-244-298-1213,2007-09-06,Female,Lake Kathryn,USA,2025-04-04T15:44:18,Active
1498,Jenny,Jones,cust_1498_davidjones@example.net,+1-986-572-3310x44817,1992-11-24,,Chasestad,Germany,2024-05-07T10:59:13,Active
1499,Natasha,Smith,cust_1499_karenfox@example.com,,1975-03-29,Female,,Switzerland,2023-07-31T14:22:38,Active
1500,Courtney,Lawson,cust_1500_uhunter@example.net,676-313-0236,1997-02-25,,,Kosovo,2025-12-08T07:25:32,Active
1501,Donald,Yoder,cust_1501_nicolereid@example.com,001-516-376-4032,1986-08-03,,Lake Hector,USA,2024-06-17T06:45:24,Active
1502,Robert,Scott,cust_1502_gabriela43@example.net,726-493-7949,1998-07-15,Male,West Jackson,USA,2025-08-13T05:09:40,Active
1503,Katie,Blair,cust_1503_hhunter@example.org,,1976-09-17,Female,,USA,2024-10-28T17:54:25,Active
1504,Jacqueline,Wheeler,cust_1504_wiserenee@example.net,730.964.0980,1967-01-14,Male,Millermouth,Switzerland,2024-05-07T20:27:36,Active
1505,Tammy,Foster,cust_1505_robinsonjames@example.net,001-578-979-0259x12046,1975-11-20,Male,North Robert,,2026-01-30T10:30:08,Inactive
1506,Ashley,Guzman,cust_1506_tiffany95@example.com,980-929-5599,1960-04-08,,Lake Stanley,USA,2026-05-22T13:28:07,Active
1507,Eddie,Kelly,cust_1507_groy@example.org,001-524-874-1117,1966-08-03,,Smithhaven,Germany,2024-10-23T07:07:00,Active
1508,Johnny,Walsh,cust_1508_williamwalker@example.org,(584)223-3008x056,1963-03-17,,New Tamara,Germany,2025-09-02T23:55:28,Active
1509,Aaron,Anderson,cust_1509_williamsonmegan@example.net,8787831273,1975-10-01,,Amyberg,Albania,2023-10-13T15:59:27,Active
1510,Emily,Kim,cust_1510_tracywolfe@example.org,,1998-07-01,,New Theodore,Kosovo,2026-07-12T17:53:41,Active
1511,Kevin,Medina,cust_1511_jennifer26@example.org,(251)329-5551x0051,1969-10-31,,,USA,2025-08-18T17:14:32,Active
1512,Douglas,Fuentes,cust_1512_james75@example.org,001-400-536-0722x350,1994-10-05,,Lake Rebeccaview,Switzerland,2025-11-26T16:44:07,Inactive
1513,Robert,Yoder,cust_1513_jsalazar@example.com,869-528-0916,2005-02-21,,,Switzerland,2023-07-12T13:51:26,Active
1514,Gina,Mitchell,cust_1514_andrea15@example.net,+1-840-833-0454x41061,2000-04-24,Male,Bettytown,ALBANIA,2023-02-17T13:52:51,Active
1515,Louis,Smith,cust_1515_tgilbert@example.com,276-442-9628,1962-05-25,Female,Codystad,Switzerland,2023-01-10T10:21:01,Active
1516,Michael,Nelson,cust_1516_blevinsmelissa@example.com,001-731-552-5523x2280,1989-06-30,,Wongport,USA,2024-01-01T01:52:09,Active
1517,Andrea,Thompson,cust_1517_walkertonya@example.com,(725)839-5011x1525,1991-11-07,Male,South Sean,USA,2025-04-23T23:36:45,Active
1518,Rachel,Thompson,cust_1518_michealpark@example.net,001-903-304-5880,2007-12-14,,Jonesport,Germany,2026-07-08T09:58:59,Active
1519,Lauren,Walker,cust_1519_katherine76@example.org,359-320-5596x7577,1985-10-07,Female,Port Shane,Kosovo,2025-07-09T06:48:10,Active
1520,Darren,Harris,cust_1520_mfletcher@example.com,251-316-0895x897,1959-10-25,Male,Donnaburgh,Switzerland,2023-10-10T00:04:50,Active
1521,Vanessa,Simpson,cust_1521_vorr@example.org,5832476128,2006-07-24,Male,,Germany,2025-12-02T23:57:49,Active
1522,Abigail,Tucker,cust_1522_nicole28@example.com,799.879.9271,2005-08-14,,Port Melissabury,Switzerland,2023-11-25T03:44:05,Active
1523,Brenda,Gilbert,cust_1523_kimberly57@example.net,+1-589-286-8184x3976,1999-05-29,Male,Lake Adambury,Usa ,2025-02-10T04:40:44,Active
1524,Daniel,Mccarty,cust_1524_kpowell@example.net,,1984-09-02,,Mollyport,Kosovo,2024-03-06T11:10:40,Inactive
1525,Bethany,Gillespie,cust_1525_samanthablack@example.net,(365)843-4759,1999-01-06,,Port Jessicabury,Germany,2024-06-13T13:01:22,Active
1526,Nicholas,Fox,cust_1526_vickiebyrd@example.com,001-590-979-9658x578,2002-11-13,Male,Robertside,Switzerland,2023-04-22T21:58:16,Active
1527,Brandy,Hernandez,cust_1527_jennifermason@example.com,707.217.7613,1956-08-10,,South Williamborough,USA,2024-08-25T14:07:00,Active
1528,Sarah,Vega,cust_1528_kedwards@example.com,736.299.9528,1971-11-13,,East Christopher,USA,2023-08-03T18:07:58,Active
1529,Cheryl,Mercado,cust_1529_jenniferedwards@example.com,651-949-7249x03223,2002-12-18,,Joneschester,Albania,2026-05-15T15:45:12,Active
1530,Peter,Miranda,cust_1530_arnoldjohn@example.net,602.600.6174x136,1996-04-23,,Annefort,Kosovo,2026-05-26T12:09:53,Active
1531,Debra,Douglas,cust_1531_diazkenneth@example.com,327-406-5076,1993-08-12,Female,Port Edward,albania,2025-04-20T10:42:06,Active
1532,Nathan,Nguyen,cust_1532_beverly02@example.com,,1970-02-14,Male,Johntown,Albania,2024-02-03T17:20:50,Active
1533,Jennifer,Brown,cust_1533_hjohnson@example.org,001-456-907-7789x433,2002-12-04,Male,Hodgeborough,Kosovo,2025-06-14T15:39:12,Active
1534,Stephen,Jacobs,cust_1534_dschneider@example.org,001-936-796-2690x2220,2004-10-06,Male,Ericafurt,Switzerland,2023-06-11T20:14:23,Active
1535,Rita,Reyes,cust_1535_arnoldjames@example.org,651-620-0393,2007-01-19,,South Samuelfort,Albania,2023-09-12T03:04:08,Active
1536,Michelle,Hurst,cust_1536_nicoledixon@example.net,+1-239-919-2969x21053,1987-03-17,,East Glennchester,usa,2023-03-07T10:29:10,Inactive
1537,Erik,Keller,cust_1537_choitina@example.org,942.470.5498x578,1984-05-09,,North Ricardo,Germany,2023-08-23T03:28:07,Active
1538,Robert,Schwartz,cust_1538_lucasolivia@example.com,001-780-444-6658,1985-08-14,Female,Travistown,USA,2025-06-01T03:39:38,Active
1539,Alexis,Smith,cust_1539_robert77@example.com,(945)625-7378,2008-06-12,Male,Simpsonside,Germany,2024-02-10T05:59:03,Active
1540,Carol,Hunt,cust_1540_patriciamcdaniel@example.org,4616298897,2003-10-27,,South Alexandra,USA,2026-05-20T20:49:43,Active
1541,Zachary,Norton,cust_1541_vaughntamara@example.com,+1-264-717-0053x7186,1981-05-27,Female,Chandlerfurt,Germany,2025-04-23T03:08:23,Active
1542,Michael,Brown,cust_1542_maguilar@example.org,,1967-07-14,Female,Yvonneshire,Albania,2026-07-25T23:08:37,Active
1543,Aaron,Robertson,cust_1543_gtucker@example.com,001-342-685-3541x60199,1967-04-15,Male,New Scottville,USA,2025-01-02T02:37:59,Active
1544,Jessica,Harper,cust_1544_plyons@example.com,5775107404,1983-09-26,Female,Proctorshire,Kosovo,2024-08-02T10:04:42,Inactive
1545,Jessica,Smith,cust_1545_hernandezelizabeth@example.net,905-211-0900,1987-11-27,,South Angelastad,USA,2023-02-13T14:47:17,Active
1546,Heather,Alvarado,cust_1546_danielle96@example.com,(939)720-1029,1996-03-02,Male,Adamsmouth,Albania,2025-11-13T16:54:16,Active
1547,Kathleen,Reed,cust_1547_ralvarado@example.net,,2007-08-22,,Goodmanview,USA,2026-07-15T13:27:21,Active
1548,Kristine,Hogan,cust_1548_xfigueroa@example.net,001-242-704-1641x5374,1997-01-18,,East Johnbury,Germany,2024-11-20T22:41:07,Active
1549,William,Hill,cust_1549_robertsonjason@example.com,668.216.0855x717,1989-12-05,,Abigailfurt,Germany,2025-03-12T21:44:48,Active
1550,Michael,Scott,cust_1550_anthony99@example.net,,1985-05-25,,Jacksonton,Switzerland,2025-11-12T18:35:34,Active
1551,April,Owen,cust_1551_haydenjohn@example.net,324.353.5279,1984-07-20,Male,North Heatherton,USA,2025-12-25T04:11:25,Active
1552,John,Serrano,cust_1552_qwilson@example.org,,1959-03-29,Female,Candaceburgh,Switzerland,2023-04-29T15:26:06,Active
1553,Margaret,Carson,cust_1553_jmorse@example.org,+1-973-448-0022x64259,2004-07-22,Male,West Melissaport,USA,2025-04-29T04:32:57,Active
1554,Susan,Olson,cust_1554_evelyn21@example.com,+1-221-647-4984x746,1984-12-04,Male,New John,Kosovo,2024-12-08T20:30:17,Active
1555,Samantha,Stone,cust_1555_ilawrence@example.net,472-475-8045,1987-01-19,,Griffinchester,Kosovo,2025-08-20T15:06:09,Inactive
1556,Hayley,Estes,cust_1556_dwhite@example.com,354.445.8474x1340,2000-10-30,Male,South Wanda,Albania,2023-01-06T01:34:55,Active
1557,Kristin,Mendoza,cust_1557_robertkramer@example.com,393-446-3890,1983-05-21,Male,Mckenziehaven,Kosovo,2024-03-20T19:37:54,Inactive
1558,Linda,Taylor,cust_1558_jacquelineallen@example.org,,1987-05-06,Female,North Tinachester,,2025-05-11T04:56:55,Active
1559,Sandra,Allen,cust_1559_lewisscott@example.net,3658948053,1967-09-03,Male,East Jasminemouth,Kosovo,2025-09-14T11:19:57,Active
1560,Amy,Lopez,cust_1560_zryan@example.org,+1-371-486-2447x5631,1982-07-26,,East Amytown,SWITZERLAND,2025-02-02T14:02:28,Active
1561,Melissa,Becker,cust_1561_matthewjones@example.org,(715)645-9858x66356,2000-10-12,,New Sarahburgh,Kosovo,2025-09-03T07:23:11,Active
1562,Eric,Sanchez,cust_1562_maryjackson@example.net,486.469.0594x69984,1992-06-14,Female,Shaneton,,2024-05-25T01:20:56,Active
1563,Timothy,Price,cust_1563_sduffy@example.net,+1-871-823-2036,2008-08-10,Male,Davidmouth,USA,2026-03-09T11:42:11,Active
1564,Steven,Gray,cust_1564_bowenedward@example.net,,1988-07-21,,Jacobberg,Usa ,2025-04-02T01:25:12,Active
1565,Tara,Frye,cust_1565_russellelizabeth@example.org,,1970-10-11,Male,Hoffmanview,Kosovo,2024-11-10T20:05:08,Active
1566,Molly,Sherman,cust_1566_timothy56@example.org,,1968-10-21,Male,Danastad,Albania,2026-06-17T08:44:51,Active
1567,Shawn,Newman,cust_1567_brownmark@example.com,,1991-10-18,Male,Port Linda,Kosovo,2026-07-27T16:20:36,Active
1568,Kathryn,Maddox,cust_1568_matthew46@example.net,(997)230-2732x285,1996-10-03,Male,Jennaview,Albania,2023-03-06T20:52:53,Inactive
1569,Debra,Carter,cust_1569_perrytasha@example.net,,1960-05-20,,New Laura,Kosovo,2024-12-12T17:11:43,Inactive
1570,Emily,Porter,cust_1570_jareddawson@example.net,(296)646-7386x569,1960-06-24,,Zacharyview,Albania,2026-03-05T01:39:51,Inactive
1571,Brandi,Watkins,cust_1571_susan64@example.org,001-824-489-5587x700,1988-11-25,Male,Lake Christina,Switzerland,2024-04-30T21:29:51,Active
1572,Christopher,Malone,cust_1572_amywright@example.com,(208)395-3012x03398,1993-02-01,Male,Lake Sierra,Kosovo,2025-02-13T20:34:34,Active
1573,David,Rios,cust_1573_xmartin@example.com,+1-905-681-0801x533,1960-07-02,,West Richard,SWITZERLAND,2023-02-02T21:29:33,Active
1574,Anthony,Cooper,cust_1574_haleyhughes@example.net,765-796-9579x45759,2003-12-31,Male,,USA,2024-07-25T10:14:20,Active
1575,Nancy,Krueger,cust_1575_priscilla83@example.net,,1979-02-26,Female,South Dannyhaven,USA,2024-07-20T07:24:15,Active
1576,Chelsey,Mckinney,cust_1576_evansrebecca@example.com,(452)352-0788,1975-10-13,Female,Santosville,Kosovo,2023-04-15T05:42:34,Active
1577,Kevin,Brown,cust_1577_felicia32@example.net,001-945-520-3027x694,1961-11-28,,New Jessicaside,,2023-08-08T19:22:25,Active
1578,Andrea,Williams,cust_1578_michaelarmstrong@example.net,(644)202-9363,1994-05-06,Male,Christopherland,USA,2026-07-02T01:59:45,Active
1579,Robin,Davis,cust_1579_rebeccanguyen@example.com,,1956-03-26,Female,Lake Anthonyfort,USA,2025-08-02T03:45:37,Active
1580,Gregory,Murray,cust_1580_fmiller@example.org,789-911-3434,1975-06-09,,East Jasonchester,Switzerland,2025-12-10T20:04:15,Active
1581,Austin,Montgomery,cust_1581_hawkinsdeanna@example.net,(311)520-2913,1960-06-16,Female,North Kellyport,USA,2025-05-20T16:20:16,Active
1582,Manuel,Brandt,cust_1582_clintonhaley@example.org,001-366-245-2319,2007-06-04,,North Emily,Germany,2023-10-26T13:29:04,Active
1583,John,Harris,cust_1583_andrewclay@example.org,(367)904-1710x38919,1974-03-21,Female,Austintown,Kosovo,2023-06-24T00:12:13,Active
1584,Jasmine,Delgado,cust_1584_jeremypetersen@example.net,295-960-7148x765,1969-11-24,Male,Reedberg,SWITZERLAND,2024-07-10T07:09:28,Active
1585,Nicholas,Ingram,cust_1585_colemanmolly@example.org,760-937-8110,1956-08-10,,East Kathleenshire,Switzerland,2025-08-08T18:56:03,Active
1586,Lori,Harrington,cust_1586_edelacruz@example.com,(599)946-9669x323,2000-04-26,Male,North Trevormouth,KOSOVO,2025-03-23T07:40:56,Active
1587,Justin,Dominguez,cust_1587_cindycurtis@example.org,2868332343,1987-07-15,Male,Pamelafort,Switzerland,2024-03-31T09:31:14,Active
1588,Christine,Wilson,cust_1588_nharrington@example.com,690-797-2285x82585,1991-01-09,,Yolandaville,Switzerland,2023-11-25T16:00:39,Active
1589,Andre,Scott,cust_1589_robertgonzales@example.net,(536)878-8387,1976-11-08,Male,East Stephanie,Switzerland,2025-04-06T06:15:44,Active
1590,Stephen,Reed,cust_1590_baileycastillo@example.org,(864)586-7416x37120,1963-12-21,,,Kosovo,2023-06-14T02:53:10,Active
1591,Nicholas,Jones,cust_1591_hryan@example.org,958-440-8114x415,1976-07-25,Male,Lake Larryborough,Switzerland ,2025-12-28T03:30:44,Inactive
1592,Charles,Black,cust_1592_reginaldgoodman@example.com,,1978-12-06,Female,Loweryborough,Switzerland,2024-08-05T14:57:22,Active
1593,Natalie,Rhodes,cust_1593_juan59@example.com,946-354-2683x68437,2001-08-01,,Lindsayborough,Switzerland,2024-03-26T14:30:41,Inactive
1594,Corey,Vincent,cust_1594_zmanning@example.org,(560)803-0119x62272,1982-04-04,Female,Meadowsberg,Switzerland,2025-12-08T14:25:16,Active
1595,Jacob,Lara,cust_1595_melissa03@example.com,338.850.9570x93409,1991-08-03,,Antonioville,Albania,2023-04-19T04:06:48,Inactive
1596,Susan,Hess,cust_1596_smithrobert@example.com,,1994-06-30,Female,Annaborough,USA,2026-03-04T02:26:43,Active
1597,Karen,Alvarez,cust_1597_megan27@example.com,795-614-2954x49669,1967-02-24,,Port Christopher,Albania,2026-02-26T11:14:40,Active
1598,Jason,Perez,cust_1598_robertoblankenship@example.net,400.516.1734x47945,1996-12-02,,Emilychester,Albania,2026-01-10T10:19:34,Active
1599,Melissa,Sawyer,cust_1599_anita14@example.org,710.901.7078x1294,1998-03-31,,Cranebury, albania,2023-03-05T14:52:47,Active
1600,Donna,Williams,cust_1600_robertnguyen@example.com,001-735-852-8337x287,1999-01-16,,Berryside,Germany,2023-07-13T16:56:33,Active
1601,Vanessa,Wilson,cust_1601_sarah44@example.com,671.315.8821x870,2004-03-02,,South Jessicaville, usa,2023-06-30T04:33:09,Active
1602,Tyler,Griffith,cust_1602_jwaller@example.net,+1-911-598-3097x5424,2005-03-21,Male,Taraburgh,Albania,2024-01-10T15:40:17,Active
1603,Karen,Acosta,cust_1603_piercefrank@example.org,370.407.8812x5325,1983-04-27,Female,,USA,2023-05-15T10:40:30,Active
1604,Richard,Bryan,cust_1604_theresamack@example.org,599.509.6660x2865,1956-08-15,Female,Stephenchester,Germany,2024-04-22T14:09:05,Active
1605,Alec,Sherman,cust_1605_griffinlisa@example.com,,1991-01-29,Female,Lake Victoria,USA,2025-01-03T19:50:50,Active
1606,Jennifer,Fernandez,cust_1606_lpeck@example.net,001-508-686-6932x07098,1983-07-27,Female,Brittneychester,Germany,2025-02-02T20:11:56,Active
1607,Wayne,Griffin,cust_1607_tyrone95@example.org,(807)744-5657x267,1958-06-05,Male,Christopherhaven,Albania,2023-09-06T19:11:09,Active
1608,Stephanie,Scott,cust_1608_stephaniewatson@example.com,845.522.0262,1970-10-31,Male,East Davidfurt,Switzerland,2025-10-27T09:41:51,Active
1609,Eddie,Marshall,cust_1609_irichardson@example.com,709.307.4063,2003-11-12,Female,Robertsonberg,USA,2025-10-02T12:56:54,Active
1610,Jerry,Haney,cust_1610_edwardacevedo@example.net,+1-837-899-0053,1982-12-01,Female,East Derek,Albania,2024-11-05T22:25:16,Active
1611,Thomas,Wang,cust_1611_smithheather@example.com,(783)572-3722,1965-05-19,Male,North Jessebury,Switzerland,2026-01-19T12:52:31,Active
1612,James,Griffin,cust_1612_james33@example.net,,1964-02-07,,West Selena,germany,2023-02-22T20:42:21,Active
1613,Alexandra,Page,cust_1613_karen17@example.com,+1-288-638-4561x2578,1994-07-24,,Robinsonville,Usa ,2025-07-09T07:49:52,Active
1614,Jamie,Thomas,cust_1614_mgonzalez@example.com,+1-568-906-4554x42157,1991-03-25,Female,South Keith,,2024-05-17T02:05:55,Active
1615,Suzanne,Fox,cust_1615_cynthiaarmstrong@example.org,,1996-09-23,Female,Christinaview,Kosovo,2026-02-01T12:49:05,Active
1616,Emily,Huffman,cust_1616_christopherwatson@example.org,,1966-11-27,Male,Austinmouth,Switzerland,2025-11-17T14:05:50,Active
1617,Emily,Maynard,cust_1617_kimberly02@example.com,,1956-06-22,,New Williamshire,USA,2026-07-04T11:11:37,Active
1618,Michael,Gilbert,cust_1618_hallmatthew@example.com,(366)686-0673x4767,1965-08-28,,Wrightside,Albania,2025-06-25T13:15:18,Active
1619,James,Hart,cust_1619_kristin46@example.com,862.521.5596x3743,1985-04-24,Male,Christinaport,Kosovo,2023-01-12T05:16:51,Active
1620,Omar,Bennett,cust_1620_michaelmyers@example.com,001-453-917-0873x00210,1969-08-15,,,Switzerland,2023-11-13T22:33:44,Active
1621,Ana,Jordan,cust_1621_adkinsjared@example.net,001-822-234-8749x3916,1966-03-05,,New Davidtown,Switzerland,2024-04-14T16:56:08,Active
1622,James,Davis,cust_1622_xcarter@example.net,(944)878-9378x59541,2000-05-20,Male,Port Lisatown,Germany,2025-07-20T05:51:57,Active
1623,Amber,Tate,cust_1623_manningkristin@example.net,+1-658-910-4573x46694,1977-11-01,,Lake Susan,Kosovo ,2023-12-30T05:02:28,Inactive
1624,Brittney,Nielsen,cust_1624_tiffanyhill@example.com,(589)905-6651,1979-10-27,,Jodymouth,,2023-05-21T16:43:39,Active
1625,William,Duncan,cust_1625_zramirez@example.net,8964859380,1999-03-20,Male,Brianbury,Switzerland,2023-03-12T00:39:35,Active
1626,Antonio,Young,cust_1626_hbrown@example.net,(743)443-5486,1958-09-28,,East Loristad,Switzerland,2024-08-27T02:20:39,Inactive
1627,Joshua,Jordan,cust_1627_sandovalnicole@example.com,654.269.4660,1961-03-12,,South Richard,Germany,2024-11-16T12:42:40,Active
1628,Bradley,Webster,cust_1628_whale@example.net,,1983-07-01,,East Darrell,Kosovo,2024-06-09T02:38:33,Inactive
1629,Wayne,Howe,cust_1629_littlerebecca@example.org,,1958-07-25,,,Switzerland,2026-01-08T04:42:28,Active
1630,Aaron,Huffman,cust_1630_brendafloyd@example.com,215-389-3335x2866,1968-10-24,Female,New Lee,Germany,2026-03-09T20:30:17,Active
1631,Beth,Lopez,cust_1631_ugarrett@example.com,201.801.2457x18158,1958-02-21,Female,New Kennethshire,Kosovo,2026-04-12T06:43:21,Active
1632,Timothy,Herrera,cust_1632_chelsey29@example.org,(851)991-9396x871,2003-10-19,,, switzerland,2023-04-30T07:25:12,Active
1633,Rebecca,Best,cust_1633_andre19@example.com,,1961-05-18,,Port Mary,,2025-05-17T14:22:31,Active
1634,Lindsey,Williams,cust_1634_acevedomargaret@example.com,(793)432-1349,2001-09-11,,North Anna,Kosovo,2026-04-13T17:54:18,Active
1635,Michael,Moore,cust_1635_ascott@example.com,,1982-11-10,Female,South Tylerhaven,Albania,2025-05-13T04:55:42,Active
1636,Daniel,Spencer,cust_1636_deckerbryan@example.org,712-362-0306,1963-12-11,Male,Stewartland, switzerland,2023-09-19T00:10:39,Active
1637,Kimberly,Golden,cust_1637_jameswhite@example.com,,1995-05-27,Female,Port Elizabeth,Kosovo,2025-09-29T01:56:41,Active
1638,Kathryn,Dalton,cust_1638_rasmussenmichael@example.com,001-887-392-0623x1459,1966-10-16,,New Janeville,Switzerland,2025-06-05T14:00:14,Active
1639,Jonathan,Hogan,cust_1639_ilarsen@example.net,812-603-6081,1960-10-22,,Lake Pamelatown,Kosovo,2024-01-29T06:57:30,Active
1640,Brittany,Cain,cust_1640_maria80@example.com,001-697-614-0834x695,1964-08-22,Male,Anthonyfurt, switzerland,2023-01-18T22:47:48,Active
1641,Kevin,Ortega,cust_1641_robertsmichael@example.net,001-274-956-6983x985,1985-10-30,,Donaldview,Switzerland,2023-05-02T10:32:21,Active
1642,Don,Baird,cust_1642_smartinez@example.net,(225)338-4766x91953,2004-02-22,,Hurleyport,USA,2025-02-08T12:41:50,Inactive
1643,Rebecca,Taylor,cust_1643_zanderson@example.com,,1982-02-01,,Wumouth,Albania,2025-06-23T19:19:16,Active
1644,Nancy,Wheeler,cust_1644_cwebb@example.org,516-662-8660,1982-08-13,,West Lindsey,,2024-09-13T09:50:59,Active
1645,Susan,Peterson,cust_1645_maria60@example.org,(562)377-4021x572,1991-02-18,,West Earl,Albania,2023-10-06T13:12:52,Active
1646,Jacob,Wilson,cust_1646_nathan60@example.com,289-749-6172x15052,1997-05-14,,West James,Germany,2023-05-17T04:04:32,Active
1647,Joshua,Hale,cust_1647_campbellanthony@example.net,+1-634-623-2210x912,1988-09-18,,Lake Daniel,Germany,2026-06-19T02:29:32,Inactive
1648,Christopher,Vasquez,cust_1648_shawdenise@example.org,834.437.7982x40211,2002-01-09,Male,,Kosovo,2023-12-21T07:39:47,Active
1649,Teresa,Parsons,cust_1649_michelle63@example.net,001-862-542-6578,1976-02-17,,Michaelfort,ALBANIA,2024-12-02T15:02:59,Active
1650,Jacob,Johnson,cust_1650_mercerjohnathan@example.com,788.323.7254x42253,1971-05-11,Female,South Taraside,Albania,2026-03-22T07:28:15,Active
1651,Bradley,Anderson,cust_1651_tevans@example.net,+1-882-987-2047,1989-09-28,,Jamesfurt,USA,2026-01-05T18:11:55,Active
1652,David,Douglas,cust_1652_castillokenneth@example.org,512.307.5313x685,1973-02-28,Female,Kimberlyberg,Albania,2024-09-07T08:53:16,Inactive
1653,Sarah,Lewis,cust_1653_hdavis@example.net,830-610-6144x529,1980-05-05,Female,Jeanport,USA,2024-02-26T07:50:57,Inactive
1654,Cynthia,Perez,cust_1654_carol75@example.net,933.249.7296,2004-02-03,Male,North Karenborough, kosovo,2026-05-15T01:19:03,Inactive
1655,Casey,Schmidt,cust_1655_masseythomas@example.com,,1959-05-02,Female,Lisachester,Albania,2025-08-31T20:29:05,Active
1656,Mikayla,Cisneros,cust_1656_jasonmartin@example.org,001-821-559-9279x437,1971-04-09,Female,South Rebecca,Germany,2025-06-25T05:39:56,Active
1657,Michele,Scott,cust_1657_zsmith@example.com,+1-554-880-7047x314,1983-08-28,Male,Collinsfort,Kosovo,2026-01-28T05:31:18,Inactive
1658,Michelle,Medina,cust_1658_qpeters@example.com,001-456-300-7622x82128,1964-10-10,Male,Port Melissa,Germany,2024-10-07T04:55:36,Active
1659,Michael,Hall,cust_1659_jamesvaldez@example.com,(843)893-3045x96920,1969-09-01,Male,Johnsonview,Switzerland,2025-04-23T15:30:42,Active
1660,Adriana,Acosta,cust_1660_rodriguezabigail@example.com,,1985-02-22,Female,,Albania,2024-06-12T06:02:49,Active
1661,David,Salas,cust_1661_taylorfleming@example.com,,2007-03-15,,Coreyview,SWITZERLAND,2023-10-09T15:56:07,Active
1662,Charles,Wright,cust_1662_sandraclark@example.com,001-704-783-6481x165,1968-11-03,,Ashleyview,Kosovo,2023-09-17T07:13:31,Active
1663,Ashley,Ward,cust_1663_xjones@example.com,001-965-997-2767x687,1961-10-03,,,USA,2024-07-22T17:28:01,Inactive
1664,Alexander,Shepherd,cust_1664_bwilson@example.org,849.919.5380x8842,1962-01-27,,East James,Germany,2025-07-31T20:04:09,Inactive
1665,Kyle,Rasmussen,cust_1665_justin36@example.com,,1989-08-30,,North Jeffreyville,Kosovo,2024-06-03T08:03:54,Inactive
1666,Mary,Pollard,cust_1666_cooperrebecca@example.org,+1-821-649-9010x861,1991-10-08,Male,Padillatown,USA,2024-04-29T11:12:48,Active
1667,Howard,Torres,cust_1667_brianhicks@example.com,+1-806-379-9673x67209,1994-04-22,,Port Howardborough,USA,2024-12-12T14:03:31,Active
1668,Steven,Wilson,cust_1668_kyle91@example.com,001-772-945-9715,2001-09-04,Female,East Kayla,USA,2025-01-29T11:14:23,Active
1669,Shelly,Mason,cust_1669_latkins@example.com,832.360.9685x6888,1970-02-21,Male,Port Alexandrafort,,2023-11-08T09:56:05,Active
1670,Phillip,Wiggins,cust_1670_jill87@example.net,001-836-944-7026x327,2006-02-18,Male,Dyerstad,Kosovo,2025-07-12T13:36:38,Active
1671,Kim,Allen,cust_1671_pjackson@example.org,(669)749-4715x5347,1993-09-23,,Lake Danielleview,Albania,2023-02-06T12:48:38,Active
1672,Nicholas,Patel,cust_1672_jessicawatson@example.com,001-748-696-5394x5037,1995-03-04,Male,Port Tammyhaven,Switzerland,2023-01-12T07:50:32,Active
1673,Tammy,Hutchinson,cust_1673_belljennifer@example.com,229.613.6964,1970-07-17,Female,South Jeffreyborough,usa,2023-03-28T00:03:58,Active
1674,Tanner,Holland,cust_1674_heather66@example.net,(540)951-0265,1958-03-22,,Harrisport,Kosovo,2024-09-04T22:34:05,Active
1675,Rebecca,Gonzalez,cust_1675_vbaker@example.net,,1965-08-28,Female,East Melissa,Kosovo,2023-08-01T00:44:14,Active
1676,Morgan,Murphy,cust_1676_hevans@example.com,8942101027,1995-12-16,Male,Brockville,Kosovo,2025-11-25T13:05:53,Active
1677,Janice,Kennedy,cust_1677_melissajohnson@example.com,679.573.8330x614,2001-03-08,Male,Sergiostad,Switzerland,2024-02-23T19:06:16,Active
1678,Kayla,Parks,cust_1678_wjohnson@example.com,,1957-08-26,,,,2026-03-22T13:57:46,Active
1679,Daniel,Lopez,cust_1679_mking@example.net,001-468-575-6707x1812,1995-09-17,Female,Nielsenborough,Kosovo,2025-06-04T10:35:38,Active
1680,Olivia,Cardenas,cust_1680_billy07@example.net,341.233.7687x05807,1969-08-17,Male,Kirkstad,USA,2023-07-05T00:34:36,Active
1681,Natalie,Oliver,cust_1681_dlopez@example.net,001-584-878-4830x34857,1956-05-08,Male,Donnatown,Kosovo,2024-03-28T03:16:46,Active
1682,Claudia,Poole,cust_1682_victoria08@example.net,317.888.3643,2000-07-10,Male,Manningmouth,Albania,2026-03-05T01:05:43,Active
1683,Rodney,Weber,cust_1683_martinezmichael@example.org,001-759-830-3207,1999-11-04,,Port Jennifermouth,germany,2023-08-29T00:44:23,Active
1684,Michael,Costa,cust_1684_anthonyharper@example.net,2294996633,1963-08-31,Male,West Melissa,USA,2024-09-12T16:19:32,Active
1685,James,Beck,cust_1685_hollychang@example.net,(540)327-3201x295,1981-11-05,Female,Adamport,Germany,2023-07-18T21:02:15,Inactive
1686,Sergio,Harris,cust_1686_josephmoran@example.net,920.548.1093x05484,2001-12-12,,Scottfort,Kosovo,2025-07-21T01:44:06,Active
1687,Matthew,Pitts,cust_1687_deborah68@example.net,638-415-1827x23826,2000-09-07,Male,Mirandaville,Switzerland,2025-02-22T15:00:30,Active
1688,John,Giles,cust_1688_andrewsjessica@example.net,,1978-01-09,Female,West Rebeccashire,Germany,2023-03-05T17:17:14,Active
1689,Richard,Roberts,cust_1689_samanthajohnson@example.com,348-776-1504x8849,1996-03-19,,New Ashleyview,USA,2024-03-23T13:24:05,Active
1690,Samuel,Rivera,cust_1690_csaunders@example.net,(455)493-5588x108,1989-06-23,,,Kosovo,2024-11-24T19:49:23,Active
1691,Trevor,Page,cust_1691_patricia94@example.net,645.592.5412x3872,1976-10-23,,Carlsonton,USA,2023-01-27T10:48:27,Inactive
1692,Brenda,Cooper,cust_1692_conradkimberly@example.com,001-767-841-6623,1986-01-30,,Wilsonmouth,USA,2024-07-19T11:24:50,Active
1693,Courtney,Hill,cust_1693_oescobar@example.org,790-564-1227x276,1959-06-25,,West Lisaville,Germany,2025-12-13T04:58:22,Active
1694,Timothy,Waller,cust_1694_dperry@example.net,345-858-3455x95562,1997-05-18,,East Nathan,GERMANY,2025-10-19T05:01:47,Active
1695,Julia,Davis,cust_1695_dmalone@example.com,,1969-05-08,,Katherineport,Kosovo,2026-06-02T05:52:38,Active
1696,Thomas,Morris,cust_1696_claytonrobbins@example.com,,1995-05-11,,South Christophermouth,switzerland,2025-11-23T02:36:02,Active
1697,Paige,Osborne,cust_1697_monicabarnett@example.com,,1958-02-17,,East Peter,Kosovo,2024-08-19T01:57:07,Active
1698,Mike,Harris,cust_1698_martinjustin@example.org,398.388.5010x55839,1997-04-06,,,Kosovo,2023-06-17T19:32:00,Active
1699,Anita,Mendez,cust_1699_justin78@example.org,001-533-939-6379x020,2006-11-25,,Lake Virginia,USA,2023-04-08T12:45:14,Active
1700,Kelly,Ramirez,cust_1700_bparker@example.com,001-467-666-3420x83481,1987-03-12,,Lake Katie,SWITZERLAND,2024-11-06T16:39:48,Active
1701,Chelsea,Jackson,cust_1701_qfox@example.org,+1-383-927-9663x7958,1976-07-01,,Summersport,Germany ,2024-02-28T12:14:23,Active
1702,Shelly,Sims,cust_1702_bradfordsheila@example.com,869-639-9531x556,1973-12-07,Female,East Christina,Switzerland,2023-01-16T21:39:34,Active
1703,Rebecca,Perez,cust_1703_jerrymann@example.com,001-496-666-8118x22923,1959-04-21,Female,Castroberg,Albania,2023-10-16T12:50:41,Active
1704,Kimberly,Bates,cust_1704_margaret78@example.com,(613)786-7485x7830,1993-11-24,,Breannamouth,usa,2025-11-15T18:53:11,Inactive
1705,Robert,Scott,cust_1705_qkelly@example.com,+1-500-855-1267x64494,1967-10-06,Male,East Steven,Switzerland,2024-07-25T02:48:03,Inactive
1706,Christopher,Andrews,cust_1706_emily05@example.com,9043218674,1981-02-18,Female,Derrickbury,USA,2024-05-21T02:35:50,Active
1707,Brandon,Miller,cust_1707_vanessa22@example.net,,1993-12-19,,East Jeffreyside,,2024-05-11T07:59:29,Active
1708,Tara,Doyle,cust_1708_xwilliams@example.org,376.263.2790x42338,1964-04-25,Female,Williamshaven,USA,2025-08-14T07:19:54,Active
1709,Michael,Oliver,cust_1709_bernardlaurie@example.org,+1-218-745-7496x599,1977-03-21,Male,South Andrew,Kosovo,2023-10-07T21:58:56,Active
1710,Richard,Matthews,cust_1710_matthew37@example.org,430.440.7751x30610,1974-11-26,Male,,KOSOVO,2023-06-18T21:55:59,Active
1711,Melissa,Thompson,cust_1711_richardstrong@example.com,332.404.3192x743,1978-10-19,,Colemanstad,USA,2024-09-10T11:51:48,Active
1712,Jennifer,Rodriguez,cust_1712_smallmichael@example.net,506.824.7555x26720,2002-04-22,,Burgessberg,USA,2024-12-07T08:14:38,Active
1713,Beth,Flores,cust_1713_bartonteresa@example.org,,2003-03-02,,Pierceton,Albania,2024-10-24T04:20:46,Active
1714,Monica,Barnes,cust_1714_croth@example.net,716.679.3235x39330,1975-11-17,,Jessicamouth,Usa ,2023-05-08T05:28:39,Active
1715,Sarah,Rivera,cust_1715_berrydouglas@example.org,821.683.0242,1976-05-28,Female,Bradymouth,Kosovo,2025-09-02T16:31:15,Active
1716,Jennifer,Walker,cust_1716_pharris@example.org,215-548-8051,1977-02-28,,West Peter,Germany ,2024-07-21T01:06:29,Active
1717,Kristie,Smith,cust_1717_scott12@example.com,554.937.0098x4164,2003-07-28,Female,Johnsonberg,USA,2023-05-29T23:07:02,Active
1718,Benjamin,Munoz,cust_1718_pcrane@example.net,001-892-383-3971x785,2008-05-13,Female,Graymouth,Switzerland,2024-08-05T12:06:32,Active
1719,Brianna,Carney,cust_1719_froberts@example.org,001-830-510-5591,1991-01-03,Male,Lake Debra,Germany,2025-01-28T06:39:35,Active
1720,Elizabeth,Phelps,cust_1720_ahancock@example.net,+1-744-906-5452x593,1973-06-09,Male,,Switzerland,2023-02-03T07:52:21,Active
1721,Kristin,Fuentes,cust_1721_martinezryan@example.org,(820)278-5622x7192,2006-01-01,Male,Port Crystal,Albania,2024-08-18T00:12:23,Active
1722,Virginia,Porter,cust_1722_hestrada@example.org,609-236-0919,1979-02-20,Female,Lake Tannerton,Switzerland,2023-11-01T22:46:08,Active
1723,Ryan,Maynard,cust_1723_uharris@example.net,+1-487-377-7014x97268,1980-04-24,Female,New Matthewfurt,Kosovo,2024-04-20T05:06:08,Active
1724,Michael,Coleman,cust_1724_natasha86@example.net,(991)692-2051x3563,1987-11-10,,West Brady,Kosovo,2025-02-09T11:48:50,Active
1725,Michelle,Mendez,cust_1725_diamond43@example.net,658.918.2177,1971-09-07,Female,Victorbury,,2024-08-03T16:52:01,Active
1726,Terry,Martinez,cust_1726_duane01@example.net,,1969-04-19,,Paulshire,Germany,2025-07-05T22:17:20,Active
1727,Jason,Allen,cust_1727_lewischarles@example.net,3643691267,1988-03-26,Female,Haydenshire,Albania ,2023-10-21T19:59:20,Active
1728,Rodney,Jackson,cust_1728_carmenhill@example.net,+1-730-556-8287,1989-02-01,,West Megan,Germany ,2023-10-04T09:56:08,Active
1729,David,Riley,cust_1729_alexandersteve@example.com,678-711-2826x993,1978-07-09,Female,South Jerryburgh,,2026-05-28T18:09:19,Active
1730,Stephen,Harris,cust_1730_elizabethlewis@example.net,9399475055,1977-05-28,Male,Normanshire,,2023-05-03T12:46:12,Active
1731,Charles,Vaughn,cust_1731_lbell@example.org,,1986-12-11,,West John,Kosovo,2025-12-16T16:21:44,Active
1732,Austin,Cobb,cust_1732_xvargas@example.com,,1999-06-25,,North Christine,Germany,2025-03-11T21:48:51,Active
1733,Abigail,Stewart,cust_1733_rosskatherine@example.org,(962)294-3391x686,2008-05-08,Female,,Germany,2026-06-06T23:43:40,Active
1734,Cindy,Bailey,cust_1734_dannyrosario@example.org,001-944-910-1042,1991-05-18,Male,,Kosovo ,2024-02-09T14:00:07,Active
1735,Shane,Ashley,cust_1735_allisonhogan@example.net,488-596-9913,1960-12-15,,,Kosovo,2024-07-28T07:49:20,Inactive
1736,Mckenzie,Koch,cust_1736_patrickturner@example.com,815-270-3475,1977-09-06,Male,Port Tiffanychester,USA,2024-03-20T17:45:08,Active
1737,Sean,Estrada,cust_1737_joshuareyes@example.org,562-602-1354x6922,1998-02-27,,South Maryland,USA,2026-03-12T05:57:35,Inactive
1738,Jordan,Farmer,cust_1738_singhaaron@example.org,747-300-6039x81079,1966-12-09,Male,Leeberg,Germany,2023-04-26T19:44:49,Active
1739,James,Myers,cust_1739_taylormatthew@example.net,317-756-1680x9564,1960-04-05,Male,Davidborough,,2025-11-13T04:41:38,Active
1740,Lisa,Roy,cust_1740_santosernest@example.net,765-481-7915x78290,1997-01-10,Female,Brittanyburgh,Kosovo,2023-05-14T01:03:10,Active
1741,Eric,Bullock,cust_1741_lorijohnson@example.com,581-341-4013x856,1976-03-24,Female,Melissachester,USA,2024-05-14T08:25:44,Active
1742,Hannah,Thomas,cust_1742_sheilagreene@example.org,8208984469,2000-09-24,Female,Claudiaside,Germany,2023-04-26T02:45:16,Active
1743,Nicole,Robinson,cust_1743_richard82@example.org,(375)291-6449x1532,1975-05-27,,North Jameshaven,Kosovo,2024-05-03T18:49:51,Active
1744,Wanda,Edwards,cust_1744_erik86@example.com,(884)902-2462,1958-05-11,Male,Lake Johnburgh,Albania,2023-01-16T13:51:29,Inactive
1745,Nancy,Grimes,cust_1745_eboyer@example.org,876.904.2939x876,1986-03-22,,Brettside,USA,2025-12-24T15:43:05,Active
1746,Joshua,Reynolds,cust_1746_nicole68@example.net,+1-952-440-0330x5109,2001-05-02,Male,Laurenberg, kosovo,2024-06-19T10:03:15,Active
1747,Brittney,Washington,cust_1747_wgoodwin@example.net,,2004-03-21,,,Germany,2023-11-19T03:13:39,Active
1748,Jacob,Peters,cust_1748_ballardgary@example.net,,1994-11-30,Male,New Andrea,USA,2025-12-22T08:23:30,Active
1749,Courtney,Waters,cust_1749_bdunn@example.net,,1957-02-17,,South Deborah,albania,2025-11-07T18:26:27,Active
1750,Henry,Walter,cust_1750_beth11@example.net,,1984-09-10,Male,Wilkersonton,Germany,2024-03-01T22:48:47,Active
1751,Lucas,Edwards,cust_1751_wcortez@example.org,,1987-08-13,Male,Lake Christopher,Switzerland,2023-10-24T23:18:11,Active
1752,Michael,Gray,cust_1752_abush@example.org,+1-807-575-0884x9499,2007-12-28,,,kosovo,2026-04-30T03:57:04,Inactive
1753,Rachel,Aguilar,cust_1753_craig30@example.net,638-605-9519,1977-12-16,Female,Joshuaburgh,Germany,2023-09-11T00:43:52,Active
1754,Sarah,Perez,cust_1754_jessica05@example.net,+1-815-941-9635x110,1957-10-01,,Matthewbury,Germany,2026-06-07T03:28:09,Active
1755,James,Sosa,cust_1755_jaypetersen@example.org,917-237-2234x267,1965-03-14,,,Switzerland,2026-01-06T23:13:59,Active
1756,John,Gates,cust_1756_chadtorres@example.org,317.418.9935x47521,1971-12-01,Female,Curryshire,Albania,2024-10-19T06:44:36,Active
1757,William,Smith,cust_1757_xevans@example.net,708-686-2306,1961-12-26,Female,North Jimmyside,Switzerland,2023-05-29T09:25:19,Active
1758,Kevin,Mccarthy,cust_1758_stephensseth@example.org,,1990-11-30,Female,North Davidhaven,Albania,2023-08-26T18:42:42,Active
1759,Joshua,Newman,cust_1759_uscott@example.org,961-268-7873x214,1976-07-22,Female,Lake David,Germany,2023-02-02T00:01:06,Active
1760,Matthew,Mcgee,cust_1760_dean72@example.net,221-606-5100x4601,2002-01-07,Female,East Davidmouth,Kosovo,2024-07-23T03:53:38,Active
1761,Rodney,Valencia,cust_1761_fanderson@example.com,,1981-05-21,,Lake Jesse,Kosovo,2024-07-09T02:37:38,Active
1762,Charles,Clarke,cust_1762_patelaudrey@example.net,001-718-398-9878x77677,1986-09-28,Male,New Timothy,Germany,2025-10-16T11:57:29,Active
1763,Jeffrey,Hill,cust_1763_matthewsluis@example.net,,1989-10-16,,North Joshua,Kosovo,2025-01-10T07:07:40,Active
1764,Jill,Bryant,cust_1764_juanryan@example.net,,1957-10-06,Female,Nobleland,Switzerland,2025-09-29T06:48:56,Active
1765,Donald,Ward,cust_1765_margaret93@example.org,596.340.3157x5859,1995-05-22,Male,Johnfurt,Germany,2026-01-23T22:27:26,Active
1766,Taylor,Reid,cust_1766_james84@example.org,(771)895-4063,1959-06-08,,Smithton,,2026-02-21T19:30:03,Active
1767,Derek,Mcpherson,cust_1767_farmeranthony@example.org,+1-955-955-3544x07896,1986-09-05,Male,Lake Jennifer,Albania,2026-02-07T21:19:13,Active
1768,Cody,Barron,cust_1768_andrea67@example.org,001-920-740-9471x12461,1991-03-10,,Medinatown, germany,2024-03-10T04:05:33,Active
1769,Susan,Martinez,cust_1769_kevin70@example.net,,1973-04-15,,Scottview,USA,2023-08-20T08:41:40,Active
1770,Kimberly,Schwartz,cust_1770_jeffrey07@example.org,001-986-971-1018,1964-11-02,,East Johnmouth,Albania,2024-12-20T14:59:10,Active
1771,Ashley,Green,cust_1771_justinjohnson@example.net,566-389-9749x0304,1963-12-05,,Ramoshaven,USA,2025-07-05T08:40:18,Inactive
1772,Nathan,Hicks,cust_1772_martinmichael@example.org,530-318-6432,1987-12-23,Female,Sandrafurt,Switzerland,2026-06-20T23:25:22,Active
1773,Norman,Edwards,cust_1773_jamiejones@example.com,7038437432,1973-03-23,Female,Phillipsmouth,Germany,2023-11-23T04:48:21,Active
1774,James,Bowers,cust_1774_monica21@example.net,911-390-2060,1976-09-22,,Lake Richard,USA,2025-06-24T17:57:44,Active
1775,Sara,Valdez,cust_1775_kaitlindiaz@example.org,,1993-10-28,Female,Frankchester,USA,2026-05-03T04:11:30,Active
1776,Roger,Martinez,cust_1776_rrodriguez@example.com,,2001-02-21,,Elizabethmouth,Switzerland,2026-04-18T20:24:34,Active
1777,Danielle,Wood,cust_1777_nelsoncheryl@example.net,001-999-794-4261x84553,1976-11-02,,South Alyssa,Germany,2026-01-23T05:27:19,Inactive
1778,George,Holmes,cust_1778_anthony75@example.org,5237235859,1989-07-03,Male,Lake Jamiemouth,Albania,2025-09-28T17:21:27,Active
1779,Jason,Green,cust_1779_rhonda52@example.com,,2003-07-27,Male,New Ginamouth,,2026-06-09T15:25:47,Active
1780,Ronald,Roman,cust_1780_grahampaul@example.net,001-577-277-4449x649,1990-06-15,Male,,Albania,2024-04-20T12:56:55,Active
1781,Rebecca,Grimes,cust_1781_gsmith@example.org,(564)986-2755,1963-12-07,,Wheelerside,GERMANY,2024-06-30T05:56:56,Active
1782,Michele,King,cust_1782_jessica96@example.org,,1961-12-24,,Port Jonathanmouth,Usa ,2023-09-02T03:20:58,Active
1783,Gina,Ayala,cust_1783_davidbrown@example.org,001-460-799-3247x07926,2006-09-07,,Lake Thomasborough, usa,2023-07-13T05:02:35,Active
1784,Renee,Hudson,cust_1784_matthew49@example.net,+1-494-539-8844x27895,2006-08-11,Female,Davisfort,KOSOVO,2025-07-07T21:50:57,Inactive
1785,Joshua,Johnson,cust_1785_carolclark@example.net,(495)978-1273x174,1964-06-24,Male,New Jeremyberg,Albania,2025-11-26T15:42:04,Active
1786,Christopher,Martinez,cust_1786_bellsharon@example.net,361.376.4040x4655,1964-08-11,,New Nicholas,Kosovo,2025-02-22T22:22:47,Active
1787,Kelly,Fields,cust_1787_gene82@example.com,,1984-04-05,Female,North Thomas,Albania,2025-10-06T12:08:30,Inactive
1788,Beth,Miller,cust_1788_david02@example.com,474.923.9354x3373,1955-10-11,Male,New Robert,kosovo,2026-03-05T03:40:30,Active
1789,Daniel,Johnson,cust_1789_adambradley@example.org,972.314.3486x9653,1960-02-19,Male,Rachelfort,GERMANY,2024-01-22T05:27:47,Active
1790,Toni,Salazar,cust_1790_pamelahill@example.org,+1-573-509-5079,2006-03-06,,Colebury,Germany,2023-06-13T19:28:24,Active
1791,Diana,Woods,cust_1791_sherrymartinez@example.net,285-202-7590x8268,2006-11-22,,South Edwardtown,Germany,2025-05-21T03:12:32,Inactive
1792,Wendy,Lyons,cust_1792_ibarton@example.org,,1969-12-13,Female,Michaelbury,USA,2025-07-15T04:16:53,Active
1793,Sharon,Fox,cust_1793_bauermichelle@example.net,759-998-7517,1974-12-09,Male,East Garytown,USA,2026-06-26T08:26:50,Active
1794,Jackie,Washington,cust_1794_felicia50@example.net,275-902-4130,1978-09-25,,Snyderstad, switzerland,2025-03-12T01:43:58,Active
1795,Christy,Byrd,cust_1795_seanshaw@example.com,001-514-850-4972,1962-10-13,Male,,Albania,2024-10-02T11:42:48,Active
1796,Tony,Hughes,cust_1796_sarahjacobs@example.org,+1-714-220-4384,1994-09-27,Female,Rebeccaberg,USA,2023-06-14T17:39:50,Active
1797,Christopher,Foster,cust_1797_jellis@example.com,716-767-4078x8698,1975-05-24,,Nelsonland,Switzerland,2026-03-13T07:39:27,Active
1798,Joshua,Lewis,cust_1798_reynoldsjoseph@example.net,787-593-9789,2001-04-09,Male,Kennedyland,Switzerland,2023-09-06T17:14:44,Active
1799,William,West,cust_1799_lhartman@example.com,+1-282-943-7804x704,2003-02-16,Female,South Melvin,Albania,2026-05-30T13:17:53,Active
1800,Kimberly,Choi,cust_1800_terrenceclark@example.com,,2008-07-04,Female,Port Brendan,Albania,2026-04-16T12:30:46,Active
1801,Jim,Thornton,cust_1801_matthewprice@example.org,712.956.7212x3008,1956-02-24,,Kristinville,Albania ,2024-07-24T18:02:40,Active
1802,Lori,Cantrell,cust_1802_mmorgan@example.org,001-280-557-8369,1995-09-18,Male,East Rachelview,Albania,2023-04-24T16:09:14,Active
1803,Christina,Frazier,cust_1803_zglenn@example.com,,1957-07-23,Female,Ryanside,Kosovo,2024-02-19T17:16:23,Active
1804,Jessica,Guerrero,cust_1804_patricia43@example.com,001-970-260-0746x1433,1993-10-10,Female,Port Joshuashire,albania,2023-05-04T06:11:27,Active
1805,William,Park,cust_1805_flopez@example.com,,1988-03-16,Male,Millerfurt,USA,2024-01-06T06:45:49,Active
1806,Tracy,Ward,cust_1806_courtneyking@example.net,001-474-605-4586x618,2005-08-17,Female,Parkerview,USA,2023-09-22T14:43:57,Active
1807,Laurie,Prince,cust_1807_davidhart@example.org,+1-488-572-6349x212,1956-08-26,,New Molly,Germany,2026-07-20T08:20:18,Active
1808,Jessica,Marshall,cust_1808_smyers@example.com,913.320.4484x567,1984-02-07,,Mariaview, albania,2023-06-21T14:21:30,Active
1809,Richard,Fuentes,cust_1809_mitchell67@example.net,,1986-04-23,Male,New Christopher,Germany,2023-06-03T08:56:32,Active
1810,Nicole,House,cust_1810_henrybryan@example.net,001-265-776-6647x60852,1998-02-01,Female,New Ryan,Albania,2024-05-26T21:51:12,Active
1811,Garrett,Jordan,cust_1811_heather69@example.org,+1-487-982-9887,1996-02-29,Male,Kerryview,USA,2023-08-09T04:34:09,Active
1812,Breanna,Sanchez,cust_1812_scottbrian@example.org,+1-973-486-4006,1992-09-11,Male,Robertchester,USA,2023-11-11T01:24:57,Active
1813,Alexandra,Flores,cust_1813_heatherkelly@example.net,001-839-733-0111x840,1982-05-27,Female,Warrenmouth,ALBANIA,2024-06-17T01:07:02,Active
1814,Susan,Hobbs,cust_1814_debrabryant@example.org,751-943-6974,2000-05-15,,West Charles,Germany,2024-12-04T19:33:09,Active
1815,Mark,Fleming,cust_1815_schwartzcarol@example.net,755.866.9633,1995-05-13,Female,Carlosside,,2023-08-07T19:52:56,Active
1816,Derrick,Fox,cust_1816_mary79@example.com,462-546-9476,1968-09-10,,Solisside,albania,2024-03-17T02:41:37,Active
1817,Timothy,Acosta,cust_1817_davisnatalie@example.org,,2000-04-01,Female,,usa,2024-11-05T08:41:10,Active
1818,Cynthia,Nolan,cust_1818_tjackson@example.net,419.309.5203x8721,1974-02-05,Female,Danashire,USA,2023-03-06T09:57:08,Active
1819,David,Allen,cust_1819_bestalexis@example.org,(222)401-6566x33935,1999-06-13,,Jacobberg,USA,2024-08-18T09:00:01,Inactive
1820,Alexis,Blevins,cust_1820_joanwright@example.org,655.598.4142x0248,1990-10-04,Female,Brandonview,Usa ,2024-07-27T08:01:22,Active
1821,Alexander,Washington,cust_1821_joemurphy@example.net,2996970244,1972-02-12,Female,North Andrew,Switzerland,2025-08-20T17:25:18,Active
1822,Stacey,Morgan,cust_1822_angela14@example.com,(977)837-6554,1962-04-21,Female,South Davidstad, kosovo,2025-01-09T03:40:43,Active
1823,Dominic,Jones,cust_1823_peckcorey@example.com,(466)661-5393,1970-10-29,Female,South Jasmine,Albania,2026-07-16T21:13:43,Active
1824,Marie,Morrison,cust_1824_walkersamantha@example.net,+1-639-906-2798x9582,1996-07-17,Male,Lopezshire,Germany,2023-04-19T12:58:15,Active
1825,John,Terry,cust_1825_leslie14@example.org,,1961-05-31,,East Valeriestad,Kosovo,2025-07-20T05:16:42,Active
1826,Arthur,Howe,cust_1826_ugates@example.net,,1977-10-22,,South Shelbyburgh,Kosovo,2023-10-03T09:18:12,Active
1827,Anna,Bauer,cust_1827_kingeric@example.net,+1-610-604-4364x364,1956-03-09,Female,Port Ethan,Kosovo,2026-04-23T19:03:32,Active
1828,Luis,Olson,cust_1828_guzmanjeffery@example.net,+1-207-922-7683x5278,2006-10-04,Female,,Germany,2025-04-27T04:45:32,Active
1829,Mike,Gutierrez,cust_1829_qmartin@example.com,(830)900-9006x325,1987-02-26,Male,Dyerport,Albania,2024-09-17T05:48:41,Active
1830,James,Martinez,cust_1830_troy51@example.net,+1-603-344-6332x4656,1980-08-13,,Kennethchester,Germany,2026-02-15T13:04:47,Active
1831,Jeffery,Manning,cust_1831_iancameron@example.net,876-796-5959,1974-03-11,,Smithbury,Switzerland,2025-12-31T16:56:52,Active
1832,Todd,Gutierrez,cust_1832_chad26@example.com,942.710.9222x51455,1970-03-30,,South Danielle,USA,2023-12-24T01:30:39,Active
1833,James,Little,cust_1833_larrywerner@example.org,4294708137,1996-12-03,,North Allen,,2026-04-25T09:18:37,Inactive
1834,Antonio,Moran,cust_1834_ashley28@example.com,,1957-06-02,Female,East Catherine,Albania,2024-07-27T15:46:52,Active
1835,Stephanie,Gonzales,cust_1835_lanceross@example.com,969.853.9087x834,1981-05-09,Male,Mcdanieltown,USA,2023-03-20T03:13:27,Active
1836,Matthew,Schultz,cust_1836_ashleysparks@example.com,+1-448-736-0943x868,1981-07-23,,New Markshire,Kosovo,2023-10-08T19:30:07,Active
1837,Evelyn,Mcdonald,cust_1837_kimberlyfrazier@example.com,001-623-825-7273,1999-02-05,,South Susan,USA,2026-02-04T08:57:59,Active
1838,Katherine,Francis,cust_1838_nbender@example.org,266-861-0514x961,1974-03-06,,Jacksonside,Albania,2024-08-22T19:20:59,Active
1839,Karen,Frazier,cust_1839_christopher69@example.net,,1977-09-23,Female,Cassandraview,Switzerland,2023-01-30T12:36:27,Active
1840,Kevin,Williams,cust_1840_heatheryoung@example.org,,1992-09-23,Female,Marshbury, switzerland,2025-11-02T11:48:06,Active
1841,Beth,Lee,cust_1841_efisher@example.org,,1999-08-07,Female,New Anthony,albania,2024-09-05T16:14:03,Active
1842,Kathy,White,cust_1842_burtonjohn@example.org,477.493.9801,1980-06-08,Female,North Paulville,Switzerland,2025-02-17T13:07:44,Active
1843,Gary,Williams,cust_1843_davidlarson@example.com,(231)433-6314,1988-08-10,Female,,Switzerland,2023-05-04T13:49:11,Active
1844,Heidi,Smith,cust_1844_vaughndiana@example.net,(301)929-5903,2006-11-03,Female,Reidfurt,ALBANIA,2025-06-12T16:33:22,Inactive
1845,Robin,Edwards,cust_1845_ntorres@example.org,001-917-365-3244x8343,1963-05-29,Female,,,2024-08-01T23:56:08,Active
1846,April,Callahan,cust_1846_justinreeves@example.net,208.270.2728x204,1963-06-10,Male,Lake Vickie,Switzerland,2026-01-21T22:00:33,Active
1847,Mary,Jackson,cust_1847_awade@example.org,,1981-03-05,Male,,Germany,2023-10-05T15:12:34,Active
1848,Diana,Williams,cust_1848_christopherrodriguez@example.com,+1-432-741-8325x276,1987-06-25,,,Albania,2023-08-18T05:15:55,Active
1849,Linda,Benitez,cust_1849_vnorton@example.net,001-254-328-3267,1983-09-05,Female,South Seanville,Albania,2023-06-25T10:41:58,Active
1850,Billy,Berry,cust_1850_webblindsay@example.com,001-829-902-5153x8642,1969-11-18,,Port Alfred,Switzerland,2023-09-23T19:41:04,Active
1851,Jordan,Flores,cust_1851_kimberlygordon@example.com,+1-204-905-3198x4105,1986-06-11,Female,Lauratown,USA,2025-03-30T15:00:55,Active
1852,Tyler,Martin,cust_1852_shawnlarson@example.com,+1-770-508-3076x440,1972-03-04,,Marktown,Kosovo,2023-05-11T19:36:14,Active
1853,Paula,Horn,cust_1853_joneschristine@example.org,001-328-429-0183x2051,1980-06-10,Male,Port Jamestown,Switzerland,2024-10-25T14:20:13,Active
1854,Chris,Davis,cust_1854_barnettjoseph@example.com,6249065117,1985-08-13,,,USA,2026-05-30T19:41:01,Active
1855,Christopher,Wright,cust_1855_rayrobin@example.org,001-268-986-3124,2006-12-04,Male,West Cynthiaside,USA,2025-11-29T16:57:26,Active
1856,Kristy,Cole,cust_1856_mark77@example.org,656-876-7761x952,1964-06-14,Female,North Timothyshire,USA,2023-08-27T02:38:17,Active
1857,Jessica,Brown,cust_1857_daisy28@example.com,(438)904-5347,1991-05-07,Female,Sandovalmouth,Switzerland,2023-10-22T12:40:16,Active
1858,Wayne,Thompson,cust_1858_nbernard@example.net,,1968-08-14,,Bowersstad,,2026-01-06T00:14:53,Active
1859,Kyle,Cruz,cust_1859_joseph73@example.net,857.802.4093,1993-08-07,Male,Lake Catherine,Kosovo,2025-04-01T00:13:38,Inactive
1860,John,Mcpherson,cust_1860_mariavincent@example.org,856.952.3918,1982-04-01,Male,Martinberg,Albania,2025-01-05T06:41:30,Inactive
1861,Hannah,Scott,cust_1861_gregory63@example.com,+1-320-716-6334x0142,1967-05-04,Female,,Germany,2024-09-10T19:50:49,Active
1862,Christopher,Garcia,cust_1862_joseph94@example.com,386.623.3570x44455,1994-04-22,Male,West Monica,Albania,2023-08-17T19:40:26,Active
1863,Claire,Martinez,cust_1863_fnelson@example.net,774-321-8842x46381,1997-03-21,,, albania,2023-09-08T18:10:27,Active
1864,Gregory,Carlson,cust_1864_cthompson@example.net,,1969-07-31,Female,West Donna,USA,2024-03-23T19:36:38,Active
1865,Allison,Gates,cust_1865_lstephenson@example.net,739-398-7591x53007,1971-08-24,Female,Miguelland,Kosovo,2026-05-22T23:58:59,Active
1866,Rebecca,Allen,cust_1866_rnichols@example.com,2573824531,1967-02-10,Male,West Richard, germany,2024-04-10T19:35:36,Active
1867,Jamie,Williams,cust_1867_mccallcrystal@example.org,,1984-08-26,Male,,Albania,2024-04-24T07:08:58,Active
1868,Melissa,Adams,cust_1868_bellalbert@example.org,(396)910-6963x74912,1966-11-20,Male,South Matthewchester,Switzerland,2023-05-01T10:24:01,Active
1869,Robert,Smith,cust_1869_kathleen27@example.org,,1993-08-24,,Aaronborough,Germany ,2023-05-07T10:41:13,Active
1870,Christine,Hines,cust_1870_qwagner@example.org,+1-686-683-2120x861,1957-11-19,Female,West Benjamin,Albania,2024-12-18T20:05:20,Active
1871,Janice,Ferguson,cust_1871_wjones@example.net,2149144246,1980-09-26,,Port Tracy,Switzerland,2024-01-19T05:18:16,Active
1872,Brittany,Johnson,cust_1872_victor97@example.net,(885)599-4757,1996-07-25,Male,Parkhaven,ALBANIA,2023-09-22T18:20:00,Active
1873,Melanie,Hudson,cust_1873_matthewstokes@example.net,+1-583-667-6074x1059,1957-05-29,Female,West Adamview,Germany,2026-06-23T15:26:52,Active
1874,Andre,Tucker,cust_1874_robleschristopher@example.org,(885)586-9660,1989-09-24,Female,Kylemouth,Switzerland,2024-09-02T04:29:20,Active
1875,Richard,Allen,cust_1875_lauriedavidson@example.com,726-622-6441x8024,2008-04-10,,New Michaelbury,Switzerland,2024-05-14T15:59:35,Active
1876,Sharon,Garner,cust_1876_robert90@example.org,795.407.6557x374,2000-07-27,Female,Charlesburgh,,2024-05-29T03:00:00,Active
1877,Christina,Thomas,cust_1877_elizabethmorgan@example.org,552.827.9294x9652,1985-06-18,Female,Scottshire,,2025-05-25T17:44:07,Active
1878,Anne,Flores,cust_1878_jeffrey85@example.org,6084415912,2003-10-20,,,USA,2024-10-06T10:45:14,Active
1879,Gary,Nelson,cust_1879_donald63@example.org,897.363.5294,1973-08-10,Male,Davidchester,Albania,2026-03-07T17:23:15,Active
1880,Curtis,Best,cust_1880_castillolinda@example.com,(711)589-7873x72826,1958-12-18,,Lake William,ALBANIA,2024-03-21T14:44:40,Inactive
1881,Denise,Hancock,cust_1881_ortegaerica@example.net,633.508.5441,1996-11-03,Female,,,2024-10-13T21:17:00,Inactive
1882,Sheila,Logan,cust_1882_aallen@example.com,213.578.8021,2007-10-03,,Washingtonchester,Switzerland,2025-02-13T15:47:31,Active
1883,Rachel,Taylor,cust_1883_audreywatson@example.org,364.755.4590x348,1959-01-13,Female,Jamesville,Switzerland,2023-06-17T14:00:30,Active
1884,Andrew,Bennett,cust_1884_reynoldslauren@example.com,+1-392-633-3135,1956-08-24,Male,Matthewtown,ALBANIA,2024-12-22T14:11:25,Inactive
1885,Derek,Terry,cust_1885_lwright@example.net,(874)615-1448x7621,1974-11-11,Female,Lake Vanessa,,2025-10-23T16:13:57,Active
1886,Michael,Estrada,cust_1886_jeremysalinas@example.com,,1990-03-13,Female,South Ashleyfort,Kosovo,2023-09-20T08:06:37,Active
1887,Jessica,Weber,cust_1887_curryisabella@example.com,+1-337-671-2582x848,1977-01-06,Male,Stephaniefurt,Switzerland,2025-11-20T07:42:27,Inactive
1888,Morgan,Good,cust_1888_xsimpson@example.com,(744)464-5239x0041,1973-01-28,Male,,Albania,2024-04-15T22:35:13,Inactive
1889,Darlene,Cooper,cust_1889_paulrebecca@example.net,901.289.7795x0146,1957-07-29,Male,South Tracy,Switzerland ,2026-03-24T17:00:39,Active
1890,Elizabeth,Smith,cust_1890_imatthews@example.net,8412770734,2006-06-05,Male,North Robert,Albania,2023-12-11T04:21:26,Active
1891,Karen,Burns,cust_1891_samantha50@example.com,664-457-5275,1982-04-21,Male,Port David,Switzerland,2025-05-22T08:02:33,Active
1892,Paul,Russell,cust_1892_petersonnicole@example.com,681.255.7155x66166,1963-10-22,,South Sarah,usa,2024-01-07T05:56:36,Active
1893,Richard,Watkins,cust_1893_rushdanielle@example.com,001-661-713-3956x322,1994-04-19,,New Edgarfurt,Kosovo,2025-07-31T22:16:58,Active
1894,Michael,Simpson,cust_1894_greenjamie@example.net,848.569.7848x798,1968-02-23,,New Rogerbury,Kosovo,2023-04-01T19:21:55,Inactive
1895,Katie,Rodriguez,cust_1895_gharris@example.net,(359)416-4230,1961-11-01,,Campbellshire,Albania,2026-01-21T03:14:48,Active
1896,Alexandria,Contreras,cust_1896_lisasmith@example.org,,1967-07-04,Female,Sancheztown,Switzerland,2026-07-24T00:12:37,Active
1897,Katie,Meyer,cust_1897_smithkenneth@example.org,906.935.6735,2003-12-28,,Peterport,Switzerland,2023-09-16T04:26:00,Active
1898,Kaitlin,Nguyen,cust_1898_kristincombs@example.org,4329730324,1963-07-27,Male,Michellefurt,Germany ,2023-11-18T14:13:00,Active
1899,James,Banks,cust_1899_mckinneyclifford@example.org,+1-782-803-8069,1989-11-16,,Lake Carlos,Albania,2024-06-04T03:46:14,Active
1900,Sheila,Walsh,cust_1900_ocruz@example.com,,1999-12-22,Female,South Toddtown,Germany ,2026-06-11T13:48:41,Active
1901,Brandon,Thompson,cust_1901_vanessa03@example.com,001-694-772-8132x6598,1980-04-05,Male,East Jamesfort,Albania ,2025-08-07T07:51:06,Active
1902,Elizabeth,Rodriguez,cust_1902_ericking@example.com,,1964-04-06,Male,West Cynthia,Kosovo ,2023-11-04T11:33:57,Active
1903,Bryan,Clarke,cust_1903_jacquelinemejia@example.com,001-875-967-1950x305,1966-01-03,,,Switzerland,2025-05-12T20:38:11,Active
1904,Scott,Gutierrez,cust_1904_sanchezjessica@example.com,494-289-1852x9838,1979-08-21,,West Davidshire,Germany,2024-12-26T03:45:08,Active
1905,Kimberly,Lopez,cust_1905_joy57@example.com,265.428.2261x954,1983-07-13,,Annaview,Germany,2025-06-20T14:55:31,Active
1906,Anne,Curtis,cust_1906_susan93@example.com,(713)888-6550x0915,1956-09-19,,Robertsonberg,SWITZERLAND,2023-11-20T13:30:15,Active
1907,Dana,Johnson,cust_1907_xrodriguez@example.com,,2001-05-13,Male,New Kimberlyland,Switzerland,2023-08-28T14:16:15,Inactive
1908,Shelby,Garcia,cust_1908_moorekatherine@example.net,260.487.8072,1997-09-20,Female,Port Rebeccaborough,Switzerland,2025-05-05T07:07:53,Active
1909,Danielle,Riley,cust_1909_baileydonna@example.com,(567)863-7203x73448,1989-01-18,Female,Roberttown,USA,2024-12-15T14:03:59,Inactive
1910,Sophia,Vang,cust_1910_vanessa88@example.com,539-367-7054x6739,2006-06-18,,Kingtown,Kosovo,2025-07-06T01:36:13,Active
1911,Lauren,Henderson,cust_1911_randerson@example.com,405.788.6810,2008-07-30,Female,North Derrick,USA,2025-07-05T05:13:24,Active
1912,Brett,Smith,cust_1912_chanpaul@example.com,,1997-01-29,,Lake Antoniomouth,Kosovo,2025-03-12T01:57:58,Active
1913,Kyle,Crawford,cust_1913_meganmullins@example.org,700.601.9007x388,1994-09-21,,Alexanderbury,Kosovo,2025-09-06T22:04:58,Active
1914,Michael,Martinez,cust_1914_diana25@example.net,+1-908-394-1319x8596,1960-04-16,Male,East Daniel,Germany,2023-01-21T14:49:42,Active
1915,Annette,Howell,cust_1915_chandlerjeremy@example.org,619-403-5940,1972-06-24,Male,Bryanburgh,Kosovo,2024-05-02T00:37:56,Active
1916,Deborah,Elliott,cust_1916_ipierce@example.com,+1-487-767-6606,1975-03-12,Female,East Kimberlyport,Albania,2023-01-26T22:26:21,Active
1917,William,Rich,cust_1917_tmartinez@example.net,930-281-8363x2939,1961-02-10,Male,South Karen,Kosovo,2024-01-12T11:40:51,Active
1918,Michelle,Jones,cust_1918_dhicks@example.com,,1985-06-19,Female,Davidbury,Germany,2026-07-05T10:37:11,Active
1919,Luis,Kim,cust_1919_howardclaudia@example.org,567.271.9288x920,1971-11-22,Male,New Tara,USA,2024-11-20T14:12:04,Active
1920,Jaime,Sullivan,cust_1920_qwoods@example.net,+1-903-460-6778x71924,1980-05-31,Male,Morrismouth,USA,2023-04-10T15:28:29,Active
1921,Robert,Bridges,cust_1921_mannlisa@example.com,645-637-5257,1962-10-09,Female,Port Marcus,KOSOVO,2026-01-23T22:45:22,Active
1922,Donna,Potter,cust_1922_walleramy@example.net,001-611-856-7338x51576,2005-09-17,,Kaiserstad,Albania,2023-04-04T15:34:18,Active
1923,Julie,Cooper,cust_1923_haileydickerson@example.net,919.734.6502,1995-01-07,,Williamsport,Germany,2026-03-05T17:33:16,Active
1924,Thomas,Moreno,cust_1924_richardnichols@example.org,(234)795-2457,1999-03-22,Female,West Michellemouth,Switzerland,2026-01-27T07:32:08,Active
1925,John,Butler,cust_1925_stephaniebright@example.net,824.427.1618,1987-08-15,Male,Carpentermouth,,2026-02-17T01:58:27,Active
1926,Harold,Armstrong,cust_1926_christopher23@example.org,8383547872,1990-05-31,,North Laura, usa,2023-08-29T19:27:11,Active
1927,Pamela,Hendricks,cust_1927_greenadam@example.org,001-606-325-3941x85455,1979-04-21,Female,West Amber,USA,2025-04-03T01:45:32,Active
1928,William,Jordan,cust_1928_markturner@example.net,,1956-04-18,Female,Walkerborough,Kosovo,2023-09-04T05:48:24,Active
1929,Brian,Butler,cust_1929_usolomon@example.com,379-586-5716x8962,1975-07-24,Male,Port Jocelyn, switzerland,2024-07-23T15:02:46,Inactive
1930,Abigail,Moody,cust_1930_randall36@example.org,+1-734-976-0882x3092,1960-12-27,Male,,Switzerland,2023-10-03T02:31:07,Inactive
1931,Charlotte,Robertson,cust_1931_krista74@example.net,(233)508-4601x7262,1961-03-04,,Lake Pamela,Kosovo,2024-04-29T01:09:24,Inactive
1932,Joshua,Hood,cust_1932_charles08@example.net,+1-516-834-3031x0166,1978-03-23,,Whiteberg,Switzerland,2025-03-25T06:09:27,Active
1933,Bradley,Keller,cust_1933_whitepedro@example.org,896.322.9511x084,1975-11-01,,South Jessicachester,Albania,2026-03-07T03:13:15,Active
1934,Jose,Keller,cust_1934_williamwalters@example.org,,2004-08-11,Male,Garzaville,Germany,2024-11-17T22:19:11,Active
1935,Nancy,Pruitt,cust_1935_eric38@example.net,(924)541-0667x8845,1968-12-13,Female,North Russell,Kosovo,2023-03-28T23:01:23,Active
1936,Veronica,Fowler,cust_1936_pittmanryan@example.org,(744)207-1107x298,1972-11-12,Female,East Donna, kosovo,2023-02-09T15:59:32,Active
1937,Anna,Marsh,cust_1937_kellychang@example.org,+1-953-733-1714,1966-05-03,,Jonathanland,Germany,2023-09-23T04:19:42,Active
1938,Megan,Salas,cust_1938_wilsonlisa@example.com,7284815208,1997-01-01,Male,, switzerland,2023-06-21T21:48:10,Active
1939,Brandon,Campos,cust_1939_zking@example.org,(625)505-0732x49139,1971-12-28,Female,East Lorettaburgh, usa,2024-07-21T14:09:28,Active
1940,Brandon,Gaines,cust_1940_timothylong@example.com,,1970-01-01,Female,New Susan,USA,2024-04-04T08:02:26,Active
1941,David,Banks,cust_1941_lisa50@example.com,+1-899-642-8580x330,2001-05-06,Male,West Angelabury,Switzerland,2026-07-12T13:33:57,Active
1942,Ashley,Hall,cust_1942_holtthomas@example.com,371.259.0518x23772,1972-10-15,,South Jonview,USA,2024-12-31T22:16:03,Active
1943,Carol,Sullivan,cust_1943_ramosjeffery@example.com,001-700-934-5688x486,2005-04-30,,South Kelly,Switzerland,2024-03-08T01:40:50,Active
1944,Dale,Smith,cust_1944_danielsjames@example.net,,1996-02-12,Male,Port Kellyfort,USA,2024-02-14T01:09:06,Active
1945,Andrew,Foster,cust_1945_timothy75@example.org,682.552.8940,2002-08-18,,Port Michael,Switzerland,2024-09-16T17:22:50,Inactive
1946,Carlos,Morgan,cust_1946_rcruz@example.org,(968)748-0316x36781,1997-03-06,,West Mary,SWITZERLAND,2025-05-09T19:03:48,Active
1947,Taylor,Young,cust_1947_davisjonathan@example.net,739.530.3953x95260,1988-12-11,Male,New Linda,Kosovo,2026-07-23T17:46:59,Inactive
1948,Mackenzie,Price,cust_1948_bailey73@example.net,001-247-854-7377x0499,1981-11-15,Male,Fergusonport,kosovo,2024-07-20T09:02:55,Active
1949,Michelle,Smith,cust_1949_thorntontyler@example.com,303-240-5736,1984-11-22,Male,, usa,2025-03-17T01:34:34,Active
1950,Jesse,Wright,cust_1950_wilsonjoseph@example.com,+1-843-307-2188x771,1985-08-06,Male,Floresmouth,Germany,2023-10-09T05:35:30,Active
1951,Paul,Lamb,cust_1951_andreajones@example.org,,2008-02-03,,Coleville,,2023-08-14T20:24:50,Active
1952,Stephanie,Aguilar,cust_1952_hjohnson@example.com,001-412-678-9885,1962-06-24,,,Germany,2025-06-16T00:58:21,Active
1953,Andrew,Underwood,cust_1953_qpotter@example.com,001-558-355-3730x4376,1992-12-06,Male,Miguelfurt,Kosovo,2025-02-06T10:21:45,Active
1954,Brent,Henderson,cust_1954_wallacevictoria@example.com,001-214-440-0040x756,1966-06-29,,Port Michelle,Germany,2023-07-11T03:09:49,Active
1955,Jennifer,Johnston,cust_1955_paulabrooks@example.net,001-468-922-8854,1996-04-10,,Lake Joseph,Germany ,2025-07-03T11:58:03,Active
1956,Jaclyn,Lopez,cust_1956_michaelklein@example.org,336.265.4758x7837,1984-12-13,Female,, germany,2026-07-28T03:06:41,Inactive
1957,Nicholas,Mcguire,cust_1957_ffleming@example.com,001-577-218-5360x174,1979-08-23,Male,Bryanburgh,Switzerland,2024-06-28T00:11:19,Active
1958,Robert,Robles,cust_1958_gregory72@example.net,(370)971-2797,2004-09-21,Male,Lewismouth,Kosovo,2023-01-15T09:37:58,Active
1959,Stephanie,Foster,cust_1959_autumnflores@example.com,+1-404-938-8176x762,1984-04-30,,East Joannaport,Germany,2024-01-19T00:58:13,Inactive
1960,Jennifer,Warner,cust_1960_alvaradojack@example.org,572-856-0467x820,1971-11-05,Female,South Heatherville,Switzerland,2024-05-12T12:37:22,Active
1961,Jimmy,Reid,cust_1961_eric16@example.net,809-873-1220x667,1974-07-26,,Justintown, switzerland,2024-05-18T19:35:40,Inactive
1962,Stephanie,Chavez,cust_1962_darrellgray@example.com,253.728.6178,1993-08-24,Male,East Theresahaven,Switzerland,2023-02-19T17:52:28,Active
1963,Tamara,Moore,cust_1963_barry68@example.com,001-286-745-5526x15107,1973-11-04,,Tinatown,USA,2024-07-19T17:14:44,Active
1964,Austin,Wong,cust_1964_elizabeth15@example.org,812-435-9989x6258,1988-07-08,Female,Wrightchester,USA,2023-02-08T18:24:50,Active
1965,Lindsay,Cook,cust_1965_caldwellclaudia@example.com,001-497-951-9378x49531,1984-06-21,,West Kathy,Kosovo,2024-01-26T04:35:56,Active
1966,Melanie,Gibbs,cust_1966_rwilliams@example.net,001-421-834-6164x615,1962-02-16,Female,Johnberg,USA,2023-07-18T01:47:00,Active
1967,Elizabeth,Lowery,cust_1967_pachecopatricia@example.net,6142812971,1963-03-01,,Johnport, albania,2025-05-10T07:17:03,Active
1968,Jennifer,Johnson,cust_1968_tranjoyce@example.net,793.200.8058x8990,2004-10-16,,West Allenborough,Albania,2024-03-15T00:49:27,Inactive
1969,Robert,Perry,cust_1969_robert21@example.org,2564358699,1975-06-16,Male,Port Joeland,Kosovo,2023-06-01T00:22:34,Active
1970,Mary,Richards,cust_1970_carol26@example.org,(276)942-8125x98362,1995-01-23,Male,Christyside,Albania,2026-05-02T00:03:46,Active
1971,Melissa,Ellison,cust_1971_clarkjustin@example.net,(703)931-4656,1998-02-12,,Port Robertstad,Germany,2025-02-01T16:38:16,Active
1972,Natalie,Lee,cust_1972_kaylaboone@example.org,(204)838-9641x645,1987-10-13,Male,Lake Jasmine,Kosovo,2025-05-25T10:15:22,Active
1973,Michelle,Diaz,cust_1973_tracy58@example.com,(348)576-4126,1963-10-01,,,Germany,2025-11-06T00:48:58,Active
1974,Bridget,Smith,cust_1974_nwatson@example.org,405.983.9340x83544,1967-10-11,Male,Annehaven,Switzerland,2023-07-14T03:45:16,Active
1975,Amanda,Austin,cust_1975_tammy78@example.net,(396)427-6223x683,1957-11-27,Female,Petersonview,germany,2023-07-10T17:02:33,Active
1976,Kaitlyn,Guerrero,cust_1976_joseph35@example.net,(828)401-7710,1970-03-18,Male,Michaeltown,SWITZERLAND,2023-07-27T09:58:10,Active
1977,Robert,Tucker,cust_1977_thomas20@example.net,814-839-1032x318,1962-04-27,,Gateston,,2024-10-21T12:23:47,Active
1978,Dorothy,Brown,cust_1978_arnoldwilliam@example.org,,2006-02-24,,,Switzerland,2023-05-04T10:58:13,Active
1979,Brittany,Pugh,cust_1979_dennisanderson@example.com,582.560.1877x795,1988-02-18,Male,Douglasmouth,Switzerland,2023-11-25T22:21:40,Active
1980,Kyle,Carney,cust_1980_jenniferlopez@example.org,727.474.5750x218,1995-04-25,,North Shariport,,2025-03-28T15:03:53,Active
1981,Nicole,Johnston,cust_1981_feliciathompson@example.com,(587)788-4204x7598,1972-02-07,Female,Sergiofort,Switzerland,2023-03-28T22:59:59,Inactive
1982,Laura,Meyer,cust_1982_alewis@example.net,(602)854-6167,1961-01-06,Female,Newmanhaven,Albania,2025-10-29T06:35:15,Active
1983,Brett,Montgomery,cust_1983_flewis@example.net,395.794.5921,1984-06-06,Female,Thompsonmouth,USA,2025-09-06T05:41:42,Active
1984,Rose,Silva,cust_1984_kelly99@example.com,,2001-11-18,,South Emily,Germany,2025-02-23T18:32:00,Active
1985,Robert,Brown,cust_1985_luismorris@example.com,291.378.2200x810,1995-07-27,Male,Gregorychester,USA,2025-11-03T09:34:12,Inactive
1986,Timothy,Nunez,cust_1986_nancy96@example.com,714-990-9671x08004,1979-06-20,,West Eric,Kosovo,2023-09-29T01:39:44,Active
1987,Jamie,Hahn,cust_1987_jesse67@example.com,001-929-448-3051x719,2001-08-24,Male,Calebborough, germany,2024-02-02T17:04:58,Active
1988,Jason,Leach,cust_1988_paulwhitaker@example.com,,1991-11-19,Female,Frazierfort,Germany,2024-11-21T03:51:48,Active
1989,Anthony,Kramer,cust_1989_bentleyvickie@example.net,950.931.0497x9140,1958-01-28,Female,Lake Paulaburgh,Germany,2025-03-03T06:21:05,Inactive
1990,Jerry,Price,cust_1990_kimberlymoss@example.org,446.666.9747x2171,1966-02-18,Female,,,2026-04-08T02:50:59,Active
1991,Brian,Porter,cust_1991_deniseevans@example.com,(536)795-2558x767,1981-12-12,,South Taraland, switzerland,2026-03-05T01:16:58,Active
1992,Matthew,Wolfe,cust_1992_jeffrey09@example.com,361-826-1499x363,1960-01-04,Male,Port Suzanne,Kosovo,2024-11-16T16:29:11,Active
1993,Steven,Figueroa,cust_1993_pittsmary@example.net,+1-295-766-3006x3621,1963-01-13,Male,South Jonathonmouth,switzerland,2025-03-03T21:44:54,Active
1994,Beverly,Stephens,cust_1994_smurray@example.org,435-937-3965,1978-06-14,Male,Port Laurie,Albania,2024-05-07T06:59:41,Inactive
1995,Jennifer,Johnson,cust_1995_odomheather@example.net,,1981-10-27,,Kennethshire,Kosovo,2025-06-27T09:49:17,Active
1996,Ashley,Ruiz,cust_1996_ichang@example.com,+1-591-554-8270x029,1960-10-31,,East Tinafurt,Kosovo,2025-03-02T04:37:14,Active
1997,Derek,Lawson,cust_1997_foxgerald@example.net,,1999-08-26,Male,Vincentland,Germany,2025-12-12T19:56:38,Inactive
1998,Heather,Ward,cust_1998_hannahmorris@example.com,(419)456-1765x589,2001-02-23,,, switzerland,2023-12-08T22:27:52,Active
1999,Alison,Jimenez,cust_1999_jessica35@example.net,5635022829,1999-11-02,Female,Stephanieside,Switzerland,2024-11-12T16:41:02,Active
2000,Yolanda,Avery,cust_2000_foxbrandon@example.net,(947)426-8474x64550,1988-05-10,,North Katherine,Switzerland,2023-07-10T22:11:05,Active
2001,Victor,Miller,cust_2001_seanshepherd@example.net,864-950-5810x58010,1992-12-21,,Laraview,Switzerland,2024-01-30T00:20:12,Active
2002,Eric,Grimes,cust_2002_kgillespie@example.net,(863)564-6533x34774,1963-06-20,Female,South Barbara, switzerland,2023-08-18T18:00:02,Active
2003,Keith,Flores,cust_2003_kingdavid@example.com,+1-615-702-3743x873,1957-06-23,,West Tamaraville,Kosovo,2025-07-21T12:18:04,Inactive
2004,Judith,Stewart,cust_2004_obrienchristopher@example.com,+1-579-862-9145x977,1988-08-30,Male,Smithside,USA,2026-03-12T18:05:35,Active
2005,Monica,Chavez,cust_2005_danielwelch@example.net,001-636-765-3978x8587,1972-11-27,,,Kosovo,2025-10-13T20:29:20,Inactive
2006,Danielle,Miller,cust_2006_williamrobertson@example.com,649-961-6395x257,1980-10-20,Male,Webbbury,Switzerland,2024-11-12T07:45:17,Active
2007,Kimberly,Hull,cust_2007_bridget54@example.com,(519)418-9875x5798,2005-12-30,Male,Port Brooke,Kosovo,2025-09-20T00:59:08,Active
2008,Kelly,Martinez,cust_2008_igarcia@example.org,773-365-8540,1997-03-12,,West Kevin,Germany,2023-10-15T05:44:15,Active
2009,Amber,Hudson,cust_2009_williamcross@example.org,730.965.3353,1996-02-17,Male,Sarahshire,USA,2025-11-07T15:46:16,Active
2010,Stanley,Carpenter,cust_2010_mikaylabruce@example.com,(908)878-7578x8273,1957-07-13,Male,North Brianna,Kosovo,2024-12-29T08:28:22,Active
2011,Donald,Ross,cust_2011_parksandre@example.com,001-679-678-5500,1997-05-03,Female,Dorothymouth,kosovo,2025-12-30T00:34:57,Active
2012,Kevin,Miller,cust_2012_ronald11@example.com,722.665.2782,1985-10-05,,Youngmouth,Switzerland,2025-08-22T22:13:34,Active
2013,James,Pierce,cust_2013_diazjudith@example.com,639-287-2458x19870,1997-10-10,Male,Murphymouth,Switzerland ,2026-04-03T02:20:28,Active
2014,Calvin,Anderson,cust_2014_stewartamy@example.net,+1-572-268-3950x7051,1986-04-18,Male,Obrienmouth,kosovo,2023-10-10T05:14:49,Active
2015,Anthony,Velazquez,cust_2015_hgrimes@example.com,,1970-12-13,Female,,USA,2026-04-28T20:14:12,Inactive
2016,Haley,Knight,cust_2016_alyssa06@example.net,398.921.4924x137,1973-06-05,,North Monica,Germany,2024-10-23T22:17:57,Active
2017,Thomas,Watson,cust_2017_anne73@example.net,+1-883-268-1672x38665,2006-12-12,,,Germany,2024-09-11T23:10:27,Active
2018,Edward,Cooper,cust_2018_katelyn72@example.org,341-205-7725x04025,1991-07-02,Male,Lindahaven,USA,2024-11-26T06:01:31,Active
2019,Alexandra,Wilson,cust_2019_millercynthia@example.net,9246104150,1981-09-13,,North Richard,USA,2023-01-22T09:39:16,Active
2020,Richard,Snow,cust_2020_mcintoshpatrick@example.net,(613)240-4750x00458,1976-08-15,Male,East Connie,USA,2023-02-05T21:22:14,Active
2021,John,Kim,cust_2021_jocelyn80@example.net,,1971-01-03,,,USA,2025-08-27T01:30:28,Active
2022,Calvin,Hines,cust_2022_monica24@example.com,+1-363-983-6472x2455,1999-09-13,Male,New Jessicabury,Germany,2024-06-26T21:29:35,Active
2023,Leslie,Turner,cust_2023_crodriguez@example.org,+1-296-663-9000x4539,1994-02-06,,Simpsonburgh,Kosovo,2026-08-01T06:19:48,Active
2024,Jeffrey,Smith,cust_2024_noah12@example.net,001-387-831-7098,1962-03-17,Female,Chungside, usa,2023-06-09T10:58:05,Active
2025,Michelle,Robinson,cust_2025_martinezrichard@example.net,(501)364-5466x257,1986-06-20,Male,,usa,2023-08-29T10:53:52,Active
2026,Katherine,Schroeder,cust_2026_cantubenjamin@example.com,(222)995-7947x4508,1967-06-02,,South Rebeccabury,Albania,2023-05-20T02:43:14,Active
2027,Donna,Singh,cust_2027_carolmoody@example.net,(414)847-1650x4415,1996-03-29,,Justinstad,Kosovo,2025-11-25T17:46:48,Active
2028,Amy,Lee,cust_2028_brookegalvan@example.net,954-819-1378x0498,1966-11-22,,North Carrie,Germany,2026-06-13T04:46:52,Active
2029,Mark,Peterson,cust_2029_hawkinsdouglas@example.com,427-860-7414x6440,2004-08-31,,East Michaelport,USA,2023-08-29T15:55:42,Inactive
2030,Donald,Olson,cust_2030_richardsonraven@example.net,(213)784-1551,1999-02-19,,Sarahstad,Kosovo,2026-04-15T09:31:28,Inactive
2031,Heidi,Gonzales,cust_2031_zjones@example.org,,1969-08-31,,New Rebeccahaven,Switzerland,2023-09-25T01:45:19,Inactive
2032,Shane,Moon,cust_2032_bgonzales@example.net,902-593-7813x2672,1978-07-11,,East Natalie,Albania,2023-07-14T18:17:21,Active
2033,Nicole,Moore,cust_2033_qortiz@example.net,681.594.6877x49294,1996-10-01,,East Robertstad,Kosovo,2025-09-16T20:46:15,Active
2034,Roberto,Gonzales,cust_2034_kathrynjohnson@example.org,,1982-09-07,,Lake Markfurt,Germany,2025-10-05T09:30:54,Active
2035,Timothy,Carlson,cust_2035_john03@example.net,,2001-12-29,,Lake Jenniferborough,USA,2023-06-16T16:32:59,Active
2036,Joshua,Meyers,cust_2036_johntaylor@example.org,+1-333-831-5180,1963-10-17,,,USA,2024-09-17T18:01:34,Active
2037,Todd,Green,cust_2037_daltonbethany@example.org,+1-938-389-5311x543,1957-02-21,Male,,USA,2024-07-12T10:21:58,Inactive
2038,Andrea,Jacobs,cust_2038_sarahhaley@example.org,+1-466-808-6236x50460,1999-02-12,Male,Port Douglas,Germany,2025-02-07T02:41:17,Active
2039,Megan,Wu,cust_2039_bleblanc@example.com,+1-326-213-5062,1964-12-06,Male,Antoniomouth,Germany,2025-01-15T18:12:50,Active
2040,Robert,Davis,cust_2040_zhawkins@example.net,001-898-810-9975x268,1966-11-02,Male,Brandonside,switzerland,2023-11-30T02:17:56,Active
2041,James,Smith,cust_2041_anthonywilliams@example.net,940-373-7308,2000-12-05,Male,Karenshire,Kosovo,2023-01-28T18:59:56,Active
2042,David,Rivera,cust_2042_elijahmueller@example.org,(426)307-0247x4857,1967-06-12,,East Steven,Germany,2025-04-07T21:47:43,Active
2043,Jimmy,Miller,cust_2043_xcobb@example.net,(597)625-4014,1973-12-07,,Townsendstad,Switzerland,2024-03-29T01:10:01,Active
2044,Lisa,Guerra,cust_2044_jilladams@example.com,,1970-06-04,,Payneton,Switzerland,2025-01-08T17:51:43,Active
2045,Steven,Johnson,cust_2045_dennisdarrell@example.org,(569)983-7555x0458,1962-02-21,Female,Benjaminfort,Germany,2026-03-07T11:25:11,Active
2046,Larry,Johnson,cust_2046_vanessasellers@example.com,+1-813-859-8043x3315,1968-04-22,Male,Andrewton,USA,2023-05-10T13:13:55,Inactive
2047,Kathleen,Ross,cust_2047_jerrygray@example.com,8626260931,1959-04-02,Female,,USA,2023-07-22T15:38:08,Active
2048,Matthew,Rodriguez,cust_2048_anthony19@example.net,+1-323-610-1717,1956-06-20,Male,Stevenview,USA,2023-03-13T18:30:16,Active
2049,Ian,Rodriguez,cust_2049_hernandezjacob@example.net,7567735263,2007-03-14,Female,South Laurenbury,Germany,2024-07-15T14:06:46,Active
2050,Elizabeth,Carpenter,cust_2050_thomas75@example.org,(571)706-6560x2492,1965-12-19,Male,Alexanderport,Kosovo,2023-05-07T01:36:55,Active
2051,Corey,Arellano,cust_2051_michelle11@example.org,(779)997-5261,1973-03-29,,South Lisaside,USA,2024-01-23T05:37:30,Active
2052,Kelly,Shaffer,cust_2052_virginia46@example.com,,1970-06-08,Male,Lake Jose,Switzerland ,2023-09-02T05:21:49,Active
2053,Brian,Bell,cust_2053_leeadrian@example.org,837-817-4190,1999-11-18,Male,Kylemouth,Kosovo ,2025-10-13T23:16:21,Active
2054,Jeffrey,Davis,cust_2054_gibsonanthony@example.org,276-317-0613,1977-04-24,Male,Lake Davidborough,USA,2025-04-06T20:00:33,Active
2055,Lori,Hernandez,cust_2055_charles64@example.org,496.856.4001x9154,1974-02-19,,Lake Patriciamouth,Albania,2025-05-08T23:40:09,Active
2056,Valerie,Jones,cust_2056_kingyolanda@example.com,,1975-07-11,Female,West Susan,Usa ,2026-01-03T20:26:18,Active
2057,Lindsay,Pugh,cust_2057_corey59@example.org,+1-366-824-8223x06421,1971-11-18,Male,Richardbury,Kosovo,2025-03-16T11:48:19,Active
2058,Laura,Smith,cust_2058_maxwelldebbie@example.com,566-352-1746x453,1962-09-19,Male,Goodwinview,Switzerland,2025-06-20T18:10:01,Active
2059,Mary,Curry,cust_2059_dadkins@example.org,237-913-4631,1993-08-11,,Lake Timothychester,Switzerland,2025-06-14T17:18:14,Active
2060,Ryan,Morrison,cust_2060_davisronald@example.com,001-683-504-1544x74733,1966-04-24,,Valeriefort,,2024-01-22T04:49:47,Active
2061,Heather,Adams,cust_2061_rojasmichael@example.net,(331)375-0409x370,1957-02-15,,Christineside,Germany,2025-06-08T00:49:37,Active
2062,Chase,Case,cust_2062_davismichael@example.com,850-895-7928x18472,1958-01-28,Male,South Staceyburgh,Albania,2024-03-23T10:10:05,Inactive
2063,Sharon,Cook,cust_2063_nataliehernandez@example.org,001-562-378-9088x068,1969-12-12,Female,East Susanville,Albania,2024-12-16T03:05:22,Active
2064,Roger,Norris,cust_2064_rubiojose@example.org,212.556.7725,1974-09-07,Male,Sherrichester,USA,2023-07-11T12:26:58,Active
2065,Jennifer,Smith,cust_2065_jacob79@example.org,(977)632-3573,1988-06-03,,Port Craig,Germany,2024-04-25T19:41:10,Active
2066,Autumn,Howard,cust_2066_zsnyder@example.net,715-487-1994x250,1996-12-23,,Jeremytown,Germany ,2026-04-05T01:44:23,Active
2067,Robert,Becker,cust_2067_andersonedgar@example.org,964.427.3795,1977-07-01,,New Jennifer,USA,2023-06-04T15:18:21,Active
2068,Diana,Williams,cust_2068_alvarezjacob@example.net,,1958-09-12,Female,North Donnaland,Switzerland,2024-01-07T20:43:31,Active
2069,Rebecca,Grant,cust_2069_alexandramorris@example.net,(546)494-8412,1987-12-21,Male,East Jeremy,USA,2023-09-22T06:48:19,Active
2070,Jeffrey,Archer,cust_2070_vcabrera@example.net,7949391370,1968-04-28,,South Christine,USA,2023-07-12T11:05:44,Active
2071,Amy,Nelson,cust_2071_ambergonzalez@example.net,(360)780-9937,1974-08-14,,New Jessemouth,Albania,2026-08-01T16:48:52,Active
2072,Anthony,Chase,cust_2072_smithrobin@example.com,+1-873-481-1337x0494,1977-08-02,Female,Meganmouth,Switzerland,2024-04-24T08:56:03,Active
2073,Travis,Vargas,cust_2073_suzannerobertson@example.net,+1-588-723-4811x8082,1979-10-11,,Port Sarahside,USA,2024-03-11T11:33:05,Inactive
2074,Kelsey,James,cust_2074_fbecker@example.org,571.256.4153,1999-07-19,Male,,Albania,2024-11-24T05:20:18,Active
2075,Mary,Scott,cust_2075_halltrevor@example.org,+1-563-231-1916x11955,1987-06-05,Male,South Jamie,Germany,2023-06-27T05:32:33,Active
2076,Crystal,Clark,cust_2076_idavis@example.net,,1965-01-04,,Port Stacyfort,,2025-06-07T22:31:18,Active
2077,Kenneth,Evans,cust_2077_sarah32@example.com,3048582072,1977-07-17,,Port Joseph,Albania,2025-12-12T04:26:08,Active
2078,Rebecca,Adkins,cust_2078_howellthomas@example.net,8659299053,1996-11-14,,East Andrewmouth,Kosovo,2023-09-04T20:28:28,Active
2079,Sean,Shea,cust_2079_hollowayseth@example.com,8356508199,1968-04-19,,Marcmouth,GERMANY,2025-12-29T16:39:29,Active
2080,Jessica,Brewer,cust_2080_carolyn93@example.org,9546051556,1957-04-25,Male,New Kristinton,Switzerland,2023-07-01T19:41:21,Inactive
2081,Kristen,Ashley,cust_2081_kyle40@example.org,834-914-0580,1956-08-07,,New Charlesview,Germany,2026-05-02T00:18:43,Active
2082,Lisa,Bell,cust_2082_richard48@example.net,9408046454,1996-11-06,,West Jessica,USA,2025-04-11T20:29:37,Active
2083,Christian,Huerta,cust_2083_jacksonpatricia@example.com,(346)562-5760,1979-09-11,Female,Lake Thomasmouth,USA,2026-02-21T04:29:47,Inactive
2084,Scott,Massey,cust_2084_parsonsjonathan@example.net,(250)681-5959,1985-02-18,Male,North Matthew,Albania,2023-02-03T10:51:25,Active
2085,Tara,Stanley,cust_2085_loriwhitaker@example.org,,1998-04-08,,Timothyfort,,2026-04-05T07:31:29,Active
2086,Robert,King,cust_2086_joshua96@example.com,2324319767,1980-07-19,,Kylefurt,USA,2023-06-04T18:51:21,Active
2087,Shelly,Daniels,cust_2087_williambarton@example.org,,1972-02-25,Female,West Felicia,Germany,2023-05-11T11:39:26,Active
2088,Felicia,Ramirez,cust_2088_mmahoney@example.net,,1966-05-16,Male,Chenview,Switzerland,2026-03-04T16:25:41,Active
2089,Penny,Young,cust_2089_dawnroberts@example.net,001-697-859-1448x94009,1989-12-01,Male,Melissaside,Switzerland,2024-02-01T05:38:53,Active
2090,Daniel,Garcia,cust_2090_imartinez@example.net,980.273.7676x4973,1994-07-31,Male,Johnberg,Switzerland ,2024-06-28T15:43:32,Active
2091,Matthew,Barrett,cust_2091_danielgraham@example.net,347.567.6660x919,1989-06-12,Male,Frankview,Kosovo,2023-07-16T00:18:56,Active
2092,Denise,Holloway,cust_2092_qwashington@example.com,7858675910,1974-07-24,Female,Port Patricia,USA,2025-07-07T10:03:49,Active
2093,Christine,Johnson,cust_2093_stephen52@example.com,277.314.0577x025,1982-03-07,Female,Miguelport,Germany,2024-02-02T18:08:27,Active
2094,Jeanette,Mcgrath,cust_2094_keyrachel@example.org,+1-537-544-8455x5766,1956-05-08,Female,Hannahburgh,USA,2023-01-06T00:12:08,Active
2095,Allison,Mann,cust_2095_thomasarmstrong@example.net,,1990-03-20,Male,Martinfort,Germany,2023-07-23T02:22:46,Active
2096,Kristin,Lopez,cust_2096_tgraham@example.com,+1-270-589-4266,1992-06-28,,Buckleyside,ALBANIA,2023-02-18T07:57:56,Active
2097,Monica,Owens,cust_2097_donald71@example.com,(894)335-0079,1975-04-10,,Kellyfort,Albania,2025-02-09T02:10:08,Active
2098,Wanda,Willis,cust_2098_rlee@example.com,,1995-04-13,,,,2025-05-26T12:48:46,Active
2099,Brian,Santiago,cust_2099_warrenjames@example.net,807-925-9250x16915,1976-08-18,,South Colleenberg,Switzerland,2023-11-20T08:45:21,Active
2100,Michael,Bishop,cust_2100_wilsonheather@example.net,001-690-323-7432x6924,1976-02-17,,North Heathershire,Kosovo,2025-09-19T04:46:40,Active
2101,Jacob,Hall,cust_2101_haneycarrie@example.com,(740)731-1828x79146,1985-02-02,Male,North Desireetown,USA,2026-06-11T20:34:23,Active
2102,Kirk,Pierce,cust_2102_brian30@example.net,+1-469-642-3943x83754,1967-11-18,,Allenfort,Kosovo,2024-01-10T21:06:35,Active
2103,Laura,Cowan,cust_2103_lisamorales@example.com,,1958-11-06,Male,Wellsberg,Switzerland,2025-11-28T05:19:57,Active
2104,Scott,Obrien,cust_2104_michelle48@example.org,,2002-09-13,,Michaelburgh,SWITZERLAND,2024-10-21T11:12:00,Active
2105,Steven,Zimmerman,cust_2105_jessicahobbs@example.net,,1994-06-05,Female,Thomasside,Switzerland,2026-01-21T10:56:12,Active
2106,George,Rose,cust_2106_gramos@example.com,,1988-05-08,,Michelleland,Germany,2026-05-29T19:59:51,Active
2107,Julia,Tucker,cust_2107_wadebrent@example.org,878-869-1040x762,1975-02-13,Female,Ianport,Switzerland,2023-06-05T20:38:44,Active
2108,Robert,Kim,cust_2108_carterrandall@example.com,6415071912,1977-04-23,,South Brian, germany,2023-10-07T16:05:41,Active
2109,Stephanie,Davis,cust_2109_thomasbenson@example.net,3197353110,2003-02-18,,Mikemouth,KOSOVO,2023-12-16T21:51:23,Inactive
2110,Whitney,Horn,cust_2110_nlewis@example.org,001-517-249-3175x607,1996-03-16,Female,North Janice,,2025-12-23T17:16:50,Active
2111,Chris,Warren,cust_2111_joseph96@example.com,401.401.4926x2189,1959-04-15,,Alexistown, albania,2024-10-08T02:56:11,Active
2112,Antonio,Turner,cust_2112_millerleslie@example.org,(951)343-5804,1960-06-12,,Port Angelatown,Germany,2026-05-06T06:46:23,Active
2113,Melanie,Scott,cust_2113_nicholas57@example.com,001-619-959-6027x693,1956-03-28,,Lawsonchester,,2023-03-19T04:24:21,Active
2114,April,Jimenez,cust_2114_hrodriguez@example.com,322-946-4069x486,1993-11-27,Female,Melissaville,Germany,2026-02-21T13:51:14,Active
2115,George,Vasquez,cust_2115_ujefferson@example.org,+1-916-705-8019,1973-07-21,,Reneeton,albania,2025-05-14T17:42:28,Active
2116,Samuel,Hunt,cust_2116_lkrause@example.com,241-744-2942x670,1990-05-17,Male,North Markville,USA,2023-12-20T03:30:01,Active
2117,Scott,Smith,cust_2117_qnichols@example.org,697-404-2416x981,1984-08-30,Female,South Theresaside,Germany,2023-05-03T02:16:37,Inactive
2118,Sarah,Carlson,cust_2118_vmyers@example.org,,2002-03-03,Male,Barbaraberg,USA,2025-11-09T10:32:45,Active
2119,Christopher,Johnson,cust_2119_freynolds@example.net,,1986-10-15,Female,West Johnmouth,Germany,2026-05-02T00:19:06,Active
2120,Ronnie,Webb,cust_2120_hamiltontony@example.net,(718)700-7784x284,1961-12-18,,Kimhaven,Germany,2025-08-29T02:36:44,Active
2121,Eric,Crane,cust_2121_cindy83@example.org,+1-422-383-4914x309,1984-06-14,,, albania,2024-07-16T22:31:05,Active
2122,Anthony,Thompson,cust_2122_matthewsullivan@example.org,640.989.1205x994,1959-10-26,Female,Garzaside,USA,2025-04-18T01:59:57,Active
2123,Gary,Williams,cust_2123_dhiggins@example.org,+1-736-910-8802,1971-02-03,Male,Port Chadfurt,Albania,2025-10-05T01:56:17,Active
2124,Tammy,Weaver,cust_2124_vbradshaw@example.org,(859)859-1516x761,1981-12-06,Male,New Richard,Albania,2026-06-04T19:57:30,Inactive
2125,William,Lopez,cust_2125_lisamontgomery@example.org,,1977-11-17,,East Kimberlybury, germany,2024-08-06T15:43:54,Active
2126,Cynthia,Roberts,cust_2126_fischertina@example.net,950-580-6940x978,1955-12-25,Female,Pruittside,Germany,2023-11-07T19:52:39,Active
2127,Perry,Fernandez,cust_2127_victoria39@example.org,,1957-07-16,,,Albania,2024-11-09T21:11:51,Active
2128,Justin,Stephenson,cust_2128_reidstacey@example.net,001-604-560-3560x89706,1993-05-29,,Watsontown, usa,2024-03-18T03:41:59,Active
2129,David,Pena,cust_2129_moorestanley@example.com,,1980-09-28,,North Jose,Germany,2023-01-23T22:09:04,Active
2130,William,Smith,cust_2130_hector40@example.com,730-905-0198,1966-07-24,Female,Kentborough,Germany,2025-04-22T03:32:47,Inactive
2131,Jacob,Moore,cust_2131_zmiller@example.com,728.350.7255x32052,1993-04-20,Male,Meganton,USA,2023-07-01T20:32:56,Active
2132,Sharon,Smith,cust_2132_crystal04@example.net,775.305.1391x84180,1981-02-08,Male,Curtistown,Kosovo,2026-01-12T21:27:39,Active
2133,Shane,Dixon,cust_2133_bobbywalls@example.net,856-499-3327,1980-10-31,Female,Hoffmanshire,USA,2024-02-17T00:25:51,Inactive
2134,Lisa,Martinez,cust_2134_tharris@example.net,(839)206-0563,1961-07-27,,Millerport,Germany ,2026-07-12T11:41:14,Active
2135,Erica,Lee,cust_2135_rachel59@example.com,(658)519-3669,1981-01-18,Female,Evanschester,,2024-06-27T14:52:23,Inactive
2136,Katherine,Anderson,cust_2136_campbelllisa@example.org,(981)950-8951x46318,1972-01-22,,Normanbury,Albania ,2025-11-12T16:39:23,Active
2137,Katherine,Garcia,cust_2137_jsmith@example.com,,1957-07-10,,Lake April,Albania,2025-09-07T18:37:00,Active
2138,Andrew,Collins,cust_2138_bhickman@example.net,,1976-04-24,,South Allen,,2023-01-09T23:02:13,Active
2139,Jamie,Cowan,cust_2139_alyssacameron@example.net,807.826.0275x789,1965-09-12,,South Wesley,USA,2024-07-08T11:03:54,Active
2140,Cory,Schwartz,cust_2140_ataylor@example.net,430.697.0199,1990-03-07,Male,Portermouth,Germany,2024-07-16T05:59:40,Active
2141,Alison,Galloway,cust_2141_williamsantos@example.com,,1992-09-23,Female,Francofurt,Kosovo,2024-12-16T04:44:26,Active
2142,George,Powers,cust_2142_bmorris@example.com,001-460-906-6881,1992-10-30,,West Jessicaburgh,Kosovo,2024-07-27T23:24:44,Active
2143,Angelica,Smith,cust_2143_nicole44@example.net,001-517-392-2419x97970,1986-09-18,,New Bryanborough,Switzerland,2024-02-15T17:41:18,Inactive
2144,John,Scott,cust_2144_amber72@example.com,,1959-10-03,Male,Port Laurenview,USA,2025-04-09T12:22:22,Active
2145,Sandra,Obrien,cust_2145_treid@example.org,(613)218-0666,1999-04-03,,,Switzerland,2024-05-12T09:02:32,Inactive
2146,Natalie,Fox,cust_2146_fjohnson@example.com,7875803782,1977-06-16,Male,Rodriguezchester, albania,2026-02-15T17:01:38,Active
2147,Johnathan,Gonzalez,cust_2147_crawfordamy@example.com,481.637.3142x1756,1971-01-23,,Wheelerview,Switzerland,2026-01-27T12:44:47,Active
2148,Scott,Phillips,cust_2148_mtaylor@example.net,001-605-897-6620x8407,2003-03-06,,Pennyville,Switzerland,2024-05-30T19:50:06,Active
2149,Catherine,Mcknight,cust_2149_derekhiggins@example.com,885.865.2554x2458,1997-08-04,,Thompsonburgh,Switzerland,2025-06-08T10:21:09,Active
2150,Leonard,Ayala,cust_2150_perezfrank@example.net,,1971-07-24,Male,Bradleytown,Albania,2023-06-03T15:00:12,Active
2151,Rodney,Mason,cust_2151_alopez@example.com,+1-868-483-3923,1961-08-04,Female,West Deborah, switzerland,2024-01-28T20:12:45,Active
2152,Kevin,Ingram,cust_2152_robertcastillo@example.net,6355657480,1980-07-23,,Pearsonland,Kosovo,2026-01-01T18:49:52,Active
2153,Lauren,Jones,cust_2153_knightmercedes@example.org,8602012664,1958-11-16,,,Germany,2025-06-28T11:57:10,Active
2154,David,Moss,cust_2154_wacosta@example.net,+1-216-365-9545x430,2002-09-10,,Dyerview,Switzerland,2024-09-13T14:13:39,Active
2155,Daniel,Braun,cust_2155_lori69@example.org,(905)522-5898,1958-10-19,Female,South Kimborough,USA,2023-09-03T04:55:15,Inactive
2156,Victoria,Odonnell,cust_2156_john94@example.net,001-770-286-1171x3402,1983-11-05,,South Josephberg,Germany,2024-12-13T01:43:46,Active
2157,Jennifer,Haas,cust_2157_kleblanc@example.net,226-450-5347x74116,1968-06-04,Male,Jacquelinestad,USA,2023-10-26T15:26:49,Active
2158,Jerry,Kent,cust_2158_courtneydavies@example.net,2413552823,1989-05-13,,Mcleanview,USA,2026-02-05T17:43:46,Active
2159,Wendy,Villanueva,cust_2159_oanderson@example.net,844.943.3294x578,2007-09-15,,Natalieton,,2024-04-03T03:58:29,Active
2160,Kelly,Thompson,cust_2160_bethwright@example.com,(349)272-8341x9067,1998-12-18,,New Ashleyside,Kosovo,2024-03-28T22:42:40,Active
2161,Matthew,Cox,cust_2161_wardmelinda@example.net,221-428-2658x597,2006-04-07,Female,Zacharyland,Germany ,2023-01-03T17:48:02,Inactive
2162,Andrew,Castaneda,cust_2162_charlesgross@example.net,634-256-5123x434,1978-01-19,,Holthaven,USA,2026-04-14T12:40:31,Active
2163,Charles,Long,cust_2163_codykeller@example.org,+1-343-457-8459x073,1977-05-30,,North Dana,Albania,2026-05-18T15:59:15,Active
2164,William,Robinson,cust_2164_dreid@example.org,,1988-11-10,,Josefort,USA,2025-05-10T00:40:05,Active
2165,Jeff,Wallace,cust_2165_sarahreeves@example.org,4508709506,1964-07-11,Female,,,2025-11-04T20:06:00,Active
2166,Susan,Crawford,cust_2166_scotttravis@example.com,,1990-08-14,,Cookberg,Kosovo,2023-01-06T03:39:14,Active
2167,April,Cox,cust_2167_daniel98@example.net,+1-837-598-7752x399,1970-12-16,Male,Knightville,Germany,2026-06-13T11:20:50,Active
2168,Melissa,Daniels,cust_2168_xrosario@example.net,357.792.8262x90165,1978-03-28,Male,Gabrielport,,2024-11-24T08:30:22,Active
2169,Michael,Williams,cust_2169_langlaurie@example.org,001-833-331-7931x3475,1967-05-09,Male,Currymouth,Kosovo,2024-08-12T11:17:22,Active
2170,Cheryl,Hart,cust_2170_abrown@example.com,,1963-11-21,Female,Riceport,Albania,2025-10-26T19:08:33,Active
2171,Brian,Banks,cust_2171_nlee@example.net,,1955-11-14,Female,West Jeremy,Germany,2025-10-09T14:35:00,Active
2172,Phyllis,Andersen,cust_2172_georgehawkins@example.net,,1994-11-05,,Rachelfort,Switzerland,2026-07-20T15:18:39,Active
2173,Jamie,Vasquez,cust_2173_wallacesean@example.org,+1-327-746-2268x97531,2005-07-21,,Lake Jorge,,2026-05-17T04:57:14,Active
2174,Lance,Curtis,cust_2174_destiny41@example.net,,2003-10-03,Male,,Switzerland,2023-05-31T17:22:54,Inactive
2175,Charles,Kelly,cust_2175_elizabethgutierrez@example.com,001-664-259-6243,1956-01-21,Female,Port Trevor,Albania,2025-10-29T18:46:54,Active
2176,Daniel,Ramirez,cust_2176_robert19@example.com,+1-870-951-8251x1031,1983-01-24,Male,North Thomas,Switzerland,2025-06-18T12:37:33,Active
2177,Kevin,Wood,cust_2177_dcox@example.org,001-476-801-5043x4010,2005-01-08,Female,Matthewfurt,Switzerland,2025-12-14T16:34:14,Active
2178,Terri,Miller,cust_2178_morganryan@example.com,,1997-06-25,Male,New Dawn,kosovo,2025-01-15T04:17:47,Active
2179,Todd,Johnson,cust_2179_ymassey@example.com,3236309462,1970-09-02,Female,, usa,2025-12-28T00:45:35,Active
2180,Leah,Gray,cust_2180_mikayla71@example.org,330.853.4289x078,1985-01-24,,New James,USA,2025-06-13T00:13:45,Active
2181,Melissa,Harrison,cust_2181_gleonard@example.net,(316)390-3670x5904,1994-10-29,,Sandovalshire,USA,2025-09-20T20:55:44,Inactive
2182,Jeffery,Palmer,cust_2182_tweaver@example.net,367-409-9608x7496,1987-08-08,,New Michelle,Switzerland,2025-03-05T05:35:40,Inactive
2183,Jacob,Horton,cust_2183_salassierra@example.net,898.888.2437x596,2004-03-14,Female,South Valerie,Switzerland,2025-02-19T04:10:19,Active
2184,Mary,Reyes,cust_2184_hillamanda@example.net,815.947.5950x133,1968-02-06,Female,Lake Diane,,2023-04-12T23:06:06,Active
2185,Joe,Lucero,cust_2185_hogandavid@example.net,464-591-3716x5094,1997-04-10,Female,West Rebeccachester,Switzerland,2025-09-19T03:55:57,Active
2186,Jessica,Campbell,cust_2186_brian58@example.org,251-681-3690,1978-01-15,Female,Wheelerport,Switzerland,2024-11-02T09:54:51,Inactive
2187,Candace,Smith,cust_2187_dbernard@example.net,393-394-2789,1984-06-12,,South Kristine,USA,2025-04-10T22:42:15,Active
2188,Angela,Johnson,cust_2188_angela40@example.com,614.441.6661x17729,1998-01-29,Female,South Pamelafort,Albania,2023-03-19T21:50:18,Active
2189,Seth,Lawrence,cust_2189_jthompson@example.net,+1-377-795-7240x0303,1976-10-12,Male,Lake Kristinchester,KOSOVO,2023-05-24T11:34:45,Active
2190,Derek,Callahan,cust_2190_qhall@example.net,+1-447-764-1949x583,1964-10-15,Female,New Ashleyland,USA,2023-01-16T13:39:31,Active
2191,Michael,Wood,cust_2191_heatherscott@example.org,(477)870-8594,1961-11-24,Male,East Christina,Germany ,2026-03-01T01:04:08,Active
2192,Tammy,Berg,cust_2192_clarkamy@example.com,680.311.5576,1980-09-30,Female,,switzerland,2025-11-10T05:26:45,Active
2193,Luis,Maldonado,cust_2193_dylanyoung@example.net,923.575.0839,1965-07-12,Female,South Luisburgh,Germany ,2026-06-21T07:38:11,Active
2194,Andrew,Fisher,cust_2194_melissa55@example.net,439-257-9656,1991-04-14,Male,Gonzalezbury,USA,2024-08-03T15:44:47,Active
2195,Patricia,Williams,cust_2195_aprillopez@example.net,,1979-04-25,Female,West Kimberlyburgh,Germany,2025-08-10T10:02:16,Active
2196,Erica,Barnes,cust_2196_sharonbeck@example.com,272.293.7062x58736,1986-12-29,Female,Michaelberg,USA,2026-07-07T19:10:11,Active
2197,Amy,Horton,cust_2197_flewis@example.org,(601)915-3270x341,1971-10-07,Female,Buckleyfurt,Albania,2025-12-20T05:57:25,Active
2198,Tracey,Melton,cust_2198_vowen@example.com,399.487.0805x382,2002-06-29,,Lake Kirsten,Albania,2023-12-13T10:11:15,Active
2199,Katherine,Nelson,cust_2199_martin25@example.com,,1966-03-16,Female,Meganfort,Albania,2026-05-15T11:38:18,Active
2200,Jamie,Ramirez,cust_2200_rguerra@example.com,,1964-08-17,,East Alexander,GERMANY,2025-10-17T07:22:58,Active
2201,Carol,Morgan,cust_2201_beandiane@example.net,001-896-213-8071,1969-04-08,Female,Hudsonborough,USA,2025-07-29T03:57:49,Active
2202,James,Smith,cust_2202_pgeorge@example.net,729.921.6298x60427,2007-02-05,Male,Port Brianchester,Kosovo,2025-10-08T04:22:17,Active
2203,Austin,Perkins,cust_2203_charles35@example.org,,1992-11-28,,Durhammouth,Switzerland,2025-08-31T07:26:16,Active
2204,Caitlin,Thompson,cust_2204_janejohnson@example.com,989.390.8886x08110,1990-06-23,Female,,Germany,2024-03-14T14:32:43,Active
2205,Jennifer,Snyder,cust_2205_nnash@example.net,9854884443,1970-11-24,Male,Port Jameschester,USA,2026-05-12T15:53:28,Active
2206,David,Martinez,cust_2206_jonesalicia@example.net,001-919-718-0438x43097,1987-11-01,,Huntview,Kosovo,2023-10-02T07:15:00,Active
2207,Gina,Rodriguez,cust_2207_burnsdaniel@example.org,972-691-3112x659,1976-08-31,Male,Smithton,Germany,2023-07-23T17:26:58,Active
2208,Melody,Wilson,cust_2208_david72@example.com,(332)775-8881,1961-10-06,Female,North Robert,USA,2023-02-07T18:11:43,Active
2209,Mario,Perez,cust_2209_ericdaniels@example.org,+1-291-309-5310,1960-10-17,,Guzmanburgh,Switzerland,2026-03-23T02:30:08,Active
2210,Christina,Miller,cust_2210_lisajohnson@example.com,670.220.9819,1989-05-21,Male,Port Ruthview,Switzerland ,2024-08-25T23:55:07,Active
2211,Jeremy,Yu,cust_2211_anthony62@example.com,(272)804-5098,1964-08-31,Male,Lake Gina,Albania,2024-06-28T23:55:11,Active
2212,Randy,Harris,cust_2212_kellysmith@example.com,310-549-4617x30515,1962-01-12,,Lake David,Kosovo,2025-07-08T03:30:24,Active
2213,Craig,Flores,cust_2213_parkanthony@example.net,+1-535-796-6533x9036,1975-12-27,Female,Ramirezbury,Kosovo,2025-07-28T20:28:41,Inactive
2214,Michael,Davis,cust_2214_russell31@example.com,,1982-04-23,,South Donaldfurt,,2025-01-28T07:16:29,Inactive
2215,Jason,Smith,cust_2215_gmadden@example.net,(400)239-4558x464,1991-03-22,,New Danieltown,Kosovo,2023-08-07T04:09:18,Active
2216,Peter,Berger,cust_2216_zwalters@example.org,+1-290-960-9175,1974-10-09,,Davidshire,Kosovo,2023-09-08T21:46:14,Inactive
2217,Tiffany,Miller,cust_2217_claytonpatrick@example.net,(916)422-8439x6568,1978-10-09,,East Pamelaview,Kosovo,2025-05-13T06:21:37,Active
2218,Caleb,Phillips,cust_2218_michael80@example.org,947.364.1442,1965-07-22,,Pacemouth,Switzerland,2023-12-05T11:15:43,Active
2219,Jonathan,Gutierrez,cust_2219_johnsonkrista@example.org,+1-990-469-5473x5642,1994-02-28,,,germany,2025-07-10T23:23:53,Active
2220,Kristen,Smith,cust_2220_michaelrogers@example.org,824.250.8146x47023,2000-08-22,Male,Phillipsfort,Switzerland,2023-04-03T00:56:48,Active
2221,Christopher,Scott,cust_2221_colejacob@example.org,,1992-10-31,Male,,Albania,2025-10-19T19:38:34,Inactive
2222,Kelsey,Adams,cust_2222_angelagriffin@example.net,3958417540,1969-07-28,,South Christina,Albania,2024-06-29T06:03:15,Active
2223,Stephanie,Taylor,cust_2223_harringtonsherri@example.com,896.791.0829,1981-12-23,,,USA,2024-11-05T07:11:23,Active
2224,Jordan,Peters,cust_2224_patrick50@example.net,,1973-06-22,Male,Jenniferfort,Switzerland,2024-08-07T03:10:46,Active
2225,Michelle,Blackwell,cust_2225_john99@example.net,,1966-03-30,,Brianland,USA,2025-10-04T19:56:36,Active
2226,Frances,Thomas,cust_2226_jacobschaefer@example.net,(770)799-2861x028,1992-07-12,Female,West Johnberg,Switzerland,2024-05-15T17:29:26,Active
2227,Amanda,Oconnell,cust_2227_maxwelljacob@example.org,,1996-10-30,,Rogersshire,USA,2023-07-03T00:40:37,Inactive
2228,Latoya,Vargas,cust_2228_perkinsdeborah@example.net,001-605-230-6730x83038,1956-11-10,,Lake Ryanfort,Germany,2024-12-21T16:07:43,Active
2229,Sherry,Gamble,cust_2229_john76@example.com,207-819-7095x74454,1969-10-13,Male,,Albania ,2025-07-07T05:43:04,Active
2230,Robert,Martin,cust_2230_qrobinson@example.org,+1-743-915-5676,1988-12-15,,New Nicholas,Kosovo,2026-02-18T16:12:17,Active
2231,April,Chase,cust_2231_stacydeleon@example.com,001-503-691-9056x65141,1981-11-08,Male,North Patricia,usa,2024-09-08T23:47:11,Active
2232,John,Stanley,cust_2232_cwright@example.org,001-681-460-5191x702,1970-07-03,,South Kara,switzerland,2024-11-16T17:56:55,Active
2233,Charles,Cooper,cust_2233_zbaldwin@example.com,,2006-09-09,,New Wandaborough,Albania,2024-03-22T05:11:12,Inactive
2234,Joy,Mitchell,cust_2234_kschaefer@example.org,,1985-12-23,Female,South David,Germany ,2023-06-18T18:52:28,Active
2235,Shannon,Pineda,cust_2235_calebdavis@example.com,647.787.3541,1990-07-06,,Laurachester,Germany,2024-04-19T07:06:52,Inactive
2236,Kenneth,Contreras,cust_2236_ghunter@example.com,+1-259-626-6370,1981-02-04,,New James,USA,2023-07-13T12:30:30,Active
2237,Heather,Johnson,cust_2237_zrobinson@example.com,(408)480-4189x02446,1969-05-26,Male,Jonesborough,Kosovo,2024-02-12T11:21:28,Active
2238,Christopher,Hayes,cust_2238_kathrynlawrence@example.org,,1991-01-27,Male,West Anneland, switzerland,2025-03-13T00:17:29,Active
2239,Jessica,Gonzalez,cust_2239_gpeters@example.org,001-804-650-3083x4911,1971-08-05,Male,Gutierrezshire,USA,2023-10-15T06:22:31,Active
2240,James,Tucker,cust_2240_pwilliams@example.org,001-472-727-8181x5539,1989-12-14,,North Sarah,Albania,2023-05-18T06:46:17,Active
2241,William,Smith,cust_2241_wrightchristopher@example.com,917-487-6028x7490,1992-03-22,Female,Gentryview,Germany,2025-04-04T11:56:37,Active
2242,Ivan,West,cust_2242_hillashley@example.org,728-583-7939,1996-01-27,,Port Angelaberg,Albania,2026-05-16T13:09:50,Inactive
2243,Zachary,Hernandez,cust_2243_bradjackson@example.com,,1990-07-01,,Johnchester,Albania,2025-07-05T15:02:39,Active
2244,Jane,Jones,cust_2244_annacowan@example.com,(611)856-2306x78019,1975-09-29,Male,Johnsonland,Kosovo,2024-03-06T05:27:48,Active
2245,Deborah,Hawkins,cust_2245_castillojeffrey@example.org,712.808.3624x874,1986-06-12,,East Lisa,USA,2025-04-25T21:51:44,Active
2246,Robert,Chang,cust_2246_danielle36@example.net,,1994-05-26,Male,Novaktown,germany,2025-12-28T20:16:47,Inactive
2247,John,Figueroa,cust_2247_jeffrey77@example.com,001-606-557-4169,2004-04-19,,Sullivanbury,Usa ,2025-11-15T06:49:45,Active
2248,Devin,Lynch,cust_2248_william61@example.net,,2002-01-11,Male,Smallstad,switzerland,2025-05-24T08:53:06,Active
2249,Adam,Bell,cust_2249_dcrawford@example.org,637.644.8923x96042,1963-11-19,,,Germany,2024-05-18T22:17:46,Inactive
2250,Marvin,Moyer,cust_2250_gentrykatherine@example.net,,1955-11-28,Female,Burnettburgh,Germany,2025-08-17T19:04:27,Active
2251,Kathryn,Chapman,cust_2251_walkerlaura@example.net,,1957-10-14,,South Jennifer,Germany,2023-11-20T14:50:48,Active
2252,Margaret,Ford,cust_2252_delacruzmelanie@example.net,737-341-2698x0865,1989-11-14,,New Robertville,Kosovo,2025-08-12T22:22:34,Active
2253,Rachel,Jones,cust_2253_xbrooks@example.com,493.913.2940,1977-05-30,,Briannaburgh,Kosovo,2024-07-11T15:12:42,Active
2254,Connie,Frye,cust_2254_darrell96@example.org,248.763.2810x7056,2008-09-04,Male,Timothyhaven,Switzerland,2026-01-18T22:28:44,Active
2255,Andrew,Schwartz,cust_2255_kelly56@example.net,9668161531,1987-03-10,Female,,Germany ,2024-09-22T12:07:00,Inactive
2256,Angela,Adams,cust_2256_robertwatson@example.org,001-991-781-4336x975,1991-05-26,,Josetown,Germany,2024-08-20T07:24:17,Active
2257,Barry,Rodriguez,cust_2257_leetina@example.com,+1-224-399-6966,1991-07-03,,Toddhaven,Kosovo,2025-05-13T16:13:22,Active
2258,Kelly,Lewis,cust_2258_parkschristopher@example.org,445.412.6193x790,1974-05-16,Male,North Caroline,Germany,2025-12-04T12:46:08,Active
2259,Patrick,Clark,cust_2259_hbailey@example.org,001-855-879-9900x725,1985-10-05,Male,Andersonbury,Switzerland,2023-03-31T04:04:14,Active
2260,David,Farley,cust_2260_monica67@example.org,001-815-910-4136x777,1987-07-10,Female,Lindaborough,Albania,2026-02-28T19:18:07,Active
2261,Amanda,Weber,cust_2261_rachel38@example.net,496-275-5791,1991-08-19,,Matthewtown,Albania,2023-09-11T13:54:57,Active
2262,Ronald,Hunter,cust_2262_amorrison@example.net,(869)876-9413,2007-10-22,Female,Adamsside,Kosovo,2025-03-20T04:47:54,Active
2263,Robin,Hatfield,cust_2263_david35@example.net,,1958-04-11,,Holmesbury,albania,2025-05-27T10:57:05,Active
2264,Edward,Castro,cust_2264_brownmatthew@example.com,001-994-490-4447x4270,1999-11-10,Male,Kevinmouth,Germany,2026-02-02T08:00:21,Active
2265,Patrick,Smith,cust_2265_jpayne@example.org,(587)340-7519,1971-03-22,,,Germany ,2024-01-28T07:46:14,Active
2266,Rebecca,Castro,cust_2266_amanda77@example.org,,2004-08-24,Female,Robertville,Germany,2025-11-16T01:47:05,Active
2267,Toni,Strickland,cust_2267_stonehoward@example.com,950.613.9939x2567,2005-06-07,Female,Olsenland,Germany,2026-03-31T09:27:43,Active
2268,Chad,Winters,cust_2268_kathylong@example.net,,1963-10-21,,Navarrohaven,Switzerland,2024-09-30T17:14:25,Active
2269,Lisa,Hill,cust_2269_xchavez@example.com,803.626.2498,1970-12-28,,New Johnnyfurt, germany,2024-07-22T23:26:18,Active
2270,Christina,Mosley,cust_2270_amandastark@example.net,(444)234-9541x2176,1995-10-11,Male,Port Charlesburgh,Switzerland,2025-04-04T22:30:11,Active
2271,Robert,Williams,cust_2271_burkenancy@example.org,(805)836-5045,1961-10-07,Male,,Germany,2025-08-19T13:40:15,Active
2272,Lisa,Castillo,cust_2272_lindaperez@example.com,824-304-1575x84276,1985-05-05,Female,,Switzerland,2025-10-09T07:24:52,Active
2273,Jennifer,Duffy,cust_2273_brian64@example.org,+1-342-801-8445x766,1956-08-16,,,,2026-07-07T14:07:21,Active
2274,Mike,Barry,cust_2274_juan12@example.net,718.441.7326,1959-11-13,,West Cynthia,Kosovo,2024-10-26T21:59:19,Active
2275,Danny,Evans,cust_2275_margarethendrix@example.com,284.367.2644,1999-04-10,,Lake Valerie,Usa ,2025-07-23T13:50:16,Inactive
2276,Mason,Jones,cust_2276_kim74@example.net,625-962-8607x813,1961-09-06,,,Albania,2026-05-20T03:04:16,Active
2277,Cody,Arroyo,cust_2277_kelsey73@example.net,450.258.2405x54651,1985-08-06,,Jensenchester,Albania,2023-06-18T18:45:01,Active
2278,Tammy,Carlson,cust_2278_joseph28@example.org,(853)603-1584,2002-06-30,,,USA,2023-12-21T00:44:26,Active
2279,Melinda,Allen,cust_2279_cynthia32@example.net,540-209-2319x50787,1998-01-21,Female,Gabrielleshire,switzerland,2023-02-11T21:34:58,Active
2280,Sandra,Payne,cust_2280_marypatrick@example.net,(462)605-5556,1972-03-18,Male,Watsonstad,Switzerland,2026-02-13T00:59:30,Active
2281,Nicole,Bentley,cust_2281_sheltonariel@example.com,+1-794-931-0951x888,1967-12-08,Male,Schmidtburgh,Switzerland,2026-05-04T18:50:26,Active
2282,Alexander,Nash,cust_2282_ocervantes@example.net,,1995-09-23,Male,New Sean,Kosovo,2023-11-05T11:28:50,Inactive
2283,Cory,Ferguson,cust_2283_ckelly@example.com,001-584-460-7456x25670,1959-04-26,Female,,USA,2024-11-26T04:20:54,Active
2284,Olivia,Alvarado,cust_2284_brandonmorales@example.net,,1958-11-17,Female,Lake Davidfort,Germany,2024-06-14T08:21:56,Active
2285,Makayla,Maxwell,cust_2285_flemingjoe@example.org,443.290.6484x773,1994-10-01,Male,West Crystal, germany,2024-02-01T18:00:42,Active
2286,Linda,King,cust_2286_patriciamiller@example.net,318.890.1120x3672,2008-07-12,Female,,Switzerland,2025-08-18T15:03:51,Active
2287,Timothy,Ritter,cust_2287_obenson@example.com,,1968-02-17,Male,Perrychester,USA,2024-03-02T13:20:09,Active
2288,Christopher,Moore,cust_2288_brownstephanie@example.com,356.852.0831x300,1960-05-28,Male,Lake Michellebury,USA,2023-10-05T05:58:29,Active
2289,Patrick,Stevenson,cust_2289_thomas06@example.org,001-366-843-0860x4283,1982-06-15,,Taylorberg,germany,2024-04-12T02:48:36,Active
2290,Brian,Martin,cust_2290_gordonjonathan@example.net,4673377889,1991-12-15,Male,Davidville,Kosovo,2023-03-03T03:15:37,Active
2291,Linda,Walker,cust_2291_uharrell@example.net,001-701-917-0564x7658,1995-10-07,,Shannontown,USA,2023-12-16T22:48:27,Active
2292,Teresa,Cardenas,cust_2292_juliadavid@example.net,,1974-11-22,Male,Kaylaland,Albania,2026-07-18T17:32:58,Active
2293,Bradley,Smith,cust_2293_mary34@example.org,,1957-05-14,Male,Edwardsborough,Germany,2026-04-12T13:42:41,Active
2294,Jenna,Jensen,cust_2294_kristy16@example.org,798-720-7000x267,1991-09-05,Male,Seanborough,Switzerland,2026-06-16T01:55:24,Active
2295,Thomas,Rosario,cust_2295_rfrye@example.org,(751)417-2303,1957-08-31,,,Germany,2023-05-20T09:25:39,Active
2296,Jacqueline,Hall,cust_2296_rjarvis@example.com,+1-304-480-8861,1988-08-05,,Wayneport,Switzerland,2024-04-18T02:22:40,Active
2297,Roberta,Anderson,cust_2297_edwin67@example.org,(211)327-1681,2000-02-23,,Kiddchester,Germany,2023-12-28T22:05:25,Active
2298,Nancy,Larsen,cust_2298_vdunn@example.org,811.607.0686x864,1998-12-11,Female,West Thomasbury,kosovo,2024-06-27T13:53:01,Active
2299,Christopher,Sims,cust_2299_ujohnson@example.org,942.952.5776x899,2001-02-21,,Lake Maria,Albania,2024-08-03T21:00:47,Active
2300,Anthony,Baker,cust_2300_maciasmichael@example.net,,1959-11-19,,Lake Timothy, usa,2026-07-11T08:35:22,Active
2301,Jacqueline,Ward,cust_2301_gloria33@example.net,+1-971-451-9963x23047,2008-04-26,Female,Jenniferchester,KOSOVO,2023-04-27T23:27:26,Inactive
2302,Amanda,Bell,cust_2302_fowlerjason@example.org,816-229-0628x8156,1974-05-02,,North Tara,Kosovo,2025-06-13T07:11:58,Active
2303,Rachel,Green,cust_2303_jford@example.org,001-936-935-6808,1992-03-16,Male,West Tony,Switzerland,2024-04-02T22:41:40,Active
2304,Kevin,Webb,cust_2304_brandyrogers@example.com,843.509.6474x2932,2001-05-30,,,,2026-02-07T00:48:15,Active
2305,Jeffrey,Hensley,cust_2305_matthewdavis@example.net,(489)808-4548,2007-12-24,,South Thomas,kosovo,2023-11-16T14:15:59,Active
2306,Matthew,White,cust_2306_kevinkirk@example.com,+1-976-663-4041,1990-10-18,Male,Samanthamouth,KOSOVO,2024-10-22T17:17:11,Active
2307,Connie,Murphy,cust_2307_gomeznicole@example.com,616-792-1751x71352,2002-02-25,Male,Dawntown,,2026-01-10T13:49:16,Active
2308,Amanda,Young,cust_2308_catherine82@example.net,580-376-6487x84138,1964-05-11,,South Ryan,USA,2025-02-08T13:55:00,Active
2309,Richard,Aguirre,cust_2309_garciakathy@example.net,652-348-8160x353,1963-02-10,Male,Colemanstad,Germany,2024-04-28T17:57:13,Active
2310,Cory,Ellis,cust_2310_taylorscott@example.com,5147739129,2003-02-17,,Juantown,Germany,2025-11-13T08:01:12,Active
2311,Alexis,Fox,cust_2311_anthonypham@example.net,356-985-3909,1996-03-05,Male,Josephshire,Germany,2024-01-28T02:26:55,Active
2312,Michelle,Green,cust_2312_jacobskathryn@example.com,,1993-07-03,Female,East Ashlee,SWITZERLAND,2023-03-11T11:26:22,Active
2313,Robert,Ewing,cust_2313_huertaangela@example.com,001-940-429-3764x5265,1995-02-14,Male,East Johnfurt,Albania,2024-05-12T11:39:47,Active
2314,Eric,Stanton,cust_2314_ysoto@example.net,+1-201-288-8003,2000-04-18,Female,Sarahmouth,USA,2025-04-15T21:03:23,Active
2315,Daniel,Adams,cust_2315_melissa19@example.net,+1-420-530-7108x1692,1959-09-24,,Grayfurt,Albania,2023-09-17T22:41:54,Active
2316,Nicole,Gonzalez,cust_2316_rnewman@example.net,502.772.9294x286,1977-09-18,Female,West Brandy,Kosovo,2025-12-28T19:57:32,Active
2317,Ricardo,Lewis,cust_2317_claychristopher@example.net,(791)909-2335x588,1957-07-01,Male,New Debra,Switzerland,2024-02-12T20:22:17,Active
2318,Michael,Smith,cust_2318_brendamiller@example.net,,1995-07-02,,Manuelside,GERMANY,2025-01-28T11:16:11,Active
2319,Roy,Knight,cust_2319_deniselopez@example.net,,1990-04-01,,Port Nancyport,Switzerland,2023-04-11T04:08:52,Active
2320,Joanna,Nelson,cust_2320_brad09@example.org,+1-414-654-8118x917,1984-04-27,,Kristaport,Germany,2025-04-12T16:48:01,Active
2321,Ashley,Jimenez,cust_2321_tamarasandoval@example.com,(288)265-8072,1986-01-20,,West Stephentown,Kosovo,2023-05-05T19:03:09,Active
2322,Maurice,Fuentes,cust_2322_morgan68@example.org,,2003-06-19,,Ginaberg,Albania,2024-05-27T21:50:53,Active
2323,Christine,Zavala,cust_2323_kristen00@example.org,001-584-869-0015x812,1979-02-25,Male,West Jane,USA,2024-03-31T18:38:27,Active
2324,Justin,Mendoza,cust_2324_stephen30@example.net,290-767-2446,1991-11-04,Male,Norrisburgh,Kosovo,2026-07-25T05:23:31,Inactive
2325,Amanda,Johnson,cust_2325_trevinoemily@example.org,,2004-05-30,Male,West Scott,Switzerland,2025-11-05T19:40:01,Inactive
2326,Thomas,Cooper,cust_2326_jasonwaters@example.com,001-463-447-4180x420,1993-06-19,Female,North Leslie,Switzerland,2025-05-25T15:11:19,Active
2327,Patrick,Odom,cust_2327_qwarren@example.com,001-728-876-5755x52586,1976-10-07,Female,Angelchester,Albania,2026-03-30T01:03:41,Active
2328,Derek,Baker,cust_2328_keith04@example.org,571.530.0025x54645,2002-08-05,Female,Seanhaven,Albania,2024-06-26T08:12:40,Active
2329,David,Nichols,cust_2329_xfoley@example.net,001-745-305-6337x069,1997-08-27,Female,New Danfurt,Germany,2025-10-04T03:34:54,Active
2330,Gregory,Warren,cust_2330_ortegajohn@example.net,,1966-01-03,,Markview,,2023-09-12T00:54:58,Active
2331,Amy,Stanton,cust_2331_cassandra71@example.com,919-697-7118x0167,1970-11-17,,South Brett,Albania,2024-02-15T02:59:10,Active
2332,Sandra,Ortega,cust_2332_ureyes@example.com,+1-569-847-4934x76889,1991-04-21,Female,South Crystalland,Switzerland,2025-12-24T08:40:20,Active
2333,Andrew,Flores,cust_2333_ievans@example.net,+1-208-743-1965x21790,1991-11-07,Male,Lake Calvin,Albania ,2024-10-14T07:47:27,Active
2334,Shannon,Clark,cust_2334_michaelsellers@example.org,001-845-395-8769x55912,1967-04-27,Male,North Tyler,Albania ,2024-01-11T13:53:49,Active
2335,Patrick,White,cust_2335_nnelson@example.com,001-734-759-2325x8024,1962-09-01,Male,Jonesville,Germany,2026-04-04T17:11:58,Active
2336,Suzanne,Smith,cust_2336_shughes@example.com,692-286-3270x2317,1969-10-27,,New Julia,USA,2023-03-11T02:01:32,Active
2337,Howard,Cooke,cust_2337_nwaller@example.org,,2004-12-26,Male,West Erin,USA,2023-01-04T04:47:42,Active
2338,Jennifer,Liu,cust_2338_erica35@example.org,(464)316-2987x025,1987-12-29,Male,,Usa ,2024-07-13T05:16:27,Active
2339,Jennifer,Sanchez,cust_2339_diana22@example.com,(736)485-0448,1958-02-05,,Williamsberg,Switzerland,2026-06-30T20:23:08,Active
2340,Joseph,Hunter,cust_2340_waltonrobert@example.net,453-906-1139x00458,1971-01-08,,Meganburgh,Kosovo,2023-11-01T23:23:00,Active
2341,Richard,Hicks,cust_2341_foxeric@example.com,,1969-12-17,,West Michael,Kosovo,2024-07-09T16:23:43,Active
2342,Teresa,Montes,cust_2342_asoto@example.net,+1-997-548-6980x055,2001-07-13,,New Aaron,Kosovo,2025-08-26T23:00:25,Inactive
2343,Raymond,Nichols,cust_2343_fdillon@example.net,804-747-5017x5056,2004-02-11,,Zacharyton,Albania,2025-09-29T18:56:41,Active
2344,Hunter,King,cust_2344_brownjohn@example.org,,1994-10-01,Male,East James,Switzerland,2024-03-25T16:20:36,Inactive
2345,Taylor,Singleton,cust_2345_patrickallen@example.net,,1961-01-08,,Port Benjaminchester,KOSOVO,2025-05-25T16:24:31,Active
2346,Emily,Pratt,cust_2346_tina20@example.org,,1992-12-10,Male,,Switzerland,2026-03-29T08:59:56,Active
2347,Eric,Mitchell,cust_2347_hernandezheather@example.net,(712)623-2861x4024,1959-06-22,Female,East Jose,Kosovo,2025-07-12T17:03:21,Active
2348,Mary,Bradley,cust_2348_matthewblake@example.net,4016327892,1977-08-22,,West Bryan, usa,2025-06-29T09:35:20,Active
2349,Nicholas,Stein,cust_2349_arnoldaaron@example.com,(217)962-9484x6764,1958-05-20,,Carpenterstad,Kosovo,2023-12-01T19:34:25,Active
2350,Sarah,Norman,cust_2350_jlopez@example.com,+1-806-933-6027x315,1977-07-16,,South Casey,Kosovo,2026-03-04T16:40:36,Active
2351,Jacob,Martin,cust_2351_jamesle@example.org,+1-489-377-7382x438,1969-01-27,,Ryanburgh,Kosovo ,2023-09-15T11:45:05,Active
2352,Matthew,Martin,cust_2352_johnathanwood@example.com,252.323.5906x27094,2001-08-20,Male,Kevinburgh,Usa ,2024-04-28T21:32:30,Active
2353,Joshua,Gomez,cust_2353_micheletran@example.net,8894393504,1971-08-16,Male,East Dawn,switzerland,2024-12-14T03:46:03,Active
2354,Julie,Peterson,cust_2354_wward@example.org,287.789.5919,1990-04-20,,Port Antonio, usa,2025-09-19T15:56:03,Active
2355,Margaret,Long,cust_2355_umitchell@example.net,001-825-372-3230x070,2006-12-08,Male,Morrisonport,Switzerland,2025-02-20T07:32:00,Active
2356,Aaron,Thompson,cust_2356_ericawood@example.net,(829)414-8356x508,2001-02-19,,South Megan,USA,2025-10-23T04:31:34,Active
2357,Kristi,Mahoney,cust_2357_stephanie59@example.com,001-841-810-5562x412,1976-03-30,,Fisherhaven,USA,2023-02-10T15:41:51,Active
2358,Lorraine,Jackson,cust_2358_megan53@example.net,,1966-04-15,Male,Johnsonborough,KOSOVO,2024-10-21T02:53:40,Active
2359,Tiffany,Walters,cust_2359_vanessa40@example.net,,2000-12-25,,South Lukebury,Kosovo,2023-08-06T20:14:29,Active
2360,Pamela,Dawson,cust_2360_laurawilliams@example.org,,1978-06-27,,South Charles,Kosovo ,2023-08-21T00:26:15,Active
2361,Ryan,Santos,cust_2361_kroberts@example.net,+1-668-930-9531x22526,1983-10-28,,Samuelmouth,Germany,2023-04-06T21:46:21,Active
2362,Daniel,Rodgers,cust_2362_lparker@example.net,+1-630-670-7810x1012,1957-01-08,,West Peterport,Germany,2023-07-20T03:39:45,Active
2363,Justin,Burke,cust_2363_marquezrobert@example.org,5443910072,1973-09-15,Female,Samanthaburgh,,2023-02-17T19:04:32,Active
2364,Michael,Boyd,cust_2364_cdunn@example.com,221-707-0431,1983-12-09,,Kristiborough, albania,2023-05-17T23:00:56,Active
2365,David,Ball,cust_2365_rwells@example.org,5677514148,1960-02-08,Female,West Richardshire,USA,2024-06-29T12:57:28,Active
2366,Austin,Garcia,cust_2366_arichmond@example.net,638-561-1511x16271,1973-01-05,Female,Christinaview,Usa ,2023-06-23T18:31:41,Active
2367,Jason,Atkinson,cust_2367_crawfordvictor@example.org,,1968-05-25,,Lopezmouth,Germany,2024-06-24T05:32:37,Active
2368,Chelsea,Craig,cust_2368_louislandry@example.org,(407)625-0845,1983-05-30,,New Zacharyton,USA,2026-02-23T01:37:09,Active
2369,Fred,Higgins,cust_2369_hdavid@example.net,3106999319,1964-11-30,,North Lisahaven,Albania,2023-06-27T12:03:38,Active
2370,Mark,Williams,cust_2370_psimmons@example.org,+1-528-687-4159x49254,1988-04-15,Male,,ALBANIA,2026-01-04T08:42:42,Active
2371,Danielle,Taylor,cust_2371_rhernandez@example.org,386.296.6481,1956-12-26,,Chadburgh, germany,2025-05-28T12:20:55,Active
2372,Susan,Gordon,cust_2372_cynthiamiller@example.net,001-267-977-9836x7781,1970-07-31,,New Hayleyberg,Switzerland,2024-01-26T14:30:47,Active
2373,Frank,Miller,cust_2373_brittanycoffey@example.net,515.879.2082,1963-08-26,,Millerfurt,USA,2025-09-25T18:14:33,Active
2374,Rachael,Robinson,cust_2374_pamelaclark@example.net,+1-226-560-8696x11084,1996-03-15,,Lake Ashleyfort,USA,2024-08-30T12:31:44,Inactive
2375,Charlene,Kelley,cust_2375_butlerchristy@example.com,+1-250-266-6760x5508,1958-12-10,,Marieton,Switzerland,2025-11-20T10:37:46,Active
2376,Philip,Watson,cust_2376_caitlynwalton@example.net,001-698-305-5644x199,1997-03-11,Male,West Jason,Albania,2023-04-13T06:24:32,Active
2377,Dennis,Dougherty,cust_2377_kramos@example.net,5768191814,1962-01-17,Female,Boydtown,Switzerland,2024-01-04T04:22:53,Active
2378,Nathan,Costa,cust_2378_ramirezmargaret@example.com,,1999-05-07,,Port Timothymouth,Germany,2024-06-01T01:11:23,Active
2379,Brian,Coleman,cust_2379_angela75@example.com,215.575.2295,1987-10-19,Female,Johnsonborough, usa,2025-06-25T00:38:54,Inactive
2380,Kathryn,Espinoza,cust_2380_travisdavis@example.org,(935)215-3474x392,1963-07-21,,East Brianside,USA,2023-03-11T12:57:19,Active
2381,Abigail,Roman,cust_2381_daniel66@example.org,8322082341,1993-12-16,Female,New Stevenfort,Kosovo,2025-12-30T01:58:57,Active
2382,Donald,Norris,cust_2382_cnorris@example.org,5766444904,1985-01-16,Male,Robbinschester,,2025-10-01T20:32:17,Active
2383,Jennifer,Richards,cust_2383_zimmermanbriana@example.com,605-840-2602,1992-06-27,Male,,Albania,2024-07-06T13:28:49,Active
2384,Melissa,Barnett,cust_2384_wkrause@example.org,,1996-12-13,Female,Leachshire,albania,2023-12-04T10:28:16,Active
2385,Jennifer,Walker,cust_2385_ymckee@example.net,880-323-8487,1999-08-21,,Kevinbury,,2026-02-10T23:52:34,Active
2386,Jennifer,Valdez,cust_2386_jennifersmith@example.org,6909857537,1975-02-09,,Molinaville,USA,2025-04-01T04:39:30,Active
2387,Karla,Simmons,cust_2387_hmoss@example.net,001-327-785-2346,1983-07-04,,Port Tiffanyburgh,Switzerland,2023-06-22T23:51:56,Active
2388,Michael,Anderson,cust_2388_angelarivera@example.net,4106665897,1999-02-19,Female,Lake Mike,Albania,2024-10-16T20:18:21,Active
2389,Karla,Mills,cust_2389_kelly86@example.org,5445503986,1965-01-12,Female,Nicholasfurt,Germany,2025-07-25T05:17:09,Active
2390,Alison,Crawford,cust_2390_eacevedo@example.com,+1-265-932-8315x307,1959-11-27,,New Bradport,Switzerland,2025-12-31T21:38:13,Active
2391,Daniel,Curtis,cust_2391_duane50@example.com,333.545.1298x29454,1976-09-03,Female,Port Tyler,Albania,2025-03-20T03:40:18,Active
2392,Aaron,Waters,cust_2392_teresaflores@example.net,982.803.9500,1998-09-15,,Griffinmouth,Kosovo ,2024-06-02T22:14:38,Active
2393,Ryan,Walker,cust_2393_samuel14@example.net,(603)367-3361x4247,2008-01-13,,Kathyland,Switzerland,2026-07-14T20:59:41,Active
2394,Paul,Green,cust_2394_fjohnson@example.net,001-924-736-4851x782,1973-01-09,,Wellston, kosovo,2026-03-30T11:02:30,Active
2395,Brian,Bryan,cust_2395_markrhodes@example.org,,2001-09-27,Female,New Nicholastown,USA,2026-02-01T07:59:13,Active
2396,Kathleen,Campbell,cust_2396_blackwellshannon@example.net,296-427-8387x77654,1956-02-14,,West Sheila,USA,2025-01-01T19:49:53,Active
2397,David,Holland,cust_2397_robertkelly@example.net,,2008-03-06,Male,,Switzerland,2026-04-25T23:56:02,Active
2398,Tanya,Avila,cust_2398_cassidyward@example.com,(652)293-6756x27545,1978-01-31,Male,Port Kevin,Germany ,2025-09-11T17:19:18,Inactive
2399,Michael,Walter,cust_2399_cherylgood@example.net,264.722.0947,1956-06-09,Male,Nicolefort,Albania,2024-09-09T20:03:41,Active
2400,Bryan,Liu,cust_2400_josephcompton@example.com,587-769-2704,1970-12-21,,Port Monica,Germany,2024-12-01T04:56:53,Active
2401,Pam,Duran,cust_2401_holly88@example.com,6294973854,2003-06-29,,Bruceview,Albania,2026-06-28T00:40:39,Active
2402,Steven,Rodriguez,cust_2402_mpierce@example.com,001-698-990-8763x4272,1992-03-22,Female,,Switzerland,2026-06-04T20:37:28,Inactive
2403,Nicole,Moore,cust_2403_elewis@example.org,,1971-08-22,Male,West Pamelaville,KOSOVO,2026-07-27T04:19:31,Active
2404,Jennifer,Mills,cust_2404_zmendoza@example.org,001-887-331-4031x9166,2005-10-20,Male,Jacksonfurt,Albania,2025-08-16T23:41:23,Active
2405,Scott,Hatfield,cust_2405_cgarcia@example.org,682-924-7922,1999-02-01,,Pearsonside,Switzerland,2024-10-20T01:14:39,Inactive
2406,Kristen,Lopez,cust_2406_walkerscott@example.com,589-757-9257x852,1978-11-22,,New Wesley,Albania,2023-02-10T05:21:11,Active
2407,Mackenzie,Graham,cust_2407_qdelgado@example.net,324-771-1558x221,1969-02-10,,South Christophertown,USA,2024-12-01T12:31:02,Active
2408,Melissa,Woodward,cust_2408_johnhull@example.net,531-864-5383,2004-12-23,Male,Evanmouth,Germany ,2023-01-13T14:37:41,Active
2409,Kathryn,Sherman,cust_2409_gwilliams@example.net,(710)312-5467,1988-05-07,,Bethstad,Kosovo,2025-06-05T18:30:06,Active
2410,Andrea,Lopez,cust_2410_nolanlaurie@example.org,,1978-02-13,Male,West Royberg,Switzerland,2024-07-28T07:04:26,Inactive
2411,Kyle,Riley,cust_2411_johnsonrichard@example.org,556-836-7988x3686,2006-10-28,,Tonyaport,Kosovo,2026-01-22T11:32:36,Active
2412,Charles,Mendez,cust_2412_josephbaker@example.org,(667)439-2060,1999-05-22,Female,Dylanberg,Germany,2026-03-20T22:40:33,Active
2413,Edward,Vargas,cust_2413_brianahoover@example.net,001-450-369-7820x99387,1958-06-19,Male,East Sarahborough,Switzerland,2025-03-05T17:53:17,Active
2414,Michael,Evans,cust_2414_jmiller@example.org,,2004-11-19,,West Pamelastad,GERMANY,2025-08-23T17:51:37,Active
2415,Jason,Allen,cust_2415_sextontristan@example.org,+1-268-303-0400x5468,1968-04-27,,North Lori,Germany,2024-03-01T23:11:40,Active
2416,Joseph,Cook,cust_2416_beckyblake@example.com,,1996-03-08,Male,Lake Nicoleville,Switzerland,2024-06-18T10:27:54,Active
2417,Michelle,Young,cust_2417_cameron65@example.net,,1994-05-26,Male,New Nicholaston,Kosovo,2025-07-24T14:09:46,Active
2418,Katelyn,Peterson,cust_2418_veronicabutler@example.net,(205)394-8360,1981-11-17,,Summerstown,Albania,2023-06-16T20:42:38,Active
2419,Crystal,Villegas,cust_2419_howardharold@example.com,839-245-3497x3200,1985-01-29,Male,West Jamesborough,USA,2026-06-03T02:48:33,Active
2420,Richard,Oconnor,cust_2420_jenniferjohnson@example.com,001-824-688-8804x9704,2007-09-21,,Marcusville,Albania ,2025-11-27T05:50:59,Active
2421,Christopher,Bowman,cust_2421_mikeknight@example.net,,1955-10-12,Female,Shermanport,Albania,2023-06-04T22:39:59,Active
2422,William,Cherry,cust_2422_greenwendy@example.net,789.416.6770,1973-05-26,Female,New Robinmouth,Albania,2025-11-16T19:55:57,Active
2423,Brandon,Mendoza,cust_2423_shannonharris@example.org,(790)908-8925,1966-02-12,Female,New Jennifer,Kosovo,2025-04-25T14:06:42,Active
2424,Johnathan,Ellis,cust_2424_larajonathan@example.org,5582869485,2004-11-12,Male,,germany,2024-12-10T18:56:56,Active
2425,Benjamin,Hill,cust_2425_kevin12@example.net,001-351-540-5018,1968-10-06,,Joneston, switzerland,2023-01-04T15:48:26,Active
2426,Craig,Moore,cust_2426_dbrown@example.net,+1-448-710-9452x55396,1968-08-29,,Ryanview,,2024-02-22T18:26:26,Active
2427,Richard,Cooper,cust_2427_sarahjenkins@example.org,+1-521-452-9417x61114,1964-08-22,Male,Karenton,Albania,2025-07-19T09:02:35,Active
2428,Andrew,Barnes,cust_2428_xrogers@example.net,366-394-8100,1982-03-26,Male,Lake Jamie,USA,2025-12-17T04:36:08,Active
2429,William,Brady,cust_2429_elaine05@example.org,+1-673-623-8368x4143,1990-07-20,,Macdonaldburgh, albania,2026-05-30T18:59:49,Active
2430,Harold,Johnson,cust_2430_slopez@example.org,+1-590-859-5094x28168,1959-02-09,Female,West Stephanie,USA,2025-02-03T00:59:25,Active
2431,Steven,Booth,cust_2431_brooksmatthew@example.net,,1976-11-28,,Brandystad,Albania,2026-02-25T08:20:01,Active
2432,Donald,Frank,cust_2432_qhowe@example.org,001-455-429-6435,1994-03-26,Male,South Jamesside,Switzerland,2024-04-19T13:19:26,Active
2433,Daniel,Wong,cust_2433_dustin45@example.com,+1-802-702-9172,1990-10-09,Male,,USA,2026-04-18T19:35:33,Active
2434,Jason,Campbell,cust_2434_marissa21@example.com,001-613-314-5625x30302,1972-07-30,,North Alexis,USA,2023-06-25T17:28:01,Active
2435,Cindy,Santos,cust_2435_wdominguez@example.com,478.805.5922x770,2001-05-26,Female,Lake Kevinmouth,Switzerland,2024-09-12T14:29:18,Active
2436,Richard,Robinson,cust_2436_chunter@example.com,001-864-611-3507,1963-05-20,Female,Hayesmouth,Kosovo,2026-01-02T13:58:30,Active
2437,Brandon,Rush,cust_2437_cynthia20@example.org,,1960-03-04,,New Michellefort,Kosovo,2024-05-03T01:24:19,Active
2438,Kevin,Lewis,cust_2438_ejacobson@example.com,(570)442-2593,1983-04-26,,Port Andrea,germany,2026-06-09T11:45:06,Active
2439,David,Aguilar,cust_2439_troymorris@example.com,001-797-344-6970x7119,1990-10-11,Female,North Mitchellside,Kosovo,2024-12-05T17:24:31,Active
2440,Steven,Arnold,cust_2440_michelle80@example.com,(602)864-2362x4588,1999-08-25,Male,South Chad,Albania,2024-03-12T18:10:03,Active
2441,Scott,Petersen,cust_2441_dprice@example.com,001-971-617-8444x002,1976-09-29,,Georgeport,Switzerland ,2023-12-25T22:30:10,Inactive
2442,Madison,Ford,cust_2442_hkim@example.net,+1-367-411-8816,1975-07-12,Male,Lovebury,Germany,2024-04-04T13:59:38,Active
2443,Lori,Moody,cust_2443_courtney55@example.net,(727)633-1881x567,1985-07-01,,,Kosovo,2023-07-07T19:46:39,Inactive
2444,Sarah,Garcia,cust_2444_wjackson@example.net,+1-570-279-0770x455,1967-08-13,Male,North Toddville,Germany,2026-04-20T19:41:49,Active
2445,Melissa,Garcia,cust_2445_iroberts@example.com,229-785-6724,1985-01-05,,Matthewburgh, germany,2024-05-22T05:23:13,Active
2446,Rita,Malone,cust_2446_jason42@example.net,,2006-05-03,,Ericfurt,Kosovo,2024-04-23T12:20:36,Active
2447,Matthew,Klein,cust_2447_ramseywilliam@example.com,(820)622-0410,1958-11-19,,Williamsburgh,USA,2024-08-07T01:58:13,Active
2448,Harry,Brooks,cust_2448_hlozano@example.net,+1-367-737-2500x932,2004-09-23,Female,Leborough,USA,2026-05-11T00:14:14,Active
2449,Joseph,Bell,cust_2449_randycarpenter@example.com,,1960-08-04,,Rosehaven,Albania,2024-01-29T16:07:29,Inactive
2450,John,Lopez,cust_2450_david75@example.org,800-220-8967,1996-08-31,,Brianchester,Kosovo ,2023-08-12T08:36:26,Active
2451,Ricky,Rogers,cust_2451_fgomez@example.com,,2001-11-13,,Kennedyburgh,Germany,2025-06-14T16:26:21,Active
2452,Anna,King,cust_2452_rita93@example.net,342.220.7043,1982-11-30,,Ellisburgh,USA,2023-08-11T18:37:47,Active
2453,Michael,Mcdaniel,cust_2453_sierramoreno@example.com,242.386.0176x7873,1966-11-13,Female,North Lindsayton,Switzerland,2025-10-11T06:27:09,Inactive
2454,Bradley,Mitchell,cust_2454_sandersjohn@example.org,,1973-08-22,,East Steven,,2024-06-05T01:34:08,Active
2455,John,Johnson,cust_2455_howejennifer@example.com,,1962-10-24,Female,Andreafurt,Germany ,2025-05-02T16:02:35,Active
2456,Paul,Calderon,cust_2456_collinselizabeth@example.org,(455)342-7933x9970,1959-02-11,,Ellenland, germany,2026-02-25T12:18:47,Active
2457,Christine,Perry,cust_2457_riverajamie@example.com,(696)554-4190,2008-08-28,Male,Marshallton,Germany,2023-09-17T08:36:31,Active
2458,Brittany,Pruitt,cust_2458_karen32@example.org,(237)624-6456,2001-06-30,Female,Monicaland,Switzerland,2025-06-27T23:54:19,Inactive
2459,Richard,Carter,cust_2459_kathrynanderson@example.net,(479)911-1785x1259,1965-05-06,,Port Tammy,USA,2023-04-30T21:24:45,Active
2460,Mary,Villanueva,cust_2460_ryansmith@example.net,(838)741-8757x617,1993-10-05,,Martinview,Switzerland,2024-07-19T12:24:17,Active
2461,Melissa,Perry,cust_2461_hreyes@example.org,534.808.3378,1992-07-26,Male,West Marthashire,Germany,2023-10-11T12:21:42,Active
2462,Christina,Holt,cust_2462_campbellmorgan@example.net,2794565300,1966-04-03,,South Yolanda,Kosovo,2023-01-22T00:04:53,Inactive
2463,Maria,Perez,cust_2463_crystaljennings@example.net,+1-503-937-1421,2003-07-18,Female,Shannonburgh,KOSOVO,2025-02-13T21:24:15,Active
2464,Eric,Morrow,cust_2464_cheryldaniel@example.org,,1982-07-29,,Morganmouth,Kosovo,2024-02-08T22:36:02,Active
2465,William,Potter,cust_2465_bakercolleen@example.org,001-398-832-4072x8195,1982-06-29,,Lake Waltershire,Germany,2026-05-26T20:48:31,Active
2466,Jane,Mccarthy,cust_2466_jacobhernandez@example.com,001-427-824-4522x7594,1979-05-20,Male,Hallberg,Albania,2025-12-07T02:36:17,Active
2467,Elizabeth,Morgan,cust_2467_hendersonamy@example.org,425.901.6993,2008-05-30,,Michaelland,Kosovo,2025-12-30T14:11:40,Active
2468,Theresa,Davis,cust_2468_lewispeggy@example.net,495-813-3966x0575,1955-12-09,Female,Manningfort,Germany,2023-04-13T01:22:10,Active
2469,Mia,Peterson,cust_2469_bookerstephen@example.net,223.891.9184x655,1984-04-18,,South Betty, usa,2025-10-29T03:08:02,Active
2470,Ashley,Berry,cust_2470_gina43@example.com,+1-255-499-9196x6976,2001-01-16,Male,East Nicholas,USA,2024-04-20T21:28:28,Active
2471,David,Mcdonald,cust_2471_jean42@example.org,4438424916,1965-07-22,Female,,Kosovo,2023-11-03T20:31:29,Active
2472,Shawn,Garcia,cust_2472_brittanydiaz@example.org,324-221-9738,2005-04-08,Male,West Scott,USA,2023-06-11T11:47:51,Inactive
2473,Tammy,Stewart,cust_2473_rdennis@example.net,+1-250-683-3271,1975-09-27,Female,Jaredmouth,USA,2023-05-17T01:06:06,Active
2474,Michelle,Clark,cust_2474_mariorodriguez@example.com,717.619.1633,1992-09-24,Female,Fullerstad,USA,2024-02-09T14:58:19,Active
2475,Raymond,Ryan,cust_2475_matthew80@example.org,,1990-07-15,,Lake Emily,USA,2023-02-20T15:37:43,Active
2476,John,Barnes,cust_2476_gonzalezsamantha@example.com,757-618-6919x8162,1963-03-26,,North Samantha,Kosovo,2024-05-15T14:05:30,Active
2477,Andrew,Goodwin,cust_2477_patrickmiller@example.com,267.746.1616,2003-05-15,Male,Johnmouth,Switzerland,2025-11-25T09:02:01,Active
2478,Vanessa,Simmons,cust_2478_melissanelson@example.net,670-269-5312x178,1984-12-10,,Howellmouth,Albania,2023-08-07T03:29:20,Active
2479,Katelyn,Rodriguez,cust_2479_joneal@example.net,,1986-06-16,Female,New James,Switzerland,2025-08-14T16:57:25,Active
2480,Hannah,Henry,cust_2480_alexis19@example.org,,1999-02-09,Male,Juliaside,,2024-08-21T06:33:52,Active
2481,Brandon,Morrison,cust_2481_ymartinez@example.com,(353)617-5504x616,1978-07-25,Male,New Megan,GERMANY,2024-02-27T07:25:38,Active
2482,Jeffery,Rivera,cust_2482_ethan82@example.org,757-869-0941x4250,1963-07-26,Female,South Erica,,2023-03-29T08:09:12,Active
2483,Steven,Rowe,cust_2483_xwright@example.net,529.796.7834,1982-05-05,Male,Christinaville,Albania,2025-07-31T02:58:23,Active
2484,Samuel,Callahan,cust_2484_candice55@example.org,001-492-925-4376x366,1996-11-18,,North Stevenville,Germany,2026-06-08T14:50:03,Active
2485,Elizabeth,Boyd,cust_2485_wayne29@example.com,,1992-04-19,Male,Saraton,GERMANY,2024-10-22T04:49:18,Inactive
2486,Janet,Baker,cust_2486_kellykyle@example.org,(530)699-7285x54179,1995-02-18,Female,North Larry,Switzerland,2025-05-29T04:59:05,Active
2487,Elizabeth,Washington,cust_2487_ybraun@example.org,(776)424-2857x4040,1969-05-12,Female,,switzerland,2026-03-02T16:32:30,Active
2488,Lisa,Kent,cust_2488_andrew23@example.com,(747)366-3077x997,1983-06-15,Female,New Anthonystad,USA,2026-04-05T19:11:03,Active
2489,Louis,Sherman,cust_2489_christinesmith@example.net,450-441-1708,2002-07-07,,North Briana,GERMANY,2026-07-02T08:53:09,Active
2490,Scott,Leach,cust_2490_kthompson@example.org,,2003-11-17,Male,Bradleyland, albania,2024-04-17T00:21:47,Active
2491,Nicholas,Stephens,cust_2491_derek63@example.org,(955)723-7839x049,1970-01-07,Female,Parkport, albania,2024-05-01T16:58:30,Active
2492,Angela,Snow,cust_2492_kcooper@example.org,,1969-10-11,Male,Port Rachel,USA,2025-09-12T17:41:52,Active
2493,Devin,Davis,cust_2493_wilsonlaura@example.com,,2000-09-18,Male,Annaton,Germany,2025-05-18T14:45:21,Active
2494,Susan,Warner,cust_2494_urodriguez@example.org,001-544-690-3593x41773,1962-06-23,,Port Jeanne,Albania,2023-03-07T23:28:17,Active
2495,Leah,Hickman,cust_2495_sarayoung@example.net,+1-882-916-0639x2318,1993-08-04,,Lake Christophertown,USA,2025-04-25T02:48:16,Inactive
2496,Caleb,Jones,cust_2496_michaelbrowning@example.com,769.570.2579,2002-11-26,Male,Rodneyview,Germany,2025-10-21T06:34:27,Active
2497,Tina,Miles,cust_2497_kevinsmith@example.org,,1971-06-09,Male,New Peter,SWITZERLAND,2025-07-08T09:09:05,Active
2498,James,Leonard,cust_2498_ytaylor@example.net,249.220.3175x91450,1972-02-12,Male,,USA,2025-10-14T08:18:27,Active
2499,Javier,Juarez,cust_2499_trevinoheather@example.net,+1-453-991-0673x338,1982-03-01,,Cordovamouth,Albania,2026-06-27T21:11:14,Active
2500,Kyle,Ayala,cust_2500_travis20@example.com,(389)292-3858x5520,1974-02-14,Female,Lake Hollystad,Albania ,2025-11-20T02:17:47,Active
