OrderDetailID,OrderID,ProductID,Quantity,UnitPrice,Discount
1,1,228,1,24.69,0.0
2,1,4,1,583.61,0.0
3,1,43,1,935.97,0.0
4,1,40,1,520.37,10.0
5,1,76,1,920.83,0.0
6,2,29,1,981.65,0.0
7,3,15,2,255.83,5.0
8,4,100,2,645.31,0.0
9,4,14,1,149.0,0.0
10,4,32,2,320.79,20.0
11,5,44,3,930.25,0.0
12,6,42,2,880.29,0.0
13,6,43,2,935.97,5.0
14,7,23,2,236.54,20.0
15,7,46,5,854.22,0.0
16,8,8,3,542.39,0.0
17,8,17,1,173.9,5.0
18,9,2,2,394.13,0.0
19,9,115,1,625.25,0.0
20,10,25,4,631.62,0.0
21,10,15,2,255.83,5.0
22,11,36,2,72.7,0.0
23,11,33,2,947.92,10.0
24,11,244,1,902.38,0.0
25,12,16,2,973.78,15.0
26,13,15,1,255.83,0.0
27,13,45,5,456.92,5.0
28,13,24,1,584.38,0.0
29,14,24,1,584.38,0.0
30,14,22,3,457.79,0.0
31,15,44,1,930.25,20.0
32,15,95,1,179.64,0.0
33,15,33,5,947.92,0.0
34,15,12,1,677.11,20.0
35,16,28,1,662.55,0.0
36,16,170,1,814.48,0.0
37,16,3,1,557.91,0.0
38,16,44,1,930.25,5.0
39,16,132,1,758.96,0.0
40,17,41,1,176.54,10.0
41,17,27,1,287.02,10.0
42,17,221,2,294.07,5.0
43,18,7,2,62.52,0.0
44,19,1,1,643.08,0.0
45,20,14,2,149.0,0.0
46,20,47,1,459.02,0.0
47,21,2,2,394.13,0.0
48,22,24,2,584.38,0.0
49,22,80,1,275.45,20.0
50,23,47,1,459.02,0.0
51,24,6,2,34.19,10.0
52,24,36,3,72.7,0.0
53,25,28,3,662.55,0.0
54,25,5,2,597.45,0.0
55,26,1,2,643.08,10.0
56,26,2,1,394.13,0.0
57,26,23,1,236.54,0.0
58,26,53,3,873.28,10.0
59,27,31,5,185.47,0.0
60,27,33,5,947.92,15.0
61,28,45,1,456.92,10.0
62,28,47,1,459.02,20.0
63,29,34,1,43.21,0.0
64,30,169,3,863.12,10.0
65,31,52,1,994.18,0.0
66,31,103,1,656.03,0.0
67,32,15,1,255.83,0.0
68,32,119,1,891.47,10.0
69,32,120,1,983.93,0.0
70,33,42,2,880.29,5.0
71,33,39,1,758.76,20.0
72,33,248,1,249.31,0.0
73,34,19,1,604.84,5.0
74,35,249,5,229.0,0.0
75,35,8,2,542.39,0.0
76,35,23,1,236.54,0.0
77,36,6,1,34.19,0.0
78,36,39,2,758.76,0.0
79,37,35,1,633.08,15.0
80,37,19,1,604.84,15.0
81,37,13,1,800.5,0.0
82,38,39,1,758.76,20.0
83,39,50,1,994.53,0.0
84,39,3,1,557.91,10.0
85,40,252,1,686.58,0.0
86,40,45,1,456.92,20.0
87,41,7,2,62.52,0.0
88,41,20,1,339.73,5.0
89,41,41,3,176.54,0.0
90,42,2,2,394.13,0.0
91,43,21,1,851.91,0.0
92,43,14,1,149.0,0.0
93,44,7,2,62.52,0.0
94,45,36,1,72.7,10.0
95,45,236,1,384.32,0.0
96,45,8,2,542.39,0.0
97,45,161,1,417.52,0.0
98,46,22,1,457.79,0.0
99,46,25,2,631.62,0.0
100,46,49,1,1020.52,0.0
101,47,6,1,34.19,0.0
102,47,4,2,583.61,0.0
103,47,201,1,232.35,10.0
104,48,95,1,179.64,0.0
105,49,8,1,542.39,15.0
106,50,46,1,854.22,0.0
107,50,16,1,973.78,15.0
108,50,38,2,1016.34,10.0
109,50,5,2,597.45,0.0
110,51,30,1,658.15,0.0
111,52,7,2,62.52,0.0
112,52,24,1,584.38,0.0
113,53,13,1,800.5,20.0
114,54,26,1,204.87,10.0
115,54,32,1,320.79,15.0
116,55,90,1,491.54,5.0
117,56,73,2,831.13,0.0
118,56,47,1,459.02,15.0
119,57,32,2,320.79,0.0
120,58,49,1,1020.52,0.0
121,58,18,2,818.1,20.0
122,59,89,1,568.71,0.0
123,59,35,2,633.08,0.0
124,59,33,1,947.92,0.0
125,60,35,3,633.08,0.0
126,61,3,1,557.91,10.0
127,61,55,1,479.69,0.0
128,61,252,3,686.58,0.0
129,62,24,2,584.38,0.0
130,62,137,1,424.86,10.0
131,63,239,2,269.05,0.0
132,63,44,1,930.25,20.0
133,64,2,1,394.13,0.0
134,65,220,1,850.53,0.0
135,65,30,2,658.15,0.0
136,65,17,1,173.9,0.0
137,65,16,1,973.78,0.0
138,65,42,1,880.29,0.0
139,66,24,3,584.38,0.0
140,66,42,3,880.29,0.0
141,66,13,1,800.5,0.0
142,66,38,1,1016.34,10.0
143,67,26,1,204.87,5.0
144,67,216,1,929.01,0.0
145,68,13,1,800.5,10.0
146,68,101,2,462.13,0.0
147,68,190,1,998.17,0.0
148,68,22,1,457.79,5.0
149,69,37,1,1009.52,15.0
150,69,25,1,631.62,0.0
151,70,37,1,1009.52,20.0
152,71,143,2,435.68,0.0
153,71,50,1,994.53,0.0
154,71,141,2,991.87,20.0
155,72,154,1,667.55,10.0
156,72,68,1,245.03,20.0
157,72,61,1,882.1,15.0
158,73,116,5,209.21,10.0
159,73,9,2,217.62,0.0
160,73,48,1,358.48,5.0
161,74,152,1,1071.23,0.0
162,75,22,1,457.79,15.0
163,76,101,1,462.13,20.0
164,77,28,1,662.55,0.0
165,78,36,1,72.7,0.0
166,79,6,1,34.19,10.0
167,79,19,1,604.84,0.0
168,80,4,1,583.61,0.0
169,80,20,1,339.73,10.0
170,80,161,1,417.52,0.0
171,80,44,1,930.25,0.0
172,80,12,1,677.11,0.0
173,81,212,1,665.42,0.0
174,81,11,3,202.6,0.0
175,81,13,1,800.5,0.0
176,81,2,1,394.13,0.0
177,81,42,2,880.29,0.0
178,82,15,2,255.83,20.0
179,82,28,3,662.55,0.0
180,83,141,4,991.87,0.0
181,83,31,2,185.47,10.0
182,83,18,1,818.1,0.0
183,84,43,2,935.97,5.0
184,84,20,1,339.73,0.0
185,84,29,1,981.65,0.0
186,85,50,2,994.53,0.0
187,86,37,2,1009.52,10.0
188,87,183,1,473.71,10.0
189,88,45,1,456.92,20.0
190,88,26,1,204.87,0.0
191,89,38,3,1016.34,5.0
192,90,4,1,583.61,0.0
193,90,12,1,677.11,0.0
194,90,37,2,1009.52,0.0
195,90,19,2,604.84,15.0
196,91,224,1,402.49,5.0
197,91,3,1,557.91,0.0
198,92,9,1,217.62,0.0
199,93,4,3,583.61,0.0
200,93,254,1,1202.51,20.0
201,93,9,3,217.62,0.0
202,94,18,1,818.1,0.0
203,94,25,1,631.62,0.0
204,94,34,1,43.21,0.0
205,94,164,1,211.12,0.0
206,95,45,1,456.92,0.0
207,96,22,1,457.79,0.0
208,97,1,1,643.08,0.0
209,98,39,1,758.76,10.0
210,98,30,1,658.15,0.0
211,99,20,1,339.73,0.0
212,99,46,1,854.22,10.0
213,99,191,5,733.3,10.0
214,100,8,1,542.39,0.0
215,100,217,1,308.65,5.0
216,100,52,3,994.18,5.0
217,101,36,1,72.7,5.0
218,101,31,4,185.47,0.0
219,101,4,2,583.61,0.0
220,101,240,4,81.35,0.0
221,101,12,4,677.11,10.0
222,102,46,1,854.22,0.0
223,102,10,2,132.89,10.0
224,103,48,1,358.48,0.0
225,104,45,1,456.92,0.0
226,105,39,1,758.76,15.0
227,106,43,2,935.97,0.0
228,106,113,2,1162.63,0.0
229,107,115,1,625.25,0.0
230,107,41,2,176.54,0.0
231,107,24,1,584.38,20.0
232,108,1,1,643.08,10.0
233,108,29,2,981.65,0.0
234,109,7,2,62.52,0.0
235,109,44,2,930.25,10.0
236,110,5,1,597.45,0.0
237,111,191,1,733.3,0.0
238,112,120,1,983.93,0.0
239,112,45,1,456.92,10.0
240,113,22,1,457.79,10.0
241,113,11,1,202.6,0.0
242,113,12,1,677.11,0.0
243,114,19,1,604.84,10.0
244,114,13,1,800.5,0.0
245,115,27,3,287.02,0.0
246,115,51,1,774.23,0.0
247,115,49,3,1020.52,5.0
248,115,36,1,72.7,0.0
249,116,42,2,880.29,0.0
250,117,23,2,236.54,0.0
251,117,45,2,456.92,0.0
252,117,27,2,287.02,15.0
253,117,25,1,631.62,0.0
254,118,109,1,663.14,0.0
255,118,30,1,658.15,10.0
256,118,21,1,851.91,0.0
257,119,191,1,733.3,0.0
258,119,246,1,835.26,0.0
259,120,2,1,394.13,15.0
260,120,47,1,459.02,5.0
261,121,19,1,604.84,0.0
262,121,10,3,132.89,0.0
263,122,21,1,851.91,0.0
264,122,33,1,947.92,0.0
265,122,41,3,176.54,0.0
266,122,73,1,831.13,0.0
267,123,44,2,930.25,5.0
268,123,10,1,132.89,0.0
269,123,2,2,394.13,0.0
270,123,38,1,1016.34,0.0
271,123,49,1,1020.52,0.0
272,124,66,2,361.37,10.0
273,125,41,2,176.54,10.0
274,126,6,1,34.19,0.0
275,126,234,1,670.43,0.0
276,126,4,3,583.61,0.0
277,126,36,3,72.7,0.0
278,127,21,2,851.91,0.0
279,128,14,2,149.0,0.0
280,129,7,1,62.52,10.0
281,130,37,3,1009.52,5.0
282,130,2,2,394.13,0.0
283,131,13,4,800.5,15.0
284,131,16,1,973.78,20.0
285,131,15,1,255.83,0.0
286,132,32,1,320.79,0.0
287,133,26,1,204.87,0.0
288,133,47,1,459.02,0.0
289,133,5,1,597.45,20.0
290,134,46,1,854.22,0.0
291,135,51,4,774.23,20.0
292,135,21,1,851.91,10.0
293,136,33,2,947.92,0.0
294,137,56,1,776.63,20.0
295,137,40,2,520.37,0.0
296,138,29,1,981.65,0.0
297,138,25,2,631.62,0.0
298,139,188,1,720.38,10.0
299,139,124,1,729.75,0.0
300,139,26,1,204.87,5.0
301,140,60,1,165.23,0.0
302,140,14,1,149.0,5.0
303,140,8,2,542.39,20.0
304,140,45,1,456.92,15.0
305,140,256,2,83.37,0.0
306,141,42,1,880.29,0.0
307,141,5,2,597.45,0.0
308,141,150,3,196.9,10.0
309,141,32,3,320.79,0.0
310,142,13,1,800.5,15.0
311,142,41,3,176.54,15.0
312,143,30,1,658.15,0.0
313,143,149,1,668.87,15.0
314,144,94,1,914.43,0.0
315,144,13,1,800.5,0.0
316,145,217,1,308.65,10.0
317,146,30,1,658.15,10.0
318,146,36,1,72.7,10.0
319,147,49,2,1020.52,0.0
320,147,6,1,34.19,0.0
321,147,40,2,520.37,5.0
322,148,43,3,935.97,0.0
323,149,23,1,236.54,0.0
324,149,7,1,62.52,0.0
325,149,110,2,600.49,0.0
326,149,34,1,43.21,20.0
327,150,23,4,236.54,10.0
328,151,36,2,72.7,5.0
329,152,38,2,1016.34,0.0
330,152,16,1,973.78,0.0
331,153,18,3,818.1,0.0
332,154,47,2,459.02,0.0
333,154,26,1,204.87,0.0
334,155,28,2,662.55,0.0
335,155,22,2,457.79,0.0
336,155,42,1,880.29,0.0
337,156,71,1,682.59,5.0
338,157,48,1,358.48,0.0
339,157,47,1,459.02,0.0
340,158,258,5,563.1,5.0
341,158,33,2,947.92,5.0
342,158,4,1,583.61,0.0
343,158,36,1,72.7,0.0
344,159,16,1,973.78,10.0
345,159,30,2,658.15,5.0
346,160,53,3,873.28,0.0
347,161,3,1,557.91,0.0
348,161,42,1,880.29,0.0
349,162,77,1,561.47,0.0
350,162,38,5,1016.34,5.0
351,163,187,1,215.12,0.0
352,163,168,5,838.87,15.0
353,164,37,1,1009.52,0.0
354,165,31,1,185.47,10.0
355,166,28,1,662.55,0.0
356,167,190,1,998.17,5.0
357,167,13,5,800.5,0.0
358,168,92,1,549.63,5.0
359,168,187,1,215.12,5.0
360,168,46,1,854.22,10.0
361,169,46,1,854.22,0.0
362,169,39,1,758.76,0.0
363,170,22,1,457.79,0.0
364,171,201,1,232.35,0.0
365,171,36,2,72.7,20.0
366,172,2,3,394.13,0.0
367,172,51,1,774.23,10.0
368,173,25,1,631.62,15.0
369,173,35,2,633.08,0.0
370,173,23,2,236.54,0.0
371,174,7,1,62.52,0.0
372,174,14,2,149.0,0.0
373,174,41,1,176.54,15.0
374,175,163,3,234.62,15.0
375,175,11,2,202.6,15.0
376,176,22,1,457.79,0.0
377,177,38,1,1016.34,0.0
378,177,24,1,584.38,0.0
379,177,10,1,132.89,0.0
380,178,18,1,818.1,0.0
381,178,194,1,328.13,0.0
382,178,27,2,287.02,10.0
383,178,177,2,592.34,0.0
384,179,31,2,185.47,0.0
385,179,50,1,994.53,0.0
386,180,44,4,930.25,0.0
387,180,43,2,935.97,5.0
388,181,41,1,176.54,0.0
389,182,49,1,1020.52,0.0
390,183,28,1,662.55,0.0
391,183,14,1,149.0,0.0
392,184,1,1,643.08,0.0
393,184,14,1,149.0,0.0
394,184,28,1,662.55,0.0
395,184,21,1,851.91,0.0
396,185,205,1,227.28,20.0
397,185,20,1,339.73,0.0
398,186,216,1,929.01,0.0
399,186,43,2,935.97,0.0
400,187,21,1,851.91,0.0
401,187,3,3,557.91,0.0
402,187,89,1,568.71,10.0
403,187,6,2,34.19,0.0
404,187,8,1,542.39,0.0
405,188,3,1,557.91,0.0
406,188,29,2,981.65,0.0
407,189,43,4,935.97,0.0
408,189,32,2,320.79,10.0
409,190,6,3,34.19,5.0
410,190,16,1,973.78,20.0
411,191,39,2,758.76,0.0
412,191,189,2,816.04,0.0
413,191,25,2,631.62,15.0
414,192,28,1,662.55,0.0
415,192,43,1,935.97,0.0
416,193,34,1,43.21,10.0
417,193,131,1,80.3,0.0
418,194,22,1,457.79,0.0
419,195,13,1,800.5,15.0
420,195,41,1,176.54,0.0
421,195,10,1,132.89,0.0
422,196,16,2,973.78,0.0
423,197,52,1,994.18,0.0
424,198,8,2,542.39,0.0
425,199,18,1,818.1,10.0
426,200,37,1,1009.52,0.0
427,200,12,2,677.11,0.0
428,200,29,1,981.65,0.0
429,200,8,1,542.39,0.0
430,201,10,2,132.89,0.0
431,201,41,2,176.54,0.0
432,201,75,1,448.57,10.0
433,201,13,2,800.5,0.0
434,201,40,3,520.37,0.0
435,202,20,3,339.73,5.0
436,202,31,1,185.47,0.0
437,203,22,2,457.79,0.0
438,204,32,1,320.79,0.0
439,204,5,1,597.45,0.0
440,204,4,1,583.61,0.0
441,205,29,1,981.65,0.0
442,205,8,2,542.39,10.0
443,205,247,1,774.56,0.0
444,205,20,1,339.73,0.0
445,206,16,1,973.78,0.0
446,207,11,2,202.6,0.0
447,207,34,2,43.21,5.0
448,207,52,3,994.18,0.0
449,208,46,1,854.22,0.0
450,208,39,1,758.76,0.0
451,208,200,1,731.51,0.0
452,209,54,2,21.31,0.0
453,210,251,1,395.15,0.0
454,211,52,1,994.18,0.0
455,211,38,1,1016.34,0.0
456,211,128,1,1064.68,0.0
457,212,32,2,320.79,10.0
458,213,187,1,215.12,5.0
459,213,50,1,994.53,0.0
460,213,32,2,320.79,0.0
461,213,37,1,1009.52,0.0
462,214,96,2,1121.55,0.0
463,215,183,2,473.71,0.0
464,215,43,2,935.97,0.0
465,216,16,3,973.78,0.0
466,217,14,2,149.0,0.0
467,217,25,3,631.62,0.0
468,218,11,1,202.6,0.0
469,218,3,2,557.91,5.0
470,218,48,1,358.48,20.0
471,219,8,2,542.39,0.0
472,219,34,4,43.21,5.0
473,220,52,1,994.18,0.0
474,220,1,1,643.08,0.0
475,221,95,1,179.64,10.0
476,222,7,1,62.52,0.0
477,222,8,2,542.39,0.0
478,222,51,1,774.23,0.0
479,223,121,1,223.46,15.0
480,224,42,2,880.29,0.0
481,224,22,2,457.79,5.0
482,225,81,1,77.19,10.0
483,226,19,3,604.84,0.0
484,227,28,1,662.55,0.0
485,227,22,1,457.79,0.0
486,228,3,2,557.91,15.0
487,228,47,1,459.02,5.0
488,229,41,1,176.54,20.0
489,230,2,1,394.13,15.0
490,230,14,1,149.0,0.0
491,230,196,1,925.9,0.0
492,231,39,2,758.76,0.0
493,232,40,1,520.37,15.0
494,232,38,4,1016.34,0.0
495,233,51,2,774.23,0.0
496,233,146,1,1020.84,5.0
497,233,24,1,584.38,10.0
498,233,149,2,668.87,0.0
499,234,157,2,388.76,0.0
500,235,254,1,1202.51,10.0
501,236,45,1,456.92,0.0
502,236,15,1,255.83,0.0
503,236,4,2,583.61,10.0
504,236,30,2,658.15,0.0
505,237,19,3,604.84,0.0
506,237,83,1,144.27,15.0
507,238,17,1,173.9,0.0
508,238,29,1,981.65,0.0
509,239,45,1,456.92,0.0
510,239,47,1,459.02,0.0
511,240,24,2,584.38,0.0
512,240,38,1,1016.34,0.0
513,240,32,3,320.79,0.0
514,240,2,1,394.13,0.0
515,241,8,3,542.39,0.0
516,242,15,1,255.83,0.0
517,242,27,1,287.02,0.0
518,242,52,5,994.18,10.0
519,242,215,1,429.74,0.0
520,242,30,1,658.15,0.0
521,243,84,2,564.13,0.0
522,243,27,1,287.02,0.0
523,244,7,1,62.52,20.0
524,244,156,2,410.55,0.0
525,244,52,2,994.18,5.0
526,244,29,1,981.65,10.0
527,245,30,2,658.15,0.0
528,246,38,3,1016.34,5.0
529,246,33,2,947.92,0.0
530,246,21,2,851.91,0.0
531,246,25,1,631.62,10.0
532,246,12,1,677.11,5.0
533,247,32,1,320.79,0.0
534,247,36,1,72.7,10.0
535,248,30,1,658.15,0.0
536,248,65,1,1039.76,15.0
537,249,32,1,320.79,10.0
538,249,4,2,583.61,5.0
539,249,2,1,394.13,0.0
540,249,16,3,973.78,20.0
541,250,5,1,597.45,0.0
542,251,43,4,935.97,0.0
543,251,27,3,287.02,0.0
544,251,50,1,994.53,5.0
545,251,30,1,658.15,0.0
546,252,5,1,597.45,5.0
547,252,6,2,34.19,0.0
548,252,38,2,1016.34,5.0
549,252,42,1,880.29,0.0
550,252,27,2,287.02,0.0
551,253,192,2,282.66,0.0
552,253,24,1,584.38,0.0
553,254,20,2,339.73,0.0
554,254,146,1,1020.84,0.0
555,255,40,4,520.37,0.0
556,255,39,2,758.76,0.0
557,256,132,1,758.96,0.0
558,257,6,5,34.19,15.0
559,258,226,1,855.84,0.0
560,259,7,1,62.52,5.0
561,259,33,1,947.92,0.0
562,260,240,2,81.35,0.0
563,260,17,1,173.9,15.0
564,261,45,2,456.92,0.0
565,261,4,1,583.61,10.0
566,262,8,1,542.39,0.0
567,263,25,2,631.62,15.0
568,264,86,3,1193.28,0.0
569,264,11,1,202.6,0.0
570,264,4,1,583.61,10.0
571,265,41,1,176.54,5.0
572,265,27,1,287.02,0.0
573,265,29,4,981.65,5.0
574,266,240,1,81.35,0.0
575,266,48,1,358.48,0.0
576,266,1,1,643.08,0.0
577,266,22,1,457.79,0.0
578,266,181,3,115.49,0.0
579,267,46,2,854.22,0.0
580,267,13,2,800.5,0.0
581,268,60,1,165.23,0.0
582,268,36,1,72.7,0.0
583,268,35,2,633.08,5.0
584,269,11,3,202.6,0.0
585,269,7,1,62.52,0.0
586,269,13,5,800.5,0.0
587,269,141,1,991.87,10.0
588,270,43,2,935.97,0.0
589,270,105,2,888.35,0.0
590,271,147,4,490.87,0.0
591,271,130,1,625.15,0.0
592,272,17,1,173.9,0.0
593,272,169,1,863.12,0.0
594,272,57,1,966.47,0.0
595,273,105,1,888.35,0.0
596,273,6,1,34.19,0.0
597,273,128,5,1064.68,0.0
598,274,21,2,851.91,0.0
599,274,43,3,935.97,0.0
600,275,22,2,457.79,0.0
601,275,50,1,994.53,0.0
602,275,52,1,994.18,0.0
603,276,197,2,893.87,0.0
604,276,38,5,1016.34,0.0
605,277,20,3,339.73,0.0
606,277,19,1,604.84,0.0
607,278,234,3,670.43,0.0
608,278,33,1,947.92,15.0
609,278,76,3,920.83,0.0
610,278,35,1,633.08,0.0
611,278,20,1,339.73,5.0
612,279,40,1,520.37,15.0
613,279,48,1,358.48,0.0
614,280,32,1,320.79,15.0
615,280,222,1,752.95,0.0
616,280,5,1,597.45,0.0
617,281,28,2,662.55,0.0
618,282,11,1,202.6,0.0
619,282,17,2,173.9,0.0
620,282,32,1,320.79,10.0
621,282,8,1,542.39,5.0
622,283,24,1,584.38,0.0
623,283,46,1,854.22,0.0
624,283,52,2,994.18,0.0
625,283,22,1,457.79,10.0
626,284,20,1,339.73,5.0
627,284,101,1,462.13,15.0
628,284,8,2,542.39,0.0
629,284,134,1,426.27,10.0
630,285,47,1,459.02,10.0
631,286,26,1,204.87,0.0
632,286,25,2,631.62,0.0
633,286,2,1,394.13,0.0
634,286,46,1,854.22,0.0
635,287,49,1,1020.52,5.0
636,287,51,3,774.23,0.0
637,287,26,1,204.87,20.0
638,288,73,4,831.13,0.0
639,288,225,1,785.87,0.0
640,288,27,2,287.02,0.0
641,289,29,1,981.65,0.0
642,289,190,1,998.17,0.0
643,289,26,1,204.87,10.0
644,289,37,1,1009.52,15.0
645,290,1,1,643.08,0.0
646,290,18,1,818.1,0.0
647,290,43,1,935.97,5.0
648,291,32,2,320.79,0.0
649,291,46,1,854.22,0.0
650,292,36,1,72.7,0.0
651,292,253,3,352.37,0.0
652,292,7,1,62.52,0.0
653,293,3,1,557.91,5.0
654,293,10,1,132.89,0.0
655,294,198,2,904.38,0.0
656,294,28,1,662.55,0.0
657,294,31,2,185.47,0.0
658,294,22,1,457.79,0.0
659,295,4,1,583.61,5.0
660,295,17,1,173.9,0.0
661,295,11,1,202.6,0.0
662,296,12,2,677.11,0.0
663,297,14,1,149.0,5.0
664,297,31,2,185.47,0.0
665,298,25,1,631.62,15.0
666,298,34,1,43.21,0.0
667,298,20,1,339.73,0.0
668,298,52,1,994.18,0.0
669,299,51,1,774.23,0.0
670,299,4,1,583.61,15.0
671,299,15,1,255.83,5.0
672,300,11,1,202.6,0.0
673,300,26,1,204.87,5.0
674,301,1,3,643.08,0.0
675,302,27,2,287.02,0.0
676,302,87,2,812.54,0.0
677,303,40,1,520.37,5.0
678,304,28,2,662.55,20.0
679,304,39,2,758.76,5.0
680,305,112,2,1017.21,5.0
681,305,221,1,294.07,0.0
682,305,7,1,62.52,0.0
683,306,36,1,72.7,0.0
684,306,27,2,287.02,0.0
685,307,25,3,631.62,20.0
686,307,36,1,72.7,0.0
687,307,28,3,662.55,0.0
688,307,258,2,563.1,10.0
689,308,26,1,204.87,0.0
690,308,49,1,1020.52,15.0
691,308,10,2,132.89,0.0
692,309,235,2,180.69,0.0
693,309,36,1,72.7,0.0
694,309,44,4,930.25,0.0
695,310,22,1,457.79,0.0
696,310,43,1,935.97,0.0
697,310,27,1,287.02,0.0
698,311,86,5,1193.28,0.0
699,311,43,2,935.97,0.0
700,311,225,1,785.87,0.0
701,312,145,2,916.31,0.0
702,312,28,1,662.55,0.0
703,313,29,2,981.65,0.0
704,313,22,4,457.79,0.0
705,313,30,1,658.15,0.0
706,313,23,2,236.54,0.0
707,314,11,2,202.6,15.0
708,315,52,1,994.18,0.0
709,315,114,1,279.33,15.0
710,316,37,1,1009.52,0.0
711,317,21,1,851.91,5.0
712,317,23,2,236.54,0.0
713,317,34,2,43.21,0.0
714,318,38,3,1016.34,0.0
715,319,105,3,888.35,5.0
716,319,36,1,72.7,10.0
717,320,18,2,818.1,0.0
718,320,239,1,269.05,0.0
719,321,8,1,542.39,0.0
720,321,183,2,473.71,0.0
721,322,25,2,631.62,15.0
722,322,48,3,358.48,0.0
723,323,63,1,958.03,0.0
724,323,51,2,774.23,10.0
725,324,25,1,631.62,0.0
726,324,38,3,1016.34,10.0
727,324,6,1,34.19,5.0
728,325,7,1,62.52,20.0
729,325,33,1,947.92,0.0
730,325,23,1,236.54,0.0
731,325,2,1,394.13,0.0
732,325,234,1,670.43,0.0
733,326,4,1,583.61,0.0
734,326,30,1,658.15,0.0
735,326,19,2,604.84,0.0
736,327,36,4,72.7,0.0
737,328,44,3,930.25,0.0
738,329,8,1,542.39,0.0
739,329,51,3,774.23,0.0
740,329,48,2,358.48,0.0
741,330,36,2,72.7,0.0
742,330,3,1,557.91,5.0
743,331,182,2,653.31,0.0
744,331,50,2,994.53,0.0
745,332,38,1,1016.34,15.0
746,332,1,1,643.08,0.0
747,333,14,1,149.0,0.0
748,333,34,1,43.21,0.0
749,333,51,3,774.23,0.0
750,334,87,1,812.54,10.0
751,334,32,2,320.79,0.0
752,335,36,2,72.7,0.0
753,335,18,1,818.1,0.0
754,335,43,3,935.97,10.0
755,335,40,1,520.37,0.0
756,336,224,1,402.49,5.0
757,336,29,1,981.65,0.0
758,337,244,1,902.38,0.0
759,338,33,1,947.92,5.0
760,339,50,2,994.53,0.0
761,339,217,1,308.65,20.0
762,339,38,1,1016.34,0.0
763,339,176,1,576.9,0.0
764,340,12,1,677.11,20.0
765,340,258,2,563.1,0.0
766,341,45,1,456.92,0.0
767,341,118,1,1091.59,5.0
768,341,219,5,503.95,0.0
769,342,7,1,62.52,0.0
770,343,16,5,973.78,0.0
771,343,2,1,394.13,20.0
772,344,2,1,394.13,0.0
773,344,45,1,456.92,0.0
774,345,2,2,394.13,0.0
775,345,44,1,930.25,0.0
776,345,8,1,542.39,0.0
777,345,11,1,202.6,0.0
778,345,42,1,880.29,0.0
779,346,31,1,185.47,0.0
780,346,35,3,633.08,0.0
781,347,14,1,149.0,5.0
782,347,51,5,774.23,0.0
783,348,24,1,584.38,0.0
784,348,31,1,185.47,20.0
785,349,225,1,785.87,0.0
786,349,13,1,800.5,10.0
787,349,28,1,662.55,0.0
788,350,22,4,457.79,0.0
789,350,189,2,816.04,0.0
790,350,147,2,490.87,10.0
791,350,7,1,62.52,0.0
792,351,7,1,62.52,5.0
793,351,6,1,34.19,0.0
794,351,32,1,320.79,0.0
795,352,49,2,1020.52,0.0
796,352,18,2,818.1,10.0
797,352,19,2,604.84,5.0
798,353,218,1,658.32,10.0
799,353,10,1,132.89,0.0
800,354,209,2,521.49,20.0
801,355,39,1,758.76,5.0
802,355,111,1,932.22,0.0
803,355,29,1,981.65,0.0
804,355,152,2,1071.23,0.0
805,355,23,3,236.54,15.0
806,356,2,1,394.13,0.0
807,356,1,1,643.08,10.0
808,356,29,1,981.65,0.0
809,356,24,1,584.38,0.0
810,357,17,2,173.9,10.0
811,358,203,1,131.33,15.0
812,358,43,1,935.97,0.0
813,359,37,3,1009.52,10.0
814,359,1,1,643.08,0.0
815,359,7,2,62.52,5.0
816,360,45,3,456.92,0.0
817,360,38,2,1016.34,20.0
818,361,106,1,65.61,0.0
819,361,5,1,597.45,0.0
820,361,45,2,456.92,10.0
821,361,19,2,604.84,0.0
822,362,35,3,633.08,0.0
823,362,18,1,818.1,0.0
824,362,72,1,474.04,0.0
825,362,16,2,973.78,0.0
826,362,22,1,457.79,10.0
827,363,50,5,994.53,0.0
828,364,12,1,677.11,5.0
829,365,28,1,662.55,0.0
830,365,46,1,854.22,0.0
831,365,11,1,202.6,5.0
832,366,81,2,77.19,0.0
833,366,35,3,633.08,0.0
834,366,7,1,62.52,10.0
835,366,32,1,320.79,0.0
836,367,5,1,597.45,5.0
837,367,35,1,633.08,20.0
838,367,184,3,196.43,0.0
839,368,20,1,339.73,0.0
840,369,18,1,818.1,10.0
841,369,32,1,320.79,0.0
842,370,38,4,1016.34,0.0
843,371,23,1,236.54,0.0
844,372,62,2,77.39,0.0
845,372,48,1,358.48,0.0
846,373,13,2,800.5,10.0
847,373,22,1,457.79,0.0
848,374,151,1,662.95,0.0
849,375,13,2,800.5,0.0
850,376,12,1,677.11,10.0
851,376,47,1,459.02,10.0
852,376,42,2,880.29,0.0
853,376,25,2,631.62,0.0
854,377,206,1,532.41,5.0
855,377,33,2,947.92,0.0
856,378,3,1,557.91,0.0
857,378,41,3,176.54,0.0
858,379,21,1,851.91,0.0
859,379,6,1,34.19,5.0
860,380,58,1,473.18,0.0
861,381,48,2,358.48,0.0
862,381,31,3,185.47,0.0
863,382,4,1,583.61,0.0
864,382,44,2,930.25,0.0
865,382,31,1,185.47,0.0
866,383,42,2,880.29,0.0
867,384,11,1,202.6,0.0
868,385,52,1,994.18,20.0
869,385,148,1,824.22,0.0
870,386,173,3,665.55,10.0
871,387,202,1,427.54,0.0
872,388,16,1,973.78,0.0
873,388,19,1,604.84,10.0
874,389,46,5,854.22,0.0
875,390,14,1,149.0,10.0
876,390,26,1,204.87,10.0
877,391,19,1,604.84,0.0
878,392,20,1,339.73,0.0
879,392,247,1,774.56,0.0
880,392,35,1,633.08,0.0
881,393,44,1,930.25,5.0
882,393,15,5,255.83,0.0
883,394,163,1,234.62,0.0
884,394,52,3,994.18,10.0
885,394,35,1,633.08,10.0
886,394,15,2,255.83,0.0
887,395,39,1,758.76,0.0
888,395,29,1,981.65,0.0
889,396,103,1,656.03,5.0
890,396,23,3,236.54,10.0
891,396,6,5,34.19,0.0
892,397,30,2,658.15,0.0
893,397,29,2,981.65,10.0
894,397,48,4,358.48,0.0
895,398,15,2,255.83,0.0
896,398,174,2,911.18,0.0
897,399,22,3,457.79,0.0
898,400,43,1,935.97,0.0
899,401,53,3,873.28,5.0
900,402,12,1,677.11,0.0
901,402,3,2,557.91,0.0
902,402,9,1,217.62,0.0
903,402,11,1,202.6,5.0
904,403,15,1,255.83,0.0
905,404,55,1,479.69,10.0
906,405,3,3,557.91,0.0
907,406,16,1,973.78,15.0
908,407,32,1,320.79,10.0
909,407,10,3,132.89,0.0
910,407,1,1,643.08,0.0
911,407,12,1,677.11,0.0
912,408,90,5,491.54,10.0
913,408,33,4,947.92,0.0
914,408,16,1,973.78,5.0
915,409,11,2,202.6,0.0
916,410,27,1,287.02,0.0
917,410,29,1,981.65,20.0
918,410,21,5,851.91,0.0
919,411,36,1,72.7,5.0
920,411,155,1,438.96,0.0
921,411,28,1,662.55,0.0
922,411,34,1,43.21,0.0
923,412,101,1,462.13,0.0
924,412,48,1,358.48,0.0
925,412,9,2,217.62,20.0
926,413,24,2,584.38,0.0
927,414,110,1,600.49,5.0
928,414,24,1,584.38,0.0
929,414,10,2,132.89,0.0
930,414,42,1,880.29,0.0
931,415,39,2,758.76,10.0
932,416,13,3,800.5,10.0
933,416,37,2,1009.52,0.0
934,416,32,1,320.79,0.0
935,417,10,2,132.89,10.0
936,418,63,1,958.03,0.0
937,418,35,1,633.08,0.0
938,418,52,3,994.18,5.0
939,418,27,1,287.02,0.0
940,419,18,1,818.1,0.0
941,419,33,1,947.92,0.0
942,419,20,1,339.73,0.0
943,419,47,1,459.02,15.0
944,420,25,2,631.62,0.0
945,421,27,1,287.02,0.0
946,421,12,1,677.11,10.0
947,421,178,1,512.5,0.0
948,421,236,1,384.32,5.0
949,421,31,1,185.47,0.0
950,422,12,1,677.11,0.0
951,422,5,1,597.45,0.0
952,423,33,1,947.92,0.0
953,423,227,4,342.68,0.0
954,423,10,2,132.89,0.0
955,424,28,1,662.55,20.0
956,424,51,1,774.23,0.0
957,425,45,3,456.92,0.0
958,425,237,3,938.43,0.0
959,425,16,1,973.78,0.0
960,426,22,1,457.79,0.0
961,426,31,1,185.47,0.0
962,426,11,1,202.6,5.0
963,427,30,1,658.15,0.0
964,427,14,1,149.0,0.0
965,428,7,1,62.52,0.0
966,428,39,1,758.76,10.0
967,428,16,2,973.78,0.0
968,428,32,1,320.79,10.0
969,428,17,1,173.9,0.0
970,429,229,1,54.7,10.0
971,429,8,1,542.39,0.0
972,430,28,2,662.55,0.0
973,431,4,1,583.61,0.0
974,431,156,1,410.55,0.0
975,431,27,2,287.02,0.0
976,432,31,2,185.47,0.0
977,432,17,1,173.9,0.0
978,433,25,1,631.62,0.0
979,433,14,1,149.0,0.0
980,434,30,1,658.15,10.0
981,435,19,3,604.84,0.0
982,435,12,1,677.11,0.0
983,436,212,1,665.42,5.0
984,436,26,1,204.87,0.0
985,436,45,1,456.92,0.0
986,436,44,1,930.25,0.0
987,437,44,1,930.25,0.0
988,437,20,1,339.73,5.0
989,437,93,2,626.68,0.0
990,438,6,1,34.19,0.0
991,439,97,4,38.5,10.0
992,439,73,1,831.13,0.0
993,439,16,2,973.78,0.0
994,440,17,2,173.9,10.0
995,440,26,1,204.87,0.0
996,441,29,1,981.65,10.0
997,442,12,1,677.11,0.0
998,443,225,1,785.87,10.0
999,443,36,1,72.7,0.0
1000,444,39,1,758.76,10.0
1001,445,34,1,43.21,0.0
1002,445,17,1,173.9,0.0
1003,446,154,3,667.55,0.0
1004,446,51,1,774.23,5.0
1005,446,7,1,62.52,0.0
1006,447,26,1,204.87,0.0
1007,447,2,1,394.13,0.0
1008,447,24,2,584.38,0.0
1009,447,5,2,597.45,15.0
1010,448,95,1,179.64,0.0
1011,448,46,1,854.22,0.0
1012,448,51,2,774.23,10.0
1013,448,49,1,1020.52,15.0
1014,448,16,1,973.78,5.0
1015,449,15,1,255.83,20.0
1016,449,52,1,994.18,5.0
1017,450,180,2,1017.24,0.0
1018,450,240,2,81.35,0.0
1019,451,34,1,43.21,10.0
1020,451,8,1,542.39,0.0
1021,451,22,2,457.79,15.0
1022,452,15,2,255.83,0.0
1023,452,17,2,173.9,5.0
1024,453,33,1,947.92,0.0
1025,453,17,3,173.9,20.0
1026,454,38,1,1016.34,0.0
1027,454,50,2,994.53,5.0
1028,454,34,1,43.21,0.0
1029,455,28,1,662.55,0.0
1030,455,38,2,1016.34,0.0
1031,456,27,1,287.02,0.0
1032,456,30,1,658.15,0.0
1033,457,23,1,236.54,0.0
1034,457,24,2,584.38,0.0
1035,457,30,2,658.15,5.0
1036,457,31,2,185.47,0.0
1037,458,45,1,456.92,10.0
1038,458,16,1,973.78,5.0
1039,458,48,1,358.48,20.0
1040,458,42,2,880.29,10.0
1041,459,35,3,633.08,0.0
1042,459,31,1,185.47,5.0
1043,459,45,2,456.92,0.0
1044,459,27,2,287.02,0.0
1045,459,89,1,568.71,0.0
1046,460,19,3,604.84,0.0
1047,460,104,1,613.34,0.0
1048,460,93,3,626.68,0.0
1049,461,16,3,973.78,0.0
1050,462,42,1,880.29,10.0
1051,462,37,2,1009.52,0.0
1052,463,3,1,557.91,5.0
1053,463,50,1,994.53,0.0
1054,463,141,1,991.87,0.0
1055,464,17,1,173.9,0.0
1056,465,45,1,456.92,0.0
1057,465,228,1,24.69,5.0
1058,465,43,1,935.97,0.0
1059,465,41,1,176.54,20.0
1060,465,47,2,459.02,0.0
1061,466,24,2,584.38,0.0
1062,467,215,2,429.74,0.0
1063,468,33,1,947.92,0.0
1064,468,7,2,62.52,0.0
1065,469,230,1,948.25,0.0
1066,469,43,2,935.97,0.0
1067,469,30,1,658.15,0.0
1068,470,45,2,456.92,0.0
1069,471,21,2,851.91,20.0
1070,471,27,1,287.02,0.0
1071,471,103,3,656.03,10.0
1072,472,16,3,973.78,5.0
1073,472,14,1,149.0,0.0
1074,472,29,4,981.65,5.0
1075,472,254,2,1202.51,20.0
1076,473,2,1,394.13,0.0
1077,473,10,2,132.89,0.0
1078,473,122,2,246.21,0.0
1079,473,38,1,1016.34,0.0
1080,474,27,1,287.02,0.0
1081,475,51,1,774.23,0.0
1082,476,44,1,930.25,0.0
1083,477,42,3,880.29,0.0
1084,477,23,1,236.54,0.0
1085,478,49,1,1020.52,0.0
1086,478,1,1,643.08,0.0
1087,479,36,1,72.7,10.0
1088,479,91,1,291.37,20.0
1089,480,1,1,643.08,0.0
1090,480,24,1,584.38,0.0
1091,481,28,2,662.55,10.0
1092,482,52,2,994.18,0.0
1093,483,37,1,1009.52,0.0
1094,484,42,2,880.29,0.0
1095,484,31,1,185.47,0.0
1096,485,6,2,34.19,5.0
1097,485,16,1,973.78,15.0
1098,486,29,1,981.65,0.0
1099,486,9,2,217.62,0.0
1100,487,45,1,456.92,15.0
1101,487,3,2,557.91,0.0
1102,488,13,1,800.5,10.0
1103,489,37,2,1009.52,0.0
1104,489,30,1,658.15,10.0
1105,489,258,1,563.1,5.0
1106,490,1,1,643.08,15.0
1107,490,6,3,34.19,0.0
1108,491,20,1,339.73,0.0
1109,491,5,1,597.45,0.0
1110,492,32,2,320.79,20.0
1111,492,206,3,532.41,0.0
1112,493,19,2,604.84,0.0
1113,493,25,1,631.62,0.0
1114,494,33,2,947.92,5.0
1115,495,23,3,236.54,0.0
1116,496,100,1,645.31,0.0
1117,496,2,3,394.13,10.0
1118,496,25,1,631.62,0.0
1119,497,29,1,981.65,10.0
1120,497,223,1,389.43,0.0
1121,497,36,1,72.7,5.0
1122,498,3,2,557.91,0.0
1123,498,42,2,880.29,0.0
1124,499,34,1,43.21,0.0
1125,499,91,3,291.37,20.0
1126,500,143,1,435.68,0.0
1127,500,12,2,677.11,0.0
1128,501,92,3,549.63,5.0
1129,501,6,1,34.19,0.0
1130,502,52,1,994.18,0.0
1131,502,44,2,930.25,0.0
1132,502,9,2,217.62,0.0
1133,503,4,4,583.61,20.0
1134,503,50,1,994.53,0.0
1135,504,40,2,520.37,0.0
1136,505,10,1,132.89,0.0
1137,506,35,1,633.08,5.0
1138,506,20,1,339.73,0.0
1139,507,24,1,584.38,0.0
1140,507,45,1,456.92,10.0
1141,508,43,1,935.97,0.0
1142,508,113,2,1162.63,5.0
1143,508,107,3,933.7,20.0
1144,508,19,1,604.84,10.0
1145,509,31,1,185.47,5.0
1146,509,29,1,981.65,0.0
1147,510,214,2,836.23,0.0
1148,510,45,2,456.92,0.0
1149,510,18,1,818.1,0.0
1150,510,11,3,202.6,0.0
1151,510,32,2,320.79,0.0
1152,511,12,3,677.11,15.0
1153,511,27,2,287.02,0.0
1154,512,15,2,255.83,0.0
1155,513,29,2,981.65,0.0
1156,514,30,1,658.15,10.0
1157,514,36,2,72.7,0.0
1158,515,25,1,631.62,0.0
1159,515,60,2,165.23,0.0
1160,516,11,2,202.6,0.0
1161,516,18,1,818.1,0.0
1162,516,17,3,173.9,5.0
1163,517,3,2,557.91,10.0
1164,517,1,2,643.08,0.0
1165,518,42,2,880.29,0.0
1166,519,47,1,459.02,0.0
1167,519,29,2,981.65,0.0
1168,520,25,1,631.62,0.0
1169,520,30,1,658.15,5.0
1170,520,192,1,282.66,0.0
1171,521,5,1,597.45,15.0
1172,521,28,1,662.55,10.0
1173,522,50,1,994.53,0.0
1174,522,51,2,774.23,0.0
1175,523,10,1,132.89,0.0
1176,524,7,1,62.52,0.0
1177,524,41,2,176.54,5.0
1178,525,39,2,758.76,5.0
1179,525,40,1,520.37,0.0
1180,525,32,2,320.79,0.0
1181,525,49,2,1020.52,0.0
1182,526,2,3,394.13,0.0
1183,527,52,1,994.18,10.0
1184,527,6,3,34.19,0.0
1185,527,31,2,185.47,0.0
1186,527,20,3,339.73,0.0
1187,528,50,2,994.53,0.0
1188,528,49,1,1020.52,0.0
1189,529,25,1,631.62,0.0
1190,529,1,3,643.08,10.0
1191,529,35,1,633.08,0.0
1192,530,45,1,456.92,5.0
1193,530,8,2,542.39,0.0
1194,531,120,1,983.93,5.0
1195,531,198,5,904.38,0.0
1196,532,226,1,855.84,5.0
1197,533,50,1,994.53,0.0
1198,534,7,1,62.52,5.0
1199,534,2,1,394.13,0.0
1200,534,40,1,520.37,15.0
1201,535,5,2,597.45,20.0
1202,535,10,5,132.89,0.0
1203,535,155,3,438.96,0.0
1204,535,9,1,217.62,0.0
1205,536,30,1,658.15,0.0
1206,536,158,1,334.84,0.0
1207,536,49,1,1020.52,0.0
1208,537,33,1,947.92,5.0
1209,538,38,1,1016.34,0.0
1210,538,109,1,663.14,0.0
1211,539,52,3,994.18,0.0
1212,539,20,2,339.73,0.0
1213,540,42,1,880.29,10.0
1214,540,46,3,854.22,0.0
1215,541,1,1,643.08,15.0
1216,542,10,2,132.89,0.0
1217,542,38,2,1016.34,5.0
1218,543,8,2,542.39,0.0
1219,543,119,1,891.47,0.0
1220,543,240,3,81.35,5.0
1221,543,1,1,643.08,0.0
1222,544,5,1,597.45,0.0
1223,544,122,1,246.21,0.0
1224,544,156,1,410.55,5.0
1225,545,48,3,358.48,0.0
1226,545,182,2,653.31,0.0
1227,545,40,1,520.37,5.0
1228,545,47,1,459.02,10.0
1229,545,32,2,320.79,10.0
1230,546,35,1,633.08,0.0
1231,547,32,1,320.79,0.0
1232,547,5,1,597.45,0.0
1233,548,44,4,930.25,0.0
1234,548,23,1,236.54,0.0
1235,548,124,2,729.75,5.0
1236,549,10,3,132.89,0.0
1237,549,16,1,973.78,0.0
1238,549,109,1,663.14,10.0
1239,550,45,2,456.92,5.0
1240,550,55,3,479.69,5.0
1241,550,43,2,935.97,0.0
1242,551,5,2,597.45,0.0
1243,551,164,1,211.12,0.0
1244,551,19,3,604.84,15.0
1245,551,21,1,851.91,0.0
1246,552,20,1,339.73,0.0
1247,552,31,3,185.47,5.0
1248,552,243,2,1116.94,15.0
1249,553,250,1,761.52,0.0
1250,553,3,1,557.91,0.0
1251,553,27,3,287.02,0.0
1252,553,103,3,656.03,15.0
1253,554,135,1,277.82,15.0
1254,554,9,2,217.62,0.0
1255,555,37,1,1009.52,0.0
1256,555,40,1,520.37,5.0
1257,555,11,1,202.6,0.0
1258,555,71,1,682.59,5.0
1259,555,31,1,185.47,20.0
1260,556,39,1,758.76,5.0
1261,557,256,2,83.37,0.0
1262,557,164,1,211.12,0.0
1263,557,12,1,677.11,0.0
1264,557,27,1,287.02,0.0
1265,558,179,1,990.0,0.0
1266,559,42,1,880.29,0.0
1267,559,23,1,236.54,0.0
1268,560,22,3,457.79,0.0
1269,560,233,2,27.46,0.0
1270,560,25,2,631.62,0.0
1271,561,13,1,800.5,0.0
1272,561,44,1,930.25,0.0
1273,561,35,2,633.08,0.0
1274,562,32,1,320.79,0.0
1275,562,49,1,1020.52,0.0
1276,563,40,3,520.37,0.0
1277,564,41,2,176.54,0.0
1278,564,127,4,711.21,0.0
1279,565,4,1,583.61,20.0
1280,565,14,1,149.0,10.0
1281,566,201,1,232.35,0.0
1282,566,34,1,43.21,0.0
1283,567,45,3,456.92,0.0
1284,567,28,1,662.55,0.0
1285,568,47,1,459.02,0.0
1286,568,196,1,925.9,5.0
1287,569,32,1,320.79,0.0
1288,570,2,2,394.13,0.0
1289,571,28,1,662.55,0.0
1290,571,47,1,459.02,5.0
1291,571,6,3,34.19,0.0
1292,572,48,1,358.48,10.0
1293,572,26,1,204.87,5.0
1294,573,10,3,132.89,0.0
1295,574,10,1,132.89,0.0
1296,575,216,5,929.01,0.0
1297,575,47,1,459.02,15.0
1298,575,38,1,1016.34,5.0
1299,576,138,1,285.18,15.0
1300,577,16,1,973.78,0.0
1301,577,48,1,358.48,0.0
1302,577,53,2,873.28,20.0
1303,577,33,1,947.92,0.0
1304,578,41,1,176.54,0.0
1305,578,34,1,43.21,0.0
1306,578,6,1,34.19,0.0
1307,579,11,1,202.6,0.0
1308,579,26,1,204.87,20.0
1309,580,41,1,176.54,0.0
1310,580,31,1,185.47,0.0
1311,581,21,1,851.91,0.0
1312,581,36,1,72.7,0.0
1313,581,39,2,758.76,5.0
1314,581,40,1,520.37,0.0
1315,582,28,1,662.55,0.0
1316,582,201,1,232.35,0.0
1317,582,37,1,1009.52,0.0
1318,583,44,1,930.25,5.0
1319,583,42,1,880.29,0.0
1320,583,8,1,542.39,10.0
1321,583,5,1,597.45,0.0
1322,584,11,1,202.6,0.0
1323,585,47,1,459.02,0.0
1324,585,4,2,583.61,0.0
1325,586,45,1,456.92,0.0
1326,587,19,2,604.84,20.0
1327,587,29,1,981.65,10.0
1328,587,3,1,557.91,0.0
1329,587,2,1,394.13,10.0
1330,588,52,1,994.18,5.0
1331,589,17,1,173.9,0.0
1332,589,8,3,542.39,15.0
1333,590,13,1,800.5,0.0
1334,590,26,1,204.87,5.0
1335,591,200,2,731.51,0.0
1336,592,10,1,132.89,0.0
1337,592,219,4,503.95,0.0
1338,592,38,1,1016.34,0.0
1339,593,12,3,677.11,0.0
1340,593,28,2,662.55,5.0
1341,593,3,3,557.91,0.0
1342,594,9,2,217.62,0.0
1343,595,31,1,185.47,5.0
1344,595,27,1,287.02,0.0
1345,596,21,4,851.91,0.0
1346,597,48,3,358.48,10.0
1347,597,151,1,662.95,0.0
1348,598,51,1,774.23,5.0
1349,598,1,3,643.08,0.0
1350,599,9,1,217.62,10.0
1351,599,23,1,236.54,0.0
1352,600,37,4,1009.52,0.0
1353,600,51,1,774.23,15.0
1354,601,29,3,981.65,0.0
1355,601,22,1,457.79,0.0
1356,602,13,3,800.5,0.0
1357,602,16,1,973.78,0.0
1358,603,38,1,1016.34,0.0
1359,603,40,1,520.37,0.0
1360,604,61,1,882.1,0.0
1361,604,32,1,320.79,0.0
1362,604,35,1,633.08,0.0
1363,604,51,2,774.23,0.0
1364,604,27,1,287.02,0.0
1365,605,20,1,339.73,0.0
1366,605,43,2,935.97,5.0
1367,605,35,1,633.08,0.0
1368,606,35,3,633.08,0.0
1369,606,23,5,236.54,0.0
1370,606,3,1,557.91,0.0
1371,607,33,1,947.92,5.0
1372,607,19,2,604.84,0.0
1373,608,114,2,279.33,0.0
1374,609,22,3,457.79,0.0
1375,609,29,1,981.65,0.0
1376,609,185,1,339.91,0.0
1377,610,33,1,947.92,0.0
1378,610,5,1,597.45,0.0
1379,611,14,3,149.0,10.0
1380,611,4,2,583.61,0.0
1381,611,52,1,994.18,0.0
1382,611,20,1,339.73,0.0
1383,612,10,1,132.89,0.0
1384,612,2,3,394.13,0.0
1385,613,49,1,1020.52,0.0
1386,614,43,1,935.97,0.0
1387,614,40,3,520.37,0.0
1388,614,19,1,604.84,15.0
1389,615,50,1,994.53,0.0
1390,615,26,2,204.87,20.0
1391,616,41,1,176.54,0.0
1392,616,239,5,269.05,10.0
1393,617,24,1,584.38,0.0
1394,617,39,3,758.76,0.0
1395,617,138,2,285.18,0.0
1396,618,64,1,586.27,20.0
1397,618,87,1,812.54,0.0
1398,619,33,2,947.92,10.0
1399,620,11,2,202.6,0.0
1400,620,52,1,994.18,5.0
1401,620,28,2,662.55,10.0
1402,621,22,2,457.79,0.0
1403,621,38,1,1016.34,0.0
1404,622,10,5,132.89,0.0
1405,622,36,4,72.7,5.0
1406,622,72,1,474.04,0.0
1407,623,15,2,255.83,0.0
1408,624,187,1,215.12,10.0
1409,625,34,1,43.21,20.0
1410,626,41,3,176.54,0.0
1411,626,39,2,758.76,0.0
1412,626,26,1,204.87,0.0
1413,626,45,1,456.92,10.0
1414,627,17,1,173.9,0.0
1415,628,19,1,604.84,0.0
1416,628,43,1,935.97,0.0
1417,629,12,1,677.11,0.0
1418,630,169,1,863.12,0.0
1419,631,2,2,394.13,0.0
1420,631,37,1,1009.52,0.0
1421,632,45,1,456.92,0.0
1422,632,16,1,973.78,0.0
1423,632,8,2,542.39,0.0
1424,632,34,2,43.21,10.0
1425,633,13,2,800.5,0.0
1426,633,21,1,851.91,0.0
1427,634,10,1,132.89,0.0
1428,634,95,2,179.64,0.0
1429,634,25,1,631.62,0.0
1430,635,57,3,966.47,5.0
1431,635,46,2,854.22,0.0
1432,635,20,1,339.73,0.0
1433,636,21,1,851.91,0.0
1434,636,35,1,633.08,0.0
1435,637,8,2,542.39,0.0
1436,638,22,2,457.79,0.0
1437,638,24,1,584.38,0.0
1438,638,39,3,758.76,0.0
1439,639,32,2,320.79,10.0
1440,640,34,1,43.21,5.0
1441,641,49,2,1020.52,0.0
1442,642,7,1,62.52,0.0
1443,642,14,2,149.0,0.0
1444,642,10,1,132.89,20.0
1445,642,30,1,658.15,0.0
1446,642,9,1,217.62,10.0
1447,643,38,1,1016.34,10.0
1448,644,29,1,981.65,0.0
1449,645,192,1,282.66,10.0
1450,645,6,1,34.19,0.0
1451,646,249,1,229.0,0.0
1452,646,44,1,930.25,0.0
1453,646,36,1,72.7,0.0
1454,647,39,1,758.76,0.0
1455,648,102,1,352.97,20.0
1456,648,30,1,658.15,0.0
1457,649,25,4,631.62,0.0
1458,650,10,3,132.89,0.0
1459,650,27,1,287.02,0.0
1460,651,10,1,132.89,0.0
1461,651,42,1,880.29,0.0
1462,651,59,1,251.22,0.0
1463,651,24,1,584.38,0.0
1464,652,35,1,633.08,0.0
1465,653,8,1,542.39,0.0
1466,653,44,3,930.25,0.0
1467,654,25,3,631.62,0.0
1468,655,20,3,339.73,0.0
1469,655,52,2,994.18,15.0
1470,655,1,1,643.08,0.0
1471,656,47,1,459.02,5.0
1472,657,31,1,185.47,5.0
1473,657,13,3,800.5,0.0
1474,658,32,2,320.79,0.0
1475,658,41,2,176.54,0.0
1476,658,12,1,677.11,20.0
1477,659,174,1,911.18,0.0
1478,659,6,3,34.19,0.0
1479,659,193,1,948.3,20.0
1480,660,23,1,236.54,0.0
1481,660,42,2,880.29,0.0
1482,661,38,1,1016.34,0.0
1483,662,69,1,819.14,0.0
1484,662,18,1,818.1,0.0
1485,663,26,1,204.87,0.0
1486,664,188,3,720.38,0.0
1487,665,55,1,479.69,0.0
1488,665,22,2,457.79,20.0
1489,665,236,1,384.32,0.0
1490,666,29,1,981.65,0.0
1491,666,10,1,132.89,0.0
1492,666,13,1,800.5,15.0
1493,667,42,2,880.29,0.0
1494,667,47,1,459.02,15.0
1495,667,11,1,202.6,0.0
1496,667,82,1,1090.89,10.0
1497,668,9,1,217.62,0.0
1498,669,13,2,800.5,15.0
1499,669,68,1,245.03,0.0
1500,669,3,1,557.91,0.0
1501,669,201,1,232.35,0.0
1502,669,97,1,38.5,0.0
1503,670,17,1,173.9,0.0
1504,670,15,1,255.83,0.0
1505,670,225,2,785.87,0.0
1506,670,26,2,204.87,10.0
1507,670,8,4,542.39,0.0
1508,671,33,1,947.92,0.0
1509,671,43,1,935.97,0.0
1510,672,4,1,583.61,0.0
1511,672,11,1,202.6,0.0
1512,672,31,1,185.47,0.0
1513,672,5,1,597.45,0.0
1514,673,34,1,43.21,5.0
1515,674,162,1,82.72,0.0
1516,674,40,2,520.37,0.0
1517,675,43,4,935.97,0.0
1518,675,33,3,947.92,0.0
1519,676,24,1,584.38,5.0
1520,676,13,1,800.5,0.0
1521,676,25,1,631.62,0.0
1522,676,37,1,1009.52,0.0
1523,676,16,1,973.78,10.0
1524,677,33,3,947.92,0.0
1525,677,26,1,204.87,5.0
1526,677,32,1,320.79,10.0
1527,677,52,1,994.18,0.0
1528,678,31,1,185.47,20.0
1529,678,63,1,958.03,20.0
1530,679,26,1,204.87,0.0
1531,679,4,1,583.61,0.0
1532,680,13,1,800.5,0.0
1533,681,28,2,662.55,5.0
1534,682,100,2,645.31,0.0
1535,682,112,3,1017.21,15.0
1536,683,79,1,861.19,0.0
1537,683,33,1,947.92,0.0
1538,683,43,2,935.97,5.0
1539,683,5,5,597.45,20.0
1540,683,52,1,994.18,10.0
1541,684,51,1,774.23,20.0
1542,684,160,2,248.36,5.0
1543,684,12,1,677.11,0.0
1544,685,126,2,757.74,0.0
1545,685,33,1,947.92,0.0
1546,686,50,1,994.53,0.0
1547,687,1,1,643.08,5.0
1548,687,19,1,604.84,5.0
1549,687,49,1,1020.52,0.0
1550,688,41,1,176.54,10.0
1551,688,170,1,814.48,0.0
1552,689,50,1,994.53,10.0
1553,690,9,1,217.62,0.0
1554,691,24,5,584.38,0.0
1555,692,193,2,948.3,0.0
1556,692,32,2,320.79,5.0
1557,692,25,1,631.62,5.0
1558,692,12,2,677.11,10.0
1559,693,19,2,604.84,0.0
1560,693,20,1,339.73,0.0
1561,694,186,1,919.63,0.0
1562,694,22,1,457.79,0.0
1563,694,179,1,990.0,0.0
1564,695,52,2,994.18,10.0
1565,696,79,1,861.19,0.0
1566,697,29,1,981.65,0.0
1567,697,34,4,43.21,0.0
1568,697,17,2,173.9,0.0
1569,698,3,2,557.91,0.0
1570,698,32,1,320.79,20.0
1571,698,115,3,625.25,0.0
1572,699,38,1,1016.34,0.0
1573,699,16,1,973.78,0.0
1574,699,45,3,456.92,10.0
1575,699,10,1,132.89,0.0
1576,700,251,1,395.15,15.0
1577,700,32,2,320.79,10.0
1578,700,36,1,72.7,0.0
1579,700,49,1,1020.52,0.0
1580,701,52,1,994.18,0.0
1581,702,7,1,62.52,10.0
1582,702,225,2,785.87,10.0
1583,703,1,3,643.08,0.0
1584,703,140,1,441.37,0.0
1585,704,166,1,881.42,5.0
1586,705,1,1,643.08,0.0
1587,706,5,1,597.45,5.0
1588,706,52,1,994.18,0.0
1589,707,45,1,456.92,0.0
1590,707,43,1,935.97,0.0
1591,707,144,1,927.22,0.0
1592,708,42,1,880.29,0.0
1593,709,53,2,873.28,0.0
1594,709,10,3,132.89,20.0
1595,710,1,1,643.08,0.0
1596,710,37,4,1009.52,0.0
1597,711,191,1,733.3,0.0
1598,711,245,2,396.55,0.0
1599,712,45,1,456.92,0.0
1600,712,7,1,62.52,15.0
1601,713,14,1,149.0,10.0
1602,713,32,1,320.79,10.0
1603,714,3,1,557.91,0.0
1604,714,20,4,339.73,0.0
1605,715,43,1,935.97,10.0
1606,715,143,3,435.68,0.0
1607,716,1,1,643.08,0.0
1608,717,11,2,202.6,0.0
1609,717,40,1,520.37,10.0
1610,717,15,2,255.83,0.0
1611,717,35,5,633.08,0.0
1612,718,16,1,973.78,0.0
1613,718,34,1,43.21,0.0
1614,718,14,1,149.0,0.0
1615,718,40,1,520.37,0.0
1616,719,256,2,83.37,0.0
1617,719,111,1,932.22,0.0
1618,719,46,1,854.22,0.0
1619,720,20,1,339.73,15.0
1620,720,15,1,255.83,0.0
1621,720,1,1,643.08,0.0
1622,720,11,1,202.6,0.0
1623,721,16,1,973.78,5.0
1624,722,21,1,851.91,0.0
1625,723,32,1,320.79,0.0
1626,723,34,1,43.21,0.0
1627,723,30,3,658.15,0.0
1628,724,50,1,994.53,0.0
1629,724,16,2,973.78,0.0
1630,725,2,1,394.13,0.0
1631,726,31,3,185.47,0.0
1632,726,1,1,643.08,5.0
1633,727,28,1,662.55,0.0
1634,728,42,2,880.29,0.0
1635,728,19,1,604.84,0.0
1636,729,16,2,973.78,0.0
1637,729,1,1,643.08,0.0
1638,730,37,1,1009.52,0.0
1639,730,101,1,462.13,5.0
1640,730,50,4,994.53,0.0
1641,730,40,1,520.37,0.0
1642,731,17,1,173.9,0.0
1643,731,49,1,1020.52,0.0
1644,731,41,1,176.54,0.0
1645,732,18,2,818.1,0.0
1646,732,10,1,132.89,10.0
1647,732,12,1,677.11,0.0
1648,732,47,1,459.02,0.0
1649,733,76,1,920.83,0.0
1650,733,28,1,662.55,0.0
1651,734,39,2,758.76,0.0
1652,734,7,1,62.52,0.0
1653,735,40,1,520.37,0.0
1654,736,20,3,339.73,5.0
1655,737,52,1,994.18,0.0
1656,737,169,2,863.12,0.0
1657,738,112,1,1017.21,15.0
1658,739,16,1,973.78,0.0
1659,739,14,3,149.0,0.0
1660,740,21,1,851.91,0.0
1661,740,49,2,1020.52,0.0
1662,741,33,1,947.92,0.0
1663,742,4,1,583.61,10.0
1664,742,139,1,544.47,0.0
1665,742,23,1,236.54,0.0
1666,743,29,1,981.65,0.0
1667,743,46,1,854.22,0.0
1668,743,32,1,320.79,0.0
1669,744,255,4,537.33,0.0
1670,745,69,2,819.14,0.0
1671,746,17,1,173.9,0.0
1672,746,19,1,604.84,0.0
1673,747,23,1,236.54,5.0
1674,747,16,1,973.78,0.0
1675,748,17,2,173.9,0.0
1676,748,46,3,854.22,0.0
1677,749,146,1,1020.84,0.0
1678,749,103,1,656.03,0.0
1679,750,21,2,851.91,0.0
1680,751,127,1,711.21,10.0
1681,751,9,1,217.62,0.0
1682,751,54,2,21.31,10.0
1683,751,21,3,851.91,0.0
1684,752,4,2,583.61,20.0
1685,752,78,2,1047.68,5.0
1686,753,18,1,818.1,0.0
1687,753,40,1,520.37,5.0
1688,754,40,1,520.37,5.0
1689,754,24,2,584.38,0.0
1690,755,5,1,597.45,0.0
1691,755,26,1,204.87,20.0
1692,756,21,1,851.91,15.0
1693,756,69,1,819.14,0.0
1694,756,186,2,919.63,0.0
1695,757,49,1,1020.52,0.0
1696,757,4,2,583.61,0.0
1697,758,28,1,662.55,0.0
1698,758,70,2,532.42,10.0
1699,759,177,2,592.34,0.0
1700,760,188,1,720.38,0.0
1701,761,47,2,459.02,10.0
1702,761,83,1,144.27,10.0
1703,761,35,2,633.08,0.0
1704,762,33,1,947.92,0.0
1705,762,39,1,758.76,15.0
1706,762,21,1,851.91,0.0
1707,762,38,1,1016.34,0.0
1708,763,30,1,658.15,0.0
1709,764,121,2,223.46,20.0
1710,764,25,3,631.62,10.0
1711,764,51,1,774.23,10.0
1712,765,29,1,981.65,5.0
1713,766,56,1,776.63,0.0
1714,766,10,1,132.89,15.0
1715,766,47,3,459.02,0.0
1716,767,4,1,583.61,0.0
1717,767,23,4,236.54,15.0
1718,768,5,2,597.45,5.0
1719,768,40,3,520.37,0.0
1720,768,26,1,204.87,5.0
1721,768,33,1,947.92,0.0
1722,769,25,1,631.62,0.0
1723,769,18,1,818.1,20.0
1724,770,41,1,176.54,0.0
1725,770,30,2,658.15,0.0
1726,770,44,1,930.25,0.0
1727,771,18,1,818.1,0.0
1728,772,213,5,50.55,0.0
1729,773,18,1,818.1,10.0
1730,773,30,1,658.15,0.0
1731,773,44,1,930.25,15.0
1732,774,23,2,236.54,0.0
1733,774,14,2,149.0,0.0
1734,774,11,2,202.6,0.0
1735,774,40,3,520.37,0.0
1736,775,47,1,459.02,0.0
1737,775,79,2,861.19,20.0
1738,776,13,2,800.5,10.0
1739,777,31,2,185.47,0.0
1740,777,11,2,202.6,0.0
1741,778,6,1,34.19,0.0
1742,779,146,2,1020.84,0.0
1743,779,14,3,149.0,0.0
1744,779,36,1,72.7,0.0
1745,779,24,1,584.38,0.0
1746,780,30,3,658.15,0.0
1747,780,21,3,851.91,0.0
1748,780,34,1,43.21,0.0
1749,781,8,2,542.39,0.0
1750,781,2,1,394.13,15.0
1751,782,210,5,664.24,0.0
1752,783,45,2,456.92,15.0
1753,784,26,1,204.87,0.0
1754,784,18,1,818.1,0.0
1755,784,37,2,1009.52,0.0
1756,785,22,3,457.79,10.0
1757,786,32,1,320.79,5.0
1758,786,38,2,1016.34,20.0
1759,787,23,1,236.54,0.0
1760,787,8,1,542.39,0.0
1761,787,47,1,459.02,0.0
1762,787,45,1,456.92,0.0
1763,787,34,1,43.21,0.0
1764,788,8,1,542.39,0.0
1765,789,19,1,604.84,0.0
1766,789,24,1,584.38,10.0
1767,790,51,1,774.23,0.0
1768,791,52,3,994.18,0.0
1769,791,10,1,132.89,0.0
1770,792,81,2,77.19,0.0
1771,793,48,2,358.48,0.0
1772,794,37,1,1009.52,0.0
1773,794,24,1,584.38,0.0
1774,795,21,2,851.91,0.0
1775,795,22,3,457.79,0.0
1776,795,43,1,935.97,0.0
1777,796,24,1,584.38,10.0
1778,796,100,1,645.31,0.0
1779,797,200,3,731.51,10.0
1780,797,191,1,733.3,0.0
1781,797,26,1,204.87,0.0
1782,797,24,1,584.38,5.0
1783,797,33,1,947.92,0.0
1784,798,29,2,981.65,0.0
1785,798,163,1,234.62,0.0
1786,798,43,3,935.97,0.0
1787,799,30,1,658.15,0.0
1788,799,87,1,812.54,0.0
1789,799,23,1,236.54,10.0
1790,799,51,1,774.23,0.0
1791,799,47,3,459.02,0.0
1792,800,11,2,202.6,0.0
1793,800,36,5,72.7,5.0
1794,800,22,1,457.79,0.0
1795,801,6,1,34.19,0.0
1796,801,128,2,1064.68,0.0
1797,801,8,2,542.39,5.0
1798,802,34,2,43.21,0.0
1799,802,38,1,1016.34,0.0
1800,802,110,1,600.49,0.0
1801,802,190,1,998.17,15.0
1802,803,42,1,880.29,0.0
1803,803,8,1,542.39,15.0
1804,803,138,2,285.18,0.0
1805,803,28,1,662.55,0.0
1806,804,10,1,132.89,0.0
1807,804,33,4,947.92,0.0
1808,804,74,1,166.27,0.0
1809,804,114,2,279.33,10.0
1810,805,10,2,132.89,20.0
1811,805,143,1,435.68,0.0
1812,805,115,1,625.25,15.0
1813,806,30,1,658.15,0.0
1814,806,4,1,583.61,0.0
1815,806,143,1,435.68,0.0
1816,807,41,1,176.54,0.0
1817,808,37,2,1009.52,0.0
1818,808,52,1,994.18,0.0
1819,809,37,2,1009.52,0.0
1820,809,48,1,358.48,0.0
1821,810,70,1,532.42,0.0
1822,810,12,1,677.11,0.0
1823,811,50,1,994.53,0.0
1824,812,41,4,176.54,0.0
1825,813,48,1,358.48,0.0
1826,813,42,3,880.29,5.0
1827,814,17,1,173.9,0.0
1828,814,39,2,758.76,0.0
1829,814,14,3,149.0,0.0
1830,814,2,2,394.13,5.0
1831,815,39,1,758.76,0.0
1832,815,14,1,149.0,0.0
1833,816,10,1,132.89,0.0
1834,816,29,2,981.65,0.0
1835,816,49,1,1020.52,0.0
1836,816,27,1,287.02,0.0
1837,817,92,5,549.63,0.0
1838,817,28,1,662.55,0.0
1839,818,47,1,459.02,0.0
1840,818,10,1,132.89,20.0
1841,818,81,1,77.19,5.0
1842,819,14,1,149.0,20.0
1843,820,29,1,981.65,0.0
1844,821,163,2,234.62,0.0
1845,822,12,1,677.11,0.0
1846,822,22,1,457.79,0.0
1847,822,98,3,932.39,0.0
1848,823,19,1,604.84,0.0
1849,823,51,2,774.23,10.0
1850,824,48,1,358.48,0.0
1851,824,29,1,981.65,0.0
1852,825,7,1,62.52,0.0
1853,825,50,1,994.53,0.0
1854,826,3,3,557.91,0.0
1855,826,221,4,294.07,0.0
1856,826,15,1,255.83,0.0
1857,827,115,2,625.25,0.0
1858,828,134,2,426.27,0.0
1859,828,28,2,662.55,10.0
1860,829,5,2,597.45,0.0
1861,829,1,1,643.08,5.0
1862,829,36,1,72.7,0.0
1863,829,200,1,731.51,20.0
1864,830,49,1,1020.52,0.0
1865,830,43,1,935.97,5.0
1866,830,41,2,176.54,5.0
1867,831,135,3,277.82,0.0
1868,831,6,2,34.19,0.0
1869,832,29,3,981.65,20.0
1870,832,51,2,774.23,0.0
1871,833,257,1,118.54,15.0
1872,833,11,2,202.6,0.0
1873,833,36,2,72.7,0.0
1874,834,52,5,994.18,0.0
1875,834,24,1,584.38,10.0
1876,835,9,2,217.62,5.0
1877,835,43,2,935.97,0.0
1878,835,26,1,204.87,0.0
1879,835,8,2,542.39,0.0
1880,836,37,1,1009.52,0.0
1881,836,49,1,1020.52,20.0
1882,837,142,1,89.71,20.0
1883,837,18,2,818.1,0.0
1884,838,9,2,217.62,0.0
1885,838,8,1,542.39,0.0
1886,839,4,5,583.61,5.0
1887,839,26,3,204.87,0.0
1888,840,88,1,757.47,0.0
1889,840,37,1,1009.52,0.0
1890,840,83,1,144.27,0.0
1891,841,44,2,930.25,0.0
1892,842,2,2,394.13,0.0
1893,842,12,3,677.11,0.0
1894,843,11,2,202.6,5.0
1895,844,26,1,204.87,15.0
1896,844,11,2,202.6,0.0
1897,845,22,3,457.79,0.0
1898,845,27,1,287.02,0.0
1899,845,15,1,255.83,0.0
1900,846,17,1,173.9,15.0
1901,847,3,1,557.91,0.0
1902,848,5,3,597.45,10.0
1903,848,33,1,947.92,10.0
1904,849,105,1,888.35,5.0
1905,849,11,2,202.6,0.0
1906,849,39,1,758.76,0.0
1907,849,45,2,456.92,0.0
1908,849,23,2,236.54,0.0
1909,850,14,1,149.0,0.0
1910,850,49,2,1020.52,0.0
1911,851,51,2,774.23,0.0
1912,852,52,1,994.18,0.0
1913,853,8,2,542.39,0.0
1914,854,8,1,542.39,5.0
1915,854,2,1,394.13,0.0
1916,855,30,1,658.15,0.0
1917,855,37,2,1009.52,0.0
1918,855,21,1,851.91,10.0
1919,855,74,2,166.27,0.0
1920,855,73,3,831.13,5.0
1921,856,19,1,604.84,15.0
1922,856,44,1,930.25,15.0
1923,856,4,1,583.61,0.0
1924,856,22,1,457.79,0.0
1925,857,49,1,1020.52,0.0
1926,858,3,1,557.91,10.0
1927,858,71,1,682.59,0.0
1928,859,186,2,919.63,5.0
1929,859,29,1,981.65,0.0
1930,860,36,1,72.7,0.0
1931,860,39,2,758.76,20.0
1932,860,38,1,1016.34,5.0
1933,860,126,1,757.74,15.0
1934,860,33,1,947.92,0.0
1935,861,5,1,597.45,0.0
1936,861,27,5,287.02,0.0
1937,862,5,1,597.45,5.0
1938,863,79,1,861.19,0.0
1939,863,208,3,1182.18,0.0
1940,863,5,1,597.45,0.0
1941,863,41,1,176.54,0.0
1942,864,75,3,448.57,15.0
1943,865,51,5,774.23,0.0
1944,865,48,1,358.48,0.0
1945,865,15,2,255.83,0.0
1946,865,8,1,542.39,0.0
1947,866,17,2,173.9,0.0
1948,867,161,3,417.52,0.0
1949,868,21,1,851.91,0.0
1950,868,43,4,935.97,0.0
1951,868,22,2,457.79,20.0
1952,868,8,2,542.39,0.0
1953,869,33,1,947.92,0.0
1954,870,17,1,173.9,5.0
1955,871,7,1,62.52,15.0
1956,871,258,1,563.1,0.0
1957,872,11,1,202.6,0.0
1958,872,21,5,851.91,0.0
1959,872,18,2,818.1,0.0
1960,872,254,1,1202.51,0.0
1961,873,43,1,935.97,0.0
1962,874,3,1,557.91,0.0
1963,874,11,2,202.6,0.0
1964,875,20,1,339.73,10.0
1965,876,185,3,339.91,0.0
1966,876,46,2,854.22,0.0
1967,877,37,2,1009.52,15.0
1968,877,35,1,633.08,0.0
1969,877,9,2,217.62,0.0
1970,878,172,3,225.41,0.0
1971,878,25,2,631.62,15.0
1972,878,8,1,542.39,0.0
1973,878,2,3,394.13,0.0
1974,878,36,2,72.7,0.0
1975,879,19,2,604.84,0.0
1976,880,29,1,981.65,10.0
1977,880,39,3,758.76,0.0
1978,881,3,1,557.91,0.0
1979,881,43,2,935.97,10.0
1980,882,99,1,255.18,5.0
1981,882,31,1,185.47,0.0
1982,883,35,1,633.08,0.0
1983,883,41,3,176.54,0.0
1984,884,162,2,82.72,0.0
1985,885,10,2,132.89,0.0
1986,886,22,1,457.79,20.0
1987,886,160,1,248.36,10.0
1988,887,17,1,173.9,0.0
1989,887,25,2,631.62,15.0
1990,887,7,1,62.52,0.0
1991,888,23,1,236.54,0.0
1992,889,51,4,774.23,0.0
1993,889,16,1,973.78,0.0
1994,890,31,1,185.47,0.0
1995,891,14,1,149.0,5.0
1996,891,22,1,457.79,0.0
1997,892,33,1,947.92,5.0
1998,892,49,2,1020.52,20.0
1999,892,1,1,643.08,0.0
2000,893,35,2,633.08,15.0
2001,894,51,2,774.23,0.0
2002,895,48,2,358.48,0.0
2003,896,199,1,989.05,0.0
2004,896,96,2,1121.55,0.0
2005,897,240,1,81.35,0.0
2006,898,36,2,72.7,0.0
2007,898,45,1,456.92,0.0
2008,898,31,3,185.47,0.0
2009,899,23,3,236.54,0.0
2010,899,15,2,255.83,0.0
2011,900,28,1,662.55,0.0
2012,900,27,3,287.02,0.0
2013,900,36,2,72.7,0.0
2014,900,220,4,850.53,0.0
2015,901,18,2,818.1,10.0
2016,902,8,2,542.39,10.0
2017,902,84,1,564.13,15.0
2018,902,51,2,774.23,0.0
2019,903,9,1,217.62,0.0
2020,903,18,1,818.1,20.0
2021,904,25,1,631.62,0.0
2022,904,3,1,557.91,0.0
2023,904,160,3,248.36,20.0
2024,904,50,1,994.53,0.0
2025,905,132,1,758.96,0.0
2026,905,25,1,631.62,0.0
2027,906,27,1,287.02,0.0
2028,906,251,1,395.15,0.0
2029,906,30,1,658.15,0.0
2030,906,52,1,994.18,5.0
2031,907,51,1,774.23,20.0
2032,907,14,1,149.0,5.0
2033,907,111,3,932.22,0.0
2034,907,13,2,800.5,0.0
2035,908,17,1,173.9,5.0
2036,909,22,1,457.79,0.0
2037,909,6,1,34.19,0.0
2038,910,46,1,854.22,0.0
2039,910,256,1,83.37,0.0
2040,911,22,4,457.79,0.0
2041,911,31,1,185.47,0.0
2042,912,18,1,818.1,5.0
2043,913,196,2,925.9,10.0
2044,913,34,4,43.21,0.0
2045,914,23,1,236.54,0.0
2046,914,39,1,758.76,0.0
2047,915,214,1,836.23,10.0
2048,915,11,1,202.6,0.0
2049,916,32,2,320.79,5.0
2050,917,177,2,592.34,15.0
2051,918,30,2,658.15,0.0
2052,918,211,3,1092.93,20.0
2053,919,19,1,604.84,0.0
2054,919,43,1,935.97,15.0
2055,920,28,3,662.55,20.0
2056,921,95,1,179.64,0.0
2057,921,39,2,758.76,0.0
2058,921,193,1,948.3,5.0
2059,922,23,1,236.54,10.0
2060,922,52,1,994.18,0.0
2061,923,28,1,662.55,0.0
2062,924,41,1,176.54,0.0
2063,925,180,3,1017.24,0.0
2064,926,19,1,604.84,0.0
2065,926,13,1,800.5,0.0
2066,926,9,3,217.62,0.0
2067,926,46,1,854.22,0.0
2068,927,25,1,631.62,0.0
2069,927,55,1,479.69,0.0
2070,927,87,1,812.54,10.0
2071,927,20,3,339.73,20.0
2072,928,45,1,456.92,0.0
2073,928,36,1,72.7,0.0
2074,929,82,1,1090.89,5.0
2075,929,29,2,981.65,0.0
2076,930,26,2,204.87,0.0
2077,930,8,4,542.39,0.0
2078,931,5,2,597.45,0.0
2079,931,52,3,994.18,5.0
2080,932,99,3,255.18,20.0
2081,932,33,2,947.92,10.0
2082,932,39,1,758.76,20.0
2083,932,49,1,1020.52,20.0
2084,932,160,3,248.36,0.0
2085,933,48,1,358.48,0.0
2086,933,8,5,542.39,5.0
2087,934,49,1,1020.52,0.0
2088,934,28,3,662.55,0.0
2089,935,23,2,236.54,0.0
2090,935,35,2,633.08,0.0
2091,935,137,2,424.86,0.0
2092,936,197,1,893.87,0.0
2093,936,204,2,504.77,0.0
2094,937,22,4,457.79,0.0
2095,937,40,3,520.37,10.0
2096,938,98,1,932.39,0.0
2097,938,29,2,981.65,0.0
2098,939,50,2,994.53,5.0
2099,939,10,1,132.89,0.0
2100,940,48,2,358.48,0.0
2101,940,43,1,935.97,0.0
2102,941,41,2,176.54,5.0
2103,941,19,2,604.84,0.0
2104,942,51,1,774.23,5.0
2105,942,45,1,456.92,0.0
2106,943,52,1,994.18,0.0
2107,944,78,2,1047.68,10.0
2108,944,49,2,1020.52,0.0
2109,944,43,2,935.97,15.0
2110,945,18,1,818.1,0.0
2111,945,25,1,631.62,0.0
2112,945,4,1,583.61,15.0
2113,946,48,1,358.48,20.0
2114,946,44,1,930.25,0.0
2115,947,170,1,814.48,10.0
2116,948,224,3,402.49,10.0
2117,949,44,1,930.25,0.0
2118,949,18,2,818.1,0.0
2119,950,9,2,217.62,0.0
2120,950,43,1,935.97,0.0
2121,951,164,1,211.12,0.0
2122,951,22,3,457.79,10.0
2123,952,9,2,217.62,0.0
2124,952,12,1,677.11,0.0
2125,953,18,1,818.1,0.0
2126,954,27,4,287.02,5.0
2127,954,195,2,549.52,5.0
2128,954,40,2,520.37,0.0
2129,955,18,1,818.1,0.0
2130,956,232,1,968.09,0.0
2131,956,18,1,818.1,0.0
2132,957,25,1,631.62,0.0
2133,957,3,3,557.91,0.0
2134,957,2,2,394.13,0.0
2135,957,27,1,287.02,10.0
2136,958,37,1,1009.52,0.0
2137,959,13,2,800.5,0.0
2138,960,10,2,132.89,0.0
2139,960,211,2,1092.93,0.0
2140,960,36,1,72.7,0.0
2141,961,7,1,62.52,0.0
2142,961,9,1,217.62,0.0
2143,961,45,1,456.92,5.0
2144,962,10,1,132.89,0.0
2145,963,19,2,604.84,0.0
2146,963,21,1,851.91,0.0
2147,964,161,1,417.52,0.0
2148,964,37,1,1009.52,5.0
2149,965,33,1,947.92,0.0
2150,966,44,2,930.25,0.0
2151,966,13,2,800.5,0.0
2152,966,40,1,520.37,5.0
2153,967,26,2,204.87,0.0
2154,967,175,1,628.11,0.0
2155,967,4,2,583.61,0.0
2156,968,33,1,947.92,0.0
2157,968,6,1,34.19,5.0
2158,968,28,2,662.55,5.0
2159,969,18,1,818.1,0.0
2160,969,149,2,668.87,0.0
2161,969,97,1,38.5,0.0
2162,970,52,1,994.18,0.0
2163,970,35,1,633.08,0.0
2164,971,21,1,851.91,0.0
2165,971,1,1,643.08,20.0
2166,972,49,1,1020.52,0.0
2167,973,14,3,149.0,0.0
2168,973,210,2,664.24,0.0
2169,974,6,1,34.19,15.0
2170,974,52,1,994.18,0.0
2171,974,41,1,176.54,0.0
2172,974,2,1,394.13,0.0
2173,975,140,1,441.37,15.0
2174,975,13,1,800.5,0.0
2175,976,17,2,173.9,0.0
2176,977,165,5,882.32,0.0
2177,978,42,1,880.29,20.0
2178,978,26,1,204.87,5.0
2179,978,17,1,173.9,0.0
2180,978,6,1,34.19,5.0
2181,979,28,2,662.55,0.0
2182,979,2,1,394.13,0.0
2183,979,183,2,473.71,0.0
2184,980,252,2,686.58,15.0
2185,980,45,2,456.92,0.0
2186,980,24,1,584.38,0.0
2187,981,25,1,631.62,0.0
2188,981,9,2,217.62,0.0
2189,981,117,3,659.17,0.0
2190,981,38,2,1016.34,20.0
2191,982,21,1,851.91,0.0
2192,982,52,1,994.18,0.0
2193,982,25,1,631.62,5.0
2194,982,41,1,176.54,0.0
2195,982,30,1,658.15,0.0
2196,983,98,2,932.39,0.0
2197,984,49,2,1020.52,0.0
2198,985,99,1,255.18,0.0
2199,985,148,2,824.22,5.0
2200,986,3,1,557.91,15.0
2201,986,22,1,457.79,0.0
2202,987,12,1,677.11,0.0
2203,987,11,1,202.6,10.0
2204,987,1,2,643.08,0.0
2205,987,34,4,43.21,0.0
2206,987,26,2,204.87,0.0
2207,988,15,2,255.83,20.0
2208,988,43,2,935.97,0.0
2209,989,48,1,358.48,0.0
2210,989,21,1,851.91,15.0
2211,989,46,1,854.22,0.0
2212,990,5,1,597.45,0.0
2213,990,2,1,394.13,0.0
2214,990,52,2,994.18,0.0
2215,991,2,2,394.13,0.0
2216,991,25,1,631.62,0.0
2217,991,111,1,932.22,0.0
2218,991,14,1,149.0,0.0
2219,992,42,1,880.29,0.0
2220,992,95,1,179.64,10.0
2221,992,85,1,681.02,0.0
2222,992,9,1,217.62,10.0
2223,993,12,1,677.11,0.0
2224,993,44,1,930.25,0.0
2225,993,45,1,456.92,10.0
2226,993,109,3,663.14,10.0
2227,994,138,1,285.18,0.0
2228,994,3,1,557.91,0.0
2229,994,14,2,149.0,0.0
2230,994,24,1,584.38,10.0
2231,995,50,2,994.53,0.0
2232,995,40,2,520.37,0.0
2233,995,35,1,633.08,10.0
2234,995,11,1,202.6,0.0
2235,996,25,1,631.62,10.0
2236,997,43,1,935.97,5.0
2237,997,17,1,173.9,0.0
2238,998,30,1,658.15,10.0
2239,998,120,1,983.93,0.0
2240,998,45,3,456.92,0.0
2241,998,7,2,62.52,0.0
2242,999,5,1,597.45,0.0
2243,1000,84,1,564.13,10.0
2244,1000,26,1,204.87,0.0
2245,1001,67,3,808.59,0.0
2246,1002,221,1,294.07,0.0
2247,1002,236,2,384.32,0.0
2248,1003,52,1,994.18,0.0
2249,1003,5,1,597.45,0.0
2250,1003,24,4,584.38,0.0
2251,1004,10,2,132.89,0.0
2252,1004,18,1,818.1,0.0
2253,1004,16,1,973.78,0.0
2254,1005,63,1,958.03,0.0
2255,1006,40,2,520.37,0.0
2256,1006,19,2,604.84,0.0
2257,1006,35,1,633.08,0.0
2258,1007,138,2,285.18,0.0
2259,1008,1,2,643.08,5.0
2260,1008,3,2,557.91,10.0
2261,1009,35,2,633.08,5.0
2262,1009,46,1,854.22,0.0
2263,1010,85,1,681.02,0.0
2264,1010,46,1,854.22,10.0
2265,1010,7,1,62.52,0.0
2266,1011,245,1,396.55,0.0
2267,1011,20,1,339.73,0.0
2268,1011,32,1,320.79,0.0
2269,1012,53,1,873.28,0.0
2270,1012,68,4,245.03,15.0
2271,1012,12,1,677.11,0.0
2272,1012,238,1,31.94,0.0
2273,1012,202,1,427.54,0.0
2274,1013,48,1,358.48,0.0
2275,1014,19,1,604.84,5.0
2276,1014,44,1,930.25,0.0
2277,1015,9,3,217.62,0.0
2278,1016,28,2,662.55,5.0
2279,1016,3,1,557.91,0.0
2280,1017,43,1,935.97,0.0
2281,1018,6,1,34.19,0.0
2282,1019,106,2,65.61,0.0
2283,1019,19,1,604.84,5.0
2284,1020,5,2,597.45,15.0
2285,1021,36,3,72.7,10.0
2286,1021,17,2,173.9,5.0
2287,1022,243,1,1116.94,5.0
2288,1022,1,1,643.08,0.0
2289,1022,44,1,930.25,0.0
2290,1023,154,1,667.55,0.0
2291,1023,49,1,1020.52,10.0
2292,1023,12,2,677.11,5.0
2293,1024,40,3,520.37,15.0
2294,1024,3,2,557.91,0.0
2295,1024,48,1,358.48,15.0
2296,1024,42,1,880.29,5.0
2297,1025,34,4,43.21,0.0
2298,1025,48,1,358.48,0.0
2299,1025,7,2,62.52,0.0
2300,1025,15,1,255.83,0.0
2301,1025,250,2,761.52,0.0
2302,1026,19,1,604.84,20.0
2303,1026,48,1,358.48,15.0
2304,1026,6,1,34.19,0.0
2305,1027,136,3,185.33,0.0
2306,1028,34,4,43.21,0.0
2307,1029,123,1,272.6,0.0
2308,1030,37,2,1009.52,0.0
2309,1030,51,1,774.23,0.0
2310,1031,17,2,173.9,15.0
2311,1031,14,2,149.0,0.0
2312,1031,26,1,204.87,0.0
2313,1032,235,1,180.69,0.0
2314,1032,249,1,229.0,0.0
2315,1032,38,1,1016.34,0.0
2316,1032,51,1,774.23,0.0
2317,1033,221,4,294.07,0.0
2318,1033,43,2,935.97,5.0
2319,1033,157,1,388.76,0.0
2320,1034,90,1,491.54,0.0
2321,1034,7,1,62.52,5.0
2322,1035,51,1,774.23,0.0
2323,1036,47,1,459.02,0.0
2324,1037,31,1,185.47,0.0
2325,1037,203,2,131.33,5.0
2326,1037,2,1,394.13,0.0
2327,1038,8,2,542.39,0.0
2328,1038,33,1,947.92,20.0
2329,1038,119,3,891.47,0.0
2330,1039,46,1,854.22,0.0
2331,1039,23,3,236.54,10.0
2332,1039,236,1,384.32,0.0
2333,1039,19,2,604.84,10.0
2334,1040,30,2,658.15,0.0
2335,1040,36,1,72.7,0.0
2336,1040,41,1,176.54,0.0
2337,1041,46,2,854.22,0.0
2338,1041,205,2,227.28,0.0
2339,1042,48,2,358.48,0.0
2340,1042,41,1,176.54,15.0
2341,1042,5,1,597.45,5.0
2342,1043,206,1,532.41,0.0
2343,1043,39,2,758.76,0.0
2344,1043,13,5,800.5,0.0
2345,1043,44,1,930.25,0.0
2346,1044,26,3,204.87,0.0
2347,1044,40,1,520.37,0.0
2348,1045,18,2,818.1,0.0
2349,1045,19,1,604.84,0.0
2350,1045,25,1,631.62,0.0
2351,1045,43,1,935.97,0.0
2352,1046,23,1,236.54,10.0
2353,1046,20,1,339.73,20.0
2354,1047,58,1,473.18,0.0
2355,1048,173,1,665.55,10.0
2356,1048,1,1,643.08,5.0
2357,1049,28,3,662.55,0.0
2358,1049,243,1,1116.94,0.0
2359,1050,21,1,851.91,5.0
2360,1050,5,1,597.45,0.0
2361,1051,17,1,173.9,0.0
2362,1051,89,2,568.71,0.0
2363,1051,132,3,758.96,5.0
2364,1052,5,1,597.45,0.0
2365,1052,32,3,320.79,0.0
2366,1052,11,1,202.6,0.0
2367,1052,34,3,43.21,15.0
2368,1052,15,2,255.83,5.0
2369,1053,155,2,438.96,0.0
2370,1054,26,3,204.87,0.0
2371,1054,8,1,542.39,5.0
2372,1055,38,1,1016.34,0.0
2373,1055,29,1,981.65,0.0
2374,1055,51,1,774.23,5.0
2375,1056,24,1,584.38,15.0
2376,1056,7,1,62.52,5.0
2377,1056,40,3,520.37,15.0
2378,1056,26,1,204.87,15.0
2379,1057,50,1,994.53,20.0
2380,1057,28,1,662.55,0.0
2381,1058,32,1,320.79,20.0
2382,1058,43,1,935.97,0.0
2383,1058,30,3,658.15,0.0
2384,1059,37,1,1009.52,0.0
2385,1060,247,1,774.56,0.0
2386,1061,5,1,597.45,15.0
2387,1061,42,1,880.29,20.0
2388,1062,143,1,435.68,20.0
2389,1062,5,1,597.45,0.0
2390,1062,45,4,456.92,0.0
2391,1062,38,1,1016.34,20.0
2392,1062,49,3,1020.52,0.0
2393,1063,24,1,584.38,5.0
2394,1064,7,2,62.52,10.0
2395,1064,44,1,930.25,10.0
2396,1064,26,2,204.87,0.0
2397,1064,5,1,597.45,0.0
2398,1065,11,1,202.6,0.0
2399,1065,52,1,994.18,0.0
2400,1065,45,1,456.92,0.0
2401,1065,26,3,204.87,0.0
2402,1066,30,1,658.15,0.0
2403,1066,15,1,255.83,0.0
2404,1066,32,1,320.79,0.0
2405,1067,33,1,947.92,0.0
2406,1067,12,1,677.11,0.0
2407,1067,22,2,457.79,0.0
2408,1068,188,1,720.38,0.0
2409,1068,17,2,173.9,5.0
2410,1069,37,1,1009.52,5.0
2411,1070,21,1,851.91,5.0
2412,1070,211,1,1092.93,15.0
2413,1070,2,2,394.13,5.0
2414,1071,14,1,149.0,0.0
2415,1071,22,1,457.79,0.0
2416,1071,44,1,930.25,0.0
2417,1071,77,5,561.47,0.0
2418,1072,49,1,1020.52,0.0
2419,1072,9,2,217.62,0.0
2420,1072,56,3,776.63,10.0
2421,1073,238,1,31.94,10.0
2422,1073,180,2,1017.24,15.0
2423,1074,80,1,275.45,0.0
2424,1075,3,1,557.91,0.0
2425,1076,23,2,236.54,0.0
2426,1076,38,1,1016.34,0.0
2427,1077,22,1,457.79,20.0
2428,1077,35,2,633.08,0.0
2429,1078,10,1,132.89,20.0
2430,1078,203,1,131.33,20.0
2431,1079,43,3,935.97,15.0
2432,1080,212,1,665.42,5.0
2433,1080,15,2,255.83,10.0
2434,1080,238,2,31.94,0.0
2435,1081,258,1,563.1,0.0
2436,1081,14,1,149.0,0.0
2437,1082,222,1,752.95,0.0
2438,1082,12,1,677.11,0.0
2439,1082,38,2,1016.34,0.0
2440,1083,37,1,1009.52,0.0
2441,1083,45,2,456.92,0.0
2442,1084,23,1,236.54,20.0
2443,1084,50,1,994.53,15.0
2444,1085,3,1,557.91,5.0
2445,1085,2,1,394.13,0.0
2446,1085,16,1,973.78,0.0
2447,1085,42,1,880.29,0.0
2448,1085,215,4,429.74,0.0
2449,1086,142,2,89.71,10.0
2450,1087,34,2,43.21,0.0
2451,1087,37,2,1009.52,10.0
2452,1088,11,2,202.6,0.0
2453,1088,12,1,677.11,0.0
2454,1088,41,1,176.54,0.0
2455,1088,178,2,512.5,20.0
2456,1089,9,1,217.62,0.0
2457,1090,52,2,994.18,10.0
2458,1091,39,1,758.76,10.0
2459,1091,36,4,72.7,0.0
2460,1091,49,2,1020.52,0.0
2461,1091,29,1,981.65,0.0
2462,1092,24,1,584.38,0.0
2463,1092,50,1,994.53,0.0
2464,1092,22,3,457.79,0.0
2465,1093,163,1,234.62,0.0
2466,1094,25,1,631.62,0.0
2467,1095,75,2,448.57,5.0
2468,1095,71,1,682.59,10.0
2469,1095,206,2,532.41,0.0
2470,1096,10,1,132.89,10.0
2471,1096,106,1,65.61,0.0
2472,1096,44,2,930.25,0.0
2473,1096,149,3,668.87,5.0
2474,1096,53,2,873.28,0.0
2475,1097,29,1,981.65,0.0
2476,1097,45,1,456.92,0.0
2477,1097,39,1,758.76,10.0
2478,1098,46,3,854.22,0.0
2479,1099,52,1,994.18,0.0
2480,1099,7,1,62.52,0.0
2481,1099,4,1,583.61,0.0
2482,1100,50,2,994.53,0.0
2483,1100,42,1,880.29,0.0
2484,1101,41,3,176.54,0.0
2485,1102,51,2,774.23,5.0
2486,1102,31,3,185.47,0.0
2487,1102,43,2,935.97,0.0
2488,1103,24,4,584.38,0.0
2489,1103,106,1,65.61,0.0
2490,1103,5,1,597.45,5.0
2491,1103,44,3,930.25,0.0
2492,1104,113,3,1162.63,0.0
2493,1105,3,2,557.91,0.0
2494,1105,25,3,631.62,0.0
2495,1106,45,1,456.92,0.0
2496,1106,215,1,429.74,20.0
2497,1106,246,1,835.26,15.0
2498,1107,48,5,358.48,0.0
2499,1107,82,2,1090.89,0.0
2500,1107,42,5,880.29,5.0
2501,1108,4,2,583.61,15.0
2502,1108,22,1,457.79,0.0
2503,1109,40,2,520.37,20.0
2504,1110,7,1,62.52,0.0
2505,1110,13,1,800.5,10.0
2506,1111,50,1,994.53,5.0
2507,1112,23,2,236.54,0.0
2508,1112,24,2,584.38,0.0
2509,1112,182,1,653.31,0.0
2510,1113,14,1,149.0,0.0
2511,1114,13,1,800.5,5.0
2512,1115,23,1,236.54,5.0
2513,1115,24,1,584.38,0.0
2514,1116,50,1,994.53,0.0
2515,1116,10,1,132.89,20.0
2516,1117,6,1,34.19,0.0
2517,1118,179,3,990.0,20.0
2518,1118,145,1,916.31,0.0
2519,1119,25,1,631.62,0.0
2520,1119,14,1,149.0,0.0
2521,1120,2,1,394.13,0.0
2522,1120,33,2,947.92,10.0
2523,1121,25,2,631.62,0.0
2524,1121,28,1,662.55,0.0
2525,1122,58,1,473.18,0.0
2526,1122,14,2,149.0,10.0
2527,1122,5,2,597.45,10.0
2528,1123,59,1,251.22,0.0
2529,1123,17,1,173.9,0.0
2530,1123,21,1,851.91,0.0
2531,1124,7,1,62.52,0.0
2532,1124,9,1,217.62,0.0
2533,1124,21,1,851.91,0.0
2534,1124,30,1,658.15,5.0
2535,1125,18,2,818.1,0.0
2536,1126,29,1,981.65,10.0
2537,1126,4,1,583.61,0.0
2538,1127,20,1,339.73,10.0
2539,1127,27,1,287.02,0.0
2540,1127,17,1,173.9,0.0
2541,1127,49,1,1020.52,0.0
2542,1127,44,1,930.25,5.0
2543,1128,44,2,930.25,0.0
2544,1128,48,1,358.48,0.0
2545,1129,154,1,667.55,15.0
2546,1129,180,2,1017.24,0.0
2547,1129,9,1,217.62,0.0
2548,1129,44,1,930.25,0.0
2549,1130,87,5,812.54,0.0
2550,1130,3,1,557.91,15.0
2551,1131,49,2,1020.52,5.0
2552,1132,32,3,320.79,10.0
2553,1133,11,2,202.6,20.0
2554,1134,96,1,1121.55,5.0
2555,1134,5,3,597.45,0.0
2556,1134,40,2,520.37,0.0
2557,1134,258,1,563.1,0.0
2558,1135,27,2,287.02,10.0
2559,1135,41,2,176.54,0.0
2560,1135,48,1,358.48,0.0
2561,1136,26,1,204.87,0.0
2562,1136,48,1,358.48,0.0
2563,1136,41,4,176.54,0.0
2564,1137,50,1,994.53,0.0
2565,1137,14,5,149.0,0.0
2566,1137,36,2,72.7,5.0
2567,1137,51,2,774.23,0.0
2568,1137,9,1,217.62,0.0
2569,1138,27,2,287.02,0.0
2570,1139,50,1,994.53,15.0
2571,1139,200,1,731.51,0.0
2572,1139,2,1,394.13,0.0
2573,1140,19,1,604.84,5.0
2574,1140,27,5,287.02,10.0
2575,1140,43,1,935.97,0.0
2576,1141,258,1,563.1,15.0
2577,1142,35,4,633.08,0.0
2578,1142,52,1,994.18,10.0
2579,1142,4,2,583.61,15.0
2580,1143,27,1,287.02,15.0
2581,1143,18,1,818.1,0.0
2582,1144,40,1,520.37,0.0
2583,1144,37,1,1009.52,0.0
2584,1144,43,2,935.97,0.0
2585,1145,2,1,394.13,0.0
2586,1146,39,1,758.76,0.0
2587,1147,37,3,1009.52,0.0
2588,1147,8,1,542.39,0.0
2589,1147,222,2,752.95,0.0
2590,1148,169,1,863.12,0.0
2591,1148,103,1,656.03,10.0
2592,1149,26,1,204.87,0.0
2593,1150,3,5,557.91,5.0
2594,1150,95,1,179.64,0.0
2595,1151,17,1,173.9,0.0
2596,1152,40,4,520.37,10.0
2597,1152,38,1,1016.34,0.0
2598,1153,46,1,854.22,0.0
2599,1154,26,3,204.87,0.0
2600,1154,37,1,1009.52,0.0
2601,1154,32,2,320.79,0.0
2602,1155,94,2,914.43,10.0
2603,1156,113,1,1162.63,0.0
2604,1156,21,1,851.91,5.0
2605,1157,13,1,800.5,0.0
2606,1158,21,2,851.91,0.0
2607,1159,41,2,176.54,20.0
2608,1159,36,1,72.7,20.0
2609,1160,112,1,1017.21,5.0
2610,1160,8,1,542.39,0.0
2611,1161,15,1,255.83,0.0
2612,1161,185,1,339.91,10.0
2613,1162,19,1,604.84,5.0
2614,1162,7,1,62.52,0.0
2615,1162,41,1,176.54,0.0
2616,1163,33,3,947.92,0.0
2617,1163,126,1,757.74,20.0
2618,1164,37,1,1009.52,0.0
2619,1165,32,1,320.79,0.0
2620,1165,37,2,1009.52,15.0
2621,1165,202,3,427.54,0.0
2622,1165,52,1,994.18,0.0
2623,1166,33,1,947.92,5.0
2624,1166,7,2,62.52,20.0
2625,1167,11,2,202.6,0.0
2626,1167,37,2,1009.52,0.0
2627,1168,93,1,626.68,0.0
2628,1169,23,1,236.54,15.0
2629,1170,143,1,435.68,20.0
2630,1170,41,1,176.54,0.0
2631,1170,238,1,31.94,0.0
2632,1170,52,2,994.18,10.0
2633,1171,15,1,255.83,0.0
2634,1171,9,1,217.62,0.0
2635,1172,23,2,236.54,20.0
2636,1173,8,1,542.39,0.0
2637,1173,18,1,818.1,0.0
2638,1174,145,3,916.31,0.0
2639,1174,34,1,43.21,20.0
2640,1175,35,1,633.08,5.0
2641,1175,43,2,935.97,0.0
2642,1176,79,1,861.19,0.0
2643,1177,6,1,34.19,0.0
2644,1178,23,1,236.54,0.0
2645,1178,19,2,604.84,0.0
2646,1178,62,2,77.39,10.0
2647,1179,41,2,176.54,0.0
2648,1179,6,3,34.19,0.0
2649,1179,158,4,334.84,0.0
2650,1180,4,2,583.61,5.0
2651,1180,10,1,132.89,0.0
2652,1180,48,2,358.48,0.0
2653,1180,33,2,947.92,0.0
2654,1181,50,1,994.53,0.0
2655,1181,38,1,1016.34,0.0
2656,1181,10,1,132.89,0.0
2657,1181,169,2,863.12,10.0
2658,1182,31,1,185.47,0.0
2659,1182,84,1,564.13,0.0
2660,1182,5,2,597.45,0.0
2661,1182,25,1,631.62,10.0
2662,1182,10,1,132.89,0.0
2663,1183,148,2,824.22,0.0
2664,1183,174,1,911.18,0.0
2665,1184,150,1,196.9,0.0
2666,1184,2,1,394.13,5.0
2667,1185,230,2,948.25,15.0
2668,1185,49,2,1020.52,0.0
2669,1186,36,1,72.7,0.0
2670,1186,175,1,628.11,0.0
2671,1187,20,1,339.73,0.0
2672,1187,16,1,973.78,10.0
2673,1188,90,4,491.54,0.0
2674,1189,6,4,34.19,0.0
2675,1189,47,3,459.02,0.0
2676,1190,35,1,633.08,0.0
2677,1191,48,1,358.48,0.0
2678,1192,85,1,681.02,10.0
2679,1193,49,1,1020.52,0.0
2680,1194,160,3,248.36,20.0
2681,1195,44,2,930.25,0.0
2682,1195,10,1,132.89,0.0
2683,1196,20,1,339.73,0.0
2684,1197,3,1,557.91,0.0
2685,1198,30,4,658.15,0.0
2686,1198,13,3,800.5,0.0
2687,1198,34,2,43.21,0.0
2688,1198,42,1,880.29,0.0
2689,1199,18,3,818.1,0.0
2690,1200,4,1,583.61,0.0
2691,1200,36,3,72.7,15.0
2692,1201,11,1,202.6,0.0
2693,1201,32,1,320.79,5.0
2694,1202,36,1,72.7,0.0
2695,1203,51,3,774.23,5.0
2696,1203,9,1,217.62,0.0
2697,1204,6,1,34.19,10.0
2698,1204,28,1,662.55,0.0
2699,1204,12,1,677.11,0.0
2700,1205,40,1,520.37,0.0
2701,1205,10,3,132.89,0.0
2702,1205,59,1,251.22,0.0
2703,1205,44,1,930.25,0.0
2704,1206,122,4,246.21,0.0
2705,1207,8,1,542.39,0.0
2706,1207,7,1,62.52,15.0
2707,1207,1,2,643.08,15.0
2708,1207,14,1,149.0,10.0
2709,1208,7,2,62.52,0.0
2710,1208,27,1,287.02,0.0
2711,1209,39,1,758.76,5.0
2712,1209,19,1,604.84,0.0
2713,1210,32,2,320.79,0.0
2714,1211,106,3,65.61,0.0
2715,1212,168,2,838.87,20.0
2716,1213,15,1,255.83,0.0
2717,1213,53,2,873.28,20.0
2718,1213,9,1,217.62,0.0
2719,1213,51,1,774.23,20.0
2720,1213,39,2,758.76,10.0
2721,1214,167,1,356.11,10.0
2722,1214,36,3,72.7,0.0
2723,1214,52,2,994.18,0.0
2724,1214,37,1,1009.52,0.0
2725,1215,28,1,662.55,0.0
2726,1215,29,3,981.65,0.0
2727,1215,6,2,34.19,0.0
2728,1215,5,2,597.45,0.0
2729,1215,72,3,474.04,0.0
2730,1216,22,2,457.79,0.0
2731,1217,117,1,659.17,10.0
2732,1217,8,1,542.39,0.0
2733,1218,38,1,1016.34,0.0
2734,1218,7,1,62.52,20.0
2735,1219,1,1,643.08,0.0
2736,1220,2,2,394.13,0.0
2737,1221,22,2,457.79,0.0
2738,1221,104,1,613.34,0.0
2739,1221,26,2,204.87,0.0
2740,1221,168,3,838.87,0.0
2741,1222,31,3,185.47,0.0
2742,1223,18,3,818.1,0.0
2743,1223,42,2,880.29,0.0
2744,1224,10,2,132.89,10.0
2745,1225,28,2,662.55,0.0
2746,1225,41,1,176.54,20.0
2747,1226,26,2,204.87,15.0
2748,1227,50,1,994.53,15.0
2749,1227,26,1,204.87,0.0
2750,1228,106,1,65.61,0.0
2751,1228,49,1,1020.52,10.0
2752,1228,166,1,881.42,0.0
2753,1229,52,1,994.18,0.0
2754,1229,40,1,520.37,0.0
2755,1230,8,1,542.39,0.0
2756,1230,37,2,1009.52,10.0
2757,1231,30,2,658.15,15.0
2758,1232,22,2,457.79,5.0
2759,1233,193,2,948.3,0.0
2760,1233,21,2,851.91,0.0
2761,1233,31,1,185.47,0.0
2762,1233,15,2,255.83,0.0
2763,1234,9,4,217.62,20.0
2764,1234,23,4,236.54,5.0
2765,1234,121,1,223.46,0.0
2766,1235,33,5,947.92,0.0
2767,1235,34,1,43.21,0.0
2768,1235,35,1,633.08,10.0
2769,1235,21,1,851.91,10.0
2770,1236,226,1,855.84,0.0
2771,1236,29,1,981.65,0.0
2772,1237,32,3,320.79,10.0
2773,1237,42,1,880.29,0.0
2774,1238,13,1,800.5,15.0
2775,1238,27,1,287.02,0.0
2776,1238,14,2,149.0,0.0
2777,1238,98,1,932.39,0.0
2778,1238,236,1,384.32,0.0
2779,1239,25,1,631.62,5.0
2780,1240,42,1,880.29,0.0
2781,1240,13,1,800.5,5.0
2782,1241,37,1,1009.52,0.0
2783,1241,45,1,456.92,0.0
2784,1242,33,4,947.92,15.0
2785,1242,49,1,1020.52,20.0
2786,1243,39,2,758.76,0.0
2787,1243,21,1,851.91,0.0
2788,1243,4,3,583.61,0.0
2789,1243,17,2,173.9,0.0
2790,1244,132,2,758.96,10.0
2791,1245,33,2,947.92,15.0
2792,1245,10,2,132.89,5.0
2793,1245,9,2,217.62,15.0
2794,1245,19,2,604.84,0.0
2795,1245,53,1,873.28,5.0
2796,1246,2,2,394.13,0.0
2797,1246,11,1,202.6,0.0
2798,1246,47,2,459.02,0.0
2799,1246,1,1,643.08,0.0
2800,1247,33,1,947.92,0.0
2801,1247,136,2,185.33,0.0
2802,1248,217,2,308.65,0.0
2803,1248,31,1,185.47,15.0
2804,1249,46,1,854.22,5.0
2805,1249,6,3,34.19,0.0
2806,1249,29,2,981.65,5.0
2807,1249,19,3,604.84,0.0
2808,1250,24,1,584.38,0.0
2809,1251,49,1,1020.52,0.0
2810,1251,46,1,854.22,0.0
2811,1251,5,1,597.45,0.0
2812,1252,47,4,459.02,10.0
2813,1252,223,3,389.43,10.0
2814,1252,20,4,339.73,0.0
2815,1253,9,3,217.62,0.0
2816,1254,40,1,520.37,0.0
2817,1254,44,1,930.25,20.0
2818,1255,3,2,557.91,5.0
2819,1255,29,1,981.65,5.0
2820,1255,23,1,236.54,20.0
2821,1256,23,1,236.54,10.0
2822,1257,122,2,246.21,0.0
2823,1257,59,2,251.22,0.0
2824,1257,49,1,1020.52,0.0
2825,1258,249,1,229.0,0.0
2826,1258,3,1,557.91,0.0
2827,1259,4,2,583.61,20.0
2828,1259,34,1,43.21,0.0
2829,1260,21,2,851.91,5.0
2830,1261,173,1,665.55,0.0
2831,1262,14,2,149.0,0.0
2832,1262,39,1,758.76,0.0
2833,1262,56,1,776.63,15.0
2834,1263,33,1,947.92,0.0
2835,1263,239,1,269.05,0.0
2836,1263,50,1,994.53,0.0
2837,1263,18,2,818.1,0.0
2838,1264,28,1,662.55,10.0
2839,1264,41,1,176.54,0.0
2840,1265,218,1,658.32,0.0
2841,1265,26,1,204.87,0.0
2842,1266,3,1,557.91,10.0
2843,1266,6,1,34.19,0.0
2844,1267,98,2,932.39,0.0
2845,1267,15,1,255.83,0.0
2846,1268,30,1,658.15,0.0
2847,1268,17,1,173.9,0.0
2848,1269,10,1,132.89,0.0
2849,1269,2,3,394.13,5.0
2850,1269,4,1,583.61,0.0
2851,1270,98,1,932.39,0.0
2852,1270,38,1,1016.34,5.0
2853,1271,41,3,176.54,0.0
2854,1271,28,2,662.55,0.0
2855,1272,14,1,149.0,0.0
2856,1273,178,2,512.5,0.0
2857,1273,2,1,394.13,5.0
2858,1273,51,1,774.23,5.0
2859,1274,41,1,176.54,0.0
2860,1274,46,1,854.22,5.0
2861,1275,41,1,176.54,0.0
2862,1275,181,2,115.49,0.0
2863,1276,22,1,457.79,5.0
2864,1276,13,2,800.5,0.0
2865,1276,30,2,658.15,0.0
2866,1277,24,1,584.38,5.0
2867,1277,28,1,662.55,0.0
2868,1278,46,2,854.22,0.0
2869,1278,30,1,658.15,5.0
2870,1279,8,1,542.39,0.0
2871,1280,41,1,176.54,10.0
2872,1281,102,2,352.97,0.0
2873,1282,19,2,604.84,10.0
2874,1283,48,1,358.48,0.0
2875,1283,44,1,930.25,0.0
2876,1283,19,1,604.84,5.0
2877,1284,207,2,991.04,0.0
2878,1284,32,3,320.79,0.0
2879,1285,30,3,658.15,0.0
2880,1285,25,1,631.62,0.0
2881,1286,210,1,664.24,0.0
2882,1286,16,1,973.78,10.0
2883,1287,28,1,662.55,0.0
2884,1288,46,1,854.22,0.0
2885,1288,185,1,339.91,0.0
2886,1288,236,1,384.32,0.0
2887,1288,16,5,973.78,15.0
2888,1289,225,1,785.87,0.0
2889,1289,36,1,72.7,10.0
2890,1290,235,1,180.69,5.0
2891,1290,18,2,818.1,10.0
2892,1291,42,3,880.29,5.0
2893,1292,29,1,981.65,0.0
2894,1292,85,1,681.02,0.0
2895,1292,13,1,800.5,0.0
2896,1293,20,1,339.73,0.0
2897,1293,3,1,557.91,0.0
2898,1294,38,1,1016.34,0.0
2899,1294,32,1,320.79,0.0
2900,1295,27,2,287.02,0.0
2901,1296,14,1,149.0,0.0
2902,1297,30,4,658.15,20.0
2903,1297,16,1,973.78,0.0
2904,1298,25,1,631.62,0.0
2905,1299,226,1,855.84,10.0
2906,1299,33,1,947.92,0.0
2907,1299,40,3,520.37,0.0
2908,1300,34,2,43.21,0.0
2909,1301,10,3,132.89,10.0
2910,1302,3,1,557.91,0.0
2911,1303,16,2,973.78,0.0
2912,1304,174,2,911.18,0.0
2913,1304,207,1,991.04,0.0
2914,1304,50,1,994.53,0.0
2915,1305,22,1,457.79,0.0
2916,1305,57,2,966.47,0.0
2917,1305,29,1,981.65,20.0
2918,1305,169,3,863.12,10.0
2919,1306,13,1,800.5,0.0
2920,1307,44,1,930.25,0.0
2921,1308,189,1,816.04,0.0
2922,1308,112,1,1017.21,0.0
2923,1309,18,1,818.1,10.0
2924,1309,10,3,132.89,0.0
2925,1310,13,1,800.5,0.0
2926,1310,7,1,62.52,10.0
2927,1310,20,1,339.73,15.0
2928,1311,201,1,232.35,0.0
2929,1312,106,2,65.61,0.0
2930,1313,1,2,643.08,0.0
2931,1313,67,3,808.59,0.0
2932,1313,37,2,1009.52,15.0
2933,1314,19,1,604.84,0.0
2934,1315,32,1,320.79,0.0
2935,1315,120,2,983.93,20.0
2936,1316,37,1,1009.52,0.0
2937,1317,39,1,758.76,15.0
2938,1317,7,1,62.52,10.0
2939,1317,1,1,643.08,5.0
2940,1317,40,1,520.37,0.0
2941,1318,44,1,930.25,0.0
2942,1318,42,1,880.29,0.0
2943,1318,34,3,43.21,0.0
2944,1319,44,4,930.25,0.0
2945,1319,45,1,456.92,0.0
2946,1319,4,1,583.61,0.0
2947,1320,49,2,1020.52,5.0
2948,1320,39,1,758.76,15.0
2949,1320,15,2,255.83,10.0
2950,1321,60,1,165.23,0.0
2951,1321,33,1,947.92,0.0
2952,1321,27,1,287.02,0.0
2953,1322,49,1,1020.52,0.0
2954,1322,38,1,1016.34,0.0
2955,1322,3,1,557.91,0.0
2956,1323,7,4,62.52,0.0
2957,1323,8,1,542.39,20.0
2958,1323,12,1,677.11,10.0
2959,1323,44,1,930.25,10.0
2960,1323,66,2,361.37,10.0
2961,1324,28,5,662.55,0.0
2962,1324,26,1,204.87,15.0
2963,1325,35,2,633.08,0.0
2964,1325,41,1,176.54,0.0
2965,1325,8,2,542.39,0.0
2966,1326,130,1,625.15,0.0
2967,1326,37,2,1009.52,0.0
2968,1326,10,2,132.89,10.0
2969,1326,222,1,752.95,0.0
2970,1327,27,1,287.02,20.0
2971,1327,192,2,282.66,15.0
2972,1327,47,2,459.02,15.0
2973,1327,35,5,633.08,0.0
2974,1328,21,1,851.91,0.0
2975,1328,10,2,132.89,10.0
2976,1329,6,1,34.19,0.0
2977,1329,51,1,774.23,0.0
2978,1330,40,2,520.37,0.0
2979,1330,1,2,643.08,0.0
2980,1330,15,1,255.83,5.0
2981,1331,13,1,800.5,10.0
2982,1332,9,1,217.62,0.0
2983,1333,29,1,981.65,20.0
2984,1333,177,3,592.34,10.0
2985,1333,4,1,583.61,10.0
2986,1333,95,3,179.64,0.0
2987,1334,26,1,204.87,0.0
2988,1335,182,1,653.31,20.0
2989,1335,51,1,774.23,0.0
2990,1336,29,1,981.65,0.0
2991,1336,12,3,677.11,0.0
2992,1336,60,1,165.23,0.0
2993,1336,13,3,800.5,0.0
2994,1337,17,1,173.9,0.0
2995,1337,1,2,643.08,0.0
2996,1337,21,1,851.91,0.0
2997,1337,228,2,24.69,20.0
2998,1338,24,1,584.38,5.0
2999,1338,223,2,389.43,5.0
3000,1339,46,1,854.22,0.0
3001,1339,124,1,729.75,15.0
3002,1339,31,1,185.47,0.0
3003,1340,257,1,118.54,15.0
3004,1340,34,2,43.21,0.0
3005,1340,19,2,604.84,15.0
3006,1340,5,3,597.45,0.0
3007,1341,113,1,1162.63,0.0
3008,1341,11,2,202.6,0.0
3009,1341,25,2,631.62,10.0
3010,1341,5,1,597.45,0.0
3011,1342,7,1,62.52,0.0
3012,1342,34,1,43.21,10.0
3013,1343,45,1,456.92,0.0
3014,1343,9,3,217.62,0.0
3015,1344,18,2,818.1,0.0
3016,1345,47,1,459.02,0.0
3017,1345,17,1,173.9,0.0
3018,1346,20,1,339.73,0.0
3019,1346,177,2,592.34,10.0
3020,1346,78,2,1047.68,0.0
3021,1346,7,1,62.52,0.0
3022,1347,11,1,202.6,5.0
3023,1347,19,1,604.84,15.0
3024,1347,3,1,557.91,15.0
3025,1348,15,1,255.83,0.0
3026,1348,1,2,643.08,0.0
3027,1348,135,1,277.82,0.0
3028,1349,27,1,287.02,5.0
3029,1349,35,3,633.08,0.0
3030,1350,84,1,564.13,0.0
3031,1350,221,1,294.07,0.0
3032,1351,46,3,854.22,20.0
3033,1351,6,1,34.19,0.0
3034,1352,50,1,994.53,0.0
3035,1353,44,1,930.25,5.0
3036,1353,89,1,568.71,20.0
3037,1353,24,1,584.38,0.0
3038,1354,191,1,733.3,15.0
3039,1355,43,3,935.97,0.0
3040,1355,29,1,981.65,20.0
3041,1356,34,2,43.21,0.0
3042,1357,25,2,631.62,5.0
3043,1358,137,3,424.86,20.0
3044,1358,36,1,72.7,0.0
3045,1359,9,1,217.62,0.0
3046,1359,41,1,176.54,0.0
3047,1359,34,2,43.21,0.0
3048,1360,47,1,459.02,0.0
3049,1361,29,1,981.65,10.0
3050,1361,10,1,132.89,0.0
3051,1362,23,1,236.54,20.0
3052,1362,41,1,176.54,0.0
3053,1363,20,1,339.73,0.0
3054,1364,28,1,662.55,0.0
3055,1364,2,1,394.13,0.0
3056,1364,68,1,245.03,0.0
3057,1365,5,3,597.45,0.0
3058,1365,7,2,62.52,0.0
3059,1366,69,3,819.14,0.0
3060,1367,26,1,204.87,20.0
3061,1368,36,2,72.7,0.0
3062,1368,45,1,456.92,0.0
3063,1369,195,1,549.52,20.0
3064,1369,87,1,812.54,0.0
3065,1370,37,1,1009.52,0.0
3066,1370,27,1,287.02,15.0
3067,1370,17,2,173.9,0.0
3068,1371,40,2,520.37,0.0
3069,1371,24,1,584.38,0.0
3070,1372,27,1,287.02,0.0
3071,1372,15,3,255.83,10.0
3072,1372,43,5,935.97,0.0
3073,1373,63,1,958.03,0.0
3074,1373,44,1,930.25,15.0
3075,1374,156,3,410.55,10.0
3076,1375,115,1,625.25,0.0
3077,1375,219,2,503.95,20.0
3078,1375,34,1,43.21,10.0
3079,1375,93,2,626.68,0.0
3080,1376,31,1,185.47,0.0
3081,1377,14,2,149.0,0.0
3082,1378,2,1,394.13,0.0
3083,1378,19,1,604.84,0.0
3084,1379,20,1,339.73,0.0
3085,1379,40,1,520.37,0.0
3086,1380,20,3,339.73,0.0
3087,1380,10,1,132.89,0.0
3088,1380,144,2,927.22,0.0
3089,1381,184,1,196.43,0.0
3090,1381,34,1,43.21,0.0
3091,1381,140,1,441.37,0.0
3092,1381,39,1,758.76,5.0
3093,1382,24,2,584.38,0.0
3094,1382,39,1,758.76,20.0
3095,1383,10,1,132.89,5.0
3096,1384,44,3,930.25,20.0
3097,1384,239,3,269.05,0.0
3098,1385,10,1,132.89,5.0
3099,1385,142,2,89.71,0.0
3100,1385,19,2,604.84,0.0
3101,1385,16,1,973.78,10.0
3102,1386,49,5,1020.52,0.0
3103,1386,39,1,758.76,0.0
3104,1387,6,1,34.19,0.0
3105,1387,50,2,994.53,0.0
3106,1388,22,1,457.79,10.0
3107,1388,31,1,185.47,0.0
3108,1388,46,3,854.22,5.0
3109,1389,90,2,491.54,10.0
3110,1389,177,1,592.34,0.0
3111,1390,6,1,34.19,0.0
3112,1390,243,3,1116.94,0.0
3113,1391,22,2,457.79,0.0
3114,1391,9,1,217.62,0.0
3115,1392,25,1,631.62,0.0
3116,1393,51,2,774.23,0.0
3117,1394,40,1,520.37,0.0
3118,1395,17,1,173.9,5.0
3119,1395,33,1,947.92,20.0
3120,1395,48,1,358.48,0.0
3121,1395,120,1,983.93,0.0
3122,1396,234,3,670.43,0.0
3123,1396,45,1,456.92,0.0
3124,1396,13,2,800.5,0.0
3125,1397,46,3,854.22,5.0
3126,1398,39,2,758.76,0.0
3127,1398,25,1,631.62,0.0
3128,1399,42,1,880.29,10.0
3129,1400,250,1,761.52,0.0
3130,1400,3,3,557.91,0.0
3131,1401,22,1,457.79,0.0
3132,1402,11,2,202.6,0.0
3133,1402,9,1,217.62,0.0
3134,1402,224,1,402.49,0.0
3135,1403,44,1,930.25,5.0
3136,1403,2,1,394.13,0.0
3137,1403,125,2,128.01,0.0
3138,1404,16,1,973.78,0.0
3139,1405,28,1,662.55,0.0
3140,1405,22,1,457.79,0.0
3141,1405,34,1,43.21,0.0
3142,1406,37,2,1009.52,10.0
3143,1406,20,2,339.73,0.0
3144,1407,14,1,149.0,0.0
3145,1407,33,1,947.92,0.0
3146,1407,25,1,631.62,5.0
3147,1408,251,1,395.15,0.0
3148,1408,21,2,851.91,0.0
3149,1409,1,1,643.08,0.0
3150,1409,73,2,831.13,0.0
3151,1410,23,1,236.54,10.0
3152,1411,48,1,358.48,15.0
3153,1412,124,2,729.75,0.0
3154,1412,29,2,981.65,15.0
3155,1413,17,2,173.9,10.0
3156,1413,2,1,394.13,0.0
3157,1414,47,1,459.02,0.0
3158,1415,12,2,677.11,0.0
3159,1415,30,2,658.15,10.0
3160,1416,94,1,914.43,20.0
3161,1416,44,3,930.25,0.0
3162,1417,20,1,339.73,0.0
3163,1417,10,1,132.89,0.0
3164,1417,28,3,662.55,0.0
3165,1418,254,2,1202.51,0.0
3166,1418,73,1,831.13,15.0
3167,1419,32,1,320.79,0.0
3168,1420,50,1,994.53,0.0
3169,1420,17,1,173.9,0.0
3170,1420,48,3,358.48,0.0
3171,1421,16,1,973.78,5.0
3172,1422,9,1,217.62,10.0
3173,1423,38,3,1016.34,0.0
3174,1423,41,2,176.54,0.0
3175,1423,19,2,604.84,0.0
3176,1423,124,1,729.75,10.0
3177,1423,26,1,204.87,20.0
3178,1424,2,1,394.13,0.0
3179,1424,3,1,557.91,20.0
3180,1424,14,2,149.0,15.0
3181,1424,40,1,520.37,0.0
3182,1425,184,2,196.43,0.0
3183,1425,133,1,245.7,0.0
3184,1426,5,1,597.45,0.0
3185,1426,2,1,394.13,0.0
3186,1426,6,1,34.19,0.0
3187,1427,50,1,994.53,0.0
3188,1427,13,4,800.5,0.0
3189,1428,19,1,604.84,5.0
3190,1428,222,2,752.95,10.0
3191,1429,204,1,504.77,0.0
3192,1430,45,1,456.92,0.0
3193,1430,28,1,662.55,0.0
3194,1431,15,2,255.83,5.0
3195,1431,31,1,185.47,0.0
3196,1431,40,1,520.37,0.0
3197,1432,15,1,255.83,0.0
3198,1432,11,1,202.6,0.0
3199,1433,52,1,994.18,0.0
3200,1434,7,1,62.52,15.0
3201,1434,22,1,457.79,0.0
3202,1435,153,3,378.51,0.0
3203,1435,27,2,287.02,0.0
3204,1435,19,2,604.84,0.0
3205,1436,48,4,358.48,20.0
3206,1437,108,1,306.47,0.0
3207,1438,249,1,229.0,0.0
3208,1438,169,2,863.12,0.0
3209,1438,175,2,628.11,0.0
3210,1438,29,2,981.65,0.0
3211,1438,5,1,597.45,10.0
3212,1439,51,1,774.23,0.0
3213,1440,177,1,592.34,10.0
3214,1441,16,2,973.78,15.0
3215,1442,36,1,72.7,15.0
3216,1443,32,3,320.79,0.0
3217,1444,222,1,752.95,0.0
3218,1444,2,1,394.13,0.0
3219,1445,117,2,659.17,0.0
3220,1445,33,2,947.92,0.0
3221,1445,21,1,851.91,0.0
3222,1446,119,1,891.47,0.0
3223,1446,25,2,631.62,0.0
3224,1447,4,1,583.61,0.0
3225,1447,37,2,1009.52,0.0
3226,1448,42,2,880.29,0.0
3227,1448,239,1,269.05,10.0
3228,1449,13,1,800.5,0.0
3229,1449,41,1,176.54,0.0
3230,1450,20,4,339.73,0.0
3231,1450,38,1,1016.34,0.0
3232,1450,110,1,600.49,0.0
3233,1450,50,1,994.53,10.0
3234,1451,11,2,202.6,0.0
3235,1451,51,1,774.23,0.0
3236,1452,11,1,202.6,0.0
3237,1452,6,1,34.19,0.0
3238,1452,197,2,893.87,20.0
3239,1452,36,1,72.7,0.0
3240,1452,49,3,1020.52,0.0
3241,1453,69,2,819.14,5.0
3242,1453,18,2,818.1,10.0
3243,1453,13,3,800.5,0.0
3244,1453,4,2,583.61,0.0
3245,1454,2,1,394.13,0.0
3246,1454,49,3,1020.52,15.0
3247,1454,19,1,604.84,0.0
3248,1454,21,1,851.91,10.0
3249,1455,254,4,1202.51,20.0
3250,1455,7,3,62.52,5.0
3251,1456,17,1,173.9,5.0
3252,1456,126,2,757.74,0.0
3253,1456,81,3,77.19,0.0
3254,1457,30,1,658.15,0.0
3255,1457,38,2,1016.34,0.0
3256,1457,33,2,947.92,0.0
3257,1458,2,1,394.13,0.0
3258,1459,2,1,394.13,10.0
3259,1459,196,1,925.9,20.0
3260,1459,14,2,149.0,20.0
3261,1459,10,3,132.89,0.0
3262,1459,177,1,592.34,0.0
3263,1460,46,1,854.22,0.0
3264,1460,64,1,586.27,0.0
3265,1460,38,2,1016.34,0.0
3266,1461,14,1,149.0,0.0
3267,1462,29,2,981.65,0.0
3268,1463,45,2,456.92,0.0
3269,1463,129,1,44.87,0.0
3270,1463,87,5,812.54,0.0
3271,1463,231,1,765.07,0.0
3272,1464,100,4,645.31,0.0
3273,1465,34,2,43.21,0.0
3274,1465,40,3,520.37,0.0
3275,1465,43,1,935.97,0.0
3276,1466,125,1,128.01,0.0
3277,1466,80,1,275.45,0.0
3278,1466,10,1,132.89,0.0
3279,1466,21,3,851.91,0.0
3280,1466,135,2,277.82,0.0
3281,1467,20,3,339.73,0.0
3282,1468,119,1,891.47,0.0
3283,1468,30,1,658.15,0.0
3284,1468,34,1,43.21,0.0
3285,1468,122,1,246.21,0.0
3286,1468,6,1,34.19,20.0
3287,1469,18,1,818.1,0.0
3288,1470,257,2,118.54,0.0
3289,1470,39,1,758.76,5.0
3290,1471,20,2,339.73,0.0
3291,1471,55,3,479.69,0.0
3292,1471,43,1,935.97,0.0
3293,1472,129,3,44.87,10.0
3294,1473,39,5,758.76,5.0
3295,1473,132,1,758.96,10.0
3296,1473,13,1,800.5,20.0
3297,1474,5,2,597.45,5.0
3298,1474,199,1,989.05,0.0
3299,1474,224,1,402.49,0.0
3300,1474,45,1,456.92,0.0
3301,1475,9,1,217.62,0.0
3302,1475,41,1,176.54,0.0
3303,1476,44,1,930.25,20.0
3304,1477,25,2,631.62,0.0
3305,1477,19,3,604.84,0.0
3306,1477,172,1,225.41,0.0
3307,1478,47,1,459.02,0.0
3308,1479,17,1,173.9,0.0
3309,1479,234,5,670.43,0.0
3310,1480,37,1,1009.52,0.0
3311,1481,105,1,888.35,0.0
3312,1481,51,1,774.23,0.0
3313,1482,49,1,1020.52,0.0
3314,1483,31,1,185.47,0.0
3315,1484,27,4,287.02,15.0
3316,1484,49,3,1020.52,0.0
3317,1484,39,2,758.76,5.0
3318,1484,34,2,43.21,5.0
3319,1485,43,2,935.97,5.0
3320,1485,44,5,930.25,5.0
3321,1486,10,1,132.89,0.0
3322,1486,22,4,457.79,0.0
3323,1486,104,1,613.34,10.0
3324,1487,2,3,394.13,5.0
3325,1487,16,3,973.78,10.0
3326,1487,17,1,173.9,20.0
3327,1488,33,3,947.92,5.0
3328,1488,42,1,880.29,10.0
3329,1489,19,1,604.84,0.0
3330,1489,47,1,459.02,0.0
3331,1489,23,1,236.54,0.0
3332,1490,8,1,542.39,0.0
3333,1491,14,1,149.0,0.0
3334,1491,7,1,62.52,5.0
3335,1491,174,1,911.18,15.0
3336,1491,51,1,774.23,0.0
3337,1492,36,1,72.7,0.0
3338,1492,223,1,389.43,0.0
3339,1493,5,1,597.45,10.0
3340,1493,18,1,818.1,5.0
3341,1493,53,1,873.28,0.0
3342,1493,97,1,38.5,0.0
3343,1494,52,1,994.18,0.0
3344,1494,115,2,625.25,20.0
3345,1495,37,3,1009.52,0.0
3346,1495,142,1,89.71,20.0
3347,1496,17,3,173.9,0.0
3348,1496,28,2,662.55,5.0
3349,1496,84,2,564.13,0.0
3350,1497,23,1,236.54,0.0
3351,1497,47,2,459.02,10.0
3352,1498,12,1,677.11,10.0
3353,1498,170,1,814.48,5.0
3354,1498,48,1,358.48,0.0
3355,1499,35,1,633.08,0.0
3356,1499,31,2,185.47,0.0
3357,1500,9,4,217.62,0.0
3358,1501,67,1,808.59,5.0
3359,1501,12,1,677.11,0.0
3360,1501,30,1,658.15,20.0
3361,1502,12,2,677.11,0.0
3362,1502,57,2,966.47,0.0
3363,1502,47,2,459.02,15.0
3364,1503,5,1,597.45,0.0
3365,1503,27,4,287.02,0.0
3366,1503,25,1,631.62,0.0
3367,1504,41,1,176.54,0.0
3368,1504,40,1,520.37,0.0
3369,1505,47,2,459.02,0.0
3370,1505,13,2,800.5,0.0
3371,1506,1,2,643.08,0.0
3372,1506,164,2,211.12,10.0
3373,1507,50,1,994.53,0.0
3374,1507,52,1,994.18,20.0
3375,1507,118,1,1091.59,0.0
3376,1508,14,3,149.0,0.0
3377,1508,2,1,394.13,0.0
3378,1509,14,1,149.0,15.0
3379,1509,220,3,850.53,15.0
3380,1510,51,1,774.23,0.0
3381,1510,47,3,459.02,0.0
3382,1510,102,1,352.97,0.0
3383,1511,37,2,1009.52,5.0
3384,1511,46,2,854.22,15.0
3385,1511,2,1,394.13,0.0
3386,1511,39,1,758.76,5.0
3387,1511,36,1,72.7,0.0
3388,1512,5,1,597.45,0.0
3389,1513,232,2,968.09,10.0
3390,1513,40,1,520.37,5.0
3391,1513,5,1,597.45,0.0
3392,1513,31,1,185.47,0.0
3393,1514,29,2,981.65,0.0
3394,1514,33,1,947.92,0.0
3395,1514,25,1,631.62,15.0
3396,1515,45,1,456.92,0.0
3397,1515,155,2,438.96,0.0
3398,1515,216,1,929.01,0.0
3399,1515,32,1,320.79,20.0
3400,1516,31,2,185.47,0.0
3401,1517,29,1,981.65,0.0
3402,1517,25,2,631.62,0.0
3403,1518,50,2,994.53,0.0
3404,1518,8,2,542.39,0.0
3405,1518,26,3,204.87,0.0
3406,1518,3,1,557.91,0.0
3407,1519,47,1,459.02,0.0
3408,1520,42,1,880.29,10.0
3409,1520,134,5,426.27,0.0
3410,1520,256,2,83.37,0.0
3411,1521,11,1,202.6,0.0
3412,1521,33,1,947.92,0.0
3413,1522,49,2,1020.52,0.0
3414,1522,21,1,851.91,0.0
3415,1523,228,2,24.69,0.0
3416,1523,50,5,994.53,0.0
3417,1524,125,1,128.01,5.0
3418,1524,31,1,185.47,0.0
3419,1524,151,3,662.95,0.0
3420,1524,127,1,711.21,0.0
3421,1525,33,1,947.92,0.0
3422,1526,121,3,223.46,0.0
3423,1526,113,2,1162.63,0.0
3424,1527,39,3,758.76,0.0
3425,1527,24,2,584.38,10.0
3426,1528,17,1,173.9,0.0
3427,1528,5,1,597.45,0.0
3428,1529,1,2,643.08,0.0
3429,1530,45,1,456.92,0.0
3430,1530,18,2,818.1,0.0
3431,1530,48,1,358.48,0.0
3432,1530,10,2,132.89,15.0
3433,1531,8,1,542.39,0.0
3434,1531,7,1,62.52,0.0
3435,1532,7,1,62.52,0.0
3436,1533,35,1,633.08,0.0
3437,1533,36,3,72.7,0.0
3438,1534,36,1,72.7,0.0
3439,1534,19,2,604.84,5.0
3440,1534,161,3,417.52,0.0
3441,1534,14,3,149.0,0.0
3442,1535,41,3,176.54,5.0
3443,1535,4,1,583.61,10.0
3444,1536,1,5,643.08,0.0
3445,1536,247,1,774.56,0.0
3446,1537,22,1,457.79,20.0
3447,1537,172,2,225.41,0.0
3448,1537,24,3,584.38,0.0
3449,1537,37,1,1009.52,0.0
3450,1538,251,1,395.15,0.0
3451,1539,28,1,662.55,5.0
3452,1539,92,1,549.63,5.0
3453,1540,42,1,880.29,0.0
3454,1540,27,4,287.02,0.0
3455,1541,26,1,204.87,0.0
3456,1542,72,3,474.04,0.0
3457,1542,49,1,1020.52,5.0
3458,1542,14,1,149.0,0.0
3459,1542,24,2,584.38,5.0
3460,1543,33,1,947.92,0.0
3461,1544,27,2,287.02,0.0
3462,1544,36,2,72.7,0.0
3463,1544,40,1,520.37,0.0
3464,1544,156,2,410.55,0.0
3465,1544,39,2,758.76,0.0
3466,1545,3,2,557.91,0.0
3467,1546,79,1,861.19,0.0
3468,1546,18,1,818.1,0.0
3469,1546,4,2,583.61,0.0
3470,1547,8,3,542.39,0.0
3471,1548,149,2,668.87,15.0
3472,1549,5,1,597.45,0.0
3473,1549,1,1,643.08,0.0
3474,1549,52,1,994.18,0.0
3475,1549,38,1,1016.34,0.0
3476,1550,13,2,800.5,0.0
3477,1550,34,3,43.21,0.0
3478,1550,237,1,938.43,10.0
3479,1550,2,2,394.13,0.0
3480,1551,4,1,583.61,5.0
3481,1551,8,1,542.39,0.0
3482,1551,34,2,43.21,0.0
3483,1552,110,1,600.49,0.0
3484,1552,32,1,320.79,5.0
3485,1553,4,5,583.61,10.0
3486,1553,40,1,520.37,0.0
3487,1554,6,2,34.19,0.0
3488,1554,22,2,457.79,0.0
3489,1554,254,3,1202.51,0.0
3490,1555,13,1,800.5,0.0
3491,1555,33,1,947.92,5.0
3492,1556,40,2,520.37,0.0
3493,1556,2,4,394.13,0.0
3494,1557,22,1,457.79,10.0
3495,1557,33,2,947.92,0.0
3496,1558,21,2,851.91,0.0
3497,1558,13,1,800.5,0.0
3498,1559,37,1,1009.52,15.0
3499,1559,3,4,557.91,0.0
3500,1559,198,5,904.38,0.0
3501,1559,115,3,625.25,10.0
3502,1559,10,1,132.89,0.0
3503,1560,12,1,677.11,0.0
3504,1560,7,1,62.52,0.0
3505,1560,150,1,196.9,20.0
3506,1561,43,4,935.97,0.0
3507,1561,6,2,34.19,0.0
3508,1562,13,1,800.5,0.0
3509,1562,10,1,132.89,10.0
3510,1562,9,1,217.62,0.0
3511,1563,45,1,456.92,15.0
3512,1564,252,2,686.58,0.0
3513,1565,33,1,947.92,0.0
3514,1565,88,1,757.47,0.0
3515,1566,20,2,339.73,5.0
3516,1566,3,1,557.91,0.0
3517,1567,40,1,520.37,0.0
3518,1567,36,2,72.7,0.0
3519,1568,37,1,1009.52,0.0
3520,1568,23,1,236.54,0.0
3521,1568,82,1,1090.89,0.0
3522,1568,22,1,457.79,10.0
3523,1569,29,2,981.65,0.0
3524,1570,51,1,774.23,10.0
3525,1570,207,2,991.04,20.0
3526,1571,12,1,677.11,0.0
3527,1572,5,1,597.45,15.0
3528,1573,35,1,633.08,0.0
3529,1573,16,1,973.78,0.0
3530,1573,33,2,947.92,0.0
3531,1573,48,1,358.48,5.0
3532,1573,10,2,132.89,0.0
3533,1574,45,1,456.92,0.0
3534,1574,131,2,80.3,0.0
3535,1575,7,1,62.52,20.0
3536,1575,100,2,645.31,0.0
3537,1575,51,2,774.23,0.0
3538,1576,9,1,217.62,0.0
3539,1576,26,1,204.87,0.0
3540,1577,227,2,342.68,0.0
3541,1577,49,2,1020.52,0.0
3542,1577,43,2,935.97,0.0
3543,1577,50,1,994.53,10.0
3544,1577,12,2,677.11,0.0
3545,1578,34,1,43.21,10.0
3546,1579,35,3,633.08,0.0
3547,1579,9,1,217.62,0.0
3548,1580,22,2,457.79,10.0
3549,1580,30,2,658.15,0.0
3550,1580,15,2,255.83,0.0
3551,1581,59,1,251.22,10.0
3552,1581,30,1,658.15,0.0
3553,1582,11,1,202.6,0.0
3554,1583,11,1,202.6,0.0
3555,1583,71,1,682.59,0.0
3556,1584,50,2,994.53,0.0
3557,1584,33,3,947.92,0.0
3558,1584,12,1,677.11,0.0
3559,1584,24,1,584.38,5.0
3560,1585,44,2,930.25,10.0
3561,1585,225,1,785.87,0.0
3562,1585,16,2,973.78,0.0
3563,1586,49,1,1020.52,0.0
3564,1586,250,1,761.52,0.0
3565,1586,99,2,255.18,0.0
3566,1587,48,1,358.48,0.0
3567,1587,2,1,394.13,0.0
3568,1587,3,1,557.91,5.0
3569,1588,144,1,927.22,0.0
3570,1588,14,2,149.0,0.0
3571,1588,258,1,563.1,0.0
3572,1588,32,1,320.79,0.0
3573,1589,33,1,947.92,0.0
3574,1590,30,1,658.15,0.0
3575,1591,52,2,994.18,0.0
3576,1592,27,3,287.02,10.0
3577,1592,32,3,320.79,5.0
3578,1593,39,1,758.76,0.0
3579,1593,55,1,479.69,0.0
3580,1594,9,1,217.62,0.0
3581,1595,147,1,490.87,0.0
3582,1595,231,3,765.07,0.0
3583,1596,31,1,185.47,5.0
3584,1596,117,1,659.17,0.0
3585,1596,33,1,947.92,0.0
3586,1596,17,1,173.9,0.0
3587,1596,5,1,597.45,0.0
3588,1597,6,2,34.19,0.0
3589,1597,69,1,819.14,0.0
3590,1597,197,1,893.87,5.0
3591,1597,10,1,132.89,10.0
3592,1598,21,3,851.91,5.0
3593,1599,30,1,658.15,0.0
3594,1599,49,1,1020.52,20.0
3595,1599,31,2,185.47,0.0
3596,1600,42,2,880.29,0.0
3597,1600,11,1,202.6,0.0
3598,1600,109,1,663.14,0.0
3599,1600,39,2,758.76,5.0
3600,1601,9,1,217.62,0.0
3601,1601,24,3,584.38,5.0
3602,1601,52,3,994.18,0.0
3603,1601,34,1,43.21,0.0
3604,1601,146,2,1020.84,20.0
3605,1602,46,2,854.22,0.0
3606,1602,168,1,838.87,0.0
3607,1602,206,1,532.41,0.0
3608,1602,76,1,920.83,0.0
3609,1603,6,3,34.19,5.0
3610,1603,3,1,557.91,5.0
3611,1603,29,1,981.65,15.0
3612,1603,48,5,358.48,0.0
3613,1604,24,1,584.38,10.0
3614,1604,26,2,204.87,0.0
3615,1605,13,1,800.5,0.0
3616,1606,50,2,994.53,0.0
3617,1606,94,2,914.43,0.0
3618,1607,15,1,255.83,0.0
3619,1608,21,1,851.91,10.0
3620,1608,30,1,658.15,0.0
3621,1609,15,1,255.83,0.0
3622,1609,9,1,217.62,10.0
3623,1609,50,1,994.53,0.0
3624,1610,45,1,456.92,0.0
3625,1611,23,1,236.54,0.0
3626,1611,6,2,34.19,15.0
3627,1612,23,2,236.54,5.0
3628,1612,4,2,583.61,5.0
3629,1613,45,3,456.92,0.0
3630,1613,9,1,217.62,0.0
3631,1613,50,1,994.53,0.0
3632,1614,36,2,72.7,0.0
3633,1614,34,1,43.21,15.0
3634,1614,25,2,631.62,0.0
3635,1614,1,1,643.08,0.0
3636,1615,10,1,132.89,5.0
3637,1615,2,2,394.13,0.0
3638,1616,44,1,930.25,0.0
3639,1617,9,3,217.62,5.0
3640,1617,42,1,880.29,5.0
3641,1618,33,2,947.92,10.0
3642,1618,217,1,308.65,0.0
3643,1618,46,1,854.22,5.0
3644,1619,2,1,394.13,20.0
3645,1619,40,2,520.37,10.0
3646,1620,38,1,1016.34,0.0
3647,1620,235,1,180.69,15.0
3648,1620,9,1,217.62,0.0
3649,1621,47,3,459.02,0.0
3650,1622,217,1,308.65,0.0
3651,1622,11,1,202.6,0.0
3652,1622,201,1,232.35,5.0
3653,1623,16,2,973.78,0.0
3654,1623,247,2,774.56,0.0
3655,1624,38,1,1016.34,0.0
3656,1625,47,1,459.02,0.0
3657,1625,96,1,1121.55,10.0
3658,1625,39,1,758.76,0.0
3659,1626,18,1,818.1,0.0
3660,1626,34,1,43.21,0.0
3661,1627,38,1,1016.34,5.0
3662,1627,223,1,389.43,20.0
3663,1627,50,1,994.53,0.0
3664,1627,141,1,991.87,10.0
3665,1627,169,3,863.12,0.0
3666,1628,42,2,880.29,5.0
3667,1628,29,3,981.65,0.0
3668,1629,257,2,118.54,10.0
3669,1629,155,2,438.96,0.0
3670,1630,21,1,851.91,0.0
3671,1631,33,2,947.92,5.0
3672,1631,35,2,633.08,10.0
3673,1631,29,1,981.65,15.0
3674,1632,10,1,132.89,0.0
3675,1632,26,1,204.87,0.0
3676,1632,32,1,320.79,0.0
3677,1633,40,1,520.37,0.0
3678,1633,35,1,633.08,0.0
3679,1633,2,1,394.13,5.0
3680,1634,62,1,77.39,0.0
3681,1634,19,2,604.84,0.0
3682,1635,204,2,504.77,10.0
3683,1636,31,3,185.47,15.0
3684,1636,212,2,665.42,0.0
3685,1637,5,1,597.45,0.0
3686,1637,11,4,202.6,0.0
3687,1637,194,1,328.13,0.0
3688,1638,7,1,62.52,5.0
3689,1638,138,2,285.18,0.0
3690,1639,49,1,1020.52,0.0
3691,1639,31,2,185.47,0.0
3692,1639,16,3,973.78,10.0
3693,1640,83,3,144.27,0.0
3694,1640,39,2,758.76,0.0
3695,1641,43,1,935.97,0.0
3696,1641,16,2,973.78,10.0
3697,1641,15,1,255.83,0.0
3698,1642,9,1,217.62,5.0
3699,1643,47,1,459.02,10.0
3700,1643,176,4,576.9,0.0
3701,1643,25,1,631.62,0.0
3702,1644,18,1,818.1,0.0
3703,1645,37,1,1009.52,0.0
3704,1645,22,3,457.79,0.0
3705,1646,49,1,1020.52,0.0
3706,1646,38,1,1016.34,0.0
3707,1647,135,3,277.82,0.0
3708,1647,16,1,973.78,0.0
3709,1647,51,4,774.23,0.0
3710,1647,48,1,358.48,5.0
3711,1647,193,1,948.3,10.0
3712,1648,44,1,930.25,15.0
3713,1648,2,1,394.13,0.0
3714,1649,14,1,149.0,5.0
3715,1650,47,3,459.02,0.0
3716,1650,37,3,1009.52,0.0
3717,1650,19,1,604.84,0.0
3718,1651,7,2,62.52,0.0
3719,1652,105,2,888.35,0.0
3720,1653,21,4,851.91,0.0
3721,1654,35,2,633.08,0.0
3722,1654,26,1,204.87,0.0
3723,1654,33,2,947.92,0.0
3724,1655,12,2,677.11,0.0
3725,1656,32,2,320.79,0.0
3726,1657,38,2,1016.34,0.0
3727,1657,26,5,204.87,10.0
3728,1657,7,1,62.52,0.0
3729,1657,1,3,643.08,0.0
3730,1658,253,1,352.37,0.0
3731,1658,46,1,854.22,0.0
3732,1659,5,1,597.45,0.0
3733,1659,36,3,72.7,0.0
3734,1660,1,1,643.08,0.0
3735,1660,44,2,930.25,0.0
3736,1661,151,1,662.95,0.0
3737,1662,20,1,339.73,20.0
3738,1662,22,1,457.79,0.0
3739,1663,95,3,179.64,0.0
3740,1663,180,3,1017.24,0.0
3741,1664,22,1,457.79,0.0
3742,1664,33,1,947.92,0.0
3743,1664,4,1,583.61,0.0
3744,1665,39,1,758.76,0.0
3745,1665,22,1,457.79,15.0
3746,1665,7,1,62.52,0.0
3747,1666,11,2,202.6,0.0
3748,1667,4,2,583.61,0.0
3749,1667,32,1,320.79,0.0
3750,1668,6,1,34.19,20.0
3751,1669,11,2,202.6,5.0
3752,1669,80,4,275.45,0.0
3753,1670,5,3,597.45,0.0
3754,1670,45,2,456.92,0.0
3755,1671,5,1,597.45,0.0
3756,1671,2,1,394.13,0.0
3757,1671,23,1,236.54,15.0
3758,1671,4,1,583.61,10.0
3759,1671,164,1,211.12,5.0
3760,1672,45,1,456.92,0.0
3761,1673,39,1,758.76,10.0
3762,1673,21,2,851.91,0.0
3763,1674,46,1,854.22,0.0
3764,1675,32,1,320.79,0.0
3765,1675,28,1,662.55,0.0
3766,1675,156,1,410.55,15.0
3767,1675,47,3,459.02,0.0
3768,1676,10,1,132.89,0.0
3769,1676,208,1,1182.18,5.0
3770,1676,37,1,1009.52,0.0
3771,1677,10,1,132.89,0.0
3772,1677,66,1,361.37,0.0
3773,1678,51,2,774.23,10.0
3774,1679,3,1,557.91,0.0
3775,1680,22,4,457.79,5.0
3776,1680,192,2,282.66,0.0
3777,1681,44,2,930.25,0.0
3778,1681,12,2,677.11,0.0
3779,1682,4,1,583.61,0.0
3780,1682,41,1,176.54,10.0
3781,1682,27,5,287.02,0.0
3782,1683,167,3,356.11,20.0
3783,1684,196,3,925.9,0.0
3784,1684,37,2,1009.52,0.0
3785,1684,72,2,474.04,0.0
3786,1684,20,2,339.73,0.0
3787,1685,7,4,62.52,15.0
3788,1685,41,2,176.54,10.0
3789,1685,43,1,935.97,0.0
3790,1685,27,2,287.02,0.0
3791,1685,11,1,202.6,5.0
3792,1686,39,1,758.76,0.0
3793,1687,9,1,217.62,0.0
3794,1687,6,3,34.19,0.0
3795,1688,52,1,994.18,0.0
3796,1688,41,3,176.54,0.0
3797,1688,15,1,255.83,0.0
3798,1689,10,1,132.89,0.0
3799,1689,34,1,43.21,5.0
3800,1690,43,1,935.97,0.0
3801,1690,1,1,643.08,0.0
3802,1690,18,1,818.1,0.0
3803,1691,95,2,179.64,5.0
3804,1691,44,2,930.25,0.0
3805,1691,34,1,43.21,0.0
3806,1692,102,3,352.97,0.0
3807,1693,51,1,774.23,15.0
3808,1693,38,2,1016.34,10.0
3809,1693,26,1,204.87,0.0
3810,1693,29,3,981.65,0.0
3811,1693,22,4,457.79,0.0
3812,1694,113,1,1162.63,0.0
3813,1695,148,2,824.22,0.0
3814,1695,31,1,185.47,0.0
3815,1695,34,4,43.21,5.0
3816,1695,24,3,584.38,0.0
3817,1696,12,1,677.11,0.0
3818,1697,11,1,202.6,10.0
3819,1697,181,1,115.49,20.0
3820,1697,5,1,597.45,0.0
3821,1697,37,1,1009.52,0.0
3822,1698,19,1,604.84,5.0
3823,1698,11,1,202.6,0.0
3824,1699,22,1,457.79,0.0
3825,1699,12,3,677.11,0.0
3826,1699,38,2,1016.34,0.0
3827,1699,10,1,132.89,15.0
3828,1699,53,2,873.28,0.0
3829,1700,222,2,752.95,0.0
3830,1700,43,1,935.97,5.0
3831,1701,39,2,758.76,0.0
3832,1701,116,1,209.21,0.0
3833,1702,39,2,758.76,0.0
3834,1702,10,1,132.89,0.0
3835,1702,4,1,583.61,0.0
3836,1703,35,1,633.08,0.0
3837,1703,160,2,248.36,5.0
3838,1704,163,2,234.62,0.0
3839,1704,19,1,604.84,5.0
3840,1704,257,2,118.54,0.0
3841,1705,17,1,173.9,0.0
3842,1705,149,2,668.87,0.0
3843,1705,50,1,994.53,0.0
3844,1705,40,2,520.37,0.0
3845,1706,21,1,851.91,0.0
3846,1706,20,1,339.73,0.0
3847,1706,38,3,1016.34,0.0
3848,1707,46,1,854.22,0.0
3849,1707,88,2,757.47,0.0
3850,1707,128,1,1064.68,20.0
3851,1708,126,1,757.74,0.0
3852,1708,206,2,532.41,15.0
3853,1708,8,1,542.39,0.0
3854,1709,34,1,43.21,0.0
3855,1709,15,2,255.83,0.0
3856,1709,20,1,339.73,0.0
3857,1709,30,2,658.15,10.0
3858,1710,41,3,176.54,0.0
3859,1710,35,1,633.08,0.0
3860,1710,33,1,947.92,0.0
3861,1711,5,2,597.45,5.0
3862,1711,116,3,209.21,0.0
3863,1712,43,1,935.97,0.0
3864,1712,44,1,930.25,5.0
3865,1713,54,2,21.31,0.0
3866,1713,43,1,935.97,0.0
3867,1714,24,1,584.38,0.0
3868,1714,6,1,34.19,5.0
3869,1715,3,2,557.91,0.0
3870,1715,41,1,176.54,0.0
3871,1715,37,1,1009.52,0.0
3872,1715,31,1,185.47,0.0
3873,1715,50,1,994.53,0.0
3874,1716,51,3,774.23,5.0
3875,1717,36,1,72.7,0.0
3876,1717,28,1,662.55,15.0
3877,1717,14,1,149.0,15.0
3878,1717,236,1,384.32,0.0
3879,1718,69,1,819.14,0.0
3880,1718,14,1,149.0,10.0
3881,1718,28,2,662.55,15.0
3882,1718,7,2,62.52,0.0
3883,1719,24,3,584.38,5.0
3884,1720,34,1,43.21,0.0
3885,1721,102,2,352.97,10.0
3886,1722,14,1,149.0,0.0
3887,1722,30,2,658.15,0.0
3888,1722,206,3,532.41,15.0
3889,1722,19,1,604.84,0.0
3890,1723,41,1,176.54,0.0
3891,1723,51,1,774.23,0.0
3892,1723,53,1,873.28,0.0
3893,1723,183,1,473.71,0.0
3894,1724,21,2,851.91,0.0
3895,1724,30,2,658.15,0.0
3896,1724,34,2,43.21,5.0
3897,1725,19,1,604.84,0.0
3898,1725,14,2,149.0,0.0
3899,1726,30,2,658.15,0.0
3900,1727,16,3,973.78,0.0
3901,1727,37,2,1009.52,15.0
3902,1728,26,1,204.87,0.0
3903,1728,212,2,665.42,10.0
3904,1728,38,1,1016.34,0.0
3905,1729,26,4,204.87,0.0
3906,1730,40,4,520.37,0.0
3907,1730,93,1,626.68,0.0
3908,1731,19,2,604.84,10.0
3909,1732,31,3,185.47,0.0
3910,1732,77,1,561.47,0.0
3911,1733,149,1,668.87,0.0
3912,1734,208,5,1182.18,15.0
3913,1734,15,1,255.83,0.0
3914,1734,52,2,994.18,5.0
3915,1735,9,1,217.62,0.0
3916,1736,26,1,204.87,0.0
3917,1736,13,2,800.5,0.0
3918,1736,19,1,604.84,0.0
3919,1737,28,1,662.55,0.0
3920,1737,200,1,731.51,0.0
3921,1737,42,2,880.29,0.0
3922,1738,22,1,457.79,0.0
3923,1738,29,2,981.65,0.0
3924,1739,82,1,1090.89,0.0
3925,1739,22,1,457.79,10.0
3926,1740,9,2,217.62,0.0
3927,1740,3,2,557.91,0.0
3928,1740,15,1,255.83,0.0
3929,1741,33,3,947.92,0.0
3930,1741,25,1,631.62,0.0
3931,1741,173,1,665.55,0.0
3932,1742,6,1,34.19,0.0
3933,1743,6,1,34.19,0.0
3934,1744,32,4,320.79,0.0
3935,1745,50,2,994.53,10.0
3936,1745,4,2,583.61,10.0
3937,1746,43,1,935.97,0.0
3938,1746,47,1,459.02,0.0
3939,1747,49,1,1020.52,15.0
3940,1747,2,2,394.13,5.0
3941,1748,6,1,34.19,10.0
3942,1748,45,1,456.92,0.0
3943,1749,50,1,994.53,0.0
3944,1750,85,1,681.02,0.0
3945,1750,12,2,677.11,0.0
3946,1751,45,1,456.92,10.0
3947,1751,24,1,584.38,5.0
3948,1751,50,1,994.53,20.0
3949,1752,39,1,758.76,20.0
3950,1753,37,1,1009.52,5.0
3951,1754,22,2,457.79,0.0
3952,1755,18,1,818.1,10.0
3953,1755,4,1,583.61,20.0
3954,1756,42,1,880.29,0.0
3955,1756,211,2,1092.93,0.0
3956,1757,4,2,583.61,0.0
3957,1758,10,2,132.89,0.0
3958,1758,8,2,542.39,10.0
3959,1759,47,2,459.02,0.0
3960,1760,2,1,394.13,0.0
3961,1760,249,1,229.0,0.0
3962,1761,34,3,43.21,0.0
3963,1762,27,4,287.02,10.0
3964,1762,44,1,930.25,0.0
3965,1762,48,1,358.48,10.0
3966,1763,23,1,236.54,0.0
3967,1763,29,1,981.65,20.0
3968,1763,99,1,255.18,0.0
3969,1764,52,2,994.18,0.0
3970,1764,10,1,132.89,0.0
3971,1764,50,2,994.53,0.0
3972,1764,25,2,631.62,0.0
3973,1765,227,1,342.68,0.0
3974,1765,233,1,27.46,0.0
3975,1765,43,1,935.97,5.0
3976,1766,11,1,202.6,0.0
3977,1767,19,1,604.84,10.0
3978,1767,5,1,597.45,0.0
3979,1767,38,1,1016.34,0.0
3980,1768,7,1,62.52,20.0
3981,1768,42,4,880.29,0.0
3982,1769,28,2,662.55,0.0
3983,1769,42,2,880.29,0.0
3984,1770,50,3,994.53,10.0
3985,1770,117,1,659.17,5.0
3986,1771,12,3,677.11,10.0
3987,1771,121,1,223.46,0.0
3988,1772,5,2,597.45,10.0
3989,1773,28,1,662.55,5.0
3990,1773,22,1,457.79,0.0
3991,1774,28,1,662.55,0.0
3992,1774,17,3,173.9,0.0
3993,1774,134,3,426.27,0.0
3994,1774,34,1,43.21,15.0
3995,1775,5,1,597.45,5.0
3996,1775,15,2,255.83,0.0
3997,1775,36,1,72.7,0.0
3998,1775,1,2,643.08,20.0
3999,1775,34,1,43.21,15.0
4000,1776,16,1,973.78,10.0
4001,1776,32,1,320.79,10.0
4002,1776,6,1,34.19,0.0
4003,1776,41,1,176.54,0.0
4004,1777,50,2,994.53,0.0
4005,1777,11,3,202.6,0.0
4006,1778,34,3,43.21,0.0
4007,1778,23,2,236.54,5.0
4008,1779,7,1,62.52,20.0
4009,1779,136,1,185.33,0.0
4010,1780,45,1,456.92,5.0
4011,1781,39,1,758.76,0.0
4012,1781,3,2,557.91,20.0
4013,1781,14,1,149.0,0.0
4014,1781,201,1,232.35,0.0
4015,1782,39,5,758.76,0.0
4016,1782,6,3,34.19,0.0
4017,1783,22,1,457.79,10.0
4018,1784,47,1,459.02,0.0
4019,1784,8,1,542.39,0.0
4020,1785,1,2,643.08,0.0
4021,1785,9,1,217.62,0.0
4022,1786,8,2,542.39,0.0
4023,1786,21,2,851.91,0.0
4024,1787,28,3,662.55,0.0
4025,1787,130,1,625.15,0.0
4026,1787,1,2,643.08,10.0
4027,1787,37,1,1009.52,0.0
4028,1788,11,1,202.6,0.0
4029,1789,197,2,893.87,0.0
4030,1790,43,1,935.97,0.0
4031,1790,21,1,851.91,0.0
4032,1790,49,1,1020.52,0.0
4033,1790,151,1,662.95,0.0
4034,1791,237,1,938.43,0.0
4035,1791,32,1,320.79,0.0
4036,1792,198,1,904.38,0.0
4037,1792,206,1,532.41,10.0
4038,1792,20,3,339.73,0.0
4039,1793,11,5,202.6,0.0
4040,1793,31,3,185.47,15.0
4041,1793,18,1,818.1,5.0
4042,1794,8,4,542.39,5.0
4043,1794,3,1,557.91,15.0
4044,1794,24,1,584.38,5.0
4045,1795,94,1,914.43,0.0
4046,1795,46,1,854.22,0.0
4047,1795,47,1,459.02,10.0
4048,1795,13,1,800.5,15.0
4049,1796,200,3,731.51,0.0
4050,1796,236,1,384.32,0.0
4051,1797,185,1,339.91,0.0
4052,1797,44,1,930.25,0.0
4053,1797,27,1,287.02,0.0
4054,1797,49,1,1020.52,0.0
4055,1798,7,2,62.52,0.0
4056,1798,1,3,643.08,0.0
4057,1799,34,1,43.21,0.0
4058,1799,46,3,854.22,0.0
4059,1800,38,2,1016.34,0.0
4060,1800,5,1,597.45,0.0
4061,1800,23,1,236.54,15.0
4062,1800,18,1,818.1,0.0
4063,1800,25,3,631.62,0.0
4064,1801,41,2,176.54,0.0
4065,1801,6,1,34.19,0.0
4066,1802,129,2,44.87,0.0
4067,1803,30,1,658.15,0.0
4068,1803,7,1,62.52,0.0
4069,1803,40,1,520.37,0.0
4070,1803,114,2,279.33,10.0
4071,1804,36,2,72.7,0.0
4072,1804,49,1,1020.52,0.0
4073,1805,12,5,677.11,0.0
4074,1806,6,1,34.19,15.0
4075,1806,14,2,149.0,0.0
4076,1807,32,2,320.79,5.0
4077,1807,33,5,947.92,0.0
4078,1807,198,1,904.38,0.0
4079,1807,14,3,149.0,0.0
4080,1807,43,1,935.97,0.0
4081,1808,16,2,973.78,0.0
4082,1808,206,1,532.41,10.0
4083,1809,15,1,255.83,0.0
4084,1809,32,1,320.79,0.0
4085,1809,1,1,643.08,0.0
4086,1810,12,5,677.11,0.0
4087,1811,50,2,994.53,0.0
4088,1811,207,3,991.04,5.0
4089,1811,52,1,994.18,0.0
4090,1812,40,1,520.37,0.0
4091,1813,9,2,217.62,0.0
4092,1813,15,2,255.83,0.0
4093,1813,242,1,1105.36,15.0
4094,1813,16,2,973.78,10.0
4095,1814,22,1,457.79,0.0
4096,1815,38,1,1016.34,0.0
4097,1815,29,1,981.65,0.0
4098,1816,255,1,537.33,10.0
4099,1816,31,1,185.47,0.0
4100,1817,10,1,132.89,0.0
4101,1818,8,1,542.39,0.0
4102,1818,233,1,27.46,5.0
4103,1819,3,3,557.91,0.0
4104,1819,97,2,38.5,0.0
4105,1820,50,2,994.53,0.0
4106,1821,32,2,320.79,0.0
4107,1821,29,1,981.65,10.0
4108,1821,15,1,255.83,0.0
4109,1822,27,1,287.02,0.0
4110,1823,34,3,43.21,0.0
4111,1824,113,5,1162.63,0.0
4112,1824,67,2,808.59,0.0
4113,1824,51,3,774.23,15.0
4114,1825,220,3,850.53,10.0
4115,1825,22,2,457.79,0.0
4116,1826,240,2,81.35,0.0
4117,1826,43,1,935.97,0.0
4118,1826,46,5,854.22,20.0
4119,1827,3,1,557.91,0.0
4120,1827,237,1,938.43,0.0
4121,1827,27,1,287.02,0.0
4122,1828,92,1,549.63,0.0
4123,1828,19,2,604.84,0.0
4124,1828,27,1,287.02,10.0
4125,1829,50,1,994.53,0.0
4126,1829,4,1,583.61,0.0
4127,1830,32,1,320.79,0.0
4128,1830,23,1,236.54,0.0
4129,1830,51,2,774.23,0.0
4130,1830,10,1,132.89,10.0
4131,1831,7,1,62.52,0.0
4132,1832,24,1,584.38,0.0
4133,1832,138,1,285.18,15.0
4134,1833,46,2,854.22,10.0
4135,1834,17,1,173.9,0.0
4136,1834,25,2,631.62,0.0
4137,1835,31,1,185.47,0.0
4138,1835,15,2,255.83,20.0
4139,1835,30,1,658.15,0.0
4140,1836,4,1,583.61,10.0
4141,1836,43,1,935.97,10.0
4142,1836,17,2,173.9,0.0
4143,1837,50,2,994.53,0.0
4144,1838,17,1,173.9,0.0
4145,1839,42,1,880.29,10.0
4146,1840,68,2,245.03,0.0
4147,1841,38,3,1016.34,0.0
4148,1841,253,1,352.37,10.0
4149,1841,26,1,204.87,0.0
4150,1842,155,1,438.96,0.0
4151,1842,127,1,711.21,0.0
4152,1843,38,3,1016.34,0.0
4153,1843,31,2,185.47,15.0
4154,1843,3,1,557.91,0.0
4155,1843,73,2,831.13,0.0
4156,1844,18,1,818.1,15.0
4157,1844,132,1,758.96,15.0
4158,1845,46,2,854.22,0.0
4159,1845,14,1,149.0,0.0
4160,1846,20,1,339.73,0.0
4161,1847,42,3,880.29,5.0
4162,1847,51,1,774.23,0.0
4163,1848,49,3,1020.52,0.0
4164,1848,24,1,584.38,0.0
4165,1849,81,1,77.19,0.0
4166,1850,32,2,320.79,10.0
4167,1850,17,2,173.9,0.0
4168,1851,103,1,656.03,0.0
4169,1851,22,1,457.79,0.0
4170,1852,18,1,818.1,0.0
4171,1852,61,1,882.1,0.0
4172,1852,39,1,758.76,0.0
4173,1853,16,1,973.78,0.0
4174,1853,14,3,149.0,0.0
4175,1853,45,3,456.92,0.0
4176,1853,10,1,132.89,0.0
4177,1854,21,1,851.91,5.0
4178,1855,39,1,758.76,0.0
4179,1855,10,2,132.89,0.0
4180,1856,54,5,21.31,15.0
4181,1856,33,1,947.92,0.0
4182,1856,49,2,1020.52,0.0
4183,1856,43,2,935.97,15.0
4184,1856,159,1,220.27,0.0
4185,1857,241,1,868.81,15.0
4186,1857,28,1,662.55,15.0
4187,1857,8,1,542.39,0.0
4188,1858,50,3,994.53,0.0
4189,1858,47,1,459.02,15.0
4190,1858,38,1,1016.34,20.0
4191,1859,31,3,185.47,15.0
4192,1859,156,2,410.55,10.0
4193,1859,98,5,932.39,10.0
4194,1860,21,1,851.91,10.0
4195,1860,60,1,165.23,0.0
4196,1861,9,1,217.62,0.0
4197,1861,41,1,176.54,0.0
4198,1862,26,2,204.87,10.0
4199,1862,13,1,800.5,0.0
4200,1863,178,1,512.5,0.0
4201,1863,3,2,557.91,0.0
4202,1863,42,1,880.29,0.0
4203,1864,47,2,459.02,0.0
4204,1864,51,1,774.23,0.0
4205,1865,3,1,557.91,0.0
4206,1865,219,2,503.95,0.0
4207,1865,16,1,973.78,0.0
4208,1865,30,1,658.15,0.0
4209,1865,6,2,34.19,20.0
4210,1866,206,1,532.41,15.0
4211,1866,27,2,287.02,0.0
4212,1867,44,1,930.25,10.0
4213,1867,14,2,149.0,0.0
4214,1867,48,1,358.48,0.0
4215,1868,37,2,1009.52,0.0
4216,1868,51,1,774.23,5.0
4217,1868,79,1,861.19,0.0
4218,1869,134,1,426.27,5.0
4219,1870,52,1,994.18,0.0
4220,1870,32,1,320.79,0.0
4221,1871,6,2,34.19,0.0
4222,1871,84,3,564.13,10.0
4223,1871,32,1,320.79,0.0
4224,1871,40,2,520.37,15.0
4225,1872,195,1,549.52,5.0
4226,1872,26,1,204.87,0.0
4227,1872,35,2,633.08,0.0
4228,1873,29,2,981.65,5.0
4229,1874,8,2,542.39,0.0
4230,1874,49,1,1020.52,0.0
4231,1874,19,3,604.84,10.0
4232,1875,131,1,80.3,0.0
4233,1875,17,1,173.9,0.0
4234,1876,8,1,542.39,5.0
4235,1876,41,4,176.54,0.0
4236,1877,38,5,1016.34,5.0
4237,1878,29,3,981.65,5.0
4238,1878,15,1,255.83,0.0
4239,1878,158,4,334.84,0.0
4240,1879,37,3,1009.52,0.0
4241,1880,9,1,217.62,5.0
4242,1880,36,3,72.7,0.0
4243,1880,168,1,838.87,20.0
4244,1880,35,2,633.08,0.0
4245,1880,26,3,204.87,0.0
4246,1881,34,1,43.21,10.0
4247,1881,8,1,542.39,0.0
4248,1882,12,1,677.11,0.0
4249,1882,65,2,1039.76,0.0
4250,1883,33,2,947.92,0.0
4251,1883,38,1,1016.34,0.0
4252,1883,224,1,402.49,0.0
4253,1883,13,1,800.5,0.0
4254,1884,122,3,246.21,0.0
4255,1884,29,2,981.65,0.0
4256,1885,3,1,557.91,0.0
4257,1885,134,1,426.27,0.0
4258,1885,32,1,320.79,0.0
4259,1886,28,3,662.55,0.0
4260,1886,9,5,217.62,0.0
4261,1886,38,3,1016.34,10.0
4262,1887,47,1,459.02,0.0
4263,1887,51,2,774.23,0.0
4264,1887,106,2,65.61,0.0
4265,1887,2,1,394.13,0.0
4266,1888,93,2,626.68,10.0
4267,1888,51,3,774.23,10.0
4268,1889,5,1,597.45,10.0
4269,1890,213,2,50.55,0.0
4270,1890,37,1,1009.52,0.0
4271,1891,51,1,774.23,20.0
4272,1891,179,1,990.0,10.0
4273,1891,79,3,861.19,0.0
4274,1892,8,3,542.39,10.0
4275,1892,19,5,604.84,0.0
4276,1892,18,2,818.1,0.0
4277,1893,11,2,202.6,0.0
4278,1894,19,1,604.84,0.0
4279,1894,198,4,904.38,10.0
4280,1895,26,2,204.87,0.0
4281,1896,3,1,557.91,5.0
4282,1897,81,2,77.19,10.0
4283,1898,15,2,255.83,0.0
4284,1898,49,1,1020.52,10.0
4285,1898,20,1,339.73,0.0
4286,1898,21,2,851.91,0.0
4287,1899,52,3,994.18,0.0
4288,1900,25,2,631.62,5.0
4289,1901,84,2,564.13,0.0
4290,1901,18,5,818.1,20.0
4291,1902,41,1,176.54,5.0
4292,1902,20,2,339.73,0.0
4293,1902,1,1,643.08,0.0
4294,1903,31,1,185.47,0.0
4295,1903,10,1,132.89,10.0
4296,1903,12,3,677.11,0.0
4297,1904,45,1,456.92,0.0
4298,1904,52,1,994.18,20.0
4299,1904,29,1,981.65,0.0
4300,1905,26,1,204.87,0.0
4301,1905,10,1,132.89,0.0
4302,1905,44,2,930.25,0.0
4303,1906,32,1,320.79,0.0
4304,1906,8,3,542.39,0.0
4305,1907,220,1,850.53,0.0
4306,1908,253,2,352.37,0.0
4307,1908,9,2,217.62,0.0
4308,1909,16,2,973.78,10.0
4309,1909,31,1,185.47,0.0
4310,1910,14,1,149.0,0.0
4311,1911,21,3,851.91,0.0
4312,1911,33,1,947.92,0.0
4313,1912,29,1,981.65,15.0
4314,1913,37,1,1009.52,0.0
4315,1913,50,1,994.53,10.0
4316,1914,174,1,911.18,10.0
4317,1915,4,1,583.61,0.0
4318,1915,43,1,935.97,20.0
4319,1915,1,1,643.08,10.0
4320,1916,47,1,459.02,0.0
4321,1917,14,1,149.0,0.0
4322,1918,45,1,456.92,0.0
4323,1919,31,3,185.47,0.0
4324,1920,39,1,758.76,0.0
4325,1921,217,2,308.65,0.0
4326,1922,22,2,457.79,0.0
4327,1922,15,2,255.83,0.0
4328,1923,8,1,542.39,20.0
4329,1924,11,1,202.6,0.0
4330,1924,220,1,850.53,5.0
4331,1925,32,1,320.79,0.0
4332,1925,1,5,643.08,5.0
4333,1926,66,2,361.37,0.0
4334,1927,37,1,1009.52,10.0
4335,1927,126,1,757.74,0.0
4336,1928,36,1,72.7,0.0
4337,1929,140,2,441.37,0.0
4338,1930,24,1,584.38,0.0
4339,1930,87,2,812.54,15.0
4340,1930,49,1,1020.52,0.0
4341,1931,47,2,459.02,0.0
4342,1931,15,3,255.83,0.0
4343,1932,30,2,658.15,5.0
4344,1933,59,3,251.22,0.0
4345,1933,15,1,255.83,0.0
4346,1933,34,1,43.21,0.0
4347,1933,43,1,935.97,10.0
4348,1934,21,2,851.91,0.0
4349,1934,39,1,758.76,0.0
4350,1934,7,3,62.52,0.0
4351,1934,103,1,656.03,0.0
4352,1935,152,2,1071.23,0.0
4353,1936,21,2,851.91,0.0
4354,1936,166,1,881.42,0.0
4355,1937,34,3,43.21,0.0
4356,1937,16,1,973.78,0.0
4357,1938,22,1,457.79,0.0
4358,1938,4,1,583.61,0.0
4359,1938,185,2,339.91,0.0
4360,1938,16,1,973.78,20.0
4361,1939,37,2,1009.52,0.0
4362,1939,116,1,209.21,0.0
4363,1940,40,2,520.37,0.0
4364,1940,3,3,557.91,10.0
4365,1941,39,1,758.76,10.0
4366,1942,6,3,34.19,0.0
4367,1942,49,1,1020.52,0.0
4368,1942,37,3,1009.52,0.0
4369,1943,18,1,818.1,15.0
4370,1943,46,1,854.22,10.0
4371,1944,49,1,1020.52,0.0
4372,1944,15,2,255.83,0.0
4373,1945,54,1,21.31,0.0
4374,1945,41,2,176.54,10.0
4375,1946,43,1,935.97,0.0
4376,1946,18,1,818.1,0.0
4377,1946,47,1,459.02,5.0
4378,1947,46,1,854.22,0.0
4379,1947,42,1,880.29,0.0
4380,1948,6,2,34.19,0.0
4381,1948,13,1,800.5,0.0
4382,1948,138,2,285.18,0.0
4383,1949,105,2,888.35,0.0
4384,1950,18,1,818.1,20.0
4385,1951,13,1,800.5,0.0
4386,1951,25,1,631.62,0.0
4387,1951,49,1,1020.52,10.0
4388,1951,80,1,275.45,20.0
4389,1952,22,2,457.79,5.0
4390,1952,4,1,583.61,0.0
4391,1953,32,1,320.79,0.0
4392,1953,38,1,1016.34,0.0
4393,1953,195,1,549.52,0.0
4394,1953,33,1,947.92,0.0
4395,1954,29,1,981.65,0.0
4396,1954,121,1,223.46,5.0
4397,1954,26,3,204.87,0.0
4398,1954,16,1,973.78,0.0
4399,1955,43,2,935.97,5.0
4400,1955,6,1,34.19,0.0
4401,1955,36,1,72.7,0.0
4402,1956,20,3,339.73,0.0
4403,1956,41,3,176.54,0.0
4404,1956,29,3,981.65,0.0
4405,1956,30,2,658.15,0.0
4406,1957,8,3,542.39,0.0
4407,1958,42,4,880.29,0.0
4408,1959,10,1,132.89,0.0
4409,1959,30,2,658.15,5.0
4410,1960,52,2,994.18,0.0
4411,1960,43,1,935.97,0.0
4412,1961,14,1,149.0,0.0
4413,1961,19,1,604.84,20.0
4414,1962,51,1,774.23,5.0
4415,1962,29,1,981.65,0.0
4416,1963,26,2,204.87,10.0
4417,1963,142,2,89.71,0.0
4418,1964,39,1,758.76,0.0
4419,1965,14,1,149.0,0.0
4420,1965,2,2,394.13,0.0
4421,1965,79,4,861.19,0.0
4422,1965,38,1,1016.34,0.0
4423,1966,12,1,677.11,0.0
4424,1967,11,3,202.6,0.0
4425,1967,10,2,132.89,15.0
4426,1967,3,3,557.91,0.0
4427,1967,21,1,851.91,0.0
4428,1967,49,1,1020.52,0.0
4429,1968,6,1,34.19,0.0
4430,1968,37,1,1009.52,5.0
4431,1969,43,1,935.97,5.0
4432,1970,155,2,438.96,15.0
4433,1970,27,1,287.02,0.0
4434,1970,30,1,658.15,10.0
4435,1970,36,1,72.7,15.0
4436,1971,26,2,204.87,0.0
4437,1972,202,1,427.54,0.0
4438,1972,208,1,1182.18,5.0
4439,1972,34,1,43.21,15.0
4440,1973,6,1,34.19,0.0
4441,1973,49,1,1020.52,10.0
4442,1973,83,1,144.27,5.0
4443,1974,37,3,1009.52,0.0
4444,1974,48,2,358.48,10.0
4445,1975,10,1,132.89,0.0
4446,1976,32,1,320.79,15.0
4447,1976,22,1,457.79,0.0
4448,1977,35,1,633.08,10.0
4449,1977,46,2,854.22,5.0
4450,1978,5,1,597.45,0.0
4451,1978,41,2,176.54,0.0
4452,1979,4,1,583.61,0.0
4453,1980,97,1,38.5,10.0
4454,1981,113,2,1162.63,0.0
4455,1981,14,2,149.0,0.0
4456,1981,48,5,358.48,10.0
4457,1982,5,1,597.45,5.0
4458,1983,41,2,176.54,20.0
4459,1984,25,1,631.62,5.0
4460,1985,103,1,656.03,0.0
4461,1986,39,1,758.76,0.0
4462,1987,16,1,973.78,0.0
4463,1987,13,1,800.5,0.0
4464,1987,51,3,774.23,5.0
4465,1987,46,1,854.22,0.0
4466,1987,188,1,720.38,5.0
4467,1988,2,1,394.13,0.0
4468,1988,30,1,658.15,0.0
4469,1988,21,2,851.91,0.0
4470,1989,42,1,880.29,0.0
4471,1990,80,2,275.45,0.0
4472,1990,11,1,202.6,10.0
4473,1991,14,1,149.0,0.0
4474,1991,11,3,202.6,0.0
4475,1992,234,1,670.43,0.0
4476,1993,1,1,643.08,5.0
4477,1993,40,1,520.37,0.0
4478,1993,35,2,633.08,5.0
4479,1994,8,1,542.39,0.0
4480,1995,31,1,185.47,0.0
4481,1996,5,3,597.45,5.0
4482,1997,19,3,604.84,0.0
4483,1997,8,1,542.39,0.0
4484,1998,149,1,668.87,10.0
4485,1999,185,2,339.91,0.0
4486,1999,44,2,930.25,0.0
4487,1999,7,2,62.52,5.0
4488,2000,45,3,456.92,0.0
4489,2000,37,1,1009.52,5.0
4490,2000,165,1,882.32,0.0
4491,2001,37,1,1009.52,0.0
4492,2002,169,2,863.12,0.0
4493,2003,90,1,491.54,0.0
4494,2004,28,2,662.55,0.0
4495,2004,193,1,948.3,0.0
4496,2005,27,1,287.02,5.0
4497,2005,100,1,645.31,0.0
4498,2005,6,2,34.19,0.0
4499,2006,39,4,758.76,10.0
4500,2007,145,1,916.31,5.0
4501,2007,27,1,287.02,0.0
4502,2007,45,1,456.92,5.0
4503,2008,17,1,173.9,0.0
4504,2008,27,1,287.02,10.0
4505,2009,43,1,935.97,0.0
4506,2009,204,2,504.77,10.0
4507,2009,10,5,132.89,0.0
4508,2010,78,1,1047.68,20.0
4509,2010,51,2,774.23,0.0
4510,2010,32,1,320.79,10.0
4511,2011,57,2,966.47,5.0
4512,2011,35,4,633.08,0.0
4513,2011,6,3,34.19,0.0
4514,2012,42,1,880.29,0.0
4515,2012,11,1,202.6,0.0
4516,2013,48,1,358.48,0.0
4517,2014,31,1,185.47,5.0
4518,2014,16,1,973.78,15.0
4519,2014,38,3,1016.34,0.0
4520,2015,49,3,1020.52,0.0
4521,2015,16,1,973.78,5.0
4522,2016,165,1,882.32,0.0
4523,2016,6,1,34.19,0.0
4524,2017,6,1,34.19,0.0
4525,2017,38,1,1016.34,0.0
4526,2018,15,2,255.83,10.0
4527,2018,50,1,994.53,0.0
4528,2019,10,1,132.89,10.0
4529,2019,13,1,800.5,0.0
4530,2019,218,1,658.32,0.0
4531,2020,258,2,563.1,0.0
4532,2021,18,4,818.1,0.0
4533,2021,127,3,711.21,0.0
4534,2022,49,3,1020.52,0.0
4535,2022,29,2,981.65,20.0
4536,2023,43,2,935.97,5.0
4537,2024,148,1,824.22,15.0
4538,2024,6,3,34.19,0.0
4539,2025,1,1,643.08,0.0
4540,2025,5,3,597.45,5.0
4541,2025,36,2,72.7,0.0
4542,2026,89,3,568.71,0.0
4543,2026,37,2,1009.52,0.0
4544,2027,18,2,818.1,0.0
4545,2027,133,1,245.7,5.0
4546,2027,6,2,34.19,0.0
4547,2028,20,1,339.73,5.0
4548,2028,47,2,459.02,0.0
4549,2029,253,1,352.37,20.0
4550,2029,38,2,1016.34,0.0
4551,2030,10,2,132.89,0.0
4552,2030,38,1,1016.34,0.0
4553,2031,41,1,176.54,0.0
4554,2031,43,2,935.97,0.0
4555,2032,211,1,1092.93,0.0
4556,2032,34,1,43.21,10.0
4557,2033,44,2,930.25,0.0
4558,2034,41,1,176.54,20.0
4559,2034,4,2,583.61,10.0
4560,2035,51,2,774.23,0.0
4561,2035,1,2,643.08,5.0
4562,2035,40,1,520.37,20.0
4563,2036,9,2,217.62,10.0
4564,2036,189,2,816.04,0.0
4565,2037,20,1,339.73,0.0
4566,2038,163,1,234.62,5.0
4567,2039,197,3,893.87,0.0
4568,2040,25,1,631.62,0.0
4569,2040,4,3,583.61,0.0
4570,2041,44,1,930.25,0.0
4571,2041,41,1,176.54,0.0
4572,2042,16,2,973.78,0.0
4573,2042,35,1,633.08,0.0
4574,2043,38,1,1016.34,0.0
4575,2043,44,2,930.25,0.0
4576,2043,1,1,643.08,0.0
4577,2044,45,1,456.92,10.0
4578,2044,125,1,128.01,10.0
4579,2044,164,1,211.12,20.0
4580,2045,5,4,597.45,0.0
4581,2046,24,1,584.38,0.0
4582,2046,11,1,202.6,0.0
4583,2047,29,1,981.65,0.0
4584,2048,125,1,128.01,0.0
4585,2048,88,1,757.47,0.0
4586,2049,28,1,662.55,15.0
4587,2050,7,1,62.52,10.0
4588,2050,20,1,339.73,0.0
4589,2051,64,1,586.27,5.0
4590,2051,48,1,358.48,0.0
4591,2052,41,2,176.54,0.0
4592,2052,10,4,132.89,5.0
4593,2052,2,1,394.13,5.0
4594,2053,25,1,631.62,0.0
4595,2054,15,1,255.83,0.0
4596,2055,10,3,132.89,20.0
4597,2055,18,2,818.1,0.0
4598,2055,42,1,880.29,0.0
4599,2055,51,2,774.23,0.0
4600,2056,46,1,854.22,0.0
4601,2056,33,1,947.92,0.0
4602,2056,9,2,217.62,0.0
4603,2056,22,3,457.79,0.0
4604,2056,5,2,597.45,0.0
4605,2057,51,2,774.23,5.0
4606,2057,7,1,62.52,0.0
4607,2057,164,1,211.12,0.0
4608,2058,23,2,236.54,0.0
4609,2058,35,2,633.08,5.0
4610,2059,24,1,584.38,0.0
4611,2060,37,1,1009.52,0.0
4612,2061,36,1,72.7,0.0
4613,2062,39,1,758.76,0.0
4614,2063,6,1,34.19,15.0
4615,2064,12,4,677.11,0.0
4616,2064,4,5,583.61,0.0
4617,2064,20,2,339.73,0.0
4618,2064,37,1,1009.52,0.0
4619,2065,24,1,584.38,0.0
4620,2066,87,1,812.54,15.0
4621,2066,183,1,473.71,0.0
4622,2066,24,2,584.38,0.0
4623,2066,84,2,564.13,10.0
4624,2066,38,2,1016.34,0.0
4625,2067,41,3,176.54,0.0
4626,2067,40,1,520.37,0.0
4627,2067,14,3,149.0,10.0
4628,2067,245,1,396.55,0.0
4629,2068,38,1,1016.34,0.0
4630,2068,19,2,604.84,0.0
4631,2068,1,1,643.08,0.0
4632,2069,45,1,456.92,5.0
4633,2069,22,1,457.79,0.0
4634,2069,29,2,981.65,0.0
4635,2069,15,1,255.83,0.0
4636,2070,251,2,395.15,0.0
4637,2070,39,2,758.76,0.0
4638,2070,27,1,287.02,0.0
4639,2071,2,2,394.13,0.0
4640,2071,42,2,880.29,0.0
4641,2071,6,2,34.19,5.0
4642,2072,133,2,245.7,15.0
4643,2072,82,3,1090.89,5.0
4644,2072,2,1,394.13,0.0
4645,2073,101,1,462.13,10.0
4646,2074,10,1,132.89,10.0
4647,2074,200,2,731.51,0.0
4648,2074,42,1,880.29,0.0
4649,2075,4,1,583.61,0.0
4650,2075,18,2,818.1,5.0
4651,2076,68,2,245.03,10.0
4652,2077,19,1,604.84,0.0
4653,2078,39,2,758.76,0.0
4654,2079,12,1,677.11,0.0
4655,2080,43,1,935.97,0.0
4656,2080,8,1,542.39,0.0
4657,2080,50,1,994.53,0.0
4658,2081,5,1,597.45,0.0
4659,2081,46,1,854.22,0.0
4660,2081,44,1,930.25,0.0
4661,2081,39,1,758.76,0.0
4662,2082,25,1,631.62,10.0
4663,2083,49,1,1020.52,0.0
4664,2083,19,1,604.84,0.0
4665,2084,3,2,557.91,0.0
4666,2084,27,1,287.02,0.0
4667,2085,31,1,185.47,5.0
4668,2085,17,2,173.9,15.0
4669,2085,1,1,643.08,5.0
4670,2085,255,1,537.33,5.0
4671,2085,27,2,287.02,0.0
4672,2086,48,2,358.48,0.0
4673,2087,108,2,306.47,10.0
4674,2087,27,3,287.02,0.0
4675,2088,93,1,626.68,0.0
4676,2089,251,1,395.15,5.0
4677,2089,41,1,176.54,0.0
4678,2089,7,2,62.52,5.0
4679,2089,15,2,255.83,0.0
4680,2089,33,1,947.92,10.0
4681,2090,78,2,1047.68,20.0
4682,2090,87,3,812.54,0.0
4683,2091,28,1,662.55,10.0
4684,2091,64,1,586.27,0.0
4685,2091,43,2,935.97,0.0
4686,2091,75,1,448.57,5.0
4687,2092,48,1,358.48,0.0
4688,2092,6,1,34.19,5.0
4689,2092,31,2,185.47,0.0
4690,2093,76,1,920.83,0.0
4691,2094,16,1,973.78,0.0
4692,2094,66,1,361.37,0.0
4693,2095,32,2,320.79,0.0
4694,2095,52,1,994.18,0.0
4695,2095,22,2,457.79,0.0
4696,2095,232,1,968.09,5.0
4697,2095,19,1,604.84,0.0
4698,2096,25,2,631.62,0.0
4699,2096,1,1,643.08,0.0
4700,2097,40,1,520.37,0.0
4701,2097,1,1,643.08,0.0
4702,2098,50,1,994.53,0.0
4703,2098,20,2,339.73,0.0
4704,2098,51,2,774.23,0.0
4705,2099,20,1,339.73,0.0
4706,2099,37,1,1009.52,0.0
4707,2099,50,1,994.53,0.0
4708,2100,3,3,557.91,5.0
4709,2100,32,1,320.79,0.0
4710,2101,26,1,204.87,0.0
4711,2101,36,2,72.7,0.0
4712,2101,49,2,1020.52,10.0
4713,2101,10,2,132.89,15.0
4714,2102,27,1,287.02,0.0
4715,2102,7,2,62.52,0.0
4716,2103,5,2,597.45,10.0
4717,2103,26,2,204.87,0.0
4718,2103,39,1,758.76,0.0
4719,2104,133,2,245.7,5.0
4720,2104,249,1,229.0,0.0
4721,2105,14,1,149.0,0.0
4722,2106,8,1,542.39,0.0
4723,2107,49,1,1020.52,10.0
4724,2107,46,1,854.22,0.0
4725,2107,202,1,427.54,0.0
4726,2108,48,2,358.48,0.0
4727,2108,29,5,981.65,5.0
4728,2108,41,1,176.54,5.0
4729,2108,4,1,583.61,0.0
4730,2109,8,1,542.39,10.0
4731,2110,19,1,604.84,5.0
4732,2110,34,1,43.21,15.0
4733,2111,7,4,62.52,0.0
4734,2112,9,4,217.62,0.0
4735,2113,52,2,994.18,0.0
4736,2113,20,1,339.73,0.0
4737,2114,47,2,459.02,5.0
4738,2114,65,3,1039.76,0.0
4739,2115,14,1,149.0,0.0
4740,2115,1,2,643.08,0.0
4741,2116,104,1,613.34,15.0
4742,2116,25,1,631.62,0.0
4743,2116,7,1,62.52,0.0
4744,2117,18,2,818.1,0.0
4745,2117,38,2,1016.34,10.0
4746,2118,180,1,1017.24,10.0
4747,2118,9,1,217.62,5.0
4748,2118,25,1,631.62,0.0
4749,2118,134,2,426.27,0.0
4750,2119,28,1,662.55,10.0
4751,2120,16,2,973.78,0.0
4752,2120,46,1,854.22,5.0
4753,2121,45,1,456.92,0.0
4754,2122,47,1,459.02,5.0
4755,2123,26,1,204.87,10.0
4756,2123,51,1,774.23,5.0
4757,2124,52,1,994.18,0.0
4758,2125,88,1,757.47,10.0
4759,2125,122,1,246.21,0.0
4760,2125,35,2,633.08,0.0
4761,2125,154,2,667.55,0.0
4762,2126,41,1,176.54,0.0
4763,2126,125,1,128.01,10.0
4764,2126,22,4,457.79,0.0
4765,2127,4,1,583.61,0.0
4766,2127,144,2,927.22,0.0
4767,2127,2,1,394.13,5.0
4768,2128,17,4,173.9,0.0
4769,2128,41,2,176.54,5.0
4770,2129,38,2,1016.34,5.0
4771,2129,27,1,287.02,0.0
4772,2129,6,1,34.19,0.0
4773,2130,28,1,662.55,10.0
4774,2130,52,3,994.18,5.0
4775,2130,4,3,583.61,0.0
4776,2131,32,2,320.79,15.0
4777,2131,11,1,202.6,0.0
4778,2132,32,1,320.79,0.0
4779,2133,210,1,664.24,0.0
4780,2133,36,1,72.7,10.0
4781,2134,6,2,34.19,15.0
4782,2134,25,1,631.62,0.0
4783,2135,34,1,43.21,5.0
4784,2135,81,2,77.19,15.0
4785,2135,35,1,633.08,0.0
4786,2136,7,2,62.52,0.0
4787,2136,12,1,677.11,0.0
4788,2137,38,4,1016.34,0.0
4789,2137,27,2,287.02,0.0
4790,2138,73,1,831.13,0.0
4791,2139,68,1,245.03,0.0
4792,2140,42,1,880.29,0.0
4793,2140,8,1,542.39,5.0
4794,2140,36,1,72.7,20.0
4795,2140,44,1,930.25,0.0
4796,2140,235,2,180.69,0.0
4797,2141,9,3,217.62,0.0
4798,2142,3,1,557.91,20.0
4799,2142,10,1,132.89,0.0
4800,2143,33,1,947.92,5.0
4801,2143,45,2,456.92,0.0
4802,2143,41,1,176.54,0.0
4803,2144,156,3,410.55,0.0
4804,2144,49,4,1020.52,5.0
4805,2144,160,2,248.36,15.0
4806,2145,16,2,973.78,0.0
4807,2145,17,3,173.9,0.0
4808,2145,30,1,658.15,0.0
4809,2146,133,3,245.7,0.0
4810,2146,22,1,457.79,0.0
4811,2146,25,1,631.62,10.0
4812,2147,27,3,287.02,0.0
4813,2147,18,1,818.1,0.0
4814,2148,26,2,204.87,0.0
4815,2149,36,1,72.7,5.0
4816,2149,19,5,604.84,0.0
4817,2150,11,1,202.6,20.0
4818,2150,19,2,604.84,0.0
4819,2150,46,1,854.22,0.0
4820,2151,20,2,339.73,0.0
4821,2151,2,4,394.13,0.0
4822,2152,17,1,173.9,0.0
4823,2152,37,1,1009.52,0.0
4824,2153,2,1,394.13,5.0
4825,2154,160,1,248.36,5.0
4826,2154,41,2,176.54,0.0
4827,2155,50,1,994.53,0.0
4828,2156,31,1,185.47,0.0
4829,2157,23,4,236.54,0.0
4830,2157,13,1,800.5,5.0
4831,2157,200,1,731.51,15.0
4832,2158,37,1,1009.52,0.0
4833,2159,257,3,118.54,0.0
4834,2159,2,2,394.13,0.0
4835,2160,4,4,583.61,0.0
4836,2161,49,1,1020.52,0.0
4837,2162,1,1,643.08,15.0
4838,2162,36,1,72.7,15.0
4839,2162,18,1,818.1,0.0
4840,2162,34,1,43.21,0.0
4841,2162,30,1,658.15,10.0
4842,2163,4,1,583.61,0.0
4843,2164,5,1,597.45,0.0
4844,2164,52,1,994.18,0.0
4845,2165,34,2,43.21,5.0
4846,2166,133,1,245.7,0.0
4847,2167,29,1,981.65,0.0
4848,2167,2,3,394.13,0.0
4849,2167,7,1,62.52,0.0
4850,2168,9,1,217.62,0.0
4851,2168,37,1,1009.52,0.0
4852,2169,4,1,583.61,0.0
4853,2170,20,1,339.73,0.0
4854,2170,52,2,994.18,0.0
4855,2171,2,1,394.13,0.0
4856,2172,51,1,774.23,0.0
4857,2173,26,2,204.87,0.0
4858,2173,19,1,604.84,0.0
4859,2173,36,1,72.7,15.0
4860,2174,22,1,457.79,5.0
4861,2174,44,2,930.25,0.0
4862,2175,175,1,628.11,0.0
4863,2175,22,1,457.79,0.0
4864,2175,48,1,358.48,0.0
4865,2175,43,1,935.97,0.0
4866,2175,189,2,816.04,0.0
4867,2176,29,1,981.65,0.0
4868,2176,25,2,631.62,20.0
4869,2177,41,1,176.54,15.0
4870,2178,15,2,255.83,10.0
4871,2179,17,3,173.9,5.0
4872,2180,181,1,115.49,10.0
4873,2180,11,1,202.6,5.0
4874,2181,40,2,520.37,0.0
4875,2182,33,2,947.92,20.0
4876,2182,19,2,604.84,5.0
4877,2182,144,2,927.22,0.0
4878,2183,25,1,631.62,0.0
4879,2183,14,1,149.0,0.0
4880,2184,3,3,557.91,5.0
4881,2184,51,2,774.23,0.0
4882,2184,25,1,631.62,0.0
4883,2185,18,1,818.1,0.0
4884,2185,15,1,255.83,0.0
4885,2185,113,2,1162.63,0.0
4886,2186,10,3,132.89,0.0
4887,2187,50,1,994.53,0.0
4888,2188,22,1,457.79,0.0
4889,2189,48,2,358.48,0.0
4890,2190,37,3,1009.52,5.0
4891,2191,73,2,831.13,0.0
4892,2191,51,2,774.23,0.0
4893,2192,47,1,459.02,0.0
4894,2192,51,1,774.23,0.0
4895,2192,1,1,643.08,5.0
4896,2192,17,2,173.9,0.0
4897,2192,212,3,665.42,0.0
4898,2193,21,1,851.91,15.0
4899,2193,17,1,173.9,0.0
4900,2194,91,1,291.37,5.0
4901,2195,36,1,72.7,0.0
4902,2196,20,2,339.73,15.0
4903,2196,8,2,542.39,10.0
4904,2197,51,5,774.23,0.0
4905,2197,49,1,1020.52,0.0
4906,2198,48,3,358.48,0.0
4907,2198,6,1,34.19,0.0
4908,2198,36,3,72.7,0.0
4909,2198,5,3,597.45,0.0
4910,2199,2,1,394.13,0.0
4911,2200,52,1,994.18,0.0
4912,2201,121,4,223.46,0.0
4913,2202,14,1,149.0,0.0
4914,2202,17,3,173.9,0.0
4915,2203,34,1,43.21,0.0
4916,2203,44,1,930.25,0.0
4917,2203,50,1,994.53,0.0
4918,2204,18,1,818.1,0.0
4919,2204,49,2,1020.52,0.0
4920,2204,47,2,459.02,0.0
4921,2205,18,1,818.1,0.0
4922,2205,4,1,583.61,0.0
4923,2205,182,2,653.31,15.0
4924,2206,48,2,358.48,0.0
4925,2206,1,5,643.08,0.0
4926,2206,15,5,255.83,10.0
4927,2207,147,2,490.87,15.0
4928,2207,19,1,604.84,20.0
4929,2208,3,1,557.91,0.0
4930,2209,5,1,597.45,10.0
4931,2209,32,2,320.79,0.0
4932,2210,36,1,72.7,0.0
4933,2210,17,3,173.9,0.0
4934,2211,169,1,863.12,0.0
4935,2211,175,1,628.11,10.0
4936,2212,43,1,935.97,0.0
4937,2212,2,1,394.13,0.0
4938,2213,91,2,291.37,0.0
4939,2213,14,1,149.0,0.0
4940,2213,250,2,761.52,0.0
4941,2214,41,3,176.54,0.0
4942,2215,42,1,880.29,20.0
4943,2215,14,1,149.0,0.0
4944,2215,33,1,947.92,0.0
4945,2216,125,1,128.01,0.0
4946,2216,221,2,294.07,20.0
4947,2216,33,3,947.92,0.0
4948,2216,2,2,394.13,0.0
4949,2216,1,1,643.08,0.0
4950,2217,16,1,973.78,0.0
4951,2217,7,3,62.52,10.0
4952,2217,9,2,217.62,0.0
4953,2218,233,1,27.46,0.0
4954,2218,31,2,185.47,0.0
4955,2218,204,3,504.77,5.0
4956,2218,28,1,662.55,10.0
4957,2218,18,3,818.1,0.0
4958,2219,33,1,947.92,0.0
4959,2220,36,1,72.7,5.0
4960,2220,214,2,836.23,15.0
4961,2220,212,2,665.42,0.0
4962,2220,35,2,633.08,10.0
4963,2221,109,2,663.14,0.0
4964,2222,21,3,851.91,0.0
4965,2222,4,5,583.61,0.0
4966,2222,15,2,255.83,0.0
4967,2223,24,1,584.38,5.0
4968,2223,39,1,758.76,0.0
4969,2224,193,2,948.3,0.0
4970,2225,43,2,935.97,0.0
4971,2226,14,1,149.0,20.0
4972,2227,18,1,818.1,0.0
4973,2227,22,1,457.79,5.0
4974,2227,39,2,758.76,0.0
4975,2228,135,1,277.82,0.0
4976,2229,8,1,542.39,0.0
4977,2229,15,1,255.83,20.0
4978,2230,35,5,633.08,15.0
4979,2230,9,1,217.62,0.0
4980,2231,94,2,914.43,5.0
4981,2231,18,1,818.1,0.0
4982,2231,10,1,132.89,0.0
4983,2232,19,1,604.84,5.0
4984,2233,51,3,774.23,0.0
4985,2234,27,1,287.02,0.0
4986,2234,49,3,1020.52,0.0
4987,2234,98,1,932.39,5.0
4988,2234,15,1,255.83,0.0
4989,2234,240,3,81.35,15.0
4990,2235,3,1,557.91,0.0
4991,2235,66,1,361.37,0.0
4992,2236,34,1,43.21,0.0
4993,2237,172,1,225.41,10.0
4994,2238,5,2,597.45,0.0
4995,2238,24,2,584.38,10.0
4996,2239,10,1,132.89,10.0
4997,2239,50,2,994.53,0.0
4998,2239,45,2,456.92,10.0
4999,2240,190,2,998.17,0.0
5000,2241,43,3,935.97,0.0
5001,2241,7,3,62.52,0.0
5002,2241,17,1,173.9,10.0
5003,2242,14,2,149.0,0.0
5004,2243,31,2,185.47,10.0
5005,2244,37,1,1009.52,20.0
5006,2244,13,1,800.5,0.0
5007,2245,88,1,757.47,5.0
5008,2245,45,2,456.92,0.0
5009,2246,19,1,604.84,0.0
5010,2246,16,1,973.78,0.0
5011,2246,213,1,50.55,0.0
5012,2247,40,1,520.37,0.0
5013,2247,23,2,236.54,0.0
5014,2248,15,3,255.83,0.0
5015,2248,16,3,973.78,0.0
5016,2249,190,3,998.17,0.0
5017,2249,240,2,81.35,0.0
5018,2250,14,1,149.0,0.0
5019,2251,214,1,836.23,15.0
5020,2251,32,1,320.79,0.0
5021,2251,37,3,1009.52,0.0
5022,2252,45,1,456.92,0.0
5023,2252,71,2,682.59,0.0
5024,2252,4,1,583.61,0.0
5025,2253,42,1,880.29,0.0
5026,2253,40,1,520.37,20.0
5027,2253,21,2,851.91,5.0
5028,2254,23,1,236.54,0.0
5029,2254,21,1,851.91,20.0
5030,2255,75,1,448.57,0.0
5031,2255,25,1,631.62,0.0
5032,2256,2,3,394.13,0.0
5033,2256,31,1,185.47,0.0
5034,2256,35,2,633.08,0.0
5035,2257,6,1,34.19,15.0
5036,2257,2,1,394.13,5.0
5037,2258,138,1,285.18,0.0
5038,2258,11,1,202.6,0.0
5039,2258,64,1,586.27,10.0
5040,2259,36,3,72.7,0.0
5041,2259,2,1,394.13,0.0
5042,2260,33,2,947.92,0.0
5043,2261,29,1,981.65,0.0
5044,2262,153,3,378.51,0.0
5045,2263,223,3,389.43,0.0
5046,2264,4,1,583.61,0.0
5047,2264,71,2,682.59,5.0
5048,2264,48,1,358.48,0.0
5049,2265,238,1,31.94,5.0
5050,2265,14,1,149.0,10.0
5051,2266,26,1,204.87,5.0
5052,2266,16,4,973.78,10.0
5053,2266,25,1,631.62,0.0
5054,2267,38,1,1016.34,0.0
5055,2267,3,2,557.91,5.0
5056,2268,21,1,851.91,0.0
5057,2269,2,1,394.13,15.0
5058,2269,1,1,643.08,5.0
5059,2270,35,1,633.08,20.0
5060,2271,17,1,173.9,10.0
5061,2272,39,1,758.76,5.0
5062,2272,186,5,919.63,20.0
5063,2272,16,1,973.78,0.0
5064,2273,12,1,677.11,0.0
5065,2273,45,4,456.92,0.0
5066,2273,4,1,583.61,0.0
5067,2273,14,2,149.0,0.0
5068,2274,32,1,320.79,20.0
5069,2274,46,1,854.22,10.0
5070,2274,42,1,880.29,10.0
5071,2275,6,1,34.19,20.0
5072,2275,7,3,62.52,0.0
5073,2275,9,1,217.62,20.0
5074,2275,17,1,173.9,10.0
5075,2276,11,1,202.6,5.0
5076,2276,29,1,981.65,5.0
5077,2276,33,5,947.92,0.0
5078,2277,23,3,236.54,0.0
5079,2277,215,1,429.74,0.0
5080,2278,28,2,662.55,0.0
5081,2278,2,1,394.13,0.0
5082,2279,29,2,981.65,15.0
5083,2279,46,1,854.22,0.0
5084,2279,250,2,761.52,0.0
5085,2280,15,1,255.83,0.0
5086,2280,50,2,994.53,0.0
5087,2281,27,1,287.02,0.0
5088,2281,9,4,217.62,0.0
5089,2281,13,3,800.5,0.0
5090,2281,12,2,677.11,10.0
5091,2282,28,3,662.55,0.0
5092,2282,120,1,983.93,0.0
5093,2283,216,1,929.01,0.0
5094,2283,43,2,935.97,0.0
5095,2284,14,2,149.0,10.0
5096,2284,208,1,1182.18,0.0
5097,2284,11,1,202.6,20.0
5098,2285,25,2,631.62,15.0
5099,2285,18,1,818.1,0.0
5100,2286,9,2,217.62,0.0
5101,2286,73,1,831.13,0.0
5102,2286,34,2,43.21,15.0
5103,2286,137,1,424.86,0.0
5104,2286,31,1,185.47,0.0
5105,2287,32,1,320.79,0.0
5106,2287,150,2,196.9,0.0
5107,2287,14,2,149.0,10.0
5108,2287,244,1,902.38,0.0
5109,2288,169,2,863.12,0.0
5110,2288,114,1,279.33,0.0
5111,2288,197,2,893.87,5.0
5112,2289,51,1,774.23,0.0
5113,2289,11,1,202.6,10.0
5114,2289,41,1,176.54,10.0
5115,2289,107,1,933.7,0.0
5116,2290,52,2,994.18,15.0
5117,2290,3,2,557.91,20.0
5118,2291,29,2,981.65,0.0
5119,2292,7,1,62.52,0.0
5120,2292,30,2,658.15,5.0
5121,2292,14,1,149.0,10.0
5122,2293,12,1,677.11,10.0
5123,2294,110,3,600.49,0.0
5124,2294,15,1,255.83,5.0
5125,2294,40,1,520.37,0.0
5126,2295,166,1,881.42,10.0
5127,2295,34,2,43.21,0.0
5128,2296,44,2,930.25,5.0
5129,2297,44,1,930.25,5.0
5130,2297,17,1,173.9,0.0
5131,2298,42,1,880.29,20.0
5132,2299,27,2,287.02,20.0
5133,2299,50,2,994.53,0.0
5134,2299,45,1,456.92,0.0
5135,2300,14,1,149.0,0.0
5136,2300,52,1,994.18,0.0
5137,2300,3,1,557.91,5.0
5138,2301,21,1,851.91,15.0
5139,2301,40,1,520.37,0.0
5140,2301,32,1,320.79,0.0
5141,2301,28,2,662.55,0.0
5142,2302,26,2,204.87,0.0
5143,2302,27,1,287.02,0.0
5144,2302,132,1,758.96,10.0
5145,2302,75,3,448.57,10.0
5146,2303,37,1,1009.52,0.0
5147,2304,16,3,973.78,10.0
5148,2304,17,1,173.9,0.0
5149,2305,159,1,220.27,5.0
5150,2305,2,2,394.13,0.0
5151,2306,190,2,998.17,0.0
5152,2306,133,2,245.7,0.0
5153,2306,35,2,633.08,0.0
5154,2307,2,3,394.13,0.0
5155,2307,34,1,43.21,0.0
5156,2307,44,1,930.25,10.0
5157,2308,39,2,758.76,0.0
5158,2309,50,1,994.53,0.0
5159,2309,47,1,459.02,0.0
5160,2309,14,1,149.0,15.0
5161,2310,45,1,456.92,5.0
5162,2310,2,2,394.13,5.0
5163,2311,195,1,549.52,0.0
5164,2311,29,1,981.65,0.0
5165,2312,4,4,583.61,5.0
5166,2312,19,1,604.84,0.0
5167,2313,2,2,394.13,5.0
5168,2314,21,1,851.91,0.0
5169,2314,35,1,633.08,0.0
5170,2314,58,1,473.18,0.0
5171,2315,117,2,659.17,0.0
5172,2315,5,1,597.45,0.0
5173,2316,24,2,584.38,0.0
5174,2316,41,2,176.54,10.0
5175,2317,29,1,981.65,5.0
5176,2317,108,1,306.47,0.0
5177,2317,40,1,520.37,0.0
5178,2317,30,3,658.15,0.0
5179,2318,44,1,930.25,0.0
5180,2318,94,3,914.43,5.0
5181,2318,12,2,677.11,0.0
5182,2318,45,1,456.92,5.0
5183,2319,15,3,255.83,0.0
5184,2319,51,1,774.23,0.0
5185,2319,11,2,202.6,0.0
5186,2320,4,1,583.61,0.0
5187,2320,42,4,880.29,0.0
5188,2321,63,1,958.03,0.0
5189,2322,9,3,217.62,0.0
5190,2322,219,2,503.95,5.0
5191,2323,30,4,658.15,0.0
5192,2323,26,1,204.87,0.0
5193,2323,38,1,1016.34,10.0
5194,2324,34,1,43.21,0.0
5195,2325,190,1,998.17,0.0
5196,2326,51,1,774.23,10.0
5197,2326,32,3,320.79,0.0
5198,2327,223,3,389.43,0.0
5199,2327,185,1,339.91,0.0
5200,2327,1,1,643.08,0.0
5201,2327,30,2,658.15,0.0
5202,2328,5,1,597.45,5.0
5203,2328,52,1,994.18,0.0
5204,2328,7,2,62.52,0.0
5205,2328,22,1,457.79,0.0
5206,2329,49,1,1020.52,0.0
5207,2329,16,1,973.78,0.0
5208,2329,10,1,132.89,5.0
5209,2330,26,1,204.87,15.0
5210,2331,17,2,173.9,15.0
5211,2332,248,1,249.31,0.0
5212,2332,27,2,287.02,0.0
5213,2332,193,5,948.3,0.0
5214,2333,30,1,658.15,0.0
5215,2334,3,3,557.91,5.0
5216,2335,46,1,854.22,0.0
5217,2335,40,2,520.37,0.0
5218,2335,37,1,1009.52,0.0
5219,2335,43,1,935.97,0.0
5220,2335,1,1,643.08,0.0
5221,2336,116,1,209.21,20.0
5222,2336,5,1,597.45,0.0
5223,2337,89,1,568.71,0.0
5224,2338,38,1,1016.34,0.0
5225,2338,11,1,202.6,0.0
5226,2338,43,3,935.97,0.0
5227,2338,34,1,43.21,0.0
5228,2339,36,4,72.7,0.0
5229,2339,15,1,255.83,0.0
5230,2339,46,3,854.22,5.0
5231,2340,208,2,1182.18,5.0
5232,2340,26,1,204.87,10.0
5233,2340,21,2,851.91,15.0
5234,2341,22,5,457.79,5.0
5235,2341,204,1,504.77,0.0
5236,2341,15,1,255.83,0.0
5237,2342,40,1,520.37,0.0
5238,2342,206,1,532.41,15.0
5239,2343,169,1,863.12,0.0
5240,2344,223,1,389.43,0.0
5241,2344,24,3,584.38,5.0
5242,2344,3,2,557.91,0.0
5243,2344,1,1,643.08,0.0
5244,2345,16,2,973.78,10.0
5245,2345,88,2,757.47,10.0
5246,2345,22,2,457.79,0.0
5247,2345,6,2,34.19,0.0
5248,2345,24,1,584.38,0.0
5249,2346,12,1,677.11,0.0
5250,2346,41,1,176.54,0.0
5251,2346,24,1,584.38,0.0
5252,2347,37,2,1009.52,0.0
5253,2347,7,2,62.52,0.0
5254,2347,4,2,583.61,0.0
5255,2348,249,1,229.0,20.0
5256,2349,162,2,82.72,0.0
5257,2350,43,1,935.97,5.0
5258,2350,52,1,994.18,10.0
5259,2350,36,1,72.7,0.0
5260,2351,31,1,185.47,0.0
5261,2351,43,2,935.97,5.0
5262,2352,4,3,583.61,15.0
5263,2352,48,3,358.48,5.0
5264,2352,11,1,202.6,0.0
5265,2352,40,2,520.37,0.0
5266,2353,1,1,643.08,0.0
5267,2353,208,1,1182.18,0.0
5268,2353,51,1,774.23,15.0
5269,2354,12,1,677.11,0.0
5270,2354,5,1,597.45,0.0
5271,2354,28,5,662.55,0.0
5272,2355,30,1,658.15,0.0
5273,2356,38,2,1016.34,10.0
5274,2356,195,2,549.52,0.0
5275,2357,51,1,774.23,0.0
5276,2357,17,1,173.9,0.0
5277,2358,177,1,592.34,0.0
5278,2358,42,1,880.29,0.0
5279,2359,131,1,80.3,0.0
5280,2359,155,3,438.96,0.0
5281,2359,32,2,320.79,0.0
5282,2360,184,3,196.43,0.0
5283,2360,115,1,625.25,0.0
5284,2360,31,1,185.47,0.0
5285,2361,34,3,43.21,10.0
5286,2361,33,1,947.92,0.0
5287,2362,38,2,1016.34,15.0
5288,2363,207,1,991.04,5.0
5289,2363,28,3,662.55,0.0
5290,2363,40,1,520.37,10.0
5291,2363,112,2,1017.21,0.0
5292,2364,123,1,272.6,0.0
5293,2364,33,1,947.92,0.0
5294,2365,11,1,202.6,5.0
5295,2365,41,2,176.54,0.0
5296,2365,47,1,459.02,15.0
5297,2365,57,4,966.47,0.0
5298,2366,2,1,394.13,0.0
5299,2366,36,1,72.7,0.0
5300,2367,14,1,149.0,0.0
5301,2367,9,1,217.62,0.0
5302,2368,10,2,132.89,10.0
5303,2368,8,2,542.39,0.0
5304,2368,39,1,758.76,10.0
5305,2369,34,1,43.21,0.0
5306,2369,27,2,287.02,0.0
5307,2370,8,1,542.39,0.0
5308,2370,20,1,339.73,0.0
5309,2370,47,2,459.02,0.0
5310,2370,51,1,774.23,0.0
5311,2371,27,1,287.02,0.0
5312,2372,47,1,459.02,0.0
5313,2372,25,2,631.62,20.0
5314,2373,181,2,115.49,10.0
5315,2374,50,4,994.53,0.0
5316,2375,26,4,204.87,0.0
5317,2376,30,1,658.15,0.0
5318,2376,31,3,185.47,0.0
5319,2377,45,1,456.92,10.0
5320,2377,5,1,597.45,0.0
5321,2377,12,1,677.11,10.0
5322,2378,11,1,202.6,0.0
5323,2378,48,3,358.48,0.0
5324,2379,16,3,973.78,10.0
5325,2380,49,2,1020.52,0.0
5326,2380,18,3,818.1,0.0
5327,2380,209,1,521.49,0.0
5328,2381,235,1,180.69,0.0
5329,2381,52,1,994.18,10.0
5330,2381,31,1,185.47,0.0
5331,2382,10,1,132.89,10.0
5332,2382,9,1,217.62,0.0
5333,2383,5,1,597.45,0.0
5334,2383,105,1,888.35,10.0
5335,2384,4,1,583.61,15.0
5336,2384,42,2,880.29,0.0
5337,2384,9,3,217.62,0.0
5338,2384,1,3,643.08,0.0
5339,2384,40,1,520.37,0.0
5340,2385,7,1,62.52,0.0
5341,2386,4,1,583.61,0.0
5342,2386,50,3,994.53,0.0
5343,2387,15,1,255.83,0.0
5344,2387,9,1,217.62,0.0
5345,2387,45,2,456.92,0.0
5346,2387,46,1,854.22,10.0
5347,2388,25,2,631.62,0.0
5348,2389,11,1,202.6,0.0
5349,2389,40,2,520.37,0.0
5350,2389,4,2,583.61,0.0
5351,2389,47,1,459.02,5.0
5352,2390,35,2,633.08,0.0
5353,2391,23,1,236.54,0.0
5354,2391,20,3,339.73,0.0
5355,2392,9,1,217.62,0.0
5356,2392,11,2,202.6,0.0
5357,2392,19,1,604.84,0.0
5358,2392,43,2,935.97,0.0
5359,2392,97,1,38.5,15.0
5360,2393,35,2,633.08,0.0
5361,2394,22,1,457.79,0.0
5362,2395,44,2,930.25,15.0
5363,2396,46,1,854.22,0.0
5364,2397,1,1,643.08,0.0
5365,2397,14,1,149.0,0.0
5366,2397,49,1,1020.52,0.0
5367,2397,34,1,43.21,20.0
5368,2397,15,1,255.83,10.0
5369,2398,8,1,542.39,0.0
5370,2398,36,2,72.7,10.0
5371,2399,52,3,994.18,0.0
5372,2400,33,1,947.92,0.0
5373,2401,123,1,272.6,10.0
5374,2401,232,2,968.09,20.0
5375,2402,26,2,204.87,0.0
5376,2402,16,1,973.78,5.0
5377,2402,52,1,994.18,0.0
5378,2403,182,3,653.31,10.0
5379,2403,116,1,209.21,20.0
5380,2403,20,1,339.73,0.0
5381,2403,1,1,643.08,0.0
5382,2403,14,2,149.0,0.0
5383,2404,163,1,234.62,0.0
5384,2404,39,1,758.76,0.0
5385,2405,52,3,994.18,0.0
5386,2405,28,2,662.55,0.0
5387,2406,19,3,604.84,0.0
5388,2407,17,1,173.9,0.0
5389,2407,23,2,236.54,15.0
5390,2407,48,5,358.48,5.0
5391,2407,5,1,597.45,0.0
5392,2408,4,3,583.61,0.0
5393,2409,11,1,202.6,0.0
5394,2409,13,1,800.5,0.0
5395,2410,26,2,204.87,0.0
5396,2410,5,1,597.45,0.0
5397,2410,6,1,34.19,0.0
5398,2411,18,2,818.1,0.0
5399,2411,32,2,320.79,0.0
5400,2412,47,2,459.02,15.0
5401,2412,24,2,584.38,10.0
5402,2412,25,2,631.62,5.0
5403,2413,7,1,62.52,0.0
5404,2413,19,2,604.84,0.0
5405,2414,52,2,994.18,0.0
5406,2415,191,1,733.3,0.0
5407,2416,24,1,584.38,0.0
5408,2417,47,1,459.02,15.0
5409,2417,34,1,43.21,0.0
5410,2418,106,1,65.61,0.0
5411,2418,41,1,176.54,0.0
5412,2419,38,1,1016.34,0.0
5413,2419,49,1,1020.52,15.0
5414,2420,42,2,880.29,10.0
5415,2421,52,1,994.18,0.0
5416,2421,118,1,1091.59,0.0
5417,2421,155,1,438.96,0.0
5418,2422,7,1,62.52,20.0
5419,2423,25,1,631.62,0.0
5420,2423,32,2,320.79,0.0
5421,2424,20,2,339.73,15.0
5422,2424,52,1,994.18,0.0
5423,2424,16,1,973.78,15.0
5424,2425,57,2,966.47,0.0
5425,2426,17,1,173.9,0.0
5426,2426,38,1,1016.34,10.0
5427,2426,147,1,490.87,0.0
5428,2427,72,4,474.04,0.0
5429,2427,34,4,43.21,0.0
5430,2427,12,1,677.11,0.0
5431,2427,8,1,542.39,15.0
5432,2427,45,2,456.92,0.0
5433,2428,28,2,662.55,10.0
5434,2428,9,2,217.62,20.0
5435,2429,15,2,255.83,10.0
5436,2429,1,1,643.08,0.0
5437,2430,48,1,358.48,0.0
5438,2431,158,1,334.84,20.0
5439,2431,11,1,202.6,0.0
5440,2432,5,1,597.45,0.0
5441,2432,56,2,776.63,0.0
5442,2433,45,2,456.92,0.0
5443,2433,256,1,83.37,0.0
5444,2434,30,1,658.15,0.0
5445,2434,51,2,774.23,20.0
5446,2434,118,2,1091.59,0.0
5447,2435,4,1,583.61,0.0
5448,2435,21,2,851.91,0.0
5449,2435,59,2,251.22,0.0
5450,2436,32,1,320.79,0.0
5451,2436,209,1,521.49,5.0
5452,2436,31,1,185.47,0.0
5453,2436,1,3,643.08,0.0
5454,2436,26,1,204.87,0.0
5455,2437,61,2,882.1,0.0
5456,2437,245,1,396.55,0.0
5457,2437,43,2,935.97,5.0
5458,2438,23,1,236.54,15.0
5459,2438,40,2,520.37,0.0
5460,2438,46,1,854.22,0.0
5461,2438,25,1,631.62,5.0
5462,2439,28,1,662.55,0.0
5463,2439,29,1,981.65,0.0
5464,2440,28,2,662.55,0.0
5465,2440,2,1,394.13,0.0
5466,2440,44,1,930.25,0.0
5467,2441,6,2,34.19,10.0
5468,2442,36,2,72.7,0.0
5469,2442,41,1,176.54,10.0
5470,2443,22,2,457.79,0.0
5471,2443,42,1,880.29,0.0
5472,2444,18,1,818.1,0.0
5473,2444,12,2,677.11,0.0
5474,2444,221,1,294.07,0.0
5475,2445,40,2,520.37,0.0
5476,2446,11,1,202.6,0.0
5477,2446,33,1,947.92,10.0
5478,2447,45,2,456.92,0.0
5479,2447,1,2,643.08,10.0
5480,2448,158,1,334.84,5.0
5481,2448,39,4,758.76,10.0
5482,2449,225,2,785.87,10.0
5483,2449,17,2,173.9,0.0
5484,2450,19,2,604.84,0.0
5485,2450,21,1,851.91,0.0
5486,2450,36,2,72.7,0.0
5487,2450,9,2,217.62,0.0
5488,2450,45,1,456.92,0.0
5489,2451,33,1,947.92,0.0
5490,2451,29,1,981.65,10.0
5491,2451,20,2,339.73,0.0
5492,2452,165,2,882.32,0.0
5493,2453,32,3,320.79,0.0
5494,2453,81,1,77.19,0.0
5495,2454,193,3,948.3,0.0
5496,2454,33,1,947.92,0.0
5497,2454,153,3,378.51,0.0
5498,2455,42,1,880.29,10.0
5499,2455,24,2,584.38,0.0
5500,2456,10,1,132.89,20.0
5501,2457,10,1,132.89,0.0
5502,2457,40,2,520.37,0.0
5503,2457,33,1,947.92,10.0
5504,2457,45,2,456.92,15.0
5505,2458,15,2,255.83,0.0
5506,2458,26,1,204.87,0.0
5507,2458,61,1,882.1,0.0
5508,2459,22,2,457.79,0.0
5509,2459,14,1,149.0,0.0
5510,2460,34,1,43.21,10.0
5511,2460,30,4,658.15,0.0
5512,2461,28,1,662.55,0.0
5513,2461,38,1,1016.34,0.0
5514,2461,48,2,358.48,0.0
5515,2462,30,1,658.15,0.0
5516,2463,8,1,542.39,0.0
5517,2463,155,3,438.96,0.0
5518,2464,195,3,549.52,0.0
5519,2464,35,1,633.08,0.0
5520,2465,14,2,149.0,0.0
5521,2465,116,1,209.21,0.0
5522,2466,16,1,973.78,0.0
5523,2466,31,4,185.47,0.0
5524,2466,37,1,1009.52,0.0
5525,2467,55,1,479.69,0.0
5526,2467,40,4,520.37,0.0
5527,2468,256,2,83.37,5.0
5528,2468,3,1,557.91,0.0
5529,2468,118,1,1091.59,10.0
5530,2469,49,2,1020.52,0.0
5531,2469,28,1,662.55,10.0
5532,2470,101,2,462.13,15.0
5533,2470,95,2,179.64,10.0
5534,2470,21,1,851.91,0.0
5535,2471,13,2,800.5,0.0
5536,2471,14,3,149.0,0.0
5537,2471,8,3,542.39,0.0
5538,2471,4,1,583.61,20.0
5539,2472,14,1,149.0,0.0
5540,2472,23,1,236.54,0.0
5541,2472,10,1,132.89,0.0
5542,2473,18,1,818.1,0.0
5543,2473,42,1,880.29,20.0
5544,2474,12,1,677.11,0.0
5545,2474,41,1,176.54,20.0
5546,2475,42,1,880.29,20.0
5547,2475,92,1,549.63,0.0
5548,2475,24,1,584.38,0.0
5549,2476,42,2,880.29,10.0
5550,2476,160,1,248.36,0.0
5551,2476,3,1,557.91,0.0
5552,2476,36,1,72.7,5.0
5553,2477,14,2,149.0,0.0
5554,2478,196,1,925.9,0.0
5555,2478,34,1,43.21,0.0
5556,2479,6,1,34.19,20.0
5557,2479,11,2,202.6,10.0
5558,2480,111,4,932.22,0.0
5559,2481,80,1,275.45,0.0
5560,2481,45,1,456.92,0.0
5561,2481,24,3,584.38,0.0
5562,2481,36,2,72.7,0.0
5563,2481,6,1,34.19,0.0
5564,2482,18,1,818.1,5.0
5565,2482,43,1,935.97,5.0
5566,2483,71,1,682.59,0.0
5567,2483,217,1,308.65,0.0
5568,2484,48,2,358.48,0.0
5569,2484,26,1,204.87,0.0
5570,2485,5,1,597.45,0.0
5571,2485,17,3,173.9,0.0
5572,2486,17,2,173.9,0.0
5573,2486,6,2,34.19,0.0
5574,2487,40,4,520.37,0.0
5575,2487,186,1,919.63,20.0
5576,2487,11,1,202.6,0.0
5577,2487,39,1,758.76,5.0
5578,2488,14,2,149.0,10.0
5579,2488,183,2,473.71,0.0
5580,2488,8,1,542.39,0.0
5581,2488,20,1,339.73,0.0
5582,2489,40,1,520.37,0.0
5583,2490,21,1,851.91,15.0
5584,2490,40,2,520.37,15.0
5585,2491,1,1,643.08,0.0
5586,2491,64,1,586.27,15.0
5587,2491,38,1,1016.34,0.0
5588,2491,50,1,994.53,5.0
5589,2492,25,3,631.62,0.0
5590,2492,30,1,658.15,0.0
5591,2493,52,1,994.18,10.0
5592,2494,46,1,854.22,0.0
5593,2494,19,4,604.84,10.0
5594,2494,13,1,800.5,0.0
5595,2494,11,2,202.6,0.0
5596,2494,3,1,557.91,0.0
5597,2495,4,1,583.61,15.0
5598,2495,43,1,935.97,0.0
5599,2495,5,1,597.45,0.0
5600,2496,31,3,185.47,20.0
5601,2496,183,1,473.71,10.0
5602,2497,217,1,308.65,0.0
5603,2497,14,1,149.0,10.0
5604,2497,13,2,800.5,0.0
5605,2498,9,1,217.62,10.0
5606,2498,7,2,62.52,0.0
5607,2499,46,1,854.22,0.0
5608,2499,230,1,948.25,0.0
5609,2499,35,3,633.08,0.0
5610,2500,105,1,888.35,0.0
5611,2500,31,1,185.47,0.0
5612,2501,2,1,394.13,0.0
5613,2501,17,1,173.9,5.0
5614,2501,27,1,287.02,0.0
5615,2502,29,5,981.65,15.0
5616,2502,37,1,1009.52,0.0
5617,2502,9,1,217.62,5.0
5618,2502,23,1,236.54,15.0
5619,2503,21,3,851.91,0.0
5620,2503,22,3,457.79,0.0
5621,2504,227,1,342.68,0.0
5622,2504,33,1,947.92,0.0
5623,2504,115,1,625.25,0.0
5624,2504,32,1,320.79,0.0
5625,2504,241,2,868.81,5.0
5626,2505,4,1,583.61,0.0
5627,2505,48,1,358.48,0.0
5628,2506,12,3,677.11,0.0
5629,2506,94,2,914.43,0.0
5630,2506,47,3,459.02,15.0
5631,2506,37,2,1009.52,0.0
5632,2507,31,3,185.47,5.0
5633,2508,48,1,358.48,0.0
5634,2508,41,1,176.54,0.0
5635,2509,52,3,994.18,5.0
5636,2509,154,1,667.55,0.0
5637,2509,36,1,72.7,20.0
5638,2510,28,1,662.55,5.0
5639,2510,18,2,818.1,0.0
5640,2510,63,3,958.03,0.0
5641,2510,13,1,800.5,5.0
5642,2511,26,2,204.87,0.0
5643,2511,16,1,973.78,0.0
5644,2512,31,5,185.47,5.0
5645,2512,25,1,631.62,10.0
5646,2513,37,1,1009.52,0.0
5647,2513,21,1,851.91,5.0
5648,2514,13,1,800.5,0.0
5649,2514,34,1,43.21,5.0
5650,2515,30,4,658.15,0.0
5651,2515,23,1,236.54,5.0
5652,2516,15,2,255.83,5.0
5653,2516,29,1,981.65,5.0
5654,2517,29,1,981.65,0.0
5655,2517,191,3,733.3,0.0
5656,2518,39,3,758.76,15.0
5657,2519,52,2,994.18,0.0
5658,2519,33,1,947.92,0.0
5659,2519,49,1,1020.52,0.0
5660,2520,24,1,584.38,0.0
5661,2520,67,1,808.59,0.0
5662,2520,22,2,457.79,0.0
5663,2520,6,1,34.19,10.0
5664,2520,35,1,633.08,0.0
5665,2521,36,2,72.7,0.0
5666,2521,24,1,584.38,10.0
5667,2521,39,1,758.76,0.0
5668,2521,44,2,930.25,0.0
5669,2522,2,2,394.13,5.0
5670,2522,15,1,255.83,0.0
5671,2522,24,1,584.38,0.0
5672,2523,21,1,851.91,0.0
5673,2523,1,3,643.08,0.0
5674,2523,27,1,287.02,5.0
5675,2524,96,1,1121.55,15.0
5676,2524,43,5,935.97,0.0
5677,2524,22,1,457.79,0.0
5678,2524,23,1,236.54,0.0
5679,2525,46,1,854.22,20.0
5680,2525,18,1,818.1,5.0
5681,2526,14,5,149.0,0.0
5682,2527,99,1,255.18,0.0
5683,2527,28,1,662.55,0.0
5684,2527,43,1,935.97,0.0
5685,2528,21,1,851.91,0.0
5686,2528,30,3,658.15,5.0
5687,2528,25,2,631.62,0.0
5688,2528,23,1,236.54,20.0
5689,2528,49,2,1020.52,15.0
5690,2529,40,1,520.37,0.0
5691,2529,31,2,185.47,0.0
5692,2530,8,1,542.39,20.0
5693,2530,49,3,1020.52,5.0
5694,2530,39,2,758.76,0.0
5695,2531,88,1,757.47,0.0
5696,2531,1,1,643.08,0.0
5697,2531,34,1,43.21,10.0
5698,2531,2,1,394.13,0.0
5699,2532,19,1,604.84,0.0
5700,2532,12,1,677.11,20.0
5701,2533,10,5,132.89,0.0
5702,2533,39,1,758.76,0.0
5703,2534,50,2,994.53,0.0
5704,2535,19,2,604.84,0.0
5705,2535,12,2,677.11,15.0
5706,2536,10,3,132.89,0.0
5707,2537,44,1,930.25,0.0
5708,2537,30,1,658.15,0.0
5709,2538,74,3,166.27,20.0
5710,2539,246,1,835.26,0.0
5711,2539,221,2,294.07,0.0
5712,2540,94,1,914.43,15.0
5713,2540,225,1,785.87,10.0
5714,2540,49,2,1020.52,10.0
5715,2540,11,3,202.6,0.0
5716,2541,25,2,631.62,5.0
5717,2541,15,3,255.83,0.0
5718,2542,4,4,583.61,5.0
5719,2542,50,1,994.53,20.0
5720,2542,25,2,631.62,0.0
5721,2542,23,3,236.54,20.0
5722,2543,245,2,396.55,0.0
5723,2544,27,2,287.02,0.0
5724,2545,2,2,394.13,0.0
5725,2546,36,2,72.7,20.0
5726,2547,142,1,89.71,0.0
5727,2548,9,4,217.62,0.0
5728,2548,39,2,758.76,0.0
5729,2548,50,1,994.53,15.0
5730,2548,44,1,930.25,0.0
5731,2548,17,2,173.9,0.0
5732,2549,29,1,981.65,0.0
5733,2550,21,2,851.91,0.0
5734,2550,1,1,643.08,0.0
5735,2550,4,2,583.61,0.0
5736,2550,49,1,1020.52,0.0
5737,2550,25,3,631.62,5.0
5738,2551,47,1,459.02,15.0
5739,2551,15,1,255.83,0.0
5740,2552,40,2,520.37,0.0
5741,2552,171,1,508.1,0.0
5742,2553,142,3,89.71,0.0
5743,2553,250,1,761.52,5.0
5744,2554,18,1,818.1,10.0
5745,2555,6,1,34.19,0.0
5746,2555,44,1,930.25,0.0
5747,2555,10,1,132.89,10.0
5748,2556,47,2,459.02,0.0
5749,2556,157,2,388.76,10.0
5750,2556,20,2,339.73,0.0
5751,2557,31,5,185.47,0.0
5752,2557,2,2,394.13,5.0
5753,2558,48,1,358.48,20.0
5754,2558,3,1,557.91,5.0
5755,2559,165,5,882.32,20.0
5756,2560,111,1,932.22,0.0
5757,2561,3,2,557.91,10.0
5758,2561,22,2,457.79,15.0
5759,2561,51,1,774.23,0.0
5760,2562,35,1,633.08,0.0
5761,2562,9,1,217.62,0.0
5762,2562,24,3,584.38,0.0
5763,2562,3,1,557.91,0.0
5764,2563,70,2,532.42,0.0
5765,2563,51,2,774.23,5.0
5766,2563,18,1,818.1,0.0
5767,2563,177,1,592.34,5.0
5768,2564,26,1,204.87,0.0
5769,2564,50,3,994.53,0.0
5770,2564,2,1,394.13,0.0
5771,2564,5,1,597.45,5.0
5772,2565,62,2,77.39,0.0
5773,2565,145,1,916.31,0.0
5774,2566,42,5,880.29,0.0
5775,2566,11,1,202.6,0.0
5776,2567,31,2,185.47,0.0
5777,2567,1,1,643.08,5.0
5778,2567,18,3,818.1,0.0
5779,2568,99,1,255.18,20.0
5780,2568,6,1,34.19,5.0
5781,2568,50,2,994.53,0.0
5782,2569,4,1,583.61,15.0
5783,2570,8,1,542.39,5.0
5784,2570,18,2,818.1,15.0
5785,2571,113,1,1162.63,5.0
5786,2571,3,1,557.91,0.0
5787,2572,26,1,204.87,0.0
5788,2572,17,2,173.9,10.0
5789,2572,11,1,202.6,0.0
5790,2573,37,1,1009.52,5.0
5791,2573,23,2,236.54,0.0
5792,2574,9,1,217.62,0.0
5793,2574,18,1,818.1,0.0
5794,2574,51,1,774.23,0.0
5795,2574,34,1,43.21,15.0
5796,2574,26,1,204.87,0.0
5797,2575,21,1,851.91,20.0
5798,2575,10,2,132.89,5.0
5799,2575,125,1,128.01,10.0
5800,2576,18,2,818.1,0.0
5801,2576,1,1,643.08,0.0
5802,2577,16,1,973.78,0.0
5803,2577,33,1,947.92,0.0
5804,2578,164,1,211.12,5.0
5805,2578,249,1,229.0,0.0
5806,2579,59,1,251.22,0.0
5807,2579,43,1,935.97,0.0
5808,2579,15,1,255.83,0.0
5809,2579,30,1,658.15,5.0
5810,2580,6,4,34.19,10.0
5811,2581,26,2,204.87,0.0
5812,2581,9,1,217.62,0.0
5813,2581,38,2,1016.34,0.0
5814,2582,205,1,227.28,0.0
5815,2583,18,1,818.1,0.0
5816,2584,194,2,328.13,15.0
5817,2585,232,1,968.09,0.0
5818,2585,6,2,34.19,15.0
5819,2585,39,3,758.76,5.0
5820,2585,35,1,633.08,10.0
5821,2585,40,1,520.37,10.0
5822,2586,45,2,456.92,10.0
5823,2586,47,1,459.02,5.0
5824,2587,15,1,255.83,0.0
5825,2587,37,5,1009.52,0.0
5826,2588,8,1,542.39,20.0
5827,2589,49,1,1020.52,0.0
5828,2589,127,2,711.21,0.0
5829,2590,35,1,633.08,5.0
5830,2590,136,1,185.33,0.0
5831,2590,7,2,62.52,5.0
5832,2590,39,2,758.76,5.0
5833,2591,18,1,818.1,0.0
5834,2591,26,1,204.87,5.0
5835,2591,36,3,72.7,0.0
5836,2592,51,1,774.23,0.0
5837,2592,225,1,785.87,0.0
5838,2592,156,4,410.55,0.0
5839,2592,50,1,994.53,0.0
5840,2593,233,1,27.46,0.0
5841,2593,33,1,947.92,0.0
5842,2594,52,2,994.18,5.0
5843,2595,2,1,394.13,0.0
5844,2595,178,5,512.5,0.0
5845,2596,246,1,835.26,5.0
5846,2597,6,1,34.19,5.0
5847,2597,165,1,882.32,5.0
5848,2598,11,1,202.6,0.0
5849,2598,14,2,149.0,15.0
5850,2598,29,1,981.65,5.0
5851,2598,27,1,287.02,0.0
5852,2599,61,1,882.1,20.0
5853,2599,26,2,204.87,0.0
5854,2600,48,4,358.48,5.0
5855,2601,80,2,275.45,0.0
5856,2601,11,3,202.6,0.0
5857,2602,30,3,658.15,0.0
5858,2602,41,1,176.54,0.0
5859,2603,188,1,720.38,0.0
5860,2603,18,2,818.1,0.0
5861,2604,40,1,520.37,20.0
5862,2604,2,2,394.13,5.0
5863,2604,4,2,583.61,0.0
5864,2604,37,1,1009.52,0.0
5865,2604,43,1,935.97,5.0
5866,2605,36,5,72.7,0.0
5867,2605,30,1,658.15,0.0
5868,2606,40,1,520.37,0.0
5869,2606,41,2,176.54,5.0
5870,2606,20,1,339.73,5.0
5871,2607,229,3,54.7,0.0
5872,2607,20,3,339.73,0.0
5873,2607,1,1,643.08,10.0
5874,2607,27,1,287.02,0.0
5875,2608,3,2,557.91,0.0
5876,2608,40,1,520.37,0.0
5877,2608,10,2,132.89,0.0
5878,2608,37,1,1009.52,0.0
5879,2608,5,1,597.45,0.0
5880,2609,25,1,631.62,15.0
5881,2609,14,3,149.0,0.0
5882,2609,38,1,1016.34,0.0
5883,2610,38,1,1016.34,0.0
5884,2610,3,3,557.91,5.0
5885,2610,165,1,882.32,0.0
5886,2610,41,2,176.54,5.0
5887,2611,6,1,34.19,5.0
5888,2612,203,1,131.33,0.0
5889,2612,40,3,520.37,0.0
5890,2612,27,2,287.02,0.0
5891,2612,22,2,457.79,0.0
5892,2613,18,1,818.1,0.0
5893,2613,33,2,947.92,0.0
5894,2613,4,1,583.61,0.0
5895,2613,20,1,339.73,0.0
5896,2613,24,2,584.38,0.0
5897,2614,35,1,633.08,15.0
5898,2615,14,1,149.0,20.0
5899,2615,242,1,1105.36,0.0
5900,2615,20,1,339.73,0.0
5901,2616,32,2,320.79,0.0
5902,2616,16,1,973.78,20.0
5903,2616,37,2,1009.52,0.0
5904,2617,25,1,631.62,0.0
5905,2617,203,2,131.33,0.0
5906,2617,29,1,981.65,10.0
5907,2618,122,1,246.21,0.0
5908,2618,47,1,459.02,0.0
5909,2618,38,1,1016.34,0.0
5910,2619,42,3,880.29,5.0
5911,2619,27,1,287.02,0.0
5912,2619,38,1,1016.34,20.0
5913,2620,175,2,628.11,0.0
5914,2620,17,1,173.9,0.0
5915,2621,115,2,625.25,0.0
5916,2622,40,1,520.37,10.0
5917,2622,43,1,935.97,10.0
5918,2623,46,3,854.22,0.0
5919,2623,10,1,132.89,0.0
5920,2624,41,2,176.54,0.0
5921,2625,49,3,1020.52,0.0
5922,2625,56,2,776.63,5.0
5923,2626,9,4,217.62,0.0
5924,2626,26,4,204.87,15.0
5925,2627,52,1,994.18,0.0
5926,2627,29,2,981.65,5.0
5927,2627,24,1,584.38,0.0
5928,2627,21,2,851.91,10.0
5929,2628,12,1,677.11,0.0
5930,2628,16,1,973.78,0.0
5931,2628,37,1,1009.52,0.0
5932,2628,24,2,584.38,0.0
5933,2629,27,1,287.02,0.0
5934,2629,194,3,328.13,0.0
5935,2630,49,2,1020.52,0.0
5936,2630,24,1,584.38,20.0
5937,2631,37,3,1009.52,0.0
5938,2632,191,1,733.3,5.0
5939,2632,26,1,204.87,15.0
5940,2632,20,1,339.73,5.0
5941,2633,22,1,457.79,0.0
5942,2633,21,1,851.91,0.0
5943,2633,25,1,631.62,5.0
5944,2634,129,1,44.87,0.0
5945,2635,27,1,287.02,5.0
5946,2635,161,4,417.52,0.0
5947,2636,10,1,132.89,15.0
5948,2637,4,2,583.61,0.0
5949,2638,12,1,677.11,0.0
5950,2638,219,3,503.95,5.0
5951,2638,43,1,935.97,0.0
5952,2638,52,4,994.18,0.0
5953,2639,31,1,185.47,15.0
5954,2639,17,3,173.9,0.0
5955,2639,19,1,604.84,5.0
5956,2639,45,1,456.92,0.0
5957,2640,197,1,893.87,0.0
5958,2640,11,2,202.6,0.0
5959,2641,147,5,490.87,5.0
5960,2642,27,3,287.02,0.0
5961,2642,16,1,973.78,0.0
5962,2642,37,1,1009.52,0.0
5963,2643,42,3,880.29,0.0
5964,2644,41,1,176.54,0.0
5965,2645,48,1,358.48,0.0
5966,2645,18,1,818.1,0.0
5967,2646,26,2,204.87,20.0
5968,2646,248,1,249.31,0.0
5969,2647,44,2,930.25,15.0
5970,2647,51,1,774.23,10.0
5971,2648,216,3,929.01,0.0
5972,2648,68,2,245.03,0.0
5973,2648,32,1,320.79,10.0
5974,2648,8,1,542.39,0.0
5975,2648,43,1,935.97,0.0
5976,2649,20,1,339.73,0.0
5977,2649,25,2,631.62,0.0
5978,2650,41,1,176.54,0.0
5979,2650,37,1,1009.52,0.0
5980,2651,11,4,202.6,0.0
5981,2652,10,2,132.89,20.0
5982,2653,19,2,604.84,10.0
5983,2653,25,1,631.62,0.0
5984,2653,150,3,196.9,0.0
5985,2654,37,3,1009.52,0.0
5986,2654,5,1,597.45,15.0
5987,2654,35,1,633.08,0.0
5988,2654,28,1,662.55,0.0
5989,2655,50,1,994.53,5.0
5990,2655,13,1,800.5,0.0
5991,2656,10,4,132.89,0.0
5992,2656,33,3,947.92,0.0
5993,2656,30,1,658.15,0.0
5994,2657,35,2,633.08,0.0
5995,2658,163,1,234.62,10.0
5996,2658,26,2,204.87,0.0
5997,2658,37,3,1009.52,0.0
5998,2659,9,1,217.62,10.0
5999,2659,21,2,851.91,0.0
6000,2659,8,1,542.39,0.0
6001,2660,14,1,149.0,5.0
6002,2660,27,1,287.02,0.0
6003,2660,21,2,851.91,10.0
6004,2660,11,1,202.6,5.0
6005,2661,62,1,77.39,0.0
6006,2662,19,1,604.84,0.0
6007,2662,22,1,457.79,0.0
6008,2662,27,3,287.02,0.0
6009,2663,27,1,287.02,0.0
6010,2663,1,1,643.08,0.0
6011,2664,7,1,62.52,0.0
6012,2664,22,1,457.79,0.0
6013,2664,44,2,930.25,10.0
6014,2665,56,2,776.63,0.0
6015,2666,2,2,394.13,0.0
6016,2666,43,1,935.97,0.0
6017,2667,35,1,633.08,5.0
6018,2668,210,2,664.24,0.0
6019,2668,179,2,990.0,0.0
6020,2669,16,1,973.78,0.0
6021,2669,35,1,633.08,0.0
6022,2670,15,1,255.83,0.0
6023,2670,52,1,994.18,0.0
6024,2670,45,1,456.92,0.0
6025,2671,1,1,643.08,0.0
6026,2671,6,1,34.19,0.0
6027,2672,32,2,320.79,0.0
6028,2672,2,3,394.13,0.0
6029,2673,28,1,662.55,5.0
6030,2673,25,3,631.62,10.0
6031,2674,238,2,31.94,0.0
6032,2675,22,2,457.79,0.0
6033,2676,6,2,34.19,0.0
6034,2677,234,1,670.43,10.0
6035,2678,27,3,287.02,0.0
6036,2679,141,2,991.87,0.0
6037,2679,64,2,586.27,0.0
6038,2679,1,1,643.08,0.0
6039,2680,180,2,1017.24,0.0
6040,2680,14,1,149.0,0.0
6041,2680,47,3,459.02,0.0
6042,2681,48,1,358.48,0.0
6043,2681,12,2,677.11,10.0
6044,2682,36,1,72.7,15.0
6045,2683,47,1,459.02,5.0
6046,2683,33,2,947.92,0.0
6047,2684,9,1,217.62,0.0
6048,2684,155,1,438.96,0.0
6049,2685,16,1,973.78,0.0
6050,2685,31,3,185.47,0.0
6051,2685,4,3,583.61,5.0
6052,2685,2,1,394.13,0.0
6053,2686,201,2,232.35,0.0
6054,2687,46,1,854.22,0.0
6055,2688,203,3,131.33,0.0
6056,2688,34,1,43.21,0.0
6057,2689,22,3,457.79,0.0
6058,2689,15,1,255.83,0.0
6059,2690,20,2,339.73,0.0
6060,2691,2,2,394.13,0.0
6061,2691,11,3,202.6,15.0
6062,2692,89,1,568.71,10.0
6063,2692,209,1,521.49,0.0
6064,2692,41,1,176.54,10.0
6065,2692,36,1,72.7,0.0
6066,2693,42,1,880.29,0.0
6067,2693,218,1,658.32,0.0
6068,2694,4,1,583.61,0.0
6069,2694,40,2,520.37,10.0
6070,2694,9,1,217.62,5.0
6071,2695,15,1,255.83,5.0
6072,2695,46,2,854.22,0.0
6073,2695,45,1,456.92,10.0
6074,2696,43,1,935.97,0.0
6075,2697,253,2,352.37,0.0
6076,2697,177,2,592.34,0.0
6077,2697,13,1,800.5,20.0
6078,2698,41,3,176.54,0.0
6079,2698,29,1,981.65,0.0
6080,2698,43,1,935.97,0.0
6081,2699,29,2,981.65,0.0
6082,2699,50,2,994.53,0.0
6083,2700,39,3,758.76,20.0
6084,2701,10,1,132.89,0.0
6085,2702,140,4,441.37,0.0
6086,2702,38,2,1016.34,10.0
6087,2703,214,3,836.23,0.0
6088,2703,36,2,72.7,0.0
6089,2704,3,1,557.91,0.0
6090,2704,244,1,902.38,0.0
6091,2705,192,2,282.66,0.0
6092,2705,15,3,255.83,0.0
6093,2706,4,1,583.61,0.0
6094,2706,102,1,352.97,0.0
6095,2706,3,1,557.91,10.0
6096,2707,121,2,223.46,5.0
6097,2707,6,1,34.19,0.0
6098,2707,5,3,597.45,0.0
6099,2707,21,1,851.91,0.0
6100,2707,143,3,435.68,0.0
6101,2708,141,2,991.87,0.0
6102,2708,18,1,818.1,0.0
6103,2709,16,1,973.78,0.0
6104,2709,48,1,358.48,0.0
6105,2709,45,2,456.92,0.0
6106,2710,16,3,973.78,20.0
6107,2711,134,1,426.27,0.0
6108,2711,25,2,631.62,0.0
6109,2712,15,2,255.83,0.0
6110,2712,10,2,132.89,0.0
6111,2712,3,1,557.91,0.0
6112,2713,36,1,72.7,5.0
6113,2714,16,1,973.78,0.0
6114,2714,23,1,236.54,0.0
6115,2715,41,1,176.54,0.0
6116,2715,24,1,584.38,0.0
6117,2716,19,2,604.84,10.0
6118,2716,50,1,994.53,0.0
6119,2717,28,1,662.55,0.0
6120,2717,50,2,994.53,10.0
6121,2717,15,2,255.83,0.0
6122,2717,205,1,227.28,10.0
6123,2718,41,1,176.54,0.0
6124,2719,8,1,542.39,0.0
6125,2720,47,3,459.02,0.0
6126,2720,24,1,584.38,10.0
6127,2720,12,1,677.11,0.0
6128,2721,179,2,990.0,15.0
6129,2721,105,1,888.35,0.0
6130,2722,229,1,54.7,5.0
6131,2723,3,1,557.91,0.0
6132,2723,18,1,818.1,0.0
6133,2723,45,2,456.92,10.0
6134,2723,13,1,800.5,0.0
6135,2724,19,1,604.84,0.0
6136,2724,42,1,880.29,0.0
6137,2724,78,2,1047.68,0.0
6138,2724,50,1,994.53,5.0
6139,2725,124,3,729.75,0.0
6140,2725,3,3,557.91,0.0
6141,2726,19,1,604.84,0.0
6142,2726,26,2,204.87,0.0
6143,2726,204,1,504.77,0.0
6144,2726,197,3,893.87,0.0
6145,2727,190,1,998.17,20.0
6146,2727,6,3,34.19,0.0
6147,2727,50,1,994.53,0.0
6148,2728,15,2,255.83,5.0
6149,2728,82,1,1090.89,0.0
6150,2729,52,1,994.18,10.0
6151,2730,20,2,339.73,10.0
6152,2730,22,2,457.79,0.0
6153,2730,34,1,43.21,0.0
6154,2730,49,3,1020.52,0.0
6155,2731,2,1,394.13,10.0
6156,2731,142,4,89.71,5.0
6157,2731,29,1,981.65,0.0
6158,2732,149,1,668.87,0.0
6159,2733,19,1,604.84,10.0
6160,2733,49,1,1020.52,0.0
6161,2733,12,3,677.11,10.0
6162,2734,233,5,27.46,0.0
6163,2735,41,1,176.54,5.0
6164,2736,226,1,855.84,0.0
6165,2737,19,1,604.84,10.0
6166,2737,46,1,854.22,0.0
6167,2738,73,2,831.13,10.0
6168,2738,44,1,930.25,0.0
6169,2739,45,2,456.92,0.0
6170,2740,229,3,54.7,0.0
6171,2741,30,2,658.15,0.0
6172,2742,18,3,818.1,0.0
6173,2742,12,1,677.11,5.0
6174,2743,157,2,388.76,0.0
6175,2744,213,1,50.55,0.0
6176,2745,24,1,584.38,20.0
6177,2745,130,1,625.15,0.0
6178,2745,51,2,774.23,5.0
6179,2746,27,2,287.02,0.0
6180,2746,39,1,758.76,0.0
6181,2747,35,2,633.08,0.0
6182,2747,51,1,774.23,0.0
6183,2747,15,3,255.83,0.0
6184,2748,27,1,287.02,10.0
6185,2749,35,1,633.08,5.0
6186,2750,48,1,358.48,0.0
6187,2751,69,1,819.14,0.0
6188,2751,11,1,202.6,0.0
6189,2751,20,1,339.73,0.0
6190,2752,48,1,358.48,10.0
6191,2752,33,1,947.92,0.0
6192,2752,37,1,1009.52,5.0
6193,2753,15,1,255.83,10.0
6194,2753,50,2,994.53,10.0
6195,2754,22,2,457.79,0.0
6196,2755,155,2,438.96,5.0
6197,2756,13,1,800.5,0.0
6198,2756,18,1,818.1,10.0
6199,2757,59,1,251.22,0.0
6200,2757,199,1,989.05,0.0
6201,2757,22,1,457.79,5.0
6202,2757,28,1,662.55,5.0
6203,2758,24,4,584.38,0.0
6204,2758,46,1,854.22,15.0
6205,2758,43,2,935.97,0.0
6206,2759,43,2,935.97,0.0
6207,2759,10,1,132.89,10.0
6208,2760,4,2,583.61,10.0
6209,2760,7,1,62.52,0.0
6210,2760,31,3,185.47,0.0
6211,2760,5,2,597.45,0.0
6212,2761,156,3,410.55,0.0
6213,2761,24,2,584.38,0.0
6214,2761,12,3,677.11,15.0
6215,2762,95,2,179.64,0.0
6216,2762,224,1,402.49,0.0
6217,2762,148,1,824.22,0.0
6218,2763,246,1,835.26,0.0
6219,2764,250,1,761.52,5.0
6220,2764,44,1,930.25,10.0
6221,2764,46,1,854.22,10.0
6222,2764,45,1,456.92,15.0
6223,2765,9,1,217.62,20.0
6224,2765,107,2,933.7,0.0
6225,2766,48,1,358.48,20.0
6226,2767,50,2,994.53,0.0
6227,2768,17,2,173.9,0.0
6228,2768,10,3,132.89,0.0
6229,2769,31,1,185.47,0.0
6230,2769,66,1,361.37,0.0
6231,2770,138,1,285.18,0.0
6232,2770,185,1,339.91,0.0
6233,2770,183,2,473.71,0.0
6234,2770,43,1,935.97,0.0
6235,2771,17,2,173.9,10.0
6236,2771,15,1,255.83,10.0
6237,2771,43,1,935.97,0.0
6238,2772,31,1,185.47,10.0
6239,2772,72,1,474.04,0.0
6240,2772,36,1,72.7,0.0
6241,2773,16,1,973.78,0.0
6242,2773,39,1,758.76,0.0
6243,2773,21,1,851.91,0.0
6244,2773,51,2,774.23,0.0
6245,2774,41,1,176.54,0.0
6246,2774,188,1,720.38,0.0
6247,2775,9,2,217.62,10.0
6248,2776,13,1,800.5,5.0
6249,2776,28,2,662.55,0.0
6250,2776,244,1,902.38,0.0
6251,2777,7,1,62.52,20.0
6252,2777,11,2,202.6,15.0
6253,2777,50,2,994.53,0.0
6254,2777,30,1,658.15,0.0
6255,2778,13,1,800.5,15.0
6256,2778,19,1,604.84,0.0
6257,2778,41,1,176.54,0.0
6258,2779,217,1,308.65,0.0
6259,2779,34,1,43.21,0.0
6260,2780,37,1,1009.52,0.0
6261,2780,26,1,204.87,5.0
6262,2780,168,1,838.87,0.0
6263,2780,41,1,176.54,0.0
6264,2780,48,1,358.48,15.0
6265,2781,32,1,320.79,0.0
6266,2781,9,1,217.62,5.0
6267,2781,10,1,132.89,0.0
6268,2781,253,1,352.37,0.0
6269,2782,252,1,686.58,0.0
6270,2782,157,1,388.76,10.0
6271,2783,30,1,658.15,5.0
6272,2783,5,3,597.45,10.0
6273,2783,189,1,816.04,0.0
6274,2783,91,1,291.37,0.0
6275,2784,3,1,557.91,0.0
6276,2784,19,1,604.84,5.0
6277,2784,6,2,34.19,5.0
6278,2785,20,1,339.73,0.0
6279,2786,15,2,255.83,10.0
6280,2786,12,3,677.11,5.0
6281,2787,20,2,339.73,10.0
6282,2787,52,1,994.18,0.0
6283,2788,38,3,1016.34,5.0
6284,2788,20,1,339.73,0.0
6285,2789,52,4,994.18,5.0
6286,2790,36,1,72.7,0.0
6287,2790,140,1,441.37,15.0
6288,2791,51,1,774.23,0.0
6289,2791,6,1,34.19,0.0
6290,2791,86,2,1193.28,0.0
6291,2792,41,1,176.54,0.0
6292,2793,10,1,132.89,0.0
6293,2793,40,1,520.37,0.0
6294,2793,50,3,994.53,5.0
6295,2793,27,1,287.02,0.0
6296,2794,47,1,459.02,0.0
6297,2794,22,1,457.79,0.0
6298,2795,28,1,662.55,20.0
6299,2796,17,2,173.9,0.0
6300,2796,34,1,43.21,20.0
6301,2797,6,1,34.19,0.0
6302,2797,27,1,287.02,0.0
6303,2798,138,3,285.18,0.0
6304,2798,225,3,785.87,0.0
6305,2798,21,2,851.91,0.0
6306,2799,47,1,459.02,0.0
6307,2799,138,2,285.18,0.0
6308,2800,40,2,520.37,0.0
6309,2801,34,1,43.21,0.0
6310,2801,194,1,328.13,0.0
6311,2802,48,1,358.48,0.0
6312,2803,4,2,583.61,0.0
6313,2804,16,3,973.78,0.0
6314,2804,1,2,643.08,0.0
6315,2804,49,2,1020.52,0.0
6316,2805,15,1,255.83,0.0
6317,2805,255,1,537.33,0.0
6318,2806,21,2,851.91,15.0
6319,2806,34,1,43.21,0.0
6320,2806,39,1,758.76,0.0
6321,2807,10,1,132.89,0.0
6322,2808,81,3,77.19,0.0
6323,2809,44,1,930.25,0.0
6324,2809,11,1,202.6,0.0
6325,2809,188,1,720.38,0.0
6326,2810,18,1,818.1,10.0
6327,2810,23,1,236.54,0.0
6328,2811,15,1,255.83,0.0
6329,2812,12,1,677.11,5.0
6330,2813,38,5,1016.34,0.0
6331,2813,208,1,1182.18,0.0
6332,2813,19,2,604.84,0.0
6333,2813,22,1,457.79,0.0
6334,2814,102,1,352.97,5.0
6335,2814,174,2,911.18,0.0
6336,2815,6,2,34.19,0.0
6337,2815,14,2,149.0,0.0
6338,2815,30,1,658.15,20.0
6339,2815,119,1,891.47,10.0
6340,2815,231,1,765.07,0.0
6341,2816,22,2,457.79,10.0
6342,2817,26,2,204.87,0.0
6343,2817,37,1,1009.52,0.0
6344,2818,151,1,662.95,0.0
6345,2818,40,3,520.37,20.0
6346,2818,31,1,185.47,0.0
6347,2819,29,2,981.65,5.0
6348,2819,28,1,662.55,0.0
6349,2820,9,2,217.62,0.0
6350,2821,29,1,981.65,0.0
6351,2821,25,1,631.62,0.0
6352,2822,71,3,682.59,0.0
6353,2822,80,2,275.45,0.0
6354,2823,45,1,456.92,0.0
6355,2823,30,3,658.15,5.0
6356,2823,66,3,361.37,0.0
6357,2823,46,1,854.22,0.0
6358,2823,52,1,994.18,0.0
6359,2824,17,2,173.9,0.0
6360,2824,4,1,583.61,0.0
6361,2825,4,1,583.61,0.0
6362,2825,47,2,459.02,0.0
6363,2825,51,1,774.23,10.0
6364,2825,13,1,800.5,0.0
6365,2826,200,1,731.51,0.0
6366,2826,146,1,1020.84,0.0
6367,2827,5,1,597.45,0.0
6368,2827,3,4,557.91,10.0
6369,2827,99,1,255.18,5.0
6370,2827,76,1,920.83,0.0
6371,2828,5,2,597.45,0.0
6372,2828,41,2,176.54,0.0
6373,2828,53,1,873.28,5.0
6374,2829,26,3,204.87,5.0
6375,2829,50,1,994.53,10.0
6376,2829,19,3,604.84,10.0
6377,2830,38,1,1016.34,20.0
6378,2830,13,2,800.5,0.0
6379,2830,130,1,625.15,5.0
6380,2831,17,1,173.9,20.0
6381,2831,24,1,584.38,15.0
6382,2832,249,4,229.0,0.0
6383,2832,10,1,132.89,0.0
6384,2833,38,1,1016.34,0.0
6385,2834,21,1,851.91,0.0
6386,2834,22,3,457.79,0.0
6387,2834,41,3,176.54,0.0
6388,2834,16,1,973.78,15.0
6389,2834,200,2,731.51,20.0
6390,2835,19,1,604.84,0.0
6391,2835,15,2,255.83,0.0
6392,2836,225,1,785.87,0.0
6393,2836,9,1,217.62,10.0
6394,2836,49,1,1020.52,0.0
6395,2836,12,1,677.11,0.0
6396,2837,68,2,245.03,0.0
6397,2837,26,1,204.87,15.0
6398,2838,18,3,818.1,0.0
6399,2839,229,2,54.7,0.0
6400,2839,19,2,604.84,0.0
6401,2840,20,1,339.73,0.0
6402,2840,51,1,774.23,0.0
6403,2841,76,1,920.83,0.0
6404,2841,20,1,339.73,10.0
6405,2841,44,1,930.25,5.0
6406,2842,3,2,557.91,5.0
6407,2843,33,2,947.92,0.0
6408,2843,187,1,215.12,15.0
6409,2844,29,2,981.65,5.0
6410,2844,212,2,665.42,0.0
6411,2845,36,2,72.7,5.0
6412,2846,11,2,202.6,0.0
6413,2846,41,1,176.54,0.0
6414,2847,27,2,287.02,0.0
6415,2847,20,1,339.73,0.0
6416,2847,52,1,994.18,0.0
6417,2848,23,2,236.54,0.0
6418,2848,139,1,544.47,0.0
6419,2848,16,1,973.78,20.0
6420,2849,35,1,633.08,0.0
6421,2849,95,2,179.64,0.0
6422,2849,50,1,994.53,5.0
6423,2850,231,2,765.07,15.0
6424,2850,45,1,456.92,0.0
6425,2851,29,1,981.65,10.0
6426,2851,24,3,584.38,0.0
6427,2851,32,1,320.79,15.0
6428,2852,31,1,185.47,0.0
6429,2852,21,1,851.91,5.0
6430,2853,34,1,43.21,0.0
6431,2854,12,1,677.11,15.0
6432,2854,6,3,34.19,0.0
6433,2855,52,2,994.18,5.0
6434,2855,9,3,217.62,0.0
6435,2856,32,3,320.79,0.0
6436,2856,26,1,204.87,0.0
6437,2857,10,1,132.89,0.0
6438,2857,47,2,459.02,5.0
6439,2857,45,1,456.92,0.0
6440,2857,223,1,389.43,0.0
6441,2858,40,3,520.37,5.0
6442,2858,14,3,149.0,5.0
6443,2858,32,5,320.79,0.0
6444,2859,44,3,930.25,0.0
6445,2859,35,2,633.08,0.0
6446,2859,232,1,968.09,0.0
6447,2860,41,2,176.54,0.0
6448,2860,12,5,677.11,0.0
6449,2860,34,3,43.21,0.0
6450,2860,240,1,81.35,0.0
6451,2861,80,2,275.45,0.0
6452,2861,2,3,394.13,0.0
6453,2862,10,1,132.89,0.0
6454,2862,41,1,176.54,10.0
6455,2862,42,4,880.29,10.0
6456,2863,50,2,994.53,0.0
6457,2864,15,1,255.83,0.0
6458,2864,28,2,662.55,0.0
6459,2864,19,2,604.84,0.0
6460,2865,36,1,72.7,0.0
6461,2865,154,3,667.55,0.0
6462,2865,25,2,631.62,0.0
6463,2866,31,2,185.47,0.0
6464,2866,4,1,583.61,0.0
6465,2866,52,1,994.18,10.0
6466,2866,13,1,800.5,20.0
6467,2867,19,3,604.84,5.0
6468,2868,36,1,72.7,0.0
6469,2869,26,1,204.87,0.0
6470,2869,34,1,43.21,5.0
6471,2870,9,1,217.62,5.0
6472,2871,19,2,604.84,0.0
6473,2871,20,1,339.73,0.0
6474,2872,22,1,457.79,0.0
6475,2872,38,1,1016.34,0.0
6476,2873,19,2,604.84,15.0
6477,2874,48,1,358.48,0.0
6478,2874,51,1,774.23,0.0
6479,2875,1,1,643.08,0.0
6480,2875,191,1,733.3,15.0
6481,2876,15,1,255.83,0.0
6482,2877,45,1,456.92,0.0
6483,2878,21,2,851.91,0.0
6484,2878,4,1,583.61,0.0
6485,2879,30,1,658.15,20.0
6486,2879,15,1,255.83,0.0
6487,2879,7,2,62.52,0.0
6488,2879,14,1,149.0,0.0
6489,2879,34,2,43.21,20.0
6490,2880,37,1,1009.52,15.0
6491,2880,46,2,854.22,0.0
6492,2881,15,1,255.83,0.0
6493,2881,22,2,457.79,0.0
6494,2882,24,1,584.38,10.0
6495,2882,200,1,731.51,0.0
6496,2882,35,1,633.08,15.0
6497,2882,6,2,34.19,0.0
6498,2882,41,1,176.54,10.0
6499,2883,226,1,855.84,0.0
6500,2883,2,1,394.13,0.0
6501,2883,51,2,774.23,0.0
6502,2884,3,1,557.91,0.0
6503,2885,52,2,994.18,0.0
6504,2885,35,5,633.08,0.0
6505,2886,40,1,520.37,0.0
6506,2886,14,1,149.0,0.0
6507,2887,48,1,358.48,10.0
6508,2887,20,3,339.73,0.0
6509,2888,31,1,185.47,0.0
6510,2888,185,1,339.91,0.0
6511,2888,188,1,720.38,5.0
6512,2889,21,1,851.91,0.0
6513,2889,51,1,774.23,0.0
6514,2889,106,2,65.61,0.0
6515,2890,8,2,542.39,5.0
6516,2890,22,1,457.79,0.0
6517,2890,4,3,583.61,0.0
6518,2890,42,3,880.29,0.0
6519,2891,8,1,542.39,0.0
6520,2891,237,1,938.43,0.0
6521,2892,46,1,854.22,0.0
6522,2893,64,1,586.27,0.0
6523,2894,22,1,457.79,0.0
6524,2894,15,1,255.83,0.0
6525,2895,47,1,459.02,0.0
6526,2896,125,2,128.01,0.0
6527,2897,153,1,378.51,0.0
6528,2897,24,2,584.38,5.0
6529,2897,28,1,662.55,0.0
6530,2898,25,3,631.62,0.0
6531,2898,204,2,504.77,10.0
6532,2899,24,1,584.38,0.0
6533,2899,46,3,854.22,0.0
6534,2900,25,3,631.62,0.0
6535,2901,161,3,417.52,0.0
6536,2901,1,1,643.08,10.0
6537,2901,7,3,62.52,0.0
6538,2901,137,1,424.86,10.0
6539,2902,179,2,990.0,0.0
6540,2902,41,3,176.54,0.0
6541,2903,31,1,185.47,5.0
6542,2903,9,5,217.62,0.0
6543,2904,50,1,994.53,0.0
6544,2904,52,1,994.18,5.0
6545,2905,166,4,881.42,10.0
6546,2905,39,2,758.76,0.0
6547,2906,33,3,947.92,15.0
6548,2906,35,1,633.08,0.0
6549,2907,24,1,584.38,0.0
6550,2907,2,2,394.13,0.0
6551,2907,44,3,930.25,0.0
6552,2908,9,1,217.62,10.0
6553,2908,45,1,456.92,0.0
6554,2908,8,1,542.39,0.0
6555,2908,132,1,758.96,0.0
6556,2909,14,3,149.0,0.0
6557,2909,44,2,930.25,0.0
6558,2909,126,1,757.74,5.0
6559,2910,137,1,424.86,5.0
6560,2910,40,1,520.37,0.0
6561,2910,4,1,583.61,15.0
6562,2911,28,1,662.55,0.0
6563,2912,187,1,215.12,0.0
6564,2912,21,1,851.91,0.0
6565,2912,14,2,149.0,0.0
6566,2912,22,1,457.79,0.0
6567,2912,20,1,339.73,0.0
6568,2913,11,3,202.6,0.0
6569,2914,41,2,176.54,0.0
6570,2914,73,1,831.13,0.0
6571,2915,215,2,429.74,0.0
6572,2915,28,1,662.55,0.0
6573,2915,25,1,631.62,0.0
6574,2915,13,1,800.5,0.0
6575,2915,14,1,149.0,0.0
6576,2916,39,2,758.76,15.0
6577,2917,39,1,758.76,0.0
6578,2917,15,1,255.83,0.0
6579,2918,43,2,935.97,0.0
6580,2918,48,3,358.48,0.0
6581,2918,158,1,334.84,0.0
6582,2918,22,1,457.79,0.0
6583,2919,32,1,320.79,0.0
6584,2920,21,1,851.91,0.0
6585,2920,233,1,27.46,0.0
6586,2921,14,1,149.0,0.0
6587,2921,3,1,557.91,5.0
6588,2921,2,2,394.13,0.0
6589,2922,29,2,981.65,0.0
6590,2922,31,2,185.47,0.0
6591,2923,49,1,1020.52,0.0
6592,2923,164,1,211.12,0.0
6593,2924,46,2,854.22,0.0
6594,2925,38,1,1016.34,0.0
6595,2925,4,1,583.61,0.0
6596,2926,28,1,662.55,0.0
6597,2927,28,1,662.55,0.0
6598,2927,4,1,583.61,15.0
6599,2928,25,2,631.62,0.0
6600,2928,50,2,994.53,0.0
6601,2928,39,1,758.76,15.0
6602,2928,47,5,459.02,0.0
6603,2928,46,2,854.22,0.0
6604,2929,43,1,935.97,0.0
6605,2929,29,1,981.65,0.0
6606,2930,39,2,758.76,0.0
6607,2931,41,2,176.54,0.0
6608,2931,183,1,473.71,0.0
6609,2931,8,3,542.39,0.0
6610,2932,30,1,658.15,0.0
6611,2933,12,1,677.11,0.0
6612,2934,20,3,339.73,10.0
6613,2934,49,4,1020.52,0.0
6614,2935,9,2,217.62,0.0
6615,2935,20,1,339.73,15.0
6616,2935,27,2,287.02,0.0
6617,2936,44,1,930.25,0.0
6618,2936,26,1,204.87,0.0
6619,2936,128,1,1064.68,0.0
6620,2936,42,3,880.29,10.0
6621,2937,34,3,43.21,0.0
6622,2937,23,2,236.54,0.0
6623,2937,206,1,532.41,0.0
6624,2938,48,2,358.48,0.0
6625,2938,34,2,43.21,0.0
6626,2939,46,2,854.22,5.0
6627,2939,39,1,758.76,0.0
6628,2939,44,1,930.25,0.0
6629,2939,74,1,166.27,0.0
6630,2939,26,3,204.87,0.0
6631,2940,6,1,34.19,5.0
6632,2941,18,2,818.1,10.0
6633,2941,3,2,557.91,0.0
6634,2941,23,1,236.54,0.0
6635,2942,31,2,185.47,0.0
6636,2942,30,2,658.15,0.0
6637,2943,65,1,1039.76,20.0
6638,2944,20,1,339.73,5.0
6639,2945,9,1,217.62,5.0
6640,2945,12,1,677.11,0.0
6641,2946,38,4,1016.34,20.0
6642,2947,36,3,72.7,5.0
6643,2947,30,2,658.15,0.0
6644,2947,19,1,604.84,0.0
6645,2947,16,1,973.78,5.0
6646,2947,198,1,904.38,0.0
6647,2948,22,1,457.79,0.0
6648,2948,15,1,255.83,20.0
6649,2948,47,1,459.02,15.0
6650,2949,2,2,394.13,10.0
6651,2949,14,3,149.0,20.0
6652,2950,16,2,973.78,0.0
6653,2950,26,2,204.87,0.0
6654,2950,20,1,339.73,0.0
6655,2951,26,1,204.87,5.0
6656,2952,22,2,457.79,0.0
6657,2953,49,3,1020.52,0.0
6658,2953,2,1,394.13,10.0
6659,2954,43,1,935.97,0.0
6660,2954,5,1,597.45,0.0
6661,2954,238,3,31.94,0.0
6662,2955,33,1,947.92,0.0
6663,2956,75,1,448.57,10.0
6664,2956,15,2,255.83,10.0
6665,2957,32,1,320.79,0.0
6666,2957,132,1,758.96,0.0
6667,2958,10,1,132.89,10.0
6668,2958,43,2,935.97,5.0
6669,2958,42,3,880.29,0.0
6670,2958,49,2,1020.52,0.0
6671,2958,9,1,217.62,0.0
6672,2959,39,2,758.76,0.0
6673,2959,45,3,456.92,0.0
6674,2959,46,1,854.22,10.0
6675,2960,178,2,512.5,0.0
6676,2960,25,1,631.62,5.0
6677,2961,45,1,456.92,0.0
6678,2962,26,2,204.87,10.0
6679,2963,6,1,34.19,0.0
6680,2963,30,1,658.15,10.0
6681,2963,5,1,597.45,0.0
6682,2963,24,1,584.38,0.0
6683,2964,59,2,251.22,0.0
6684,2964,30,1,658.15,20.0
6685,2964,42,3,880.29,0.0
6686,2965,3,1,557.91,0.0
6687,2965,30,1,658.15,10.0
6688,2965,11,1,202.6,5.0
6689,2966,13,2,800.5,20.0
6690,2966,47,1,459.02,10.0
6691,2966,85,1,681.02,0.0
6692,2966,27,1,287.02,0.0
6693,2967,29,1,981.65,10.0
6694,2967,48,5,358.48,0.0
6695,2967,51,1,774.23,0.0
6696,2968,11,3,202.6,0.0
6697,2968,44,1,930.25,0.0
6698,2968,49,2,1020.52,0.0
6699,2969,11,1,202.6,10.0
6700,2969,8,1,542.39,0.0
6701,2970,44,2,930.25,5.0
6702,2971,145,2,916.31,10.0
6703,2971,38,2,1016.34,5.0
6704,2971,26,1,204.87,15.0
6705,2971,44,1,930.25,0.0
6706,2971,20,5,339.73,0.0
6707,2972,189,1,816.04,0.0
6708,2972,16,2,973.78,10.0
6709,2973,14,2,149.0,5.0
6710,2973,40,3,520.37,10.0
6711,2974,53,2,873.28,0.0
6712,2974,200,1,731.51,0.0
6713,2975,154,1,667.55,0.0
6714,2976,35,1,633.08,10.0
6715,2977,46,3,854.22,20.0
6716,2977,257,2,118.54,10.0
6717,2977,4,5,583.61,0.0
6718,2978,15,4,255.83,0.0
6719,2978,42,1,880.29,0.0
6720,2979,218,1,658.32,0.0
6721,2979,9,1,217.62,10.0
6722,2979,5,2,597.45,0.0
6723,2980,44,2,930.25,5.0
6724,2980,78,2,1047.68,0.0
6725,2980,14,1,149.0,0.0
6726,2981,131,3,80.3,0.0
6727,2982,22,2,457.79,0.0
6728,2982,40,1,520.37,0.0
6729,2982,34,1,43.21,10.0
6730,2983,210,1,664.24,0.0
6731,2983,44,2,930.25,0.0
6732,2984,22,1,457.79,0.0
6733,2984,12,1,677.11,5.0
6734,2984,168,1,838.87,0.0
6735,2985,21,2,851.91,0.0
6736,2985,28,2,662.55,5.0
6737,2986,47,1,459.02,20.0
6738,2986,34,2,43.21,0.0
6739,2986,5,3,597.45,5.0
6740,2986,27,2,287.02,5.0
6741,2987,36,2,72.7,0.0
6742,2988,50,1,994.53,0.0
6743,2989,24,2,584.38,0.0
6744,2990,166,1,881.42,15.0
6745,2991,16,2,973.78,0.0
6746,2992,17,2,173.9,0.0
6747,2993,11,2,202.6,0.0
6748,2993,31,3,185.47,0.0
6749,2993,14,1,149.0,0.0
6750,2993,23,1,236.54,0.0
6751,2994,8,2,542.39,10.0
6752,2995,51,2,774.23,0.0
6753,2995,1,1,643.08,0.0
6754,2996,26,1,204.87,10.0
6755,2997,2,2,394.13,0.0
6756,2997,54,1,21.31,0.0
6757,2997,258,1,563.1,20.0
6758,2998,113,1,1162.63,0.0
6759,2998,245,1,396.55,0.0
6760,2998,23,1,236.54,0.0
6761,2999,31,5,185.47,5.0
6762,2999,213,3,50.55,0.0
6763,2999,36,1,72.7,0.0
6764,2999,4,1,583.61,0.0
6765,3000,11,2,202.6,10.0
6766,3000,40,1,520.37,0.0
6767,3000,7,1,62.52,0.0
6768,3001,43,5,935.97,10.0
6769,3001,191,2,733.3,20.0
6770,3001,8,2,542.39,0.0
6771,3002,184,1,196.43,0.0
6772,3002,44,1,930.25,10.0
6773,3002,49,3,1020.52,0.0
6774,3003,14,1,149.0,0.0
6775,3004,29,1,981.65,0.0
6776,3004,32,1,320.79,5.0
6777,3005,25,3,631.62,0.0
6778,3005,23,1,236.54,15.0
6779,3006,46,1,854.22,0.0
6780,3006,25,1,631.62,0.0
6781,3006,36,1,72.7,0.0
6782,3007,218,2,658.32,0.0
6783,3008,47,1,459.02,5.0
6784,3008,48,4,358.48,0.0
6785,3009,14,1,149.0,0.0
6786,3009,182,1,653.31,0.0
6787,3010,26,1,204.87,5.0
6788,3011,33,2,947.92,0.0
6789,3011,18,1,818.1,0.0
6790,3011,35,1,633.08,0.0
6791,3011,36,2,72.7,0.0
6792,3012,13,1,800.5,10.0
6793,3012,6,4,34.19,0.0
6794,3012,164,1,211.12,15.0
6795,3013,37,2,1009.52,0.0
6796,3014,45,1,456.92,0.0
6797,3014,13,1,800.5,0.0
6798,3014,68,4,245.03,0.0
6799,3015,247,2,774.56,0.0
6800,3015,14,1,149.0,0.0
6801,3015,25,4,631.62,0.0
6802,3016,76,2,920.83,0.0
6803,3016,20,1,339.73,0.0
6804,3017,13,1,800.5,10.0
6805,3017,31,2,185.47,0.0
6806,3018,48,1,358.48,0.0
6807,3019,50,1,994.53,0.0
6808,3020,202,1,427.54,0.0
6809,3020,16,1,973.78,0.0
6810,3021,165,1,882.32,10.0
6811,3021,1,2,643.08,5.0
6812,3021,39,2,758.76,0.0
6813,3021,10,2,132.89,0.0
6814,3022,52,1,994.18,0.0
6815,3022,13,2,800.5,5.0
6816,3023,5,1,597.45,0.0
6817,3023,14,1,149.0,5.0
6818,3024,41,1,176.54,0.0
6819,3025,2,1,394.13,5.0
6820,3026,27,1,287.02,0.0
6821,3026,36,3,72.7,0.0
6822,3026,23,2,236.54,0.0
6823,3027,41,1,176.54,0.0
6824,3027,22,2,457.79,0.0
6825,3028,202,1,427.54,0.0
6826,3029,180,1,1017.24,0.0
6827,3029,22,2,457.79,10.0
6828,3029,215,1,429.74,0.0
6829,3029,53,2,873.28,10.0
6830,3030,21,1,851.91,0.0
6831,3030,5,2,597.45,0.0
6832,3030,53,2,873.28,0.0
6833,3030,18,1,818.1,0.0
6834,3030,37,1,1009.52,0.0
6835,3031,22,2,457.79,0.0
6836,3031,48,1,358.48,10.0
6837,3031,43,1,935.97,10.0
6838,3031,64,2,586.27,10.0
6839,3031,171,1,508.1,0.0
6840,3032,38,2,1016.34,0.0
6841,3032,159,1,220.27,10.0
6842,3033,30,1,658.15,0.0
6843,3034,7,2,62.52,0.0
6844,3034,28,2,662.55,0.0
6845,3034,26,2,204.87,5.0
6846,3035,41,1,176.54,0.0
6847,3035,211,1,1092.93,10.0
6848,3035,39,4,758.76,0.0
6849,3036,50,3,994.53,15.0
6850,3037,22,1,457.79,0.0
6851,3038,36,2,72.7,20.0
6852,3039,22,1,457.79,0.0
6853,3040,13,2,800.5,10.0
6854,3040,17,5,173.9,0.0
6855,3040,29,1,981.65,20.0
6856,3040,11,3,202.6,0.0
6857,3041,50,3,994.53,0.0
6858,3041,12,1,677.11,0.0
6859,3041,34,5,43.21,20.0
6860,3042,8,4,542.39,0.0
6861,3043,33,2,947.92,10.0
6862,3044,20,2,339.73,5.0
6863,3045,39,1,758.76,0.0
6864,3045,254,2,1202.51,10.0
6865,3046,23,1,236.54,0.0
6866,3046,169,1,863.12,0.0
6867,3046,44,1,930.25,0.0
6868,3047,53,3,873.28,0.0
6869,3048,11,1,202.6,0.0
6870,3048,130,1,625.15,0.0
6871,3049,10,1,132.89,0.0
6872,3050,10,1,132.89,10.0
6873,3050,25,1,631.62,0.0
6874,3051,1,3,643.08,10.0
6875,3051,2,1,394.13,0.0
6876,3052,14,2,149.0,0.0
6877,3053,240,1,81.35,5.0
6878,3053,234,1,670.43,15.0
6879,3053,23,1,236.54,0.0
6880,3053,36,1,72.7,10.0
6881,3054,3,1,557.91,0.0
6882,3054,19,1,604.84,0.0
6883,3054,139,1,544.47,0.0
6884,3054,45,2,456.92,0.0
6885,3055,22,2,457.79,0.0
6886,3056,10,1,132.89,0.0
6887,3056,14,5,149.0,0.0
6888,3057,6,1,34.19,0.0
6889,3057,10,3,132.89,0.0
6890,3058,25,1,631.62,15.0
6891,3058,27,2,287.02,10.0
6892,3058,24,2,584.38,0.0
6893,3058,41,1,176.54,5.0
6894,3059,32,1,320.79,0.0
6895,3059,159,2,220.27,10.0
6896,3060,24,4,584.38,0.0
6897,3061,33,2,947.92,0.0
6898,3061,26,1,204.87,0.0
6899,3062,164,5,211.12,0.0
6900,3062,29,1,981.65,0.0
6901,3062,40,2,520.37,0.0
6902,3062,43,2,935.97,0.0
6903,3063,51,1,774.23,0.0
6904,3064,43,1,935.97,20.0
6905,3065,144,2,927.22,5.0
6906,3066,51,2,774.23,5.0
6907,3066,184,1,196.43,20.0
6908,3066,36,1,72.7,0.0
6909,3067,24,1,584.38,0.0
6910,3067,15,4,255.83,0.0
6911,3067,92,1,549.63,0.0
6912,3068,1,5,643.08,0.0
6913,3069,39,1,758.76,0.0
6914,3070,49,2,1020.52,0.0
6915,3070,2,1,394.13,0.0
6916,3071,22,1,457.79,15.0
6917,3072,255,4,537.33,5.0
6918,3073,7,3,62.52,5.0
6919,3073,25,1,631.62,0.0
6920,3074,5,2,597.45,0.0
6921,3075,180,1,1017.24,5.0
6922,3076,49,2,1020.52,0.0
6923,3076,8,4,542.39,0.0
6924,3076,202,2,427.54,0.0
6925,3076,30,2,658.15,10.0
6926,3076,23,1,236.54,0.0
6927,3077,7,1,62.52,0.0
6928,3077,14,2,149.0,20.0
6929,3078,32,3,320.79,0.0
6930,3078,18,1,818.1,0.0
6931,3079,205,2,227.28,0.0
6932,3079,17,1,173.9,0.0
6933,3080,16,1,973.78,0.0
6934,3080,35,1,633.08,0.0
6935,3080,10,1,132.89,15.0
6936,3081,22,2,457.79,0.0
6937,3081,94,3,914.43,0.0
6938,3082,40,2,520.37,0.0
6939,3082,24,2,584.38,0.0
6940,3083,16,3,973.78,0.0
6941,3083,35,1,633.08,0.0
6942,3084,52,1,994.18,15.0
6943,3084,226,1,855.84,0.0
6944,3084,12,1,677.11,0.0
6945,3084,4,1,583.61,5.0
6946,3084,39,2,758.76,0.0
6947,3085,37,1,1009.52,0.0
6948,3085,7,2,62.52,0.0
6949,3086,31,1,185.47,0.0
6950,3087,45,1,456.92,0.0
6951,3087,6,1,34.19,0.0
6952,3087,172,3,225.41,15.0
6953,3088,235,1,180.69,0.0
6954,3089,20,2,339.73,0.0
6955,3089,7,2,62.52,20.0
6956,3089,5,2,597.45,0.0
6957,3089,23,1,236.54,0.0
6958,3089,46,1,854.22,20.0
6959,3090,23,1,236.54,0.0
6960,3091,14,1,149.0,5.0
6961,3092,8,1,542.39,0.0
6962,3092,26,1,204.87,0.0
6963,3092,89,2,568.71,0.0
6964,3093,40,3,520.37,10.0
6965,3093,20,4,339.73,0.0
6966,3093,211,1,1092.93,5.0
6967,3093,48,1,358.48,0.0
6968,3093,11,1,202.6,20.0
6969,3094,219,2,503.95,15.0
6970,3095,176,1,576.9,0.0
6971,3095,28,1,662.55,0.0
6972,3096,40,2,520.37,10.0
6973,3096,25,1,631.62,10.0
6974,3096,110,1,600.49,0.0
6975,3097,162,2,82.72,0.0
6976,3098,44,1,930.25,20.0
6977,3099,15,1,255.83,10.0
6978,3100,243,1,1116.94,0.0
6979,3101,52,1,994.18,0.0
6980,3101,30,3,658.15,0.0
6981,3102,48,2,358.48,0.0
6982,3103,11,1,202.6,5.0
6983,3103,157,3,388.76,0.0
6984,3103,31,1,185.47,0.0
6985,3104,49,2,1020.52,0.0
6986,3104,83,1,144.27,15.0
6987,3104,32,1,320.79,0.0
6988,3104,197,1,893.87,0.0
6989,3104,19,1,604.84,5.0
6990,3105,6,1,34.19,0.0
6991,3105,27,1,287.02,0.0
6992,3106,23,1,236.54,0.0
6993,3106,14,1,149.0,0.0
6994,3106,46,1,854.22,10.0
6995,3106,21,3,851.91,5.0
6996,3106,28,2,662.55,15.0
6997,3107,232,1,968.09,0.0
6998,3108,32,1,320.79,15.0
6999,3109,48,1,358.48,0.0
7000,3109,4,3,583.61,0.0
7001,3109,7,2,62.52,0.0
7002,3109,40,4,520.37,10.0
7003,3109,27,1,287.02,0.0
7004,3110,17,1,173.9,0.0
7005,3110,13,1,800.5,0.0
7006,3111,8,1,542.39,5.0
7007,3111,14,1,149.0,0.0
7008,3112,41,2,176.54,0.0
7009,3112,162,2,82.72,0.0
7010,3113,25,3,631.62,0.0
7011,3114,97,1,38.5,20.0
7012,3114,220,2,850.53,0.0
7013,3115,10,1,132.89,5.0
7014,3115,50,3,994.53,5.0
7015,3116,19,1,604.84,0.0
7016,3116,125,1,128.01,0.0
7017,3117,48,1,358.48,0.0
7018,3118,23,1,236.54,0.0
7019,3119,45,2,456.92,5.0
7020,3120,49,2,1020.52,5.0
7021,3120,12,2,677.11,0.0
7022,3120,28,1,662.55,5.0
7023,3121,119,1,891.47,20.0
7024,3121,38,3,1016.34,0.0
7025,3122,28,1,662.55,5.0
7026,3122,35,2,633.08,0.0
7027,3122,40,2,520.37,0.0
7028,3123,49,2,1020.52,15.0
7029,3123,12,2,677.11,0.0
7030,3123,3,1,557.91,10.0
7031,3124,28,1,662.55,0.0
7032,3124,2,1,394.13,0.0
7033,3124,257,1,118.54,0.0
7034,3124,46,3,854.22,20.0
7035,3124,50,1,994.53,10.0
7036,3125,12,3,677.11,0.0
7037,3125,20,4,339.73,0.0
7038,3125,35,3,633.08,0.0
7039,3126,18,2,818.1,0.0
7040,3126,17,1,173.9,0.0
7041,3126,3,1,557.91,20.0
7042,3126,62,2,77.39,0.0
7043,3127,6,1,34.19,0.0
7044,3127,15,1,255.83,0.0
7045,3127,167,2,356.11,0.0
7046,3127,165,1,882.32,0.0
7047,3128,165,1,882.32,0.0
7048,3128,28,1,662.55,15.0
7049,3129,11,3,202.6,15.0
7050,3130,4,2,583.61,5.0
7051,3130,73,2,831.13,10.0
7052,3130,2,1,394.13,5.0
7053,3130,10,1,132.89,0.0
7054,3131,40,5,520.37,0.0
7055,3131,61,2,882.1,5.0
7056,3131,6,2,34.19,0.0
7057,3131,236,1,384.32,10.0
7058,3131,138,1,285.18,0.0
7059,3132,221,1,294.07,0.0
7060,3133,38,1,1016.34,0.0
7061,3133,46,1,854.22,0.0
7062,3134,92,2,549.63,0.0
7063,3135,4,1,583.61,0.0
7064,3136,16,1,973.78,0.0
7065,3136,37,3,1009.52,0.0
7066,3136,34,1,43.21,0.0
7067,3137,40,2,520.37,0.0
7068,3138,83,4,144.27,0.0
7069,3138,35,1,633.08,0.0
7070,3138,143,2,435.68,10.0
7071,3138,3,1,557.91,10.0
7072,3138,11,1,202.6,0.0
7073,3139,18,1,818.1,0.0
7074,3139,12,2,677.11,0.0
7075,3140,50,1,994.53,0.0
7076,3140,19,2,604.84,0.0
7077,3141,161,1,417.52,0.0
7078,3141,20,1,339.73,0.0
7079,3142,97,1,38.5,0.0
7080,3143,154,1,667.55,0.0
7081,3144,16,1,973.78,0.0
7082,3144,24,1,584.38,0.0
7083,3145,50,2,994.53,10.0
7084,3145,35,1,633.08,0.0
7085,3145,45,4,456.92,0.0
7086,3145,192,1,282.66,20.0
7087,3146,2,2,394.13,0.0
7088,3146,34,1,43.21,15.0
7089,3146,235,1,180.69,10.0
7090,3147,35,1,633.08,0.0
7091,3147,22,3,457.79,20.0
7092,3148,45,3,456.92,0.0
7093,3149,11,1,202.6,15.0
7094,3150,33,3,947.92,5.0
7095,3150,36,1,72.7,20.0
7096,3151,36,1,72.7,0.0
7097,3151,38,1,1016.34,0.0
7098,3152,204,2,504.77,0.0
7099,3153,29,2,981.65,5.0
7100,3153,33,1,947.92,0.0
7101,3153,9,1,217.62,0.0
7102,3154,120,1,983.93,0.0
7103,3154,33,1,947.92,0.0
7104,3154,41,1,176.54,0.0
7105,3155,42,2,880.29,0.0
7106,3155,22,5,457.79,0.0
7107,3155,195,1,549.52,0.0
7108,3155,36,1,72.7,0.0
7109,3155,38,1,1016.34,0.0
7110,3156,33,1,947.92,0.0
7111,3156,234,1,670.43,10.0
7112,3157,225,3,785.87,5.0
7113,3157,50,1,994.53,0.0
7114,3158,43,2,935.97,0.0
7115,3159,24,1,584.38,0.0
7116,3160,29,1,981.65,0.0
7117,3160,6,1,34.19,0.0
7118,3161,16,2,973.78,0.0
7119,3162,17,2,173.9,0.0
7120,3163,36,2,72.7,0.0
7121,3163,224,1,402.49,0.0
7122,3163,17,1,173.9,0.0
7123,3164,22,1,457.79,0.0
7124,3165,34,4,43.21,0.0
7125,3165,7,1,62.52,15.0
7126,3166,128,1,1064.68,10.0
7127,3166,20,2,339.73,0.0
7128,3166,50,3,994.53,5.0
7129,3166,199,1,989.05,0.0
7130,3167,9,1,217.62,10.0
7131,3167,30,1,658.15,10.0
7132,3167,14,1,149.0,15.0
7133,3168,29,1,981.65,0.0
7134,3168,33,1,947.92,5.0
7135,3169,55,1,479.69,0.0
7136,3169,52,3,994.18,0.0
7137,3169,148,2,824.22,5.0
7138,3170,34,1,43.21,0.0
7139,3171,29,2,981.65,0.0
7140,3171,27,2,287.02,0.0
7141,3171,32,2,320.79,10.0
7142,3171,38,1,1016.34,0.0
7143,3172,42,2,880.29,5.0
7144,3172,29,1,981.65,0.0
7145,3173,27,2,287.02,0.0
7146,3173,253,2,352.37,15.0
7147,3174,20,1,339.73,0.0
7148,3175,37,1,1009.52,5.0
7149,3175,20,1,339.73,10.0
7150,3175,83,1,144.27,0.0
7151,3175,48,1,358.48,15.0
7152,3176,17,2,173.9,20.0
7153,3176,117,2,659.17,0.0
7154,3177,2,1,394.13,15.0
7155,3177,51,1,774.23,5.0
7156,3178,33,1,947.92,15.0
7157,3179,40,3,520.37,10.0
7158,3180,47,1,459.02,0.0
7159,3181,24,1,584.38,0.0
7160,3181,206,1,532.41,0.0
7161,3181,35,1,633.08,0.0
7162,3182,23,5,236.54,0.0
7163,3182,41,1,176.54,10.0
7164,3183,16,1,973.78,0.0
7165,3183,1,1,643.08,0.0
7166,3183,20,1,339.73,0.0
7167,3183,117,1,659.17,0.0
7168,3184,19,3,604.84,0.0
7169,3184,105,2,888.35,0.0
7170,3185,95,1,179.64,20.0
7171,3185,27,1,287.02,0.0
7172,3185,42,2,880.29,0.0
7173,3186,189,5,816.04,0.0
7174,3186,152,1,1071.23,0.0
7175,3186,38,1,1016.34,10.0
7176,3186,61,5,882.1,0.0
7177,3186,49,1,1020.52,0.0
7178,3187,80,1,275.45,0.0
7179,3187,23,2,236.54,20.0
7180,3187,50,2,994.53,10.0
7181,3187,18,1,818.1,5.0
7182,3188,48,1,358.48,5.0
7183,3189,250,1,761.52,0.0
7184,3190,45,1,456.92,0.0
7185,3190,1,1,643.08,0.0
7186,3191,16,1,973.78,0.0
7187,3191,84,5,564.13,0.0
7188,3192,50,1,994.53,0.0
7189,3193,36,1,72.7,0.0
7190,3193,33,1,947.92,0.0
7191,3194,37,1,1009.52,0.0
7192,3194,33,1,947.92,0.0
7193,3194,23,1,236.54,0.0
7194,3194,101,2,462.13,0.0
7195,3195,126,1,757.74,5.0
7196,3195,112,1,1017.21,0.0
7197,3196,38,2,1016.34,0.0
7198,3196,19,3,604.84,0.0
7199,3197,38,1,1016.34,0.0
7200,3197,27,3,287.02,0.0
7201,3197,109,3,663.14,10.0
7202,3197,7,1,62.52,0.0
7203,3197,52,1,994.18,0.0
7204,3198,40,3,520.37,5.0
7205,3198,72,2,474.04,0.0
7206,3199,49,1,1020.52,0.0
7207,3199,40,2,520.37,0.0
7208,3200,7,4,62.52,0.0
7209,3200,28,1,662.55,10.0
7210,3201,38,2,1016.34,15.0
7211,3201,39,1,758.76,5.0
7212,3201,10,2,132.89,0.0
7213,3201,24,1,584.38,0.0
7214,3201,144,1,927.22,0.0
7215,3202,9,3,217.62,5.0
7216,3202,47,1,459.02,15.0
7217,3202,3,3,557.91,0.0
7218,3203,45,2,456.92,0.0
7219,3204,1,1,643.08,0.0
7220,3205,35,4,633.08,0.0
7221,3205,38,2,1016.34,0.0
7222,3206,3,4,557.91,0.0
7223,3206,15,1,255.83,0.0
7224,3207,146,3,1020.84,5.0
7225,3207,18,2,818.1,0.0
7226,3207,8,5,542.39,0.0
7227,3208,11,2,202.6,0.0
7228,3208,33,1,947.92,0.0
7229,3209,28,1,662.55,0.0
7230,3210,52,3,994.18,0.0
7231,3210,216,2,929.01,0.0
7232,3210,21,1,851.91,10.0
7233,3211,19,1,604.84,0.0
7234,3211,171,1,508.1,10.0
7235,3212,42,1,880.29,0.0
7236,3212,11,3,202.6,0.0
7237,3212,9,1,217.62,10.0
7238,3212,92,1,549.63,0.0
7239,3213,54,2,21.31,15.0
7240,3213,20,2,339.73,0.0
7241,3213,52,1,994.18,0.0
7242,3214,179,1,990.0,0.0
7243,3215,194,1,328.13,0.0
7244,3215,5,1,597.45,0.0
7245,3215,128,4,1064.68,0.0
7246,3215,115,1,625.25,0.0
7247,3216,37,1,1009.52,0.0
7248,3216,30,1,658.15,0.0
7249,3216,7,1,62.52,0.0
7250,3217,173,3,665.55,0.0
7251,3218,195,2,549.52,15.0
7252,3218,10,1,132.89,0.0
7253,3219,45,3,456.92,0.0
7254,3219,19,2,604.84,0.0
7255,3219,27,1,287.02,5.0
7256,3220,49,3,1020.52,10.0
7257,3220,33,1,947.92,10.0
7258,3220,22,3,457.79,15.0
7259,3221,25,5,631.62,0.0
7260,3221,49,2,1020.52,0.0
7261,3222,7,1,62.52,0.0
7262,3222,40,2,520.37,0.0
7263,3223,46,1,854.22,0.0
7264,3223,20,4,339.73,20.0
7265,3223,6,5,34.19,0.0
7266,3224,41,2,176.54,10.0
7267,3224,125,2,128.01,0.0
7268,3225,94,3,914.43,10.0
7269,3226,148,1,824.22,20.0
7270,3226,169,1,863.12,15.0
7271,3226,69,1,819.14,0.0
7272,3227,20,1,339.73,5.0
7273,3228,126,1,757.74,20.0
7274,3228,13,2,800.5,0.0
7275,3229,24,1,584.38,0.0
7276,3229,16,3,973.78,0.0
7277,3229,44,1,930.25,0.0
7278,3230,126,1,757.74,10.0
7279,3230,38,3,1016.34,0.0
7280,3230,17,1,173.9,0.0
7281,3230,183,1,473.71,15.0
7282,3231,224,2,402.49,0.0
7283,3231,146,1,1020.84,0.0
7284,3231,10,2,132.89,20.0
7285,3231,45,4,456.92,0.0
7286,3231,8,3,542.39,10.0
7287,3232,38,1,1016.34,0.0
7288,3232,34,1,43.21,10.0
7289,3232,14,2,149.0,0.0
7290,3233,50,1,994.53,0.0
7291,3233,158,2,334.84,0.0
7292,3233,17,1,173.9,0.0
7293,3234,8,1,542.39,0.0
7294,3234,132,5,758.96,0.0
7295,3235,39,1,758.76,0.0
7296,3235,46,1,854.22,0.0
7297,3235,3,1,557.91,10.0
7298,3236,43,1,935.97,15.0
7299,3237,34,1,43.21,0.0
7300,3238,38,1,1016.34,5.0
7301,3238,5,1,597.45,0.0
7302,3238,257,2,118.54,0.0
7303,3239,21,1,851.91,0.0
7304,3240,20,1,339.73,0.0
7305,3240,226,3,855.84,0.0
7306,3241,13,2,800.5,0.0
7307,3242,52,1,994.18,5.0
7308,3243,7,5,62.52,0.0
7309,3243,46,1,854.22,0.0
7310,3244,50,1,994.53,0.0
7311,3245,43,1,935.97,0.0
7312,3246,193,1,948.3,20.0
7313,3246,37,1,1009.52,0.0
7314,3246,45,3,456.92,15.0
7315,3246,11,1,202.6,0.0
7316,3246,30,1,658.15,20.0
7317,3247,185,2,339.91,0.0
7318,3247,30,1,658.15,0.0
7319,3247,37,1,1009.52,0.0
7320,3248,235,2,180.69,10.0
7321,3249,43,2,935.97,10.0
7322,3250,23,1,236.54,0.0
7323,3250,7,1,62.52,0.0
7324,3250,37,1,1009.52,0.0
7325,3251,10,1,132.89,0.0
7326,3251,81,3,77.19,15.0
7327,3252,3,2,557.91,20.0
7328,3252,4,3,583.61,0.0
7329,3252,40,2,520.37,0.0
7330,3252,55,2,479.69,0.0
7331,3252,52,2,994.18,0.0
7332,3253,42,1,880.29,0.0
7333,3253,13,1,800.5,0.0
7334,3253,36,2,72.7,0.0
7335,3253,27,1,287.02,5.0
7336,3254,27,1,287.02,5.0
7337,3255,89,1,568.71,0.0
7338,3256,52,1,994.18,0.0
7339,3257,42,3,880.29,10.0
7340,3258,29,1,981.65,0.0
7341,3258,3,3,557.91,0.0
7342,3259,52,1,994.18,0.0
7343,3259,49,3,1020.52,20.0
7344,3259,33,2,947.92,20.0
7345,3259,8,2,542.39,5.0
7346,3260,12,1,677.11,0.0
7347,3261,28,3,662.55,0.0
7348,3261,136,1,185.33,10.0
7349,3261,51,1,774.23,0.0
7350,3261,14,4,149.0,10.0
7351,3262,37,2,1009.52,10.0
7352,3262,45,2,456.92,0.0
7353,3263,44,1,930.25,0.0
7354,3264,48,1,358.48,5.0
7355,3264,136,1,185.33,0.0
7356,3264,35,2,633.08,0.0
7357,3265,39,1,758.76,0.0
7358,3265,15,2,255.83,15.0
7359,3266,37,2,1009.52,0.0
7360,3266,25,3,631.62,0.0
7361,3267,179,2,990.0,0.0
7362,3268,133,3,245.7,0.0
7363,3268,11,1,202.6,20.0
7364,3268,91,2,291.37,15.0
7365,3269,18,1,818.1,0.0
7366,3269,44,2,930.25,0.0
7367,3269,29,1,981.65,0.0
7368,3270,33,1,947.92,0.0
7369,3270,219,3,503.95,20.0
7370,3270,11,1,202.6,0.0
7371,3270,225,3,785.87,15.0
7372,3270,40,1,520.37,5.0
7373,3271,21,1,851.91,0.0
7374,3271,2,1,394.13,15.0
7375,3271,78,1,1047.68,10.0
7376,3272,29,1,981.65,10.0
7377,3273,40,3,520.37,0.0
7378,3273,24,3,584.38,0.0
7379,3273,43,1,935.97,0.0
7380,3274,11,1,202.6,0.0
7381,3275,32,1,320.79,5.0
7382,3275,18,1,818.1,0.0
7383,3275,50,3,994.53,0.0
7384,3275,9,1,217.62,0.0
7385,3276,7,1,62.52,0.0
7386,3276,20,2,339.73,0.0
7387,3277,29,1,981.65,0.0
7388,3278,6,1,34.19,0.0
7389,3279,24,1,584.38,0.0
7390,3279,218,1,658.32,0.0
7391,3280,5,2,597.45,0.0
7392,3281,175,1,628.11,0.0
7393,3281,8,1,542.39,0.0
7394,3281,11,1,202.6,0.0
7395,3281,34,1,43.21,20.0
7396,3282,12,1,677.11,0.0
7397,3282,52,1,994.18,0.0
7398,3283,126,1,757.74,0.0
7399,3283,26,1,204.87,0.0
7400,3284,17,2,173.9,10.0
7401,3284,46,2,854.22,0.0
7402,3285,7,2,62.52,5.0
7403,3285,46,3,854.22,10.0
7404,3286,32,1,320.79,0.0
7405,3286,154,1,667.55,0.0
7406,3287,246,1,835.26,20.0
7407,3288,5,1,597.45,0.0
7408,3288,14,1,149.0,10.0
7409,3288,52,4,994.18,0.0
7410,3289,103,1,656.03,0.0
7411,3289,9,1,217.62,0.0
7412,3289,34,1,43.21,0.0
7413,3290,30,1,658.15,10.0
7414,3290,50,2,994.53,0.0
7415,3290,76,2,920.83,0.0
7416,3290,40,1,520.37,0.0
7417,3291,26,1,204.87,0.0
7418,3291,234,1,670.43,10.0
7419,3292,25,3,631.62,10.0
7420,3292,22,1,457.79,10.0
7421,3293,46,2,854.22,0.0
7422,3293,48,1,358.48,0.0
7423,3293,29,1,981.65,20.0
7424,3294,27,2,287.02,0.0
7425,3295,50,1,994.53,5.0
7426,3295,49,2,1020.52,15.0
7427,3296,30,2,658.15,20.0
7428,3296,195,1,549.52,0.0
7429,3297,5,2,597.45,0.0
7430,3298,44,3,930.25,0.0
7431,3298,13,2,800.5,10.0
7432,3299,99,1,255.18,0.0
7433,3299,174,1,911.18,0.0
7434,3299,36,2,72.7,0.0
7435,3300,30,4,658.15,0.0
7436,3300,172,1,225.41,0.0
7437,3301,47,1,459.02,0.0
7438,3301,32,2,320.79,5.0
7439,3302,47,1,459.02,10.0
7440,3302,40,1,520.37,0.0
7441,3303,19,1,604.84,0.0
7442,3304,4,1,583.61,0.0
7443,3304,45,2,456.92,0.0
7444,3305,19,1,604.84,0.0
7445,3305,17,1,173.9,0.0
7446,3306,12,1,677.11,0.0
7447,3306,238,1,31.94,0.0
7448,3307,33,2,947.92,20.0
7449,3308,23,1,236.54,0.0
7450,3309,161,2,417.52,0.0
7451,3310,39,2,758.76,0.0
7452,3311,16,1,973.78,0.0
7453,3311,194,1,328.13,0.0
7454,3311,71,1,682.59,0.0
7455,3312,45,3,456.92,20.0
7456,3312,39,1,758.76,0.0
7457,3312,42,1,880.29,0.0
7458,3312,20,1,339.73,0.0
7459,3313,55,1,479.69,0.0
7460,3313,6,2,34.19,0.0
7461,3314,124,2,729.75,0.0
7462,3314,121,1,223.46,10.0
7463,3315,31,1,185.47,0.0
7464,3315,10,2,132.89,0.0
7465,3316,3,2,557.91,5.0
7466,3316,9,2,217.62,0.0
7467,3317,48,1,358.48,15.0
7468,3317,21,3,851.91,0.0
7469,3317,19,1,604.84,0.0
7470,3318,16,1,973.78,0.0
7471,3319,43,1,935.97,0.0
7472,3319,50,1,994.53,0.0
7473,3320,38,1,1016.34,0.0
7474,3321,40,2,520.37,0.0
7475,3321,143,1,435.68,0.0
7476,3322,37,3,1009.52,0.0
7477,3322,194,1,328.13,0.0
7478,3323,157,1,388.76,10.0
7479,3324,112,1,1017.21,0.0
7480,3324,165,1,882.32,20.0
7481,3325,9,3,217.62,10.0
7482,3325,20,2,339.73,0.0
7483,3326,181,1,115.49,0.0
7484,3327,12,3,677.11,0.0
7485,3327,131,4,80.3,0.0
7486,3327,33,1,947.92,0.0
7487,3328,28,1,662.55,0.0
7488,3329,130,3,625.15,0.0
7489,3329,18,2,818.1,10.0
7490,3329,56,1,776.63,0.0
7491,3330,141,2,991.87,0.0
7492,3330,20,2,339.73,0.0
7493,3330,194,1,328.13,0.0
7494,3330,13,1,800.5,0.0
7495,3331,30,1,658.15,5.0
7496,3331,17,1,173.9,0.0
7497,3332,171,1,508.1,10.0
7498,3332,14,1,149.0,0.0
7499,3332,48,1,358.48,0.0
7500,3332,34,2,43.21,20.0
7501,3333,33,4,947.92,0.0
7502,3333,13,2,800.5,0.0
7503,3333,30,2,658.15,0.0
7504,3334,20,4,339.73,0.0
7505,3334,252,1,686.58,0.0
7506,3334,35,1,633.08,0.0
7507,3334,8,1,542.39,0.0
7508,3335,201,1,232.35,10.0
7509,3336,153,1,378.51,0.0
7510,3337,23,1,236.54,0.0
7511,3337,34,1,43.21,0.0
7512,3338,9,3,217.62,0.0
7513,3339,94,1,914.43,0.0
7514,3339,36,2,72.7,0.0
7515,3340,19,4,604.84,0.0
7516,3340,48,1,358.48,0.0
7517,3340,28,2,662.55,0.0
7518,3341,43,1,935.97,0.0
7519,3341,44,2,930.25,0.0
7520,3342,10,1,132.89,10.0
7521,3342,205,1,227.28,10.0
7522,3342,46,1,854.22,0.0
7523,3343,229,1,54.7,0.0
7524,3343,39,5,758.76,0.0
7525,3344,17,1,173.9,20.0
7526,3344,190,1,998.17,0.0
7527,3344,29,1,981.65,0.0
7528,3345,17,1,173.9,0.0
7529,3345,18,1,818.1,15.0
7530,3345,27,2,287.02,0.0
7531,3345,175,1,628.11,0.0
7532,3345,1,1,643.08,0.0
7533,3346,209,1,521.49,0.0
7534,3347,127,1,711.21,0.0
7535,3347,38,1,1016.34,0.0
7536,3347,37,1,1009.52,0.0
7537,3348,223,1,389.43,0.0
7538,3349,88,1,757.47,0.0
7539,3349,19,2,604.84,0.0
7540,3349,27,1,287.02,0.0
7541,3349,41,1,176.54,0.0
7542,3350,37,1,1009.52,0.0
7543,3351,48,1,358.48,0.0
7544,3352,246,3,835.26,0.0
7545,3352,11,1,202.6,5.0
7546,3353,80,2,275.45,0.0
7547,3353,10,1,132.89,0.0
7548,3353,11,1,202.6,0.0
7549,3354,5,1,597.45,15.0
7550,3355,30,1,658.15,5.0
7551,3355,50,5,994.53,0.0
7552,3356,45,3,456.92,0.0
7553,3356,36,2,72.7,0.0
7554,3356,14,1,149.0,0.0
7555,3356,148,2,824.22,0.0
7556,3357,50,2,994.53,0.0
7557,3358,184,3,196.43,5.0
7558,3358,5,1,597.45,0.0
7559,3359,27,2,287.02,0.0
7560,3359,42,2,880.29,20.0
7561,3359,32,1,320.79,0.0
7562,3360,9,2,217.62,0.0
7563,3360,141,1,991.87,0.0
7564,3361,50,1,994.53,0.0
7565,3361,226,1,855.84,0.0
7566,3362,223,1,389.43,0.0
7567,3362,43,1,935.97,15.0
7568,3363,47,3,459.02,0.0
7569,3363,36,3,72.7,0.0
7570,3364,10,1,132.89,10.0
7571,3364,32,1,320.79,0.0
7572,3364,30,1,658.15,0.0
7573,3365,21,4,851.91,0.0
7574,3365,246,1,835.26,0.0
7575,3365,20,3,339.73,0.0
7576,3365,43,2,935.97,0.0
7577,3366,1,1,643.08,10.0
7578,3366,32,1,320.79,0.0
7579,3366,11,1,202.6,0.0
7580,3366,9,3,217.62,10.0
7581,3367,243,2,1116.94,0.0
7582,3367,26,5,204.87,5.0
7583,3368,25,1,631.62,0.0
7584,3368,41,1,176.54,10.0
7585,3369,39,1,758.76,5.0
7586,3369,10,1,132.89,10.0
7587,3369,8,1,542.39,0.0
7588,3370,9,2,217.62,20.0
7589,3370,11,5,202.6,0.0
7590,3371,30,1,658.15,0.0
7591,3372,47,1,459.02,0.0
7592,3372,25,3,631.62,0.0
7593,3372,50,1,994.53,0.0
7594,3373,18,1,818.1,10.0
7595,3374,50,1,994.53,15.0
7596,3375,9,1,217.62,5.0
7597,3376,31,1,185.47,10.0
7598,3376,32,1,320.79,0.0
7599,3376,22,1,457.79,0.0
7600,3377,119,2,891.47,10.0
7601,3378,21,1,851.91,0.0
7602,3378,7,2,62.52,0.0
7603,3379,44,5,930.25,0.0
7604,3379,5,2,597.45,0.0
7605,3379,2,1,394.13,0.0
7606,3379,150,1,196.9,10.0
7607,3380,78,1,1047.68,0.0
7608,3381,140,1,441.37,5.0
7609,3381,45,1,456.92,0.0
7610,3382,119,1,891.47,0.0
7611,3383,71,1,682.59,0.0
7612,3383,30,1,658.15,0.0
7613,3384,4,1,583.61,0.0
7614,3385,151,1,662.95,0.0
7615,3385,51,2,774.23,0.0
7616,3386,32,2,320.79,20.0
7617,3386,51,1,774.23,0.0
7618,3386,195,1,549.52,0.0
7619,3386,48,3,358.48,0.0
7620,3387,23,1,236.54,20.0
7621,3387,36,2,72.7,5.0
7622,3388,137,1,424.86,20.0
7623,3388,33,1,947.92,5.0
7624,3388,6,1,34.19,0.0
7625,3389,22,3,457.79,5.0
7626,3389,44,2,930.25,0.0
7627,3390,21,2,851.91,20.0
7628,3390,4,1,583.61,0.0
7629,3391,28,1,662.55,0.0
7630,3392,33,1,947.92,0.0
7631,3392,12,2,677.11,0.0
7632,3392,30,2,658.15,0.0
7633,3392,32,1,320.79,0.0
7634,3392,24,1,584.38,10.0
7635,3393,9,1,217.62,0.0
7636,3394,60,2,165.23,20.0
7637,3394,44,2,930.25,0.0
7638,3395,28,2,662.55,10.0
7639,3395,1,1,643.08,0.0
7640,3396,4,1,583.61,0.0
7641,3397,50,2,994.53,0.0
7642,3397,21,1,851.91,10.0
7643,3398,8,2,542.39,0.0
7644,3399,36,1,72.7,0.0
7645,3399,52,1,994.18,0.0
7646,3400,121,1,223.46,5.0
7647,3400,237,5,938.43,0.0
7648,3401,49,1,1020.52,15.0
7649,3402,45,4,456.92,0.0
7650,3402,241,2,868.81,15.0
7651,3402,34,1,43.21,0.0
7652,3402,33,1,947.92,0.0
7653,3403,16,1,973.78,20.0
7654,3403,39,1,758.76,0.0
7655,3404,5,1,597.45,0.0
7656,3404,48,2,358.48,0.0
7657,3405,20,3,339.73,20.0
7658,3405,12,1,677.11,0.0
7659,3405,34,1,43.21,0.0
7660,3406,23,5,236.54,0.0
7661,3406,228,1,24.69,0.0
7662,3406,10,2,132.89,0.0
7663,3406,98,3,932.39,0.0
7664,3407,211,1,1092.93,10.0
7665,3407,49,1,1020.52,0.0
7666,3408,18,1,818.1,0.0
7667,3408,24,2,584.38,5.0
7668,3409,11,1,202.6,0.0
7669,3409,22,2,457.79,0.0
7670,3410,51,2,774.23,0.0
7671,3410,24,1,584.38,0.0
7672,3411,24,3,584.38,0.0
7673,3411,86,1,1193.28,5.0
7674,3412,52,1,994.18,5.0
7675,3412,15,4,255.83,0.0
7676,3412,39,2,758.76,15.0
7677,3412,37,1,1009.52,0.0
7678,3412,31,4,185.47,0.0
7679,3413,11,3,202.6,0.0
7680,3413,42,2,880.29,15.0
7681,3413,8,1,542.39,5.0
7682,3413,10,1,132.89,10.0
7683,3414,46,1,854.22,0.0
7684,3414,5,5,597.45,15.0
7685,3414,9,1,217.62,0.0
7686,3415,2,1,394.13,10.0
7687,3415,14,1,149.0,0.0
7688,3415,18,2,818.1,5.0
7689,3415,31,2,185.47,0.0
7690,3415,35,3,633.08,0.0
7691,3416,35,2,633.08,0.0
7692,3416,235,1,180.69,20.0
7693,3416,43,1,935.97,15.0
7694,3417,9,1,217.62,0.0
7695,3418,19,1,604.84,0.0
7696,3418,9,1,217.62,0.0
7697,3418,11,1,202.6,0.0
7698,3418,155,2,438.96,0.0
7699,3419,109,2,663.14,0.0
7700,3420,17,1,173.9,0.0
7701,3420,14,1,149.0,0.0
7702,3420,51,2,774.23,0.0
7703,3421,14,5,149.0,0.0
7704,3421,104,1,613.34,20.0
7705,3421,10,1,132.89,0.0
7706,3422,151,1,662.95,0.0
7707,3423,37,1,1009.52,0.0
7708,3423,45,1,456.92,5.0
7709,3423,17,1,173.9,0.0
7710,3423,168,3,838.87,0.0
7711,3423,51,1,774.23,0.0
7712,3424,49,3,1020.52,0.0
7713,3424,23,1,236.54,20.0
7714,3424,50,1,994.53,20.0
7715,3424,20,1,339.73,0.0
7716,3424,21,2,851.91,0.0
7717,3425,41,1,176.54,15.0
7718,3425,18,1,818.1,5.0
7719,3426,42,1,880.29,10.0
7720,3426,44,2,930.25,0.0
7721,3426,122,3,246.21,10.0
7722,3426,230,1,948.25,0.0
7723,3426,49,1,1020.52,20.0
7724,3427,206,1,532.41,0.0
7725,3427,23,1,236.54,0.0
7726,3427,24,1,584.38,5.0
7727,3427,200,1,731.51,0.0
7728,3428,38,1,1016.34,0.0
7729,3428,124,1,729.75,0.0
7730,3429,31,2,185.47,0.0
7731,3429,43,1,935.97,10.0
7732,3430,38,1,1016.34,0.0
7733,3430,29,2,981.65,0.0
7734,3430,11,5,202.6,0.0
7735,3431,60,2,165.23,0.0
7736,3431,220,2,850.53,10.0
7737,3432,43,1,935.97,0.0
7738,3432,31,3,185.47,5.0
7739,3432,2,1,394.13,0.0
7740,3433,18,2,818.1,0.0
7741,3433,20,1,339.73,0.0
7742,3433,143,2,435.68,10.0
7743,3434,41,1,176.54,0.0
7744,3434,42,2,880.29,10.0
7745,3435,5,3,597.45,0.0
7746,3435,46,1,854.22,0.0
7747,3435,71,1,682.59,10.0
7748,3436,38,1,1016.34,5.0
7749,3436,6,1,34.19,5.0
7750,3437,5,1,597.45,0.0
7751,3437,13,1,800.5,0.0
7752,3437,78,1,1047.68,0.0
7753,3438,11,1,202.6,0.0
7754,3438,42,2,880.29,0.0
7755,3439,38,1,1016.34,0.0
7756,3439,74,1,166.27,0.0
7757,3440,94,1,914.43,0.0
7758,3440,10,1,132.89,0.0
7759,3440,21,2,851.91,0.0
7760,3440,28,1,662.55,0.0
7761,3441,41,2,176.54,10.0
7762,3442,22,2,457.79,0.0
7763,3442,2,2,394.13,0.0
7764,3443,40,1,520.37,0.0
7765,3443,46,2,854.22,0.0
7766,3443,24,1,584.38,10.0
7767,3443,34,3,43.21,20.0
7768,3444,112,1,1017.21,0.0
7769,3444,18,2,818.1,0.0
7770,3444,157,2,388.76,5.0
7771,3444,21,1,851.91,0.0
7772,3445,39,1,758.76,0.0
7773,3446,23,1,236.54,0.0
7774,3447,138,1,285.18,0.0
7775,3447,10,1,132.89,10.0
7776,3447,46,3,854.22,0.0
7777,3448,52,2,994.18,0.0
7778,3448,29,3,981.65,0.0
7779,3448,43,2,935.97,10.0
7780,3448,206,1,532.41,0.0
7781,3448,46,1,854.22,0.0
7782,3449,14,3,149.0,0.0
7783,3449,13,1,800.5,10.0
7784,3450,30,2,658.15,15.0
7785,3450,114,3,279.33,0.0
7786,3451,50,2,994.53,10.0
7787,3451,146,3,1020.84,0.0
7788,3452,43,1,935.97,10.0
7789,3452,48,1,358.48,10.0
7790,3453,97,1,38.5,0.0
7791,3453,44,2,930.25,0.0
7792,3453,51,2,774.23,0.0
7793,3453,25,2,631.62,10.0
7794,3453,11,2,202.6,0.0
7795,3454,210,2,664.24,10.0
7796,3455,40,1,520.37,0.0
7797,3455,20,3,339.73,0.0
7798,3456,1,2,643.08,20.0
7799,3456,72,2,474.04,0.0
7800,3456,39,4,758.76,0.0
7801,3456,9,1,217.62,5.0
7802,3456,88,1,757.47,0.0
7803,3457,85,2,681.02,0.0
7804,3457,26,2,204.87,0.0
7805,3457,28,1,662.55,0.0
7806,3457,243,2,1116.94,0.0
7807,3458,44,1,930.25,10.0
7808,3459,15,3,255.83,0.0
7809,3459,144,3,927.22,0.0
7810,3460,39,2,758.76,0.0
7811,3461,39,2,758.76,0.0
7812,3462,237,3,938.43,10.0
7813,3463,1,1,643.08,15.0
7814,3463,20,2,339.73,5.0
7815,3464,42,3,880.29,0.0
7816,3464,44,1,930.25,5.0
7817,3464,37,1,1009.52,0.0
7818,3465,30,1,658.15,10.0
7819,3465,16,1,973.78,10.0
7820,3465,201,2,232.35,0.0
7821,3466,16,1,973.78,0.0
7822,3467,29,1,981.65,0.0
7823,3467,34,3,43.21,0.0
7824,3468,77,3,561.47,0.0
7825,3468,179,3,990.0,0.0
7826,3469,26,1,204.87,10.0
7827,3470,30,3,658.15,0.0
7828,3471,17,3,173.9,0.0
7829,3472,18,1,818.1,0.0
7830,3472,16,1,973.78,10.0
7831,3473,46,2,854.22,0.0
7832,3474,33,3,947.92,0.0
7833,3474,121,1,223.46,0.0
7834,3475,41,1,176.54,0.0
7835,3475,40,1,520.37,0.0
7836,3475,37,2,1009.52,0.0
7837,3476,258,2,563.1,0.0
7838,3476,24,1,584.38,0.0
7839,3476,63,2,958.03,0.0
7840,3477,51,1,774.23,0.0
7841,3477,16,1,973.78,10.0
7842,3478,15,1,255.83,10.0
7843,3478,23,1,236.54,0.0
7844,3478,18,1,818.1,0.0
7845,3479,42,2,880.29,0.0
7846,3479,20,2,339.73,0.0
7847,3480,17,1,173.9,0.0
7848,3480,177,3,592.34,0.0
7849,3480,36,1,72.7,0.0
7850,3480,48,1,358.48,0.0
7851,3481,26,1,204.87,0.0
7852,3481,10,3,132.89,0.0
7853,3482,3,2,557.91,0.0
7854,3483,44,1,930.25,0.0
7855,3484,18,2,818.1,0.0
7856,3484,90,1,491.54,5.0
7857,3485,18,1,818.1,0.0
7858,3485,53,1,873.28,0.0
7859,3485,210,1,664.24,0.0
7860,3485,38,2,1016.34,0.0
7861,3486,44,1,930.25,0.0
7862,3486,30,2,658.15,0.0
7863,3486,200,2,731.51,5.0
7864,3486,154,1,667.55,0.0
7865,3487,49,1,1020.52,0.0
7866,3487,5,1,597.45,10.0
7867,3487,8,2,542.39,0.0
7868,3488,46,1,854.22,0.0
7869,3488,13,1,800.5,10.0
7870,3488,16,2,973.78,5.0
7871,3489,12,3,677.11,0.0
7872,3489,3,2,557.91,0.0
7873,3490,50,2,994.53,0.0
7874,3490,21,1,851.91,0.0
7875,3491,201,1,232.35,0.0
7876,3491,32,1,320.79,10.0
7877,3492,52,1,994.18,0.0
7878,3492,8,1,542.39,0.0
7879,3492,158,2,334.84,10.0
7880,3492,18,2,818.1,0.0
7881,3492,22,3,457.79,0.0
7882,3493,74,1,166.27,0.0
7883,3493,11,4,202.6,0.0
7884,3493,31,2,185.47,0.0
7885,3493,44,2,930.25,0.0
7886,3493,30,1,658.15,0.0
7887,3494,50,1,994.53,0.0
7888,3494,62,1,77.39,15.0
7889,3494,11,1,202.6,15.0
7890,3495,4,2,583.61,0.0
7891,3495,41,2,176.54,0.0
7892,3495,52,1,994.18,0.0
7893,3496,98,1,932.39,10.0
7894,3497,5,1,597.45,0.0
7895,3497,3,1,557.91,0.0
7896,3497,23,1,236.54,0.0
7897,3497,46,1,854.22,10.0
7898,3497,38,1,1016.34,0.0
7899,3498,7,2,62.52,0.0
7900,3498,35,1,633.08,0.0
7901,3499,22,1,457.79,0.0
7902,3499,5,1,597.45,0.0
7903,3500,11,2,202.6,0.0
7904,3500,13,1,800.5,0.0
7905,3501,35,2,633.08,15.0
7906,3502,6,1,34.19,0.0
7907,3502,43,1,935.97,0.0
7908,3502,14,2,149.0,0.0
7909,3502,28,2,662.55,0.0
7910,3503,173,1,665.55,0.0
7911,3503,254,1,1202.51,15.0
7912,3504,29,1,981.65,10.0
7913,3504,41,1,176.54,0.0
7914,3505,13,2,800.5,0.0
7915,3505,22,2,457.79,0.0
7916,3506,145,1,916.31,5.0
7917,3506,19,1,604.84,5.0
7918,3507,47,2,459.02,0.0
7919,3507,15,2,255.83,0.0
7920,3507,54,1,21.31,5.0
7921,3508,28,2,662.55,0.0
7922,3508,17,1,173.9,5.0
7923,3509,14,1,149.0,0.0
7924,3509,237,1,938.43,0.0
7925,3509,13,1,800.5,0.0
7926,3509,12,1,677.11,0.0
7927,3510,36,1,72.7,0.0
7928,3511,16,1,973.78,0.0
7929,3511,18,2,818.1,0.0
7930,3511,12,2,677.11,0.0
7931,3512,40,5,520.37,0.0
7932,3512,18,1,818.1,10.0
7933,3513,29,4,981.65,15.0
7934,3513,55,1,479.69,0.0
7935,3513,42,2,880.29,0.0
7936,3513,173,2,665.55,0.0
7937,3514,179,1,990.0,0.0
7938,3514,8,1,542.39,0.0
7939,3514,35,2,633.08,0.0
7940,3514,44,1,930.25,20.0
7941,3514,45,1,456.92,0.0
7942,3515,36,1,72.7,5.0
7943,3515,33,1,947.92,0.0
7944,3515,46,1,854.22,20.0
7945,3516,1,1,643.08,0.0
7946,3516,42,1,880.29,0.0
7947,3517,37,1,1009.52,10.0
7948,3518,9,1,217.62,0.0
7949,3518,8,1,542.39,0.0
7950,3518,6,1,34.19,0.0
7951,3519,44,2,930.25,0.0
7952,3519,37,1,1009.52,5.0
7953,3519,58,1,473.18,0.0
7954,3519,36,2,72.7,10.0
7955,3520,20,4,339.73,0.0
7956,3520,140,1,441.37,0.0
7957,3520,18,1,818.1,0.0
7958,3520,105,1,888.35,0.0
7959,3521,46,1,854.22,15.0
7960,3521,49,2,1020.52,0.0
7961,3521,22,3,457.79,10.0
7962,3522,76,2,920.83,0.0
7963,3523,25,3,631.62,10.0
7964,3523,136,3,185.33,0.0
7965,3524,34,1,43.21,10.0
7966,3524,30,1,658.15,0.0
7967,3524,31,1,185.47,5.0
7968,3525,44,1,930.25,0.0
7969,3525,2,1,394.13,10.0
7970,3526,52,1,994.18,0.0
7971,3526,27,1,287.02,0.0
7972,3526,32,1,320.79,10.0
7973,3527,14,3,149.0,10.0
7974,3528,29,3,981.65,15.0
7975,3528,2,1,394.13,0.0
7976,3529,11,2,202.6,5.0
7977,3530,175,3,628.11,15.0
7978,3530,226,2,855.84,10.0
7979,3531,67,1,808.59,0.0
7980,3531,25,1,631.62,0.0
7981,3531,23,2,236.54,0.0
7982,3532,211,1,1092.93,0.0
7983,3533,9,5,217.62,0.0
7984,3534,12,2,677.11,5.0
7985,3535,12,3,677.11,5.0
7986,3536,117,2,659.17,5.0
7987,3537,45,2,456.92,0.0
7988,3537,6,2,34.19,0.0
7989,3538,180,2,1017.24,0.0
7990,3538,183,1,473.71,0.0
7991,3538,7,1,62.52,20.0
7992,3538,9,2,217.62,0.0
7993,3538,19,2,604.84,0.0
7994,3539,206,3,532.41,0.0
7995,3539,12,1,677.11,15.0
7996,3539,13,1,800.5,0.0
7997,3539,29,2,981.65,0.0
7998,3540,52,1,994.18,0.0
7999,3540,16,1,973.78,0.0
8000,3540,41,2,176.54,0.0
8001,3541,3,1,557.91,0.0
8002,3542,15,1,255.83,5.0
8003,3542,14,1,149.0,0.0
8004,3542,39,1,758.76,0.0
8005,3543,29,1,981.65,0.0
8006,3543,39,1,758.76,0.0
8007,3543,209,4,521.49,0.0
8008,3543,43,1,935.97,0.0
8009,3544,20,1,339.73,0.0
8010,3544,17,1,173.9,10.0
8011,3544,202,1,427.54,0.0
8012,3545,5,2,597.45,0.0
8013,3545,44,1,930.25,0.0
8014,3546,182,1,653.31,0.0
8015,3546,4,1,583.61,5.0
8016,3546,195,1,549.52,0.0
8017,3547,23,3,236.54,10.0
8018,3547,30,1,658.15,0.0
8019,3548,16,2,973.78,0.0
8020,3548,25,1,631.62,0.0
8021,3549,52,3,994.18,0.0
8022,3550,20,1,339.73,0.0
8023,3550,10,4,132.89,0.0
8024,3551,74,1,166.27,0.0
8025,3551,227,2,342.68,0.0
8026,3551,213,5,50.55,5.0
8027,3552,192,1,282.66,0.0
8028,3553,46,1,854.22,0.0
8029,3554,178,1,512.5,5.0
8030,3554,32,1,320.79,0.0
8031,3554,37,3,1009.52,0.0
8032,3555,21,1,851.91,10.0
8033,3555,34,2,43.21,0.0
8034,3555,6,1,34.19,0.0
8035,3555,7,1,62.52,20.0
8036,3555,16,2,973.78,0.0
8037,3556,46,1,854.22,0.0
8038,3556,25,1,631.62,0.0
8039,3557,15,1,255.83,0.0
8040,3558,107,1,933.7,10.0
8041,3558,10,1,132.89,5.0
8042,3559,47,5,459.02,15.0
8043,3559,37,2,1009.52,15.0
8044,3559,1,1,643.08,0.0
8045,3560,19,2,604.84,0.0
8046,3560,27,1,287.02,0.0
8047,3560,20,2,339.73,10.0
8048,3560,26,1,204.87,0.0
8049,3561,14,1,149.0,0.0
8050,3561,86,2,1193.28,5.0
8051,3561,36,4,72.7,0.0
8052,3562,52,3,994.18,0.0
8053,3562,1,1,643.08,0.0
8054,3563,1,1,643.08,5.0
8055,3563,10,1,132.89,5.0
8056,3564,33,2,947.92,0.0
8057,3565,163,1,234.62,10.0
8058,3565,1,2,643.08,0.0
8059,3566,51,1,774.23,0.0
8060,3567,16,1,973.78,5.0
8061,3568,27,1,287.02,15.0
8062,3569,19,3,604.84,10.0
8063,3569,24,1,584.38,0.0
8064,3570,33,1,947.92,0.0
8065,3570,25,1,631.62,5.0
8066,3571,107,2,933.7,0.0
8067,3572,44,2,930.25,0.0
8068,3573,149,1,668.87,0.0
8069,3573,7,1,62.52,5.0
8070,3573,4,1,583.61,0.0
8071,3573,15,1,255.83,0.0
8072,3574,36,1,72.7,0.0
8073,3574,8,1,542.39,0.0
8074,3575,39,1,758.76,5.0
8075,3576,168,1,838.87,0.0
8076,3577,21,1,851.91,0.0
8077,3578,5,2,597.45,0.0
8078,3579,32,4,320.79,0.0
8079,3579,204,1,504.77,0.0
8080,3580,34,1,43.21,10.0
8081,3580,233,1,27.46,0.0
8082,3581,51,1,774.23,0.0
8083,3581,228,1,24.69,0.0
8084,3581,16,3,973.78,0.0
8085,3582,20,2,339.73,0.0
8086,3582,18,1,818.1,0.0
8087,3582,25,2,631.62,0.0
8088,3583,8,2,542.39,15.0
8089,3583,14,3,149.0,0.0
8090,3583,44,1,930.25,0.0
8091,3584,33,2,947.92,0.0
8092,3585,52,1,994.18,0.0
8093,3585,17,4,173.9,0.0
8094,3586,22,2,457.79,0.0
8095,3586,48,1,358.48,0.0
8096,3587,43,1,935.97,5.0
8097,3587,29,1,981.65,10.0
8098,3588,29,2,981.65,15.0
8099,3588,129,1,44.87,5.0
8100,3589,31,1,185.47,0.0
8101,3590,2,1,394.13,0.0
8102,3590,149,1,668.87,5.0
8103,3590,86,3,1193.28,0.0
8104,3591,14,1,149.0,0.0
8105,3592,23,2,236.54,0.0
8106,3592,43,1,935.97,0.0
8107,3593,53,3,873.28,0.0
8108,3593,46,1,854.22,0.0
8109,3593,14,5,149.0,0.0
8110,3593,56,1,776.63,15.0
8111,3594,40,3,520.37,0.0
8112,3594,31,2,185.47,20.0
8113,3595,211,2,1092.93,15.0
8114,3595,191,1,733.3,0.0
8115,3595,52,2,994.18,0.0
8116,3595,44,1,930.25,0.0
8117,3595,106,1,65.61,0.0
8118,3596,106,3,65.61,0.0
8119,3596,21,1,851.91,10.0
8120,3597,157,1,388.76,0.0
8121,3598,197,1,893.87,0.0
8122,3598,30,1,658.15,10.0
8123,3599,13,2,800.5,10.0
8124,3599,48,1,358.48,5.0
8125,3600,29,1,981.65,0.0
8126,3600,149,1,668.87,5.0
8127,3600,8,1,542.39,15.0
8128,3600,15,2,255.83,0.0
8129,3601,211,1,1092.93,0.0
8130,3601,35,1,633.08,0.0
8131,3601,118,1,1091.59,0.0
8132,3602,23,4,236.54,0.0
8133,3602,33,3,947.92,0.0
8134,3603,99,4,255.18,0.0
8135,3603,33,1,947.92,0.0
8136,3604,36,1,72.7,0.0
8137,3604,57,1,966.47,0.0
8138,3604,26,3,204.87,0.0
8139,3605,23,2,236.54,0.0
8140,3605,41,2,176.54,5.0
8141,3606,70,2,532.42,0.0
8142,3606,170,3,814.48,0.0
8143,3607,21,1,851.91,0.0
8144,3608,101,2,462.13,0.0
8145,3609,10,1,132.89,0.0
8146,3609,30,1,658.15,0.0
8147,3609,36,4,72.7,0.0
8148,3609,27,2,287.02,0.0
8149,3610,160,1,248.36,0.0
8150,3611,3,2,557.91,0.0
8151,3611,65,1,1039.76,5.0
8152,3611,31,1,185.47,15.0
8153,3611,46,1,854.22,5.0
8154,3612,37,2,1009.52,0.0
8155,3613,18,1,818.1,5.0
8156,3613,15,2,255.83,0.0
8157,3614,83,1,144.27,5.0
8158,3615,31,2,185.47,0.0
8159,3616,31,2,185.47,0.0
8160,3616,212,1,665.42,0.0
8161,3617,48,1,358.48,0.0
8162,3617,61,1,882.1,0.0
8163,3618,198,1,904.38,0.0
8164,3618,204,1,504.77,15.0
8165,3618,28,1,662.55,0.0
8166,3618,48,2,358.48,0.0
8167,3619,42,2,880.29,0.0
8168,3619,254,1,1202.51,0.0
8169,3619,185,1,339.91,0.0
8170,3620,44,1,930.25,0.0
8171,3620,30,1,658.15,5.0
8172,3621,23,3,236.54,0.0
8173,3622,246,1,835.26,0.0
8174,3622,26,1,204.87,0.0
8175,3622,16,2,973.78,0.0
8176,3623,8,3,542.39,0.0
8177,3623,35,1,633.08,0.0
8178,3624,8,1,542.39,15.0
8179,3624,40,3,520.37,15.0
8180,3625,23,1,236.54,5.0
8181,3625,51,1,774.23,15.0
8182,3626,10,5,132.89,20.0
8183,3626,20,2,339.73,5.0
8184,3627,2,1,394.13,0.0
8185,3628,27,2,287.02,0.0
8186,3629,37,2,1009.52,0.0
8187,3629,7,1,62.52,0.0
8188,3629,51,1,774.23,0.0
8189,3630,16,2,973.78,15.0
8190,3630,19,1,604.84,0.0
8191,3630,33,2,947.92,0.0
8192,3631,232,1,968.09,0.0
8193,3632,27,1,287.02,0.0
8194,3633,43,1,935.97,0.0
8195,3633,40,2,520.37,0.0
8196,3633,121,1,223.46,0.0
8197,3634,50,4,994.53,0.0
8198,3635,44,2,930.25,0.0
8199,3635,150,4,196.9,0.0
8200,3636,13,1,800.5,0.0
8201,3636,42,2,880.29,0.0
8202,3636,3,3,557.91,10.0
8203,3637,25,1,631.62,0.0
8204,3637,164,1,211.12,10.0
8205,3637,6,1,34.19,0.0
8206,3637,12,1,677.11,0.0
8207,3637,22,2,457.79,15.0
8208,3638,67,1,808.59,5.0
8209,3639,86,1,1193.28,0.0
8210,3640,17,1,173.9,0.0
8211,3640,52,1,994.18,15.0
8212,3640,28,1,662.55,0.0
8213,3640,10,1,132.89,20.0
8214,3641,30,1,658.15,0.0
8215,3642,45,3,456.92,0.0
8216,3642,23,1,236.54,0.0
8217,3642,150,1,196.9,15.0
8218,3642,37,2,1009.52,5.0
8219,3642,11,1,202.6,0.0
8220,3643,31,1,185.47,10.0
8221,3643,156,2,410.55,5.0
8222,3644,17,1,173.9,0.0
8223,3645,20,4,339.73,0.0
8224,3646,38,1,1016.34,20.0
8225,3647,6,2,34.19,15.0
8226,3648,198,1,904.38,0.0
8227,3649,28,1,662.55,15.0
8228,3649,40,1,520.37,0.0
8229,3650,2,2,394.13,0.0
8230,3650,10,2,132.89,0.0
8231,3650,138,2,285.18,0.0
8232,3651,252,1,686.58,0.0
8233,3651,35,2,633.08,0.0
8234,3651,37,1,1009.52,0.0
8235,3652,9,1,217.62,0.0
8236,3652,6,1,34.19,0.0
8237,3652,43,1,935.97,10.0
8238,3652,34,2,43.21,10.0
8239,3653,30,1,658.15,0.0
8240,3653,61,1,882.1,0.0
8241,3653,46,1,854.22,20.0
8242,3653,8,3,542.39,15.0
8243,3654,12,1,677.11,10.0
8244,3655,31,1,185.47,0.0
8245,3656,11,1,202.6,5.0
8246,3656,47,1,459.02,0.0
8247,3656,27,1,287.02,15.0
8248,3656,6,1,34.19,0.0
8249,3657,33,2,947.92,20.0
8250,3657,39,2,758.76,0.0
8251,3658,50,4,994.53,0.0
8252,3658,15,1,255.83,0.0
8253,3658,16,2,973.78,5.0
8254,3658,226,1,855.84,0.0
8255,3659,52,4,994.18,0.0
8256,3659,37,1,1009.52,0.0
8257,3660,43,2,935.97,0.0
8258,3660,60,4,165.23,0.0
8259,3661,28,1,662.55,0.0
8260,3661,30,2,658.15,0.0
8261,3661,3,1,557.91,0.0
8262,3662,30,1,658.15,0.0
8263,3663,5,1,597.45,0.0
8264,3663,10,1,132.89,0.0
8265,3664,15,1,255.83,0.0
8266,3664,23,1,236.54,0.0
8267,3665,29,2,981.65,0.0
8268,3665,43,4,935.97,0.0
8269,3665,13,1,800.5,10.0
8270,3666,229,2,54.7,0.0
8271,3666,18,1,818.1,0.0
8272,3667,13,1,800.5,5.0
8273,3668,12,1,677.11,10.0
8274,3668,41,1,176.54,0.0
8275,3669,46,1,854.22,0.0
8276,3670,9,2,217.62,0.0
8277,3670,33,1,947.92,5.0
8278,3671,38,1,1016.34,10.0
8279,3672,40,1,520.37,0.0
8280,3672,131,1,80.3,5.0
8281,3673,24,1,584.38,0.0
8282,3674,20,1,339.73,0.0
8283,3674,22,1,457.79,0.0
8284,3675,6,1,34.19,0.0
8285,3675,164,1,211.12,0.0
8286,3676,26,1,204.87,20.0
8287,3676,15,3,255.83,15.0
8288,3676,2,3,394.13,10.0
8289,3677,28,3,662.55,0.0
8290,3678,45,1,456.92,0.0
8291,3679,5,1,597.45,0.0
8292,3679,17,1,173.9,0.0
8293,3680,40,1,520.37,0.0
8294,3680,47,1,459.02,0.0
8295,3680,9,2,217.62,0.0
8296,3680,45,2,456.92,0.0
8297,3681,108,1,306.47,0.0
8298,3681,129,1,44.87,0.0
8299,3682,32,2,320.79,0.0
8300,3682,19,1,604.84,0.0
8301,3682,44,1,930.25,0.0
8302,3683,26,3,204.87,0.0
8303,3683,44,1,930.25,0.0
8304,3684,8,1,542.39,0.0
8305,3684,44,1,930.25,0.0
8306,3684,34,2,43.21,5.0
8307,3684,58,1,473.18,20.0
8308,3684,43,1,935.97,0.0
8309,3685,43,1,935.97,0.0
8310,3685,28,3,662.55,0.0
8311,3685,44,1,930.25,0.0
8312,3686,18,1,818.1,0.0
8313,3687,117,1,659.17,0.0
8314,3688,2,1,394.13,10.0
8315,3688,11,1,202.6,0.0
8316,3689,45,1,456.92,0.0
8317,3689,19,2,604.84,15.0
8318,3689,200,2,731.51,0.0
8319,3690,19,1,604.84,0.0
8320,3690,34,1,43.21,0.0
8321,3690,224,1,402.49,0.0
8322,3690,20,3,339.73,0.0
8323,3691,21,1,851.91,5.0
8324,3691,9,1,217.62,0.0
8325,3691,215,1,429.74,0.0
8326,3692,16,2,973.78,5.0
8327,3692,42,2,880.29,0.0
8328,3692,44,1,930.25,0.0
8329,3692,46,1,854.22,0.0
8330,3693,49,2,1020.52,0.0
8331,3693,43,1,935.97,5.0
8332,3693,42,2,880.29,15.0
8333,3694,99,1,255.18,0.0
8334,3695,98,1,932.39,20.0
8335,3695,32,2,320.79,0.0
8336,3696,26,1,204.87,0.0
8337,3696,2,2,394.13,0.0
8338,3696,24,1,584.38,0.0
8339,3696,1,2,643.08,0.0
8340,3697,25,1,631.62,20.0
8341,3697,52,2,994.18,5.0
8342,3697,77,1,561.47,10.0
8343,3697,9,2,217.62,0.0
8344,3697,38,1,1016.34,0.0
8345,3698,30,2,658.15,10.0
8346,3698,42,1,880.29,0.0
8347,3699,28,1,662.55,0.0
8348,3699,27,2,287.02,5.0
8349,3699,52,2,994.18,0.0
8350,3699,21,1,851.91,0.0
8351,3700,43,2,935.97,0.0
8352,3701,45,2,456.92,0.0
8353,3701,232,1,968.09,5.0
8354,3701,36,3,72.7,0.0
8355,3701,42,1,880.29,0.0
8356,3701,38,2,1016.34,15.0
8357,3702,50,2,994.53,0.0
8358,3702,158,1,334.84,0.0
8359,3702,9,1,217.62,10.0
8360,3702,30,1,658.15,0.0
8361,3702,4,1,583.61,0.0
8362,3703,44,2,930.25,10.0
8363,3703,42,1,880.29,0.0
8364,3704,4,1,583.61,0.0
8365,3704,93,2,626.68,0.0
8366,3705,32,2,320.79,20.0
8367,3705,47,5,459.02,0.0
8368,3706,30,1,658.15,0.0
8369,3706,23,1,236.54,0.0
8370,3707,214,3,836.23,20.0
8371,3707,2,1,394.13,0.0
8372,3708,37,2,1009.52,0.0
8373,3708,41,1,176.54,0.0
8374,3709,36,1,72.7,0.0
8375,3709,44,1,930.25,0.0
8376,3710,161,3,417.52,10.0
8377,3710,42,3,880.29,0.0
8378,3711,121,2,223.46,0.0
8379,3711,18,1,818.1,0.0
8380,3711,39,1,758.76,0.0
8381,3711,28,1,662.55,0.0
8382,3711,50,1,994.53,10.0
8383,3712,28,2,662.55,0.0
8384,3712,7,1,62.52,0.0
8385,3713,9,1,217.62,0.0
8386,3713,35,2,633.08,20.0
8387,3714,7,1,62.52,5.0
8388,3714,8,1,542.39,0.0
8389,3714,56,1,776.63,10.0
8390,3714,48,1,358.48,0.0
8391,3715,22,1,457.79,0.0
8392,3715,15,1,255.83,0.0
8393,3716,4,3,583.61,0.0
8394,3716,7,1,62.52,15.0
8395,3717,19,3,604.84,0.0
8396,3718,37,1,1009.52,0.0
8397,3718,11,2,202.6,10.0
8398,3719,16,3,973.78,0.0
8399,3719,136,2,185.33,5.0
8400,3720,245,1,396.55,0.0
8401,3721,48,1,358.48,5.0
8402,3721,142,2,89.71,0.0
8403,3721,35,1,633.08,0.0
8404,3721,4,1,583.61,0.0
8405,3722,38,1,1016.34,20.0
8406,3722,18,1,818.1,0.0
8407,3722,35,1,633.08,0.0
8408,3723,89,2,568.71,0.0
8409,3723,141,1,991.87,0.0
8410,3724,28,1,662.55,20.0
8411,3724,23,2,236.54,0.0
8412,3724,86,2,1193.28,0.0
8413,3724,90,1,491.54,10.0
8414,3724,29,3,981.65,0.0
8415,3725,4,2,583.61,0.0
8416,3725,31,3,185.47,0.0
8417,3725,40,1,520.37,0.0
8418,3726,49,1,1020.52,5.0
8419,3726,102,1,352.97,15.0
8420,3726,29,3,981.65,0.0
8421,3727,44,1,930.25,0.0
8422,3728,32,1,320.79,0.0
8423,3729,132,3,758.96,0.0
8424,3730,31,2,185.47,0.0
8425,3731,20,3,339.73,0.0
8426,3731,17,1,173.9,0.0
8427,3732,12,1,677.11,0.0
8428,3732,248,1,249.31,0.0
8429,3732,35,3,633.08,0.0
8430,3732,234,2,670.43,0.0
8431,3733,46,1,854.22,0.0
8432,3733,196,1,925.9,20.0
8433,3733,36,2,72.7,0.0
8434,3734,23,1,236.54,0.0
8435,3735,47,3,459.02,20.0
8436,3736,38,1,1016.34,0.0
8437,3737,3,2,557.91,0.0
8438,3737,10,1,132.89,10.0
8439,3738,47,1,459.02,0.0
8440,3738,27,1,287.02,0.0
8441,3738,32,1,320.79,0.0
8442,3739,4,2,583.61,0.0
8443,3739,12,1,677.11,0.0
8444,3740,47,3,459.02,0.0
8445,3740,223,1,389.43,0.0
8446,3741,36,1,72.7,10.0
8447,3741,25,1,631.62,5.0
8448,3742,10,1,132.89,0.0
8449,3743,149,1,668.87,0.0
8450,3744,22,1,457.79,0.0
8451,3744,45,1,456.92,20.0
8452,3744,228,1,24.69,0.0
8453,3745,28,3,662.55,0.0
8454,3745,32,1,320.79,0.0
8455,3745,255,1,537.33,0.0
8456,3745,4,2,583.61,0.0
8457,3745,17,1,173.9,0.0
8458,3746,53,3,873.28,0.0
8459,3747,43,1,935.97,0.0
8460,3748,47,2,459.02,0.0
8461,3748,215,2,429.74,0.0
8462,3748,22,2,457.79,0.0
8463,3749,50,1,994.53,0.0
8464,3749,47,2,459.02,10.0
8465,3749,21,1,851.91,5.0
8466,3749,28,1,662.55,15.0
8467,3749,79,3,861.19,0.0
8468,3750,254,1,1202.51,20.0
8469,3750,60,1,165.23,0.0
8470,3750,12,1,677.11,0.0
8471,3751,23,2,236.54,0.0
8472,3751,17,3,173.9,0.0
8473,3751,34,1,43.21,0.0
8474,3751,40,4,520.37,5.0
8475,3751,28,1,662.55,0.0
8476,3752,16,1,973.78,0.0
8477,3752,30,2,658.15,5.0
8478,3752,25,1,631.62,0.0
8479,3753,57,2,966.47,5.0
8480,3753,50,1,994.53,0.0
8481,3754,44,2,930.25,0.0
8482,3754,15,3,255.83,0.0
8483,3755,42,2,880.29,0.0
8484,3755,132,1,758.96,20.0
8485,3756,174,1,911.18,0.0
8486,3756,32,1,320.79,0.0
8487,3757,41,1,176.54,0.0
8488,3757,10,3,132.89,0.0
8489,3757,20,1,339.73,20.0
8490,3757,127,1,711.21,0.0
8491,3757,34,2,43.21,0.0
8492,3758,27,3,287.02,0.0
8493,3758,18,1,818.1,15.0
8494,3758,7,1,62.52,10.0
8495,3758,28,1,662.55,0.0
8496,3758,13,1,800.5,0.0
8497,3759,45,1,456.92,15.0
8498,3760,18,1,818.1,10.0
8499,3761,252,1,686.58,0.0
8500,3761,11,1,202.6,0.0
8501,3761,46,1,854.22,5.0
8502,3762,12,2,677.11,0.0
8503,3762,157,1,388.76,5.0
8504,3762,27,1,287.02,0.0
8505,3763,22,3,457.79,10.0
8506,3764,20,1,339.73,5.0
8507,3765,50,1,994.53,0.0
8508,3766,14,3,149.0,5.0
8509,3767,31,1,185.47,5.0
8510,3768,42,2,880.29,0.0
8511,3768,39,2,758.76,0.0
8512,3768,194,1,328.13,20.0
8513,3769,4,2,583.61,0.0
8514,3770,26,1,204.87,0.0
8515,3771,206,1,532.41,0.0
8516,3772,5,3,597.45,0.0
8517,3773,47,1,459.02,0.0
8518,3773,2,2,394.13,0.0
8519,3774,8,2,542.39,20.0
8520,3774,24,3,584.38,0.0
8521,3775,26,1,204.87,20.0
8522,3776,33,1,947.92,0.0
8523,3777,47,1,459.02,0.0
8524,3777,4,1,583.61,0.0
8525,3778,125,1,128.01,0.0
8526,3778,26,2,204.87,0.0
8527,3778,20,1,339.73,10.0
8528,3779,20,1,339.73,10.0
8529,3780,44,3,930.25,0.0
8530,3780,31,3,185.47,0.0
8531,3780,2,2,394.13,0.0
8532,3780,52,2,994.18,0.0
8533,3780,11,1,202.6,0.0
8534,3781,25,1,631.62,0.0
8535,3781,100,3,645.31,5.0
8536,3781,84,1,564.13,0.0
8537,3782,42,2,880.29,0.0
8538,3783,20,1,339.73,5.0
8539,3783,2,1,394.13,0.0
8540,3783,30,1,658.15,0.0
8541,3784,257,1,118.54,0.0
8542,3785,16,1,973.78,15.0
8543,3785,61,3,882.1,5.0
8544,3786,89,1,568.71,0.0
8545,3786,25,2,631.62,20.0
8546,3787,15,2,255.83,0.0
8547,3787,51,1,774.23,20.0
8548,3787,52,4,994.18,20.0
8549,3788,21,1,851.91,0.0
8550,3788,30,4,658.15,0.0
8551,3789,154,1,667.55,0.0
8552,3790,14,4,149.0,5.0
8553,3790,98,2,932.39,0.0
8554,3791,19,2,604.84,0.0
8555,3792,31,5,185.47,10.0
8556,3793,4,1,583.61,0.0
8557,3793,33,1,947.92,0.0
8558,3794,33,1,947.92,0.0
8559,3794,210,1,664.24,0.0
8560,3794,1,1,643.08,0.0
8561,3794,3,2,557.91,5.0
8562,3795,45,1,456.92,0.0
8563,3795,15,2,255.83,5.0
8564,3795,25,1,631.62,5.0
8565,3796,3,1,557.91,0.0
8566,3796,51,1,774.23,20.0
8567,3796,41,1,176.54,0.0
8568,3797,4,3,583.61,5.0
8569,3797,36,2,72.7,0.0
8570,3797,1,1,643.08,0.0
8571,3797,2,1,394.13,0.0
8572,3798,32,2,320.79,20.0
8573,3798,3,1,557.91,0.0
8574,3798,71,1,682.59,20.0
8575,3799,35,2,633.08,0.0
8576,3799,10,1,132.89,10.0
8577,3799,32,5,320.79,0.0
8578,3800,29,3,981.65,5.0
8579,3800,43,2,935.97,5.0
8580,3801,23,2,236.54,0.0
8581,3801,6,1,34.19,15.0
8582,3802,51,5,774.23,0.0
8583,3802,249,1,229.0,5.0
8584,3802,49,2,1020.52,0.0
8585,3803,52,1,994.18,0.0
8586,3803,48,2,358.48,0.0
8587,3804,40,2,520.37,10.0
8588,3804,48,1,358.48,0.0
8589,3804,39,3,758.76,5.0
8590,3804,116,1,209.21,0.0
8591,3805,28,1,662.55,0.0
8592,3805,3,1,557.91,10.0
8593,3806,18,1,818.1,0.0
8594,3807,11,5,202.6,10.0
8595,3807,51,2,774.23,15.0
8596,3807,203,1,131.33,10.0
8597,3808,46,2,854.22,20.0
8598,3809,31,1,185.47,5.0
8599,3809,25,1,631.62,0.0
8600,3810,17,2,173.9,0.0
8601,3811,25,1,631.62,0.0
8602,3811,152,1,1071.23,5.0
8603,3811,217,2,308.65,0.0
8604,3812,16,1,973.78,0.0
8605,3813,30,1,658.15,0.0
8606,3813,18,1,818.1,0.0
8607,3814,38,2,1016.34,10.0
8608,3814,4,2,583.61,0.0
8609,3814,52,1,994.18,0.0
8610,3815,2,1,394.13,0.0
8611,3815,51,2,774.23,0.0
8612,3816,38,1,1016.34,0.0
8613,3817,43,1,935.97,5.0
8614,3817,8,1,542.39,15.0
8615,3818,28,1,662.55,0.0
8616,3819,39,2,758.76,0.0
8617,3820,71,1,682.59,20.0
8618,3821,40,1,520.37,0.0
8619,3821,19,1,604.84,0.0
8620,3822,46,1,854.22,10.0
8621,3822,6,1,34.19,0.0
8622,3822,20,1,339.73,0.0
8623,3823,31,2,185.47,15.0
8624,3823,48,1,358.48,0.0
8625,3824,13,1,800.5,0.0
8626,3825,38,1,1016.34,0.0
8627,3825,171,5,508.1,0.0
8628,3826,210,2,664.24,20.0
8629,3826,8,3,542.39,20.0
8630,3827,51,3,774.23,10.0
8631,3827,49,1,1020.52,0.0
8632,3827,4,2,583.61,0.0
8633,3827,15,1,255.83,10.0
8634,3827,185,1,339.91,0.0
8635,3828,29,2,981.65,0.0
8636,3829,35,4,633.08,0.0
8637,3830,161,1,417.52,0.0
8638,3830,29,2,981.65,0.0
8639,3830,49,1,1020.52,0.0
8640,3830,19,1,604.84,0.0
8641,3831,6,1,34.19,5.0
8642,3831,32,1,320.79,10.0
8643,3831,36,1,72.7,0.0
8644,3831,183,3,473.71,0.0
8645,3832,32,1,320.79,0.0
8646,3832,34,1,43.21,0.0
8647,3833,9,1,217.62,10.0
8648,3833,14,2,149.0,0.0
8649,3833,80,2,275.45,15.0
8650,3834,48,2,358.48,0.0
8651,3835,4,1,583.61,20.0
8652,3836,1,4,643.08,0.0
8653,3836,118,1,1091.59,0.0
8654,3836,156,1,410.55,0.0
8655,3837,41,1,176.54,0.0
8656,3837,23,1,236.54,0.0
8657,3838,8,2,542.39,20.0
8658,3839,50,3,994.53,5.0
8659,3839,14,1,149.0,0.0
8660,3839,21,1,851.91,10.0
8661,3839,134,1,426.27,10.0
8662,3840,41,5,176.54,0.0
8663,3841,23,2,236.54,0.0
8664,3841,49,2,1020.52,10.0
8665,3841,1,1,643.08,0.0
8666,3842,13,1,800.5,0.0
8667,3842,258,1,563.1,20.0
8668,3842,50,1,994.53,0.0
8669,3842,58,2,473.18,0.0
8670,3843,12,1,677.11,0.0
8671,3843,43,1,935.97,0.0
8672,3844,216,2,929.01,0.0
8673,3844,65,2,1039.76,0.0
8674,3844,16,1,973.78,0.0
8675,3845,32,2,320.79,5.0
8676,3845,151,1,662.95,0.0
8677,3845,21,1,851.91,0.0
8678,3846,3,2,557.91,0.0
8679,3846,37,1,1009.52,5.0
8680,3846,48,2,358.48,0.0
8681,3846,7,2,62.52,0.0
8682,3846,217,1,308.65,0.0
8683,3847,9,1,217.62,5.0
8684,3848,166,1,881.42,0.0
8685,3848,13,1,800.5,0.0
8686,3849,51,1,774.23,0.0
8687,3849,31,1,185.47,0.0
8688,3850,39,1,758.76,0.0
8689,3851,45,2,456.92,0.0
8690,3852,1,2,643.08,5.0
8691,3852,31,3,185.47,0.0
8692,3853,52,1,994.18,0.0
8693,3853,14,1,149.0,0.0
8694,3853,48,1,358.48,0.0
8695,3854,18,1,818.1,20.0
8696,3855,51,1,774.23,0.0
8697,3856,258,1,563.1,15.0
8698,3857,4,1,583.61,0.0
8699,3858,211,3,1092.93,0.0
8700,3858,13,2,800.5,10.0
8701,3858,252,2,686.58,5.0
8702,3859,49,2,1020.52,0.0
8703,3860,46,5,854.22,0.0
8704,3860,6,1,34.19,0.0
8705,3860,20,1,339.73,0.0
8706,3860,72,1,474.04,0.0
8707,3861,42,2,880.29,0.0
8708,3861,20,1,339.73,0.0
8709,3861,30,1,658.15,0.0
8710,3862,6,3,34.19,0.0
8711,3862,35,2,633.08,20.0
8712,3862,44,1,930.25,15.0
8713,3863,63,1,958.03,0.0
8714,3863,103,1,656.03,10.0
8715,3863,134,1,426.27,10.0
8716,3863,95,1,179.64,0.0
8717,3863,21,1,851.91,0.0
8718,3864,16,1,973.78,0.0
8719,3864,14,1,149.0,0.0
8720,3865,253,1,352.37,0.0
8721,3865,7,1,62.52,0.0
8722,3865,46,1,854.22,0.0
8723,3865,34,1,43.21,0.0
8724,3866,18,1,818.1,0.0
8725,3866,204,2,504.77,0.0
8726,3867,214,1,836.23,0.0
8727,3867,29,2,981.65,0.0
8728,3868,34,1,43.21,0.0
8729,3868,51,2,774.23,0.0
8730,3869,14,2,149.0,0.0
8731,3870,95,2,179.64,0.0
8732,3871,40,2,520.37,0.0
8733,3871,49,1,1020.52,10.0
8734,3872,176,2,576.9,10.0
8735,3872,1,1,643.08,0.0
8736,3873,22,3,457.79,0.0
8737,3873,10,1,132.89,0.0
8738,3873,177,1,592.34,0.0
8739,3873,13,1,800.5,0.0
8740,3874,15,1,255.83,0.0
8741,3875,2,1,394.13,0.0
8742,3875,3,1,557.91,0.0
8743,3876,45,1,456.92,10.0
8744,3877,20,1,339.73,15.0
8745,3878,33,1,947.92,5.0
8746,3878,139,1,544.47,0.0
8747,3879,190,1,998.17,0.0
8748,3879,48,2,358.48,0.0
8749,3879,45,2,456.92,0.0
8750,3880,143,1,435.68,0.0
8751,3880,34,1,43.21,0.0
8752,3881,42,2,880.29,0.0
8753,3881,30,1,658.15,0.0
8754,3881,26,1,204.87,5.0
8755,3882,33,1,947.92,10.0
8756,3882,1,3,643.08,10.0
8757,3883,66,2,361.37,15.0
8758,3883,37,1,1009.52,0.0
8759,3883,1,1,643.08,10.0
8760,3884,34,4,43.21,5.0
8761,3884,46,2,854.22,0.0
8762,3885,21,1,851.91,10.0
8763,3885,25,3,631.62,5.0
8764,3885,13,1,800.5,10.0
8765,3885,17,1,173.9,0.0
8766,3886,26,1,204.87,0.0
8767,3886,22,1,457.79,0.0
8768,3886,95,5,179.64,5.0
8769,3886,153,1,378.51,5.0
8770,3887,24,1,584.38,0.0
8771,3888,30,1,658.15,0.0
8772,3888,32,2,320.79,0.0
8773,3888,34,2,43.21,0.0
8774,3889,10,5,132.89,0.0
8775,3890,19,2,604.84,0.0
8776,3890,20,1,339.73,0.0
8777,3891,29,1,981.65,0.0
8778,3892,39,2,758.76,0.0
8779,3892,49,1,1020.52,5.0
8780,3892,14,1,149.0,0.0
8781,3892,25,1,631.62,0.0
8782,3892,6,1,34.19,5.0
8783,3893,119,1,891.47,0.0
8784,3893,36,2,72.7,0.0
8785,3893,5,1,597.45,0.0
8786,3894,8,1,542.39,0.0
8787,3894,44,2,930.25,0.0
8788,3894,70,1,532.42,15.0
8789,3895,10,2,132.89,0.0
8790,3895,40,1,520.37,0.0
8791,3895,50,1,994.53,0.0
8792,3896,29,1,981.65,0.0
8793,3897,24,2,584.38,0.0
8794,3897,12,1,677.11,0.0
8795,3897,23,2,236.54,0.0
8796,3898,240,2,81.35,0.0
8797,3899,141,4,991.87,0.0
8798,3900,12,2,677.11,0.0
8799,3901,233,4,27.46,15.0
8800,3901,31,2,185.47,15.0
8801,3901,203,3,131.33,0.0
8802,3901,11,1,202.6,0.0
8803,3902,23,1,236.54,5.0
8804,3902,14,2,149.0,0.0
8805,3903,52,2,994.18,0.0
8806,3903,130,3,625.15,0.0
8807,3903,10,1,132.89,0.0
8808,3903,21,1,851.91,0.0
8809,3904,127,1,711.21,15.0
8810,3904,46,2,854.22,0.0
8811,3905,5,1,597.45,0.0
8812,3905,15,1,255.83,20.0
8813,3905,16,3,973.78,15.0
8814,3905,1,1,643.08,0.0
8815,3905,7,4,62.52,0.0
8816,3906,44,3,930.25,0.0
8817,3907,17,1,173.9,0.0
8818,3907,29,1,981.65,0.0
8819,3907,31,1,185.47,10.0
8820,3907,23,1,236.54,0.0
8821,3908,10,1,132.89,0.0
8822,3908,41,2,176.54,0.0
8823,3909,9,1,217.62,0.0
8824,3909,18,1,818.1,0.0
8825,3909,3,2,557.91,5.0
8826,3910,162,1,82.72,0.0
8827,3910,3,1,557.91,0.0
8828,3910,47,1,459.02,10.0
8829,3910,28,3,662.55,0.0
8830,3911,23,3,236.54,0.0
8831,3911,66,2,361.37,0.0
8832,3911,40,2,520.37,0.0
8833,3911,45,1,456.92,15.0
8834,3911,39,1,758.76,0.0
8835,3912,196,2,925.9,0.0
8836,3912,32,2,320.79,0.0
8837,3912,15,1,255.83,0.0
8838,3913,15,1,255.83,5.0
8839,3913,10,1,132.89,0.0
8840,3913,40,2,520.37,0.0
8841,3913,47,1,459.02,0.0
8842,3913,1,1,643.08,0.0
8843,3914,246,1,835.26,0.0
8844,3915,45,1,456.92,0.0
8845,3915,26,2,204.87,0.0
8846,3915,14,3,149.0,0.0
8847,3916,101,2,462.13,10.0
8848,3917,33,1,947.92,0.0
8849,3917,211,2,1092.93,0.0
8850,3918,52,2,994.18,15.0
8851,3918,40,2,520.37,5.0
8852,3919,13,1,800.5,0.0
8853,3919,37,1,1009.52,0.0
8854,3919,41,2,176.54,0.0
8855,3920,42,1,880.29,0.0
8856,3920,193,1,948.3,0.0
8857,3921,214,1,836.23,10.0
8858,3921,42,3,880.29,5.0
8859,3922,12,1,677.11,5.0
8860,3922,37,1,1009.52,0.0
8861,3922,9,1,217.62,0.0
8862,3923,12,3,677.11,0.0
8863,3924,212,4,665.42,0.0
8864,3925,7,1,62.52,0.0
8865,3925,48,2,358.48,0.0
8866,3926,41,5,176.54,0.0
8867,3926,43,1,935.97,5.0
8868,3927,24,1,584.38,0.0
8869,3928,232,5,968.09,10.0
8870,3929,15,3,255.83,5.0
8871,3930,50,1,994.53,0.0
8872,3930,33,1,947.92,5.0
8873,3930,8,1,542.39,0.0
8874,3930,46,1,854.22,0.0
8875,3931,41,2,176.54,0.0
8876,3931,49,1,1020.52,0.0
8877,3932,17,5,173.9,10.0
8878,3932,1,3,643.08,0.0
8879,3932,122,3,246.21,0.0
8880,3933,34,3,43.21,0.0
8881,3934,23,1,236.54,10.0
8882,3934,3,1,557.91,0.0
8883,3935,30,5,658.15,0.0
8884,3935,46,1,854.22,15.0
8885,3935,4,1,583.61,5.0
8886,3935,51,2,774.23,0.0
8887,3935,35,1,633.08,0.0
8888,3936,43,2,935.97,0.0
8889,3937,177,2,592.34,0.0
8890,3937,51,2,774.23,15.0
8891,3938,145,2,916.31,10.0
8892,3939,8,3,542.39,15.0
8893,3939,44,1,930.25,0.0
8894,3939,50,1,994.53,0.0
8895,3940,6,1,34.19,0.0
8896,3941,12,4,677.11,0.0
8897,3942,99,2,255.18,5.0
8898,3942,38,1,1016.34,0.0
8899,3943,42,1,880.29,15.0
8900,3943,44,1,930.25,0.0
8901,3943,4,3,583.61,0.0
8902,3943,48,1,358.48,15.0
8903,3943,47,1,459.02,0.0
8904,3944,38,2,1016.34,10.0
8905,3945,8,2,542.39,0.0
8906,3946,22,1,457.79,0.0
8907,3947,43,1,935.97,5.0
8908,3947,115,2,625.25,0.0
8909,3947,45,3,456.92,10.0
8910,3948,181,2,115.49,0.0
8911,3949,61,2,882.1,0.0
8912,3949,1,3,643.08,0.0
8913,3949,20,2,339.73,0.0
8914,3950,23,2,236.54,10.0
8915,3950,43,1,935.97,0.0
8916,3950,24,3,584.38,0.0
8917,3951,45,1,456.92,5.0
8918,3951,23,1,236.54,0.0
8919,3952,186,3,919.63,0.0
8920,3952,37,1,1009.52,0.0
8921,3953,36,2,72.7,10.0
8922,3953,71,1,682.59,0.0
8923,3953,27,1,287.02,15.0
8924,3954,17,1,173.9,5.0
8925,3954,172,4,225.41,10.0
8926,3955,171,2,508.1,0.0
8927,3956,38,2,1016.34,0.0
8928,3956,42,1,880.29,0.0
8929,3957,233,1,27.46,0.0
8930,3957,79,1,861.19,0.0
8931,3958,196,1,925.9,0.0
8932,3958,28,1,662.55,15.0
8933,3958,18,1,818.1,10.0
8934,3958,15,2,255.83,0.0
8935,3959,24,1,584.38,0.0
8936,3960,238,3,31.94,10.0
8937,3960,6,1,34.19,0.0
8938,3961,31,2,185.47,0.0
8939,3961,20,3,339.73,0.0
8940,3962,52,1,994.18,10.0
8941,3962,6,3,34.19,0.0
8942,3962,11,1,202.6,5.0
8943,3962,32,1,320.79,0.0
8944,3963,2,1,394.13,5.0
8945,3964,62,1,77.39,0.0
8946,3964,81,2,77.19,0.0
8947,3964,35,1,633.08,0.0
8948,3965,5,1,597.45,0.0
8949,3965,201,2,232.35,0.0
8950,3966,2,1,394.13,0.0
8951,3966,33,4,947.92,0.0
8952,3967,42,2,880.29,0.0
8953,3968,8,1,542.39,0.0
8954,3968,26,1,204.87,20.0
8955,3969,37,1,1009.52,5.0
8956,3969,11,1,202.6,0.0
8957,3969,24,1,584.38,0.0
8958,3970,28,1,662.55,20.0
8959,3970,19,1,604.84,20.0
8960,3970,207,1,991.04,0.0
8961,3970,18,4,818.1,0.0
8962,3970,26,1,204.87,20.0
8963,3971,45,1,456.92,0.0
8964,3972,5,1,597.45,5.0
8965,3972,44,1,930.25,0.0
8966,3972,17,1,173.9,10.0
8967,3973,142,1,89.71,5.0
8968,3973,51,1,774.23,0.0
8969,3974,42,2,880.29,0.0
8970,3974,48,1,358.48,5.0
8971,3974,38,1,1016.34,10.0
8972,3974,32,1,320.79,0.0
8973,3975,29,1,981.65,10.0
8974,3976,53,4,873.28,0.0
8975,3976,175,2,628.11,0.0
8976,3977,229,2,54.7,0.0
8977,3978,8,1,542.39,0.0
8978,3978,45,1,456.92,0.0
8979,3979,11,1,202.6,5.0
8980,3979,229,2,54.7,0.0
8981,3980,37,4,1009.52,0.0
8982,3981,30,1,658.15,0.0
8983,3981,15,1,255.83,10.0
8984,3982,41,2,176.54,0.0
8985,3982,28,1,662.55,10.0
8986,3983,6,1,34.19,0.0
8987,3983,34,2,43.21,0.0
8988,3983,2,3,394.13,15.0
8989,3983,8,1,542.39,0.0
8990,3983,83,3,144.27,0.0
8991,3984,8,1,542.39,0.0
8992,3984,15,2,255.83,0.0
8993,3984,27,2,287.02,5.0
8994,3984,35,1,633.08,0.0
8995,3985,55,4,479.69,0.0
8996,3986,30,1,658.15,20.0
8997,3986,18,1,818.1,0.0
8998,3986,178,1,512.5,0.0
8999,3986,9,2,217.62,5.0
9000,3987,19,1,604.84,0.0
9001,3988,208,2,1182.18,0.0
9002,3988,42,3,880.29,15.0
9003,3989,81,1,77.19,0.0
9004,3990,51,2,774.23,0.0
9005,3990,43,5,935.97,20.0
9006,3991,14,1,149.0,0.0
9007,3991,46,1,854.22,0.0
9008,3991,254,2,1202.51,0.0
9009,3991,184,5,196.43,15.0
9010,3991,20,1,339.73,0.0
9011,3992,4,1,583.61,0.0
9012,3992,48,5,358.48,5.0
9013,3992,31,1,185.47,5.0
9014,3992,170,3,814.48,0.0
9015,3993,32,3,320.79,0.0
9016,3993,13,3,800.5,5.0
9017,3993,80,2,275.45,0.0
9018,3994,24,1,584.38,0.0
9019,3994,244,3,902.38,5.0
9020,3994,41,2,176.54,5.0
9021,3994,21,3,851.91,15.0
9022,3995,24,2,584.38,5.0
9023,3995,2,1,394.13,0.0
9024,3995,164,1,211.12,0.0
9025,3996,7,2,62.52,0.0
9026,3996,30,2,658.15,15.0
9027,3997,45,2,456.92,0.0
9028,3997,11,1,202.6,0.0
9029,3997,50,1,994.53,10.0
9030,3998,34,1,43.21,0.0
9031,3999,3,2,557.91,0.0
9032,4000,33,1,947.92,0.0
9033,4001,24,1,584.38,5.0
9034,4001,3,2,557.91,0.0
9035,4001,17,1,173.9,0.0
9036,4001,106,1,65.61,0.0
9037,4002,5,3,597.45,0.0
9038,4002,149,1,668.87,0.0
9039,4003,23,3,236.54,0.0
9040,4003,13,1,800.5,5.0
9041,4004,34,1,43.21,0.0
9042,4004,124,1,729.75,0.0
9043,4005,35,1,633.08,20.0
9044,4006,131,1,80.3,0.0
9045,4006,17,1,173.9,0.0
9046,4007,12,1,677.11,0.0
9047,4008,30,2,658.15,5.0
9048,4009,19,1,604.84,0.0
9049,4010,21,1,851.91,0.0
9050,4010,52,1,994.18,10.0
9051,4010,5,1,597.45,0.0
9052,4011,45,3,456.92,0.0
9053,4011,42,1,880.29,0.0
9054,4011,12,1,677.11,0.0
9055,4011,41,1,176.54,0.0
9056,4011,32,1,320.79,0.0
9057,4012,28,1,662.55,0.0
9058,4012,24,3,584.38,5.0
9059,4012,40,1,520.37,0.0
9060,4013,158,1,334.84,0.0
9061,4013,124,2,729.75,5.0
9062,4014,40,2,520.37,20.0
9063,4014,19,2,604.84,0.0
9064,4015,168,1,838.87,0.0
9065,4015,15,1,255.83,0.0
9066,4015,154,4,667.55,0.0
9067,4015,37,1,1009.52,0.0
9068,4015,40,1,520.37,5.0
9069,4016,30,1,658.15,0.0
9070,4016,20,1,339.73,10.0
9071,4017,3,2,557.91,20.0
9072,4017,56,1,776.63,0.0
9073,4017,4,2,583.61,0.0
9074,4017,11,1,202.6,0.0
9075,4017,5,1,597.45,0.0
9076,4018,43,3,935.97,0.0
9077,4018,7,1,62.52,10.0
9078,4018,41,1,176.54,0.0
9079,4019,32,3,320.79,0.0
9080,4019,101,2,462.13,0.0
9081,4020,35,1,633.08,15.0
9082,4020,23,1,236.54,5.0
9083,4021,25,1,631.62,0.0
9084,4021,52,1,994.18,0.0
9085,4021,41,2,176.54,0.0
9086,4022,51,5,774.23,0.0
9087,4022,42,2,880.29,0.0
9088,4022,26,2,204.87,10.0
9089,4023,47,1,459.02,0.0
9090,4023,18,1,818.1,0.0
9091,4024,7,3,62.52,0.0
9092,4025,7,2,62.52,0.0
9093,4026,23,2,236.54,0.0
9094,4026,3,1,557.91,5.0
9095,4026,224,1,402.49,0.0
9096,4027,29,2,981.65,0.0
9097,4027,13,1,800.5,0.0
9098,4028,25,1,631.62,0.0
9099,4028,22,2,457.79,0.0
9100,4028,51,1,774.23,0.0
9101,4028,4,3,583.61,20.0
9102,4028,11,2,202.6,0.0
9103,4029,43,1,935.97,0.0
9104,4029,1,1,643.08,0.0
9105,4030,49,1,1020.52,0.0
9106,4030,9,1,217.62,5.0
9107,4031,24,2,584.38,15.0
9108,4032,22,1,457.79,0.0
9109,4032,212,3,665.42,0.0
9110,4033,180,1,1017.24,20.0
9111,4033,23,3,236.54,0.0
9112,4033,45,1,456.92,0.0
9113,4033,163,1,234.62,0.0
9114,4033,193,1,948.3,0.0
9115,4034,228,1,24.69,0.0
9116,4034,150,1,196.9,0.0
9117,4035,14,1,149.0,15.0
9118,4035,19,1,604.84,0.0
9119,4036,5,1,597.45,0.0
9120,4036,59,1,251.22,0.0
9121,4037,122,1,246.21,0.0
9122,4037,33,4,947.92,0.0
9123,4037,12,1,677.11,0.0
9124,4037,83,4,144.27,0.0
9125,4037,4,2,583.61,20.0
9126,4038,1,2,643.08,0.0
9127,4038,34,1,43.21,0.0
9128,4039,26,2,204.87,5.0
9129,4039,82,1,1090.89,0.0
9130,4039,30,1,658.15,0.0
9131,4040,49,1,1020.52,10.0
9132,4040,29,1,981.65,0.0
9133,4041,51,1,774.23,0.0
9134,4041,179,1,990.0,10.0
9135,4042,23,2,236.54,15.0
9136,4042,32,1,320.79,0.0
9137,4043,24,1,584.38,0.0
9138,4043,4,3,583.61,0.0
9139,4043,51,3,774.23,0.0
9140,4043,41,1,176.54,0.0
9141,4044,157,1,388.76,15.0
9142,4045,38,2,1016.34,0.0
9143,4045,15,1,255.83,0.0
9144,4045,14,3,149.0,0.0
9145,4046,20,1,339.73,0.0
9146,4047,48,1,358.48,0.0
9147,4047,46,1,854.22,0.0
9148,4047,135,1,277.82,0.0
9149,4047,23,1,236.54,0.0
9150,4047,162,2,82.72,0.0
9151,4048,47,1,459.02,0.0
9152,4049,52,1,994.18,10.0
9153,4050,20,2,339.73,0.0
9154,4050,136,1,185.33,0.0
9155,4050,31,3,185.47,15.0
9156,4051,32,1,320.79,0.0
9157,4052,48,1,358.48,0.0
9158,4053,8,1,542.39,0.0
9159,4054,48,1,358.48,0.0
9160,4054,55,2,479.69,0.0
9161,4054,52,4,994.18,15.0
9162,4054,46,1,854.22,10.0
9163,4054,27,3,287.02,0.0
9164,4055,27,3,287.02,0.0
9165,4056,14,1,149.0,5.0
9166,4057,14,1,149.0,0.0
9167,4058,11,2,202.6,20.0
9168,4058,7,2,62.52,5.0
9169,4058,153,2,378.51,0.0
9170,4058,20,1,339.73,0.0
9171,4059,18,1,818.1,0.0
9172,4059,22,1,457.79,15.0
9173,4060,29,1,981.65,0.0
9174,4060,201,1,232.35,0.0
9175,4061,29,1,981.65,0.0
9176,4062,19,1,604.84,10.0
9177,4063,16,1,973.78,0.0
9178,4063,38,2,1016.34,0.0
9179,4063,86,1,1193.28,0.0
9180,4064,12,1,677.11,0.0
9181,4064,50,2,994.53,0.0
9182,4065,31,1,185.47,10.0
9183,4065,30,1,658.15,15.0
9184,4066,1,3,643.08,0.0
9185,4066,209,1,521.49,0.0
9186,4066,37,1,1009.52,0.0
9187,4066,129,1,44.87,0.0
9188,4066,26,1,204.87,0.0
9189,4067,26,3,204.87,0.0
9190,4067,17,3,173.9,5.0
9191,4067,12,2,677.11,15.0
9192,4067,77,1,561.47,0.0
9193,4067,24,4,584.38,10.0
9194,4068,160,3,248.36,0.0
9195,4069,139,1,544.47,0.0
9196,4069,42,2,880.29,0.0
9197,4070,35,1,633.08,15.0
9198,4070,31,2,185.47,0.0
9199,4070,75,1,448.57,0.0
9200,4071,45,1,456.92,0.0
9201,4071,5,1,597.45,0.0
9202,4072,50,1,994.53,0.0
9203,4072,12,1,677.11,0.0
9204,4073,7,1,62.52,0.0
9205,4073,5,3,597.45,5.0
9206,4074,90,2,491.54,0.0
9207,4075,10,1,132.89,0.0
9208,4075,200,4,731.51,0.0
9209,4075,2,1,394.13,0.0
9210,4075,26,1,204.87,15.0
9211,4075,11,2,202.6,0.0
9212,4076,2,2,394.13,10.0
9213,4076,76,1,920.83,0.0
9214,4077,3,1,557.91,5.0
9215,4078,51,3,774.23,0.0
9216,4078,2,1,394.13,0.0
9217,4079,10,1,132.89,10.0
9218,4079,26,2,204.87,0.0
9219,4079,35,1,633.08,5.0
9220,4079,52,4,994.18,0.0
9221,4080,46,1,854.22,0.0
9222,4080,3,3,557.91,0.0
9223,4081,44,5,930.25,0.0
9224,4081,51,3,774.23,0.0
9225,4082,43,2,935.97,5.0
9226,4083,18,3,818.1,0.0
9227,4083,31,4,185.47,10.0
9228,4083,28,5,662.55,15.0
9229,4084,21,1,851.91,10.0
9230,4084,27,4,287.02,0.0
9231,4084,15,1,255.83,10.0
9232,4085,32,2,320.79,0.0
9233,4085,73,1,831.13,0.0
9234,4086,173,2,665.55,10.0
9235,4086,10,1,132.89,10.0
9236,4087,11,1,202.6,0.0
9237,4087,42,1,880.29,0.0
9238,4088,20,2,339.73,0.0
9239,4089,37,1,1009.52,0.0
9240,4089,17,2,173.9,0.0
9241,4090,34,4,43.21,0.0
9242,4090,25,3,631.62,0.0
9243,4090,62,2,77.39,0.0
9244,4090,28,1,662.55,0.0
9245,4091,20,2,339.73,5.0
9246,4091,27,1,287.02,0.0
9247,4091,98,2,932.39,0.0
9248,4092,18,2,818.1,5.0
9249,4093,23,2,236.54,5.0
9250,4094,46,1,854.22,0.0
9251,4095,120,2,983.93,0.0
9252,4095,158,2,334.84,0.0
9253,4096,40,1,520.37,0.0
9254,4097,52,2,994.18,0.0
9255,4097,100,2,645.31,0.0
9256,4098,28,4,662.55,0.0
9257,4098,170,1,814.48,5.0
9258,4099,125,2,128.01,0.0
9259,4100,42,2,880.29,0.0
9260,4100,44,3,930.25,10.0
9261,4100,48,1,358.48,0.0
9262,4101,134,1,426.27,20.0
9263,4101,172,1,225.41,0.0
9264,4101,37,2,1009.52,0.0
9265,4102,42,1,880.29,20.0
9266,4103,20,1,339.73,0.0
9267,4103,7,1,62.52,0.0
9268,4104,66,1,361.37,0.0
9269,4104,40,1,520.37,0.0
9270,4105,2,1,394.13,15.0
9271,4105,21,1,851.91,0.0
9272,4106,16,2,973.78,0.0
9273,4106,22,2,457.79,0.0
9274,4106,20,1,339.73,10.0
9275,4106,19,2,604.84,10.0
9276,4106,18,1,818.1,15.0
9277,4107,6,1,34.19,0.0
9278,4107,59,1,251.22,0.0
9279,4107,184,1,196.43,15.0
9280,4107,36,1,72.7,0.0
9281,4107,30,1,658.15,0.0
9282,4108,14,2,149.0,0.0
9283,4108,52,5,994.18,0.0
9284,4108,24,2,584.38,0.0
9285,4109,19,1,604.84,0.0
9286,4109,8,2,542.39,0.0
9287,4110,217,1,308.65,0.0
9288,4110,24,2,584.38,0.0
9289,4110,5,1,597.45,0.0
9290,4110,186,3,919.63,0.0
9291,4111,19,2,604.84,0.0
9292,4111,33,1,947.92,0.0
9293,4111,46,4,854.22,15.0
9294,4111,44,1,930.25,0.0
9295,4111,28,1,662.55,0.0
9296,4112,140,1,441.37,0.0
9297,4112,43,1,935.97,0.0
9298,4113,48,2,358.48,5.0
9299,4113,29,1,981.65,0.0
9300,4113,98,2,932.39,5.0
9301,4114,195,2,549.52,0.0
9302,4115,29,1,981.65,0.0
9303,4116,20,1,339.73,0.0
9304,4116,18,2,818.1,0.0
9305,4116,34,1,43.21,0.0
9306,4116,247,1,774.56,0.0
9307,4117,72,1,474.04,0.0
9308,4117,22,2,457.79,0.0
9309,4118,174,5,911.18,0.0
9310,4118,17,2,173.9,0.0
9311,4118,16,1,973.78,0.0
9312,4118,240,1,81.35,0.0
9313,4118,19,3,604.84,0.0
9314,4119,14,1,149.0,0.0
9315,4120,7,3,62.52,0.0
9316,4120,2,1,394.13,5.0
9317,4121,215,2,429.74,5.0
9318,4121,81,1,77.19,0.0
9319,4121,199,1,989.05,15.0
9320,4122,51,1,774.23,0.0
9321,4122,39,2,758.76,10.0
9322,4122,19,1,604.84,0.0
9323,4122,9,1,217.62,0.0
9324,4122,156,1,410.55,10.0
9325,4123,52,2,994.18,0.0
9326,4124,16,1,973.78,5.0
9327,4124,25,1,631.62,0.0
9328,4125,14,1,149.0,5.0
9329,4125,26,1,204.87,0.0
9330,4125,34,1,43.21,0.0
9331,4126,27,1,287.02,10.0
9332,4126,167,1,356.11,10.0
9333,4126,1,1,643.08,0.0
9334,4127,1,2,643.08,0.0
9335,4128,39,2,758.76,0.0
9336,4128,194,2,328.13,15.0
9337,4129,50,2,994.53,0.0
9338,4130,35,1,633.08,10.0
9339,4130,159,1,220.27,0.0
9340,4130,110,3,600.49,0.0
9341,4130,1,4,643.08,15.0
9342,4131,34,1,43.21,0.0
9343,4131,18,1,818.1,0.0
9344,4131,33,1,947.92,0.0
9345,4131,4,2,583.61,5.0
9346,4132,19,1,604.84,5.0
9347,4133,2,1,394.13,0.0
9348,4133,46,1,854.22,0.0
9349,4134,23,2,236.54,0.0
9350,4135,11,2,202.6,15.0
9351,4135,41,1,176.54,0.0
9352,4136,21,1,851.91,10.0
9353,4136,209,2,521.49,0.0
9354,4137,44,2,930.25,0.0
9355,4137,13,1,800.5,0.0
9356,4138,5,1,597.45,0.0
9357,4138,4,2,583.61,5.0
9358,4138,9,1,217.62,5.0
9359,4139,93,1,626.68,10.0
9360,4139,42,1,880.29,5.0
9361,4140,236,2,384.32,0.0
9362,4140,5,1,597.45,0.0
9363,4141,45,1,456.92,0.0
9364,4141,35,1,633.08,0.0
9365,4141,44,2,930.25,0.0
9366,4141,20,3,339.73,0.0
9367,4142,56,2,776.63,0.0
9368,4142,24,3,584.38,10.0
9369,4143,21,1,851.91,0.0
9370,4143,12,1,677.11,0.0
9371,4144,182,1,653.31,0.0
9372,4144,49,4,1020.52,5.0
9373,4144,53,1,873.28,10.0
9374,4145,32,1,320.79,0.0
9375,4146,64,3,586.27,0.0
9376,4147,42,1,880.29,0.0
9377,4147,51,1,774.23,10.0
9378,4147,5,1,597.45,5.0
9379,4148,35,1,633.08,0.0
9380,4148,30,1,658.15,20.0
9381,4149,44,1,930.25,0.0
9382,4149,226,1,855.84,0.0
9383,4150,22,2,457.79,0.0
9384,4151,40,2,520.37,20.0
9385,4152,25,2,631.62,20.0
9386,4152,8,2,542.39,0.0
9387,4152,26,1,204.87,0.0
9388,4153,40,1,520.37,0.0
9389,4153,9,1,217.62,10.0
9390,4153,27,2,287.02,0.0
9391,4154,22,1,457.79,0.0
9392,4155,30,1,658.15,20.0
9393,4155,52,5,994.18,5.0
9394,4155,21,2,851.91,5.0
9395,4155,1,1,643.08,0.0
9396,4155,227,1,342.68,0.0
9397,4156,18,3,818.1,0.0
9398,4156,45,2,456.92,0.0
9399,4156,151,2,662.95,5.0
9400,4156,167,5,356.11,0.0
9401,4156,52,3,994.18,10.0
9402,4157,6,1,34.19,5.0
9403,4157,2,3,394.13,0.0
9404,4157,16,3,973.78,5.0
9405,4158,12,1,677.11,0.0
9406,4158,106,1,65.61,0.0
9407,4158,7,1,62.52,0.0
9408,4158,3,2,557.91,5.0
9409,4159,152,1,1071.23,0.0
9410,4159,16,2,973.78,0.0
9411,4159,30,1,658.15,0.0
9412,4160,19,1,604.84,0.0
9413,4160,94,4,914.43,0.0
9414,4160,37,1,1009.52,0.0
9415,4161,27,1,287.02,5.0
9416,4161,6,1,34.19,15.0
9417,4162,10,2,132.89,0.0
9418,4162,31,1,185.47,0.0
9419,4162,18,1,818.1,0.0
9420,4163,40,1,520.37,0.0
9421,4164,49,2,1020.52,5.0
9422,4164,13,1,800.5,0.0
9423,4165,23,1,236.54,0.0
9424,4166,4,1,583.61,0.0
9425,4166,48,1,358.48,10.0
9426,4166,30,1,658.15,0.0
9427,4166,1,1,643.08,0.0
9428,4167,26,4,204.87,0.0
9429,4167,214,1,836.23,15.0
9430,4168,38,2,1016.34,10.0
9431,4168,35,1,633.08,20.0
9432,4168,52,2,994.18,0.0
9433,4169,30,3,658.15,15.0
9434,4169,12,1,677.11,0.0
9435,4169,29,1,981.65,15.0
9436,4170,5,1,597.45,5.0
9437,4171,185,5,339.91,0.0
9438,4171,237,1,938.43,0.0
9439,4172,17,2,173.9,10.0
9440,4172,43,1,935.97,0.0
9441,4172,44,1,930.25,0.0
9442,4173,9,2,217.62,0.0
9443,4173,45,1,456.92,0.0
9444,4173,8,1,542.39,10.0
9445,4173,44,2,930.25,0.0
9446,4173,5,1,597.45,10.0
9447,4174,6,5,34.19,0.0
9448,4174,58,3,473.18,0.0
9449,4174,220,2,850.53,10.0
9450,4175,4,2,583.61,0.0
9451,4175,222,1,752.95,0.0
9452,4176,30,2,658.15,0.0
9453,4176,7,3,62.52,0.0
9454,4176,40,2,520.37,0.0
9455,4176,22,1,457.79,0.0
9456,4177,51,2,774.23,0.0
9457,4177,238,3,31.94,20.0
9458,4178,15,1,255.83,0.0
9459,4178,37,1,1009.52,0.0
9460,4179,15,1,255.83,0.0
9461,4179,205,1,227.28,0.0
9462,4180,19,2,604.84,0.0
9463,4180,32,1,320.79,0.0
9464,4181,28,2,662.55,20.0
9465,4182,28,1,662.55,5.0
9466,4183,28,1,662.55,0.0
9467,4183,10,3,132.89,0.0
9468,4184,46,2,854.22,0.0
9469,4184,42,1,880.29,0.0
9470,4185,45,2,456.92,0.0
9471,4185,44,1,930.25,0.0
9472,4185,36,3,72.7,0.0
9473,4186,212,1,665.42,0.0
9474,4187,49,1,1020.52,10.0
9475,4187,19,3,604.84,0.0
9476,4188,51,2,774.23,0.0
9477,4188,20,1,339.73,5.0
9478,4188,11,3,202.6,0.0
9479,4189,90,2,491.54,0.0
9480,4190,26,1,204.87,15.0
9481,4190,6,2,34.19,10.0
9482,4190,51,1,774.23,0.0
9483,4190,31,1,185.47,0.0
9484,4191,47,1,459.02,0.0
9485,4191,33,1,947.92,0.0
9486,4192,117,2,659.17,0.0
9487,4193,38,1,1016.34,10.0
9488,4193,31,3,185.47,0.0
9489,4193,35,2,633.08,0.0
9490,4193,19,1,604.84,0.0
9491,4194,1,3,643.08,5.0
9492,4195,6,1,34.19,5.0
9493,4195,209,1,521.49,0.0
9494,4195,27,2,287.02,5.0
9495,4195,22,3,457.79,5.0
9496,4196,35,2,633.08,0.0
9497,4196,1,3,643.08,0.0
9498,4197,32,1,320.79,0.0
9499,4197,13,2,800.5,0.0
9500,4197,4,1,583.61,5.0
9501,4198,15,2,255.83,10.0
9502,4198,50,1,994.53,0.0
9503,4199,159,1,220.27,0.0
9504,4199,38,2,1016.34,0.0
9505,4199,33,2,947.92,0.0
9506,4200,226,2,855.84,0.0
9507,4200,2,3,394.13,10.0
9508,4200,258,1,563.1,0.0
9509,4200,5,1,597.45,0.0
9510,4201,39,1,758.76,5.0
9511,4201,30,1,658.15,10.0
9512,4201,31,2,185.47,0.0
9513,4201,13,3,800.5,0.0
9514,4202,7,2,62.52,10.0
9515,4203,143,1,435.68,0.0
9516,4203,17,2,173.9,0.0
9517,4203,2,1,394.13,20.0
9518,4204,29,4,981.65,10.0
9519,4204,23,1,236.54,0.0
9520,4205,210,1,664.24,15.0
9521,4205,8,2,542.39,0.0
9522,4205,1,1,643.08,10.0
9523,4206,5,2,597.45,5.0
9524,4207,38,1,1016.34,10.0
9525,4207,46,1,854.22,0.0
9526,4207,23,1,236.54,0.0
9527,4207,12,1,677.11,0.0
9528,4208,1,1,643.08,0.0
9529,4208,34,1,43.21,0.0
9530,4209,13,2,800.5,0.0
9531,4210,240,1,81.35,10.0
9532,4210,145,1,916.31,0.0
9533,4211,35,1,633.08,0.0
9534,4211,4,2,583.61,0.0
9535,4211,28,1,662.55,5.0
9536,4211,39,1,758.76,0.0
9537,4211,74,1,166.27,0.0
9538,4212,36,1,72.7,0.0
9539,4213,40,2,520.37,10.0
9540,4214,20,1,339.73,0.0
9541,4214,52,2,994.18,0.0
9542,4214,24,1,584.38,0.0
9543,4215,137,1,424.86,20.0
9544,4215,51,1,774.23,5.0
9545,4215,2,3,394.13,0.0
9546,4215,34,1,43.21,10.0
9547,4216,7,1,62.52,0.0
9548,4216,14,3,149.0,10.0
9549,4216,110,1,600.49,15.0
9550,4216,89,1,568.71,0.0
9551,4217,40,1,520.37,0.0
9552,4217,52,1,994.18,0.0
9553,4218,231,1,765.07,0.0
9554,4218,33,2,947.92,0.0
9555,4219,10,1,132.89,0.0
9556,4219,149,1,668.87,5.0
9557,4220,189,2,816.04,5.0
9558,4220,207,1,991.04,0.0
9559,4221,45,1,456.92,0.0
9560,4221,24,1,584.38,0.0
9561,4222,29,2,981.65,15.0
9562,4222,33,1,947.92,10.0
9563,4222,49,3,1020.52,15.0
9564,4223,23,1,236.54,0.0
9565,4223,30,1,658.15,0.0
9566,4223,36,1,72.7,0.0
9567,4224,16,4,973.78,20.0
9568,4224,33,2,947.92,20.0
9569,4224,31,1,185.47,0.0
9570,4225,16,1,973.78,0.0
9571,4225,34,1,43.21,0.0
9572,4226,13,2,800.5,15.0
9573,4227,122,2,246.21,0.0
9574,4227,147,3,490.87,0.0
9575,4228,213,2,50.55,0.0
9576,4228,48,1,358.48,0.0
9577,4228,9,1,217.62,15.0
9578,4229,10,1,132.89,0.0
9579,4230,46,4,854.22,5.0
9580,4231,28,2,662.55,0.0
9581,4231,97,1,38.5,0.0
9582,4232,14,1,149.0,0.0
9583,4232,23,1,236.54,10.0
9584,4233,176,1,576.9,15.0
9585,4233,47,1,459.02,10.0
9586,4233,4,1,583.61,0.0
9587,4233,37,1,1009.52,10.0
9588,4233,139,2,544.47,0.0
9589,4234,34,3,43.21,0.0
9590,4234,39,3,758.76,0.0
9591,4234,41,2,176.54,20.0
9592,4235,116,1,209.21,0.0
9593,4235,94,2,914.43,15.0
9594,4235,44,1,930.25,10.0
9595,4235,41,1,176.54,15.0
9596,4236,214,1,836.23,0.0
9597,4237,12,3,677.11,0.0
9598,4237,181,1,115.49,0.0
9599,4238,135,4,277.82,0.0
9600,4238,44,1,930.25,0.0
9601,4238,32,1,320.79,0.0
9602,4239,23,2,236.54,0.0
9603,4239,99,2,255.18,0.0
9604,4239,153,1,378.51,10.0
9605,4239,50,4,994.53,0.0
9606,4240,16,1,973.78,0.0
9607,4240,32,1,320.79,0.0
9608,4240,51,1,774.23,15.0
9609,4241,17,1,173.9,0.0
9610,4242,157,1,388.76,0.0
9611,4242,253,2,352.37,0.0
9612,4243,22,1,457.79,0.0
9613,4243,30,2,658.15,0.0
9614,4244,44,3,930.25,20.0
9615,4244,15,1,255.83,10.0
9616,4244,41,1,176.54,5.0
9617,4245,18,2,818.1,0.0
9618,4245,8,1,542.39,20.0
9619,4246,107,1,933.7,5.0
9620,4246,33,1,947.92,0.0
9621,4246,19,2,604.84,0.0
9622,4246,13,1,800.5,5.0
9623,4247,6,2,34.19,0.0
9624,4248,44,2,930.25,0.0
9625,4249,59,2,251.22,0.0
9626,4250,12,1,677.11,0.0
9627,4250,4,1,583.61,0.0
9628,4250,244,1,902.38,0.0
9629,4250,33,1,947.92,0.0
9630,4251,45,2,456.92,20.0
9631,4252,24,1,584.38,10.0
9632,4253,18,3,818.1,10.0
9633,4253,28,1,662.55,10.0
9634,4253,78,1,1047.68,5.0
9635,4254,10,1,132.89,0.0
9636,4254,31,2,185.47,0.0
9637,4255,18,2,818.1,10.0
9638,4256,6,1,34.19,0.0
9639,4256,49,3,1020.52,10.0
9640,4256,32,1,320.79,0.0
9641,4257,28,2,662.55,0.0
9642,4257,27,5,287.02,0.0
9643,4257,10,3,132.89,5.0
9644,4257,16,1,973.78,0.0
9645,4258,24,4,584.38,15.0
9646,4258,45,3,456.92,5.0
9647,4258,31,1,185.47,0.0
9648,4259,2,3,394.13,0.0
9649,4259,13,1,800.5,15.0
9650,4259,45,4,456.92,0.0
9651,4260,33,2,947.92,5.0
9652,4261,8,1,542.39,0.0
9653,4261,11,1,202.6,0.0
9654,4262,161,1,417.52,0.0
9655,4262,45,1,456.92,0.0
9656,4262,42,5,880.29,5.0
9657,4262,5,1,597.45,0.0
9658,4262,46,1,854.22,0.0
9659,4263,52,1,994.18,0.0
9660,4263,41,1,176.54,0.0
9661,4264,35,1,633.08,0.0
9662,4264,90,3,491.54,0.0
9663,4264,48,2,358.48,0.0
9664,4265,22,1,457.79,0.0
9665,4265,33,3,947.92,0.0
9666,4266,11,2,202.6,0.0
9667,4267,11,5,202.6,0.0
9668,4267,3,2,557.91,0.0
9669,4268,25,1,631.62,5.0
9670,4269,123,1,272.6,0.0
9671,4269,216,2,929.01,0.0
9672,4270,28,1,662.55,0.0
9673,4270,52,1,994.18,0.0
9674,4271,8,2,542.39,20.0
9675,4271,11,3,202.6,0.0
9676,4272,15,1,255.83,0.0
9677,4272,202,2,427.54,0.0
9678,4272,28,1,662.55,5.0
9679,4272,29,1,981.65,10.0
9680,4272,30,2,658.15,0.0
9681,4273,32,3,320.79,0.0
9682,4273,139,1,544.47,0.0
9683,4274,29,3,981.65,0.0
9684,4275,41,1,176.54,5.0
9685,4275,16,2,973.78,0.0
9686,4275,124,1,729.75,10.0
9687,4276,40,3,520.37,0.0
9688,4276,44,3,930.25,0.0
9689,4277,1,2,643.08,5.0
9690,4277,39,3,758.76,5.0
9691,4278,39,4,758.76,10.0
9692,4279,26,1,204.87,0.0
9693,4279,4,1,583.61,0.0
9694,4279,225,1,785.87,20.0
9695,4279,132,1,758.96,0.0
9696,4280,168,1,838.87,0.0
9697,4281,31,1,185.47,0.0
9698,4281,34,2,43.21,0.0
9699,4281,24,1,584.38,5.0
9700,4281,38,1,1016.34,0.0
9701,4282,25,1,631.62,0.0
9702,4282,15,1,255.83,0.0
9703,4283,34,1,43.21,0.0
9704,4283,10,1,132.89,10.0
9705,4283,149,1,668.87,0.0
9706,4283,127,2,711.21,10.0
9707,4284,23,2,236.54,10.0
9708,4285,11,1,202.6,0.0
9709,4285,9,2,217.62,0.0
9710,4286,91,2,291.37,0.0
9711,4286,44,3,930.25,0.0
9712,4286,122,1,246.21,0.0
9713,4286,37,2,1009.52,5.0
9714,4287,17,1,173.9,0.0
9715,4287,1,1,643.08,0.0
9716,4288,41,3,176.54,5.0
9717,4288,242,1,1105.36,10.0
9718,4289,46,1,854.22,0.0
9719,4289,3,1,557.91,0.0
9720,4290,18,1,818.1,15.0
9721,4291,27,3,287.02,0.0
9722,4291,23,1,236.54,0.0
9723,4291,18,3,818.1,5.0
9724,4291,59,3,251.22,0.0
9725,4292,4,1,583.61,0.0
9726,4292,13,1,800.5,20.0
9727,4292,216,2,929.01,15.0
9728,4293,37,1,1009.52,15.0
9729,4293,49,2,1020.52,10.0
9730,4294,2,1,394.13,0.0
9731,4294,29,1,981.65,0.0
9732,4295,90,1,491.54,0.0
9733,4296,14,1,149.0,15.0
9734,4297,18,3,818.1,10.0
9735,4298,50,1,994.53,0.0
9736,4298,25,2,631.62,0.0
9737,4299,159,2,220.27,0.0
9738,4300,52,1,994.18,0.0
9739,4300,11,1,202.6,0.0
9740,4301,10,1,132.89,15.0
9741,4301,27,2,287.02,5.0
9742,4301,22,5,457.79,0.0
9743,4302,10,2,132.89,15.0
9744,4303,5,2,597.45,0.0
9745,4303,40,2,520.37,5.0
9746,4303,178,1,512.5,5.0
9747,4304,27,1,287.02,0.0
9748,4305,42,1,880.29,0.0
9749,4305,166,1,881.42,0.0
9750,4305,32,2,320.79,0.0
9751,4306,97,3,38.5,10.0
9752,4306,51,2,774.23,0.0
9753,4307,147,2,490.87,10.0
9754,4307,29,1,981.65,20.0
9755,4308,87,1,812.54,0.0
9756,4308,22,1,457.79,5.0
9757,4309,23,1,236.54,0.0
9758,4309,152,1,1071.23,0.0
9759,4310,3,2,557.91,15.0
9760,4310,24,1,584.38,0.0
9761,4311,10,2,132.89,0.0
9762,4312,14,3,149.0,0.0
9763,4312,18,1,818.1,0.0
9764,4313,221,3,294.07,0.0
9765,4314,31,1,185.47,5.0
9766,4314,39,1,758.76,0.0
9767,4315,39,2,758.76,0.0
9768,4315,94,1,914.43,0.0
9769,4316,25,4,631.62,0.0
9770,4317,253,1,352.37,0.0
9771,4318,183,1,473.71,0.0
9772,4318,10,2,132.89,0.0
9773,4319,3,1,557.91,0.0
9774,4319,7,1,62.52,0.0
9775,4320,50,1,994.53,0.0
9776,4320,107,1,933.7,5.0
9777,4321,78,1,1047.68,0.0
9778,4322,39,2,758.76,0.0
9779,4322,31,2,185.47,0.0
9780,4322,30,2,658.15,0.0
9781,4323,231,2,765.07,5.0
9782,4323,38,3,1016.34,0.0
9783,4323,50,1,994.53,0.0
9784,4323,43,3,935.97,0.0
9785,4324,23,3,236.54,15.0
9786,4324,21,1,851.91,0.0
9787,4325,38,1,1016.34,0.0
9788,4325,10,2,132.89,0.0
9789,4326,12,1,677.11,0.0
9790,4326,42,2,880.29,15.0
9791,4327,28,3,662.55,0.0
9792,4328,5,1,597.45,15.0
9793,4329,49,2,1020.52,0.0
9794,4330,16,1,973.78,10.0
9795,4330,8,1,542.39,0.0
9796,4331,41,1,176.54,0.0
9797,4331,38,2,1016.34,0.0
9798,4331,29,1,981.65,0.0
9799,4332,98,2,932.39,0.0
9800,4332,34,2,43.21,0.0
9801,4332,28,1,662.55,0.0
9802,4332,41,1,176.54,0.0
9803,4333,72,2,474.04,10.0
9804,4334,230,1,948.25,20.0
9805,4334,24,1,584.38,0.0
9806,4335,14,2,149.0,0.0
9807,4336,19,1,604.84,10.0
9808,4337,48,2,358.48,0.0
9809,4337,246,4,835.26,0.0
9810,4338,32,1,320.79,0.0
9811,4338,49,1,1020.52,10.0
9812,4339,23,1,236.54,0.0
9813,4339,10,1,132.89,20.0
9814,4340,39,1,758.76,20.0
9815,4341,86,1,1193.28,0.0
9816,4341,40,1,520.37,20.0
9817,4341,6,1,34.19,0.0
9818,4342,18,1,818.1,0.0
9819,4342,1,1,643.08,0.0
9820,4342,20,1,339.73,5.0
9821,4342,44,1,930.25,20.0
9822,4343,27,1,287.02,0.0
9823,4343,36,2,72.7,5.0
9824,4344,41,1,176.54,0.0
9825,4344,156,1,410.55,0.0
9826,4345,33,2,947.92,0.0
9827,4345,23,3,236.54,5.0
9828,4346,26,3,204.87,0.0
9829,4347,46,1,854.22,15.0
9830,4347,5,1,597.45,0.0
9831,4347,17,2,173.9,0.0
9832,4347,22,1,457.79,0.0
9833,4347,50,1,994.53,0.0
9834,4348,2,1,394.13,0.0
9835,4348,10,2,132.89,0.0
9836,4349,258,2,563.1,0.0
9837,4349,44,1,930.25,0.0
9838,4349,27,3,287.02,0.0
9839,4350,83,1,144.27,0.0
9840,4350,36,1,72.7,0.0
9841,4350,28,1,662.55,0.0
9842,4350,231,1,765.07,0.0
9843,4351,52,1,994.18,0.0
9844,4352,5,1,597.45,0.0
9845,4353,51,1,774.23,0.0
9846,4353,48,1,358.48,5.0
9847,4354,26,1,204.87,0.0
9848,4354,19,1,604.84,0.0
9849,4355,33,2,947.92,20.0
9850,4355,52,1,994.18,0.0
9851,4356,13,1,800.5,0.0
9852,4357,37,1,1009.52,10.0
9853,4357,38,1,1016.34,0.0
9854,4357,252,2,686.58,0.0
9855,4358,153,1,378.51,0.0
9856,4359,34,1,43.21,0.0
9857,4359,16,1,973.78,20.0
9858,4359,32,2,320.79,5.0
9859,4359,36,3,72.7,10.0
9860,4360,10,2,132.89,0.0
9861,4361,211,1,1092.93,15.0
9862,4361,255,3,537.33,20.0
9863,4362,32,1,320.79,0.0
9864,4362,26,1,204.87,0.0
9865,4363,46,2,854.22,0.0
9866,4363,214,2,836.23,0.0
9867,4364,27,3,287.02,20.0
9868,4364,2,2,394.13,0.0
9869,4365,31,2,185.47,0.0
9870,4365,135,2,277.82,0.0
9871,4365,4,1,583.61,0.0
9872,4366,24,2,584.38,0.0
9873,4366,10,1,132.89,0.0
9874,4367,17,1,173.9,0.0
9875,4367,15,2,255.83,0.0
9876,4367,5,3,597.45,0.0
9877,4367,3,2,557.91,5.0
9878,4368,38,1,1016.34,15.0
9879,4369,38,1,1016.34,0.0
9880,4369,26,3,204.87,0.0
9881,4369,47,1,459.02,15.0
9882,4369,45,1,456.92,0.0
9883,4369,32,1,320.79,0.0
9884,4370,9,2,217.62,0.0
9885,4370,26,4,204.87,5.0
9886,4370,8,2,542.39,20.0
9887,4371,32,1,320.79,0.0
9888,4371,12,1,677.11,15.0
9889,4371,55,2,479.69,0.0
9890,4372,23,2,236.54,0.0
9891,4373,232,1,968.09,0.0
9892,4373,37,1,1009.52,0.0
9893,4373,20,1,339.73,10.0
9894,4374,19,1,604.84,0.0
9895,4374,15,1,255.83,0.0
9896,4375,140,2,441.37,0.0
9897,4376,40,1,520.37,5.0
9898,4376,12,1,677.11,5.0
9899,4377,15,5,255.83,0.0
9900,4378,33,2,947.92,10.0
9901,4379,37,1,1009.52,0.0
9902,4379,50,1,994.53,0.0
9903,4380,33,3,947.92,0.0
9904,4380,116,1,209.21,0.0
9905,4380,43,2,935.97,0.0
9906,4381,38,1,1016.34,0.0
9907,4381,58,3,473.18,5.0
9908,4381,52,2,994.18,0.0
9909,4381,47,1,459.02,15.0
9910,4381,51,2,774.23,0.0
9911,4382,16,1,973.78,0.0
9912,4382,23,1,236.54,0.0
9913,4383,24,1,584.38,0.0
9914,4384,31,1,185.47,0.0
9915,4384,43,1,935.97,20.0
9916,4385,4,1,583.61,5.0
9917,4386,7,2,62.52,0.0
9918,4387,45,1,456.92,0.0
9919,4387,34,1,43.21,0.0
9920,4388,35,1,633.08,0.0
9921,4389,37,2,1009.52,5.0
9922,4390,16,1,973.78,0.0
9923,4390,21,2,851.91,0.0
9924,4391,38,1,1016.34,0.0
9925,4391,39,3,758.76,5.0
9926,4392,25,2,631.62,0.0
9927,4393,43,1,935.97,0.0
9928,4394,41,3,176.54,0.0
9929,4395,38,1,1016.34,0.0
9930,4395,7,2,62.52,0.0
9931,4396,44,1,930.25,0.0
9932,4396,239,2,269.05,0.0
9933,4396,34,1,43.21,20.0
9934,4396,14,1,149.0,0.0
9935,4397,46,4,854.22,0.0
9936,4397,47,1,459.02,5.0
9937,4397,21,1,851.91,0.0
9938,4398,137,1,424.86,0.0
9939,4399,42,1,880.29,5.0
9940,4399,52,3,994.18,10.0
9941,4399,34,1,43.21,10.0
9942,4400,5,3,597.45,5.0
9943,4400,48,1,358.48,0.0
9944,4400,24,1,584.38,0.0
9945,4401,5,1,597.45,15.0
9946,4401,8,2,542.39,0.0
9947,4402,4,1,583.61,0.0
9948,4402,26,1,204.87,0.0
9949,4403,45,5,456.92,0.0
9950,4404,8,1,542.39,0.0
9951,4404,29,1,981.65,0.0
9952,4405,24,1,584.38,15.0
9953,4406,40,1,520.37,10.0
9954,4406,11,1,202.6,5.0
9955,4406,211,2,1092.93,0.0
9956,4406,18,1,818.1,0.0
9957,4407,6,2,34.19,5.0
9958,4407,8,1,542.39,0.0
9959,4408,27,1,287.02,5.0
9960,4408,52,1,994.18,0.0
9961,4409,12,1,677.11,0.0
9962,4409,132,1,758.96,5.0
9963,4409,165,1,882.32,0.0
9964,4410,57,3,966.47,0.0
9965,4411,5,1,597.45,0.0
9966,4411,14,2,149.0,0.0
9967,4412,39,1,758.76,0.0
9968,4412,17,2,173.9,0.0
9969,4413,31,3,185.47,0.0
9970,4413,28,2,662.55,0.0
9971,4414,182,2,653.31,0.0
9972,4414,39,1,758.76,0.0
9973,4414,29,1,981.65,0.0
9974,4414,34,1,43.21,20.0
9975,4414,25,2,631.62,0.0
9976,4415,18,2,818.1,20.0
9977,4415,242,1,1105.36,5.0
9978,4416,21,2,851.91,0.0
9979,4416,16,2,973.78,0.0
9980,4416,43,1,935.97,0.0
9981,4416,197,2,893.87,0.0
9982,4417,48,1,358.48,20.0
9983,4417,89,1,568.71,0.0
9984,4417,23,1,236.54,0.0
9985,4418,168,1,838.87,10.0
9986,4418,15,1,255.83,0.0
9987,4418,36,1,72.7,0.0
9988,4418,34,1,43.21,0.0
9989,4418,49,1,1020.52,10.0
9990,4419,48,1,358.48,0.0
9991,4419,33,1,947.92,0.0
9992,4419,29,1,981.65,0.0
9993,4420,31,3,185.47,10.0
9994,4420,9,1,217.62,0.0
9995,4420,30,1,658.15,0.0
9996,4421,42,1,880.29,0.0
9997,4422,13,1,800.5,0.0
9998,4422,11,1,202.6,0.0
9999,4422,21,1,851.91,0.0
10000,4422,241,2,868.81,0.0
10001,4422,10,2,132.89,0.0
10002,4423,218,1,658.32,0.0
10003,4423,18,1,818.1,0.0
10004,4424,16,1,973.78,5.0
10005,4424,19,1,604.84,0.0
10006,4425,15,2,255.83,5.0
10007,4426,235,1,180.69,5.0
10008,4426,28,1,662.55,0.0
10009,4426,40,2,520.37,0.0
10010,4427,27,1,287.02,0.0
10011,4428,34,5,43.21,0.0
10012,4428,211,1,1092.93,5.0
10013,4429,27,1,287.02,0.0
10014,4429,29,2,981.65,0.0
10015,4429,9,2,217.62,0.0
10016,4430,18,4,818.1,0.0
10017,4430,15,3,255.83,0.0
10018,4431,200,1,731.51,0.0
10019,4431,25,4,631.62,5.0
10020,4431,203,1,131.33,20.0
10021,4431,233,3,27.46,15.0
10022,4432,49,4,1020.52,0.0
10023,4432,38,2,1016.34,0.0
10024,4432,221,1,294.07,20.0
10025,4433,13,1,800.5,15.0
10026,4433,148,1,824.22,15.0
10027,4433,20,1,339.73,0.0
10028,4434,1,1,643.08,0.0
10029,4435,25,1,631.62,0.0
10030,4435,10,1,132.89,0.0
10031,4435,15,2,255.83,5.0
10032,4435,13,1,800.5,5.0
10033,4436,13,1,800.5,5.0
10034,4436,43,4,935.97,0.0
10035,4437,36,1,72.7,0.0
10036,4438,8,3,542.39,10.0
10037,4438,23,1,236.54,15.0
10038,4439,5,1,597.45,15.0
10039,4439,19,1,604.84,10.0
10040,4440,8,1,542.39,5.0
10041,4440,40,1,520.37,0.0
10042,4440,25,2,631.62,0.0
10043,4440,37,4,1009.52,0.0
10044,4441,22,1,457.79,0.0
10045,4441,124,2,729.75,10.0
10046,4442,12,1,677.11,15.0
10047,4442,15,1,255.83,0.0
10048,4442,44,2,930.25,10.0
10049,4443,29,1,981.65,0.0
10050,4443,48,1,358.48,0.0
10051,4443,142,1,89.71,0.0
10052,4444,60,2,165.23,0.0
10053,4444,39,1,758.76,0.0
10054,4445,36,1,72.7,0.0
10055,4445,25,2,631.62,10.0
10056,4446,11,3,202.6,0.0
10057,4446,12,1,677.11,0.0
10058,4447,42,3,880.29,0.0
10059,4447,61,1,882.1,20.0
10060,4448,30,1,658.15,0.0
10061,4449,47,1,459.02,0.0
10062,4449,62,1,77.39,0.0
10063,4449,45,1,456.92,15.0
10064,4450,1,1,643.08,15.0
10065,4450,33,1,947.92,0.0
10066,4450,117,3,659.17,0.0
10067,4450,79,1,861.19,0.0
10068,4451,11,2,202.6,0.0
10069,4452,41,1,176.54,5.0
10070,4452,15,1,255.83,0.0
10071,4453,30,3,658.15,0.0
10072,4453,24,2,584.38,0.0
10073,4454,33,1,947.92,0.0
10074,4454,24,1,584.38,0.0
10075,4455,10,2,132.89,0.0
10076,4455,38,2,1016.34,5.0
10077,4456,43,1,935.97,10.0
10078,4456,4,1,583.61,0.0
10079,4457,91,1,291.37,0.0
10080,4457,11,3,202.6,10.0
10081,4457,28,2,662.55,0.0
10082,4458,11,1,202.6,0.0
10083,4458,126,1,757.74,0.0
10084,4459,51,1,774.23,15.0
10085,4459,45,1,456.92,5.0
10086,4460,120,1,983.93,0.0
10087,4460,14,1,149.0,0.0
10088,4460,206,1,532.41,0.0
10089,4460,9,1,217.62,0.0
10090,4460,40,2,520.37,0.0
10091,4461,1,1,643.08,10.0
10092,4461,13,1,800.5,10.0
10093,4462,30,1,658.15,0.0
10094,4462,25,1,631.62,0.0
10095,4462,95,2,179.64,0.0
10096,4462,8,1,542.39,0.0
10097,4463,47,1,459.02,0.0
10098,4463,43,1,935.97,0.0
10099,4464,48,2,358.48,0.0
10100,4465,3,1,557.91,5.0
10101,4465,47,1,459.02,0.0
10102,4466,23,4,236.54,10.0
10103,4466,44,1,930.25,0.0
10104,4467,51,1,774.23,0.0
10105,4468,8,2,542.39,10.0
10106,4468,9,1,217.62,10.0
10107,4468,41,2,176.54,0.0
10108,4469,157,1,388.76,0.0
10109,4470,21,1,851.91,0.0
10110,4471,100,1,645.31,0.0
10111,4471,25,2,631.62,10.0
10112,4471,42,1,880.29,0.0
10113,4472,139,1,544.47,20.0
10114,4472,15,1,255.83,0.0
10115,4472,33,3,947.92,0.0
10116,4473,21,5,851.91,0.0
10117,4473,29,2,981.65,0.0
10118,4473,171,3,508.1,0.0
10119,4474,38,1,1016.34,10.0
10120,4474,254,5,1202.51,0.0
10121,4474,182,1,653.31,0.0
10122,4475,43,1,935.97,15.0
10123,4475,17,3,173.9,15.0
10124,4475,6,2,34.19,0.0
10125,4475,92,1,549.63,0.0
10126,4476,32,1,320.79,0.0
10127,4477,1,1,643.08,0.0
10128,4477,193,2,948.3,0.0
10129,4477,21,2,851.91,0.0
10130,4477,47,4,459.02,15.0
10131,4478,225,2,785.87,5.0
10132,4478,22,3,457.79,0.0
10133,4479,41,1,176.54,0.0
10134,4479,51,1,774.23,0.0
10135,4480,28,5,662.55,0.0
10136,4480,4,1,583.61,5.0
10137,4481,29,1,981.65,0.0
10138,4481,24,2,584.38,0.0
10139,4482,69,1,819.14,5.0
10140,4482,45,4,456.92,0.0
10141,4482,15,2,255.83,0.0
10142,4482,1,1,643.08,0.0
10143,4483,120,2,983.93,0.0
10144,4484,24,1,584.38,0.0
10145,4484,36,1,72.7,5.0
10146,4484,13,1,800.5,0.0
10147,4485,207,2,991.04,5.0
10148,4485,13,2,800.5,0.0
10149,4485,40,2,520.37,0.0
10150,4485,3,2,557.91,0.0
10151,4486,44,1,930.25,0.0
10152,4486,36,1,72.7,0.0
10153,4486,6,1,34.19,10.0
10154,4486,15,1,255.83,0.0
10155,4487,44,2,930.25,0.0
10156,4487,18,3,818.1,0.0
10157,4487,2,1,394.13,0.0
10158,4488,11,1,202.6,15.0
10159,4488,43,1,935.97,0.0
10160,4489,15,1,255.83,0.0
10161,4489,238,1,31.94,5.0
10162,4489,51,4,774.23,0.0
10163,4490,8,2,542.39,0.0
10164,4490,31,2,185.47,0.0
10165,4491,41,1,176.54,0.0
10166,4491,10,1,132.89,0.0
10167,4491,45,2,456.92,0.0
10168,4492,29,2,981.65,0.0
10169,4493,49,1,1020.52,0.0
10170,4493,33,1,947.92,0.0
10171,4493,46,1,854.22,0.0
10172,4494,9,2,217.62,0.0
10173,4495,17,2,173.9,0.0
10174,4495,51,1,774.23,0.0
10175,4496,20,1,339.73,0.0
10176,4496,30,2,658.15,0.0
10177,4497,28,5,662.55,10.0
10178,4498,36,1,72.7,10.0
10179,4498,28,2,662.55,10.0
10180,4499,21,1,851.91,0.0
10181,4499,38,2,1016.34,0.0
10182,4500,249,2,229.0,5.0
10183,4500,15,1,255.83,10.0
10184,4500,1,2,643.08,0.0
10185,4500,64,1,586.27,0.0
10186,4500,189,1,816.04,0.0
10187,4501,3,1,557.91,0.0
10188,4501,12,1,677.11,0.0
10189,4501,36,2,72.7,0.0
10190,4501,193,1,948.3,0.0
10191,4502,12,1,677.11,5.0
10192,4502,76,2,920.83,10.0
10193,4503,7,3,62.52,0.0
10194,4503,28,1,662.55,0.0
10195,4503,45,1,456.92,0.0
10196,4504,19,1,604.84,0.0
10197,4504,40,1,520.37,5.0
10198,4505,101,2,462.13,0.0
10199,4505,121,1,223.46,0.0
10200,4506,22,2,457.79,10.0
10201,4506,43,2,935.97,0.0
10202,4506,243,2,1116.94,0.0
10203,4507,178,3,512.5,0.0
10204,4507,101,1,462.13,10.0
10205,4507,241,1,868.81,0.0
10206,4508,23,4,236.54,5.0
10207,4508,32,3,320.79,0.0
10208,4508,257,1,118.54,15.0
10209,4509,8,1,542.39,0.0
10210,4509,91,1,291.37,5.0
10211,4510,13,2,800.5,0.0
10212,4510,31,3,185.47,0.0
10213,4511,174,3,911.18,0.0
10214,4512,24,1,584.38,0.0
10215,4512,205,1,227.28,10.0
10216,4513,24,1,584.38,0.0
10217,4514,29,2,981.65,15.0
10218,4514,51,1,774.23,5.0
10219,4515,51,2,774.23,0.0
10220,4516,44,3,930.25,10.0
10221,4516,229,1,54.7,0.0
10222,4516,30,3,658.15,0.0
10223,4516,139,1,544.47,0.0
10224,4517,189,1,816.04,0.0
10225,4518,22,1,457.79,0.0
10226,4518,29,1,981.65,10.0
10227,4519,101,4,462.13,15.0
10228,4520,27,2,287.02,0.0
10229,4520,28,1,662.55,10.0
10230,4520,17,3,173.9,10.0
10231,4521,20,1,339.73,0.0
10232,4522,37,1,1009.52,15.0
10233,4522,40,2,520.37,0.0
10234,4522,1,2,643.08,0.0
10235,4523,35,2,633.08,0.0
10236,4523,80,2,275.45,0.0
10237,4524,42,1,880.29,0.0
10238,4525,31,1,185.47,0.0
10239,4525,19,1,604.84,15.0
10240,4526,97,1,38.5,20.0
10241,4526,34,1,43.21,0.0
10242,4527,16,1,973.78,0.0
10243,4527,12,2,677.11,0.0
10244,4527,40,1,520.37,0.0
10245,4528,31,2,185.47,5.0
10246,4528,19,3,604.84,0.0
10247,4529,187,1,215.12,0.0
10248,4529,28,1,662.55,10.0
10249,4529,52,1,994.18,0.0
10250,4529,30,1,658.15,0.0
10251,4529,31,1,185.47,15.0
10252,4530,37,1,1009.52,0.0
10253,4530,12,2,677.11,0.0
10254,4531,16,4,973.78,0.0
10255,4531,52,1,994.18,0.0
10256,4532,2,1,394.13,0.0
10257,4533,3,3,557.91,0.0
10258,4534,122,1,246.21,0.0
10259,4534,26,1,204.87,0.0
10260,4535,16,1,973.78,20.0
10261,4535,52,3,994.18,0.0
10262,4535,251,1,395.15,0.0
10263,4536,167,1,356.11,5.0
10264,4536,10,1,132.89,0.0
10265,4536,4,1,583.61,0.0
10266,4536,3,2,557.91,20.0
10267,4537,23,3,236.54,0.0
10268,4537,39,1,758.76,0.0
10269,4537,11,2,202.6,0.0
10270,4538,168,1,838.87,15.0
10271,4538,4,2,583.61,0.0
10272,4539,49,2,1020.52,0.0
10273,4539,22,2,457.79,20.0
10274,4540,149,3,668.87,0.0
10275,4541,51,1,774.23,0.0
10276,4541,29,1,981.65,0.0
10277,4541,103,1,656.03,0.0
10278,4542,19,1,604.84,15.0
10279,4542,14,1,149.0,0.0
10280,4543,37,1,1009.52,0.0
10281,4544,73,2,831.13,0.0
10282,4545,258,1,563.1,0.0
10283,4545,49,1,1020.52,0.0
10284,4545,222,1,752.95,0.0
10285,4546,17,1,173.9,0.0
10286,4547,16,1,973.78,10.0
10287,4547,39,1,758.76,10.0
10288,4547,23,3,236.54,0.0
10289,4547,169,1,863.12,5.0
10290,4548,234,5,670.43,0.0
10291,4549,2,1,394.13,0.0
10292,4549,33,1,947.92,0.0
10293,4549,124,1,729.75,15.0
10294,4550,4,1,583.61,0.0
10295,4550,28,1,662.55,0.0
10296,4550,29,3,981.65,10.0
10297,4550,21,1,851.91,0.0
10298,4551,51,2,774.23,0.0
10299,4551,25,1,631.62,0.0
10300,4551,45,2,456.92,5.0
10301,4552,6,2,34.19,10.0
10302,4553,214,1,836.23,0.0
10303,4553,51,5,774.23,0.0
10304,4553,40,3,520.37,0.0
10305,4554,17,1,173.9,5.0
10306,4554,3,1,557.91,10.0
10307,4554,213,1,50.55,10.0
10308,4554,14,4,149.0,5.0
10309,4554,6,2,34.19,0.0
10310,4555,240,1,81.35,0.0
10311,4555,22,1,457.79,20.0
10312,4555,31,1,185.47,0.0
10313,4555,28,3,662.55,0.0
10314,4556,49,5,1020.52,0.0
10315,4556,6,1,34.19,10.0
10316,4557,37,4,1009.52,10.0
10317,4558,138,1,285.18,0.0
10318,4558,177,3,592.34,0.0
10319,4558,12,1,677.11,10.0
10320,4559,242,2,1105.36,0.0
10321,4559,18,1,818.1,0.0
10322,4560,176,4,576.9,0.0
10323,4560,51,3,774.23,0.0
10324,4560,7,5,62.52,0.0
10325,4561,5,1,597.45,0.0
10326,4562,43,1,935.97,0.0
10327,4563,44,1,930.25,0.0
10328,4563,32,1,320.79,0.0
10329,4564,26,1,204.87,0.0
10330,4565,25,1,631.62,10.0
10331,4566,11,2,202.6,0.0
10332,4567,95,2,179.64,0.0
10333,4568,22,1,457.79,0.0
10334,4569,16,1,973.78,15.0
10335,4570,99,1,255.18,0.0
10336,4570,186,1,919.63,0.0
10337,4570,28,2,662.55,0.0
10338,4570,45,1,456.92,0.0
10339,4571,35,1,633.08,5.0
10340,4571,37,1,1009.52,0.0
10341,4572,49,1,1020.52,15.0
10342,4572,5,2,597.45,0.0
10343,4573,34,3,43.21,5.0
10344,4573,45,1,456.92,10.0
10345,4574,12,1,677.11,0.0
10346,4574,51,1,774.23,15.0
10347,4575,51,1,774.23,0.0
10348,4575,47,1,459.02,0.0
10349,4576,3,1,557.91,0.0
10350,4576,24,3,584.38,0.0
10351,4577,12,4,677.11,0.0
10352,4577,91,1,291.37,10.0
10353,4578,1,2,643.08,0.0
10354,4579,37,1,1009.52,0.0
10355,4580,9,1,217.62,0.0
10356,4580,44,1,930.25,0.0
10357,4581,118,1,1091.59,0.0
10358,4582,27,1,287.02,0.0
10359,4582,35,1,633.08,20.0
10360,4583,4,4,583.61,0.0
10361,4583,29,1,981.65,0.0
10362,4584,52,1,994.18,0.0
10363,4584,24,1,584.38,5.0
10364,4584,31,3,185.47,0.0
10365,4584,22,3,457.79,0.0
10366,4585,20,4,339.73,10.0
10367,4585,97,1,38.5,15.0
10368,4586,28,2,662.55,5.0
10369,4586,41,2,176.54,0.0
10370,4586,45,1,456.92,0.0
10371,4587,117,1,659.17,5.0
10372,4588,70,1,532.42,10.0
10373,4588,47,4,459.02,0.0
10374,4588,44,1,930.25,0.0
10375,4589,31,1,185.47,0.0
10376,4590,45,1,456.92,0.0
10377,4590,12,2,677.11,0.0
10378,4590,130,1,625.15,0.0
10379,4590,51,2,774.23,10.0
10380,4591,25,4,631.62,0.0
10381,4592,6,4,34.19,10.0
10382,4593,31,1,185.47,0.0
10383,4594,12,1,677.11,0.0
10384,4594,6,3,34.19,0.0
10385,4594,44,1,930.25,0.0
10386,4594,35,2,633.08,0.0
10387,4594,15,1,255.83,10.0
10388,4595,41,1,176.54,0.0
10389,4595,133,1,245.7,0.0
10390,4595,15,1,255.83,10.0
10391,4596,111,1,932.22,10.0
10392,4596,153,1,378.51,5.0
10393,4596,198,1,904.38,0.0
10394,4596,1,2,643.08,10.0
10395,4596,27,1,287.02,0.0
10396,4597,34,1,43.21,0.0
10397,4597,2,5,394.13,0.0
10398,4597,43,1,935.97,10.0
10399,4597,159,1,220.27,0.0
10400,4598,31,1,185.47,0.0
10401,4598,32,4,320.79,0.0
10402,4599,27,2,287.02,0.0
10403,4599,13,1,800.5,5.0
10404,4599,50,2,994.53,0.0
10405,4599,32,1,320.79,5.0
10406,4600,98,3,932.39,15.0
10407,4601,52,3,994.18,0.0
10408,4601,28,3,662.55,0.0
10409,4602,42,2,880.29,0.0
10410,4602,195,1,549.52,0.0
10411,4602,29,2,981.65,0.0
10412,4603,13,1,800.5,0.0
10413,4604,41,1,176.54,15.0
10414,4604,7,3,62.52,5.0
10415,4604,49,1,1020.52,0.0
10416,4605,156,2,410.55,0.0
10417,4605,32,1,320.79,0.0
10418,4605,44,1,930.25,0.0
10419,4606,27,1,287.02,0.0
10420,4606,25,1,631.62,10.0
10421,4607,41,1,176.54,20.0
10422,4607,14,1,149.0,0.0
10423,4608,30,1,658.15,0.0
10424,4609,38,2,1016.34,0.0
10425,4609,123,3,272.6,0.0
10426,4610,25,2,631.62,0.0
10427,4611,39,1,758.76,0.0
10428,4611,210,2,664.24,0.0
10429,4612,152,2,1071.23,0.0
10430,4612,31,1,185.47,5.0
10431,4613,24,1,584.38,0.0
10432,4614,71,2,682.59,0.0
10433,4614,27,3,287.02,5.0
10434,4614,129,1,44.87,20.0
10435,4615,78,1,1047.68,0.0
10436,4615,27,1,287.02,15.0
10437,4616,41,2,176.54,10.0
10438,4616,44,1,930.25,0.0
10439,4617,23,2,236.54,5.0
10440,4618,210,1,664.24,0.0
10441,4618,10,1,132.89,0.0
10442,4619,27,1,287.02,0.0
10443,4619,19,1,604.84,0.0
10444,4620,45,1,456.92,15.0
10445,4621,23,3,236.54,0.0
10446,4621,30,1,658.15,0.0
10447,4621,47,3,459.02,0.0
10448,4622,6,1,34.19,0.0
10449,4622,202,1,427.54,15.0
10450,4623,47,1,459.02,0.0
10451,4623,7,1,62.52,20.0
10452,4624,10,1,132.89,0.0
10453,4624,21,3,851.91,0.0
10454,4625,32,2,320.79,0.0
10455,4625,134,2,426.27,0.0
10456,4626,42,1,880.29,0.0
10457,4626,24,1,584.38,0.0
10458,4626,50,1,994.53,0.0
10459,4627,41,1,176.54,0.0
10460,4627,34,1,43.21,0.0
10461,4627,7,1,62.52,0.0
10462,4628,9,2,217.62,10.0
10463,4628,52,1,994.18,10.0
10464,4628,26,2,204.87,0.0
10465,4628,125,1,128.01,15.0
10466,4629,29,1,981.65,0.0
10467,4629,49,1,1020.52,20.0
10468,4629,28,1,662.55,5.0
10469,4630,47,1,459.02,0.0
10470,4631,7,1,62.52,0.0
10471,4631,42,1,880.29,0.0
10472,4632,13,3,800.5,0.0
10473,4632,17,1,173.9,0.0
10474,4632,205,1,227.28,0.0
10475,4632,2,1,394.13,20.0
10476,4633,48,1,358.48,0.0
10477,4633,160,1,248.36,5.0
10478,4634,8,2,542.39,0.0
10479,4634,10,2,132.89,0.0
10480,4635,94,1,914.43,0.0
10481,4635,36,1,72.7,0.0
10482,4635,49,2,1020.52,5.0
10483,4636,30,1,658.15,0.0
10484,4636,230,3,948.25,5.0
10485,4636,25,1,631.62,0.0
10486,4636,29,2,981.65,0.0
10487,4637,100,1,645.31,0.0
10488,4637,25,1,631.62,5.0
10489,4637,20,1,339.73,0.0
10490,4638,26,1,204.87,0.0
10491,4638,7,2,62.52,0.0
10492,4638,44,1,930.25,0.0
10493,4639,178,1,512.5,15.0
10494,4639,21,5,851.91,20.0
10495,4640,24,1,584.38,15.0
10496,4640,10,1,132.89,0.0
10497,4641,41,1,176.54,5.0
10498,4642,29,2,981.65,20.0
10499,4642,26,1,204.87,0.0
10500,4643,32,1,320.79,10.0
10501,4643,19,1,604.84,10.0
10502,4644,36,1,72.7,0.0
10503,4644,39,2,758.76,0.0
10504,4644,125,1,128.01,10.0
10505,4644,17,2,173.9,0.0
10506,4645,4,1,583.61,0.0
10507,4645,13,1,800.5,0.0
10508,4646,182,2,653.31,0.0
10509,4646,39,1,758.76,0.0
10510,4646,129,1,44.87,15.0
10511,4647,29,2,981.65,10.0
10512,4648,30,1,658.15,0.0
10513,4648,59,1,251.22,0.0
10514,4648,8,1,542.39,0.0
10515,4648,106,3,65.61,15.0
10516,4649,34,1,43.21,5.0
10517,4649,18,1,818.1,0.0
10518,4649,37,4,1009.52,0.0
10519,4650,42,1,880.29,0.0
10520,4651,159,1,220.27,0.0
10521,4651,138,1,285.18,0.0
10522,4652,19,2,604.84,0.0
10523,4653,4,1,583.61,5.0
10524,4654,49,2,1020.52,0.0
10525,4655,111,1,932.22,10.0
10526,4655,140,1,441.37,5.0
10527,4655,81,1,77.19,0.0
10528,4655,19,1,604.84,0.0
10529,4655,34,1,43.21,10.0
10530,4656,47,1,459.02,0.0
10531,4656,31,1,185.47,0.0
10532,4657,29,3,981.65,0.0
10533,4657,171,2,508.1,10.0
10534,4658,31,1,185.47,0.0
10535,4658,30,2,658.15,0.0
10536,4659,38,2,1016.34,5.0
10537,4659,9,4,217.62,0.0
10538,4660,178,1,512.5,10.0
10539,4660,37,1,1009.52,0.0
10540,4660,30,1,658.15,0.0
10541,4661,13,1,800.5,0.0
10542,4661,109,1,663.14,0.0
10543,4662,19,1,604.84,0.0
10544,4662,9,4,217.62,0.0
10545,4663,8,3,542.39,0.0
10546,4664,57,2,966.47,0.0
10547,4664,55,1,479.69,0.0
10548,4665,14,2,149.0,0.0
10549,4666,49,2,1020.52,10.0
10550,4666,4,1,583.61,0.0
10551,4667,41,1,176.54,0.0
10552,4667,17,1,173.9,0.0
10553,4668,171,1,508.1,0.0
10554,4669,37,1,1009.52,0.0
10555,4670,48,1,358.48,0.0
10556,4670,1,1,643.08,0.0
10557,4671,47,3,459.02,0.0
10558,4671,65,2,1039.76,0.0
10559,4672,59,1,251.22,5.0
10560,4672,253,1,352.37,0.0
10561,4673,92,3,549.63,10.0
10562,4674,35,2,633.08,0.0
10563,4674,23,3,236.54,0.0
10564,4674,18,4,818.1,0.0
10565,4675,9,5,217.62,0.0
10566,4675,40,3,520.37,0.0
10567,4675,32,4,320.79,0.0
10568,4675,26,3,204.87,0.0
10569,4675,3,1,557.91,0.0
10570,4676,29,1,981.65,0.0
10571,4676,3,2,557.91,0.0
10572,4676,37,3,1009.52,0.0
10573,4677,28,1,662.55,10.0
10574,4678,3,1,557.91,0.0
10575,4679,49,2,1020.52,5.0
10576,4679,57,1,966.47,0.0
10577,4679,18,2,818.1,0.0
10578,4680,10,2,132.89,0.0
10579,4681,24,3,584.38,0.0
10580,4682,34,3,43.21,10.0
10581,4683,34,2,43.21,5.0
10582,4684,47,2,459.02,0.0
10583,4685,1,1,643.08,20.0
10584,4685,22,1,457.79,0.0
10585,4686,52,2,994.18,20.0
10586,4686,10,1,132.89,0.0
10587,4687,17,2,173.9,5.0
10588,4687,33,3,947.92,0.0
10589,4688,37,2,1009.52,0.0
10590,4688,48,2,358.48,0.0
10591,4689,51,2,774.23,0.0
10592,4689,10,2,132.89,0.0
10593,4690,1,1,643.08,0.0
10594,4690,135,2,277.82,0.0
10595,4691,48,1,358.48,0.0
10596,4691,67,1,808.59,0.0
10597,4692,52,3,994.18,0.0
10598,4693,45,1,456.92,0.0
10599,4694,15,1,255.83,0.0
10600,4695,107,3,933.7,0.0
10601,4695,41,1,176.54,0.0
10602,4696,215,2,429.74,5.0
10603,4696,52,2,994.18,0.0
10604,4696,77,1,561.47,10.0
10605,4696,5,1,597.45,20.0
10606,4696,51,2,774.23,0.0
10607,4697,9,1,217.62,0.0
10608,4697,20,3,339.73,5.0
10609,4698,11,2,202.6,0.0
10610,4698,2,2,394.13,0.0
10611,4699,27,1,287.02,5.0
10612,4700,48,1,358.48,0.0
10613,4701,242,1,1105.36,0.0
10614,4702,5,1,597.45,10.0
10615,4703,47,1,459.02,0.0
10616,4704,35,1,633.08,0.0
10617,4704,34,1,43.21,0.0
10618,4704,85,2,681.02,0.0
10619,4705,36,2,72.7,0.0
10620,4705,1,1,643.08,0.0
10621,4706,40,2,520.37,10.0
10622,4707,51,1,774.23,0.0
10623,4707,2,1,394.13,0.0
10624,4708,18,1,818.1,0.0
10625,4708,1,1,643.08,10.0
10626,4709,47,1,459.02,0.0
10627,4709,3,2,557.91,0.0
10628,4710,80,2,275.45,20.0
10629,4711,44,1,930.25,5.0
10630,4711,45,1,456.92,0.0
10631,4711,26,1,204.87,0.0
10632,4711,34,3,43.21,0.0
10633,4712,30,2,658.15,0.0
10634,4713,2,1,394.13,15.0
10635,4713,31,1,185.47,0.0
10636,4714,19,1,604.84,0.0
10637,4714,47,3,459.02,10.0
10638,4715,2,1,394.13,0.0
10639,4715,52,4,994.18,0.0
10640,4716,197,1,893.87,0.0
10641,4716,71,1,682.59,0.0
10642,4717,4,2,583.61,5.0
10643,4717,58,1,473.18,0.0
10644,4718,4,2,583.61,20.0
10645,4718,37,1,1009.52,0.0
10646,4719,199,3,989.05,0.0
10647,4720,34,1,43.21,0.0
10648,4720,108,1,306.47,0.0
10649,4720,214,3,836.23,0.0
10650,4721,32,1,320.79,10.0
10651,4721,37,1,1009.52,0.0
10652,4721,47,1,459.02,0.0
10653,4722,21,1,851.91,20.0
10654,4722,44,2,930.25,0.0
10655,4723,7,1,62.52,5.0
10656,4723,228,2,24.69,20.0
10657,4723,34,2,43.21,0.0
10658,4724,38,2,1016.34,0.0
10659,4724,8,1,542.39,10.0
10660,4725,132,3,758.96,0.0
10661,4725,186,1,919.63,10.0
10662,4726,41,1,176.54,0.0
10663,4727,16,3,973.78,0.0
10664,4727,33,3,947.92,10.0
10665,4727,17,3,173.9,0.0
10666,4728,50,1,994.53,0.0
10667,4729,42,3,880.29,0.0
10668,4729,45,3,456.92,5.0
10669,4729,28,1,662.55,0.0
10670,4729,38,3,1016.34,0.0
10671,4730,224,1,402.49,5.0
10672,4730,8,2,542.39,15.0
10673,4731,31,2,185.47,0.0
10674,4731,45,2,456.92,5.0
10675,4732,208,1,1182.18,0.0
10676,4732,133,2,245.7,0.0
10677,4733,252,4,686.58,5.0
10678,4733,24,1,584.38,5.0
10679,4733,30,2,658.15,0.0
10680,4733,12,1,677.11,0.0
10681,4734,37,1,1009.52,10.0
10682,4734,66,1,361.37,0.0
10683,4735,252,1,686.58,0.0
10684,4736,30,1,658.15,5.0
10685,4736,209,2,521.49,0.0
10686,4737,237,1,938.43,5.0
10687,4737,31,4,185.47,0.0
10688,4738,22,1,457.79,0.0
10689,4738,28,1,662.55,0.0
10690,4739,151,2,662.95,5.0
10691,4740,17,2,173.9,0.0
10692,4741,14,1,149.0,0.0
10693,4741,17,1,173.9,0.0
10694,4741,37,1,1009.52,0.0
10695,4741,50,2,994.53,0.0
10696,4742,208,1,1182.18,5.0
10697,4743,52,1,994.18,0.0
10698,4743,4,1,583.61,0.0
10699,4743,34,1,43.21,20.0
10700,4744,45,1,456.92,0.0
10701,4744,17,2,173.9,0.0
10702,4745,10,2,132.89,0.0
10703,4745,52,2,994.18,5.0
10704,4745,201,1,232.35,0.0
10705,4746,52,1,994.18,0.0
10706,4746,45,1,456.92,15.0
10707,4746,6,2,34.19,10.0
10708,4746,182,1,653.31,5.0
10709,4747,6,1,34.19,15.0
10710,4748,11,1,202.6,0.0
10711,4748,34,1,43.21,0.0
10712,4749,33,2,947.92,0.0
10713,4749,38,1,1016.34,5.0
10714,4750,149,1,668.87,0.0
10715,4750,35,1,633.08,0.0
10716,4750,8,2,542.39,0.0
10717,4751,11,1,202.6,0.0
10718,4751,25,2,631.62,0.0
10719,4751,31,1,185.47,0.0
10720,4752,11,3,202.6,5.0
10721,4752,12,1,677.11,0.0
10722,4753,158,3,334.84,10.0
10723,4753,6,1,34.19,0.0
10724,4753,44,1,930.25,10.0
10725,4754,39,2,758.76,0.0
10726,4755,38,1,1016.34,10.0
10727,4755,155,1,438.96,0.0
10728,4755,10,1,132.89,0.0
10729,4756,18,1,818.1,0.0
10730,4756,24,1,584.38,15.0
10731,4757,46,2,854.22,10.0
10732,4757,191,1,733.3,20.0
10733,4758,50,4,994.53,0.0
10734,4758,20,2,339.73,0.0
10735,4758,25,1,631.62,0.0
10736,4758,19,1,604.84,0.0
10737,4758,28,1,662.55,0.0
10738,4759,48,1,358.48,20.0
10739,4760,5,1,597.45,0.0
10740,4761,49,5,1020.52,0.0
10741,4761,111,3,932.22,10.0
10742,4762,52,1,994.18,15.0
10743,4763,20,1,339.73,10.0
10744,4763,88,1,757.47,0.0
10745,4763,35,3,633.08,0.0
10746,4764,22,1,457.79,0.0
10747,4765,24,2,584.38,5.0
10748,4765,18,1,818.1,0.0
10749,4766,17,1,173.9,0.0
10750,4767,43,1,935.97,20.0
10751,4767,3,1,557.91,0.0
10752,4767,47,1,459.02,0.0
10753,4767,45,2,456.92,0.0
10754,4768,18,3,818.1,0.0
10755,4768,65,1,1039.76,0.0
10756,4768,27,1,287.02,0.0
10757,4768,36,1,72.7,0.0
10758,4769,33,1,947.92,0.0
10759,4769,19,4,604.84,20.0
10760,4769,29,1,981.65,0.0
10761,4770,231,1,765.07,5.0
10762,4770,128,3,1064.68,0.0
10763,4770,43,2,935.97,0.0
10764,4771,97,1,38.5,15.0
10765,4771,3,2,557.91,0.0
10766,4772,3,2,557.91,0.0
10767,4773,32,1,320.79,0.0
10768,4774,48,2,358.48,20.0
10769,4774,40,1,520.37,15.0
10770,4775,34,1,43.21,0.0
10771,4775,5,1,597.45,0.0
10772,4776,49,1,1020.52,0.0
10773,4776,51,2,774.23,0.0
10774,4777,51,1,774.23,0.0
10775,4777,185,3,339.91,10.0
10776,4777,41,1,176.54,0.0
10777,4777,71,2,682.59,10.0
10778,4778,36,3,72.7,0.0
10779,4778,148,2,824.22,10.0
10780,4779,40,1,520.37,0.0
10781,4779,44,1,930.25,0.0
10782,4780,58,1,473.18,0.0
10783,4780,17,1,173.9,0.0
10784,4781,30,1,658.15,0.0
10785,4782,34,2,43.21,0.0
10786,4782,40,3,520.37,0.0
10787,4783,152,2,1071.23,0.0
10788,4784,9,1,217.62,0.0
10789,4784,72,1,474.04,0.0
10790,4784,24,1,584.38,0.0
10791,4785,47,1,459.02,0.0
10792,4785,20,1,339.73,0.0
10793,4786,45,2,456.92,15.0
10794,4787,14,1,149.0,0.0
10795,4787,12,2,677.11,0.0
10796,4788,16,1,973.78,0.0
10797,4788,43,5,935.97,0.0
10798,4789,43,2,935.97,5.0
10799,4789,16,1,973.78,5.0
10800,4790,6,1,34.19,0.0
10801,4790,52,1,994.18,0.0
10802,4790,40,1,520.37,0.0
10803,4791,25,1,631.62,0.0
10804,4791,11,1,202.6,0.0
10805,4791,237,4,938.43,0.0
10806,4791,30,2,658.15,0.0
10807,4792,232,2,968.09,0.0
10808,4792,47,1,459.02,0.0
10809,4792,20,1,339.73,5.0
10810,4793,49,2,1020.52,0.0
10811,4793,14,3,149.0,0.0
10812,4794,25,1,631.62,0.0
10813,4794,153,2,378.51,5.0
10814,4795,16,3,973.78,5.0
10815,4795,3,3,557.91,0.0
10816,4796,48,1,358.48,0.0
10817,4797,41,3,176.54,0.0
10818,4798,25,2,631.62,0.0
10819,4799,12,1,677.11,10.0
10820,4800,9,1,217.62,5.0
10821,4800,34,2,43.21,15.0
10822,4801,1,2,643.08,0.0
10823,4801,27,1,287.02,0.0
10824,4801,17,3,173.9,0.0
10825,4802,21,2,851.91,15.0
10826,4803,31,3,185.47,0.0
10827,4804,1,1,643.08,0.0
10828,4805,71,2,682.59,0.0
10829,4806,30,2,658.15,0.0
10830,4807,9,1,217.62,20.0
10831,4807,1,1,643.08,20.0
10832,4807,49,1,1020.52,0.0
10833,4807,37,3,1009.52,20.0
10834,4808,230,2,948.25,0.0
10835,4808,5,2,597.45,0.0
10836,4809,39,2,758.76,20.0
10837,4809,38,1,1016.34,0.0
10838,4810,34,1,43.21,10.0
10839,4810,50,5,994.53,0.0
10840,4811,160,1,248.36,10.0
10841,4812,44,1,930.25,0.0
10842,4813,1,1,643.08,0.0
10843,4813,13,1,800.5,10.0
10844,4814,11,1,202.6,0.0
10845,4815,40,3,520.37,15.0
10846,4815,26,1,204.87,0.0
10847,4815,44,1,930.25,0.0
10848,4815,209,2,521.49,10.0
10849,4815,10,1,132.89,0.0
10850,4816,46,2,854.22,5.0
10851,4817,44,2,930.25,0.0
10852,4817,52,1,994.18,5.0
10853,4818,27,2,287.02,0.0
10854,4819,27,1,287.02,0.0
10855,4819,204,1,504.77,0.0
10856,4820,8,1,542.39,0.0
10857,4821,51,1,774.23,0.0
10858,4821,17,1,173.9,0.0
10859,4822,3,2,557.91,0.0
10860,4823,92,1,549.63,0.0
10861,4824,29,2,981.65,0.0
10862,4824,193,1,948.3,0.0
10863,4824,28,1,662.55,0.0
10864,4825,48,2,358.48,0.0
10865,4825,30,1,658.15,0.0
10866,4826,31,1,185.47,0.0
10867,4826,8,2,542.39,15.0
10868,4827,43,2,935.97,0.0
10869,4828,41,1,176.54,0.0
10870,4828,47,1,459.02,10.0
10871,4829,26,1,204.87,0.0
10872,4829,4,1,583.61,0.0
10873,4829,1,1,643.08,0.0
10874,4830,233,1,27.46,0.0
10875,4830,190,3,998.17,0.0
10876,4830,24,2,584.38,10.0
10877,4830,31,2,185.47,0.0
10878,4830,25,1,631.62,0.0
10879,4831,45,4,456.92,5.0
10880,4832,26,3,204.87,15.0
10881,4832,37,1,1009.52,0.0
10882,4832,11,3,202.6,5.0
10883,4833,3,3,557.91,0.0
10884,4833,2,1,394.13,0.0
10885,4833,15,1,255.83,10.0
10886,4833,49,1,1020.52,15.0
10887,4834,23,1,236.54,0.0
10888,4834,232,3,968.09,0.0
10889,4834,28,3,662.55,0.0
10890,4834,221,1,294.07,0.0
10891,4834,214,1,836.23,0.0
10892,4835,30,1,658.15,0.0
10893,4835,33,1,947.92,0.0
10894,4836,28,1,662.55,0.0
10895,4836,45,1,456.92,20.0
10896,4836,27,2,287.02,5.0
10897,4837,5,2,597.45,0.0
10898,4837,8,1,542.39,0.0
10899,4838,31,1,185.47,0.0
10900,4838,34,2,43.21,5.0
10901,4839,137,1,424.86,0.0
10902,4840,17,1,173.9,0.0
10903,4840,46,1,854.22,20.0
10904,4841,237,1,938.43,15.0
10905,4841,125,2,128.01,0.0
10906,4841,32,3,320.79,0.0
10907,4841,105,5,888.35,10.0
10908,4842,54,2,21.31,0.0
10909,4843,25,1,631.62,0.0
10910,4843,33,1,947.92,0.0
10911,4844,80,2,275.45,0.0
10912,4844,161,1,417.52,0.0
10913,4845,20,1,339.73,0.0
10914,4845,12,1,677.11,0.0
10915,4846,11,1,202.6,10.0
10916,4846,7,1,62.52,0.0
10917,4847,24,2,584.38,0.0
10918,4848,25,2,631.62,0.0
10919,4849,8,3,542.39,0.0
10920,4849,39,3,758.76,0.0
10921,4850,62,1,77.39,0.0
10922,4850,25,1,631.62,0.0
10923,4851,16,1,973.78,0.0
10924,4851,202,1,427.54,0.0
10925,4852,10,1,132.89,0.0
10926,4852,114,2,279.33,10.0
10927,4853,14,1,149.0,0.0
10928,4853,32,1,320.79,5.0
10929,4853,27,2,287.02,0.0
10930,4854,29,1,981.65,10.0
10931,4854,250,3,761.52,0.0
10932,4854,24,2,584.38,0.0
10933,4855,29,1,981.65,0.0
10934,4855,43,2,935.97,15.0
10935,4855,6,1,34.19,5.0
10936,4855,39,1,758.76,10.0
10937,4855,15,1,255.83,5.0
10938,4856,6,2,34.19,5.0
10939,4857,230,5,948.25,0.0
10940,4857,20,3,339.73,15.0
10941,4857,13,2,800.5,15.0
10942,4857,22,1,457.79,0.0
10943,4858,31,1,185.47,0.0
10944,4858,122,2,246.21,0.0
10945,4858,25,1,631.62,0.0
10946,4858,41,3,176.54,0.0
10947,4859,30,3,658.15,0.0
10948,4860,59,1,251.22,0.0
10949,4860,32,2,320.79,0.0
10950,4861,247,1,774.56,0.0
10951,4861,166,2,881.42,5.0
10952,4862,47,2,459.02,0.0
10953,4863,203,3,131.33,0.0
10954,4863,45,2,456.92,10.0
10955,4864,43,1,935.97,0.0
10956,4864,59,2,251.22,0.0
10957,4864,3,3,557.91,0.0
10958,4865,243,1,1116.94,5.0
10959,4866,19,2,604.84,0.0
10960,4866,210,1,664.24,10.0
10961,4866,28,2,662.55,0.0
10962,4867,23,1,236.54,15.0
10963,4867,37,3,1009.52,0.0
10964,4868,21,2,851.91,0.0
10965,4868,33,1,947.92,0.0
10966,4868,120,1,983.93,0.0
10967,4868,32,1,320.79,0.0
10968,4868,52,1,994.18,20.0
10969,4869,5,3,597.45,5.0
10970,4870,35,3,633.08,0.0
10971,4870,177,2,592.34,0.0
10972,4871,240,3,81.35,10.0
10973,4871,110,1,600.49,10.0
10974,4872,18,3,818.1,0.0
10975,4873,15,1,255.83,0.0
10976,4873,45,1,456.92,0.0
10977,4874,52,4,994.18,0.0
10978,4874,23,1,236.54,0.0
10979,4875,19,1,604.84,0.0
10980,4875,51,1,774.23,5.0
10981,4875,117,1,659.17,0.0
10982,4876,215,3,429.74,0.0
10983,4876,45,1,456.92,0.0
10984,4876,6,2,34.19,0.0
10985,4876,2,3,394.13,0.0
10986,4877,27,1,287.02,0.0
10987,4878,7,1,62.52,0.0
10988,4878,42,1,880.29,10.0
10989,4879,240,1,81.35,0.0
10990,4879,28,1,662.55,0.0
10991,4879,3,1,557.91,0.0
10992,4879,26,1,204.87,0.0
10993,4879,252,1,686.58,0.0
10994,4880,10,3,132.89,0.0
10995,4880,13,1,800.5,0.0
10996,4881,21,1,851.91,10.0
10997,4881,62,1,77.39,0.0
10998,4881,191,1,733.3,15.0
10999,4882,30,1,658.15,0.0
11000,4882,151,2,662.95,0.0
11001,4882,42,1,880.29,0.0
11002,4882,35,3,633.08,0.0
11003,4883,94,2,914.43,0.0
11004,4884,182,1,653.31,0.0
11005,4884,27,1,287.02,0.0
11006,4884,15,2,255.83,0.0
11007,4885,24,2,584.38,0.0
11008,4886,147,2,490.87,0.0
11009,4886,32,1,320.79,0.0
11010,4887,13,1,800.5,0.0
11011,4887,44,2,930.25,10.0
11012,4887,42,1,880.29,0.0
11013,4888,6,1,34.19,0.0
11014,4888,24,2,584.38,0.0
11015,4889,40,1,520.37,0.0
11016,4889,2,1,394.13,0.0
11017,4890,14,1,149.0,0.0
11018,4891,34,2,43.21,0.0
11019,4892,50,1,994.53,0.0
11020,4892,9,1,217.62,0.0
11021,4893,225,1,785.87,0.0
11022,4893,132,3,758.96,10.0
11023,4893,26,1,204.87,0.0
11024,4893,238,1,31.94,5.0
11025,4894,46,3,854.22,5.0
11026,4894,50,3,994.53,5.0
11027,4894,15,1,255.83,0.0
11028,4895,5,1,597.45,0.0
11029,4896,9,1,217.62,0.0
11030,4896,200,2,731.51,0.0
11031,4897,10,1,132.89,15.0
11032,4898,30,2,658.15,10.0
11033,4899,45,2,456.92,0.0
11034,4899,20,1,339.73,0.0
11035,4900,192,1,282.66,0.0
11036,4900,169,2,863.12,10.0
11037,4900,19,1,604.84,0.0
11038,4901,165,1,882.32,0.0
11039,4901,1,1,643.08,0.0
11040,4901,31,1,185.47,0.0
11041,4901,22,2,457.79,0.0
11042,4902,33,2,947.92,5.0
11043,4902,15,1,255.83,0.0
11044,4902,16,1,973.78,5.0
11045,4903,191,1,733.3,15.0
11046,4904,37,1,1009.52,0.0
11047,4904,23,2,236.54,0.0
11048,4904,21,1,851.91,0.0
11049,4905,19,1,604.84,0.0
11050,4906,35,1,633.08,10.0
11051,4907,50,1,994.53,0.0
11052,4907,27,3,287.02,0.0
11053,4907,246,1,835.26,10.0
11054,4907,6,1,34.19,20.0
11055,4907,5,1,597.45,0.0
11056,4908,8,1,542.39,0.0
11057,4908,29,1,981.65,20.0
11058,4908,12,1,677.11,0.0
11059,4909,2,2,394.13,0.0
11060,4910,10,3,132.89,0.0
11061,4911,39,2,758.76,0.0
11062,4911,7,1,62.52,0.0
11063,4911,25,2,631.62,20.0
11064,4912,47,1,459.02,15.0
11065,4912,19,1,604.84,0.0
11066,4913,27,1,287.02,0.0
11067,4913,21,2,851.91,0.0
11068,4913,122,3,246.21,0.0
11069,4914,19,1,604.84,0.0
11070,4914,10,1,132.89,5.0
11071,4914,8,1,542.39,20.0
11072,4915,47,1,459.02,20.0
11073,4915,26,2,204.87,5.0
11074,4915,14,1,149.0,0.0
11075,4916,51,1,774.23,0.0
11076,4917,21,1,851.91,0.0
11077,4917,40,1,520.37,0.0
11078,4917,1,1,643.08,0.0
11079,4918,33,1,947.92,15.0
11080,4919,9,1,217.62,0.0
11081,4919,3,1,557.91,10.0
11082,4920,19,1,604.84,0.0
11083,4921,13,1,800.5,5.0
11084,4921,209,1,521.49,0.0
11085,4921,42,1,880.29,15.0
11086,4922,22,2,457.79,0.0
11087,4922,113,1,1162.63,0.0
11088,4923,15,1,255.83,0.0
11089,4924,30,1,658.15,0.0
11090,4925,183,1,473.71,0.0
11091,4925,18,2,818.1,0.0
11092,4926,25,1,631.62,0.0
11093,4926,23,1,236.54,20.0
11094,4927,32,1,320.79,0.0
11095,4928,48,1,358.48,0.0
11096,4928,137,1,424.86,0.0
11097,4928,23,1,236.54,15.0
11098,4928,19,1,604.84,0.0
11099,4929,21,1,851.91,0.0
11100,4929,14,1,149.0,0.0
11101,4929,13,1,800.5,0.0
11102,4930,225,3,785.87,0.0
11103,4930,39,1,758.76,0.0
11104,4930,17,1,173.9,5.0
11105,4930,165,1,882.32,0.0
11106,4931,50,1,994.53,0.0
11107,4931,47,1,459.02,0.0
11108,4932,32,1,320.79,0.0
11109,4933,51,1,774.23,0.0
11110,4934,13,2,800.5,5.0
11111,4934,42,1,880.29,0.0
11112,4935,11,3,202.6,0.0
11113,4936,4,1,583.61,0.0
11114,4937,21,1,851.91,0.0
11115,4937,20,1,339.73,0.0
11116,4938,37,1,1009.52,0.0
11117,4938,11,1,202.6,0.0
11118,4939,50,1,994.53,20.0
11119,4939,32,1,320.79,0.0
11120,4939,239,1,269.05,5.0
11121,4939,3,1,557.91,0.0
11122,4940,6,1,34.19,5.0
11123,4940,20,2,339.73,0.0
11124,4941,87,3,812.54,0.0
11125,4942,3,1,557.91,0.0
11126,4942,162,1,82.72,0.0
11127,4942,42,2,880.29,5.0
11128,4943,231,3,765.07,0.0
11129,4943,17,1,173.9,0.0
11130,4944,41,1,176.54,0.0
11131,4945,18,1,818.1,0.0
11132,4945,27,1,287.02,10.0
11133,4945,42,2,880.29,0.0
11134,4945,49,1,1020.52,0.0
11135,4945,115,1,625.25,0.0
11136,4946,189,1,816.04,0.0
11137,4947,82,1,1090.89,10.0
11138,4947,74,1,166.27,0.0
11139,4948,8,1,542.39,0.0
11140,4948,48,1,358.48,0.0
11141,4949,20,1,339.73,0.0
11142,4949,79,4,861.19,0.0
11143,4950,208,2,1182.18,20.0
11144,4951,17,1,173.9,0.0
11145,4951,50,3,994.53,0.0
11146,4951,47,1,459.02,0.0
11147,4952,247,5,774.56,0.0
11148,4953,104,1,613.34,0.0
11149,4954,15,2,255.83,0.0
11150,4954,183,2,473.71,0.0
11151,4954,14,4,149.0,5.0
11152,4955,12,1,677.11,0.0
11153,4955,45,1,456.92,0.0
11154,4955,31,1,185.47,5.0
11155,4956,44,1,930.25,10.0
11156,4956,18,1,818.1,10.0
11157,4956,2,1,394.13,0.0
11158,4956,66,1,361.37,0.0
11159,4956,14,3,149.0,20.0
11160,4957,36,1,72.7,10.0
11161,4957,48,1,358.48,10.0
11162,4957,16,4,973.78,0.0
11163,4957,196,1,925.9,10.0
11164,4958,4,4,583.61,0.0
11165,4959,35,1,633.08,0.0
11166,4960,110,1,600.49,10.0
11167,4961,39,1,758.76,0.0
11168,4961,235,1,180.69,0.0
11169,4962,33,1,947.92,0.0
11170,4962,51,1,774.23,0.0
11171,4962,4,1,583.61,0.0
11172,4962,11,1,202.6,0.0
11173,4963,33,1,947.92,0.0
11174,4963,162,1,82.72,0.0
11175,4963,42,1,880.29,5.0
11176,4963,4,1,583.61,0.0
11177,4964,41,1,176.54,0.0
11178,4964,20,1,339.73,20.0
11179,4964,43,1,935.97,20.0
11180,4965,36,1,72.7,0.0
11181,4965,3,1,557.91,0.0
11182,4966,9,1,217.62,0.0
11183,4967,31,3,185.47,0.0
11184,4967,26,1,204.87,0.0
11185,4968,151,2,662.95,0.0
11186,4968,29,1,981.65,0.0
11187,4968,171,1,508.1,0.0
11188,4968,60,1,165.23,0.0
11189,4969,44,3,930.25,0.0
11190,4970,43,3,935.97,0.0
11191,4970,50,3,994.53,0.0
11192,4970,37,2,1009.52,0.0
11193,4971,25,2,631.62,20.0
11194,4972,111,1,932.22,10.0
11195,4972,48,1,358.48,10.0
11196,4973,22,2,457.79,0.0
11197,4973,18,1,818.1,0.0
11198,4974,35,1,633.08,0.0
11199,4974,71,1,682.59,0.0
11200,4974,39,4,758.76,0.0
11201,4975,45,1,456.92,0.0
11202,4975,39,1,758.76,0.0
11203,4975,20,1,339.73,15.0
11204,4976,6,3,34.19,10.0
11205,4976,16,1,973.78,15.0
11206,4977,7,1,62.52,0.0
11207,4977,13,2,800.5,20.0
11208,4977,41,1,176.54,0.0
11209,4977,34,1,43.21,0.0
11210,4978,44,4,930.25,0.0
11211,4978,147,2,490.87,20.0
11212,4979,34,2,43.21,0.0
11213,4979,32,2,320.79,0.0
11214,4980,7,1,62.52,0.0
11215,4981,124,3,729.75,20.0
11216,4981,16,1,973.78,0.0
11217,4982,33,1,947.92,0.0
11218,4983,66,2,361.37,0.0
11219,4984,43,1,935.97,0.0
11220,4985,15,2,255.83,10.0
11221,4986,25,2,631.62,0.0
11222,4986,24,1,584.38,0.0
11223,4986,18,3,818.1,0.0
11224,4986,35,4,633.08,0.0
11225,4986,51,3,774.23,10.0
11226,4987,47,1,459.02,20.0
11227,4987,3,2,557.91,0.0
11228,4988,8,1,542.39,0.0
11229,4988,40,1,520.37,0.0
11230,4988,52,3,994.18,0.0
11231,4988,98,1,932.39,5.0
11232,4989,146,1,1020.84,0.0
11233,4989,1,1,643.08,0.0
11234,4990,52,2,994.18,0.0
11235,4990,141,1,991.87,0.0
11236,4990,61,2,882.1,0.0
11237,4990,148,1,824.22,0.0
11238,4991,52,2,994.18,0.0
11239,4991,34,1,43.21,0.0
11240,4992,48,2,358.48,0.0
11241,4992,15,1,255.83,0.0
11242,4992,76,1,920.83,0.0
11243,4993,25,1,631.62,0.0
11244,4993,31,1,185.47,0.0
11245,4993,6,1,34.19,0.0
11246,4994,5,1,597.45,0.0
11247,4995,157,1,388.76,5.0
11248,4995,33,1,947.92,15.0
11249,4996,4,1,583.61,10.0
11250,4997,49,2,1020.52,5.0
11251,4997,46,1,854.22,5.0
11252,4997,22,1,457.79,0.0
11253,4998,9,2,217.62,5.0
11254,4998,44,2,930.25,10.0
11255,4999,183,1,473.71,0.0
11256,4999,95,1,179.64,0.0
11257,5000,8,1,542.39,10.0
11258,5000,52,1,994.18,0.0
11259,5000,10,2,132.89,0.0
11260,5001,50,1,994.53,0.0
11261,5002,50,1,994.53,10.0
11262,5002,37,1,1009.52,0.0
11263,5002,11,3,202.6,15.0
11264,5003,47,2,459.02,0.0
11265,5003,34,1,43.21,0.0
11266,5004,1,4,643.08,0.0
11267,5004,10,1,132.89,10.0
11268,5004,41,2,176.54,0.0
11269,5004,47,1,459.02,0.0
11270,5005,15,2,255.83,5.0
11271,5006,215,2,429.74,0.0
11272,5007,108,1,306.47,0.0
11273,5007,48,1,358.48,10.0
11274,5008,39,2,758.76,10.0
11275,5008,3,2,557.91,10.0
11276,5009,11,1,202.6,0.0
11277,5010,91,1,291.37,5.0
11278,5011,16,1,973.78,10.0
11279,5011,40,3,520.37,15.0
11280,5012,41,1,176.54,0.0
11281,5013,48,1,358.48,20.0
11282,5013,19,2,604.84,0.0
11283,5013,20,1,339.73,0.0
11284,5014,159,1,220.27,20.0
11285,5015,44,1,930.25,5.0
11286,5015,232,1,968.09,0.0
11287,5016,159,2,220.27,0.0
11288,5016,41,1,176.54,0.0
11289,5017,44,1,930.25,0.0
11290,5017,1,1,643.08,0.0
11291,5017,18,1,818.1,5.0
11292,5017,39,2,758.76,0.0
11293,5017,21,5,851.91,0.0
11294,5018,14,2,149.0,5.0
11295,5018,50,5,994.53,0.0
11296,5018,3,1,557.91,0.0
11297,5019,25,1,631.62,0.0
11298,5019,48,1,358.48,0.0
11299,5019,39,1,758.76,10.0
11300,5020,7,1,62.52,0.0
11301,5020,50,3,994.53,0.0
11302,5021,47,2,459.02,0.0
11303,5021,33,4,947.92,0.0
11304,5022,49,1,1020.52,5.0
11305,5022,12,1,677.11,0.0
11306,5023,10,1,132.89,0.0
11307,5023,64,1,586.27,0.0
11308,5024,17,2,173.9,0.0
11309,5025,2,2,394.13,0.0
11310,5026,41,1,176.54,0.0
11311,5026,36,3,72.7,0.0
11312,5027,1,1,643.08,5.0
11313,5027,39,1,758.76,0.0
11314,5027,36,1,72.7,0.0
11315,5027,151,2,662.95,0.0
11316,5028,72,1,474.04,15.0
11317,5028,2,1,394.13,0.0
11318,5028,24,3,584.38,5.0
11319,5029,233,1,27.46,15.0
11320,5030,14,2,149.0,0.0
11321,5030,13,1,800.5,0.0
11322,5031,23,1,236.54,0.0
11323,5031,48,1,358.48,20.0
11324,5032,27,3,287.02,0.0
11325,5032,145,2,916.31,10.0
11326,5033,9,1,217.62,0.0
11327,5034,230,1,948.25,5.0
11328,5034,12,1,677.11,0.0
11329,5035,37,1,1009.52,0.0
11330,5035,98,1,932.39,0.0
11331,5035,170,2,814.48,0.0
11332,5036,10,1,132.89,5.0
11333,5036,36,2,72.7,10.0
11334,5036,48,2,358.48,0.0
11335,5037,51,5,774.23,0.0
11336,5038,33,1,947.92,0.0
11337,5038,223,4,389.43,0.0
11338,5039,48,1,358.48,0.0
11339,5039,27,1,287.02,0.0
11340,5039,51,2,774.23,5.0
11341,5039,103,2,656.03,0.0
11342,5040,6,2,34.19,0.0
11343,5040,40,2,520.37,10.0
11344,5041,29,1,981.65,0.0
11345,5041,21,2,851.91,5.0
11346,5041,217,2,308.65,0.0
11347,5042,51,5,774.23,0.0
11348,5042,41,4,176.54,0.0
11349,5043,253,1,352.37,0.0
11350,5043,34,2,43.21,0.0
11351,5043,31,2,185.47,0.0
11352,5044,48,2,358.48,0.0
11353,5045,27,1,287.02,0.0
11354,5046,50,1,994.53,0.0
11355,5046,18,2,818.1,0.0
11356,5046,225,1,785.87,0.0
11357,5046,40,1,520.37,0.0
11358,5047,24,1,584.38,20.0
11359,5047,5,1,597.45,0.0
11360,5047,147,5,490.87,20.0
11361,5048,90,3,491.54,0.0
11362,5048,40,1,520.37,0.0
11363,5049,48,2,358.48,0.0
11364,5050,22,1,457.79,0.0
11365,5051,8,2,542.39,0.0
11366,5051,44,2,930.25,0.0
11367,5052,7,3,62.52,0.0
11368,5052,45,1,456.92,0.0
11369,5053,37,1,1009.52,0.0
11370,5054,18,2,818.1,0.0
11371,5054,52,3,994.18,0.0
11372,5054,203,2,131.33,0.0
11373,5055,201,1,232.35,0.0
11374,5055,85,1,681.02,0.0
11375,5055,30,2,658.15,0.0
11376,5055,34,1,43.21,0.0
11377,5055,13,1,800.5,0.0
11378,5056,14,1,149.0,0.0
11379,5056,4,1,583.61,0.0
11380,5057,12,1,677.11,0.0
11381,5057,49,2,1020.52,0.0
11382,5057,43,1,935.97,0.0
11383,5058,47,1,459.02,0.0
11384,5058,8,1,542.39,0.0
11385,5058,13,1,800.5,0.0
11386,5058,32,2,320.79,0.0
11387,5059,29,1,981.65,0.0
11388,5060,258,1,563.1,0.0
11389,5060,19,1,604.84,15.0
11390,5061,1,1,643.08,0.0
11391,5061,46,1,854.22,0.0
11392,5061,206,2,532.41,0.0
11393,5061,163,1,234.62,5.0
11394,5062,33,3,947.92,5.0
11395,5063,22,1,457.79,0.0
11396,5063,1,2,643.08,0.0
11397,5064,37,1,1009.52,0.0
11398,5064,1,1,643.08,20.0
11399,5064,48,2,358.48,0.0
11400,5065,22,1,457.79,5.0
11401,5065,10,1,132.89,10.0
11402,5065,38,1,1016.34,0.0
11403,5065,17,2,173.9,10.0
11404,5065,23,1,236.54,5.0
11405,5066,34,2,43.21,10.0
11406,5067,32,1,320.79,0.0
11407,5068,35,1,633.08,0.0
11408,5069,59,1,251.22,5.0
11409,5069,3,1,557.91,0.0
11410,5069,6,1,34.19,10.0
11411,5069,50,2,994.53,0.0
11412,5070,28,2,662.55,0.0
11413,5071,151,1,662.95,0.0
11414,5071,21,2,851.91,5.0
11415,5071,28,1,662.55,0.0
11416,5071,14,3,149.0,0.0
11417,5071,39,2,758.76,0.0
11418,5072,26,2,204.87,20.0
11419,5072,9,1,217.62,0.0
11420,5072,52,1,994.18,0.0
11421,5072,48,1,358.48,0.0
11422,5072,7,2,62.52,5.0
11423,5073,10,1,132.89,0.0
11424,5073,6,2,34.19,0.0
11425,5074,107,1,933.7,0.0
11426,5074,39,1,758.76,10.0
11427,5074,27,1,287.02,5.0
11428,5074,78,2,1047.68,5.0
11429,5074,83,1,144.27,0.0
11430,5075,43,2,935.97,0.0
11431,5076,24,3,584.38,0.0
11432,5076,51,1,774.23,0.0
11433,5077,25,1,631.62,0.0
11434,5078,31,1,185.47,0.0
11435,5078,6,2,34.19,15.0
11436,5079,26,5,204.87,0.0
11437,5080,10,1,132.89,5.0
11438,5080,33,1,947.92,0.0
11439,5080,6,1,34.19,0.0
11440,5081,225,1,785.87,0.0
11441,5082,50,1,994.53,0.0
11442,5082,9,1,217.62,0.0
11443,5083,73,1,831.13,0.0
11444,5083,34,1,43.21,0.0
11445,5083,232,4,968.09,0.0
11446,5084,12,2,677.11,10.0
11447,5084,27,1,287.02,20.0
11448,5084,9,1,217.62,0.0
11449,5084,57,1,966.47,5.0
11450,5085,49,3,1020.52,0.0
11451,5085,17,1,173.9,0.0
11452,5086,8,1,542.39,0.0
11453,5087,66,1,361.37,0.0
11454,5087,36,2,72.7,0.0
11455,5087,116,2,209.21,0.0
11456,5088,20,4,339.73,0.0
11457,5089,33,1,947.92,0.0
11458,5090,172,2,225.41,0.0
11459,5091,35,1,633.08,0.0
11460,5091,9,2,217.62,0.0
11461,5091,47,2,459.02,0.0
11462,5091,13,2,800.5,0.0
11463,5092,34,3,43.21,15.0
11464,5092,44,1,930.25,0.0
11465,5092,45,1,456.92,0.0
11466,5092,24,1,584.38,10.0
11467,5093,128,2,1064.68,0.0
11468,5094,37,1,1009.52,5.0
11469,5095,47,1,459.02,0.0
11470,5095,27,3,287.02,0.0
11471,5096,40,1,520.37,10.0
11472,5096,7,1,62.52,0.0
11473,5097,2,3,394.13,0.0
11474,5097,53,3,873.28,0.0
11475,5098,32,3,320.79,0.0
11476,5098,35,1,633.08,0.0
11477,5098,19,3,604.84,0.0
11478,5099,22,1,457.79,10.0
11479,5100,15,1,255.83,0.0
11480,5100,11,1,202.6,0.0
11481,5101,80,1,275.45,0.0
11482,5101,222,1,752.95,0.0
11483,5102,6,1,34.19,10.0
11484,5102,1,1,643.08,5.0
11485,5102,39,1,758.76,0.0
11486,5102,22,2,457.79,0.0
11487,5103,48,1,358.48,0.0
11488,5104,3,1,557.91,0.0
11489,5105,41,1,176.54,10.0
11490,5105,40,2,520.37,20.0
11491,5106,11,1,202.6,0.0
11492,5106,2,1,394.13,0.0
11493,5106,52,1,994.18,0.0
11494,5107,13,1,800.5,0.0
11495,5107,22,5,457.79,0.0
11496,5107,48,2,358.48,10.0
11497,5108,42,4,880.29,0.0
11498,5108,38,1,1016.34,0.0
11499,5109,2,1,394.13,5.0
11500,5109,9,1,217.62,0.0
11501,5109,37,2,1009.52,5.0
11502,5109,1,4,643.08,0.0
11503,5110,43,1,935.97,0.0
11504,5111,40,1,520.37,0.0
11505,5111,18,2,818.1,15.0
11506,5112,33,3,947.92,0.0
11507,5113,3,2,557.91,5.0
11508,5113,46,1,854.22,0.0
11509,5114,36,1,72.7,0.0
11510,5115,3,1,557.91,0.0
11511,5115,43,1,935.97,0.0
11512,5115,7,5,62.52,0.0
11513,5116,123,1,272.6,0.0
11514,5116,28,1,662.55,15.0
11515,5117,31,1,185.47,10.0
11516,5117,120,1,983.93,0.0
11517,5117,7,1,62.52,0.0
11518,5117,100,1,645.31,0.0
11519,5118,7,5,62.52,0.0
11520,5118,5,1,597.45,5.0
11521,5119,27,1,287.02,20.0
11522,5119,35,1,633.08,0.0
11523,5120,31,5,185.47,0.0
11524,5120,123,3,272.6,0.0
11525,5120,20,2,339.73,0.0
11526,5121,6,1,34.19,0.0
11527,5121,24,1,584.38,0.0
11528,5121,29,1,981.65,0.0
11529,5121,49,1,1020.52,0.0
11530,5122,24,2,584.38,0.0
11531,5123,3,2,557.91,0.0
11532,5123,42,1,880.29,0.0
11533,5124,36,2,72.7,0.0
11534,5124,6,1,34.19,0.0
11535,5124,194,1,328.13,10.0
11536,5124,39,1,758.76,0.0
11537,5125,119,2,891.47,0.0
11538,5125,184,1,196.43,10.0
11539,5126,47,1,459.02,0.0
11540,5127,45,2,456.92,0.0
11541,5127,222,1,752.95,0.0
11542,5127,10,1,132.89,5.0
11543,5128,31,2,185.47,0.0
11544,5128,225,1,785.87,0.0
11545,5129,20,1,339.73,0.0
11546,5129,45,1,456.92,0.0
11547,5130,9,1,217.62,0.0
11548,5131,258,3,563.1,15.0
11549,5131,255,3,537.33,0.0
11550,5132,44,3,930.25,10.0
11551,5133,1,2,643.08,0.0
11552,5133,20,1,339.73,5.0
11553,5133,9,1,217.62,0.0
11554,5134,33,1,947.92,10.0
11555,5135,51,1,774.23,5.0
11556,5136,21,1,851.91,0.0
11557,5136,10,2,132.89,10.0
11558,5136,237,1,938.43,0.0
11559,5137,18,1,818.1,5.0
11560,5137,50,1,994.53,0.0
11561,5137,66,2,361.37,0.0
11562,5138,44,1,930.25,0.0
11563,5138,9,1,217.62,0.0
11564,5139,215,3,429.74,5.0
11565,5140,111,2,932.22,0.0
11566,5141,29,2,981.65,10.0
11567,5142,46,1,854.22,0.0
11568,5142,40,2,520.37,0.0
11569,5142,52,1,994.18,0.0
11570,5142,17,1,173.9,15.0
11571,5142,48,1,358.48,0.0
11572,5143,47,1,459.02,0.0
11573,5143,41,1,176.54,0.0
11574,5143,34,4,43.21,5.0
11575,5144,28,2,662.55,0.0
11576,5145,179,1,990.0,0.0
11577,5145,3,2,557.91,0.0
11578,5146,42,2,880.29,0.0
11579,5146,59,1,251.22,0.0
11580,5147,50,1,994.53,0.0
11581,5148,47,1,459.02,0.0
11582,5148,6,3,34.19,0.0
11583,5148,101,1,462.13,0.0
11584,5148,26,1,204.87,0.0
11585,5148,11,1,202.6,0.0
11586,5149,41,2,176.54,5.0
11587,5149,47,2,459.02,10.0
11588,5150,251,1,395.15,0.0
11589,5150,13,1,800.5,0.0
11590,5150,19,1,604.84,0.0
11591,5150,42,1,880.29,0.0
11592,5151,10,1,132.89,5.0
11593,5151,200,3,731.51,0.0
11594,5151,2,1,394.13,0.0
11595,5152,34,1,43.21,0.0
11596,5153,13,2,800.5,10.0
11597,5153,2,2,394.13,15.0
11598,5154,35,2,633.08,0.0
11599,5155,46,2,854.22,0.0
11600,5155,230,1,948.25,0.0
11601,5156,17,1,173.9,0.0
11602,5156,21,3,851.91,10.0
11603,5157,17,2,173.9,0.0
11604,5157,14,1,149.0,0.0
11605,5157,42,1,880.29,0.0
11606,5157,11,1,202.6,0.0
11607,5157,44,2,930.25,0.0
11608,5158,10,2,132.89,0.0
11609,5158,29,3,981.65,0.0
11610,5158,8,1,542.39,5.0
11611,5159,27,1,287.02,0.0
11612,5160,33,1,947.92,0.0
11613,5160,208,2,1182.18,0.0
11614,5160,15,1,255.83,0.0
11615,5160,28,2,662.55,0.0
11616,5160,12,2,677.11,0.0
11617,5161,87,1,812.54,5.0
11618,5162,15,2,255.83,0.0
11619,5163,12,1,677.11,0.0
11620,5164,52,1,994.18,10.0
11621,5165,246,2,835.26,10.0
11622,5165,57,1,966.47,0.0
11623,5165,33,1,947.92,0.0
11624,5165,17,1,173.9,20.0
11625,5165,78,2,1047.68,10.0
11626,5166,28,2,662.55,0.0
11627,5166,142,1,89.71,0.0
11628,5167,39,2,758.76,0.0
11629,5168,6,1,34.19,0.0
11630,5168,36,1,72.7,5.0
11631,5169,23,3,236.54,0.0
11632,5169,208,1,1182.18,0.0
11633,5170,21,4,851.91,0.0
11634,5170,11,4,202.6,0.0
11635,5171,17,2,173.9,0.0
11636,5172,14,5,149.0,5.0
11637,5173,13,1,800.5,0.0
11638,5173,30,1,658.15,0.0
11639,5174,13,1,800.5,0.0
11640,5174,46,3,854.22,0.0
11641,5174,16,1,973.78,10.0
11642,5174,48,3,358.48,0.0
11643,5175,10,1,132.89,0.0
11644,5176,9,3,217.62,20.0
11645,5176,35,1,633.08,0.0
11646,5176,102,1,352.97,0.0
11647,5177,220,2,850.53,0.0
11648,5177,19,2,604.84,5.0
11649,5178,38,5,1016.34,0.0
11650,5178,10,4,132.89,0.0
11651,5178,6,1,34.19,0.0
11652,5179,14,1,149.0,15.0
11653,5179,39,4,758.76,15.0
11654,5179,12,1,677.11,0.0
11655,5179,27,1,287.02,0.0
11656,5179,26,1,204.87,10.0
11657,5180,5,1,597.45,0.0
11658,5181,25,3,631.62,0.0
11659,5182,20,1,339.73,20.0
11660,5183,4,3,583.61,0.0
11661,5183,8,1,542.39,0.0
11662,5184,5,1,597.45,15.0
11663,5184,10,2,132.89,0.0
11664,5185,35,1,633.08,0.0
11665,5185,48,2,358.48,0.0
11666,5186,16,1,973.78,10.0
11667,5187,7,1,62.52,15.0
11668,5187,16,2,973.78,0.0
11669,5188,8,1,542.39,0.0
11670,5188,14,1,149.0,0.0
11671,5188,44,1,930.25,0.0
11672,5189,7,1,62.52,0.0
11673,5189,26,1,204.87,0.0
11674,5190,11,1,202.6,0.0
11675,5190,221,1,294.07,5.0
11676,5190,29,1,981.65,10.0
11677,5190,7,3,62.52,0.0
11678,5191,48,1,358.48,0.0
11679,5191,133,1,245.7,0.0
11680,5191,201,1,232.35,5.0
11681,5191,37,1,1009.52,0.0
11682,5192,147,1,490.87,0.0
11683,5192,28,3,662.55,0.0
11684,5192,57,2,966.47,0.0
11685,5193,28,1,662.55,0.0
11686,5194,39,1,758.76,0.0
11687,5194,45,1,456.92,5.0
11688,5194,14,2,149.0,0.0
11689,5194,36,1,72.7,0.0
11690,5194,20,1,339.73,0.0
11691,5195,8,1,542.39,0.0
11692,5196,8,1,542.39,0.0
11693,5196,122,1,246.21,0.0
11694,5196,27,1,287.02,0.0
11695,5197,160,2,248.36,0.0
11696,5197,36,1,72.7,0.0
11697,5198,31,2,185.47,0.0
11698,5198,43,1,935.97,0.0
11699,5199,39,2,758.76,0.0
11700,5199,17,1,173.9,15.0
11701,5199,45,1,456.92,10.0
11702,5199,51,1,774.23,0.0
11703,5200,52,1,994.18,5.0
11704,5200,202,2,427.54,15.0
11705,5201,11,1,202.6,5.0
11706,5201,231,3,765.07,0.0
11707,5202,46,1,854.22,0.0
11708,5202,8,1,542.39,0.0
11709,5203,11,1,202.6,0.0
11710,5204,35,1,633.08,10.0
11711,5204,3,1,557.91,0.0
11712,5205,14,3,149.0,15.0
11713,5206,6,2,34.19,0.0
11714,5207,32,1,320.79,0.0
11715,5207,238,1,31.94,0.0
11716,5207,38,3,1016.34,0.0
11717,5208,1,1,643.08,10.0
11718,5209,5,1,597.45,15.0
11719,5209,43,1,935.97,0.0
11720,5210,42,1,880.29,0.0
11721,5210,29,1,981.65,0.0
11722,5211,8,2,542.39,5.0
11723,5212,112,1,1017.21,0.0
11724,5213,24,2,584.38,10.0
11725,5213,3,1,557.91,5.0
11726,5213,20,3,339.73,0.0
11727,5213,213,1,50.55,5.0
11728,5213,15,1,255.83,0.0
11729,5214,50,1,994.53,0.0
11730,5214,11,2,202.6,0.0
11731,5214,46,1,854.22,0.0
11732,5215,20,1,339.73,10.0
11733,5215,38,1,1016.34,0.0
11734,5216,1,3,643.08,0.0
11735,5217,15,2,255.83,10.0
11736,5217,1,5,643.08,5.0
11737,5218,27,1,287.02,0.0
11738,5218,1,3,643.08,0.0
11739,5218,18,1,818.1,0.0
11740,5218,30,1,658.15,0.0
11741,5219,202,2,427.54,0.0
11742,5219,256,3,83.37,0.0
11743,5220,22,1,457.79,0.0
11744,5220,10,1,132.89,10.0
11745,5220,47,1,459.02,10.0
11746,5221,23,2,236.54,15.0
11747,5221,51,1,774.23,0.0
11748,5222,120,2,983.93,0.0
11749,5222,3,3,557.91,0.0
11750,5223,25,2,631.62,0.0
11751,5223,40,1,520.37,0.0
11752,5223,11,2,202.6,0.0
11753,5224,225,2,785.87,0.0
11754,5224,33,1,947.92,0.0
11755,5225,35,2,633.08,0.0
11756,5225,187,3,215.12,10.0
11757,5225,43,2,935.97,0.0
11758,5225,37,1,1009.52,0.0
11759,5226,23,2,236.54,5.0
11760,5226,252,1,686.58,0.0
11761,5226,16,1,973.78,0.0
11762,5227,15,1,255.83,0.0
11763,5227,9,1,217.62,0.0
11764,5227,50,1,994.53,0.0
11765,5227,48,1,358.48,20.0
11766,5228,28,1,662.55,0.0
11767,5229,33,1,947.92,0.0
11768,5229,34,1,43.21,0.0
11769,5230,6,1,34.19,5.0
11770,5230,28,1,662.55,0.0
11771,5231,40,2,520.37,5.0
11772,5231,24,1,584.38,10.0
11773,5231,26,1,204.87,0.0
11774,5231,48,1,358.48,0.0
11775,5232,22,1,457.79,10.0
11776,5232,227,1,342.68,20.0
11777,5233,20,1,339.73,0.0
11778,5233,26,4,204.87,5.0
11779,5233,219,1,503.95,0.0
11780,5234,29,1,981.65,0.0
11781,5235,9,2,217.62,0.0
11782,5235,42,1,880.29,0.0
11783,5235,5,1,597.45,5.0
11784,5236,45,1,456.92,0.0
11785,5237,28,1,662.55,5.0
11786,5237,5,2,597.45,0.0
11787,5237,6,1,34.19,0.0
11788,5237,46,2,854.22,15.0
11789,5238,25,2,631.62,0.0
11790,5239,19,1,604.84,0.0
11791,5240,6,2,34.19,0.0
11792,5240,13,1,800.5,0.0
11793,5241,12,3,677.11,0.0
11794,5241,205,1,227.28,0.0
11795,5242,65,2,1039.76,0.0
11796,5242,28,1,662.55,0.0
11797,5243,5,1,597.45,10.0
11798,5244,234,1,670.43,20.0
11799,5244,35,1,633.08,10.0
11800,5244,26,1,204.87,0.0
11801,5245,25,1,631.62,0.0
11802,5245,31,2,185.47,0.0
11803,5245,30,1,658.15,0.0
11804,5246,7,1,62.52,0.0
11805,5246,22,1,457.79,5.0
11806,5247,24,1,584.38,0.0
11807,5247,227,1,342.68,0.0
11808,5247,52,2,994.18,20.0
11809,5248,44,2,930.25,0.0
11810,5248,20,2,339.73,10.0
11811,5249,30,1,658.15,10.0
11812,5249,17,1,173.9,0.0
11813,5250,14,1,149.0,0.0
11814,5251,40,1,520.37,0.0
11815,5251,49,1,1020.52,20.0
11816,5251,98,1,932.39,0.0
11817,5252,40,2,520.37,0.0
11818,5252,29,2,981.65,0.0
11819,5253,25,2,631.62,0.0
11820,5253,13,2,800.5,0.0
11821,5253,139,2,544.47,0.0
11822,5254,50,3,994.53,5.0
11823,5255,226,1,855.84,0.0
11824,5255,21,1,851.91,0.0
11825,5255,28,1,662.55,0.0
11826,5256,6,1,34.19,0.0
11827,5256,21,1,851.91,5.0
11828,5257,24,3,584.38,0.0
11829,5257,52,2,994.18,0.0
11830,5258,20,1,339.73,5.0
11831,5258,35,1,633.08,0.0
11832,5258,59,2,251.22,0.0
11833,5259,50,1,994.53,20.0
11834,5260,52,2,994.18,0.0
11835,5260,9,2,217.62,5.0
11836,5261,4,1,583.61,15.0
11837,5261,39,1,758.76,5.0
11838,5262,5,1,597.45,5.0
11839,5262,16,1,973.78,15.0
11840,5263,18,1,818.1,10.0
11841,5264,28,3,662.55,0.0
11842,5264,202,1,427.54,0.0
11843,5265,51,1,774.23,10.0
11844,5265,226,1,855.84,0.0
11845,5266,21,1,851.91,0.0
11846,5266,52,2,994.18,0.0
11847,5267,26,1,204.87,0.0
11848,5267,161,3,417.52,5.0
11849,5268,208,1,1182.18,5.0
11850,5268,46,2,854.22,0.0
11851,5269,19,1,604.84,0.0
11852,5269,7,1,62.52,10.0
11853,5270,10,1,132.89,0.0
11854,5270,30,1,658.15,20.0
11855,5271,124,1,729.75,0.0
11856,5272,41,1,176.54,0.0
11857,5272,28,1,662.55,0.0
11858,5272,46,1,854.22,20.0
11859,5272,15,1,255.83,0.0
11860,5272,31,1,185.47,0.0
11861,5273,39,2,758.76,0.0
11862,5273,14,1,149.0,0.0
11863,5273,24,2,584.38,15.0
11864,5274,9,5,217.62,0.0
11865,5274,169,2,863.12,5.0
11866,5274,10,1,132.89,0.0
11867,5274,45,1,456.92,0.0
11868,5275,8,1,542.39,0.0
11869,5275,68,1,245.03,0.0
11870,5275,33,3,947.92,0.0
11871,5275,42,1,880.29,15.0
11872,5276,241,1,868.81,0.0
11873,5276,17,1,173.9,10.0
11874,5277,32,2,320.79,0.0
11875,5278,45,1,456.92,0.0
11876,5278,17,1,173.9,0.0
11877,5278,15,2,255.83,0.0
11878,5278,26,1,204.87,0.0
11879,5278,94,1,914.43,0.0
11880,5279,26,2,204.87,0.0
11881,5279,24,2,584.38,0.0
11882,5280,41,1,176.54,15.0
11883,5280,5,2,597.45,0.0
11884,5281,14,1,149.0,0.0
11885,5281,220,4,850.53,0.0
11886,5282,3,1,557.91,5.0
11887,5282,1,2,643.08,20.0
11888,5282,29,1,981.65,0.0
11889,5283,51,1,774.23,0.0
11890,5283,217,5,308.65,0.0
11891,5284,15,2,255.83,0.0
11892,5284,42,2,880.29,0.0
11893,5285,31,1,185.47,0.0
11894,5285,11,1,202.6,0.0
11895,5285,41,1,176.54,0.0
11896,5285,25,2,631.62,5.0
11897,5285,32,1,320.79,0.0
11898,5286,50,1,994.53,0.0
11899,5287,29,2,981.65,0.0
11900,5287,173,1,665.55,0.0
11901,5287,46,1,854.22,0.0
11902,5287,35,2,633.08,10.0
11903,5288,54,1,21.31,0.0
11904,5288,4,3,583.61,0.0
11905,5289,11,3,202.6,0.0
11906,5289,3,2,557.91,0.0
11907,5289,137,1,424.86,10.0
11908,5290,25,2,631.62,0.0
11909,5290,20,2,339.73,20.0
11910,5291,51,1,774.23,0.0
11911,5291,30,3,658.15,5.0
11912,5292,17,1,173.9,0.0
11913,5292,11,1,202.6,5.0
11914,5293,47,1,459.02,10.0
11915,5294,37,1,1009.52,0.0
11916,5294,12,4,677.11,10.0
11917,5295,6,1,34.19,0.0
11918,5296,169,1,863.12,0.0
11919,5296,225,1,785.87,15.0
11920,5296,33,2,947.92,5.0
11921,5297,234,3,670.43,0.0
11922,5298,15,2,255.83,0.0
11923,5298,39,4,758.76,0.0
11924,5298,25,5,631.62,5.0
11925,5299,125,1,128.01,0.0
11926,5300,1,1,643.08,0.0
11927,5300,35,2,633.08,0.0
11928,5301,1,2,643.08,5.0
11929,5301,44,1,930.25,0.0
11930,5301,33,1,947.92,0.0
11931,5302,11,1,202.6,0.0
11932,5303,23,1,236.54,0.0
11933,5303,103,2,656.03,0.0
11934,5304,29,1,981.65,15.0
11935,5304,26,1,204.87,0.0
11936,5304,32,3,320.79,0.0
11937,5305,14,1,149.0,10.0
11938,5306,37,1,1009.52,5.0
11939,5306,13,2,800.5,0.0
11940,5307,36,1,72.7,0.0
11941,5307,50,2,994.53,0.0
11942,5307,6,1,34.19,10.0
11943,5308,20,3,339.73,15.0
11944,5309,18,1,818.1,10.0
11945,5309,39,2,758.76,0.0
11946,5310,161,1,417.52,10.0
11947,5310,38,1,1016.34,0.0
11948,5310,31,1,185.47,0.0
11949,5310,42,3,880.29,0.0
11950,5310,41,1,176.54,0.0
11951,5311,38,1,1016.34,0.0
11952,5311,83,1,144.27,0.0
11953,5311,19,2,604.84,10.0
11954,5311,4,1,583.61,0.0
11955,5312,149,1,668.87,0.0
11956,5312,31,3,185.47,0.0
11957,5313,179,1,990.0,15.0
11958,5314,50,1,994.53,0.0
11959,5315,116,2,209.21,0.0
11960,5315,143,1,435.68,0.0
11961,5316,10,1,132.89,0.0
11962,5317,27,1,287.02,5.0
11963,5318,188,1,720.38,0.0
11964,5318,15,2,255.83,0.0
11965,5318,3,1,557.91,0.0
11966,5318,80,2,275.45,5.0
11967,5319,91,1,291.37,0.0
11968,5320,229,5,54.7,15.0
11969,5320,160,1,248.36,10.0
11970,5320,43,1,935.97,10.0
11971,5321,229,3,54.7,5.0
11972,5321,24,1,584.38,0.0
11973,5321,41,2,176.54,0.0
11974,5322,27,2,287.02,0.0
11975,5322,35,3,633.08,0.0
11976,5323,10,1,132.89,10.0
11977,5323,42,2,880.29,0.0
11978,5323,13,5,800.5,0.0
11979,5324,25,2,631.62,20.0
11980,5324,132,1,758.96,5.0
11981,5325,24,1,584.38,0.0
11982,5325,25,2,631.62,0.0
11983,5326,13,1,800.5,0.0
11984,5326,26,3,204.87,0.0
11985,5326,15,4,255.83,0.0
11986,5326,32,1,320.79,0.0
11987,5326,24,2,584.38,5.0
11988,5327,233,1,27.46,0.0
11989,5328,23,1,236.54,0.0
11990,5329,102,1,352.97,0.0
11991,5329,163,3,234.62,15.0
11992,5330,32,2,320.79,0.0
11993,5330,21,1,851.91,0.0
11994,5330,5,1,597.45,0.0
11995,5330,18,1,818.1,0.0
11996,5331,25,1,631.62,0.0
11997,5332,16,1,973.78,20.0
11998,5332,47,1,459.02,0.0
11999,5333,3,2,557.91,0.0
12000,5333,30,1,658.15,0.0
12001,5334,50,1,994.53,0.0
12002,5334,36,1,72.7,0.0
12003,5335,51,1,774.23,20.0
12004,5336,23,4,236.54,0.0
12005,5336,52,2,994.18,0.0
12006,5336,39,2,758.76,10.0
12007,5336,36,3,72.7,10.0
12008,5337,41,1,176.54,0.0
12009,5337,24,2,584.38,0.0
12010,5338,50,1,994.53,0.0
12011,5339,41,2,176.54,0.0
12012,5339,43,2,935.97,0.0
12013,5340,44,1,930.25,0.0
12014,5340,88,1,757.47,5.0
12015,5341,72,2,474.04,0.0
12016,5341,8,1,542.39,0.0
12017,5341,14,1,149.0,0.0
12018,5342,8,1,542.39,0.0
12019,5342,20,3,339.73,0.0
12020,5343,16,1,973.78,5.0
12021,5343,17,1,173.9,0.0
12022,5344,37,4,1009.52,0.0
12023,5345,13,2,800.5,0.0
12024,5345,161,2,417.52,0.0
12025,5345,5,2,597.45,0.0
12026,5346,13,4,800.5,0.0
12027,5346,50,1,994.53,0.0
12028,5347,29,1,981.65,0.0
12029,5347,17,2,173.9,0.0
12030,5348,4,2,583.61,0.0
12031,5348,14,5,149.0,10.0
12032,5348,32,1,320.79,0.0
12033,5349,24,1,584.38,0.0
12034,5349,5,1,597.45,15.0
12035,5349,251,1,395.15,5.0
12036,5350,8,1,542.39,0.0
12037,5350,44,1,930.25,20.0
12038,5350,49,1,1020.52,0.0
12039,5350,48,1,358.48,0.0
12040,5351,41,2,176.54,0.0
12041,5351,51,2,774.23,0.0
12042,5351,34,1,43.21,0.0
12043,5352,42,5,880.29,0.0
12044,5353,8,1,542.39,0.0
12045,5353,195,1,549.52,0.0
12046,5353,13,1,800.5,0.0
12047,5354,175,2,628.11,0.0
12048,5354,5,1,597.45,10.0
12049,5354,50,1,994.53,0.0
12050,5355,12,1,677.11,0.0
12051,5355,170,1,814.48,0.0
12052,5355,31,4,185.47,0.0
12053,5356,47,1,459.02,0.0
12054,5356,49,3,1020.52,0.0
12055,5357,25,1,631.62,10.0
12056,5357,13,1,800.5,20.0
12057,5358,12,1,677.11,0.0
12058,5359,30,1,658.15,5.0
12059,5359,29,1,981.65,10.0
12060,5360,48,1,358.48,0.0
12061,5360,120,3,983.93,0.0
12062,5361,34,1,43.21,0.0
12063,5361,42,1,880.29,0.0
12064,5361,20,1,339.73,0.0
12065,5362,234,1,670.43,20.0
12066,5362,40,1,520.37,0.0
12067,5362,50,1,994.53,0.0
12068,5363,43,1,935.97,0.0
12069,5363,44,2,930.25,0.0
12070,5364,199,1,989.05,0.0
12071,5364,130,1,625.15,0.0
12072,5365,42,3,880.29,0.0
12073,5365,44,1,930.25,0.0
12074,5366,14,1,149.0,0.0
12075,5366,256,1,83.37,0.0
12076,5366,58,1,473.18,10.0
12077,5367,13,2,800.5,5.0
12078,5368,40,1,520.37,10.0
12079,5368,10,1,132.89,5.0
12080,5368,9,1,217.62,0.0
12081,5369,46,1,854.22,15.0
12082,5369,16,3,973.78,0.0
12083,5370,6,1,34.19,0.0
12084,5370,4,1,583.61,0.0
12085,5371,24,2,584.38,0.0
12086,5371,20,1,339.73,20.0
12087,5372,5,1,597.45,0.0
12088,5372,23,1,236.54,0.0
12089,5373,33,1,947.92,15.0
12090,5374,197,1,893.87,0.0
12091,5374,234,4,670.43,5.0
12092,5375,17,3,173.9,0.0
12093,5375,142,5,89.71,0.0
12094,5375,32,2,320.79,5.0
12095,5375,26,1,204.87,10.0
12096,5375,23,1,236.54,15.0
12097,5376,19,1,604.84,0.0
12098,5377,30,1,658.15,0.0
12099,5377,35,1,633.08,0.0
12100,5378,39,1,758.76,0.0
12101,5378,236,1,384.32,0.0
12102,5378,4,2,583.61,0.0
12103,5379,28,1,662.55,0.0
12104,5379,23,3,236.54,5.0
12105,5380,1,3,643.08,0.0
12106,5380,96,1,1121.55,0.0
12107,5381,13,1,800.5,10.0
12108,5382,20,1,339.73,0.0
12109,5382,33,2,947.92,5.0
12110,5383,34,2,43.21,0.0
12111,5383,2,2,394.13,20.0
12112,5383,18,2,818.1,0.0
12113,5384,146,3,1020.84,10.0
12114,5384,32,1,320.79,5.0
12115,5385,4,1,583.61,10.0
12116,5385,43,3,935.97,5.0
12117,5386,46,3,854.22,0.0
12118,5386,16,1,973.78,5.0
12119,5387,52,2,994.18,10.0
12120,5387,31,1,185.47,20.0
12121,5388,44,1,930.25,0.0
12122,5388,19,1,604.84,0.0
12123,5389,26,1,204.87,0.0
12124,5389,52,1,994.18,0.0
12125,5390,29,3,981.65,0.0
12126,5391,20,2,339.73,20.0
12127,5392,141,3,991.87,0.0
12128,5392,2,1,394.13,0.0
12129,5393,41,1,176.54,0.0
12130,5393,40,1,520.37,5.0
12131,5394,103,1,656.03,0.0
12132,5394,46,2,854.22,0.0
12133,5395,8,1,542.39,5.0
12134,5395,16,1,973.78,0.0
12135,5395,7,1,62.52,5.0
12136,5395,47,3,459.02,0.0
12137,5396,9,1,217.62,0.0
12138,5396,112,1,1017.21,0.0
12139,5396,11,5,202.6,0.0
12140,5397,15,2,255.83,0.0
12141,5398,187,3,215.12,0.0
12142,5398,41,1,176.54,5.0
12143,5398,7,1,62.52,20.0
12144,5398,203,1,131.33,0.0
12145,5399,58,2,473.18,20.0
12146,5399,8,1,542.39,0.0
12147,5400,177,1,592.34,5.0
12148,5401,109,3,663.14,10.0
12149,5402,48,2,358.48,0.0
12150,5403,3,1,557.91,0.0
12151,5404,49,2,1020.52,0.0
12152,5404,52,1,994.18,0.0
12153,5404,130,1,625.15,0.0
12154,5404,10,1,132.89,0.0
12155,5405,164,1,211.12,0.0
12156,5405,128,1,1064.68,0.0
12157,5406,98,1,932.39,0.0
12158,5406,32,4,320.79,0.0
12159,5406,34,2,43.21,0.0
12160,5406,4,2,583.61,0.0
12161,5406,20,1,339.73,0.0
12162,5407,20,1,339.73,0.0
12163,5407,103,1,656.03,15.0
12164,5408,170,1,814.48,10.0
12165,5409,50,2,994.53,10.0
12166,5410,73,4,831.13,0.0
12167,5410,22,1,457.79,0.0
12168,5410,254,1,1202.51,0.0
12169,5410,14,1,149.0,0.0
12170,5411,12,2,677.11,0.0
12171,5411,16,1,973.78,0.0
12172,5411,39,2,758.76,10.0
12173,5412,1,3,643.08,15.0
12174,5412,20,3,339.73,0.0
12175,5412,36,1,72.7,0.0
12176,5413,17,1,173.9,0.0
12177,5413,52,1,994.18,0.0
12178,5413,12,3,677.11,0.0
12179,5414,45,1,456.92,10.0
12180,5414,188,1,720.38,0.0
12181,5415,5,3,597.45,0.0
12182,5416,122,1,246.21,10.0
12183,5416,146,2,1020.84,0.0
12184,5416,21,4,851.91,0.0
12185,5416,20,1,339.73,5.0
12186,5416,202,1,427.54,0.0
12187,5417,32,5,320.79,0.0
12188,5417,35,1,633.08,0.0
12189,5418,47,1,459.02,0.0
12190,5419,46,1,854.22,0.0
12191,5419,50,2,994.53,0.0
12192,5420,126,2,757.74,0.0
12193,5421,99,2,255.18,0.0
12194,5421,195,1,549.52,0.0
12195,5421,32,3,320.79,0.0
12196,5422,32,2,320.79,0.0
12197,5422,8,1,542.39,0.0
12198,5422,165,1,882.32,10.0
12199,5423,34,2,43.21,5.0
12200,5423,45,2,456.92,10.0
12201,5424,49,1,1020.52,10.0
12202,5424,3,1,557.91,0.0
12203,5425,49,2,1020.52,20.0
12204,5425,13,1,800.5,0.0
12205,5426,20,1,339.73,0.0
12206,5427,26,1,204.87,10.0
12207,5428,125,1,128.01,0.0
12208,5429,47,2,459.02,0.0
12209,5430,37,1,1009.52,0.0
12210,5430,15,4,255.83,0.0
12211,5431,32,1,320.79,0.0
12212,5431,45,1,456.92,0.0
12213,5432,32,1,320.79,5.0
12214,5433,21,3,851.91,0.0
12215,5434,94,1,914.43,0.0
12216,5434,157,1,388.76,0.0
12217,5434,201,3,232.35,0.0
12218,5435,5,1,597.45,0.0
12219,5435,22,1,457.79,0.0
12220,5436,19,1,604.84,0.0
12221,5436,6,1,34.19,0.0
12222,5436,16,1,973.78,0.0
12223,5436,17,1,173.9,0.0
12224,5437,2,1,394.13,0.0
12225,5437,258,1,563.1,0.0
12226,5437,184,2,196.43,0.0
12227,5438,52,1,994.18,0.0
12228,5439,194,1,328.13,5.0
12229,5439,18,1,818.1,0.0
12230,5440,201,2,232.35,0.0
12231,5441,168,1,838.87,0.0
12232,5441,8,1,542.39,0.0
12233,5442,241,1,868.81,20.0
12234,5442,25,1,631.62,0.0
12235,5442,177,1,592.34,0.0
12236,5443,43,2,935.97,10.0
12237,5443,45,2,456.92,15.0
12238,5444,232,2,968.09,0.0
12239,5444,65,2,1039.76,0.0
12240,5444,29,1,981.65,10.0
12241,5445,23,2,236.54,10.0
12242,5445,34,1,43.21,10.0
12243,5445,141,2,991.87,20.0
12244,5446,3,1,557.91,0.0
12245,5446,5,4,597.45,0.0
12246,5447,209,2,521.49,5.0
12247,5447,144,2,927.22,0.0
12248,5448,149,1,668.87,15.0
12249,5448,12,3,677.11,0.0
12250,5448,59,1,251.22,0.0
12251,5449,23,1,236.54,0.0
12252,5449,1,1,643.08,0.0
12253,5449,43,1,935.97,10.0
12254,5449,37,1,1009.52,0.0
12255,5450,37,1,1009.52,15.0
12256,5451,42,1,880.29,0.0
12257,5452,7,1,62.52,0.0
12258,5452,41,1,176.54,0.0
12259,5453,15,3,255.83,0.0
12260,5454,29,5,981.65,15.0
12261,5455,12,1,677.11,0.0
12262,5456,31,1,185.47,0.0
12263,5456,37,1,1009.52,0.0
12264,5456,243,1,1116.94,5.0
12265,5456,7,2,62.52,0.0
12266,5457,35,5,633.08,5.0
12267,5458,137,3,424.86,0.0
12268,5458,32,1,320.79,0.0
12269,5459,15,1,255.83,5.0
12270,5459,10,1,132.89,10.0
12271,5459,42,1,880.29,0.0
12272,5460,29,2,981.65,0.0
12273,5461,62,1,77.39,0.0
12274,5461,125,1,128.01,0.0
12275,5461,161,2,417.52,15.0
12276,5462,32,1,320.79,10.0
12277,5463,29,1,981.65,0.0
12278,5463,17,2,173.9,10.0
12279,5463,87,2,812.54,0.0
12280,5463,248,1,249.31,20.0
12281,5464,14,1,149.0,10.0
12282,5465,33,2,947.92,10.0
12283,5466,34,1,43.21,15.0
12284,5467,52,2,994.18,10.0
12285,5467,8,1,542.39,0.0
12286,5468,46,1,854.22,0.0
12287,5469,4,1,583.61,0.0
12288,5469,140,2,441.37,0.0
12289,5470,37,1,1009.52,0.0
12290,5470,5,1,597.45,0.0
12291,5471,33,2,947.92,0.0
12292,5471,31,1,185.47,5.0
12293,5471,46,5,854.22,0.0
12294,5472,24,1,584.38,0.0
12295,5472,6,1,34.19,0.0
12296,5473,17,1,173.9,0.0
12297,5474,19,1,604.84,0.0
12298,5475,27,3,287.02,0.0
12299,5476,22,1,457.79,0.0
12300,5477,162,5,82.72,5.0
12301,5477,6,2,34.19,5.0
12302,5478,9,1,217.62,0.0
12303,5479,49,2,1020.52,0.0
12304,5479,34,2,43.21,0.0
12305,5479,22,1,457.79,5.0
12306,5479,88,1,757.47,0.0
12307,5480,31,1,185.47,0.0
12308,5480,3,1,557.91,0.0
12309,5481,249,2,229.0,0.0
12310,5481,23,4,236.54,0.0
12311,5481,25,1,631.62,0.0
12312,5481,30,1,658.15,0.0
12313,5482,14,3,149.0,10.0
12314,5483,201,1,232.35,0.0
12315,5483,49,1,1020.52,10.0
12316,5483,10,3,132.89,0.0
12317,5484,26,4,204.87,0.0
12318,5485,192,1,282.66,5.0
12319,5486,18,1,818.1,0.0
12320,5486,39,1,758.76,0.0
12321,5487,241,1,868.81,0.0
12322,5487,32,1,320.79,15.0
12323,5488,48,1,358.48,0.0
12324,5488,42,1,880.29,10.0
12325,5488,184,2,196.43,10.0
12326,5489,45,2,456.92,0.0
12327,5489,175,3,628.11,20.0
12328,5490,10,3,132.89,5.0
12329,5490,16,2,973.78,0.0
12330,5491,80,1,275.45,0.0
12331,5491,15,2,255.83,0.0
12332,5492,45,1,456.92,0.0
12333,5492,50,1,994.53,0.0
12334,5492,87,1,812.54,0.0
12335,5493,11,1,202.6,20.0
12336,5493,3,1,557.91,0.0
12337,5494,51,1,774.23,10.0
12338,5494,36,1,72.7,0.0
12339,5494,235,1,180.69,0.0
12340,5494,3,2,557.91,0.0
12341,5494,20,5,339.73,0.0
12342,5495,17,1,173.9,15.0
12343,5495,74,2,166.27,10.0
12344,5495,52,4,994.18,20.0
12345,5496,32,1,320.79,0.0
12346,5497,20,1,339.73,15.0
12347,5497,46,1,854.22,0.0
12348,5497,27,1,287.02,0.0
12349,5497,4,1,583.61,0.0
12350,5497,10,2,132.89,0.0
12351,5498,51,2,774.23,10.0
12352,5499,235,3,180.69,0.0
12353,5499,41,1,176.54,15.0
12354,5499,3,2,557.91,0.0
12355,5499,24,1,584.38,15.0
12356,5500,59,1,251.22,0.0
12357,5500,21,2,851.91,0.0
12358,5501,8,3,542.39,0.0
12359,5501,134,2,426.27,0.0
12360,5501,176,2,576.9,0.0
12361,5501,20,2,339.73,0.0
12362,5502,38,2,1016.34,0.0
12363,5502,29,1,981.65,20.0
12364,5503,4,1,583.61,0.0
12365,5503,7,1,62.52,20.0
12366,5504,10,1,132.89,0.0
12367,5504,55,2,479.69,0.0
12368,5505,36,2,72.7,0.0
12369,5505,211,1,1092.93,0.0
12370,5505,52,1,994.18,0.0
12371,5506,44,2,930.25,0.0
12372,5506,81,4,77.19,0.0
12373,5507,35,2,633.08,0.0
12374,5508,25,1,631.62,0.0
12375,5508,240,2,81.35,0.0
12376,5509,186,2,919.63,10.0
12377,5509,10,3,132.89,0.0
12378,5509,20,2,339.73,15.0
12379,5510,114,1,279.33,0.0
12380,5510,12,2,677.11,0.0
12381,5511,10,1,132.89,0.0
12382,5511,13,1,800.5,20.0
12383,5512,6,1,34.19,0.0
12384,5512,32,1,320.79,15.0
12385,5513,40,3,520.37,0.0
12386,5513,44,3,930.25,0.0
12387,5514,15,1,255.83,0.0
12388,5514,43,1,935.97,0.0
12389,5515,68,1,245.03,0.0
12390,5515,48,2,358.48,0.0
12391,5516,42,1,880.29,0.0
12392,5516,40,1,520.37,0.0
12393,5516,7,3,62.52,15.0
12394,5516,50,1,994.53,0.0
12395,5517,23,1,236.54,0.0
12396,5517,30,1,658.15,10.0
12397,5518,10,1,132.89,0.0
12398,5519,8,3,542.39,20.0
12399,5520,36,1,72.7,0.0
12400,5521,125,2,128.01,0.0
12401,5522,24,2,584.38,0.0
12402,5522,2,1,394.13,5.0
12403,5522,41,1,176.54,15.0
12404,5523,169,3,863.12,15.0
12405,5523,82,1,1090.89,5.0
12406,5523,19,1,604.84,0.0
12407,5524,28,4,662.55,0.0
12408,5524,20,3,339.73,0.0
12409,5525,30,1,658.15,20.0
12410,5525,204,2,504.77,5.0
12411,5525,18,1,818.1,10.0
12412,5526,20,1,339.73,0.0
12413,5526,51,1,774.23,5.0
12414,5526,21,1,851.91,0.0
12415,5527,4,1,583.61,20.0
12416,5527,23,1,236.54,0.0
12417,5528,3,1,557.91,10.0
12418,5528,20,1,339.73,0.0
12419,5528,129,2,44.87,0.0
12420,5529,42,1,880.29,0.0
12421,5529,21,5,851.91,0.0
12422,5530,133,2,245.7,0.0
12423,5530,6,4,34.19,0.0
12424,5530,37,1,1009.52,0.0
12425,5531,8,1,542.39,0.0
12426,5531,37,1,1009.52,0.0
12427,5531,46,1,854.22,0.0
12428,5532,45,1,456.92,0.0
12429,5532,37,1,1009.52,20.0
12430,5533,5,1,597.45,0.0
12431,5533,160,1,248.36,0.0
12432,5534,8,1,542.39,5.0
12433,5535,39,2,758.76,0.0
12434,5535,29,1,981.65,10.0
12435,5536,96,1,1121.55,0.0
12436,5536,2,1,394.13,0.0
12437,5537,4,3,583.61,0.0
12438,5538,19,2,604.84,0.0
12439,5538,26,4,204.87,0.0
12440,5538,68,1,245.03,5.0
12441,5539,2,1,394.13,0.0
12442,5539,33,1,947.92,0.0
12443,5539,40,1,520.37,0.0
12444,5539,15,1,255.83,0.0
12445,5540,52,2,994.18,0.0
12446,5541,20,3,339.73,0.0
12447,5541,18,1,818.1,0.0
12448,5542,12,1,677.11,15.0
12449,5543,199,1,989.05,0.0
12450,5543,10,1,132.89,10.0
12451,5544,1,1,643.08,0.0
12452,5544,48,1,358.48,10.0
12453,5544,35,1,633.08,5.0
12454,5544,16,1,973.78,0.0
12455,5544,17,1,173.9,10.0
12456,5545,47,1,459.02,0.0
12457,5546,64,1,586.27,0.0
12458,5547,29,1,981.65,0.0
12459,5548,27,1,287.02,5.0
12460,5548,3,1,557.91,5.0
12461,5549,2,1,394.13,0.0
12462,5549,146,2,1020.84,10.0
12463,5549,39,1,758.76,0.0
12464,5550,19,1,604.84,10.0
12465,5550,11,1,202.6,20.0
12466,5551,10,1,132.89,10.0
12467,5551,14,4,149.0,0.0
12468,5552,15,4,255.83,0.0
12469,5553,41,1,176.54,0.0
12470,5554,17,1,173.9,0.0
12471,5554,52,1,994.18,5.0
12472,5555,79,1,861.19,20.0
12473,5555,11,3,202.6,0.0
12474,5555,42,1,880.29,0.0
12475,5556,50,1,994.53,0.0
12476,5556,8,1,542.39,0.0
12477,5556,93,1,626.68,0.0
12478,5557,42,1,880.29,0.0
12479,5557,196,1,925.9,0.0
12480,5558,40,2,520.37,0.0
12481,5558,13,2,800.5,5.0
12482,5558,46,1,854.22,5.0
12483,5559,6,2,34.19,0.0
12484,5559,47,2,459.02,5.0
12485,5559,72,1,474.04,15.0
12486,5559,39,1,758.76,0.0
12487,5560,15,1,255.83,20.0
12488,5560,52,1,994.18,0.0
12489,5561,13,3,800.5,20.0
12490,5561,29,1,981.65,0.0
12491,5562,8,1,542.39,0.0
12492,5563,18,1,818.1,10.0
12493,5563,26,1,204.87,20.0
12494,5564,6,2,34.19,5.0
12495,5564,228,1,24.69,15.0
12496,5565,12,3,677.11,10.0
12497,5565,29,1,981.65,0.0
12498,5566,147,1,490.87,15.0
12499,5566,16,1,973.78,0.0
12500,5566,50,2,994.53,10.0
12501,5567,26,2,204.87,0.0
12502,5567,36,1,72.7,0.0
12503,5568,3,1,557.91,10.0
12504,5568,44,1,930.25,0.0
12505,5569,21,1,851.91,5.0
12506,5569,4,1,583.61,5.0
12507,5570,47,1,459.02,20.0
12508,5570,38,1,1016.34,0.0
12509,5571,34,1,43.21,0.0
12510,5571,23,1,236.54,0.0
12511,5572,10,1,132.89,0.0
12512,5572,231,1,765.07,0.0
12513,5572,6,2,34.19,5.0
12514,5572,45,2,456.92,0.0
12515,5573,40,4,520.37,10.0
12516,5573,76,1,920.83,0.0
12517,5574,11,1,202.6,0.0
12518,5574,16,3,973.78,0.0
12519,5574,57,2,966.47,0.0
12520,5574,24,1,584.38,0.0
12521,5575,190,1,998.17,15.0
12522,5576,33,2,947.92,0.0
12523,5576,29,1,981.65,0.0
12524,5577,29,3,981.65,15.0
12525,5577,42,2,880.29,0.0
12526,5578,90,1,491.54,5.0
12527,5579,28,1,662.55,0.0
12528,5579,26,1,204.87,10.0
12529,5580,49,1,1020.52,0.0
12530,5580,3,1,557.91,0.0
12531,5580,12,2,677.11,0.0
12532,5581,14,1,149.0,0.0
12533,5581,29,1,981.65,0.0
12534,5581,10,3,132.89,0.0
12535,5582,35,3,633.08,0.0
12536,5583,3,1,557.91,0.0
12537,5584,11,1,202.6,10.0
12538,5584,20,3,339.73,0.0
12539,5585,10,2,132.89,0.0
12540,5585,2,1,394.13,0.0
12541,5585,44,2,930.25,0.0
12542,5585,33,1,947.92,0.0
12543,5586,40,1,520.37,10.0
12544,5586,41,4,176.54,0.0
12545,5586,42,2,880.29,0.0
12546,5587,70,1,532.42,10.0
12547,5588,22,2,457.79,0.0
12548,5588,139,2,544.47,0.0
12549,5588,31,1,185.47,5.0
12550,5588,248,3,249.31,0.0
12551,5589,24,2,584.38,5.0
12552,5589,39,2,758.76,0.0
12553,5589,40,2,520.37,5.0
12554,5589,57,2,966.47,0.0
12555,5589,69,1,819.14,0.0
12556,5590,238,2,31.94,0.0
12557,5591,32,3,320.79,5.0
12558,5591,3,1,557.91,5.0
12559,5592,25,1,631.62,0.0
12560,5593,15,1,255.83,20.0
12561,5593,29,3,981.65,0.0
12562,5593,9,1,217.62,0.0
12563,5593,11,3,202.6,0.0
12564,5594,22,1,457.79,0.0
12565,5594,44,1,930.25,0.0
12566,5595,6,1,34.19,0.0
12567,5596,49,2,1020.52,0.0
12568,5596,9,1,217.62,15.0
12569,5597,41,1,176.54,0.0
12570,5597,14,1,149.0,10.0
12571,5597,23,1,236.54,0.0
12572,5598,20,2,339.73,0.0
12573,5598,37,1,1009.52,0.0
12574,5598,42,2,880.29,0.0
12575,5599,253,1,352.37,0.0
12576,5600,45,2,456.92,0.0
12577,5600,226,1,855.84,0.0
12578,5600,49,1,1020.52,0.0
12579,5601,20,3,339.73,0.0
12580,5601,5,1,597.45,0.0
12581,5601,184,1,196.43,20.0
12582,5601,9,2,217.62,0.0
12583,5602,18,2,818.1,0.0
12584,5602,32,3,320.79,0.0
12585,5602,3,1,557.91,5.0
12586,5602,248,2,249.31,10.0
12587,5603,44,1,930.25,0.0
12588,5604,41,1,176.54,0.0
12589,5604,51,1,774.23,0.0
12590,5605,42,1,880.29,0.0
12591,5605,51,4,774.23,0.0
12592,5606,39,1,758.76,0.0
12593,5606,27,1,287.02,0.0
12594,5607,50,2,994.53,0.0
12595,5607,10,2,132.89,15.0
12596,5607,20,2,339.73,0.0
12597,5608,220,1,850.53,15.0
12598,5609,35,2,633.08,0.0
12599,5610,9,1,217.62,0.0
12600,5611,5,3,597.45,20.0
12601,5611,27,1,287.02,0.0
12602,5612,41,4,176.54,20.0
12603,5612,22,2,457.79,0.0
12604,5612,14,2,149.0,0.0
12605,5613,6,3,34.19,0.0
12606,5613,14,1,149.0,0.0
12607,5613,43,1,935.97,0.0
12608,5614,31,1,185.47,0.0
12609,5614,41,3,176.54,20.0
12610,5615,254,1,1202.51,0.0
12611,5616,219,1,503.95,20.0
12612,5616,36,1,72.7,15.0
12613,5617,45,2,456.92,0.0
12614,5617,22,1,457.79,0.0
12615,5617,30,2,658.15,0.0
12616,5618,49,1,1020.52,10.0
12617,5619,3,1,557.91,0.0
12618,5619,167,1,356.11,15.0
12619,5619,74,2,166.27,0.0
12620,5619,8,1,542.39,0.0
12621,5619,95,1,179.64,0.0
12622,5620,130,1,625.15,0.0
12623,5621,39,1,758.76,0.0
12624,5622,27,1,287.02,0.0
12625,5622,21,1,851.91,5.0
12626,5623,33,1,947.92,10.0
12627,5623,238,1,31.94,0.0
12628,5624,254,1,1202.51,5.0
12629,5625,30,1,658.15,0.0
12630,5626,21,1,851.91,5.0
12631,5627,45,1,456.92,0.0
12632,5627,31,1,185.47,0.0
12633,5628,24,2,584.38,5.0
12634,5628,22,2,457.79,0.0
12635,5628,47,1,459.02,0.0
12636,5629,39,2,758.76,20.0
12637,5629,243,3,1116.94,0.0
12638,5630,14,1,149.0,5.0
12639,5630,9,1,217.62,5.0
12640,5631,10,1,132.89,5.0
12641,5631,17,1,173.9,0.0
12642,5631,15,1,255.83,20.0
12643,5631,229,5,54.7,0.0
12644,5632,29,2,981.65,0.0
12645,5633,25,1,631.62,0.0
12646,5634,44,1,930.25,0.0
12647,5634,35,1,633.08,0.0
12648,5634,21,3,851.91,5.0
12649,5634,31,2,185.47,0.0
12650,5635,23,2,236.54,0.0
12651,5635,8,1,542.39,20.0
12652,5635,36,3,72.7,0.0
12653,5636,61,1,882.1,0.0
12654,5636,106,2,65.61,0.0
12655,5636,27,1,287.02,0.0
12656,5637,26,5,204.87,0.0
12657,5637,41,1,176.54,0.0
12658,5638,22,2,457.79,5.0
12659,5638,20,2,339.73,5.0
12660,5638,43,2,935.97,0.0
12661,5639,252,1,686.58,10.0
12662,5639,50,1,994.53,0.0
12663,5640,229,1,54.7,0.0
12664,5641,41,1,176.54,10.0
12665,5641,31,1,185.47,0.0
12666,5641,228,1,24.69,0.0
12667,5642,16,2,973.78,0.0
12668,5642,37,1,1009.52,0.0
12669,5643,7,2,62.52,15.0
12670,5643,14,3,149.0,0.0
12671,5643,1,1,643.08,10.0
12672,5643,41,2,176.54,0.0
12673,5644,26,2,204.87,0.0
12674,5644,182,1,653.31,0.0
12675,5645,48,2,358.48,0.0
12676,5646,16,1,973.78,0.0
12677,5646,45,3,456.92,5.0
12678,5646,46,1,854.22,0.0
12679,5647,19,3,604.84,10.0
12680,5648,39,1,758.76,15.0
12681,5648,7,1,62.52,5.0
12682,5649,1,1,643.08,0.0
12683,5650,50,1,994.53,10.0
12684,5650,18,2,818.1,0.0
12685,5651,8,1,542.39,0.0
12686,5651,44,4,930.25,0.0
12687,5652,45,1,456.92,0.0
12688,5652,51,1,774.23,0.0
12689,5652,30,1,658.15,0.0
12690,5653,149,2,668.87,0.0
12691,5653,206,1,532.41,0.0
12692,5654,12,1,677.11,0.0
12693,5654,20,1,339.73,0.0
12694,5655,9,5,217.62,5.0
12695,5655,14,1,149.0,0.0
12696,5656,36,1,72.7,0.0
12697,5656,89,2,568.71,5.0
12698,5656,29,3,981.65,10.0
12699,5656,38,1,1016.34,0.0
12700,5657,11,1,202.6,0.0
12701,5657,47,1,459.02,0.0
12702,5658,4,2,583.61,0.0
12703,5658,18,1,818.1,0.0
12704,5658,2,2,394.13,0.0
12705,5659,68,1,245.03,10.0
12706,5660,14,2,149.0,5.0
12707,5660,17,1,173.9,0.0
12708,5661,128,1,1064.68,5.0
12709,5661,5,3,597.45,0.0
12710,5662,33,2,947.92,0.0
12711,5663,8,1,542.39,0.0
12712,5663,17,1,173.9,0.0
12713,5664,9,1,217.62,15.0
12714,5664,43,1,935.97,0.0
12715,5665,31,2,185.47,0.0
12716,5666,35,1,633.08,0.0
12717,5666,18,1,818.1,15.0
12718,5666,4,1,583.61,0.0
12719,5667,7,1,62.52,15.0
12720,5667,49,1,1020.52,10.0
12721,5667,37,1,1009.52,15.0
12722,5668,34,3,43.21,0.0
12723,5669,64,1,586.27,0.0
12724,5669,44,3,930.25,20.0
12725,5670,1,1,643.08,0.0
12726,5670,37,1,1009.52,0.0
12727,5671,258,1,563.1,0.0
12728,5672,14,1,149.0,0.0
12729,5673,48,1,358.48,10.0
12730,5673,37,1,1009.52,0.0
12731,5674,14,1,149.0,0.0
12732,5674,35,1,633.08,0.0
12733,5674,27,1,287.02,0.0
12734,5674,19,2,604.84,0.0
12735,5674,52,5,994.18,0.0
12736,5675,196,3,925.9,0.0
12737,5675,237,3,938.43,0.0
12738,5675,22,2,457.79,20.0
12739,5676,5,1,597.45,10.0
12740,5676,29,1,981.65,0.0
12741,5677,222,1,752.95,0.0
12742,5677,165,2,882.32,0.0
12743,5677,231,2,765.07,0.0
12744,5677,172,1,225.41,10.0
12745,5678,29,1,981.65,0.0
12746,5679,257,2,118.54,0.0
12747,5679,46,1,854.22,0.0
12748,5680,38,2,1016.34,0.0
12749,5680,3,1,557.91,0.0
12750,5680,50,1,994.53,5.0
12751,5681,24,2,584.38,10.0
12752,5681,16,4,973.78,10.0
12753,5681,46,1,854.22,5.0
12754,5682,40,1,520.37,0.0
12755,5682,35,2,633.08,15.0
12756,5682,26,1,204.87,0.0
12757,5683,44,1,930.25,0.0
12758,5683,144,1,927.22,20.0
12759,5683,45,3,456.92,0.0
12760,5684,16,2,973.78,10.0
12761,5684,24,2,584.38,10.0
12762,5685,5,1,597.45,0.0
12763,5686,44,1,930.25,0.0
12764,5687,14,1,149.0,20.0
12765,5687,32,1,320.79,0.0
12766,5687,21,1,851.91,0.0
12767,5687,27,5,287.02,0.0
12768,5688,36,2,72.7,0.0
12769,5688,18,1,818.1,5.0
12770,5689,47,1,459.02,15.0
12771,5690,48,3,358.48,0.0
12772,5690,35,1,633.08,5.0
12773,5690,67,1,808.59,0.0
12774,5691,14,2,149.0,5.0
12775,5692,41,3,176.54,0.0
12776,5692,181,2,115.49,10.0
12777,5693,10,2,132.89,0.0
12778,5693,37,3,1009.52,0.0
12779,5693,20,1,339.73,10.0
12780,5693,19,1,604.84,0.0
12781,5694,205,1,227.28,15.0
12782,5694,4,1,583.61,5.0
12783,5694,13,1,800.5,0.0
12784,5695,11,1,202.6,0.0
12785,5695,115,1,625.25,0.0
12786,5695,49,1,1020.52,5.0
12787,5696,212,1,665.42,0.0
12788,5696,77,1,561.47,5.0
12789,5697,51,1,774.23,15.0
12790,5697,48,1,358.48,5.0
12791,5697,177,3,592.34,0.0
12792,5697,8,1,542.39,15.0
12793,5698,137,1,424.86,0.0
12794,5699,7,1,62.52,0.0
12795,5699,19,1,604.84,5.0
12796,5699,42,1,880.29,0.0
12797,5700,24,3,584.38,20.0
12798,5700,18,1,818.1,0.0
12799,5700,17,2,173.9,0.0
12800,5700,39,1,758.76,0.0
12801,5700,43,1,935.97,5.0
12802,5701,27,3,287.02,0.0
12803,5701,23,2,236.54,0.0
12804,5701,19,2,604.84,0.0
12805,5701,46,1,854.22,0.0
12806,5702,220,2,850.53,0.0
12807,5702,18,2,818.1,0.0
12808,5703,18,2,818.1,10.0
12809,5704,48,3,358.48,0.0
12810,5705,67,3,808.59,20.0
12811,5706,121,2,223.46,15.0
12812,5706,30,1,658.15,10.0
12813,5707,50,3,994.53,5.0
12814,5707,14,2,149.0,0.0
12815,5708,20,2,339.73,0.0
12816,5708,12,3,677.11,0.0
12817,5708,32,2,320.79,0.0
12818,5709,41,1,176.54,0.0
12819,5709,241,1,868.81,0.0
12820,5709,37,3,1009.52,0.0
12821,5710,26,1,204.87,0.0
12822,5710,44,1,930.25,0.0
12823,5710,50,1,994.53,10.0
12824,5711,10,1,132.89,0.0
12825,5711,42,3,880.29,0.0
12826,5712,7,4,62.52,0.0
12827,5712,16,1,973.78,10.0
12828,5712,18,2,818.1,0.0
12829,5713,42,1,880.29,0.0
12830,5713,51,1,774.23,10.0
12831,5714,39,1,758.76,0.0
12832,5714,14,1,149.0,0.0
12833,5714,13,2,800.5,5.0
12834,5715,18,2,818.1,0.0
12835,5715,214,1,836.23,0.0
12836,5715,115,1,625.25,10.0
12837,5716,45,2,456.92,0.0
12838,5717,37,1,1009.52,0.0
12839,5717,34,1,43.21,0.0
12840,5717,24,1,584.38,0.0
12841,5718,10,2,132.89,0.0
12842,5718,40,2,520.37,0.0
12843,5719,25,1,631.62,15.0
12844,5719,27,1,287.02,5.0
12845,5719,40,2,520.37,0.0
12846,5720,16,2,973.78,20.0
12847,5720,18,1,818.1,0.0
12848,5721,30,1,658.15,10.0
12849,5721,12,1,677.11,0.0
12850,5721,52,1,994.18,0.0
12851,5721,151,1,662.95,0.0
12852,5722,15,1,255.83,10.0
12853,5723,47,1,459.02,5.0
12854,5723,22,2,457.79,0.0
12855,5724,34,1,43.21,0.0
12856,5724,25,1,631.62,0.0
12857,5724,57,1,966.47,0.0
12858,5725,11,2,202.6,0.0
12859,5726,11,2,202.6,5.0
12860,5727,41,3,176.54,15.0
12861,5727,20,1,339.73,0.0
12862,5728,24,1,584.38,0.0
12863,5729,19,2,604.84,0.0
12864,5729,236,1,384.32,0.0
12865,5729,27,1,287.02,0.0
12866,5730,42,1,880.29,10.0
12867,5730,11,1,202.6,0.0
12868,5731,249,1,229.0,0.0
12869,5732,8,1,542.39,20.0
12870,5733,31,1,185.47,0.0
12871,5733,30,1,658.15,10.0
12872,5734,4,1,583.61,0.0
12873,5734,49,1,1020.52,0.0
12874,5734,213,2,50.55,10.0
12875,5734,35,3,633.08,10.0
12876,5735,52,1,994.18,0.0
12877,5736,6,2,34.19,10.0
12878,5736,16,1,973.78,0.0
12879,5736,30,2,658.15,15.0
12880,5736,38,1,1016.34,0.0
12881,5736,35,1,633.08,0.0
12882,5737,37,2,1009.52,15.0
12883,5737,126,2,757.74,15.0
12884,5737,35,1,633.08,0.0
12885,5738,51,1,774.23,0.0
12886,5739,31,2,185.47,0.0
12887,5739,1,2,643.08,5.0
12888,5740,179,2,990.0,0.0
12889,5741,32,4,320.79,0.0
12890,5741,145,2,916.31,0.0
12891,5741,41,1,176.54,0.0
12892,5742,39,3,758.76,0.0
12893,5743,6,2,34.19,0.0
12894,5743,1,2,643.08,0.0
12895,5743,47,1,459.02,20.0
12896,5744,17,1,173.9,0.0
12897,5744,9,1,217.62,0.0
12898,5745,14,4,149.0,0.0
12899,5746,128,1,1064.68,0.0
12900,5747,10,1,132.89,15.0
12901,5748,39,2,758.76,0.0
12902,5748,140,1,441.37,0.0
12903,5749,4,3,583.61,0.0
12904,5750,39,1,758.76,0.0
12905,5750,16,1,973.78,0.0
12906,5750,20,1,339.73,10.0
12907,5750,207,4,991.04,0.0
12908,5751,31,1,185.47,0.0
12909,5751,26,1,204.87,0.0
12910,5752,22,1,457.79,0.0
12911,5753,35,2,633.08,20.0
12912,5753,27,2,287.02,0.0
12913,5753,185,1,339.91,0.0
12914,5753,39,1,758.76,0.0
12915,5753,5,1,597.45,5.0
12916,5754,133,2,245.7,0.0
12917,5754,51,1,774.23,0.0
12918,5754,31,2,185.47,0.0
12919,5754,45,2,456.92,20.0
12920,5755,40,1,520.37,0.0
12921,5755,16,4,973.78,0.0
12922,5755,28,1,662.55,0.0
12923,5756,49,1,1020.52,10.0
12924,5756,14,1,149.0,0.0
12925,5756,156,2,410.55,15.0
12926,5757,23,3,236.54,0.0
12927,5757,153,1,378.51,0.0
12928,5758,15,1,255.83,0.0
12929,5758,20,1,339.73,10.0
12930,5759,1,3,643.08,0.0
12931,5760,176,1,576.9,0.0
12932,5760,43,1,935.97,0.0
12933,5760,26,2,204.87,0.0
12934,5761,65,2,1039.76,0.0
12935,5761,52,1,994.18,5.0
12936,5761,37,4,1009.52,0.0
12937,5762,167,2,356.11,0.0
12938,5762,228,2,24.69,0.0
12939,5763,43,1,935.97,5.0
12940,5764,2,1,394.13,0.0
12941,5764,40,2,520.37,0.0
12942,5765,43,2,935.97,0.0
12943,5765,35,1,633.08,10.0
12944,5766,8,1,542.39,0.0
12945,5767,2,2,394.13,0.0
12946,5768,41,1,176.54,0.0
12947,5769,18,1,818.1,5.0
12948,5769,35,1,633.08,0.0
12949,5770,14,2,149.0,0.0
12950,5770,37,3,1009.52,0.0
12951,5770,39,3,758.76,0.0
12952,5771,37,1,1009.52,10.0
12953,5771,95,1,179.64,0.0
12954,5772,16,3,973.78,10.0
12955,5773,227,1,342.68,0.0
12956,5773,10,2,132.89,0.0
12957,5773,29,1,981.65,5.0
12958,5774,26,1,204.87,0.0
12959,5774,39,2,758.76,0.0
12960,5774,35,1,633.08,20.0
12961,5774,50,1,994.53,0.0
12962,5775,12,2,677.11,5.0
12963,5775,1,2,643.08,0.0
12964,5776,3,1,557.91,0.0
12965,5777,5,1,597.45,0.0
12966,5777,218,1,658.32,0.0
12967,5777,138,2,285.18,0.0
12968,5778,35,1,633.08,5.0
12969,5778,48,1,358.48,0.0
12970,5779,20,1,339.73,0.0
12971,5779,13,1,800.5,0.0
12972,5779,26,2,204.87,0.0
12973,5780,36,1,72.7,5.0
12974,5781,28,2,662.55,10.0
12975,5781,14,1,149.0,20.0
12976,5781,37,2,1009.52,5.0
12977,5781,15,2,255.83,0.0
12978,5781,23,2,236.54,0.0
12979,5782,28,1,662.55,0.0
12980,5782,12,3,677.11,0.0
12981,5782,3,2,557.91,0.0
12982,5783,18,3,818.1,0.0
12983,5783,44,2,930.25,15.0
12984,5784,20,2,339.73,0.0
12985,5784,39,3,758.76,15.0
12986,5784,43,1,935.97,0.0
12987,5785,34,1,43.21,20.0
12988,5785,191,1,733.3,10.0
12989,5786,11,1,202.6,5.0
12990,5786,6,4,34.19,0.0
12991,5787,30,2,658.15,10.0
12992,5788,227,1,342.68,5.0
12993,5788,124,2,729.75,0.0
12994,5789,4,5,583.61,0.0
12995,5790,12,2,677.11,0.0
12996,5791,23,2,236.54,5.0
12997,5791,47,5,459.02,0.0
12998,5792,31,2,185.47,0.0
12999,5793,3,1,557.91,5.0
13000,5793,8,1,542.39,10.0
13001,5794,30,1,658.15,0.0
13002,5794,46,2,854.22,0.0
13003,5795,22,2,457.79,15.0
13004,5795,49,5,1020.52,0.0
13005,5796,44,1,930.25,10.0
13006,5797,44,1,930.25,0.0
13007,5797,247,3,774.56,10.0
13008,5797,31,2,185.47,0.0
13009,5798,18,3,818.1,0.0
13010,5798,36,2,72.7,15.0
13011,5798,80,1,275.45,0.0
13012,5799,242,1,1105.36,0.0
13013,5800,90,1,491.54,5.0
13014,5800,48,1,358.48,5.0
13015,5800,233,3,27.46,0.0
13016,5800,46,1,854.22,0.0
13017,5801,22,1,457.79,0.0
13018,5801,78,1,1047.68,20.0
13019,5802,4,2,583.61,0.0
13020,5803,12,1,677.11,0.0
13021,5804,31,2,185.47,0.0
13022,5804,27,1,287.02,5.0
13023,5805,49,1,1020.52,0.0
13024,5805,95,1,179.64,15.0
13025,5805,50,1,994.53,0.0
13026,5805,3,2,557.91,0.0
13027,5806,9,3,217.62,10.0
13028,5806,49,3,1020.52,0.0
13029,5807,32,3,320.79,10.0
13030,5807,36,1,72.7,0.0
13031,5807,37,1,1009.52,0.0
13032,5807,13,1,800.5,10.0
13033,5808,39,1,758.76,0.0
13034,5809,13,2,800.5,5.0
13035,5809,44,2,930.25,0.0
13036,5809,40,2,520.37,5.0
13037,5809,6,1,34.19,0.0
13038,5810,104,1,613.34,10.0
13039,5810,39,1,758.76,0.0
13040,5810,196,1,925.9,10.0
13041,5810,38,3,1016.34,0.0
13042,5811,153,3,378.51,0.0
13043,5811,50,2,994.53,0.0
13044,5812,119,1,891.47,5.0
13045,5813,9,1,217.62,10.0
13046,5813,29,1,981.65,20.0
13047,5814,29,3,981.65,10.0
13048,5814,3,1,557.91,0.0
13049,5814,46,1,854.22,0.0
13050,5815,207,1,991.04,0.0
13051,5815,32,1,320.79,5.0
13052,5816,34,2,43.21,10.0
13053,5816,26,1,204.87,0.0
13054,5817,46,1,854.22,0.0
13055,5817,139,3,544.47,10.0
13056,5817,35,1,633.08,0.0
13057,5818,25,1,631.62,10.0
13058,5818,52,2,994.18,0.0
13059,5819,19,1,604.84,5.0
13060,5819,28,2,662.55,10.0
13061,5819,4,1,583.61,15.0
13062,5819,21,1,851.91,0.0
13063,5820,97,1,38.5,10.0
13064,5821,35,1,633.08,0.0
13065,5821,14,1,149.0,0.0
13066,5822,39,1,758.76,5.0
13067,5823,148,1,824.22,5.0
13068,5824,5,2,597.45,0.0
13069,5824,29,1,981.65,0.0
13070,5825,68,4,245.03,0.0
13071,5825,30,1,658.15,0.0
13072,5825,8,1,542.39,0.0
13073,5825,77,1,561.47,0.0
13074,5825,7,1,62.52,5.0
13075,5826,172,3,225.41,15.0
13076,5826,80,1,275.45,0.0
13077,5827,186,1,919.63,5.0
13078,5828,131,4,80.3,0.0
13079,5829,17,2,173.9,10.0
13080,5829,35,2,633.08,0.0
13081,5829,222,1,752.95,0.0
13082,5830,22,2,457.79,10.0
13083,5830,243,1,1116.94,5.0
13084,5830,71,1,682.59,0.0
13085,5830,252,3,686.58,0.0
13086,5830,15,5,255.83,20.0
13087,5831,44,1,930.25,0.0
13088,5831,16,1,973.78,0.0
13089,5832,51,1,774.23,10.0
13090,5832,238,1,31.94,0.0
13091,5833,8,1,542.39,0.0
13092,5833,20,1,339.73,0.0
13093,5834,33,2,947.92,0.0
13094,5834,107,2,933.7,0.0
13095,5834,2,2,394.13,0.0
13096,5835,171,1,508.1,10.0
13097,5835,15,1,255.83,15.0
13098,5836,36,1,72.7,0.0
13099,5836,24,1,584.38,5.0
13100,5836,46,1,854.22,0.0
13101,5837,50,1,994.53,0.0
13102,5837,2,1,394.13,5.0
13103,5838,35,2,633.08,20.0
13104,5838,42,1,880.29,0.0
13105,5838,192,1,282.66,0.0
13106,5839,91,1,291.37,0.0
13107,5840,4,1,583.61,0.0
13108,5841,2,1,394.13,0.0
13109,5842,50,1,994.53,10.0
13110,5842,28,1,662.55,0.0
13111,5843,9,1,217.62,0.0
13112,5843,131,3,80.3,0.0
13113,5844,22,1,457.79,0.0
13114,5844,14,1,149.0,10.0
13115,5844,209,2,521.49,0.0
13116,5844,127,1,711.21,0.0
13117,5845,28,1,662.55,0.0
13118,5845,12,2,677.11,5.0
13119,5846,22,1,457.79,0.0
13120,5847,214,1,836.23,0.0
13121,5847,28,2,662.55,0.0
13122,5847,50,1,994.53,0.0
13123,5848,7,1,62.52,0.0
13124,5848,10,2,132.89,0.0
13125,5848,44,1,930.25,0.0
13126,5849,153,1,378.51,0.0
13127,5849,228,1,24.69,0.0
13128,5849,240,1,81.35,5.0
13129,5850,134,3,426.27,20.0
13130,5850,130,5,625.15,0.0
13131,5851,9,2,217.62,0.0
13132,5851,11,1,202.6,0.0
13133,5852,32,1,320.79,10.0
13134,5852,28,1,662.55,0.0
13135,5852,185,1,339.91,0.0
13136,5852,31,4,185.47,0.0
13137,5853,32,1,320.79,0.0
13138,5853,28,1,662.55,0.0
13139,5853,40,5,520.37,0.0
13140,5854,31,2,185.47,20.0
13141,5854,41,1,176.54,0.0
13142,5854,4,1,583.61,0.0
13143,5855,26,2,204.87,15.0
13144,5856,20,1,339.73,0.0
13145,5857,8,1,542.39,0.0
13146,5858,36,1,72.7,0.0
13147,5858,31,2,185.47,0.0
13148,5858,25,1,631.62,0.0
13149,5859,21,3,851.91,0.0
13150,5859,126,1,757.74,0.0
13151,5860,27,5,287.02,0.0
13152,5860,7,1,62.52,0.0
13153,5860,42,1,880.29,0.0
13154,5860,43,2,935.97,0.0
13155,5860,108,1,306.47,0.0
13156,5861,26,1,204.87,0.0
13157,5862,4,3,583.61,0.0
13158,5862,33,2,947.92,0.0
13159,5863,91,2,291.37,0.0
13160,5863,29,1,981.65,0.0
13161,5864,11,1,202.6,10.0
13162,5864,21,2,851.91,0.0
13163,5865,49,1,1020.52,0.0
13164,5865,146,2,1020.84,20.0
13165,5866,13,2,800.5,5.0
13166,5866,6,1,34.19,0.0
13167,5866,23,1,236.54,0.0
13168,5867,10,2,132.89,10.0
13169,5868,20,1,339.73,0.0
13170,5868,16,2,973.78,0.0
13171,5869,51,1,774.23,10.0
13172,5870,51,5,774.23,15.0
13173,5870,20,1,339.73,0.0
13174,5871,182,2,653.31,0.0
13175,5872,47,1,459.02,0.0
13176,5872,230,2,948.25,10.0
13177,5873,52,1,994.18,10.0
13178,5873,24,5,584.38,0.0
13179,5874,37,1,1009.52,0.0
13180,5874,41,2,176.54,0.0
13181,5875,17,2,173.9,10.0
13182,5876,140,5,441.37,0.0
13183,5876,34,5,43.21,0.0
13184,5877,18,1,818.1,0.0
13185,5877,14,2,149.0,15.0
13186,5877,7,2,62.52,5.0
13187,5878,37,1,1009.52,0.0
13188,5878,4,1,583.61,5.0
13189,5879,45,1,456.92,0.0
13190,5880,6,1,34.19,0.0
13191,5881,23,1,236.54,0.0
13192,5881,6,1,34.19,10.0
13193,5881,14,1,149.0,0.0
13194,5882,214,1,836.23,0.0
13195,5882,48,3,358.48,0.0
13196,5883,49,2,1020.52,0.0
13197,5883,11,1,202.6,0.0
13198,5884,33,2,947.92,0.0
13199,5885,6,1,34.19,0.0
13200,5886,98,1,932.39,0.0
13201,5886,36,2,72.7,15.0
13202,5887,13,1,800.5,0.0
13203,5887,224,5,402.49,0.0
13204,5888,50,1,994.53,0.0
13205,5888,146,2,1020.84,0.0
13206,5889,21,1,851.91,0.0
13207,5889,15,1,255.83,20.0
13208,5890,13,1,800.5,0.0
13209,5890,187,1,215.12,0.0
13210,5890,79,1,861.19,0.0
13211,5891,2,1,394.13,0.0
13212,5891,12,2,677.11,0.0
13213,5891,13,1,800.5,15.0
13214,5891,16,4,973.78,10.0
13215,5892,2,2,394.13,15.0
13216,5892,12,1,677.11,0.0
13217,5892,106,1,65.61,0.0
13218,5892,134,1,426.27,5.0
13219,5892,45,1,456.92,0.0
13220,5893,16,1,973.78,0.0
13221,5894,49,1,1020.52,5.0
13222,5894,18,1,818.1,5.0
13223,5894,52,1,994.18,20.0
13224,5895,44,1,930.25,0.0
13225,5895,171,1,508.1,0.0
13226,5896,11,1,202.6,0.0
13227,5896,17,1,173.9,0.0
13228,5896,49,2,1020.52,0.0
13229,5896,36,1,72.7,0.0
13230,5897,203,1,131.33,15.0
13231,5898,16,2,973.78,0.0
13232,5898,217,1,308.65,0.0
13233,5899,10,1,132.89,15.0
13234,5899,42,3,880.29,0.0
13235,5900,40,1,520.37,0.0
13236,5901,149,4,668.87,0.0
13237,5901,231,1,765.07,0.0
13238,5901,169,5,863.12,5.0
13239,5902,47,4,459.02,0.0
13240,5902,51,1,774.23,0.0
13241,5902,19,1,604.84,10.0
13242,5903,23,1,236.54,0.0
13243,5904,60,4,165.23,0.0
13244,5904,30,1,658.15,0.0
13245,5904,46,2,854.22,0.0
13246,5905,6,1,34.19,0.0
13247,5906,39,2,758.76,0.0
13248,5906,50,2,994.53,0.0
13249,5907,41,3,176.54,0.0
13250,5907,50,1,994.53,5.0
13251,5908,29,1,981.65,0.0
13252,5908,11,2,202.6,0.0
13253,5909,12,1,677.11,0.0
13254,5909,38,3,1016.34,0.0
13255,5909,14,1,149.0,0.0
13256,5910,8,2,542.39,0.0
13257,5910,39,2,758.76,0.0
13258,5910,32,1,320.79,0.0
13259,5911,50,1,994.53,0.0
13260,5911,8,1,542.39,0.0
13261,5912,132,1,758.96,15.0
13262,5912,48,1,358.48,0.0
13263,5913,12,2,677.11,0.0
13264,5913,23,1,236.54,0.0
13265,5913,76,1,920.83,0.0
13266,5914,199,2,989.05,0.0
13267,5914,50,3,994.53,0.0
13268,5914,34,1,43.21,0.0
13269,5915,41,1,176.54,0.0
13270,5915,14,5,149.0,5.0
13271,5915,31,1,185.47,5.0
13272,5916,6,1,34.19,0.0
13273,5917,4,2,583.61,0.0
13274,5917,237,3,938.43,0.0
13275,5917,3,3,557.91,0.0
13276,5918,10,5,132.89,5.0
13277,5918,45,1,456.92,10.0
13278,5918,2,2,394.13,0.0
13279,5919,33,1,947.92,0.0
13280,5919,14,1,149.0,10.0
13281,5920,28,1,662.55,10.0
13282,5920,18,1,818.1,0.0
13283,5921,28,4,662.55,0.0
13284,5921,31,1,185.47,0.0
13285,5922,34,1,43.21,0.0
13286,5922,20,1,339.73,0.0
13287,5922,46,2,854.22,0.0
13288,5922,36,1,72.7,0.0
13289,5922,7,5,62.52,0.0
13290,5923,21,1,851.91,15.0
13291,5923,205,1,227.28,15.0
13292,5924,47,3,459.02,0.0
13293,5924,19,1,604.84,0.0
13294,5924,8,2,542.39,0.0
13295,5925,41,1,176.54,0.0
13296,5925,247,1,774.56,5.0
13297,5925,38,2,1016.34,10.0
13298,5926,7,1,62.52,5.0
13299,5927,49,1,1020.52,0.0
13300,5927,48,1,358.48,0.0
13301,5927,31,2,185.47,0.0
13302,5928,38,1,1016.34,20.0
13303,5929,185,1,339.91,0.0
13304,5930,37,1,1009.52,0.0
13305,5930,30,3,658.15,0.0
13306,5930,2,2,394.13,0.0
13307,5931,3,1,557.91,10.0
13308,5931,19,1,604.84,0.0
13309,5932,47,1,459.02,0.0
13310,5933,29,1,981.65,10.0
13311,5933,37,1,1009.52,0.0
13312,5934,37,1,1009.52,0.0
13313,5934,6,1,34.19,0.0
13314,5935,13,5,800.5,0.0
13315,5935,44,2,930.25,0.0
13316,5935,51,2,774.23,0.0
13317,5935,50,1,994.53,0.0
13318,5935,12,3,677.11,20.0
13319,5936,239,1,269.05,0.0
13320,5937,17,2,173.9,10.0
13321,5937,102,2,352.97,15.0
13322,5937,32,1,320.79,0.0
13323,5937,33,1,947.92,10.0
13324,5938,20,1,339.73,5.0
13325,5938,10,1,132.89,0.0
13326,5939,48,2,358.48,0.0
13327,5939,193,1,948.3,15.0
13328,5940,4,3,583.61,0.0
13329,5940,23,2,236.54,10.0
13330,5941,207,1,991.04,0.0
13331,5942,52,1,994.18,0.0
13332,5943,185,1,339.91,0.0
13333,5944,49,2,1020.52,0.0
13334,5944,34,1,43.21,0.0
13335,5945,9,5,217.62,0.0
13336,5945,47,2,459.02,0.0
13337,5946,25,1,631.62,0.0
13338,5946,76,1,920.83,0.0
13339,5947,25,1,631.62,0.0
13340,5947,27,2,287.02,0.0
13341,5947,5,2,597.45,5.0
13342,5948,41,1,176.54,0.0
13343,5949,31,1,185.47,0.0
13344,5949,6,1,34.19,10.0
13345,5949,12,2,677.11,20.0
13346,5950,100,1,645.31,0.0
13347,5950,48,1,358.48,5.0
13348,5951,162,1,82.72,0.0
13349,5951,11,1,202.6,0.0
13350,5951,214,1,836.23,0.0
13351,5951,12,1,677.11,10.0
13352,5951,25,1,631.62,0.0
13353,5952,5,1,597.45,0.0
13354,5952,8,2,542.39,15.0
13355,5952,34,1,43.21,0.0
13356,5952,10,1,132.89,0.0
13357,5952,26,1,204.87,0.0
13358,5953,46,1,854.22,0.0
13359,5953,26,1,204.87,0.0
13360,5954,35,2,633.08,5.0
13361,5955,8,1,542.39,10.0
13362,5955,190,1,998.17,0.0
13363,5956,27,1,287.02,5.0
13364,5956,38,1,1016.34,0.0
13365,5957,149,1,668.87,10.0
13366,5958,12,1,677.11,0.0
13367,5958,46,1,854.22,10.0
13368,5959,8,1,542.39,20.0
13369,5959,149,1,668.87,0.0
13370,5959,170,1,814.48,0.0
13371,5959,171,1,508.1,0.0
13372,5960,24,1,584.38,0.0
13373,5961,44,2,930.25,0.0
13374,5961,41,1,176.54,0.0
13375,5962,51,1,774.23,0.0
13376,5962,180,2,1017.24,0.0
13377,5962,37,1,1009.52,0.0
13378,5962,44,2,930.25,0.0
13379,5963,28,1,662.55,0.0
13380,5963,2,2,394.13,0.0
13381,5963,47,1,459.02,0.0
13382,5963,17,1,173.9,10.0
13383,5964,8,2,542.39,0.0
13384,5964,28,2,662.55,10.0
13385,5964,2,1,394.13,10.0
13386,5965,5,2,597.45,0.0
13387,5965,79,2,861.19,0.0
13388,5966,50,1,994.53,10.0
13389,5967,14,2,149.0,10.0
13390,5967,240,1,81.35,0.0
13391,5967,20,2,339.73,0.0
13392,5968,11,4,202.6,0.0
13393,5968,27,2,287.02,0.0
13394,5968,2,1,394.13,5.0
13395,5969,32,1,320.79,0.0
13396,5969,2,1,394.13,0.0
13397,5970,24,3,584.38,0.0
13398,5971,176,1,576.9,0.0
13399,5971,13,1,800.5,5.0
13400,5972,6,1,34.19,0.0
13401,5972,251,3,395.15,20.0
13402,5973,49,2,1020.52,5.0
13403,5973,6,3,34.19,0.0
13404,5974,7,1,62.52,0.0
13405,5975,46,1,854.22,0.0
13406,5976,52,1,994.18,10.0
13407,5976,21,1,851.91,0.0
13408,5977,52,2,994.18,5.0
13409,5977,14,1,149.0,0.0
13410,5977,20,3,339.73,0.0
13411,5978,6,1,34.19,15.0
13412,5978,214,2,836.23,10.0
13413,5979,7,1,62.52,0.0
13414,5979,9,2,217.62,0.0
13415,5980,17,2,173.9,0.0
13416,5981,1,1,643.08,10.0
13417,5981,28,2,662.55,0.0
13418,5982,40,3,520.37,0.0
13419,5982,6,3,34.19,0.0
13420,5983,244,2,902.38,0.0
13421,5984,11,2,202.6,0.0
13422,5985,32,4,320.79,5.0
13423,5985,20,1,339.73,0.0
13424,5986,35,1,633.08,0.0
13425,5986,29,1,981.65,0.0
13426,5987,28,1,662.55,0.0
13427,5988,167,2,356.11,0.0
13428,5989,28,1,662.55,5.0
13429,5989,138,2,285.18,0.0
13430,5990,2,1,394.13,0.0
13431,5990,70,3,532.42,0.0
13432,5991,39,1,758.76,0.0
13433,5992,43,1,935.97,0.0
13434,5993,79,1,861.19,0.0
13435,5993,8,1,542.39,15.0
13436,5994,33,2,947.92,20.0
13437,5994,48,4,358.48,0.0
13438,5995,33,1,947.92,10.0
13439,5996,38,1,1016.34,0.0
13440,5996,25,1,631.62,0.0
13441,5996,32,2,320.79,15.0
13442,5996,45,3,456.92,0.0
13443,5996,90,2,491.54,20.0
13444,5997,38,5,1016.34,0.0
13445,5997,43,2,935.97,0.0
13446,5997,22,2,457.79,0.0
13447,5998,22,1,457.79,15.0
13448,5998,24,1,584.38,0.0
13449,5999,40,1,520.37,0.0
13450,6000,19,1,604.84,0.0
13451,6000,2,2,394.13,0.0
13452,6001,50,1,994.53,0.0
13453,6002,76,2,920.83,0.0
13454,6003,51,1,774.23,0.0
13455,6004,101,2,462.13,0.0
13456,6004,11,1,202.6,10.0
13457,6005,46,2,854.22,0.0
13458,6005,52,1,994.18,20.0
13459,6006,42,3,880.29,5.0
13460,6006,107,1,933.7,0.0
13461,6006,35,1,633.08,0.0
13462,6006,3,2,557.91,5.0
13463,6007,30,2,658.15,5.0
13464,6007,6,2,34.19,15.0
13465,6008,32,1,320.79,0.0
13466,6009,40,1,520.37,0.0
13467,6009,18,1,818.1,15.0
13468,6010,16,1,973.78,0.0
13469,6011,44,1,930.25,0.0
13470,6011,52,1,994.18,0.0
13471,6011,46,1,854.22,20.0
13472,6012,6,1,34.19,0.0
13473,6012,26,1,204.87,15.0
13474,6012,18,1,818.1,0.0
13475,6012,75,3,448.57,0.0
13476,6013,47,2,459.02,0.0
13477,6013,24,2,584.38,0.0
13478,6014,26,1,204.87,0.0
13479,6015,12,1,677.11,0.0
13480,6015,31,1,185.47,20.0
13481,6016,44,1,930.25,0.0
13482,6016,29,2,981.65,10.0
13483,6017,21,1,851.91,0.0
13484,6017,4,2,583.61,0.0
13485,6017,9,1,217.62,0.0
13486,6018,22,1,457.79,10.0
13487,6018,1,1,643.08,0.0
13488,6018,46,2,854.22,10.0
13489,6018,11,1,202.6,10.0
13490,6019,44,1,930.25,0.0
13491,6019,24,1,584.38,0.0
13492,6020,19,2,604.84,0.0
13493,6021,180,1,1017.24,0.0
13494,6021,38,3,1016.34,0.0
13495,6021,49,1,1020.52,0.0
13496,6021,11,2,202.6,0.0
13497,6022,6,2,34.19,0.0
13498,6022,24,1,584.38,0.0
13499,6022,50,4,994.53,0.0
13500,6023,250,1,761.52,0.0
13501,6024,18,1,818.1,0.0
13502,6024,29,1,981.65,0.0
13503,6025,31,1,185.47,0.0
13504,6025,14,2,149.0,0.0
13505,6025,5,2,597.45,0.0
13506,6025,23,1,236.54,0.0
13507,6026,3,2,557.91,0.0
13508,6027,42,3,880.29,0.0
13509,6027,69,1,819.14,0.0
13510,6027,9,1,217.62,20.0
13511,6027,10,2,132.89,0.0
13512,6027,15,2,255.83,0.0
13513,6028,123,1,272.6,0.0
13514,6028,48,2,358.48,0.0
13515,6028,25,1,631.62,0.0
13516,6028,38,1,1016.34,0.0
13517,6029,45,2,456.92,0.0
13518,6030,2,2,394.13,0.0
13519,6031,167,3,356.11,10.0
13520,6032,47,1,459.02,0.0
13521,6033,51,1,774.23,0.0
13522,6033,42,1,880.29,0.0
13523,6034,33,2,947.92,0.0
13524,6034,19,1,604.84,5.0
13525,6034,126,1,757.74,0.0
13526,6034,1,2,643.08,5.0
13527,6035,5,1,597.45,0.0
13528,6035,34,1,43.21,0.0
13529,6036,63,1,958.03,0.0
13530,6036,28,1,662.55,0.0
13531,6036,20,1,339.73,15.0
13532,6036,7,2,62.52,5.0
13533,6037,22,2,457.79,0.0
13534,6038,10,1,132.89,0.0
13535,6039,108,1,306.47,0.0
13536,6039,120,1,983.93,5.0
13537,6039,7,3,62.52,20.0
13538,6040,39,1,758.76,0.0
13539,6040,191,2,733.3,0.0
13540,6041,147,1,490.87,0.0
13541,6042,12,1,677.11,0.0
13542,6043,234,1,670.43,0.0
13543,6043,30,1,658.15,10.0
13544,6043,18,5,818.1,20.0
13545,6044,19,2,604.84,0.0
13546,6045,23,2,236.54,0.0
13547,6046,19,1,604.84,0.0
13548,6047,32,1,320.79,5.0
13549,6047,10,1,132.89,0.0
13550,6047,36,2,72.7,0.0
13551,6048,16,1,973.78,15.0
13552,6048,37,1,1009.52,10.0
13553,6049,47,1,459.02,10.0
13554,6049,150,1,196.9,0.0
13555,6050,118,2,1091.59,0.0
13556,6051,37,1,1009.52,0.0
13557,6051,25,3,631.62,0.0
13558,6051,121,1,223.46,10.0
13559,6051,124,1,729.75,0.0
13560,6051,36,2,72.7,0.0
13561,6052,86,2,1193.28,0.0
13562,6053,46,1,854.22,0.0
13563,6054,38,1,1016.34,0.0
13564,6054,3,3,557.91,0.0
13565,6054,25,4,631.62,0.0
13566,6055,170,1,814.48,0.0
13567,6056,33,1,947.92,0.0
13568,6056,242,2,1105.36,5.0
13569,6057,28,2,662.55,0.0
13570,6058,20,2,339.73,0.0
13571,6058,17,3,173.9,5.0
13572,6058,50,2,994.53,5.0
13573,6058,48,2,358.48,0.0
13574,6059,21,1,851.91,10.0
13575,6059,30,2,658.15,15.0
13576,6059,45,2,456.92,0.0
13577,6059,223,1,389.43,5.0
13578,6060,152,1,1071.23,0.0
13579,6060,25,1,631.62,10.0
13580,6061,16,1,973.78,0.0
13581,6061,38,2,1016.34,10.0
13582,6061,31,2,185.47,0.0
13583,6062,103,3,656.03,0.0
13584,6063,25,1,631.62,5.0
13585,6063,50,2,994.53,5.0
13586,6063,16,1,973.78,0.0
13587,6064,62,4,77.39,0.0
13588,6064,14,1,149.0,0.0
13589,6064,52,2,994.18,0.0
13590,6064,42,1,880.29,0.0
13591,6064,29,3,981.65,0.0
13592,6065,8,3,542.39,0.0
13593,6066,49,1,1020.52,5.0
13594,6066,28,1,662.55,10.0
13595,6066,26,1,204.87,5.0
13596,6067,14,4,149.0,20.0
13597,6068,9,3,217.62,0.0
13598,6069,6,1,34.19,0.0
13599,6069,18,1,818.1,0.0
13600,6070,25,1,631.62,10.0
13601,6071,27,1,287.02,10.0
13602,6072,23,1,236.54,0.0
13603,6073,47,1,459.02,0.0
13604,6073,158,1,334.84,5.0
13605,6074,218,1,658.32,0.0
13606,6074,29,1,981.65,0.0
13607,6074,40,2,520.37,10.0
13608,6074,17,1,173.9,15.0
13609,6074,3,1,557.91,0.0
13610,6075,42,2,880.29,0.0
13611,6075,43,2,935.97,0.0
13612,6076,5,4,597.45,0.0
13613,6077,8,1,542.39,0.0
13614,6077,12,2,677.11,10.0
13615,6078,153,3,378.51,15.0
13616,6079,48,1,358.48,0.0
13617,6080,27,1,287.02,0.0
13618,6080,16,2,973.78,10.0
13619,6080,5,2,597.45,0.0
13620,6081,19,5,604.84,0.0
13621,6081,187,2,215.12,0.0
13622,6081,106,1,65.61,0.0
13623,6081,12,1,677.11,0.0
13624,6081,126,2,757.74,0.0
13625,6082,10,2,132.89,0.0
13626,6082,226,1,855.84,0.0
13627,6082,30,2,658.15,0.0
13628,6083,41,2,176.54,0.0
13629,6084,257,1,118.54,0.0
13630,6084,21,4,851.91,0.0
13631,6084,24,1,584.38,20.0
13632,6084,90,1,491.54,10.0
13633,6085,98,2,932.39,0.0
13634,6085,8,3,542.39,0.0
13635,6086,15,1,255.83,10.0
13636,6086,10,1,132.89,0.0
13637,6086,7,1,62.52,0.0
13638,6087,35,1,633.08,20.0
13639,6088,42,2,880.29,15.0
13640,6088,45,1,456.92,10.0
13641,6089,38,1,1016.34,0.0
13642,6089,255,3,537.33,0.0
13643,6090,9,1,217.62,0.0
13644,6090,8,3,542.39,5.0
13645,6091,89,3,568.71,0.0
13646,6092,28,3,662.55,0.0
13647,6093,17,2,173.9,0.0
13648,6094,26,2,204.87,0.0
13649,6094,18,1,818.1,0.0
13650,6094,19,1,604.84,10.0
13651,6094,14,1,149.0,0.0
13652,6094,202,3,427.54,0.0
13653,6095,214,3,836.23,0.0
13654,6096,10,1,132.89,0.0
13655,6097,51,2,774.23,0.0
13656,6098,130,2,625.15,0.0
13657,6098,134,2,426.27,0.0
13658,6098,46,1,854.22,5.0
13659,6098,19,3,604.84,0.0
13660,6099,12,3,677.11,5.0
13661,6099,42,3,880.29,10.0
13662,6099,180,1,1017.24,0.0
13663,6099,41,1,176.54,0.0
13664,6099,203,1,131.33,0.0
13665,6100,32,4,320.79,10.0
13666,6100,16,1,973.78,0.0
13667,6100,79,1,861.19,5.0
13668,6100,3,4,557.91,0.0
13669,6101,109,1,663.14,0.0
13670,6101,44,1,930.25,0.0
13671,6101,45,2,456.92,0.0
13672,6102,211,1,1092.93,0.0
13673,6103,45,1,456.92,0.0
13674,6103,49,1,1020.52,10.0
13675,6103,28,2,662.55,5.0
13676,6103,23,1,236.54,20.0
13677,6104,51,3,774.23,0.0
13678,6105,25,2,631.62,0.0
13679,6106,7,2,62.52,10.0
13680,6106,50,1,994.53,0.0
13681,6107,224,1,402.49,0.0
13682,6107,5,2,597.45,0.0
13683,6107,34,1,43.21,5.0
13684,6108,5,1,597.45,0.0
13685,6108,48,1,358.48,0.0
13686,6109,82,1,1090.89,0.0
13687,6109,35,1,633.08,0.0
13688,6109,5,1,597.45,0.0
13689,6110,48,1,358.48,10.0
13690,6110,21,1,851.91,20.0
13691,6110,187,1,215.12,0.0
13692,6110,52,1,994.18,0.0
13693,6111,128,1,1064.68,0.0
13694,6111,28,1,662.55,0.0
13695,6112,47,2,459.02,10.0
13696,6113,2,1,394.13,0.0
13697,6113,43,1,935.97,0.0
13698,6114,5,1,597.45,0.0
13699,6114,42,1,880.29,0.0
13700,6115,39,1,758.76,0.0
13701,6115,10,3,132.89,0.0
13702,6115,48,2,358.48,0.0
13703,6115,8,1,542.39,0.0
13704,6115,7,3,62.52,0.0
13705,6116,9,2,217.62,0.0
13706,6116,175,1,628.11,20.0
13707,6117,38,3,1016.34,0.0
13708,6117,29,2,981.65,0.0
13709,6117,21,2,851.91,0.0
13710,6118,17,1,173.9,10.0
13711,6118,46,2,854.22,0.0
13712,6119,14,1,149.0,0.0
13713,6119,15,1,255.83,0.0
13714,6120,16,1,973.78,20.0
13715,6120,149,4,668.87,0.0
13716,6120,99,1,255.18,0.0
13717,6121,5,1,597.45,0.0
13718,6121,18,1,818.1,0.0
13719,6121,15,2,255.83,0.0
13720,6122,37,1,1009.52,0.0
13721,6123,36,1,72.7,0.0
13722,6123,4,2,583.61,0.0
13723,6124,178,3,512.5,10.0
13724,6124,31,2,185.47,0.0
13725,6125,28,2,662.55,0.0
13726,6126,24,1,584.38,10.0
13727,6127,11,2,202.6,0.0
13728,6127,7,1,62.52,5.0
13729,6128,16,1,973.78,5.0
13730,6128,24,1,584.38,0.0
13731,6128,11,1,202.6,10.0
13732,6128,27,1,287.02,0.0
13733,6129,31,1,185.47,10.0
13734,6129,30,1,658.15,0.0
13735,6130,42,1,880.29,0.0
13736,6130,33,4,947.92,0.0
13737,6130,9,1,217.62,0.0
13738,6130,3,1,557.91,0.0
13739,6131,23,1,236.54,0.0
13740,6131,47,3,459.02,0.0
13741,6131,39,1,758.76,5.0
13742,6132,20,1,339.73,20.0
13743,6132,35,2,633.08,0.0
13744,6133,46,1,854.22,0.0
13745,6134,49,1,1020.52,0.0
13746,6134,43,1,935.97,0.0
13747,6134,32,2,320.79,0.0
13748,6134,41,1,176.54,0.0
13749,6134,22,1,457.79,20.0
13750,6135,6,1,34.19,20.0
13751,6135,39,1,758.76,0.0
13752,6135,34,1,43.21,0.0
13753,6135,21,1,851.91,5.0
13754,6135,36,3,72.7,20.0
13755,6136,45,3,456.92,0.0
13756,6136,252,1,686.58,15.0
13757,6136,221,1,294.07,0.0
13758,6136,105,2,888.35,10.0
13759,6137,100,1,645.31,0.0
13760,6138,10,1,132.89,0.0
13761,6138,38,2,1016.34,5.0
13762,6138,5,1,597.45,20.0
13763,6139,31,3,185.47,15.0
13764,6139,47,2,459.02,0.0
13765,6139,35,2,633.08,20.0
13766,6139,39,4,758.76,5.0
13767,6139,49,2,1020.52,0.0
13768,6140,33,1,947.92,0.0
13769,6140,34,1,43.21,0.0
13770,6140,25,2,631.62,0.0
13771,6140,132,1,758.96,0.0
13772,6140,40,1,520.37,0.0
13773,6141,124,1,729.75,5.0
13774,6141,51,1,774.23,10.0
13775,6141,38,3,1016.34,0.0
13776,6142,164,1,211.12,0.0
13777,6142,43,1,935.97,0.0
13778,6142,173,1,665.55,10.0
13779,6143,125,1,128.01,0.0
13780,6144,48,1,358.48,0.0
13781,6144,51,2,774.23,0.0
13782,6145,224,2,402.49,0.0
13783,6145,178,1,512.5,10.0
13784,6145,45,2,456.92,0.0
13785,6146,126,1,757.74,0.0
13786,6146,30,2,658.15,15.0
13787,6146,103,2,656.03,10.0
13788,6147,2,1,394.13,5.0
13789,6148,16,1,973.78,0.0
13790,6149,2,1,394.13,5.0
13791,6149,1,1,643.08,5.0
13792,6149,40,5,520.37,0.0
13793,6150,15,4,255.83,10.0
13794,6150,50,2,994.53,20.0
13795,6151,3,2,557.91,0.0
13796,6151,22,2,457.79,0.0
13797,6151,32,2,320.79,0.0
13798,6151,30,1,658.15,0.0
13799,6152,4,1,583.61,15.0
13800,6152,10,2,132.89,10.0
13801,6153,46,1,854.22,0.0
13802,6153,5,2,597.45,5.0
13803,6154,39,4,758.76,0.0
13804,6154,47,1,459.02,0.0
13805,6155,3,1,557.91,20.0
13806,6156,148,1,824.22,0.0
13807,6156,20,2,339.73,0.0
13808,6156,37,2,1009.52,0.0
13809,6156,22,1,457.79,5.0
13810,6157,40,1,520.37,5.0
13811,6157,45,1,456.92,0.0
13812,6158,11,1,202.6,0.0
13813,6158,185,2,339.91,0.0
13814,6158,9,5,217.62,0.0
13815,6159,67,1,808.59,0.0
13816,6159,38,1,1016.34,0.0
13817,6159,42,1,880.29,0.0
13818,6159,63,1,958.03,0.0
13819,6160,117,1,659.17,0.0
13820,6161,33,1,947.92,0.0
13821,6162,143,3,435.68,0.0
13822,6163,11,2,202.6,0.0
13823,6164,240,2,81.35,0.0
13824,6164,31,2,185.47,0.0
13825,6165,8,1,542.39,15.0
13826,6166,32,3,320.79,0.0
13827,6166,16,1,973.78,5.0
13828,6167,3,2,557.91,5.0
13829,6168,46,1,854.22,0.0
13830,6168,247,1,774.56,0.0
13831,6169,39,1,758.76,0.0
13832,6170,12,2,677.11,0.0
13833,6171,22,1,457.79,0.0
13834,6171,1,1,643.08,0.0
13835,6172,7,1,62.52,0.0
13836,6173,16,2,973.78,10.0
13837,6173,161,1,417.52,0.0
13838,6174,2,1,394.13,0.0
13839,6175,44,1,930.25,20.0
13840,6175,7,2,62.52,0.0
13841,6176,5,1,597.45,5.0
13842,6177,31,2,185.47,0.0
13843,6178,13,1,800.5,5.0
13844,6178,41,1,176.54,0.0
13845,6178,29,3,981.65,0.0
13846,6179,27,1,287.02,0.0
13847,6179,41,2,176.54,0.0
13848,6179,1,1,643.08,10.0
13849,6180,185,2,339.91,0.0
13850,6180,15,1,255.83,0.0
13851,6181,29,3,981.65,20.0
13852,6182,14,1,149.0,0.0
13853,6182,36,1,72.7,0.0
13854,6183,1,1,643.08,0.0
13855,6183,39,4,758.76,10.0
13856,6184,42,1,880.29,10.0
13857,6184,12,3,677.11,0.0
13858,6184,17,1,173.9,5.0
13859,6185,19,2,604.84,0.0
13860,6185,49,3,1020.52,0.0
13861,6185,12,3,677.11,0.0
13862,6186,47,1,459.02,10.0
13863,6187,91,1,291.37,15.0
13864,6187,2,1,394.13,20.0
13865,6187,25,2,631.62,15.0
13866,6187,24,1,584.38,0.0
13867,6187,32,1,320.79,0.0
13868,6188,62,2,77.39,0.0
13869,6188,45,1,456.92,0.0
13870,6189,75,1,448.57,10.0
13871,6190,6,2,34.19,15.0
13872,6190,43,2,935.97,0.0
13873,6191,6,2,34.19,0.0
13874,6191,4,1,583.61,10.0
13875,6192,23,2,236.54,0.0
13876,6192,48,2,358.48,0.0
13877,6192,49,1,1020.52,0.0
13878,6193,6,1,34.19,5.0
13879,6193,17,1,173.9,15.0
13880,6193,29,1,981.65,0.0
13881,6193,74,3,166.27,10.0
13882,6194,32,4,320.79,15.0
13883,6194,49,1,1020.52,0.0
13884,6195,46,2,854.22,0.0
13885,6196,38,1,1016.34,5.0
13886,6196,12,2,677.11,5.0
13887,6197,12,1,677.11,0.0
13888,6197,11,1,202.6,0.0
13889,6198,50,1,994.53,0.0
13890,6198,2,2,394.13,0.0
13891,6199,30,3,658.15,10.0
13892,6199,10,1,132.89,0.0
13893,6199,25,2,631.62,0.0
13894,6200,7,1,62.52,0.0
13895,6201,201,3,232.35,0.0
13896,6201,227,1,342.68,0.0
13897,6201,36,1,72.7,15.0
13898,6202,3,1,557.91,10.0
13899,6202,14,1,149.0,0.0
13900,6203,43,2,935.97,0.0
13901,6203,20,1,339.73,10.0
13902,6203,50,1,994.53,0.0
13903,6203,22,1,457.79,0.0
13904,6204,44,2,930.25,0.0
13905,6204,25,2,631.62,20.0
13906,6204,17,3,173.9,5.0
13907,6205,42,2,880.29,0.0
13908,6205,26,5,204.87,5.0
13909,6206,36,1,72.7,10.0
13910,6207,19,1,604.84,0.0
13911,6207,24,2,584.38,10.0
13912,6208,11,1,202.6,0.0
13913,6208,20,2,339.73,0.0
13914,6208,151,2,662.95,10.0
13915,6208,37,3,1009.52,5.0
13916,6209,238,2,31.94,0.0
13917,6210,32,1,320.79,5.0
13918,6210,135,3,277.82,10.0
13919,6211,9,1,217.62,0.0
13920,6211,45,2,456.92,0.0
13921,6212,48,2,358.48,0.0
13922,6212,15,1,255.83,0.0
13923,6212,29,1,981.65,0.0
13924,6213,63,1,958.03,0.0
13925,6213,49,4,1020.52,0.0
13926,6213,43,1,935.97,5.0
13927,6214,47,1,459.02,0.0
13928,6214,34,2,43.21,10.0
13929,6214,223,1,389.43,20.0
13930,6215,45,1,456.92,0.0
13931,6215,108,3,306.47,0.0
13932,6216,39,1,758.76,0.0
13933,6217,43,1,935.97,0.0
13934,6217,35,2,633.08,0.0
13935,6217,13,1,800.5,0.0
13936,6217,10,1,132.89,15.0
13937,6217,33,2,947.92,0.0
13938,6218,97,2,38.5,20.0
13939,6218,31,1,185.47,0.0
13940,6219,32,1,320.79,0.0
13941,6219,12,1,677.11,0.0
13942,6220,13,2,800.5,0.0
13943,6221,24,3,584.38,20.0
13944,6221,179,2,990.0,10.0
13945,6222,47,1,459.02,0.0
13946,6223,20,2,339.73,0.0
13947,6223,32,3,320.79,0.0
13948,6224,42,1,880.29,0.0
13949,6224,28,1,662.55,0.0
13950,6225,194,1,328.13,5.0
13951,6226,243,1,1116.94,5.0
13952,6227,38,1,1016.34,0.0
13953,6228,37,1,1009.52,0.0
13954,6228,30,2,658.15,10.0
13955,6229,211,2,1092.93,0.0
13956,6230,11,3,202.6,0.0
13957,6231,36,2,72.7,0.0
13958,6231,15,1,255.83,10.0
13959,6231,101,2,462.13,0.0
13960,6231,30,1,658.15,10.0
13961,6232,15,1,255.83,0.0
13962,6232,29,1,981.65,0.0
13963,6233,46,2,854.22,0.0
13964,6234,52,1,994.18,0.0
13965,6234,32,1,320.79,0.0
13966,6235,37,1,1009.52,0.0
13967,6235,24,2,584.38,0.0
13968,6235,28,1,662.55,0.0
13969,6236,91,2,291.37,0.0
13970,6236,25,3,631.62,5.0
13971,6236,31,1,185.47,0.0
13972,6236,7,3,62.52,0.0
13973,6237,26,1,204.87,0.0
13974,6238,29,1,981.65,0.0
13975,6238,8,1,542.39,0.0
13976,6239,51,1,774.23,0.0
13977,6239,11,1,202.6,15.0
13978,6240,35,2,633.08,0.0
13979,6241,19,1,604.84,0.0
13980,6241,37,1,1009.52,0.0
13981,6241,5,3,597.45,0.0
13982,6241,216,1,929.01,0.0
13983,6242,4,3,583.61,0.0
13984,6242,2,1,394.13,0.0
13985,6242,7,2,62.52,0.0
13986,6243,43,3,935.97,0.0
13987,6243,28,1,662.55,0.0
13988,6243,4,1,583.61,0.0
13989,6244,51,1,774.23,10.0
13990,6244,35,1,633.08,0.0
13991,6244,38,2,1016.34,5.0
13992,6244,20,1,339.73,20.0
13993,6245,15,1,255.83,0.0
13994,6245,3,1,557.91,5.0
13995,6246,37,1,1009.52,5.0
13996,6246,21,2,851.91,10.0
13997,6246,38,1,1016.34,0.0
13998,6246,45,1,456.92,0.0
13999,6246,30,1,658.15,10.0
14000,6247,40,1,520.37,20.0
14001,6247,229,5,54.7,0.0
14002,6248,23,1,236.54,20.0
14003,6248,34,1,43.21,0.0
14004,6249,44,1,930.25,0.0
14005,6250,28,2,662.55,10.0
14006,6250,15,1,255.83,5.0
14007,6250,50,2,994.53,5.0
14008,6250,168,1,838.87,5.0
14009,6251,20,2,339.73,0.0
14010,6251,18,2,818.1,10.0
14011,6252,237,3,938.43,5.0
14012,6253,38,3,1016.34,0.0
14013,6253,4,1,583.61,0.0
14014,6253,16,1,973.78,0.0
14015,6254,12,1,677.11,0.0
14016,6254,248,2,249.31,10.0
14017,6255,40,1,520.37,10.0
14018,6255,49,3,1020.52,5.0
14019,6256,4,1,583.61,0.0
14020,6256,48,5,358.48,10.0
14021,6257,18,2,818.1,0.0
14022,6257,17,3,173.9,10.0
14023,6258,16,1,973.78,0.0
14024,6259,41,1,176.54,0.0
14025,6259,94,5,914.43,0.0
14026,6259,187,2,215.12,10.0
14027,6259,24,2,584.38,0.0
14028,6260,9,1,217.62,15.0
14029,6261,38,4,1016.34,20.0
14030,6261,15,1,255.83,0.0
14031,6262,44,1,930.25,10.0
14032,6263,27,1,287.02,0.0
14033,6264,30,1,658.15,5.0
14034,6264,33,2,947.92,0.0
14035,6264,27,4,287.02,0.0
14036,6264,59,2,251.22,10.0
14037,6265,34,1,43.21,5.0
14038,6266,27,1,287.02,0.0
14039,6266,30,1,658.15,0.0
14040,6266,46,1,854.22,0.0
14041,6267,27,2,287.02,15.0
14042,6268,14,1,149.0,0.0
14043,6268,49,1,1020.52,0.0
14044,6268,94,5,914.43,0.0
14045,6269,26,1,204.87,0.0
14046,6269,22,1,457.79,0.0
14047,6269,45,1,456.92,0.0
14048,6270,7,1,62.52,0.0
14049,6270,42,1,880.29,0.0
14050,6271,14,2,149.0,0.0
14051,6271,171,4,508.1,0.0
14052,6271,40,2,520.37,0.0
14053,6271,28,1,662.55,0.0
14054,6271,43,4,935.97,0.0
14055,6272,50,2,994.53,10.0
14056,6273,235,1,180.69,0.0
14057,6273,4,1,583.61,0.0
14058,6274,20,2,339.73,5.0
14059,6274,14,2,149.0,0.0
14060,6274,5,4,597.45,0.0
14061,6274,17,1,173.9,0.0
14062,6275,46,2,854.22,0.0
14063,6276,39,1,758.76,0.0
14064,6276,61,1,882.1,0.0
14065,6276,235,3,180.69,0.0
14066,6276,203,1,131.33,0.0
14067,6277,232,2,968.09,0.0
14068,6277,39,1,758.76,0.0
14069,6278,6,1,34.19,0.0
14070,6278,51,1,774.23,0.0
14071,6278,39,1,758.76,5.0
14072,6278,38,1,1016.34,0.0
14073,6279,82,1,1090.89,0.0
14074,6279,48,1,358.48,0.0
14075,6279,147,1,490.87,0.0
14076,6280,4,1,583.61,0.0
14077,6280,8,2,542.39,0.0
14078,6281,34,2,43.21,0.0
14079,6281,11,1,202.6,0.0
14080,6281,9,1,217.62,5.0
14081,6281,33,2,947.92,0.0
14082,6282,38,2,1016.34,0.0
14083,6283,47,4,459.02,20.0
14084,6284,41,3,176.54,0.0
14085,6284,18,3,818.1,0.0
14086,6284,20,3,339.73,10.0
14087,6284,6,1,34.19,5.0
14088,6285,33,1,947.92,20.0
14089,6285,107,2,933.7,0.0
14090,6285,30,1,658.15,0.0
14091,6285,42,1,880.29,0.0
14092,6286,45,1,456.92,10.0
14093,6286,120,2,983.93,0.0
14094,6286,17,2,173.9,0.0
14095,6286,2,2,394.13,0.0
14096,6287,11,1,202.6,15.0
14097,6287,19,1,604.84,0.0
14098,6288,34,4,43.21,5.0
14099,6288,40,1,520.37,0.0
14100,6289,30,1,658.15,0.0
14101,6289,49,1,1020.52,0.0
14102,6290,29,1,981.65,5.0
14103,6290,31,1,185.47,0.0
14104,6291,43,1,935.97,0.0
14105,6292,113,1,1162.63,0.0
14106,6292,29,1,981.65,0.0
14107,6292,32,5,320.79,0.0
14108,6292,3,1,557.91,0.0
14109,6293,33,1,947.92,0.0
14110,6293,14,1,149.0,0.0
14111,6294,17,1,173.9,5.0
14112,6294,14,2,149.0,5.0
14113,6295,50,2,994.53,0.0
14114,6295,24,1,584.38,0.0
14115,6295,18,1,818.1,0.0
14116,6295,17,1,173.9,0.0
14117,6296,40,2,520.37,0.0
14118,6296,222,1,752.95,15.0
14119,6297,220,1,850.53,0.0
14120,6297,34,1,43.21,0.0
14121,6298,14,3,149.0,0.0
14122,6299,35,2,633.08,20.0
14123,6299,6,1,34.19,0.0
14124,6300,37,2,1009.52,0.0
14125,6301,7,1,62.52,0.0
14126,6301,30,4,658.15,0.0
14127,6302,7,2,62.52,0.0
14128,6302,29,2,981.65,5.0
14129,6303,238,3,31.94,0.0
14130,6303,51,1,774.23,10.0
14131,6304,29,1,981.65,20.0
14132,6305,120,2,983.93,0.0
14133,6305,18,1,818.1,0.0
14134,6305,127,4,711.21,0.0
14135,6306,45,1,456.92,0.0
14136,6306,141,1,991.87,5.0
14137,6306,2,4,394.13,15.0
14138,6307,7,1,62.52,0.0
14139,6307,47,1,459.02,5.0
14140,6307,122,4,246.21,0.0
14141,6308,21,1,851.91,0.0
14142,6308,256,2,83.37,5.0
14143,6309,47,1,459.02,0.0
14144,6309,29,1,981.65,20.0
14145,6309,32,2,320.79,0.0
14146,6309,41,2,176.54,0.0
14147,6309,4,3,583.61,5.0
14148,6310,32,1,320.79,0.0
14149,6310,52,1,994.18,0.0
14150,6311,43,1,935.97,15.0
14151,6312,4,1,583.61,5.0
14152,6312,187,3,215.12,0.0
14153,6312,3,1,557.91,10.0
14154,6313,41,2,176.54,20.0
14155,6313,18,1,818.1,0.0
14156,6313,51,5,774.23,0.0
14157,6313,4,1,583.61,0.0
14158,6313,6,1,34.19,15.0
14159,6314,96,1,1121.55,0.0
14160,6314,11,4,202.6,0.0
14161,6315,22,4,457.79,0.0
14162,6315,1,2,643.08,0.0
14163,6315,44,1,930.25,0.0
14164,6316,9,1,217.62,0.0
14165,6316,162,2,82.72,20.0
14166,6317,16,3,973.78,0.0
14167,6317,104,1,613.34,5.0
14168,6317,111,1,932.22,0.0
14169,6317,15,1,255.83,0.0
14170,6318,44,1,930.25,0.0
14171,6318,39,1,758.76,0.0
14172,6319,60,1,165.23,0.0
14173,6319,20,1,339.73,0.0
14174,6319,17,1,173.9,20.0
14175,6319,31,3,185.47,0.0
14176,6320,36,1,72.7,5.0
14177,6321,8,1,542.39,5.0
14178,6321,123,1,272.6,10.0
14179,6321,28,1,662.55,0.0
14180,6321,39,1,758.76,5.0
14181,6322,21,1,851.91,10.0
14182,6322,42,1,880.29,5.0
14183,6323,43,3,935.97,0.0
14184,6323,26,1,204.87,0.0
14185,6323,49,1,1020.52,0.0
14186,6324,11,1,202.6,0.0
14187,6324,8,1,542.39,5.0
14188,6325,51,1,774.23,0.0
14189,6325,42,2,880.29,10.0
14190,6325,29,3,981.65,0.0
14191,6325,22,1,457.79,0.0
14192,6325,43,1,935.97,0.0
14193,6326,25,3,631.62,0.0
14194,6326,27,1,287.02,0.0
14195,6327,36,2,72.7,0.0
14196,6327,13,2,800.5,20.0
14197,6328,42,1,880.29,0.0
14198,6328,11,2,202.6,0.0
14199,6328,3,1,557.91,5.0
14200,6328,52,1,994.18,10.0
14201,6328,31,1,185.47,0.0
14202,6329,46,1,854.22,0.0
14203,6329,23,2,236.54,5.0
14204,6330,4,1,583.61,0.0
14205,6330,16,2,973.78,20.0
14206,6330,5,3,597.45,5.0
14207,6330,28,2,662.55,0.0
14208,6331,9,1,217.62,0.0
14209,6331,153,2,378.51,5.0
14210,6332,36,1,72.7,0.0
14211,6332,25,1,631.62,0.0
14212,6333,46,1,854.22,0.0
14213,6333,3,1,557.91,0.0
14214,6333,8,1,542.39,0.0
14215,6333,4,2,583.61,0.0
14216,6334,34,1,43.21,10.0
14217,6334,11,2,202.6,10.0
14218,6334,40,2,520.37,20.0
14219,6335,116,3,209.21,0.0
14220,6335,219,2,503.95,10.0
14221,6335,3,2,557.91,0.0
14222,6335,5,1,597.45,0.0
14223,6335,18,2,818.1,0.0
14224,6336,43,2,935.97,0.0
14225,6336,68,1,245.03,0.0
14226,6337,10,3,132.89,5.0
14227,6337,21,1,851.91,0.0
14228,6338,207,1,991.04,0.0
14229,6338,8,1,542.39,15.0
14230,6338,24,1,584.38,0.0
14231,6339,14,1,149.0,5.0
14232,6339,4,2,583.61,0.0
14233,6340,6,1,34.19,0.0
14234,6341,42,2,880.29,0.0
14235,6341,10,2,132.89,0.0
14236,6341,52,5,994.18,5.0
14237,6341,4,2,583.61,10.0
14238,6342,21,1,851.91,0.0
14239,6343,19,2,604.84,20.0
14240,6344,28,1,662.55,0.0
14241,6344,39,2,758.76,5.0
14242,6345,8,2,542.39,0.0
14243,6345,177,1,592.34,0.0
14244,6345,144,2,927.22,5.0
14245,6346,6,1,34.19,20.0
14246,6346,3,1,557.91,10.0
14247,6347,16,1,973.78,0.0
14248,6348,226,3,855.84,0.0
14249,6348,75,1,448.57,0.0
14250,6348,22,1,457.79,15.0
14251,6348,30,1,658.15,0.0
14252,6349,3,1,557.91,0.0
14253,6349,44,1,930.25,20.0
14254,6349,58,2,473.18,0.0
14255,6349,13,2,800.5,0.0
14256,6349,138,2,285.18,10.0
14257,6350,18,1,818.1,15.0
14258,6351,37,3,1009.52,0.0
14259,6352,21,2,851.91,0.0
14260,6352,7,1,62.52,0.0
14261,6352,16,2,973.78,5.0
14262,6353,35,2,633.08,0.0
14263,6353,124,1,729.75,0.0
14264,6354,44,1,930.25,0.0
14265,6354,42,3,880.29,0.0
14266,6354,15,1,255.83,0.0
14267,6354,52,1,994.18,5.0
14268,6355,91,1,291.37,0.0
14269,6355,27,1,287.02,0.0
14270,6355,44,3,930.25,0.0
14271,6356,43,1,935.97,0.0
14272,6356,92,1,549.63,0.0
14273,6356,51,1,774.23,0.0
14274,6357,59,2,251.22,0.0
14275,6358,41,1,176.54,10.0
14276,6358,20,1,339.73,0.0
14277,6359,51,1,774.23,0.0
14278,6359,20,1,339.73,0.0
14279,6359,16,1,973.78,0.0
14280,6360,46,2,854.22,10.0
14281,6360,42,1,880.29,0.0
14282,6360,124,1,729.75,0.0
14283,6360,133,1,245.7,0.0
14284,6360,23,2,236.54,0.0
14285,6361,38,1,1016.34,0.0
14286,6362,7,4,62.52,0.0
14287,6362,26,1,204.87,0.0
14288,6363,4,2,583.61,0.0
14289,6364,12,1,677.11,0.0
14290,6365,2,2,394.13,0.0
14291,6365,44,4,930.25,5.0
14292,6366,25,1,631.62,0.0
14293,6367,45,2,456.92,0.0
14294,6367,26,2,204.87,0.0
14295,6368,132,1,758.96,0.0
14296,6368,20,1,339.73,5.0
14297,6368,11,1,202.6,0.0
14298,6369,2,1,394.13,0.0
14299,6369,7,1,62.52,20.0
14300,6369,39,1,758.76,0.0
14301,6370,242,2,1105.36,0.0
14302,6371,51,2,774.23,0.0
14303,6371,18,1,818.1,0.0
14304,6372,223,1,389.43,0.0
14305,6373,43,1,935.97,0.0
14306,6373,11,1,202.6,0.0
14307,6374,29,1,981.65,0.0
14308,6375,43,2,935.97,0.0
14309,6376,47,1,459.02,0.0
14310,6376,43,2,935.97,0.0
14311,6376,163,2,234.62,0.0
14312,6376,212,3,665.42,0.0
14313,6376,16,1,973.78,10.0
14314,6377,18,1,818.1,0.0
14315,6377,9,1,217.62,0.0
14316,6378,152,1,1071.23,0.0
14317,6378,41,3,176.54,0.0
14318,6378,20,2,339.73,0.0
14319,6379,18,1,818.1,0.0
14320,6379,220,2,850.53,0.0
14321,6379,45,2,456.92,20.0
14322,6379,232,3,968.09,0.0
14323,6379,14,1,149.0,0.0
14324,6380,45,1,456.92,0.0
14325,6380,41,1,176.54,0.0
14326,6381,1,2,643.08,10.0
14327,6381,22,1,457.79,0.0
14328,6382,19,1,604.84,0.0
14329,6382,54,1,21.31,0.0
14330,6382,169,1,863.12,0.0
14331,6382,26,1,204.87,0.0
14332,6383,7,2,62.52,10.0
14333,6383,215,1,429.74,0.0
14334,6384,17,1,173.9,0.0
14335,6384,25,1,631.62,0.0
14336,6384,26,2,204.87,0.0
14337,6385,35,1,633.08,0.0
14338,6386,49,2,1020.52,0.0
14339,6387,172,4,225.41,0.0
14340,6388,31,1,185.47,0.0
14341,6388,25,1,631.62,0.0
14342,6389,192,5,282.66,0.0
14343,6389,41,1,176.54,0.0
14344,6390,63,1,958.03,0.0
14345,6391,51,2,774.23,0.0
14346,6391,27,2,287.02,0.0
14347,6391,31,1,185.47,0.0
14348,6391,179,1,990.0,0.0
14349,6392,49,3,1020.52,0.0
14350,6392,29,1,981.65,0.0
14351,6392,200,1,731.51,15.0
14352,6393,87,2,812.54,0.0
14353,6394,39,1,758.76,0.0
14354,6395,50,1,994.53,0.0
14355,6396,2,1,394.13,0.0
14356,6397,7,1,62.52,0.0
14357,6397,32,1,320.79,0.0
14358,6397,142,1,89.71,0.0
14359,6398,34,1,43.21,0.0
14360,6399,103,1,656.03,0.0
14361,6400,230,1,948.25,0.0
14362,6400,25,3,631.62,10.0
14363,6401,16,2,973.78,0.0
14364,6401,3,1,557.91,0.0
14365,6402,10,1,132.89,10.0
14366,6402,24,2,584.38,10.0
14367,6402,41,1,176.54,0.0
14368,6403,17,1,173.9,0.0
14369,6403,9,1,217.62,0.0
14370,6403,30,1,658.15,0.0
14371,6404,41,3,176.54,0.0
14372,6404,17,2,173.9,0.0
14373,6404,46,2,854.22,10.0
14374,6405,51,2,774.23,5.0
14375,6405,4,4,583.61,20.0
14376,6406,21,2,851.91,0.0
14377,6406,32,2,320.79,0.0
14378,6407,29,1,981.65,20.0
14379,6407,31,1,185.47,10.0
14380,6407,58,1,473.18,0.0
14381,6407,26,1,204.87,10.0
14382,6407,102,2,352.97,0.0
14383,6408,8,1,542.39,0.0
14384,6409,6,1,34.19,0.0
14385,6409,246,2,835.26,0.0
14386,6409,11,1,202.6,0.0
14387,6409,18,1,818.1,20.0
14388,6409,3,1,557.91,0.0
14389,6410,202,2,427.54,5.0
14390,6411,23,2,236.54,0.0
14391,6411,13,1,800.5,0.0
14392,6412,35,1,633.08,10.0
14393,6413,239,1,269.05,20.0
14394,6413,14,2,149.0,0.0
14395,6413,1,1,643.08,0.0
14396,6413,27,1,287.02,0.0
14397,6414,199,1,989.05,10.0
14398,6414,37,1,1009.52,0.0
14399,6414,3,1,557.91,20.0
14400,6415,49,2,1020.52,5.0
14401,6415,21,2,851.91,15.0
14402,6415,41,1,176.54,0.0
14403,6415,4,1,583.61,0.0
14404,6416,117,1,659.17,0.0
14405,6416,254,2,1202.51,0.0
14406,6417,143,2,435.68,0.0
14407,6418,13,1,800.5,10.0
14408,6418,35,1,633.08,0.0
14409,6418,156,3,410.55,10.0
14410,6419,32,5,320.79,5.0
14411,6419,17,1,173.9,0.0
14412,6419,35,2,633.08,20.0
14413,6420,20,3,339.73,0.0
14414,6420,206,1,532.41,0.0
14415,6420,221,2,294.07,0.0
14416,6421,31,2,185.47,10.0
14417,6421,37,5,1009.52,10.0
14418,6421,211,1,1092.93,20.0
14419,6422,16,1,973.78,0.0
14420,6422,48,1,358.48,0.0
14421,6423,33,3,947.92,0.0
14422,6423,47,3,459.02,0.0
14423,6424,8,3,542.39,0.0
14424,6425,50,1,994.53,10.0
14425,6425,38,1,1016.34,0.0
14426,6425,49,1,1020.52,0.0
14427,6426,246,1,835.26,0.0
14428,6427,40,3,520.37,0.0
14429,6427,51,1,774.23,10.0
14430,6428,47,1,459.02,0.0
14431,6429,20,2,339.73,0.0
14432,6429,35,1,633.08,15.0
14433,6429,51,1,774.23,0.0
14434,6430,28,1,662.55,5.0
14435,6430,47,1,459.02,0.0
14436,6430,184,1,196.43,0.0
14437,6430,3,1,557.91,5.0
14438,6431,3,1,557.91,0.0
14439,6431,7,5,62.52,0.0
14440,6431,23,2,236.54,20.0
14441,6431,51,1,774.23,0.0
14442,6431,247,1,774.56,0.0
14443,6432,12,3,677.11,0.0
14444,6432,35,1,633.08,0.0
14445,6432,11,1,202.6,20.0
14446,6432,210,5,664.24,20.0
14447,6433,4,1,583.61,0.0
14448,6434,122,1,246.21,0.0
14449,6434,25,1,631.62,0.0
14450,6434,255,3,537.33,0.0
14451,6434,20,1,339.73,0.0
14452,6434,11,1,202.6,0.0
14453,6435,15,4,255.83,0.0
14454,6435,249,2,229.0,15.0
14455,6435,11,3,202.6,15.0
14456,6435,57,1,966.47,0.0
14457,6436,1,5,643.08,10.0
14458,6437,47,1,459.02,0.0
14459,6438,39,1,758.76,0.0
14460,6438,130,2,625.15,0.0
14461,6438,38,1,1016.34,5.0
14462,6439,38,2,1016.34,0.0
14463,6440,48,1,358.48,5.0
14464,6440,14,1,149.0,0.0
14465,6441,36,2,72.7,0.0
14466,6441,215,2,429.74,0.0
14467,6442,26,3,204.87,0.0
14468,6443,245,1,396.55,0.0
14469,6443,231,1,765.07,10.0
14470,6443,68,1,245.03,15.0
14471,6443,2,1,394.13,0.0
14472,6444,14,3,149.0,5.0
14473,6444,36,1,72.7,0.0
14474,6444,215,2,429.74,0.0
14475,6445,34,1,43.21,0.0
14476,6445,3,1,557.91,0.0
14477,6446,49,1,1020.52,0.0
14478,6446,8,1,542.39,0.0
14479,6447,52,1,994.18,0.0
14480,6447,225,1,785.87,0.0
14481,6448,128,1,1064.68,10.0
14482,6449,47,2,459.02,0.0
14483,6450,49,5,1020.52,0.0
14484,6450,19,3,604.84,10.0
14485,6451,38,1,1016.34,0.0
14486,6451,12,1,677.11,0.0
14487,6452,82,2,1090.89,0.0
14488,6452,80,2,275.45,0.0
14489,6452,40,1,520.37,5.0
14490,6453,33,3,947.92,0.0
14491,6454,37,2,1009.52,10.0
14492,6455,17,1,173.9,0.0
14493,6455,45,1,456.92,0.0
14494,6456,241,1,868.81,0.0
14495,6457,27,1,287.02,0.0
14496,6458,4,1,583.61,0.0
14497,6458,21,3,851.91,0.0
14498,6458,111,2,932.22,20.0
14499,6459,16,1,973.78,0.0
14500,6459,50,1,994.53,20.0
14501,6459,150,1,196.9,0.0
14502,6460,257,2,118.54,0.0
14503,6460,24,1,584.38,0.0
14504,6461,178,2,512.5,0.0
14505,6461,51,3,774.23,5.0
14506,6461,16,1,973.78,0.0
14507,6461,38,1,1016.34,0.0
14508,6462,33,1,947.92,0.0
14509,6463,51,1,774.23,0.0
14510,6463,34,1,43.21,10.0
14511,6464,69,1,819.14,0.0
14512,6464,29,3,981.65,0.0
14513,6464,19,1,604.84,5.0
14514,6464,142,1,89.71,0.0
14515,6465,231,1,765.07,5.0
14516,6465,49,2,1020.52,0.0
14517,6466,16,1,973.78,0.0
14518,6466,4,1,583.61,10.0
14519,6466,25,1,631.62,15.0
14520,6467,1,5,643.08,0.0
14521,6467,15,1,255.83,5.0
14522,6468,38,1,1016.34,5.0
14523,6468,11,4,202.6,0.0
14524,6469,46,1,854.22,0.0
14525,6470,48,1,358.48,0.0
14526,6470,30,3,658.15,5.0
14527,6471,10,1,132.89,10.0
14528,6471,9,1,217.62,0.0
14529,6472,32,1,320.79,10.0
14530,6472,18,1,818.1,0.0
14531,6472,2,2,394.13,5.0
14532,6472,7,1,62.52,20.0
14533,6472,61,1,882.1,0.0
14534,6473,10,1,132.89,10.0
14535,6473,7,3,62.52,10.0
14536,6473,24,2,584.38,10.0
14537,6474,51,1,774.23,0.0
14538,6474,34,2,43.21,0.0
14539,6475,114,5,279.33,0.0
14540,6475,18,2,818.1,20.0
14541,6475,239,1,269.05,0.0
14542,6475,35,1,633.08,0.0
14543,6475,5,1,597.45,0.0
14544,6476,156,1,410.55,0.0
14545,6477,12,2,677.11,0.0
14546,6477,138,1,285.18,0.0
14547,6478,48,2,358.48,0.0
14548,6478,9,2,217.62,0.0
14549,6479,217,1,308.65,0.0
14550,6480,47,1,459.02,0.0
14551,6480,32,2,320.79,5.0
14552,6480,134,4,426.27,0.0
14553,6481,7,1,62.52,20.0
14554,6481,78,1,1047.68,15.0
14555,6482,253,1,352.37,15.0
14556,6482,24,1,584.38,10.0
14557,6483,102,5,352.97,5.0
14558,6484,190,1,998.17,0.0
14559,6484,13,5,800.5,0.0
14560,6485,71,1,682.59,5.0
14561,6486,141,1,991.87,0.0
14562,6486,37,1,1009.52,0.0
14563,6487,4,3,583.61,0.0
14564,6487,3,1,557.91,0.0
14565,6488,32,1,320.79,0.0
14566,6488,17,1,173.9,0.0
14567,6489,28,1,662.55,0.0
14568,6490,32,1,320.79,0.0
14569,6491,129,2,44.87,10.0
14570,6491,48,1,358.48,0.0
14571,6492,134,2,426.27,0.0
14572,6492,32,1,320.79,0.0
14573,6493,40,3,520.37,0.0
14574,6494,43,2,935.97,20.0
14575,6494,207,2,991.04,0.0
14576,6495,42,1,880.29,0.0
14577,6495,208,1,1182.18,0.0
14578,6495,16,2,973.78,0.0
14579,6496,44,1,930.25,10.0
14580,6496,255,1,537.33,15.0
14581,6497,13,3,800.5,20.0
14582,6497,206,2,532.41,0.0
14583,6498,44,2,930.25,0.0
14584,6498,24,2,584.38,0.0
14585,6499,23,2,236.54,10.0
14586,6499,167,2,356.11,10.0
14587,6499,20,1,339.73,0.0
14588,6499,50,2,994.53,0.0
14589,6499,235,1,180.69,0.0
14590,6500,51,1,774.23,0.0
14591,6500,114,2,279.33,0.0
14592,6501,47,5,459.02,0.0
14593,6501,5,1,597.45,20.0
14594,6502,45,2,456.92,10.0
14595,6502,24,1,584.38,0.0
14596,6503,8,4,542.39,10.0
14597,6504,155,2,438.96,10.0
14598,6504,248,1,249.31,0.0
14599,6505,32,2,320.79,0.0
14600,6506,52,2,994.18,10.0
14601,6507,23,1,236.54,5.0
14602,6507,30,2,658.15,0.0
14603,6508,16,1,973.78,15.0
14604,6508,10,1,132.89,0.0
14605,6509,25,1,631.62,0.0
14606,6509,48,4,358.48,0.0
14607,6509,40,1,520.37,10.0
14608,6509,24,1,584.38,0.0
14609,6509,163,1,234.62,0.0
14610,6510,3,2,557.91,0.0
14611,6510,14,1,149.0,0.0
14612,6511,50,1,994.53,10.0
14613,6512,123,1,272.6,0.0
14614,6512,44,1,930.25,0.0
14615,6512,51,1,774.23,0.0
14616,6513,99,3,255.18,0.0
14617,6513,45,1,456.92,0.0
14618,6513,152,1,1071.23,0.0
14619,6514,10,2,132.89,0.0
14620,6514,33,2,947.92,0.0
14621,6514,37,1,1009.52,0.0
14622,6514,9,1,217.62,0.0
14623,6514,30,1,658.15,0.0
14624,6515,2,2,394.13,0.0
14625,6515,48,1,358.48,0.0
14626,6516,7,1,62.52,0.0
14627,6517,48,1,358.48,0.0
14628,6517,20,1,339.73,0.0
14629,6517,30,1,658.15,0.0
14630,6517,233,5,27.46,5.0
14631,6518,39,2,758.76,5.0
14632,6518,233,4,27.46,0.0
14633,6518,247,1,774.56,0.0
14634,6519,74,1,166.27,0.0
14635,6520,42,2,880.29,0.0
14636,6520,46,1,854.22,0.0
14637,6521,51,1,774.23,10.0
14638,6521,35,1,633.08,0.0
14639,6522,89,2,568.71,5.0
14640,6523,33,2,947.92,0.0
14641,6523,34,2,43.21,0.0
14642,6523,32,1,320.79,0.0
14643,6524,24,1,584.38,0.0
14644,6525,40,2,520.37,0.0
14645,6525,22,2,457.79,0.0
14646,6526,33,1,947.92,0.0
14647,6526,233,1,27.46,5.0
14648,6526,20,2,339.73,0.0
14649,6526,22,1,457.79,0.0
14650,6526,224,1,402.49,10.0
14651,6527,22,2,457.79,0.0
14652,6528,20,2,339.73,0.0
14653,6529,17,2,173.9,20.0
14654,6529,14,1,149.0,0.0
14655,6530,25,1,631.62,5.0
14656,6530,12,2,677.11,10.0
14657,6531,23,1,236.54,0.0
14658,6531,207,3,991.04,20.0
14659,6531,34,1,43.21,0.0
14660,6532,7,1,62.52,0.0
14661,6532,17,3,173.9,0.0
14662,6533,186,1,919.63,0.0
14663,6533,33,1,947.92,0.0
14664,6534,13,1,800.5,0.0
14665,6534,77,2,561.47,0.0
14666,6535,35,1,633.08,0.0
14667,6535,19,1,604.84,0.0
14668,6536,88,1,757.47,10.0
14669,6536,93,3,626.68,20.0
14670,6536,13,1,800.5,0.0
14671,6537,45,3,456.92,0.0
14672,6538,33,1,947.92,15.0
14673,6539,47,2,459.02,0.0
14674,6539,97,1,38.5,0.0
14675,6539,17,1,173.9,10.0
14676,6539,37,3,1009.52,0.0
14677,6540,30,1,658.15,0.0
14678,6540,18,1,818.1,0.0
14679,6541,7,1,62.52,0.0
14680,6542,40,1,520.37,0.0
14681,6542,11,2,202.6,0.0
14682,6543,37,3,1009.52,0.0
14683,6543,32,3,320.79,0.0
14684,6543,39,1,758.76,10.0
14685,6544,35,2,633.08,0.0
14686,6544,52,3,994.18,0.0
14687,6544,24,2,584.38,0.0
14688,6544,38,1,1016.34,10.0
14689,6544,44,1,930.25,0.0
14690,6545,22,1,457.79,0.0
14691,6546,49,1,1020.52,0.0
14692,6546,23,4,236.54,0.0
14693,6546,184,1,196.43,0.0
14694,6546,21,1,851.91,10.0
14695,6546,44,1,930.25,0.0
14696,6547,28,1,662.55,0.0
14697,6547,46,2,854.22,0.0
14698,6547,12,2,677.11,5.0
14699,6547,37,3,1009.52,5.0
14700,6548,41,1,176.54,20.0
14701,6548,8,2,542.39,0.0
14702,6548,6,1,34.19,10.0
14703,6549,232,1,968.09,5.0
14704,6550,11,1,202.6,5.0
14705,6550,38,2,1016.34,0.0
14706,6550,32,1,320.79,0.0
14707,6551,15,1,255.83,5.0
14708,6551,46,1,854.22,5.0
14709,6551,91,1,291.37,0.0
14710,6551,10,2,132.89,0.0
14711,6552,9,1,217.62,0.0
14712,6552,198,1,904.38,0.0
14713,6553,49,1,1020.52,0.0
14714,6553,32,2,320.79,0.0
14715,6554,13,5,800.5,15.0
14716,6554,31,1,185.47,5.0
14717,6555,32,4,320.79,0.0
14718,6555,197,1,893.87,0.0
14719,6556,30,1,658.15,0.0
14720,6557,168,1,838.87,10.0
14721,6557,12,1,677.11,0.0
14722,6557,167,1,356.11,0.0
14723,6557,20,3,339.73,0.0
14724,6557,14,2,149.0,0.0
14725,6558,42,3,880.29,5.0
14726,6559,57,3,966.47,0.0
14727,6559,44,1,930.25,5.0
14728,6559,51,1,774.23,0.0
14729,6559,230,1,948.25,0.0
14730,6559,8,2,542.39,0.0
14731,6560,114,1,279.33,15.0
14732,6561,18,1,818.1,0.0
14733,6561,4,1,583.61,20.0
14734,6561,239,2,269.05,5.0
14735,6562,39,2,758.76,0.0
14736,6562,19,1,604.84,0.0
14737,6563,16,1,973.78,0.0
14738,6563,12,1,677.11,0.0
14739,6564,41,1,176.54,0.0
14740,6564,44,1,930.25,10.0
14741,6564,47,2,459.02,0.0
14742,6565,200,2,731.51,0.0
14743,6565,30,1,658.15,0.0
14744,6565,9,1,217.62,0.0
14745,6566,15,1,255.83,0.0
14746,6567,12,2,677.11,15.0
14747,6568,3,1,557.91,0.0
14748,6568,225,2,785.87,0.0
14749,6568,10,2,132.89,0.0
14750,6569,38,3,1016.34,0.0
14751,6570,142,1,89.71,10.0
14752,6571,254,1,1202.51,0.0
14753,6571,189,1,816.04,0.0
14754,6571,10,1,132.89,0.0
14755,6571,23,1,236.54,5.0
14756,6571,12,3,677.11,0.0
14757,6572,15,2,255.83,0.0
14758,6573,3,2,557.91,0.0
14759,6573,14,3,149.0,0.0
14760,6573,22,4,457.79,0.0
14761,6574,9,1,217.62,10.0
14762,6575,42,2,880.29,10.0
14763,6575,10,2,132.89,0.0
14764,6575,35,2,633.08,0.0
14765,6575,91,1,291.37,0.0
14766,6575,32,1,320.79,0.0
14767,6576,51,2,774.23,0.0
14768,6576,251,1,395.15,0.0
14769,6576,242,2,1105.36,0.0
14770,6576,74,1,166.27,20.0
14771,6577,244,2,902.38,0.0
14772,6577,16,1,973.78,0.0
14773,6578,6,1,34.19,0.0
14774,6578,10,1,132.89,20.0
14775,6578,45,2,456.92,0.0
14776,6579,44,3,930.25,0.0
14777,6579,19,1,604.84,0.0
14778,6580,26,1,204.87,0.0
14779,6580,93,1,626.68,0.0
14780,6580,232,1,968.09,0.0
14781,6581,51,2,774.23,0.0
14782,6582,70,1,532.42,0.0
14783,6583,21,2,851.91,0.0
14784,6583,51,1,774.23,0.0
14785,6583,49,1,1020.52,0.0
14786,6584,16,2,973.78,5.0
14787,6585,44,2,930.25,0.0
14788,6585,41,1,176.54,0.0
14789,6585,23,1,236.54,15.0
14790,6585,205,2,227.28,0.0
14791,6586,40,2,520.37,5.0
14792,6586,6,2,34.19,5.0
14793,6586,5,1,597.45,5.0
14794,6587,12,2,677.11,0.0
14795,6587,23,1,236.54,0.0
14796,6588,76,2,920.83,0.0
14797,6589,15,1,255.83,0.0
14798,6589,203,1,131.33,10.0
14799,6590,2,2,394.13,10.0
14800,6590,27,1,287.02,15.0
14801,6591,187,3,215.12,0.0
14802,6591,21,1,851.91,0.0
14803,6592,125,1,128.01,0.0
14804,6592,197,1,893.87,0.0
14805,6592,22,1,457.79,10.0
14806,6593,27,1,287.02,0.0
14807,6594,31,1,185.47,20.0
14808,6595,28,3,662.55,10.0
14809,6596,19,1,604.84,5.0
14810,6597,7,1,62.52,0.0
14811,6597,43,1,935.97,0.0
14812,6597,149,1,668.87,10.0
14813,6598,5,1,597.45,0.0
14814,6598,37,1,1009.52,0.0
14815,6599,5,3,597.45,0.0
14816,6599,39,2,758.76,0.0
14817,6600,51,1,774.23,0.0
14818,6600,50,1,994.53,0.0
14819,6600,206,5,532.41,20.0
14820,6600,5,2,597.45,5.0
14821,6600,4,1,583.61,15.0
14822,6601,7,3,62.52,0.0
14823,6602,8,1,542.39,0.0
14824,6603,15,1,255.83,0.0
14825,6603,34,1,43.21,15.0
14826,6603,41,1,176.54,0.0
14827,6604,238,1,31.94,15.0
14828,6604,36,1,72.7,10.0
14829,6605,39,1,758.76,10.0
14830,6606,11,1,202.6,0.0
14831,6606,28,2,662.55,0.0
14832,6607,34,1,43.21,0.0
14833,6607,240,1,81.35,0.0
14834,6607,40,1,520.37,10.0
14835,6607,46,1,854.22,0.0
14836,6608,5,1,597.45,0.0
14837,6609,28,1,662.55,0.0
14838,6609,16,1,973.78,0.0
14839,6609,111,1,932.22,0.0
14840,6609,38,1,1016.34,0.0
14841,6610,101,1,462.13,0.0
14842,6611,33,5,947.92,0.0
14843,6612,5,1,597.45,0.0
14844,6612,248,1,249.31,0.0
14845,6612,2,1,394.13,0.0
14846,6612,68,1,245.03,0.0
14847,6612,117,4,659.17,0.0
14848,6613,30,1,658.15,0.0
14849,6613,12,2,677.11,0.0
14850,6613,76,1,920.83,10.0
14851,6613,48,1,358.48,15.0
14852,6613,159,1,220.27,0.0
14853,6614,52,3,994.18,20.0
14854,6614,104,1,613.34,0.0
14855,6614,34,1,43.21,0.0
14856,6615,254,1,1202.51,5.0
14857,6616,191,1,733.3,0.0
14858,6616,206,2,532.41,0.0
14859,6617,20,1,339.73,0.0
14860,6618,52,1,994.18,0.0
14861,6619,46,1,854.22,0.0
14862,6619,17,1,173.9,0.0
14863,6619,148,1,824.22,0.0
14864,6619,14,1,149.0,0.0
14865,6619,1,1,643.08,0.0
14866,6620,233,1,27.46,0.0
14867,6620,19,1,604.84,0.0
14868,6620,20,2,339.73,0.0
14869,6621,27,1,287.02,0.0
14870,6621,22,2,457.79,5.0
14871,6622,144,1,927.22,0.0
14872,6623,37,1,1009.52,0.0
14873,6623,31,1,185.47,0.0
14874,6624,110,1,600.49,5.0
14875,6625,6,2,34.19,0.0
14876,6625,4,1,583.61,0.0
14877,6626,49,1,1020.52,0.0
14878,6626,31,1,185.47,10.0
14879,6626,166,2,881.42,0.0
14880,6626,6,2,34.19,0.0
14881,6627,17,2,173.9,5.0
14882,6627,155,1,438.96,0.0
14883,6627,46,1,854.22,0.0
14884,6627,31,1,185.47,20.0
14885,6628,7,2,62.52,0.0
14886,6628,44,2,930.25,10.0
14887,6628,153,1,378.51,0.0
14888,6629,8,2,542.39,10.0
14889,6630,32,1,320.79,0.0
14890,6630,238,1,31.94,5.0
14891,6630,38,1,1016.34,0.0
14892,6631,208,2,1182.18,10.0
14893,6631,3,1,557.91,10.0
14894,6631,16,1,973.78,0.0
14895,6632,44,1,930.25,10.0
14896,6633,39,3,758.76,10.0
14897,6633,23,1,236.54,0.0
14898,6633,69,5,819.14,0.0
14899,6633,8,1,542.39,0.0
14900,6634,6,1,34.19,5.0
14901,6634,25,2,631.62,0.0
14902,6634,40,1,520.37,0.0
14903,6635,51,1,774.23,15.0
14904,6635,123,1,272.6,0.0
14905,6636,228,1,24.69,0.0
14906,6636,26,4,204.87,0.0
14907,6637,43,1,935.97,5.0
14908,6637,16,1,973.78,0.0
14909,6637,20,1,339.73,0.0
14910,6637,50,2,994.53,0.0
14911,6638,162,2,82.72,0.0
14912,6638,159,1,220.27,0.0
14913,6638,25,1,631.62,0.0
14914,6639,33,1,947.92,0.0
14915,6639,36,1,72.7,0.0
14916,6639,239,1,269.05,5.0
14917,6639,24,1,584.38,10.0
14918,6639,16,1,973.78,0.0
14919,6640,1,1,643.08,0.0
14920,6640,253,1,352.37,5.0
14921,6640,20,2,339.73,0.0
14922,6640,47,1,459.02,10.0
14923,6641,22,1,457.79,0.0
14924,6642,31,4,185.47,0.0
14925,6643,25,4,631.62,5.0
14926,6643,46,1,854.22,0.0
14927,6644,27,1,287.02,0.0
14928,6644,21,1,851.91,10.0
14929,6644,26,2,204.87,10.0
14930,6644,44,1,930.25,0.0
14931,6644,159,1,220.27,0.0
14932,6645,18,1,818.1,0.0
14933,6646,25,2,631.62,0.0
14934,6647,17,1,173.9,0.0
14935,6647,42,1,880.29,5.0
14936,6648,40,2,520.37,0.0
14937,6648,51,2,774.23,10.0
14938,6648,39,1,758.76,0.0
14939,6649,21,1,851.91,0.0
14940,6649,196,1,925.9,0.0
14941,6649,41,1,176.54,0.0
14942,6650,131,1,80.3,10.0
14943,6651,158,1,334.84,20.0
14944,6651,32,1,320.79,0.0
14945,6652,15,1,255.83,0.0
14946,6653,29,2,981.65,0.0
14947,6654,221,1,294.07,0.0
14948,6654,10,1,132.89,10.0
14949,6655,66,1,361.37,0.0
14950,6655,15,1,255.83,0.0
14951,6655,40,2,520.37,5.0
14952,6656,7,2,62.52,10.0
14953,6656,25,4,631.62,0.0
14954,6657,23,2,236.54,0.0
14955,6658,14,3,149.0,0.0
14956,6659,35,3,633.08,20.0
14957,6659,10,1,132.89,10.0
14958,6660,11,1,202.6,0.0
14959,6661,254,3,1202.51,10.0
14960,6662,15,1,255.83,0.0
14961,6663,23,1,236.54,0.0
14962,6663,46,1,854.22,0.0
14963,6663,121,1,223.46,0.0
14964,6664,9,1,217.62,0.0
14965,6665,74,1,166.27,0.0
14966,6665,45,1,456.92,0.0
14967,6665,29,2,981.65,0.0
14968,6666,11,1,202.6,0.0
14969,6666,2,1,394.13,10.0
14970,6666,131,2,80.3,0.0
14971,6666,43,3,935.97,0.0
14972,6667,15,1,255.83,0.0
14973,6667,44,1,930.25,0.0
14974,6668,46,3,854.22,0.0
14975,6668,52,3,994.18,15.0
14976,6668,34,1,43.21,20.0
14977,6668,6,1,34.19,0.0
14978,6668,25,1,631.62,0.0
14979,6669,41,1,176.54,0.0
14980,6669,37,2,1009.52,0.0
14981,6670,37,3,1009.52,10.0
14982,6670,34,1,43.21,0.0
14983,6671,28,1,662.55,0.0
14984,6671,11,2,202.6,0.0
14985,6672,30,1,658.15,0.0
14986,6672,23,1,236.54,0.0
14987,6672,36,2,72.7,0.0
14988,6672,11,2,202.6,0.0
14989,6673,174,2,911.18,0.0
14990,6673,26,1,204.87,0.0
14991,6673,3,2,557.91,0.0
14992,6673,16,2,973.78,10.0
14993,6674,44,2,930.25,0.0
14994,6674,15,2,255.83,0.0
14995,6674,10,1,132.89,0.0
14996,6674,14,1,149.0,0.0
14997,6675,8,1,542.39,0.0
14998,6675,41,1,176.54,10.0
14999,6675,48,1,358.48,0.0
15000,6676,119,1,891.47,0.0
15001,6677,56,2,776.63,0.0
15002,6677,44,3,930.25,0.0
15003,6677,42,3,880.29,0.0
15004,6677,26,1,204.87,10.0
15005,6677,23,1,236.54,0.0
15006,6678,9,3,217.62,5.0
15007,6678,47,2,459.02,10.0
15008,6678,19,1,604.84,15.0
15009,6679,252,3,686.58,15.0
15010,6679,50,1,994.53,15.0
15011,6680,8,1,542.39,0.0
15012,6680,215,1,429.74,0.0
15013,6681,121,3,223.46,0.0
15014,6681,194,1,328.13,0.0
15015,6681,183,1,473.71,0.0
15016,6681,132,1,758.96,20.0
15017,6681,70,2,532.42,0.0
15018,6682,25,1,631.62,0.0
15019,6683,41,5,176.54,0.0
15020,6683,24,1,584.38,0.0
15021,6684,35,2,633.08,0.0
15022,6684,17,1,173.9,0.0
15023,6684,31,3,185.47,5.0
15024,6685,29,1,981.65,5.0
15025,6686,50,4,994.53,0.0
15026,6686,1,1,643.08,0.0
15027,6687,244,2,902.38,20.0
15028,6687,44,2,930.25,0.0
15029,6688,45,1,456.92,20.0
15030,6688,34,1,43.21,5.0
15031,6689,38,1,1016.34,0.0
15032,6689,17,1,173.9,15.0
15033,6689,23,2,236.54,0.0
15034,6690,3,1,557.91,15.0
15035,6690,23,1,236.54,0.0
15036,6691,59,1,251.22,0.0
15037,6692,45,2,456.92,0.0
15038,6692,22,1,457.79,0.0
15039,6692,17,3,173.9,20.0
15040,6692,47,1,459.02,5.0
15041,6693,119,2,891.47,10.0
15042,6693,36,1,72.7,0.0
15043,6693,46,2,854.22,15.0
15044,6693,4,2,583.61,0.0
15045,6693,15,2,255.83,0.0
15046,6694,35,1,633.08,0.0
15047,6695,30,1,658.15,10.0
15048,6695,49,1,1020.52,0.0
15049,6695,233,2,27.46,0.0
15050,6695,35,1,633.08,0.0
15051,6696,9,1,217.62,0.0
15052,6697,205,1,227.28,15.0
15053,6697,13,5,800.5,5.0
15054,6698,42,1,880.29,0.0
15055,6698,185,1,339.91,0.0
15056,6698,181,1,115.49,0.0
15057,6698,2,1,394.13,5.0
15058,6698,3,1,557.91,0.0
15059,6699,15,2,255.83,5.0
15060,6699,3,2,557.91,5.0
15061,6699,47,2,459.02,0.0
15062,6700,51,1,774.23,15.0
15063,6700,60,1,165.23,0.0
15064,6701,19,1,604.84,20.0
15065,6701,26,1,204.87,0.0
15066,6702,3,1,557.91,10.0
15067,6703,20,3,339.73,5.0
15068,6703,1,1,643.08,10.0
15069,6704,8,1,542.39,0.0
15070,6704,3,4,557.91,0.0
15071,6704,12,1,677.11,0.0
15072,6705,11,2,202.6,0.0
15073,6705,25,2,631.62,0.0
15074,6705,144,2,927.22,10.0
15075,6706,40,4,520.37,10.0
15076,6706,50,1,994.53,0.0
15077,6707,52,1,994.18,0.0
15078,6707,34,2,43.21,0.0
15079,6707,10,1,132.89,0.0
15080,6708,254,1,1202.51,0.0
15081,6709,23,2,236.54,0.0
15082,6709,10,2,132.89,0.0
15083,6710,40,2,520.37,10.0
15084,6710,28,2,662.55,0.0
15085,6710,46,5,854.22,0.0
15086,6710,29,1,981.65,10.0
15087,6711,45,1,456.92,20.0
15088,6711,220,2,850.53,0.0
15089,6711,21,1,851.91,0.0
15090,6712,26,2,204.87,0.0
15091,6712,19,1,604.84,0.0
15092,6713,23,1,236.54,5.0
15093,6714,156,5,410.55,10.0
15094,6714,100,2,645.31,5.0
15095,6714,45,1,456.92,15.0
15096,6714,34,1,43.21,0.0
15097,6715,204,2,504.77,0.0
15098,6716,39,1,758.76,0.0
15099,6716,31,2,185.47,10.0
15100,6717,34,1,43.21,0.0
15101,6717,18,1,818.1,0.0
15102,6718,35,1,633.08,0.0
15103,6718,50,2,994.53,0.0
15104,6718,41,1,176.54,15.0
15105,6718,33,5,947.92,5.0
15106,6719,41,3,176.54,0.0
15107,6719,17,1,173.9,10.0
15108,6719,30,1,658.15,20.0
15109,6720,194,1,328.13,20.0
15110,6720,49,1,1020.52,0.0
15111,6720,47,1,459.02,0.0
15112,6721,133,1,245.7,0.0
15113,6721,137,3,424.86,0.0
15114,6722,44,3,930.25,0.0
15115,6723,50,2,994.53,0.0
15116,6723,23,2,236.54,15.0
15117,6723,206,2,532.41,0.0
15118,6724,47,2,459.02,0.0
15119,6724,11,1,202.6,0.0
15120,6724,16,1,973.78,0.0
15121,6725,243,1,1116.94,5.0
15122,6725,8,1,542.39,0.0
15123,6725,3,1,557.91,0.0
15124,6726,9,1,217.62,10.0
15125,6726,133,2,245.7,0.0
15126,6726,23,2,236.54,0.0
15127,6727,46,2,854.22,0.0
15128,6727,2,1,394.13,0.0
15129,6728,23,1,236.54,0.0
15130,6728,12,1,677.11,0.0
15131,6729,27,1,287.02,0.0
15132,6729,45,1,456.92,0.0
15133,6730,10,3,132.89,0.0
15134,6730,222,2,752.95,10.0
15135,6730,47,2,459.02,0.0
15136,6730,29,1,981.65,0.0
15137,6731,22,3,457.79,15.0
15138,6731,29,5,981.65,5.0
15139,6732,9,2,217.62,5.0
15140,6732,181,1,115.49,0.0
15141,6732,43,2,935.97,0.0
15142,6733,209,1,521.49,10.0
15143,6733,2,1,394.13,5.0
15144,6733,179,2,990.0,0.0
15145,6734,11,2,202.6,0.0
15146,6734,24,1,584.38,0.0
15147,6735,28,2,662.55,0.0
15148,6735,5,1,597.45,0.0
15149,6736,41,1,176.54,0.0
15150,6737,4,1,583.61,15.0
15151,6737,37,3,1009.52,0.0
15152,6737,21,1,851.91,15.0
15153,6738,17,1,173.9,0.0
15154,6739,22,2,457.79,5.0
15155,6739,19,2,604.84,20.0
15156,6739,23,3,236.54,0.0
15157,6740,229,2,54.7,0.0
15158,6740,5,1,597.45,0.0
15159,6740,19,2,604.84,10.0
15160,6740,3,1,557.91,0.0
15161,6741,2,1,394.13,0.0
15162,6741,29,1,981.65,15.0
15163,6741,258,1,563.1,0.0
15164,6742,14,1,149.0,15.0
15165,6742,33,1,947.92,10.0
15166,6743,52,1,994.18,0.0
15167,6743,32,2,320.79,0.0
15168,6744,51,4,774.23,10.0
15169,6745,40,1,520.37,0.0
15170,6745,45,3,456.92,5.0
15171,6745,90,1,491.54,5.0
15172,6745,44,1,930.25,0.0
15173,6746,198,1,904.38,5.0
15174,6747,6,3,34.19,20.0
15175,6748,127,1,711.21,0.0
15176,6748,46,1,854.22,10.0
15177,6748,246,1,835.26,15.0
15178,6749,23,2,236.54,0.0
15179,6749,240,1,81.35,0.0
15180,6749,7,2,62.52,0.0
15181,6749,43,1,935.97,0.0
15182,6750,179,1,990.0,10.0
15183,6750,183,1,473.71,0.0
15184,6751,9,2,217.62,0.0
15185,6752,10,2,132.89,0.0
15186,6752,51,1,774.23,0.0
15187,6753,104,1,613.34,0.0
15188,6754,48,1,358.48,0.0
15189,6755,208,3,1182.18,0.0
15190,6755,31,2,185.47,0.0
15191,6756,35,1,633.08,0.0
15192,6757,169,1,863.12,5.0
15193,6758,221,1,294.07,5.0
15194,6758,50,2,994.53,5.0
15195,6758,29,1,981.65,5.0
15196,6759,76,2,920.83,0.0
15197,6759,49,2,1020.52,10.0
15198,6759,48,1,358.48,0.0
15199,6760,46,1,854.22,0.0
15200,6760,110,1,600.49,0.0
15201,6761,28,1,662.55,20.0
15202,6761,217,3,308.65,15.0
15203,6762,238,1,31.94,0.0
15204,6762,237,1,938.43,0.0
15205,6762,5,1,597.45,10.0
15206,6763,22,3,457.79,0.0
15207,6763,2,3,394.13,15.0
15208,6763,27,1,287.02,10.0
15209,6763,234,1,670.43,0.0
15210,6763,79,1,861.19,10.0
15211,6764,16,1,973.78,0.0
15212,6764,14,1,149.0,10.0
15213,6764,196,1,925.9,0.0
15214,6765,60,2,165.23,0.0
15215,6765,134,2,426.27,0.0
15216,6766,16,1,973.78,0.0
15217,6766,14,2,149.0,0.0
15218,6767,203,1,131.33,15.0
15219,6768,26,1,204.87,0.0
15220,6769,47,3,459.02,10.0
15221,6769,35,2,633.08,20.0
15222,6770,35,1,633.08,0.0
15223,6770,47,1,459.02,0.0
15224,6771,32,3,320.79,20.0
15225,6772,26,1,204.87,5.0
15226,6772,50,1,994.53,0.0
15227,6773,223,1,389.43,10.0
15228,6773,52,2,994.18,0.0
15229,6773,25,1,631.62,15.0
15230,6773,28,2,662.55,0.0
15231,6774,19,1,604.84,10.0
15232,6775,190,3,998.17,0.0
15233,6775,38,2,1016.34,0.0
15234,6775,45,1,456.92,0.0
15235,6775,242,3,1105.36,0.0
15236,6776,5,1,597.45,0.0
15237,6776,36,2,72.7,0.0
15238,6777,77,1,561.47,0.0
15239,6778,7,1,62.52,0.0
15240,6778,12,1,677.11,5.0
15241,6779,222,2,752.95,0.0
15242,6780,67,1,808.59,0.0
15243,6780,26,2,204.87,0.0
15244,6781,2,2,394.13,0.0
15245,6781,45,1,456.92,0.0
15246,6781,62,1,77.39,0.0
15247,6781,44,3,930.25,20.0
15248,6782,38,3,1016.34,0.0
15249,6782,46,1,854.22,0.0
15250,6782,25,2,631.62,5.0
15251,6782,40,2,520.37,10.0
15252,6782,2,2,394.13,20.0
15253,6783,85,1,681.02,0.0
15254,6783,225,4,785.87,20.0
15255,6784,202,1,427.54,20.0
15256,6784,36,1,72.7,0.0
15257,6784,10,1,132.89,15.0
15258,6785,45,2,456.92,0.0
15259,6785,31,2,185.47,0.0
15260,6786,9,2,217.62,0.0
15261,6786,31,1,185.47,0.0
15262,6786,181,1,115.49,0.0
15263,6787,15,1,255.83,0.0
15264,6787,19,3,604.84,0.0
15265,6788,205,1,227.28,0.0
15266,6788,34,1,43.21,0.0
15267,6789,205,1,227.28,0.0
15268,6790,224,4,402.49,0.0
15269,6790,32,4,320.79,0.0
15270,6791,27,1,287.02,0.0
15271,6791,51,3,774.23,10.0
15272,6791,34,1,43.21,0.0
15273,6792,111,1,932.22,0.0
15274,6792,109,2,663.14,5.0
15275,6792,2,1,394.13,0.0
15276,6792,37,1,1009.52,0.0
15277,6793,28,1,662.55,0.0
15278,6794,201,1,232.35,0.0
15279,6795,23,2,236.54,0.0
15280,6795,49,1,1020.52,0.0
15281,6795,92,1,549.63,5.0
15282,6795,27,2,287.02,10.0
15283,6796,30,1,658.15,0.0
15284,6797,9,1,217.62,0.0
15285,6797,16,5,973.78,20.0
15286,6798,15,1,255.83,0.0
15287,6798,38,1,1016.34,10.0
15288,6799,33,1,947.92,20.0
15289,6799,39,1,758.76,0.0
15290,6800,16,1,973.78,0.0
15291,6800,9,1,217.62,0.0
15292,6801,33,1,947.92,0.0
15293,6801,23,1,236.54,0.0
15294,6801,159,1,220.27,15.0
15295,6801,39,1,758.76,0.0
15296,6802,43,2,935.97,10.0
15297,6803,30,2,658.15,0.0
15298,6803,51,2,774.23,0.0
15299,6804,23,3,236.54,0.0
15300,6804,13,1,800.5,10.0
15301,6804,4,1,583.61,5.0
15302,6804,42,1,880.29,0.0
15303,6805,46,2,854.22,0.0
15304,6805,42,1,880.29,15.0
15305,6806,41,1,176.54,5.0
15306,6806,22,1,457.79,0.0
15307,6807,50,2,994.53,0.0
15308,6807,24,1,584.38,5.0
15309,6808,11,1,202.6,0.0
15310,6808,44,1,930.25,0.0
15311,6809,43,1,935.97,0.0
15312,6810,147,1,490.87,0.0
15313,6810,96,1,1121.55,0.0
15314,6810,242,1,1105.36,0.0
15315,6810,68,3,245.03,0.0
15316,6811,45,1,456.92,5.0
15317,6811,30,3,658.15,10.0
15318,6812,84,1,564.13,0.0
15319,6813,22,1,457.79,0.0
15320,6813,11,1,202.6,10.0
15321,6813,49,3,1020.52,0.0
15322,6813,172,1,225.41,0.0
15323,6813,9,2,217.62,0.0
15324,6814,171,1,508.1,0.0
15325,6815,38,1,1016.34,0.0
15326,6815,239,1,269.05,0.0
15327,6815,13,5,800.5,10.0
15328,6816,10,1,132.89,0.0
15329,6816,2,1,394.13,0.0
15330,6816,39,1,758.76,0.0
15331,6816,184,1,196.43,0.0
15332,6817,8,1,542.39,5.0
15333,6817,4,2,583.61,10.0
15334,6818,45,1,456.92,10.0
15335,6818,223,1,389.43,15.0
15336,6819,26,2,204.87,0.0
15337,6819,34,1,43.21,0.0
15338,6820,91,5,291.37,0.0
15339,6820,17,1,173.9,0.0
15340,6820,45,4,456.92,15.0
15341,6821,52,4,994.18,10.0
15342,6821,94,1,914.43,0.0
15343,6821,207,2,991.04,15.0
15344,6822,52,2,994.18,0.0
15345,6823,71,2,682.59,0.0
15346,6823,164,3,211.12,0.0
15347,6823,5,1,597.45,0.0
15348,6824,4,1,583.61,0.0
15349,6825,11,1,202.6,5.0
15350,6826,26,1,204.87,0.0
15351,6826,39,2,758.76,0.0
15352,6827,114,2,279.33,0.0
15353,6828,1,1,643.08,10.0
15354,6829,42,1,880.29,15.0
15355,6829,40,3,520.37,0.0
15356,6829,202,1,427.54,10.0
15357,6830,12,1,677.11,15.0
15358,6830,160,2,248.36,0.0
15359,6831,28,3,662.55,0.0
15360,6832,26,2,204.87,15.0
15361,6833,49,1,1020.52,0.0
15362,6833,42,3,880.29,0.0
15363,6834,14,1,149.0,0.0
15364,6834,35,1,633.08,20.0
15365,6834,33,1,947.92,0.0
15366,6834,17,1,173.9,0.0
15367,6834,39,5,758.76,15.0
15368,6835,47,1,459.02,0.0
15369,6836,5,1,597.45,0.0
15370,6836,35,1,633.08,0.0
15371,6836,39,1,758.76,5.0
15372,6837,32,1,320.79,5.0
15373,6838,4,2,583.61,15.0
15374,6839,50,1,994.53,0.0
15375,6839,45,1,456.92,0.0
15376,6840,31,2,185.47,0.0
15377,6840,30,2,658.15,0.0
15378,6840,11,2,202.6,0.0
15379,6841,15,1,255.83,0.0
15380,6841,8,1,542.39,0.0
15381,6842,2,1,394.13,0.0
15382,6842,39,1,758.76,0.0
15383,6843,3,1,557.91,10.0
15384,6844,20,1,339.73,0.0
15385,6844,8,3,542.39,0.0
15386,6845,242,1,1105.36,0.0
15387,6845,8,2,542.39,0.0
15388,6846,23,1,236.54,10.0
15389,6847,106,1,65.61,0.0
15390,6847,43,1,935.97,0.0
15391,6848,8,2,542.39,10.0
15392,6848,16,1,973.78,0.0
15393,6849,181,1,115.49,10.0
15394,6849,1,4,643.08,0.0
15395,6849,29,1,981.65,0.0
15396,6850,6,1,34.19,0.0
15397,6850,194,1,328.13,15.0
15398,6851,42,1,880.29,0.0
15399,6851,19,1,604.84,0.0
15400,6851,30,2,658.15,0.0
15401,6852,7,3,62.52,0.0
15402,6852,47,2,459.02,0.0
15403,6853,52,1,994.18,0.0
15404,6854,165,2,882.32,0.0
15405,6854,20,1,339.73,0.0
15406,6855,7,1,62.52,15.0
15407,6855,108,2,306.47,0.0
15408,6855,51,1,774.23,0.0
15409,6856,11,5,202.6,0.0
15410,6857,229,3,54.7,0.0
15411,6858,31,2,185.47,0.0
15412,6859,23,5,236.54,0.0
15413,6859,40,2,520.37,0.0
15414,6859,5,2,597.45,10.0
15415,6859,38,1,1016.34,0.0
15416,6859,8,1,542.39,0.0
15417,6860,16,1,973.78,15.0
15418,6860,128,3,1064.68,0.0
15419,6861,29,3,981.65,0.0
15420,6861,5,1,597.45,0.0
15421,6862,209,4,521.49,0.0
15422,6863,29,2,981.65,0.0
15423,6863,43,1,935.97,0.0
15424,6864,32,2,320.79,0.0
15425,6865,25,2,631.62,0.0
15426,6865,120,1,983.93,5.0
15427,6866,8,1,542.39,0.0
15428,6866,21,2,851.91,0.0
15429,6866,18,1,818.1,20.0
15430,6867,23,1,236.54,0.0
15431,6868,37,4,1009.52,0.0
15432,6869,138,1,285.18,0.0
15433,6869,3,1,557.91,0.0
15434,6870,33,4,947.92,0.0
15435,6870,8,2,542.39,5.0
15436,6871,5,2,597.45,0.0
15437,6871,244,1,902.38,0.0
15438,6871,20,2,339.73,0.0
15439,6872,6,3,34.19,0.0
15440,6872,30,1,658.15,0.0
15441,6872,28,2,662.55,5.0
15442,6872,195,1,549.52,0.0
15443,6873,67,1,808.59,0.0
15444,6874,29,1,981.65,0.0
15445,6874,39,1,758.76,0.0
15446,6875,25,5,631.62,0.0
15447,6876,257,1,118.54,20.0
15448,6876,30,1,658.15,0.0
15449,6876,24,1,584.38,0.0
15450,6876,47,1,459.02,0.0
15451,6877,243,1,1116.94,10.0
15452,6877,12,1,677.11,0.0
15453,6877,20,1,339.73,0.0
15454,6878,3,1,557.91,0.0
15455,6878,41,1,176.54,0.0
15456,6878,17,2,173.9,0.0
15457,6879,162,1,82.72,10.0
15458,6880,8,1,542.39,5.0
15459,6880,252,1,686.58,0.0
15460,6881,196,1,925.9,0.0
15461,6881,4,1,583.61,0.0
15462,6881,190,3,998.17,0.0
15463,6881,28,1,662.55,0.0
15464,6882,48,1,358.48,0.0
15465,6883,1,1,643.08,0.0
15466,6883,3,1,557.91,0.0
15467,6884,134,1,426.27,10.0
15468,6884,173,1,665.55,5.0
15469,6884,10,1,132.89,5.0
15470,6884,33,1,947.92,0.0
15471,6885,217,1,308.65,0.0
15472,6885,24,3,584.38,0.0
15473,6886,21,3,851.91,0.0
15474,6886,4,5,583.61,0.0
15475,6886,252,1,686.58,0.0
15476,6886,30,1,658.15,20.0
15477,6886,6,1,34.19,5.0
15478,6887,6,1,34.19,5.0
15479,6887,14,1,149.0,0.0
15480,6888,36,1,72.7,0.0
15481,6889,31,2,185.47,0.0
15482,6889,173,1,665.55,10.0
15483,6890,32,1,320.79,0.0
15484,6891,40,1,520.37,0.0
15485,6891,15,1,255.83,0.0
15486,6892,16,1,973.78,0.0
15487,6892,182,1,653.31,5.0
15488,6892,100,1,645.31,20.0
15489,6892,168,3,838.87,10.0
15490,6893,100,1,645.31,10.0
15491,6893,24,2,584.38,5.0
15492,6893,171,1,508.1,5.0
15493,6894,26,1,204.87,0.0
15494,6894,48,1,358.48,0.0
15495,6895,27,1,287.02,0.0
15496,6895,76,2,920.83,0.0
15497,6895,86,1,1193.28,0.0
15498,6895,44,1,930.25,0.0
15499,6896,3,1,557.91,0.0
15500,6897,169,1,863.12,0.0
15501,6897,13,2,800.5,0.0
15502,6898,122,1,246.21,20.0
15503,6898,36,1,72.7,0.0
15504,6898,186,1,919.63,0.0
15505,6899,158,1,334.84,0.0
15506,6900,26,4,204.87,0.0
15507,6900,19,1,604.84,10.0
15508,6900,46,1,854.22,5.0
15509,6900,31,1,185.47,0.0
15510,6901,229,1,54.7,0.0
15511,6901,143,1,435.68,0.0
15512,6902,26,2,204.87,0.0
15513,6903,24,3,584.38,10.0
15514,6903,46,3,854.22,15.0
15515,6904,45,1,456.92,0.0
15516,6905,39,2,758.76,0.0
15517,6906,18,1,818.1,0.0
15518,6907,37,1,1009.52,0.0
15519,6907,32,2,320.79,0.0
15520,6907,189,1,816.04,0.0
15521,6907,39,2,758.76,0.0
15522,6907,5,1,597.45,0.0
15523,6908,214,3,836.23,0.0
15524,6909,15,1,255.83,0.0
15525,6909,24,1,584.38,0.0
15526,6909,20,1,339.73,0.0
15527,6909,11,1,202.6,0.0
15528,6910,3,1,557.91,0.0
15529,6910,19,1,604.84,0.0
15530,6910,177,1,592.34,0.0
15531,6910,52,2,994.18,0.0
15532,6910,166,4,881.42,0.0
15533,6911,7,1,62.52,0.0
15534,6911,258,1,563.1,10.0
15535,6912,226,2,855.84,0.0
15536,6912,52,3,994.18,0.0
15537,6912,22,2,457.79,0.0
15538,6913,27,1,287.02,0.0
15539,6913,19,1,604.84,0.0
15540,6913,49,4,1020.52,0.0
15541,6913,104,1,613.34,0.0
15542,6913,12,1,677.11,0.0
15543,6914,28,3,662.55,0.0
15544,6914,170,1,814.48,0.0
15545,6914,89,1,568.71,10.0
15546,6914,222,3,752.95,0.0
15547,6915,31,1,185.47,0.0
15548,6915,47,1,459.02,5.0
15549,6915,225,3,785.87,0.0
15550,6915,21,1,851.91,0.0
15551,6916,51,2,774.23,10.0
15552,6917,79,1,861.19,5.0
15553,6917,14,1,149.0,10.0
15554,6918,19,1,604.84,10.0
15555,6919,16,3,973.78,0.0
15556,6919,46,1,854.22,0.0
15557,6920,134,1,426.27,15.0
15558,6921,1,1,643.08,0.0
15559,6922,8,3,542.39,15.0
15560,6923,1,2,643.08,0.0
15561,6923,9,1,217.62,5.0
15562,6923,31,2,185.47,10.0
15563,6924,217,1,308.65,0.0
15564,6925,6,1,34.19,20.0
15565,6925,27,2,287.02,0.0
15566,6925,148,1,824.22,0.0
15567,6926,10,3,132.89,0.0
15568,6926,27,1,287.02,5.0
15569,6927,44,1,930.25,0.0
15570,6928,37,2,1009.52,0.0
15571,6928,52,1,994.18,20.0
15572,6929,40,3,520.37,20.0
15573,6929,8,3,542.39,0.0
15574,6930,9,2,217.62,0.0
15575,6930,45,1,456.92,0.0
15576,6930,215,1,429.74,0.0
15577,6930,36,3,72.7,10.0
15578,6930,48,2,358.48,0.0
15579,6931,15,4,255.83,5.0
15580,6931,2,1,394.13,0.0
15581,6931,38,1,1016.34,10.0
15582,6931,29,3,981.65,0.0
15583,6932,50,3,994.53,0.0
15584,6933,14,2,149.0,5.0
15585,6933,21,3,851.91,0.0
15586,6933,40,2,520.37,0.0
15587,6934,34,2,43.21,0.0
15588,6934,87,2,812.54,0.0
15589,6935,149,1,668.87,0.0
15590,6935,122,1,246.21,5.0
15591,6935,6,1,34.19,0.0
15592,6936,39,2,758.76,0.0
15593,6936,37,1,1009.52,0.0
15594,6936,34,2,43.21,0.0
15595,6937,46,2,854.22,0.0
15596,6938,60,2,165.23,0.0
15597,6938,29,1,981.65,0.0
15598,6939,4,1,583.61,0.0
15599,6940,38,2,1016.34,15.0
15600,6940,5,1,597.45,0.0
15601,6941,13,2,800.5,10.0
15602,6941,227,1,342.68,0.0
15603,6941,26,1,204.87,0.0
15604,6942,16,1,973.78,0.0
15605,6943,51,2,774.23,0.0
15606,6943,49,1,1020.52,0.0
15607,6943,9,1,217.62,5.0
15608,6944,225,2,785.87,0.0
15609,6944,22,1,457.79,0.0
15610,6945,137,1,424.86,0.0
15611,6945,17,1,173.9,0.0
15612,6946,19,1,604.84,0.0
15613,6947,157,2,388.76,0.0
15614,6947,110,1,600.49,0.0
15615,6948,28,2,662.55,0.0
15616,6948,21,1,851.91,10.0
15617,6949,117,1,659.17,0.0
15618,6950,26,1,204.87,0.0
15619,6950,71,2,682.59,10.0
15620,6950,45,1,456.92,0.0
15621,6951,17,1,173.9,10.0
15622,6952,45,3,456.92,0.0
15623,6952,126,2,757.74,10.0
15624,6953,37,1,1009.52,0.0
15625,6953,7,1,62.52,0.0
15626,6954,21,2,851.91,0.0
15627,6954,17,1,173.9,0.0
15628,6954,191,2,733.3,20.0
15629,6955,23,2,236.54,10.0
15630,6956,8,1,542.39,0.0
15631,6956,48,1,358.48,0.0
15632,6957,30,1,658.15,0.0
15633,6957,36,5,72.7,0.0
15634,6957,4,2,583.61,0.0
15635,6958,20,1,339.73,0.0
15636,6958,1,3,643.08,0.0
15637,6959,150,1,196.9,0.0
15638,6959,25,3,631.62,10.0
15639,6959,35,2,633.08,0.0
15640,6960,121,4,223.46,0.0
15641,6960,40,1,520.37,0.0
15642,6960,38,1,1016.34,0.0
15643,6961,40,1,520.37,0.0
15644,6961,5,1,597.45,0.0
15645,6962,4,1,583.61,5.0
15646,6963,14,1,149.0,0.0
15647,6963,25,4,631.62,15.0
15648,6964,18,1,818.1,0.0
15649,6964,30,1,658.15,0.0
15650,6964,12,2,677.11,0.0
15651,6964,32,1,320.79,0.0
15652,6964,44,1,930.25,20.0
15653,6965,47,1,459.02,20.0
15654,6966,114,1,279.33,0.0
15655,6966,46,1,854.22,0.0
15656,6966,36,1,72.7,5.0
15657,6966,106,1,65.61,0.0
15658,6966,20,1,339.73,0.0
15659,6967,10,1,132.89,0.0
15660,6967,3,4,557.91,20.0
15661,6967,178,2,512.5,0.0
15662,6967,50,2,994.53,0.0
15663,6968,16,2,973.78,0.0
15664,6968,5,1,597.45,20.0
15665,6969,37,1,1009.52,0.0
15666,6970,21,1,851.91,0.0
15667,6970,95,1,179.64,0.0
15668,6970,18,1,818.1,0.0
15669,6970,50,2,994.53,0.0
15670,6971,17,1,173.9,0.0
15671,6971,181,4,115.49,0.0
15672,6971,28,1,662.55,0.0
15673,6972,46,1,854.22,0.0
15674,6972,123,1,272.6,0.0
15675,6973,41,2,176.54,10.0
15676,6974,15,1,255.83,10.0
15677,6974,12,1,677.11,0.0
15678,6975,218,1,658.32,0.0
15679,6976,7,1,62.52,0.0
15680,6976,152,1,1071.23,0.0
15681,6977,2,1,394.13,0.0
15682,6977,51,2,774.23,0.0
15683,6978,223,4,389.43,0.0
15684,6979,185,1,339.91,0.0
15685,6979,12,3,677.11,0.0
15686,6980,40,1,520.37,0.0
15687,6981,4,1,583.61,0.0
15688,6981,47,1,459.02,0.0
15689,6981,50,2,994.53,0.0
15690,6982,23,2,236.54,0.0
15691,6983,13,1,800.5,0.0
15692,6984,25,2,631.62,0.0
15693,6984,33,2,947.92,0.0
15694,6984,1,1,643.08,0.0
15695,6984,14,2,149.0,0.0
15696,6984,21,1,851.91,10.0
15697,6985,6,1,34.19,5.0
15698,6985,7,1,62.52,0.0
15699,6985,202,2,427.54,0.0
15700,6985,34,2,43.21,0.0
15701,6986,47,2,459.02,0.0
15702,6987,200,1,731.51,0.0
15703,6987,31,1,185.47,0.0
15704,6988,29,1,981.65,0.0
15705,6989,25,1,631.62,0.0
15706,6990,199,2,989.05,15.0
15707,6991,19,1,604.84,0.0
15708,6992,224,1,402.49,0.0
15709,6992,90,1,491.54,0.0
15710,6993,24,1,584.38,5.0
15711,6994,15,2,255.83,0.0
15712,6994,2,1,394.13,20.0
15713,6994,168,1,838.87,15.0
15714,6994,27,4,287.02,0.0
15715,6994,50,1,994.53,5.0
15716,6995,39,1,758.76,0.0
15717,6996,7,1,62.52,0.0
15718,6996,19,5,604.84,0.0
15719,6997,39,1,758.76,0.0
15720,6997,12,1,677.11,0.0
15721,6998,37,1,1009.52,0.0
15722,6998,24,1,584.38,10.0
15723,6999,8,1,542.39,5.0
15724,6999,37,2,1009.52,0.0
15725,6999,26,1,204.87,0.0
15726,7000,202,2,427.54,0.0
15727,7001,34,2,43.21,0.0
15728,7001,40,1,520.37,5.0
15729,7001,128,1,1064.68,0.0
15730,7002,17,1,173.9,15.0
15731,7003,46,3,854.22,0.0
15732,7004,24,1,584.38,0.0
15733,7004,93,3,626.68,0.0
15734,7004,28,1,662.55,0.0
15735,7004,19,5,604.84,0.0
15736,7005,37,2,1009.52,0.0
15737,7005,44,1,930.25,0.0
15738,7005,29,1,981.65,0.0
15739,7005,3,2,557.91,0.0
15740,7005,108,2,306.47,0.0
15741,7006,17,1,173.9,0.0
15742,7006,144,1,927.22,0.0
15743,7007,36,1,72.7,0.0
15744,7007,45,1,456.92,0.0
15745,7008,18,2,818.1,5.0
15746,7008,22,3,457.79,0.0
15747,7009,7,2,62.52,20.0
15748,7010,228,2,24.69,0.0
15749,7010,180,1,1017.24,5.0
15750,7010,20,1,339.73,20.0
15751,7010,27,2,287.02,15.0
15752,7010,4,1,583.61,0.0
15753,7011,18,2,818.1,0.0
15754,7011,17,3,173.9,0.0
15755,7011,134,1,426.27,0.0
15756,7011,6,1,34.19,5.0
15757,7012,4,1,583.61,0.0
15758,7012,26,1,204.87,0.0
15759,7012,37,1,1009.52,15.0
15760,7013,48,1,358.48,0.0
15761,7013,2,1,394.13,10.0
15762,7014,44,1,930.25,10.0
15763,7015,30,1,658.15,0.0
15764,7016,26,3,204.87,0.0
15765,7017,10,2,132.89,0.0
15766,7017,27,1,287.02,5.0
15767,7018,34,4,43.21,0.0
15768,7019,247,2,774.56,15.0
15769,7019,5,2,597.45,0.0
15770,7020,245,3,396.55,20.0
15771,7020,11,4,202.6,0.0
15772,7020,115,3,625.25,10.0
15773,7020,14,1,149.0,0.0
15774,7021,34,2,43.21,0.0
15775,7021,1,1,643.08,0.0
15776,7021,38,2,1016.34,10.0
15777,7022,6,1,34.19,10.0
15778,7022,49,1,1020.52,0.0
15779,7022,91,1,291.37,10.0
15780,7023,39,1,758.76,10.0
15781,7023,5,1,597.45,10.0
15782,7024,22,1,457.79,20.0
15783,7024,48,1,358.48,10.0
15784,7024,15,3,255.83,10.0
15785,7024,6,1,34.19,10.0
15786,7025,51,1,774.23,0.0
15787,7025,52,1,994.18,5.0
15788,7026,33,1,947.92,0.0
15789,7026,20,3,339.73,5.0
15790,7026,49,1,1020.52,0.0
15791,7026,5,1,597.45,0.0
15792,7027,31,1,185.47,0.0
15793,7027,179,1,990.0,10.0
15794,7028,217,3,308.65,5.0
15795,7028,4,3,583.61,0.0
15796,7028,3,3,557.91,0.0
15797,7029,4,2,583.61,15.0
15798,7029,35,1,633.08,0.0
15799,7029,177,1,592.34,10.0
15800,7030,7,1,62.52,0.0
15801,7031,43,1,935.97,0.0
15802,7031,52,1,994.18,0.0
15803,7031,31,1,185.47,0.0
15804,7032,28,1,662.55,0.0
15805,7032,45,1,456.92,0.0
15806,7032,135,1,277.82,0.0
15807,7032,27,1,287.02,5.0
15808,7033,25,3,631.62,5.0
15809,7033,178,1,512.5,0.0
15810,7034,50,4,994.53,0.0
15811,7034,37,3,1009.52,0.0
15812,7034,45,2,456.92,20.0
15813,7035,5,1,597.45,0.0
15814,7035,18,1,818.1,0.0
15815,7036,27,4,287.02,5.0
15816,7036,172,2,225.41,15.0
15817,7037,257,1,118.54,0.0
15818,7038,24,3,584.38,0.0
15819,7038,16,1,973.78,0.0
15820,7038,8,1,542.39,15.0
15821,7039,21,2,851.91,0.0
15822,7039,47,1,459.02,0.0
15823,7039,30,1,658.15,0.0
15824,7040,14,1,149.0,0.0
15825,7041,208,3,1182.18,0.0
15826,7042,165,3,882.32,0.0
15827,7043,194,2,328.13,20.0
15828,7043,5,1,597.45,0.0
15829,7043,206,1,532.41,0.0
15830,7043,31,3,185.47,15.0
15831,7043,27,2,287.02,15.0
15832,7044,52,1,994.18,5.0
15833,7044,41,3,176.54,5.0
15834,7044,6,4,34.19,0.0
15835,7045,29,1,981.65,0.0
15836,7045,13,1,800.5,15.0
15837,7046,52,2,994.18,0.0
15838,7047,35,2,633.08,0.0
15839,7047,4,1,583.61,10.0
15840,7048,122,1,246.21,0.0
15841,7049,138,1,285.18,0.0
15842,7049,38,2,1016.34,0.0
15843,7050,53,2,873.28,0.0
15844,7050,188,2,720.38,0.0
15845,7050,8,1,542.39,15.0
15846,7051,13,1,800.5,15.0
15847,7051,42,3,880.29,0.0
15848,7051,21,5,851.91,0.0
15849,7051,41,1,176.54,15.0
15850,7052,12,1,677.11,5.0
15851,7052,5,1,597.45,0.0
15852,7053,17,3,173.9,5.0
15853,7053,37,2,1009.52,0.0
15854,7054,41,2,176.54,0.0
15855,7054,28,1,662.55,10.0
15856,7054,16,1,973.78,0.0
15857,7055,47,1,459.02,0.0
15858,7056,40,2,520.37,0.0
15859,7056,26,1,204.87,0.0
15860,7057,30,1,658.15,0.0
15861,7057,51,1,774.23,0.0
15862,7058,50,1,994.53,20.0
15863,7058,20,1,339.73,0.0
15864,7059,43,1,935.97,0.0
15865,7060,119,1,891.47,0.0
15866,7060,52,4,994.18,0.0
15867,7061,51,3,774.23,0.0
15868,7061,47,1,459.02,0.0
15869,7062,10,2,132.89,0.0
15870,7062,42,2,880.29,0.0
15871,7063,205,1,227.28,0.0
15872,7064,32,1,320.79,0.0
15873,7064,37,1,1009.52,5.0
15874,7064,41,3,176.54,10.0
15875,7065,110,2,600.49,0.0
15876,7065,235,4,180.69,0.0
15877,7066,4,1,583.61,0.0
15878,7067,32,1,320.79,0.0
15879,7068,38,1,1016.34,0.0
15880,7069,20,2,339.73,0.0
15881,7069,52,3,994.18,15.0
15882,7069,165,1,882.32,0.0
15883,7070,23,2,236.54,5.0
15884,7071,41,3,176.54,15.0
15885,7071,11,1,202.6,0.0
15886,7071,220,2,850.53,0.0
15887,7071,3,1,557.91,5.0
15888,7071,90,1,491.54,0.0
15889,7072,47,1,459.02,5.0
15890,7073,257,1,118.54,10.0
15891,7073,24,2,584.38,0.0
15892,7073,44,1,930.25,0.0
15893,7074,50,1,994.53,0.0
15894,7075,19,1,604.84,0.0
15895,7075,31,2,185.47,0.0
15896,7076,39,2,758.76,10.0
15897,7077,79,1,861.19,0.0
15898,7077,29,1,981.65,0.0
15899,7077,17,1,173.9,5.0
15900,7078,48,1,358.48,0.0
15901,7078,170,2,814.48,0.0
15902,7079,13,1,800.5,0.0
15903,7080,23,4,236.54,10.0
15904,7080,28,3,662.55,10.0
15905,7080,25,2,631.62,0.0
15906,7081,33,1,947.92,0.0
15907,7082,48,1,358.48,0.0
15908,7082,57,1,966.47,0.0
15909,7082,27,1,287.02,0.0
15910,7083,38,1,1016.34,15.0
15911,7084,24,1,584.38,0.0
15912,7084,40,1,520.37,0.0
15913,7085,157,1,388.76,15.0
15914,7085,31,1,185.47,0.0
15915,7085,14,4,149.0,0.0
15916,7086,46,1,854.22,5.0
15917,7087,189,3,816.04,0.0
15918,7088,6,1,34.19,0.0
15919,7088,45,1,456.92,5.0
15920,7088,18,3,818.1,10.0
15921,7088,34,1,43.21,0.0
15922,7089,1,1,643.08,5.0
15923,7089,222,1,752.95,0.0
15924,7090,5,1,597.45,0.0
15925,7091,224,1,402.49,0.0
15926,7091,50,1,994.53,0.0
15927,7092,22,1,457.79,0.0
15928,7092,8,2,542.39,0.0
15929,7093,84,2,564.13,0.0
15930,7094,6,2,34.19,0.0
15931,7094,1,1,643.08,0.0
15932,7094,188,1,720.38,0.0
15933,7095,41,2,176.54,5.0
15934,7096,39,2,758.76,0.0
15935,7096,34,2,43.21,0.0
15936,7096,47,5,459.02,20.0
15937,7096,13,2,800.5,15.0
15938,7096,7,1,62.52,20.0
15939,7097,145,1,916.31,0.0
15940,7097,5,1,597.45,0.0
15941,7098,218,2,658.32,5.0
15942,7098,245,3,396.55,0.0
15943,7098,52,1,994.18,20.0
15944,7099,44,1,930.25,0.0
15945,7099,184,1,196.43,0.0
15946,7099,3,2,557.91,0.0
15947,7100,6,2,34.19,5.0
15948,7100,1,1,643.08,5.0
15949,7100,235,1,180.69,5.0
15950,7101,207,1,991.04,0.0
15951,7101,27,2,287.02,0.0
15952,7102,19,1,604.84,0.0
15953,7102,17,1,173.9,0.0
15954,7102,18,2,818.1,0.0
15955,7102,7,1,62.52,0.0
15956,7103,44,1,930.25,0.0
15957,7103,42,2,880.29,0.0
15958,7103,122,1,246.21,5.0
15959,7103,222,1,752.95,0.0
15960,7103,230,1,948.25,0.0
15961,7104,152,1,1071.23,0.0
15962,7104,84,3,564.13,5.0
15963,7105,47,2,459.02,0.0
15964,7105,221,1,294.07,0.0
15965,7105,123,1,272.6,0.0
15966,7105,194,1,328.13,0.0
15967,7106,39,1,758.76,0.0
15968,7106,1,1,643.08,0.0
15969,7107,15,4,255.83,0.0
15970,7107,27,2,287.02,0.0
15971,7107,10,1,132.89,5.0
15972,7107,2,2,394.13,0.0
15973,7108,4,1,583.61,0.0
15974,7108,38,3,1016.34,0.0
15975,7108,52,2,994.18,0.0
15976,7109,176,1,576.9,0.0
15977,7109,5,2,597.45,0.0
15978,7110,26,1,204.87,10.0
15979,7110,3,1,557.91,0.0
15980,7111,1,4,643.08,20.0
15981,7111,51,2,774.23,15.0
15982,7112,137,2,424.86,0.0
15983,7113,216,5,929.01,10.0
15984,7114,13,2,800.5,0.0
15985,7114,24,1,584.38,0.0
15986,7115,51,1,774.23,0.0
15987,7115,3,1,557.91,0.0
15988,7115,133,1,245.7,0.0
15989,7115,45,2,456.92,20.0
15990,7116,11,1,202.6,0.0
15991,7116,12,3,677.11,0.0
15992,7117,34,1,43.21,0.0
15993,7118,88,2,757.47,20.0
15994,7119,30,1,658.15,0.0
15995,7120,49,1,1020.52,0.0
15996,7120,39,1,758.76,0.0
15997,7120,18,1,818.1,15.0
15998,7120,51,1,774.23,0.0
15999,7121,209,1,521.49,0.0
16000,7122,30,1,658.15,0.0
16001,7122,39,1,758.76,5.0
16002,7122,26,1,204.87,10.0
16003,7123,46,1,854.22,10.0
16004,7124,14,1,149.0,0.0
16005,7124,7,1,62.52,0.0
16006,7125,7,1,62.52,0.0
16007,7125,36,1,72.7,20.0
16008,7126,8,1,542.39,0.0
16009,7127,44,5,930.25,15.0
16010,7127,33,1,947.92,0.0
16011,7128,1,3,643.08,10.0
16012,7129,51,1,774.23,20.0
16013,7129,9,1,217.62,15.0
16014,7130,39,3,758.76,20.0
16015,7131,5,1,597.45,0.0
16016,7131,22,1,457.79,0.0
16017,7132,6,1,34.19,0.0
16018,7132,2,2,394.13,0.0
16019,7133,111,1,932.22,0.0
16020,7133,200,2,731.51,5.0
16021,7133,43,1,935.97,0.0
16022,7134,48,1,358.48,0.0
16023,7135,256,2,83.37,0.0
16024,7135,34,1,43.21,5.0
16025,7135,49,3,1020.52,0.0
16026,7135,40,2,520.37,5.0
16027,7136,37,1,1009.52,0.0
16028,7136,16,3,973.78,0.0
16029,7137,245,1,396.55,0.0
16030,7137,10,1,132.89,5.0
16031,7138,42,2,880.29,20.0
16032,7138,5,1,597.45,0.0
16033,7138,3,1,557.91,5.0
16034,7139,2,2,394.13,0.0
16035,7139,43,2,935.97,0.0
16036,7139,65,1,1039.76,10.0
16037,7139,25,2,631.62,0.0
16038,7140,14,1,149.0,10.0
16039,7141,27,3,287.02,0.0
16040,7141,245,1,396.55,0.0
16041,7141,52,2,994.18,0.0
16042,7142,43,1,935.97,0.0
16043,7143,19,1,604.84,0.0
16044,7143,27,4,287.02,15.0
16045,7144,17,1,173.9,15.0
16046,7144,20,1,339.73,15.0
16047,7145,16,1,973.78,10.0
16048,7145,22,2,457.79,0.0
16049,7145,51,1,774.23,0.0
16050,7146,39,3,758.76,0.0
16051,7146,8,2,542.39,10.0
16052,7146,21,2,851.91,0.0
16053,7147,20,2,339.73,0.0
16054,7147,43,3,935.97,0.0
16055,7147,45,1,456.92,0.0
16056,7147,8,2,542.39,5.0
16057,7147,132,2,758.96,0.0
16058,7148,36,1,72.7,10.0
16059,7149,39,1,758.76,0.0
16060,7149,174,2,911.18,15.0
16061,7149,40,1,520.37,0.0
16062,7149,42,1,880.29,20.0
16063,7150,131,2,80.3,5.0
16064,7151,44,1,930.25,0.0
16065,7151,40,1,520.37,0.0
16066,7151,195,1,549.52,0.0
16067,7151,14,1,149.0,0.0
16068,7152,6,1,34.19,0.0
16069,7153,31,1,185.47,0.0
16070,7154,74,3,166.27,0.0
16071,7154,11,3,202.6,0.0
16072,7155,50,2,994.53,0.0
16073,7155,10,3,132.89,0.0
16074,7155,2,1,394.13,0.0
16075,7155,3,3,557.91,0.0
16076,7156,10,2,132.89,0.0
16077,7156,40,1,520.37,0.0
16078,7157,119,1,891.47,0.0
16079,7157,40,2,520.37,0.0
16080,7157,45,1,456.92,0.0
16081,7158,17,1,173.9,0.0
16082,7158,21,2,851.91,0.0
16083,7159,33,1,947.92,10.0
16084,7159,193,1,948.3,5.0
16085,7159,28,1,662.55,0.0
16086,7160,23,1,236.54,0.0
16087,7160,35,1,633.08,0.0
16088,7161,18,1,818.1,20.0
16089,7161,5,1,597.45,0.0
16090,7162,41,1,176.54,0.0
16091,7162,24,2,584.38,0.0
16092,7162,47,2,459.02,0.0
16093,7162,198,1,904.38,0.0
16094,7162,2,1,394.13,5.0
16095,7163,43,3,935.97,0.0
16096,7163,31,1,185.47,0.0
16097,7163,10,3,132.89,0.0
16098,7164,25,2,631.62,0.0
16099,7165,46,1,854.22,0.0
16100,7165,27,5,287.02,0.0
16101,7166,30,1,658.15,10.0
16102,7166,10,2,132.89,0.0
16103,7167,19,2,604.84,0.0
16104,7167,40,2,520.37,0.0
16105,7167,18,2,818.1,0.0
16106,7167,6,1,34.19,5.0
16107,7167,22,1,457.79,0.0
16108,7168,44,1,930.25,0.0
16109,7168,138,3,285.18,5.0
16110,7169,12,3,677.11,0.0
16111,7170,11,3,202.6,5.0
16112,7171,14,3,149.0,0.0
16113,7171,39,3,758.76,0.0
16114,7171,38,1,1016.34,0.0
16115,7172,6,1,34.19,0.0
16116,7172,51,1,774.23,5.0
16117,7173,15,4,255.83,0.0
16118,7173,119,1,891.47,0.0
16119,7174,89,3,568.71,0.0
16120,7174,9,1,217.62,10.0
16121,7175,52,1,994.18,0.0
16122,7175,31,1,185.47,20.0
16123,7175,24,2,584.38,0.0
16124,7176,27,1,287.02,0.0
16125,7176,51,2,774.23,10.0
16126,7176,11,2,202.6,0.0
16127,7177,32,3,320.79,10.0
16128,7177,21,1,851.91,0.0
16129,7178,24,1,584.38,0.0
16130,7179,22,1,457.79,0.0
16131,7179,34,3,43.21,0.0
16132,7180,39,2,758.76,0.0
16133,7180,15,3,255.83,20.0
16134,7181,17,1,173.9,0.0
16135,7181,31,3,185.47,5.0
16136,7181,26,1,204.87,0.0
16137,7181,32,2,320.79,0.0
16138,7182,20,2,339.73,0.0
16139,7182,33,1,947.92,0.0
16140,7183,29,2,981.65,5.0
16141,7183,241,1,868.81,0.0
16142,7184,8,4,542.39,0.0
16143,7184,17,1,173.9,0.0
16144,7184,11,4,202.6,0.0
16145,7184,128,2,1064.68,0.0
16146,7185,51,3,774.23,0.0
16147,7186,192,1,282.66,0.0
16148,7186,31,1,185.47,0.0
16149,7186,50,1,994.53,0.0
16150,7186,15,1,255.83,10.0
16151,7187,2,3,394.13,20.0
16152,7187,7,1,62.52,0.0
16153,7188,23,1,236.54,5.0
16154,7189,36,2,72.7,5.0
16155,7190,45,4,456.92,5.0
16156,7190,24,1,584.38,0.0
16157,7191,50,3,994.53,0.0
16158,7191,216,1,929.01,0.0
16159,7192,7,1,62.52,0.0
16160,7193,5,1,597.45,0.0
16161,7193,32,2,320.79,0.0
16162,7194,50,1,994.53,0.0
16163,7194,41,1,176.54,20.0
16164,7194,29,3,981.65,10.0
16165,7195,35,2,633.08,0.0
16166,7196,24,1,584.38,0.0
16167,7196,77,1,561.47,15.0
16168,7197,74,3,166.27,0.0
16169,7197,177,1,592.34,0.0
16170,7198,33,1,947.92,0.0
16171,7199,46,1,854.22,10.0
16172,7199,22,3,457.79,0.0
16173,7199,156,1,410.55,0.0
16174,7200,20,1,339.73,0.0
16175,7200,34,1,43.21,10.0
16176,7200,49,1,1020.52,0.0
16177,7201,44,1,930.25,5.0
16178,7201,147,2,490.87,20.0
16179,7202,22,1,457.79,0.0
16180,7203,42,2,880.29,0.0
16181,7203,240,1,81.35,0.0
16182,7204,32,1,320.79,0.0
16183,7204,45,1,456.92,0.0
16184,7204,26,1,204.87,0.0
16185,7204,27,1,287.02,0.0
16186,7205,92,1,549.63,10.0
16187,7205,49,1,1020.52,0.0
16188,7206,11,1,202.6,0.0
16189,7207,142,3,89.71,0.0
16190,7207,5,1,597.45,0.0
16191,7208,13,2,800.5,0.0
16192,7209,227,2,342.68,20.0
16193,7209,9,2,217.62,10.0
16194,7209,16,1,973.78,0.0
16195,7210,73,2,831.13,0.0
16196,7210,29,1,981.65,0.0
16197,7211,47,2,459.02,0.0
16198,7211,50,2,994.53,0.0
16199,7212,5,1,597.45,15.0
16200,7213,14,2,149.0,0.0
16201,7213,178,1,512.5,0.0
16202,7213,19,1,604.84,0.0
16203,7213,40,2,520.37,0.0
16204,7214,16,3,973.78,0.0
16205,7214,48,2,358.48,0.0
16206,7215,17,3,173.9,20.0
16207,7215,4,1,583.61,0.0
16208,7216,40,2,520.37,0.0
16209,7216,44,1,930.25,0.0
16210,7216,38,2,1016.34,0.0
16211,7217,35,1,633.08,0.0
16212,7217,30,2,658.15,0.0
16213,7218,36,1,72.7,15.0
16214,7218,4,1,583.61,15.0
16215,7218,5,2,597.45,10.0
16216,7218,30,1,658.15,10.0
16217,7218,15,2,255.83,20.0
16218,7219,33,1,947.92,0.0
16219,7220,49,1,1020.52,0.0
16220,7220,13,1,800.5,0.0
16221,7220,210,1,664.24,5.0
16222,7221,37,1,1009.52,20.0
16223,7222,32,2,320.79,10.0
16224,7223,41,1,176.54,10.0
16225,7223,231,1,765.07,0.0
16226,7223,65,1,1039.76,0.0
16227,7223,13,2,800.5,0.0
16228,7224,22,1,457.79,0.0
16229,7224,7,1,62.52,0.0
16230,7225,27,1,287.02,20.0
16231,7225,2,1,394.13,0.0
16232,7226,31,1,185.47,0.0
16233,7226,21,1,851.91,0.0
16234,7227,249,1,229.0,0.0
16235,7227,36,1,72.7,0.0
16236,7228,37,1,1009.52,0.0
16237,7229,138,2,285.18,5.0
16238,7229,42,1,880.29,5.0
16239,7230,23,2,236.54,10.0
16240,7230,47,1,459.02,5.0
16241,7230,7,1,62.52,0.0
16242,7231,23,1,236.54,0.0
16243,7231,148,2,824.22,0.0
16244,7232,31,3,185.47,0.0
16245,7232,192,3,282.66,0.0
16246,7232,18,1,818.1,0.0
16247,7233,22,1,457.79,5.0
16248,7233,45,2,456.92,0.0
16249,7233,14,1,149.0,0.0
16250,7234,6,1,34.19,5.0
16251,7234,8,3,542.39,0.0
16252,7234,139,1,544.47,0.0
16253,7234,41,3,176.54,0.0
16254,7235,10,1,132.89,0.0
16255,7235,19,1,604.84,5.0
16256,7236,131,2,80.3,0.0
16257,7236,29,3,981.65,0.0
16258,7236,36,1,72.7,10.0
16259,7236,38,2,1016.34,0.0
16260,7237,10,2,132.89,0.0
16261,7238,13,1,800.5,20.0
16262,7238,14,3,149.0,0.0
16263,7238,15,1,255.83,0.0
16264,7239,2,1,394.13,0.0
16265,7239,26,1,204.87,0.0
16266,7240,44,2,930.25,0.0
16267,7240,182,2,653.31,0.0
16268,7241,41,1,176.54,0.0
16269,7241,127,1,711.21,0.0
16270,7241,129,1,44.87,0.0
16271,7242,52,1,994.18,15.0
16272,7242,89,5,568.71,0.0
16273,7243,24,2,584.38,0.0
16274,7243,51,1,774.23,0.0
16275,7243,39,1,758.76,15.0
16276,7244,3,1,557.91,0.0
16277,7245,4,1,583.61,0.0
16278,7245,163,3,234.62,0.0
16279,7245,64,1,586.27,0.0
16280,7245,24,1,584.38,0.0
16281,7246,29,1,981.65,0.0
16282,7246,16,3,973.78,0.0
16283,7246,19,2,604.84,10.0
16284,7246,42,1,880.29,0.0
16285,7246,3,1,557.91,15.0
16286,7247,49,1,1020.52,0.0
16287,7247,180,1,1017.24,0.0
16288,7248,9,3,217.62,0.0
16289,7248,4,2,583.61,0.0
16290,7248,10,1,132.89,0.0
16291,7248,42,1,880.29,0.0
16292,7248,33,2,947.92,0.0
16293,7249,17,1,173.9,20.0
16294,7249,8,1,542.39,0.0
16295,7249,19,4,604.84,0.0
16296,7250,18,1,818.1,0.0
16297,7250,28,1,662.55,5.0
16298,7250,23,1,236.54,10.0
16299,7250,7,1,62.52,10.0
16300,7251,111,1,932.22,0.0
16301,7251,19,1,604.84,20.0
16302,7251,35,1,633.08,0.0
16303,7252,44,1,930.25,10.0
16304,7252,165,3,882.32,0.0
16305,7253,35,4,633.08,0.0
16306,7253,48,2,358.48,10.0
16307,7253,52,3,994.18,0.0
16308,7254,44,3,930.25,10.0
16309,7254,12,1,677.11,0.0
16310,7254,118,1,1091.59,0.0
16311,7254,146,1,1020.84,20.0
16312,7255,51,2,774.23,0.0
16313,7256,34,1,43.21,0.0
16314,7256,12,1,677.11,15.0
16315,7256,9,1,217.62,0.0
16316,7256,41,1,176.54,0.0
16317,7256,7,1,62.52,0.0
16318,7257,30,1,658.15,0.0
16319,7257,9,2,217.62,0.0
16320,7257,52,1,994.18,0.0
16321,7258,91,1,291.37,0.0
16322,7259,23,1,236.54,0.0
16323,7260,34,1,43.21,0.0
16324,7260,1,1,643.08,0.0
16325,7260,42,1,880.29,0.0
16326,7261,23,1,236.54,20.0
16327,7261,222,2,752.95,0.0
16328,7261,50,3,994.53,5.0
16329,7262,105,2,888.35,0.0
16330,7262,52,2,994.18,0.0
16331,7262,26,1,204.87,0.0
16332,7263,25,1,631.62,0.0
16333,7264,113,1,1162.63,10.0
16334,7264,28,2,662.55,0.0
16335,7264,10,4,132.89,0.0
16336,7265,22,2,457.79,15.0
16337,7266,57,4,966.47,5.0
16338,7266,41,1,176.54,5.0
16339,7267,45,2,456.92,0.0
16340,7267,26,1,204.87,0.0
16341,7268,40,1,520.37,0.0
16342,7268,26,5,204.87,0.0
16343,7268,42,1,880.29,0.0
16344,7269,24,2,584.38,15.0
16345,7269,15,1,255.83,15.0
16346,7269,29,2,981.65,5.0
16347,7269,7,3,62.52,0.0
16348,7269,52,1,994.18,10.0
16349,7270,49,1,1020.52,0.0
16350,7270,250,5,761.52,15.0
16351,7271,64,3,586.27,0.0
16352,7271,35,2,633.08,0.0
16353,7271,36,1,72.7,0.0
16354,7271,222,1,752.95,5.0
16355,7271,38,1,1016.34,15.0
16356,7272,185,2,339.91,0.0
16357,7272,23,1,236.54,0.0
16358,7272,41,1,176.54,0.0
16359,7273,29,1,981.65,0.0
16360,7274,5,1,597.45,0.0
16361,7274,33,1,947.92,10.0
16362,7274,39,1,758.76,0.0
16363,7275,7,5,62.52,0.0
16364,7275,85,1,681.02,0.0
16365,7275,16,4,973.78,0.0
16366,7275,42,2,880.29,0.0
16367,7275,10,1,132.89,0.0
16368,7276,13,1,800.5,0.0
16369,7276,5,2,597.45,0.0
16370,7276,4,2,583.61,0.0
16371,7277,29,1,981.65,0.0
16372,7277,145,1,916.31,0.0
16373,7277,178,2,512.5,0.0
16374,7278,179,1,990.0,5.0
16375,7278,40,1,520.37,0.0
16376,7278,9,1,217.62,15.0
16377,7279,16,4,973.78,0.0
16378,7279,105,2,888.35,5.0
16379,7279,42,5,880.29,0.0
16380,7280,48,1,358.48,0.0
16381,7281,5,2,597.45,10.0
16382,7282,228,4,24.69,5.0
16383,7283,38,1,1016.34,5.0
16384,7284,16,1,973.78,0.0
16385,7284,47,1,459.02,0.0
16386,7284,27,3,287.02,0.0
16387,7284,49,2,1020.52,0.0
16388,7285,24,1,584.38,5.0
16389,7285,3,1,557.91,0.0
16390,7286,65,2,1039.76,10.0
16391,7286,42,1,880.29,0.0
16392,7286,66,1,361.37,20.0
16393,7286,35,2,633.08,0.0
16394,7287,10,1,132.89,20.0
16395,7288,45,2,456.92,0.0
16396,7288,202,2,427.54,15.0
16397,7288,221,1,294.07,5.0
16398,7288,37,1,1009.52,10.0
16399,7289,24,1,584.38,10.0
16400,7289,45,2,456.92,0.0
16401,7290,36,1,72.7,0.0
16402,7290,75,2,448.57,0.0
16403,7290,48,1,358.48,0.0
16404,7290,19,2,604.84,0.0
16405,7291,5,1,597.45,20.0
16406,7292,52,1,994.18,0.0
16407,7293,208,2,1182.18,5.0
16408,7293,43,1,935.97,5.0
16409,7294,14,4,149.0,0.0
16410,7295,33,1,947.92,0.0
16411,7295,34,1,43.21,0.0
16412,7296,32,1,320.79,0.0
16413,7297,7,1,62.52,0.0
16414,7298,37,1,1009.52,20.0
16415,7298,55,2,479.69,5.0
16416,7299,13,2,800.5,0.0
16417,7300,39,1,758.76,0.0
16418,7300,1,2,643.08,10.0
16419,7300,165,2,882.32,0.0
16420,7301,51,2,774.23,20.0
16421,7302,51,1,774.23,0.0
16422,7302,13,1,800.5,0.0
16423,7302,7,1,62.52,15.0
16424,7303,24,2,584.38,0.0
16425,7303,192,2,282.66,0.0
16426,7303,127,3,711.21,0.0
16427,7304,51,1,774.23,0.0
16428,7304,141,1,991.87,0.0
16429,7305,97,1,38.5,10.0
16430,7305,50,1,994.53,0.0
16431,7305,41,1,176.54,15.0
16432,7306,20,2,339.73,20.0
16433,7306,211,2,1092.93,0.0
16434,7307,42,2,880.29,20.0
16435,7307,248,1,249.31,0.0
16436,7307,14,2,149.0,0.0
16437,7308,25,3,631.62,0.0
16438,7308,12,1,677.11,0.0
16439,7308,4,2,583.61,5.0
16440,7308,28,2,662.55,0.0
16441,7309,27,1,287.02,0.0
16442,7309,52,1,994.18,5.0
16443,7310,24,2,584.38,0.0
16444,7310,49,1,1020.52,0.0
16445,7311,5,1,597.45,0.0
16446,7311,222,1,752.95,0.0
16447,7312,46,2,854.22,0.0
16448,7312,43,2,935.97,10.0
16449,7312,23,2,236.54,20.0
16450,7313,9,4,217.62,5.0
16451,7313,231,1,765.07,5.0
16452,7313,89,3,568.71,0.0
16453,7314,30,1,658.15,0.0
16454,7315,52,3,994.18,0.0
16455,7316,30,2,658.15,0.0
16456,7316,15,2,255.83,0.0
16457,7317,185,2,339.91,0.0
16458,7317,38,2,1016.34,0.0
16459,7317,29,2,981.65,10.0
16460,7317,7,1,62.52,5.0
16461,7318,29,2,981.65,10.0
16462,7319,29,2,981.65,0.0
16463,7320,49,1,1020.52,0.0
16464,7321,47,1,459.02,0.0
16465,7322,17,2,173.9,20.0
16466,7322,13,3,800.5,0.0
16467,7322,7,2,62.52,0.0
16468,7323,48,1,358.48,20.0
16469,7323,21,1,851.91,0.0
16470,7323,30,1,658.15,10.0
16471,7324,43,2,935.97,15.0
16472,7324,99,1,255.18,0.0
16473,7325,43,2,935.97,15.0
16474,7325,24,4,584.38,5.0
16475,7326,108,1,306.47,0.0
16476,7326,37,1,1009.52,0.0
16477,7327,233,1,27.46,0.0
16478,7327,20,2,339.73,0.0
16479,7328,19,2,604.84,0.0
16480,7329,52,1,994.18,0.0
16481,7329,6,4,34.19,0.0
16482,7330,33,1,947.92,5.0
16483,7330,35,1,633.08,15.0
16484,7331,119,1,891.47,0.0
16485,7331,7,1,62.52,20.0
16486,7332,32,1,320.79,20.0
16487,7333,4,3,583.61,0.0
16488,7333,36,1,72.7,0.0
16489,7334,37,1,1009.52,5.0
16490,7334,32,2,320.79,0.0
16491,7335,95,1,179.64,0.0
16492,7335,33,4,947.92,0.0
16493,7335,28,1,662.55,0.0
16494,7335,29,1,981.65,0.0
16495,7336,23,1,236.54,20.0
16496,7336,18,1,818.1,0.0
16497,7336,28,1,662.55,0.0
16498,7337,41,2,176.54,0.0
16499,7338,43,2,935.97,0.0
16500,7338,69,1,819.14,0.0
16501,7339,51,3,774.23,5.0
16502,7339,43,1,935.97,0.0
16503,7339,3,2,557.91,0.0
16504,7339,7,1,62.52,0.0
16505,7339,216,1,929.01,0.0
16506,7340,10,2,132.89,0.0
16507,7340,50,1,994.53,0.0
16508,7340,36,1,72.7,0.0
16509,7341,19,1,604.84,0.0
16510,7341,24,2,584.38,0.0
16511,7342,9,1,217.62,5.0
16512,7342,34,5,43.21,0.0
16513,7343,27,1,287.02,0.0
16514,7343,6,2,34.19,0.0
16515,7344,44,1,930.25,0.0
16516,7345,46,2,854.22,0.0
16517,7346,27,3,287.02,0.0
16518,7347,5,1,597.45,0.0
16519,7348,23,1,236.54,0.0
16520,7348,43,2,935.97,0.0
16521,7349,24,1,584.38,0.0
16522,7349,3,1,557.91,0.0
16523,7350,48,1,358.48,0.0
16524,7351,29,1,981.65,0.0
16525,7351,37,1,1009.52,20.0
16526,7351,23,1,236.54,0.0
16527,7352,40,2,520.37,0.0
16528,7353,70,1,532.42,0.0
16529,7353,40,1,520.37,0.0
16530,7354,18,2,818.1,0.0
16531,7354,46,1,854.22,5.0
16532,7355,36,1,72.7,0.0
16533,7356,47,1,459.02,0.0
16534,7356,48,1,358.48,0.0
16535,7356,3,3,557.91,0.0
16536,7357,26,1,204.87,10.0
16537,7358,40,2,520.37,0.0
16538,7358,4,3,583.61,0.0
16539,7359,14,1,149.0,0.0
16540,7359,8,3,542.39,5.0
16541,7360,171,3,508.1,15.0
16542,7360,29,2,981.65,0.0
16543,7361,11,1,202.6,0.0
16544,7361,10,1,132.89,0.0
16545,7361,37,3,1009.52,5.0
16546,7362,50,1,994.53,0.0
16547,7363,39,1,758.76,0.0
16548,7363,19,3,604.84,0.0
16549,7363,133,1,245.7,0.0
16550,7364,1,2,643.08,5.0
16551,7364,68,1,245.03,10.0
16552,7365,30,2,658.15,0.0
16553,7366,28,1,662.55,15.0
16554,7366,33,3,947.92,0.0
16555,7367,56,2,776.63,0.0
16556,7368,8,1,542.39,0.0
16557,7368,5,2,597.45,15.0
16558,7368,37,2,1009.52,0.0
16559,7368,3,1,557.91,0.0
16560,7369,171,3,508.1,0.0
16561,7369,6,1,34.19,10.0
16562,7369,43,2,935.97,0.0
16563,7370,14,1,149.0,20.0
16564,7370,15,2,255.83,0.0
16565,7371,3,3,557.91,0.0
16566,7371,41,1,176.54,15.0
16567,7372,49,1,1020.52,0.0
16568,7372,30,3,658.15,0.0
16569,7373,43,2,935.97,0.0
16570,7373,27,2,287.02,5.0
16571,7374,63,3,958.03,0.0
16572,7375,12,1,677.11,0.0
16573,7376,49,2,1020.52,20.0
16574,7376,52,3,994.18,0.0
16575,7377,45,2,456.92,5.0
16576,7377,208,1,1182.18,0.0
16577,7377,40,1,520.37,0.0
16578,7378,48,1,358.48,0.0
16579,7379,20,1,339.73,0.0
16580,7379,14,1,149.0,0.0
16581,7379,162,2,82.72,5.0
16582,7380,30,3,658.15,10.0
16583,7380,10,2,132.89,0.0
16584,7381,2,1,394.13,0.0
16585,7382,6,2,34.19,0.0
16586,7383,43,1,935.97,0.0
16587,7384,181,1,115.49,5.0
16588,7384,60,2,165.23,0.0
16589,7385,49,2,1020.52,0.0
16590,7385,140,1,441.37,0.0
16591,7386,29,2,981.65,5.0
16592,7387,10,1,132.89,0.0
16593,7387,22,1,457.79,0.0
16594,7388,47,1,459.02,0.0
16595,7389,8,1,542.39,0.0
16596,7389,180,1,1017.24,0.0
16597,7390,48,1,358.48,0.0
16598,7390,43,1,935.97,20.0
16599,7390,36,2,72.7,10.0
16600,7390,127,2,711.21,0.0
16601,7391,40,2,520.37,5.0
16602,7391,17,1,173.9,0.0
16603,7392,99,1,255.18,10.0
16604,7392,31,1,185.47,0.0
16605,7393,12,2,677.11,20.0
16606,7393,20,1,339.73,0.0
16607,7393,19,1,604.84,5.0
16608,7394,34,1,43.21,0.0
16609,7394,23,3,236.54,0.0
16610,7395,39,1,758.76,0.0
16611,7396,50,1,994.53,5.0
16612,7397,192,2,282.66,5.0
16613,7397,50,1,994.53,0.0
16614,7397,169,1,863.12,0.0
16615,7398,45,3,456.92,0.0
16616,7399,140,1,441.37,0.0
16617,7400,33,2,947.92,0.0
16618,7400,29,3,981.65,0.0
16619,7401,43,1,935.97,0.0
16620,7401,104,2,613.34,20.0
16621,7401,39,1,758.76,0.0
16622,7402,37,2,1009.52,0.0
16623,7402,40,2,520.37,0.0
16624,7403,26,1,204.87,0.0
16625,7403,45,2,456.92,5.0
16626,7404,42,1,880.29,0.0
16627,7404,51,1,774.23,20.0
16628,7404,8,1,542.39,10.0
16629,7405,216,1,929.01,10.0
16630,7405,29,4,981.65,0.0
16631,7406,100,2,645.31,0.0
16632,7406,26,3,204.87,10.0
16633,7406,29,1,981.65,0.0
16634,7406,47,1,459.02,0.0
16635,7407,28,1,662.55,0.0
16636,7408,29,1,981.65,5.0
16637,7408,48,1,358.48,0.0
16638,7408,53,2,873.28,0.0
16639,7408,3,1,557.91,15.0
16640,7409,18,1,818.1,0.0
16641,7410,161,2,417.52,0.0
16642,7410,53,1,873.28,5.0
16643,7411,49,1,1020.52,20.0
16644,7411,77,1,561.47,0.0
16645,7412,43,2,935.97,0.0
16646,7413,28,1,662.55,0.0
16647,7414,28,1,662.55,0.0
16648,7414,15,1,255.83,0.0
16649,7415,9,1,217.62,5.0
16650,7415,19,3,604.84,0.0
16651,7415,4,1,583.61,0.0
16652,7416,23,2,236.54,5.0
16653,7416,28,1,662.55,10.0
16654,7417,106,1,65.61,10.0
16655,7418,33,1,947.92,0.0
16656,7418,26,1,204.87,0.0
16657,7418,78,3,1047.68,0.0
16658,7418,49,2,1020.52,0.0
16659,7418,29,2,981.65,0.0
16660,7419,37,1,1009.52,0.0
16661,7420,52,1,994.18,0.0
16662,7420,58,1,473.18,0.0
16663,7421,28,1,662.55,0.0
16664,7421,15,2,255.83,0.0
16665,7422,161,2,417.52,0.0
16666,7423,28,1,662.55,0.0
16667,7423,37,2,1009.52,0.0
16668,7423,196,1,925.9,0.0
16669,7424,26,1,204.87,20.0
16670,7424,141,1,991.87,0.0
16671,7424,43,1,935.97,0.0
16672,7424,19,2,604.84,0.0
16673,7424,18,2,818.1,0.0
16674,7425,70,4,532.42,10.0
16675,7425,6,2,34.19,20.0
16676,7425,44,3,930.25,0.0
16677,7425,108,4,306.47,0.0
16678,7426,19,2,604.84,0.0
16679,7426,44,1,930.25,0.0
16680,7427,40,2,520.37,0.0
16681,7427,9,2,217.62,5.0
16682,7428,71,1,682.59,0.0
16683,7428,37,3,1009.52,5.0
16684,7429,38,1,1016.34,5.0
16685,7429,52,1,994.18,10.0
16686,7429,9,1,217.62,0.0
16687,7429,58,1,473.18,0.0
16688,7429,5,2,597.45,0.0
16689,7430,43,1,935.97,10.0
16690,7430,28,2,662.55,0.0
16691,7431,25,1,631.62,5.0
16692,7431,1,1,643.08,0.0
16693,7432,25,1,631.62,0.0
16694,7433,42,2,880.29,5.0
16695,7433,40,1,520.37,0.0
16696,7433,5,3,597.45,5.0
16697,7434,4,3,583.61,0.0
16698,7434,15,1,255.83,20.0
16699,7435,32,1,320.79,0.0
16700,7436,5,1,597.45,15.0
16701,7436,20,1,339.73,10.0
16702,7436,29,1,981.65,10.0
16703,7437,24,1,584.38,5.0
16704,7437,103,1,656.03,0.0
16705,7437,65,3,1039.76,0.0
16706,7438,4,1,583.61,0.0
16707,7438,152,1,1071.23,0.0
16708,7438,39,1,758.76,0.0
16709,7438,43,1,935.97,0.0
16710,7439,34,3,43.21,0.0
16711,7440,16,2,973.78,0.0
16712,7440,4,3,583.61,0.0
16713,7440,49,2,1020.52,10.0
16714,7440,22,1,457.79,0.0
16715,7441,35,2,633.08,0.0
16716,7441,26,2,204.87,5.0
16717,7441,134,1,426.27,10.0
16718,7442,26,2,204.87,0.0
16719,7443,44,1,930.25,0.0
16720,7443,42,1,880.29,0.0
16721,7443,8,5,542.39,0.0
16722,7444,26,2,204.87,0.0
16723,7445,15,2,255.83,0.0
16724,7446,24,1,584.38,0.0
16725,7446,14,1,149.0,0.0
16726,7447,185,1,339.91,0.0
16727,7447,9,1,217.62,0.0
16728,7447,24,2,584.38,0.0
16729,7448,14,1,149.0,10.0
16730,7449,202,3,427.54,0.0
16731,7450,17,1,173.9,20.0
16732,7451,16,2,973.78,0.0
16733,7451,12,1,677.11,0.0
16734,7452,27,1,287.02,0.0
16735,7452,37,2,1009.52,0.0
16736,7453,19,1,604.84,5.0
16737,7453,42,1,880.29,0.0
16738,7453,57,1,966.47,0.0
16739,7453,83,1,144.27,10.0
16740,7454,8,2,542.39,0.0
16741,7454,255,1,537.33,5.0
16742,7454,26,2,204.87,15.0
16743,7455,1,1,643.08,0.0
16744,7456,49,1,1020.52,0.0
16745,7456,52,1,994.18,0.0
16746,7457,34,1,43.21,0.0
16747,7457,27,2,287.02,0.0
16748,7458,47,1,459.02,0.0
16749,7458,19,1,604.84,20.0
16750,7459,15,1,255.83,0.0
16751,7459,137,3,424.86,0.0
16752,7459,14,1,149.0,15.0
16753,7460,20,1,339.73,5.0
16754,7461,13,1,800.5,0.0
16755,7462,133,3,245.7,0.0
16756,7462,222,1,752.95,10.0
16757,7463,36,2,72.7,10.0
16758,7463,140,1,441.37,0.0
16759,7464,2,2,394.13,0.0
16760,7464,38,1,1016.34,0.0
16761,7465,11,2,202.6,0.0
16762,7465,104,1,613.34,0.0
16763,7466,29,1,981.65,15.0
16764,7466,15,2,255.83,0.0
16765,7466,18,1,818.1,0.0
16766,7467,16,1,973.78,0.0
16767,7467,6,1,34.19,0.0
16768,7467,11,1,202.6,0.0
16769,7468,22,1,457.79,0.0
16770,7468,40,1,520.37,0.0
16771,7468,130,1,625.15,0.0
16772,7469,69,1,819.14,0.0
16773,7470,143,1,435.68,5.0
16774,7471,27,2,287.02,0.0
16775,7472,49,1,1020.52,5.0
16776,7473,39,1,758.76,0.0
16777,7474,38,1,1016.34,20.0
16778,7474,20,1,339.73,15.0
16779,7474,65,1,1039.76,0.0
16780,7475,23,1,236.54,0.0
16781,7475,36,1,72.7,0.0
16782,7476,17,2,173.9,0.0
16783,7476,49,1,1020.52,5.0
16784,7477,26,1,204.87,0.0
16785,7477,18,3,818.1,0.0
16786,7477,8,1,542.39,0.0
16787,7478,88,4,757.47,0.0
16788,7478,36,2,72.7,0.0
16789,7479,2,5,394.13,10.0
16790,7480,31,2,185.47,10.0
16791,7481,34,1,43.21,0.0
16792,7481,32,5,320.79,0.0
16793,7482,4,1,583.61,0.0
16794,7482,36,2,72.7,0.0
16795,7482,47,3,459.02,0.0
16796,7483,14,2,149.0,0.0
16797,7483,51,1,774.23,0.0
16798,7483,39,2,758.76,0.0
16799,7484,5,1,597.45,0.0
16800,7485,17,1,173.9,0.0
16801,7486,50,1,994.53,0.0
16802,7487,20,1,339.73,0.0
16803,7487,36,1,72.7,0.0
16804,7487,1,2,643.08,5.0
16805,7488,14,1,149.0,0.0
16806,7488,148,1,824.22,5.0
16807,7488,7,1,62.52,0.0
16808,7488,8,2,542.39,0.0
16809,7488,99,1,255.18,0.0
16810,7489,38,1,1016.34,0.0
16811,7489,23,5,236.54,0.0
16812,7489,26,1,204.87,10.0
16813,7490,29,1,981.65,0.0
16814,7490,41,1,176.54,10.0
16815,7490,5,3,597.45,0.0
16816,7491,248,1,249.31,0.0
16817,7491,44,1,930.25,0.0
16818,7492,43,5,935.97,10.0
16819,7492,23,1,236.54,20.0
16820,7493,28,1,662.55,0.0
16821,7493,75,1,448.57,0.0
16822,7494,218,1,658.32,5.0
16823,7494,42,1,880.29,10.0
16824,7494,48,1,358.48,0.0
16825,7494,20,2,339.73,0.0
16826,7494,15,1,255.83,0.0
16827,7495,47,1,459.02,15.0
16828,7495,37,1,1009.52,0.0
16829,7495,8,1,542.39,0.0
16830,7495,247,1,774.56,20.0
16831,7495,30,1,658.15,0.0
16832,7496,40,2,520.37,5.0
16833,7496,41,1,176.54,0.0
16834,7496,23,2,236.54,0.0
16835,7497,20,3,339.73,0.0
16836,7497,30,2,658.15,0.0
16837,7498,5,1,597.45,0.0
16838,7498,12,1,677.11,0.0
16839,7498,11,2,202.6,0.0
16840,7498,30,3,658.15,0.0
16841,7499,16,1,973.78,0.0
16842,7500,223,1,389.43,0.0
16843,7500,49,1,1020.52,0.0
16844,7500,10,1,132.89,0.0
16845,7501,48,1,358.48,0.0
16846,7501,20,2,339.73,0.0
16847,7502,42,3,880.29,0.0
16848,7502,1,4,643.08,0.0
16849,7503,2,2,394.13,5.0
16850,7504,36,1,72.7,0.0
16851,7505,222,1,752.95,0.0
16852,7505,81,2,77.19,0.0
16853,7506,43,2,935.97,0.0
16854,7507,15,2,255.83,0.0
16855,7507,36,1,72.7,0.0
16856,7507,17,1,173.9,0.0
16857,7507,7,1,62.52,0.0
16858,7508,26,2,204.87,5.0
16859,7509,26,1,204.87,0.0
16860,7509,11,1,202.6,15.0
16861,7510,31,2,185.47,0.0
16862,7510,5,1,597.45,0.0
16863,7511,24,3,584.38,5.0
16864,7512,25,1,631.62,10.0
16865,7512,45,1,456.92,0.0
16866,7513,22,2,457.79,0.0
16867,7513,19,1,604.84,0.0
16868,7514,5,1,597.45,0.0
16869,7515,42,2,880.29,10.0
16870,7515,9,1,217.62,10.0
16871,7516,53,1,873.28,20.0
16872,7516,29,3,981.65,15.0
16873,7516,11,5,202.6,0.0
16874,7517,24,1,584.38,0.0
16875,7517,51,1,774.23,10.0
16876,7518,30,1,658.15,20.0
16877,7518,8,2,542.39,0.0
16878,7518,10,3,132.89,0.0
16879,7519,39,4,758.76,0.0
16880,7520,51,1,774.23,0.0
16881,7520,23,1,236.54,0.0
16882,7521,17,4,173.9,0.0
16883,7521,69,1,819.14,0.0
16884,7521,76,2,920.83,5.0
16885,7522,14,1,149.0,0.0
16886,7522,19,1,604.84,10.0
16887,7522,105,3,888.35,0.0
16888,7522,27,2,287.02,0.0
16889,7523,20,1,339.73,0.0
16890,7523,23,2,236.54,0.0
16891,7524,21,1,851.91,5.0
16892,7525,39,2,758.76,0.0
16893,7525,27,2,287.02,0.0
16894,7525,28,1,662.55,0.0
16895,7526,47,2,459.02,20.0
16896,7526,37,2,1009.52,15.0
16897,7526,24,2,584.38,0.0
16898,7527,99,1,255.18,0.0
16899,7527,35,4,633.08,0.0
16900,7527,30,1,658.15,5.0
16901,7527,130,4,625.15,0.0
16902,7528,45,1,456.92,5.0
16903,7528,17,1,173.9,0.0
16904,7529,8,1,542.39,0.0
16905,7530,33,1,947.92,0.0
16906,7530,42,3,880.29,10.0
16907,7531,1,1,643.08,0.0
16908,7531,8,1,542.39,5.0
16909,7532,52,1,994.18,0.0
16910,7532,30,1,658.15,0.0
16911,7532,253,1,352.37,0.0
16912,7533,8,3,542.39,0.0
16913,7533,17,2,173.9,0.0
16914,7534,23,1,236.54,0.0
16915,7535,33,3,947.92,0.0
16916,7535,13,3,800.5,0.0
16917,7535,2,3,394.13,0.0
16918,7536,19,1,604.84,10.0
16919,7536,41,2,176.54,0.0
16920,7537,11,1,202.6,0.0
16921,7537,1,1,643.08,5.0
16922,7537,29,3,981.65,0.0
16923,7538,37,2,1009.52,5.0
16924,7539,26,3,204.87,0.0
16925,7539,13,1,800.5,0.0
16926,7540,118,1,1091.59,20.0
16927,7540,20,1,339.73,20.0
16928,7540,239,1,269.05,20.0
16929,7540,12,2,677.11,0.0
16930,7541,9,1,217.62,0.0
16931,7541,5,1,597.45,0.0
16932,7541,78,1,1047.68,20.0
16933,7541,47,2,459.02,5.0
16934,7542,30,1,658.15,10.0
16935,7542,126,1,757.74,20.0
16936,7543,9,1,217.62,0.0
16937,7543,4,1,583.61,0.0
16938,7543,39,1,758.76,0.0
16939,7543,34,1,43.21,0.0
16940,7544,48,1,358.48,0.0
16941,7544,12,1,677.11,0.0
16942,7545,21,1,851.91,10.0
16943,7545,11,1,202.6,20.0
16944,7546,23,1,236.54,5.0
16945,7546,245,2,396.55,0.0
16946,7546,232,1,968.09,20.0
16947,7546,28,1,662.55,20.0
16948,7546,50,1,994.53,0.0
16949,7547,48,1,358.48,0.0
16950,7548,161,1,417.52,0.0
16951,7548,42,1,880.29,5.0
16952,7549,125,3,128.01,5.0
16953,7549,42,3,880.29,0.0
16954,7549,52,1,994.18,0.0
16955,7549,46,1,854.22,5.0
16956,7549,5,3,597.45,0.0
16957,7550,3,2,557.91,10.0
16958,7550,38,1,1016.34,10.0
16959,7551,45,1,456.92,0.0
16960,7551,19,1,604.84,0.0
16961,7551,16,1,973.78,0.0
16962,7552,2,1,394.13,5.0
16963,7553,49,1,1020.52,0.0
16964,7553,20,1,339.73,0.0
16965,7553,26,2,204.87,0.0
16966,7554,25,1,631.62,10.0
16967,7554,200,1,731.51,0.0
16968,7555,6,2,34.19,0.0
16969,7555,2,1,394.13,20.0
16970,7555,23,1,236.54,0.0
16971,7556,30,1,658.15,10.0
16972,7557,39,1,758.76,0.0
16973,7557,1,2,643.08,0.0
16974,7558,38,1,1016.34,0.0
16975,7559,36,1,72.7,15.0
16976,7559,12,1,677.11,0.0
16977,7559,32,1,320.79,0.0
16978,7559,45,2,456.92,0.0
16979,7560,238,3,31.94,0.0
16980,7560,16,1,973.78,0.0
16981,7561,21,1,851.91,0.0
16982,7561,8,1,542.39,5.0
16983,7561,44,1,930.25,0.0
16984,7562,18,2,818.1,0.0
16985,7563,23,1,236.54,0.0
16986,7563,8,1,542.39,0.0
16987,7563,63,2,958.03,0.0
16988,7563,170,4,814.48,0.0
16989,7564,226,1,855.84,0.0
16990,7564,6,1,34.19,15.0
16991,7565,163,1,234.62,0.0
16992,7565,19,1,604.84,5.0
16993,7565,97,1,38.5,20.0
16994,7566,51,4,774.23,5.0
16995,7566,7,1,62.52,20.0
16996,7566,33,1,947.92,0.0
16997,7566,28,2,662.55,10.0
16998,7567,20,1,339.73,0.0
16999,7568,32,1,320.79,5.0
17000,7569,140,1,441.37,0.0
17001,7569,63,1,958.03,0.0
17002,7570,52,1,994.18,0.0
17003,7571,9,2,217.62,0.0
17004,7572,30,1,658.15,0.0
17005,7573,236,3,384.32,10.0
17006,7573,10,3,132.89,0.0
17007,7573,21,2,851.91,5.0
17008,7573,44,1,930.25,0.0
17009,7574,6,1,34.19,0.0
17010,7574,41,2,176.54,0.0
17011,7575,46,4,854.22,0.0
17012,7575,206,2,532.41,0.0
17013,7575,4,1,583.61,15.0
17014,7575,22,1,457.79,0.0
17015,7575,228,2,24.69,0.0
17016,7576,5,1,597.45,0.0
17017,7576,17,1,173.9,20.0
17018,7576,22,3,457.79,0.0
17019,7576,3,3,557.91,10.0
17020,7576,185,1,339.91,0.0
17021,7577,14,1,149.0,10.0
17022,7577,37,2,1009.52,10.0
17023,7578,26,2,204.87,0.0
17024,7578,50,1,994.53,0.0
17025,7579,9,2,217.62,10.0
17026,7580,204,1,504.77,10.0
17027,7580,22,1,457.79,5.0
17028,7580,50,2,994.53,0.0
17029,7581,42,2,880.29,0.0
17030,7581,4,2,583.61,10.0
17031,7582,1,2,643.08,0.0
17032,7582,25,2,631.62,0.0
17033,7582,47,1,459.02,0.0
17034,7583,7,1,62.52,0.0
17035,7583,234,1,670.43,0.0
17036,7583,42,1,880.29,10.0
17037,7583,59,1,251.22,5.0
17038,7584,236,4,384.32,15.0
17039,7585,112,5,1017.21,0.0
17040,7585,218,1,658.32,10.0
17041,7586,50,1,994.53,0.0
17042,7586,7,1,62.52,5.0
17043,7586,8,2,542.39,0.0
17044,7587,37,1,1009.52,10.0
17045,7588,39,2,758.76,0.0
17046,7589,5,1,597.45,0.0
17047,7590,40,1,520.37,0.0
17048,7591,49,1,1020.52,0.0
17049,7591,1,4,643.08,0.0
17050,7592,204,2,504.77,0.0
17051,7592,18,1,818.1,0.0
17052,7592,28,1,662.55,0.0
17053,7593,48,1,358.48,20.0
17054,7594,198,2,904.38,0.0
17055,7594,24,1,584.38,5.0
17056,7594,38,1,1016.34,10.0
17057,7594,41,1,176.54,10.0
17058,7595,49,2,1020.52,0.0
17059,7595,3,4,557.91,5.0
17060,7595,29,1,981.65,20.0
17061,7595,239,1,269.05,0.0
17062,7595,28,2,662.55,0.0
17063,7596,34,2,43.21,0.0
17064,7596,21,1,851.91,5.0
17065,7597,13,2,800.5,5.0
17066,7597,31,1,185.47,0.0
17067,7597,21,1,851.91,0.0
17068,7598,5,2,597.45,20.0
17069,7598,13,1,800.5,0.0
17070,7599,12,1,677.11,0.0
17071,7599,5,1,597.45,0.0
17072,7599,51,1,774.23,5.0
17073,7599,48,1,358.48,0.0
17074,7600,7,3,62.52,10.0
17075,7601,183,2,473.71,10.0
17076,7601,47,1,459.02,0.0
17077,7601,11,1,202.6,0.0
17078,7602,21,4,851.91,0.0
17079,7602,16,3,973.78,5.0
17080,7603,52,1,994.18,0.0
17081,7604,11,2,202.6,5.0
17082,7604,12,1,677.11,0.0
17083,7605,47,1,459.02,20.0
17084,7606,7,2,62.52,5.0
17085,7607,43,2,935.97,0.0
17086,7607,40,1,520.37,5.0
17087,7607,42,1,880.29,0.0
17088,7608,14,3,149.0,5.0
17089,7608,28,1,662.55,0.0
17090,7608,62,1,77.39,0.0
17091,7609,44,1,930.25,0.0
17092,7609,3,2,557.91,0.0
17093,7610,37,2,1009.52,0.0
17094,7610,2,3,394.13,0.0
17095,7610,6,1,34.19,0.0
17096,7611,144,1,927.22,0.0
17097,7611,6,2,34.19,0.0
17098,7612,44,2,930.25,0.0
17099,7612,11,2,202.6,0.0
17100,7613,201,2,232.35,5.0
17101,7613,12,1,677.11,0.0
17102,7614,234,1,670.43,0.0
17103,7615,45,4,456.92,20.0
17104,7616,24,2,584.38,0.0
17105,7616,27,1,287.02,10.0
17106,7616,17,1,173.9,0.0
17107,7617,44,1,930.25,0.0
17108,7617,43,3,935.97,0.0
17109,7617,25,1,631.62,10.0
17110,7617,46,2,854.22,0.0
17111,7618,40,1,520.37,0.0
17112,7618,19,1,604.84,20.0
17113,7618,159,2,220.27,15.0
17114,7619,149,1,668.87,0.0
17115,7619,10,3,132.89,5.0
17116,7620,5,3,597.45,5.0
17117,7620,47,1,459.02,0.0
17118,7621,165,2,882.32,0.0
17119,7621,173,2,665.55,0.0
17120,7621,19,1,604.84,0.0
17121,7622,31,3,185.47,0.0
17122,7623,29,2,981.65,0.0
17123,7623,10,1,132.89,20.0
17124,7624,9,1,217.62,0.0
17125,7624,128,1,1064.68,0.0
17126,7624,50,1,994.53,0.0
17127,7624,44,2,930.25,0.0
17128,7624,136,4,185.33,0.0
17129,7625,27,2,287.02,5.0
17130,7625,24,2,584.38,0.0
17131,7625,6,2,34.19,20.0
17132,7626,21,1,851.91,0.0
17133,7627,11,1,202.6,10.0
17134,7627,251,3,395.15,0.0
17135,7628,40,2,520.37,0.0
17136,7629,49,1,1020.52,0.0
17137,7629,104,3,613.34,0.0
17138,7630,28,2,662.55,0.0
17139,7631,111,1,932.22,20.0
17140,7632,48,5,358.48,0.0
17141,7632,38,1,1016.34,0.0
17142,7633,39,2,758.76,0.0
17143,7633,18,1,818.1,5.0
17144,7633,14,2,149.0,0.0
17145,7634,30,1,658.15,0.0
17146,7634,50,3,994.53,0.0
17147,7634,179,2,990.0,5.0
17148,7634,22,2,457.79,0.0
17149,7634,100,1,645.31,20.0
17150,7635,60,2,165.23,0.0
17151,7636,23,1,236.54,0.0
17152,7636,172,2,225.41,0.0
17153,7636,24,2,584.38,0.0
17154,7637,16,1,973.78,10.0
17155,7637,37,3,1009.52,5.0
17156,7637,246,1,835.26,5.0
17157,7638,47,2,459.02,0.0
17158,7638,34,1,43.21,20.0
17159,7639,29,2,981.65,0.0
17160,7639,258,1,563.1,0.0
17161,7640,39,3,758.76,0.0
17162,7640,40,2,520.37,0.0
17163,7640,25,1,631.62,0.0
17164,7641,36,4,72.7,0.0
17165,7642,43,1,935.97,0.0
17166,7643,39,1,758.76,15.0
17167,7644,41,1,176.54,0.0
17168,7644,1,1,643.08,0.0
17169,7644,9,1,217.62,5.0
17170,7644,45,1,456.92,0.0
17171,7645,50,2,994.53,0.0
17172,7645,152,1,1071.23,10.0
17173,7645,18,1,818.1,0.0
17174,7645,141,1,991.87,0.0
17175,7645,7,2,62.52,0.0
17176,7646,3,2,557.91,0.0
17177,7647,61,1,882.1,0.0
17178,7648,11,1,202.6,10.0
17179,7649,43,3,935.97,0.0
17180,7649,7,1,62.52,0.0
17181,7649,49,1,1020.52,0.0
17182,7650,51,1,774.23,0.0
17183,7650,30,3,658.15,10.0
17184,7650,2,1,394.13,0.0
17185,7651,226,3,855.84,5.0
17186,7651,246,1,835.26,0.0
17187,7652,3,1,557.91,5.0
17188,7652,19,1,604.84,0.0
17189,7653,37,1,1009.52,5.0
17190,7653,44,1,930.25,0.0
17191,7654,28,1,662.55,0.0
17192,7654,21,1,851.91,5.0
17193,7655,7,1,62.52,0.0
17194,7655,33,1,947.92,15.0
17195,7656,217,2,308.65,10.0
17196,7657,37,1,1009.52,0.0
17197,7657,5,2,597.45,10.0
17198,7657,11,3,202.6,0.0
17199,7658,6,1,34.19,0.0
17200,7659,72,1,474.04,5.0
17201,7659,7,1,62.52,0.0
17202,7659,18,2,818.1,0.0
17203,7659,247,3,774.56,0.0
17204,7660,6,2,34.19,0.0
17205,7660,44,1,930.25,0.0
17206,7660,37,1,1009.52,0.0
17207,7660,101,2,462.13,0.0
17208,7660,27,3,287.02,15.0
17209,7661,35,1,633.08,0.0
17210,7661,4,1,583.61,20.0
17211,7662,38,2,1016.34,0.0
17212,7663,25,2,631.62,0.0
17213,7663,241,3,868.81,0.0
17214,7663,43,2,935.97,0.0
17215,7664,60,2,165.23,0.0
17216,7664,21,4,851.91,10.0
17217,7664,47,1,459.02,0.0
17218,7664,31,1,185.47,0.0
17219,7664,30,3,658.15,20.0
17220,7665,209,1,521.49,0.0
17221,7665,1,1,643.08,0.0
17222,7666,167,1,356.11,0.0
17223,7667,15,1,255.83,10.0
17224,7667,6,2,34.19,0.0
17225,7667,2,4,394.13,5.0
17226,7667,44,3,930.25,0.0
17227,7668,23,1,236.54,5.0
17228,7668,10,1,132.89,10.0
17229,7669,35,1,633.08,0.0
17230,7669,4,2,583.61,0.0
17231,7670,18,2,818.1,10.0
17232,7670,20,1,339.73,5.0
17233,7670,35,1,633.08,0.0
17234,7671,179,2,990.0,0.0
17235,7672,22,1,457.79,5.0
17236,7672,68,3,245.03,0.0
17237,7673,33,3,947.92,0.0
17238,7674,98,1,932.39,0.0
17239,7674,3,1,557.91,5.0
17240,7674,33,2,947.92,0.0
17241,7675,16,1,973.78,0.0
17242,7675,52,1,994.18,0.0
17243,7676,1,3,643.08,0.0
17244,7676,193,2,948.3,0.0
17245,7676,48,2,358.48,0.0
17246,7676,4,2,583.61,0.0
17247,7677,13,2,800.5,0.0
17248,7678,31,3,185.47,0.0
17249,7678,20,1,339.73,10.0
17250,7679,11,1,202.6,5.0
17251,7679,55,1,479.69,15.0
17252,7679,9,1,217.62,0.0
17253,7679,19,1,604.84,0.0
17254,7680,24,1,584.38,10.0
17255,7681,18,1,818.1,0.0
17256,7682,40,4,520.37,20.0
17257,7683,9,1,217.62,0.0
17258,7683,60,1,165.23,5.0
17259,7684,41,1,176.54,0.0
17260,7685,168,1,838.87,0.0
17261,7685,39,2,758.76,0.0
17262,7686,40,2,520.37,0.0
17263,7686,52,1,994.18,0.0
17264,7686,156,1,410.55,0.0
17265,7687,49,1,1020.52,0.0
17266,7688,45,1,456.92,5.0
17267,7689,124,1,729.75,20.0
17268,7689,17,3,173.9,0.0
17269,7690,204,1,504.77,0.0
17270,7690,33,1,947.92,0.0
17271,7691,12,3,677.11,0.0
17272,7692,59,4,251.22,20.0
17273,7693,40,2,520.37,0.0
17274,7693,8,3,542.39,10.0
17275,7694,20,1,339.73,10.0
17276,7694,14,1,149.0,0.0
17277,7694,29,3,981.65,15.0
17278,7695,28,1,662.55,0.0
17279,7696,45,1,456.92,0.0
17280,7696,5,5,597.45,0.0
17281,7697,107,3,933.7,0.0
17282,7698,24,2,584.38,10.0
17283,7698,27,1,287.02,0.0
17284,7699,135,1,277.82,0.0
17285,7699,20,2,339.73,0.0
17286,7699,38,1,1016.34,0.0
17287,7700,118,3,1091.59,20.0
17288,7700,47,1,459.02,10.0
17289,7700,15,1,255.83,5.0
17290,7701,48,1,358.48,0.0
17291,7701,43,2,935.97,20.0
17292,7701,1,1,643.08,0.0
17293,7701,96,1,1121.55,0.0
17294,7701,46,1,854.22,0.0
17295,7702,26,1,204.87,0.0
17296,7702,15,1,255.83,10.0
17297,7702,2,1,394.13,0.0
17298,7703,204,1,504.77,0.0
17299,7703,143,1,435.68,0.0
17300,7704,3,2,557.91,0.0
17301,7704,95,1,179.64,20.0
17302,7705,32,2,320.79,0.0
17303,7705,14,1,149.0,5.0
17304,7705,22,2,457.79,0.0
17305,7706,200,5,731.51,0.0
17306,7706,51,1,774.23,0.0
17307,7707,5,2,597.45,0.0
17308,7707,49,1,1020.52,0.0
17309,7708,36,1,72.7,0.0
17310,7709,28,3,662.55,0.0
17311,7709,50,1,994.53,10.0
17312,7709,124,1,729.75,0.0
17313,7709,2,1,394.13,10.0
17314,7710,33,1,947.92,0.0
17315,7710,254,2,1202.51,20.0
17316,7711,20,1,339.73,0.0
17317,7711,65,3,1039.76,0.0
17318,7712,31,1,185.47,15.0
17319,7712,87,2,812.54,0.0
17320,7712,4,4,583.61,0.0
17321,7713,50,2,994.53,20.0
17322,7713,46,1,854.22,15.0
17323,7714,173,1,665.55,0.0
17324,7715,193,1,948.3,0.0
17325,7715,235,1,180.69,20.0
17326,7716,51,2,774.23,0.0
17327,7716,37,1,1009.52,0.0
17328,7717,9,1,217.62,0.0
17329,7717,29,4,981.65,15.0
17330,7718,27,1,287.02,0.0
17331,7719,61,2,882.1,10.0
17332,7719,2,2,394.13,0.0
17333,7720,41,1,176.54,0.0
17334,7721,3,2,557.91,0.0
17335,7721,9,1,217.62,0.0
17336,7721,7,2,62.52,0.0
17337,7722,4,1,583.61,10.0
17338,7722,9,5,217.62,0.0
17339,7722,29,5,981.65,20.0
17340,7722,3,2,557.91,5.0
17341,7723,45,1,456.92,10.0
17342,7724,43,3,935.97,5.0
17343,7724,1,2,643.08,0.0
17344,7725,24,1,584.38,5.0
17345,7725,16,1,973.78,0.0
17346,7725,113,1,1162.63,20.0
17347,7726,18,1,818.1,0.0
17348,7726,10,1,132.89,0.0
17349,7726,154,1,667.55,0.0
17350,7727,34,1,43.21,0.0
17351,7727,24,1,584.38,15.0
17352,7728,29,1,981.65,0.0
17353,7728,15,2,255.83,0.0
17354,7729,60,1,165.23,10.0
17355,7730,17,3,173.9,0.0
17356,7730,46,1,854.22,0.0
17357,7731,17,1,173.9,0.0
17358,7731,171,2,508.1,0.0
17359,7732,230,2,948.25,0.0
17360,7733,31,3,185.47,5.0
17361,7733,19,2,604.84,0.0
17362,7734,45,2,456.92,10.0
17363,7734,135,1,277.82,20.0
17364,7734,34,3,43.21,0.0
17365,7735,18,1,818.1,20.0
17366,7735,48,2,358.48,0.0
17367,7735,239,2,269.05,0.0
17368,7735,12,1,677.11,10.0
17369,7736,36,1,72.7,0.0
17370,7736,20,3,339.73,0.0
17371,7736,245,2,396.55,20.0
17372,7737,42,1,880.29,0.0
17373,7737,30,1,658.15,5.0
17374,7737,16,1,973.78,0.0
17375,7737,25,1,631.62,0.0
17376,7737,1,1,643.08,0.0
17377,7738,41,2,176.54,0.0
17378,7738,16,2,973.78,0.0
17379,7739,47,1,459.02,0.0
17380,7739,20,1,339.73,15.0
17381,7739,9,2,217.62,0.0
17382,7740,49,2,1020.52,0.0
17383,7740,33,1,947.92,0.0
17384,7741,9,1,217.62,5.0
17385,7741,229,1,54.7,0.0
17386,7741,134,3,426.27,0.0
17387,7741,91,3,291.37,0.0
17388,7742,44,1,930.25,15.0
17389,7742,28,1,662.55,0.0
17390,7742,114,1,279.33,15.0
17391,7743,6,3,34.19,0.0
17392,7743,32,1,320.79,5.0
17393,7743,22,2,457.79,0.0
17394,7744,14,2,149.0,0.0
17395,7744,15,4,255.83,5.0
17396,7745,48,2,358.48,0.0
17397,7745,42,1,880.29,0.0
17398,7745,53,3,873.28,0.0
17399,7745,34,1,43.21,0.0
17400,7746,15,3,255.83,10.0
17401,7747,33,1,947.92,5.0
17402,7748,113,1,1162.63,0.0
17403,7749,17,1,173.9,0.0
17404,7749,32,1,320.79,20.0
17405,7749,36,1,72.7,0.0
17406,7749,177,4,592.34,0.0
17407,7750,1,1,643.08,0.0
17408,7750,10,1,132.89,0.0
17409,7750,241,1,868.81,0.0
17410,7751,83,1,144.27,0.0
17411,7752,36,2,72.7,0.0
17412,7752,2,2,394.13,20.0
17413,7752,50,1,994.53,0.0
17414,7752,32,1,320.79,5.0
17415,7753,1,1,643.08,20.0
17416,7754,256,3,83.37,0.0
17417,7754,174,2,911.18,0.0
17418,7754,1,2,643.08,0.0
17419,7754,18,1,818.1,0.0
17420,7755,52,3,994.18,10.0
17421,7755,22,4,457.79,0.0
17422,7756,21,1,851.91,0.0
17423,7756,42,1,880.29,0.0
17424,7756,10,2,132.89,0.0
17425,7756,44,3,930.25,10.0
17426,7757,37,5,1009.52,0.0
17427,7757,51,2,774.23,15.0
17428,7758,51,3,774.23,0.0
17429,7759,7,2,62.52,0.0
17430,7760,18,1,818.1,0.0
17431,7761,33,3,947.92,0.0
17432,7761,109,1,663.14,5.0
17433,7762,18,1,818.1,0.0
17434,7763,25,1,631.62,10.0
17435,7763,23,1,236.54,15.0
17436,7764,13,2,800.5,0.0
17437,7764,15,1,255.83,0.0
17438,7764,48,1,358.48,0.0
17439,7765,5,5,597.45,20.0
17440,7765,24,1,584.38,0.0
17441,7766,9,1,217.62,0.0
17442,7766,20,4,339.73,0.0
17443,7767,18,1,818.1,10.0
17444,7767,47,1,459.02,10.0
17445,7768,19,1,604.84,5.0
17446,7769,108,1,306.47,20.0
17447,7770,32,1,320.79,20.0
17448,7770,15,2,255.83,0.0
17449,7770,1,2,643.08,10.0
17450,7770,5,1,597.45,0.0
17451,7771,21,1,851.91,0.0
17452,7772,25,5,631.62,0.0
17453,7772,14,3,149.0,0.0
17454,7773,23,1,236.54,0.0
17455,7774,37,2,1009.52,10.0
17456,7774,40,1,520.37,0.0
17457,7774,52,2,994.18,0.0
17458,7774,3,2,557.91,0.0
17459,7775,48,1,358.48,0.0
17460,7776,241,1,868.81,10.0
17461,7777,49,1,1020.52,5.0
17462,7778,162,1,82.72,0.0
17463,7779,81,1,77.19,5.0
17464,7780,103,1,656.03,0.0
17465,7780,33,2,947.92,0.0
17466,7780,40,1,520.37,10.0
17467,7781,21,1,851.91,0.0
17468,7781,49,1,1020.52,0.0
17469,7781,5,1,597.45,0.0
17470,7782,38,1,1016.34,20.0
17471,7783,31,1,185.47,5.0
17472,7784,42,1,880.29,15.0
17473,7785,25,2,631.62,0.0
17474,7785,247,1,774.56,10.0
17475,7786,35,1,633.08,0.0
17476,7786,34,1,43.21,20.0
17477,7786,14,2,149.0,5.0
17478,7787,5,1,597.45,0.0
17479,7787,45,1,456.92,5.0
17480,7787,9,1,217.62,0.0
17481,7788,44,1,930.25,0.0
17482,7789,16,2,973.78,0.0
17483,7789,49,1,1020.52,5.0
17484,7790,9,2,217.62,0.0
17485,7790,241,1,868.81,0.0
17486,7790,35,2,633.08,0.0
17487,7791,96,1,1121.55,0.0
17488,7791,34,1,43.21,0.0
17489,7792,51,1,774.23,0.0
17490,7792,52,1,994.18,0.0
17491,7793,31,1,185.47,0.0
17492,7793,1,1,643.08,0.0
17493,7794,31,1,185.47,0.0
17494,7794,8,1,542.39,20.0
17495,7795,42,3,880.29,15.0
17496,7795,38,3,1016.34,15.0
17497,7795,11,1,202.6,0.0
17498,7795,145,1,916.31,0.0
17499,7796,21,1,851.91,0.0
17500,7796,15,4,255.83,0.0
17501,7796,10,1,132.89,0.0
17502,7796,131,1,80.3,10.0
17503,7796,48,1,358.48,10.0
17504,7797,2,1,394.13,0.0
17505,7797,137,1,424.86,0.0
17506,7798,8,1,542.39,0.0
17507,7798,3,3,557.91,5.0
17508,7799,18,2,818.1,10.0
17509,7799,191,5,733.3,0.0
17510,7799,7,1,62.52,20.0
17511,7800,114,1,279.33,0.0
17512,7800,4,1,583.61,0.0
17513,7801,11,1,202.6,10.0
17514,7801,12,1,677.11,0.0
17515,7802,81,1,77.19,0.0
17516,7803,18,2,818.1,0.0
17517,7803,40,1,520.37,0.0
17518,7803,26,1,204.87,0.0
17519,7803,194,1,328.13,5.0
17520,7804,31,1,185.47,0.0
17521,7804,36,1,72.7,0.0
17522,7805,37,5,1009.52,0.0
17523,7806,52,1,994.18,0.0
17524,7806,67,2,808.59,5.0
17525,7807,47,2,459.02,0.0
17526,7808,56,2,776.63,0.0
17527,7808,45,1,456.92,5.0
17528,7809,49,2,1020.52,0.0
17529,7809,29,1,981.65,20.0
17530,7809,22,3,457.79,10.0
17531,7810,30,2,658.15,0.0
17532,7810,20,1,339.73,5.0
17533,7810,114,1,279.33,0.0
17534,7810,19,2,604.84,0.0
17535,7811,21,1,851.91,5.0
17536,7811,25,1,631.62,0.0
17537,7812,4,1,583.61,0.0
17538,7812,21,1,851.91,0.0
17539,7812,12,1,677.11,5.0
17540,7812,14,5,149.0,0.0
17541,7813,12,2,677.11,5.0
17542,7813,81,1,77.19,0.0
17543,7813,33,2,947.92,0.0
17544,7813,45,2,456.92,0.0
17545,7814,29,4,981.65,0.0
17546,7814,41,5,176.54,0.0
17547,7814,14,1,149.0,5.0
17548,7814,50,1,994.53,0.0
17549,7815,5,1,597.45,0.0
17550,7816,26,2,204.87,0.0
17551,7816,43,2,935.97,10.0
17552,7816,48,1,358.48,10.0
17553,7817,32,3,320.79,10.0
17554,7817,96,1,1121.55,10.0
17555,7818,42,1,880.29,10.0
17556,7819,36,1,72.7,5.0
17557,7819,28,1,662.55,15.0
17558,7820,7,2,62.52,0.0
17559,7820,29,1,981.65,0.0
17560,7820,34,2,43.21,0.0
17561,7820,39,2,758.76,0.0
17562,7820,170,1,814.48,20.0
17563,7821,36,1,72.7,0.0
17564,7822,34,1,43.21,0.0
17565,7823,45,2,456.92,0.0
17566,7823,94,2,914.43,0.0
17567,7824,16,1,973.78,0.0
17568,7824,63,1,958.03,0.0
17569,7824,252,1,686.58,10.0
17570,7825,219,5,503.95,15.0
17571,7825,30,1,658.15,0.0
17572,7825,8,1,542.39,0.0
17573,7826,7,1,62.52,0.0
17574,7827,11,2,202.6,10.0
17575,7827,14,2,149.0,0.0
17576,7827,206,1,532.41,0.0
17577,7828,147,1,490.87,0.0
17578,7828,26,3,204.87,0.0
17579,7828,38,2,1016.34,0.0
17580,7829,81,3,77.19,5.0
17581,7829,51,2,774.23,0.0
17582,7829,19,1,604.84,0.0
17583,7829,32,1,320.79,0.0
17584,7829,16,2,973.78,0.0
17585,7830,2,2,394.13,0.0
17586,7830,21,1,851.91,0.0
17587,7830,183,3,473.71,0.0
17588,7831,19,4,604.84,0.0
17589,7831,44,1,930.25,0.0
17590,7831,163,2,234.62,0.0
17591,7831,224,1,402.49,0.0
17592,7832,36,2,72.7,5.0
17593,7832,37,2,1009.52,20.0
17594,7833,3,1,557.91,0.0
17595,7833,107,1,933.7,0.0
17596,7833,2,1,394.13,0.0
17597,7833,89,2,568.71,0.0
17598,7834,16,2,973.78,10.0
17599,7834,26,4,204.87,0.0
17600,7834,46,1,854.22,0.0
17601,7835,52,2,994.18,0.0
17602,7835,212,4,665.42,0.0
17603,7835,31,2,185.47,20.0
17604,7836,16,1,973.78,0.0
17605,7836,48,1,358.48,0.0
17606,7837,33,1,947.92,0.0
17607,7837,34,1,43.21,5.0
17608,7837,119,1,891.47,0.0
17609,7838,75,3,448.57,0.0
17610,7838,18,5,818.1,0.0
17611,7839,42,1,880.29,0.0
17612,7840,51,1,774.23,10.0
17613,7841,42,3,880.29,5.0
17614,7841,32,3,320.79,0.0
17615,7842,43,2,935.97,0.0
17616,7842,136,1,185.33,0.0
17617,7842,9,1,217.62,5.0
17618,7843,2,2,394.13,20.0
17619,7844,40,1,520.37,0.0
17620,7845,238,1,31.94,0.0
17621,7846,45,3,456.92,0.0
17622,7846,17,1,173.9,5.0
17623,7846,50,1,994.53,0.0
17624,7846,51,1,774.23,0.0
17625,7847,10,1,132.89,0.0
17626,7848,1,2,643.08,0.0
17627,7849,47,1,459.02,0.0
17628,7849,46,1,854.22,0.0
17629,7849,18,3,818.1,5.0
17630,7850,48,1,358.48,0.0
17631,7850,21,1,851.91,0.0
17632,7851,27,1,287.02,0.0
17633,7851,11,1,202.6,0.0
17634,7851,13,3,800.5,0.0
17635,7852,50,5,994.53,0.0
17636,7852,248,1,249.31,0.0
17637,7853,46,1,854.22,5.0
17638,7853,22,2,457.79,0.0
17639,7853,39,2,758.76,0.0
17640,7854,13,1,800.5,0.0
17641,7854,4,2,583.61,0.0
17642,7855,236,1,384.32,0.0
17643,7855,7,2,62.52,10.0
17644,7856,33,4,947.92,0.0
17645,7856,39,5,758.76,0.0
17646,7856,19,1,604.84,0.0
17647,7857,33,1,947.92,0.0
17648,7857,10,1,132.89,0.0
17649,7858,21,1,851.91,0.0
17650,7858,48,1,358.48,0.0
17651,7859,10,2,132.89,15.0
17652,7860,15,1,255.83,20.0
17653,7860,13,1,800.5,0.0
17654,7861,17,2,173.9,5.0
17655,7861,24,2,584.38,0.0
17656,7862,26,1,204.87,10.0
17657,7862,43,1,935.97,5.0
17658,7862,229,1,54.7,15.0
17659,7862,132,2,758.96,5.0
17660,7863,161,1,417.52,10.0
17661,7863,52,1,994.18,0.0
17662,7864,9,1,217.62,5.0
17663,7865,4,3,583.61,0.0
17664,7865,51,1,774.23,0.0
17665,7865,12,2,677.11,0.0
17666,7866,44,1,930.25,5.0
17667,7867,192,2,282.66,0.0
17668,7867,36,1,72.7,5.0
17669,7867,15,1,255.83,0.0
17670,7868,50,5,994.53,10.0
17671,7868,32,1,320.79,0.0
17672,7868,17,2,173.9,0.0
17673,7868,4,1,583.61,0.0
17674,7869,5,1,597.45,5.0
17675,7870,22,1,457.79,0.0
17676,7871,26,1,204.87,0.0
17677,7871,25,1,631.62,0.0
17678,7871,14,1,149.0,0.0
17679,7872,6,2,34.19,0.0
17680,7872,51,3,774.23,0.0
17681,7873,39,2,758.76,0.0
17682,7873,44,1,930.25,0.0
17683,7873,45,1,456.92,0.0
17684,7874,2,1,394.13,0.0
17685,7874,51,2,774.23,0.0
17686,7874,188,5,720.38,0.0
17687,7875,31,1,185.47,5.0
17688,7876,184,1,196.43,5.0
17689,7876,29,1,981.65,0.0
17690,7876,119,1,891.47,15.0
17691,7877,50,2,994.53,0.0
17692,7877,31,1,185.47,0.0
17693,7878,44,1,930.25,0.0
17694,7878,11,3,202.6,0.0
17695,7879,49,1,1020.52,0.0
17696,7879,212,3,665.42,0.0
17697,7880,27,2,287.02,15.0
17698,7880,36,1,72.7,0.0
17699,7881,154,1,667.55,0.0
17700,7881,2,2,394.13,0.0
17701,7882,225,1,785.87,0.0
17702,7882,17,1,173.9,0.0
17703,7883,50,1,994.53,0.0
17704,7884,83,1,144.27,0.0
17705,7885,90,1,491.54,0.0
17706,7885,44,1,930.25,0.0
17707,7886,37,2,1009.52,0.0
17708,7886,43,1,935.97,0.0
17709,7887,6,1,34.19,5.0
17710,7887,16,2,973.78,0.0
17711,7887,7,2,62.52,0.0
17712,7887,2,3,394.13,10.0
17713,7887,44,1,930.25,0.0
17714,7888,44,1,930.25,0.0
17715,7888,50,2,994.53,0.0
17716,7889,50,1,994.53,0.0
17717,7889,45,1,456.92,0.0
17718,7889,46,1,854.22,0.0
17719,7889,44,1,930.25,0.0
17720,7890,17,1,173.9,0.0
17721,7890,3,1,557.91,0.0
17722,7891,26,1,204.87,0.0
17723,7891,49,2,1020.52,0.0
17724,7892,34,1,43.21,0.0
17725,7892,38,1,1016.34,0.0
17726,7893,10,1,132.89,0.0
17727,7893,19,4,604.84,0.0
17728,7893,38,3,1016.34,0.0
17729,7894,16,1,973.78,20.0
17730,7895,88,1,757.47,15.0
17731,7896,22,3,457.79,10.0
17732,7897,44,2,930.25,10.0
17733,7898,36,3,72.7,0.0
17734,7899,104,1,613.34,0.0
17735,7899,37,2,1009.52,0.0
17736,7900,22,1,457.79,0.0
17737,7901,93,3,626.68,0.0
17738,7901,4,2,583.61,0.0
17739,7902,52,1,994.18,0.0
17740,7902,44,2,930.25,0.0
17741,7902,20,1,339.73,0.0
17742,7902,3,1,557.91,0.0
17743,7902,22,4,457.79,20.0
17744,7903,222,3,752.95,5.0
17745,7903,226,1,855.84,0.0
17746,7903,30,2,658.15,20.0
17747,7904,14,1,149.0,0.0
17748,7904,128,1,1064.68,5.0
17749,7905,73,1,831.13,10.0
17750,7906,36,1,72.7,0.0
17751,7907,229,1,54.7,10.0
17752,7907,2,3,394.13,0.0
17753,7907,162,1,82.72,10.0
17754,7908,6,3,34.19,0.0
17755,7908,31,1,185.47,5.0
17756,7908,189,1,816.04,0.0
17757,7909,256,5,83.37,0.0
17758,7909,80,1,275.45,10.0
17759,7909,59,2,251.22,0.0
17760,7910,14,1,149.0,0.0
17761,7911,9,2,217.62,0.0
17762,7911,12,1,677.11,0.0
17763,7911,3,1,557.91,0.0
17764,7912,10,1,132.89,0.0
17765,7912,36,2,72.7,0.0
17766,7912,14,1,149.0,0.0
17767,7913,7,2,62.52,0.0
17768,7914,22,2,457.79,0.0
17769,7915,89,1,568.71,0.0
17770,7915,42,1,880.29,0.0
17771,7916,5,2,597.45,10.0
17772,7916,49,1,1020.52,5.0
17773,7916,28,1,662.55,20.0
17774,7917,237,2,938.43,0.0
17775,7917,49,2,1020.52,15.0
17776,7917,16,1,973.78,0.0
17777,7917,46,1,854.22,0.0
17778,7918,28,4,662.55,0.0
17779,7919,29,2,981.65,0.0
17780,7919,16,1,973.78,0.0
17781,7920,10,2,132.89,0.0
17782,7920,66,2,361.37,0.0
17783,7920,20,1,339.73,5.0
17784,7920,46,3,854.22,0.0
17785,7921,50,1,994.53,0.0
17786,7922,4,2,583.61,15.0
17787,7922,19,3,604.84,0.0
17788,7923,39,2,758.76,0.0
17789,7923,20,1,339.73,10.0
17790,7923,42,2,880.29,0.0
17791,7924,37,3,1009.52,0.0
17792,7924,44,2,930.25,0.0
17793,7925,35,2,633.08,0.0
17794,7925,52,1,994.18,5.0
17795,7925,19,2,604.84,0.0
17796,7925,48,1,358.48,0.0
17797,7925,47,2,459.02,0.0
17798,7926,32,2,320.79,0.0
17799,7927,49,4,1020.52,0.0
17800,7928,56,1,776.63,5.0
17801,7928,8,2,542.39,0.0
17802,7929,257,1,118.54,15.0
17803,7929,24,1,584.38,0.0
17804,7930,37,1,1009.52,0.0
17805,7930,122,2,246.21,0.0
17806,7930,4,1,583.61,20.0
17807,7931,258,1,563.1,20.0
17808,7931,3,1,557.91,0.0
17809,7931,12,2,677.11,0.0
17810,7931,256,1,83.37,0.0
17811,7931,35,4,633.08,0.0
17812,7932,72,1,474.04,0.0
17813,7932,32,1,320.79,0.0
17814,7932,2,1,394.13,0.0
17815,7933,25,3,631.62,0.0
17816,7933,33,2,947.92,0.0
17817,7933,19,2,604.84,0.0
17818,7934,39,1,758.76,0.0
17819,7934,24,1,584.38,0.0
17820,7934,10,1,132.89,0.0
17821,7935,243,1,1116.94,5.0
17822,7935,51,2,774.23,15.0
17823,7936,3,1,557.91,0.0
17824,7937,198,2,904.38,20.0
17825,7937,2,2,394.13,0.0
17826,7938,29,2,981.65,0.0
17827,7939,44,1,930.25,10.0
17828,7939,13,1,800.5,10.0
17829,7939,1,1,643.08,15.0
17830,7940,35,1,633.08,0.0
17831,7941,212,5,665.42,0.0
17832,7941,2,1,394.13,20.0
17833,7942,45,1,456.92,20.0
17834,7943,18,2,818.1,0.0
17835,7943,23,1,236.54,0.0
17836,7944,85,1,681.02,0.0
17837,7944,33,2,947.92,0.0
17838,7945,47,1,459.02,0.0
17839,7945,33,3,947.92,0.0
17840,7945,20,1,339.73,0.0
17841,7945,15,1,255.83,0.0
17842,7946,123,1,272.6,0.0
17843,7947,9,3,217.62,0.0
17844,7948,51,1,774.23,0.0
17845,7949,31,1,185.47,0.0
17846,7949,17,2,173.9,0.0
17847,7949,44,2,930.25,0.0
17848,7949,46,1,854.22,20.0
17849,7949,117,2,659.17,0.0
17850,7950,210,3,664.24,5.0
17851,7950,1,3,643.08,0.0
17852,7950,47,3,459.02,0.0
17853,7950,170,2,814.48,0.0
17854,7951,5,1,597.45,0.0
17855,7952,40,2,520.37,0.0
17856,7953,16,1,973.78,0.0
17857,7953,37,2,1009.52,0.0
17858,7953,40,4,520.37,0.0
17859,7953,25,1,631.62,0.0
17860,7953,34,4,43.21,15.0
17861,7954,17,1,173.9,0.0
17862,7954,50,1,994.53,5.0
17863,7954,28,1,662.55,0.0
17864,7954,31,1,185.47,0.0
17865,7955,23,2,236.54,0.0
17866,7955,45,1,456.92,0.0
17867,7955,75,4,448.57,0.0
17868,7955,27,3,287.02,0.0
17869,7956,48,1,358.48,0.0
17870,7956,31,1,185.47,0.0
17871,7956,32,3,320.79,0.0
17872,7957,17,2,173.9,0.0
17873,7957,36,1,72.7,5.0
17874,7957,10,4,132.89,0.0
17875,7958,11,1,202.6,0.0
17876,7959,21,2,851.91,5.0
17877,7960,16,1,973.78,0.0
17878,7960,211,1,1092.93,10.0
17879,7960,45,1,456.92,20.0
17880,7961,43,1,935.97,0.0
17881,7962,38,2,1016.34,0.0
17882,7962,4,2,583.61,0.0
17883,7963,219,1,503.95,10.0
17884,7963,39,1,758.76,10.0
17885,7964,205,1,227.28,10.0
17886,7965,15,4,255.83,5.0
17887,7965,35,1,633.08,0.0
17888,7966,4,1,583.61,5.0
17889,7966,245,2,396.55,0.0
17890,7967,41,2,176.54,0.0
17891,7967,17,3,173.9,0.0
17892,7967,22,1,457.79,0.0
17893,7968,7,1,62.52,0.0
17894,7968,24,2,584.38,5.0
17895,7968,34,2,43.21,15.0
17896,7968,21,1,851.91,0.0
17897,7969,16,1,973.78,0.0
17898,7969,2,1,394.13,5.0
17899,7969,36,1,72.7,20.0
17900,7970,165,3,882.32,0.0
17901,7970,7,1,62.52,0.0
17902,7970,99,3,255.18,10.0
17903,7970,1,1,643.08,5.0
17904,7971,38,1,1016.34,0.0
17905,7971,198,2,904.38,0.0
17906,7972,41,1,176.54,10.0
17907,7973,33,1,947.92,0.0
17908,7973,38,1,1016.34,0.0
17909,7973,20,1,339.73,0.0
17910,7974,36,4,72.7,0.0
17911,7974,22,2,457.79,0.0
17912,7975,119,1,891.47,0.0
17913,7975,227,1,342.68,10.0
17914,7976,19,2,604.84,0.0
17915,7977,30,1,658.15,0.0
17916,7977,10,1,132.89,0.0
17917,7978,101,1,462.13,0.0
17918,7978,36,1,72.7,10.0
17919,7978,179,1,990.0,0.0
17920,7979,229,3,54.7,0.0
17921,7980,18,1,818.1,5.0
17922,7980,37,1,1009.52,0.0
17923,7980,48,1,358.48,5.0
17924,7980,118,1,1091.59,15.0
17925,7981,112,1,1017.21,0.0
17926,7981,43,2,935.97,0.0
17927,7981,3,2,557.91,0.0
17928,7982,37,2,1009.52,0.0
17929,7982,120,1,983.93,0.0
17930,7982,64,2,586.27,0.0
17931,7983,6,1,34.19,5.0
17932,7983,36,2,72.7,0.0
17933,7983,9,1,217.62,0.0
17934,7983,8,1,542.39,20.0
17935,7984,15,3,255.83,0.0
17936,7985,36,3,72.7,10.0
17937,7985,10,3,132.89,5.0
17938,7986,15,2,255.83,0.0
17939,7987,33,1,947.92,5.0
17940,7988,47,2,459.02,0.0
17941,7989,147,1,490.87,10.0
17942,7990,31,1,185.47,0.0
17943,7990,133,1,245.7,0.0
17944,7991,27,1,287.02,0.0
17945,7992,135,1,277.82,0.0
17946,7992,148,1,824.22,0.0
17947,7993,35,1,633.08,0.0
17948,7993,51,2,774.23,0.0
17949,7993,3,1,557.91,15.0
17950,7994,50,1,994.53,20.0
17951,7995,44,1,930.25,10.0
17952,7995,8,2,542.39,0.0
17953,7996,9,1,217.62,0.0
17954,7996,48,1,358.48,0.0
17955,7996,21,2,851.91,0.0
17956,7997,107,3,933.7,0.0
17957,7997,98,2,932.39,0.0
17958,7997,81,1,77.19,0.0
17959,7998,46,2,854.22,0.0
17960,7999,178,1,512.5,0.0
17961,7999,11,2,202.6,0.0
17962,7999,9,1,217.62,0.0
17963,8000,47,3,459.02,0.0
17964,8000,23,1,236.54,0.0
17965,8000,28,1,662.55,0.0
17966,8001,155,1,438.96,5.0
17967,8001,196,1,925.9,15.0
17968,8001,35,1,633.08,0.0
17969,8001,4,5,583.61,0.0
17970,8001,19,1,604.84,0.0
17971,8002,33,4,947.92,10.0
17972,8003,52,2,994.18,0.0
17973,8003,63,1,958.03,5.0
17974,8004,229,2,54.7,0.0
17975,8004,175,1,628.11,0.0
17976,8004,36,1,72.7,5.0
17977,8005,43,1,935.97,0.0
17978,8005,177,3,592.34,0.0
17979,8006,66,1,361.37,0.0
17980,8006,36,1,72.7,0.0
17981,8007,127,1,711.21,5.0
17982,8007,1,1,643.08,0.0
17983,8008,38,1,1016.34,0.0
17984,8008,28,1,662.55,5.0
17985,8009,25,1,631.62,0.0
17986,8009,3,1,557.91,5.0
17987,8010,41,1,176.54,0.0
17988,8010,20,2,339.73,0.0
17989,8011,46,1,854.22,0.0
17990,8011,43,3,935.97,20.0
17991,8011,39,2,758.76,0.0
17992,8012,12,1,677.11,0.0
17993,8012,6,2,34.19,5.0
17994,8012,5,1,597.45,0.0
17995,8012,50,1,994.53,0.0
17996,8013,15,2,255.83,0.0
17997,8013,10,2,132.89,0.0
17998,8013,36,2,72.7,0.0
17999,8014,18,3,818.1,5.0
18000,8015,52,1,994.18,0.0
18001,8016,17,1,173.9,0.0
18002,8016,23,1,236.54,0.0
18003,8017,48,1,358.48,0.0
18004,8017,183,3,473.71,20.0
18005,8018,51,1,774.23,0.0
18006,8018,16,2,973.78,15.0
18007,8018,13,2,800.5,0.0
18008,8018,201,2,232.35,0.0
18009,8019,77,1,561.47,20.0
18010,8020,29,3,981.65,0.0
18011,8020,164,1,211.12,0.0
18012,8020,195,1,549.52,0.0
18013,8021,43,1,935.97,0.0
18014,8021,179,1,990.0,0.0
18015,8022,16,3,973.78,0.0
18016,8022,35,1,633.08,0.0
18017,8023,9,4,217.62,0.0
18018,8023,29,1,981.65,0.0
18019,8023,25,1,631.62,0.0
18020,8023,3,1,557.91,10.0
18021,8024,227,1,342.68,0.0
18022,8024,34,1,43.21,0.0
18023,8025,5,1,597.45,10.0
18024,8026,94,2,914.43,0.0
18025,8027,41,1,176.54,0.0
18026,8028,232,3,968.09,20.0
18027,8029,216,2,929.01,0.0
18028,8029,244,1,902.38,20.0
18029,8030,48,4,358.48,5.0
18030,8030,19,1,604.84,0.0
18031,8031,22,1,457.79,0.0
18032,8032,62,1,77.39,20.0
18033,8032,3,1,557.91,0.0
18034,8033,245,1,396.55,10.0
18035,8033,30,1,658.15,0.0
18036,8034,1,2,643.08,20.0
18037,8035,178,5,512.5,15.0
18038,8035,11,1,202.6,0.0
18039,8035,39,2,758.76,10.0
18040,8036,231,1,765.07,0.0
18041,8037,48,1,358.48,0.0
18042,8037,6,1,34.19,0.0
18043,8038,26,1,204.87,0.0
18044,8038,105,2,888.35,0.0
18045,8039,23,1,236.54,15.0
18046,8039,21,1,851.91,0.0
18047,8039,26,1,204.87,5.0
18048,8040,45,3,456.92,5.0
18049,8040,4,1,583.61,20.0
18050,8041,44,3,930.25,15.0
18051,8042,43,1,935.97,0.0
18052,8042,3,1,557.91,10.0
18053,8042,47,2,459.02,10.0
18054,8043,34,4,43.21,0.0
18055,8043,19,1,604.84,0.0
18056,8044,4,1,583.61,0.0
18057,8045,22,1,457.79,0.0
18058,8045,170,3,814.48,0.0
18059,8045,6,1,34.19,15.0
18060,8045,33,2,947.92,0.0
18061,8046,187,1,215.12,5.0
18062,8046,11,1,202.6,0.0
18063,8047,28,2,662.55,15.0
18064,8047,52,1,994.18,0.0
18065,8047,45,1,456.92,0.0
18066,8048,76,1,920.83,0.0
18067,8048,31,1,185.47,0.0
18068,8049,25,1,631.62,0.0
18069,8049,40,2,520.37,0.0
18070,8050,21,4,851.91,0.0
18071,8050,181,1,115.49,0.0
18072,8051,6,1,34.19,0.0
18073,8051,103,1,656.03,0.0
18074,8051,33,3,947.92,0.0
18075,8051,62,1,77.39,0.0
18076,8051,11,2,202.6,10.0
18077,8052,35,4,633.08,0.0
18078,8053,51,2,774.23,0.0
18079,8054,14,1,149.0,0.0
18080,8054,48,1,358.48,0.0
18081,8055,52,2,994.18,5.0
18082,8056,13,5,800.5,0.0
18083,8056,10,3,132.89,0.0
18084,8057,2,1,394.13,0.0
18085,8057,10,1,132.89,0.0
18086,8058,7,1,62.52,0.0
18087,8059,1,2,643.08,0.0
18088,8059,52,4,994.18,5.0
18089,8060,2,1,394.13,0.0
18090,8060,46,1,854.22,0.0
18091,8060,25,1,631.62,5.0
18092,8061,44,2,930.25,10.0
18093,8062,10,2,132.89,0.0
18094,8063,203,1,131.33,15.0
18095,8063,207,1,991.04,0.0
18096,8064,38,1,1016.34,0.0
18097,8064,22,2,457.79,5.0
18098,8065,12,2,677.11,10.0
18099,8066,41,3,176.54,20.0
18100,8067,51,1,774.23,0.0
18101,8068,229,1,54.7,0.0
18102,8068,8,1,542.39,0.0
18103,8068,234,1,670.43,0.0
18104,8069,11,1,202.6,5.0
18105,8069,51,1,774.23,0.0
18106,8070,13,1,800.5,0.0
18107,8070,126,1,757.74,0.0
18108,8070,32,1,320.79,0.0
18109,8071,30,1,658.15,0.0
18110,8071,22,1,457.79,0.0
18111,8072,230,2,948.25,0.0
18112,8073,54,1,21.31,0.0
18113,8073,46,1,854.22,0.0
18114,8074,184,1,196.43,10.0
18115,8074,32,1,320.79,5.0
18116,8074,43,1,935.97,0.0
18117,8074,11,1,202.6,0.0
18118,8075,171,1,508.1,10.0
18119,8075,18,1,818.1,0.0
18120,8075,38,1,1016.34,0.0
18121,8076,44,1,930.25,0.0
18122,8077,27,2,287.02,5.0
18123,8077,45,1,456.92,0.0
18124,8078,223,2,389.43,15.0
18125,8078,6,3,34.19,0.0
18126,8079,22,1,457.79,0.0
18127,8079,21,1,851.91,0.0
18128,8079,29,1,981.65,5.0
18129,8079,46,1,854.22,0.0
18130,8080,20,1,339.73,10.0
18131,8081,9,2,217.62,0.0
18132,8081,29,1,981.65,0.0
18133,8081,40,3,520.37,0.0
18134,8081,124,5,729.75,0.0
18135,8081,26,1,204.87,10.0
18136,8082,52,1,994.18,10.0
18137,8083,5,1,597.45,15.0
18138,8083,33,1,947.92,0.0
18139,8084,3,1,557.91,15.0
18140,8084,210,1,664.24,0.0
18141,8085,7,2,62.52,0.0
18142,8086,48,1,358.48,10.0
18143,8086,47,1,459.02,0.0
18144,8087,13,1,800.5,0.0
18145,8088,41,1,176.54,15.0
18146,8089,8,2,542.39,5.0
18147,8090,32,3,320.79,0.0
18148,8090,6,1,34.19,0.0
18149,8091,18,4,818.1,0.0
18150,8092,54,2,21.31,0.0
18151,8092,85,2,681.02,0.0
18152,8092,35,1,633.08,15.0
18153,8092,45,1,456.92,0.0
18154,8092,51,2,774.23,10.0
18155,8093,42,1,880.29,0.0
18156,8094,27,1,287.02,0.0
18157,8095,78,1,1047.68,0.0
18158,8095,24,1,584.38,10.0
18159,8096,9,1,217.62,5.0
18160,8096,32,1,320.79,0.0
18161,8097,15,1,255.83,10.0
18162,8097,25,2,631.62,5.0
18163,8097,46,4,854.22,0.0
18164,8097,43,1,935.97,0.0
18165,8097,13,3,800.5,0.0
18166,8098,24,4,584.38,5.0
18167,8098,45,1,456.92,0.0
18168,8099,4,1,583.61,10.0
18169,8100,47,1,459.02,0.0
18170,8101,236,2,384.32,0.0
18171,8101,32,1,320.79,0.0
18172,8102,9,1,217.62,0.0
18173,8103,213,2,50.55,0.0
18174,8103,19,1,604.84,5.0
18175,8103,52,1,994.18,0.0
18176,8104,43,4,935.97,0.0
18177,8104,250,3,761.52,0.0
18178,8104,50,1,994.53,0.0
18179,8104,2,1,394.13,0.0
18180,8105,3,1,557.91,0.0
18181,8106,20,1,339.73,0.0
18182,8106,37,3,1009.52,0.0
18183,8106,28,1,662.55,0.0
18184,8106,9,2,217.62,0.0
18185,8107,122,3,246.21,0.0
18186,8107,44,1,930.25,5.0
18187,8107,18,1,818.1,0.0
18188,8107,4,3,583.61,0.0
18189,8107,42,1,880.29,5.0
18190,8108,191,3,733.3,0.0
18191,8108,30,1,658.15,20.0
18192,8109,7,1,62.52,5.0
18193,8110,23,2,236.54,15.0
18194,8110,132,5,758.96,0.0
18195,8110,31,1,185.47,10.0
18196,8111,32,1,320.79,0.0
18197,8112,38,1,1016.34,15.0
18198,8112,126,1,757.74,0.0
18199,8113,23,1,236.54,0.0
18200,8113,56,1,776.63,0.0
18201,8114,249,1,229.0,5.0
18202,8114,37,1,1009.52,0.0
18203,8115,2,1,394.13,5.0
18204,8116,10,2,132.89,0.0
18205,8116,17,1,173.9,0.0
18206,8117,39,5,758.76,0.0
18207,8118,4,3,583.61,0.0
18208,8119,42,1,880.29,0.0
18209,8119,11,2,202.6,0.0
18210,8119,47,1,459.02,15.0
18211,8120,10,1,132.89,0.0
18212,8121,22,2,457.79,0.0
18213,8121,117,1,659.17,5.0
18214,8122,34,1,43.21,0.0
18215,8122,106,1,65.61,0.0
18216,8122,45,1,456.92,0.0
18217,8122,180,1,1017.24,0.0
18218,8123,78,2,1047.68,0.0
18219,8123,2,1,394.13,5.0
18220,8124,34,2,43.21,20.0
18221,8124,52,1,994.18,0.0
18222,8125,47,1,459.02,0.0
18223,8126,19,2,604.84,0.0
18224,8126,138,1,285.18,5.0
18225,8127,4,1,583.61,0.0
18226,8128,126,1,757.74,0.0
18227,8129,4,2,583.61,5.0
18228,8129,24,2,584.38,0.0
18229,8129,51,1,774.23,0.0
18230,8130,39,2,758.76,10.0
18231,8130,3,2,557.91,10.0
18232,8130,57,1,966.47,0.0
18233,8131,50,2,994.53,0.0
18234,8132,51,3,774.23,0.0
18235,8132,4,2,583.61,0.0
18236,8132,36,1,72.7,0.0
18237,8133,144,1,927.22,10.0
18238,8133,21,4,851.91,0.0
18239,8133,34,1,43.21,0.0
18240,8133,43,1,935.97,5.0
18241,8134,28,2,662.55,0.0
18242,8134,121,1,223.46,0.0
18243,8135,43,1,935.97,0.0
18244,8135,8,1,542.39,0.0
18245,8135,19,1,604.84,0.0
18246,8136,46,2,854.22,0.0
18247,8136,68,2,245.03,0.0
18248,8137,46,3,854.22,0.0
18249,8137,41,3,176.54,0.0
18250,8137,18,2,818.1,0.0
18251,8137,19,1,604.84,0.0
18252,8138,19,2,604.84,0.0
18253,8138,12,2,677.11,15.0
18254,8138,27,1,287.02,0.0
18255,8139,30,1,658.15,0.0
18256,8140,23,1,236.54,0.0
18257,8141,5,1,597.45,0.0
18258,8141,106,1,65.61,15.0
18259,8142,203,1,131.33,0.0
18260,8143,24,5,584.38,15.0
18261,8144,19,4,604.84,15.0
18262,8144,8,2,542.39,0.0
18263,8145,37,1,1009.52,0.0
18264,8145,8,3,542.39,20.0
18265,8146,14,2,149.0,0.0
18266,8147,1,1,643.08,0.0
18267,8147,14,2,149.0,0.0
18268,8148,227,1,342.68,5.0
18269,8148,39,1,758.76,20.0
18270,8149,11,2,202.6,10.0
18271,8150,143,1,435.68,0.0
18272,8151,19,1,604.84,0.0
18273,8151,165,1,882.32,0.0
18274,8151,26,1,204.87,5.0
18275,8152,6,1,34.19,10.0
18276,8153,50,1,994.53,0.0
18277,8154,161,1,417.52,0.0
18278,8154,27,1,287.02,0.0
18279,8154,39,2,758.76,0.0
18280,8155,19,1,604.84,0.0
18281,8156,7,2,62.52,0.0
18282,8157,29,1,981.65,0.0
18283,8158,21,1,851.91,0.0
18284,8158,3,2,557.91,0.0
18285,8159,7,1,62.52,0.0
18286,8160,20,1,339.73,10.0
18287,8160,231,3,765.07,5.0
18288,8160,52,2,994.18,0.0
18289,8161,20,3,339.73,0.0
18290,8162,10,3,132.89,0.0
18291,8163,22,1,457.79,10.0
18292,8163,40,2,520.37,0.0
18293,8164,25,2,631.62,0.0
18294,8165,11,4,202.6,15.0
18295,8165,28,2,662.55,0.0
18296,8165,3,2,557.91,0.0
18297,8165,25,1,631.62,5.0
18298,8165,45,4,456.92,20.0
18299,8166,53,2,873.28,0.0
18300,8166,20,2,339.73,0.0
18301,8166,38,1,1016.34,5.0
18302,8167,27,1,287.02,15.0
18303,8167,45,3,456.92,10.0
18304,8168,240,2,81.35,0.0
18305,8168,38,1,1016.34,0.0
18306,8169,39,1,758.76,5.0
18307,8170,23,1,236.54,5.0
18308,8170,49,1,1020.52,0.0
18309,8171,18,1,818.1,5.0
18310,8172,40,1,520.37,0.0
18311,8173,81,2,77.19,0.0
18312,8173,43,1,935.97,0.0
18313,8173,36,1,72.7,0.0
18314,8173,185,1,339.91,0.0
18315,8174,104,3,613.34,10.0
18316,8174,52,1,994.18,0.0
18317,8174,16,2,973.78,0.0
18318,8174,26,3,204.87,10.0
18319,8174,25,1,631.62,5.0
18320,8175,158,1,334.84,10.0
18321,8176,30,2,658.15,10.0
18322,8176,43,1,935.97,5.0
18323,8176,40,1,520.37,0.0
18324,8176,37,1,1009.52,0.0
18325,8176,16,3,973.78,0.0
18326,8177,36,1,72.7,0.0
18327,8177,44,1,930.25,0.0
18328,8177,214,2,836.23,0.0
18329,8177,46,1,854.22,0.0
18330,8177,34,2,43.21,15.0
18331,8178,2,1,394.13,0.0
18332,8178,22,3,457.79,0.0
18333,8178,26,1,204.87,5.0
18334,8178,51,2,774.23,15.0
18335,8178,45,2,456.92,0.0
18336,8179,14,1,149.0,0.0
18337,8179,69,3,819.14,10.0
18338,8180,8,1,542.39,0.0
18339,8180,40,2,520.37,0.0
18340,8181,24,1,584.38,0.0
18341,8181,41,1,176.54,0.0
18342,8182,30,1,658.15,0.0
18343,8182,36,4,72.7,0.0
18344,8182,7,2,62.52,15.0
18345,8183,27,2,287.02,0.0
18346,8183,44,1,930.25,5.0
18347,8183,23,1,236.54,0.0
18348,8183,1,2,643.08,0.0
18349,8183,146,1,1020.84,0.0
18350,8184,17,1,173.9,0.0
18351,8184,120,1,983.93,0.0
18352,8184,111,1,932.22,5.0
18353,8185,24,2,584.38,0.0
18354,8186,163,1,234.62,0.0
18355,8187,93,1,626.68,0.0
18356,8188,32,1,320.79,5.0
18357,8188,44,1,930.25,5.0
18358,8189,220,3,850.53,0.0
18359,8189,43,1,935.97,0.0
18360,8189,33,2,947.92,0.0
18361,8190,99,1,255.18,0.0
18362,8190,46,2,854.22,5.0
18363,8190,10,1,132.89,0.0
18364,8191,4,1,583.61,0.0
18365,8192,7,1,62.52,10.0
18366,8192,9,3,217.62,10.0
18367,8192,17,5,173.9,20.0
18368,8193,255,1,537.33,0.0
18369,8193,16,1,973.78,0.0
18370,8193,177,1,592.34,0.0
18371,8194,22,2,457.79,0.0
18372,8194,119,1,891.47,0.0
18373,8194,21,5,851.91,15.0
18374,8195,48,1,358.48,0.0
18375,8196,36,2,72.7,10.0
18376,8197,39,1,758.76,0.0
18377,8197,5,1,597.45,0.0
18378,8197,33,1,947.92,0.0
18379,8197,16,2,973.78,0.0
18380,8198,28,3,662.55,5.0
18381,8198,30,5,658.15,0.0
18382,8198,19,1,604.84,0.0
18383,8199,93,1,626.68,10.0
18384,8199,47,2,459.02,0.0
18385,8200,33,4,947.92,0.0
18386,8200,35,3,633.08,20.0
18387,8200,252,1,686.58,0.0
18388,8201,34,1,43.21,0.0
18389,8201,10,1,132.89,0.0
18390,8202,122,3,246.21,15.0
18391,8202,10,3,132.89,0.0
18392,8202,7,1,62.52,0.0
18393,8202,37,1,1009.52,0.0
18394,8203,12,2,677.11,0.0
18395,8203,22,2,457.79,10.0
18396,8203,46,1,854.22,10.0
18397,8204,36,1,72.7,0.0
18398,8204,4,1,583.61,5.0
18399,8205,104,1,613.34,0.0
18400,8206,9,1,217.62,0.0
18401,8206,28,1,662.55,10.0
18402,8207,39,1,758.76,0.0
18403,8208,103,3,656.03,0.0
18404,8208,8,1,542.39,0.0
18405,8209,200,1,731.51,5.0
18406,8209,25,5,631.62,0.0
18407,8209,92,2,549.63,0.0
18408,8210,35,2,633.08,0.0
18409,8210,51,1,774.23,0.0
18410,8211,16,1,973.78,0.0
18411,8212,169,2,863.12,0.0
18412,8212,3,1,557.91,0.0
18413,8213,6,1,34.19,0.0
18414,8214,35,1,633.08,0.0
18415,8214,10,1,132.89,0.0
18416,8214,5,1,597.45,15.0
18417,8214,29,1,981.65,0.0
18418,8214,51,1,774.23,20.0
18419,8215,27,1,287.02,0.0
18420,8216,29,3,981.65,0.0
18421,8216,18,1,818.1,5.0
18422,8216,48,1,358.48,15.0
18423,8217,239,1,269.05,0.0
18424,8218,45,1,456.92,5.0
18425,8219,14,1,149.0,0.0
18426,8219,10,1,132.89,0.0
18427,8220,45,2,456.92,0.0
18428,8220,30,1,658.15,0.0
18429,8221,47,1,459.02,0.0
18430,8221,20,1,339.73,0.0
18431,8221,26,3,204.87,5.0
18432,8221,48,2,358.48,0.0
18433,8222,4,2,583.61,0.0
18434,8222,12,1,677.11,0.0
18435,8223,11,1,202.6,0.0
18436,8224,45,1,456.92,0.0
18437,8224,23,1,236.54,5.0
18438,8224,242,1,1105.36,0.0
18439,8225,52,1,994.18,0.0
18440,8226,21,1,851.91,5.0
18441,8226,28,1,662.55,0.0
18442,8226,31,2,185.47,0.0
18443,8226,18,1,818.1,0.0
18444,8227,16,1,973.78,0.0
18445,8227,146,1,1020.84,0.0
18446,8228,176,2,576.9,0.0
18447,8228,7,5,62.52,0.0
18448,8228,31,1,185.47,0.0
18449,8229,11,2,202.6,0.0
18450,8229,3,1,557.91,0.0
18451,8230,14,2,149.0,15.0
18452,8231,37,2,1009.52,0.0
18453,8231,3,1,557.91,0.0
18454,8231,70,1,532.42,0.0
18455,8232,112,1,1017.21,0.0
18456,8232,117,4,659.17,0.0
18457,8232,43,1,935.97,0.0
18458,8233,34,2,43.21,0.0
18459,8233,10,2,132.89,0.0
18460,8233,47,1,459.02,10.0
18461,8234,43,1,935.97,0.0
18462,8234,11,1,202.6,5.0
18463,8234,8,1,542.39,0.0
18464,8235,48,1,358.48,0.0
18465,8235,5,5,597.45,0.0
18466,8236,51,1,774.23,15.0
18467,8236,4,2,583.61,0.0
18468,8236,29,1,981.65,0.0
18469,8237,257,2,118.54,0.0
18470,8238,25,3,631.62,0.0
18471,8238,1,1,643.08,0.0
18472,8238,9,2,217.62,0.0
18473,8238,213,2,50.55,0.0
18474,8239,12,1,677.11,0.0
18475,8240,148,1,824.22,5.0
18476,8240,176,4,576.9,0.0
18477,8241,32,1,320.79,10.0
18478,8241,26,2,204.87,0.0
18479,8241,40,1,520.37,0.0
18480,8241,17,2,173.9,0.0
18481,8242,50,1,994.53,0.0
18482,8242,22,2,457.79,5.0
18483,8242,6,1,34.19,0.0
18484,8242,23,1,236.54,0.0
18485,8243,16,3,973.78,0.0
18486,8243,3,1,557.91,0.0
18487,8244,44,1,930.25,15.0
18488,8244,4,3,583.61,0.0
18489,8245,12,3,677.11,0.0
18490,8245,211,1,1092.93,0.0
18491,8245,26,1,204.87,0.0
18492,8246,17,2,173.9,0.0
18493,8246,42,1,880.29,0.0
18494,8247,17,1,173.9,5.0
18495,8248,10,3,132.89,0.0
18496,8249,26,1,204.87,0.0
18497,8250,20,2,339.73,0.0
18498,8250,42,1,880.29,10.0
18499,8251,22,1,457.79,0.0
18500,8251,28,2,662.55,0.0
18501,8251,154,1,667.55,10.0
18502,8251,24,4,584.38,0.0
18503,8251,39,2,758.76,5.0
18504,8252,16,1,973.78,20.0
18505,8252,15,2,255.83,0.0
18506,8253,45,1,456.92,0.0
18507,8254,111,1,932.22,10.0
18508,8255,30,3,658.15,15.0
18509,8255,215,2,429.74,0.0
18510,8255,11,1,202.6,0.0
18511,8256,159,1,220.27,0.0
18512,8256,44,1,930.25,0.0
18513,8256,25,1,631.62,0.0
18514,8256,39,5,758.76,0.0
18515,8256,35,2,633.08,10.0
18516,8257,12,1,677.11,0.0
18517,8257,27,2,287.02,0.0
18518,8258,67,1,808.59,20.0
18519,8259,43,3,935.97,5.0
18520,8260,16,1,973.78,0.0
18521,8260,32,1,320.79,0.0
18522,8260,1,1,643.08,10.0
18523,8261,30,1,658.15,5.0
18524,8262,12,1,677.11,0.0
18525,8262,82,3,1090.89,0.0
18526,8262,46,3,854.22,10.0
18527,8263,5,5,597.45,20.0
18528,8263,27,2,287.02,0.0
18529,8264,75,1,448.57,0.0
18530,8264,49,4,1020.52,0.0
18531,8265,27,1,287.02,0.0
18532,8265,2,1,394.13,0.0
18533,8266,209,1,521.49,5.0
18534,8266,8,1,542.39,10.0
18535,8266,48,1,358.48,0.0
18536,8266,31,1,185.47,0.0
18537,8267,44,2,930.25,0.0
18538,8267,38,1,1016.34,10.0
18539,8268,48,2,358.48,0.0
18540,8268,27,1,287.02,15.0
18541,8268,37,2,1009.52,5.0
18542,8268,46,1,854.22,0.0
18543,8269,200,1,731.51,0.0
18544,8269,197,2,893.87,0.0
18545,8270,46,2,854.22,0.0
18546,8270,1,2,643.08,0.0
18547,8270,20,1,339.73,15.0
18548,8271,4,1,583.61,0.0
18549,8272,1,2,643.08,0.0
18550,8272,31,3,185.47,0.0
18551,8272,17,1,173.9,0.0
18552,8272,37,3,1009.52,5.0
18553,8273,10,2,132.89,0.0
18554,8273,122,3,246.21,0.0
18555,8273,54,2,21.31,0.0
18556,8274,29,2,981.65,0.0
18557,8274,11,1,202.6,0.0
18558,8275,8,1,542.39,0.0
18559,8276,12,1,677.11,0.0
18560,8277,11,1,202.6,20.0
18561,8277,28,2,662.55,0.0
18562,8278,152,2,1071.23,0.0
18563,8279,3,1,557.91,0.0
18564,8279,124,1,729.75,0.0
18565,8280,1,1,643.08,0.0
18566,8281,163,1,234.62,10.0
18567,8281,2,1,394.13,0.0
18568,8281,41,1,176.54,10.0
18569,8281,207,3,991.04,0.0
18570,8282,19,2,604.84,20.0
18571,8282,27,2,287.02,0.0
18572,8283,4,1,583.61,0.0
18573,8283,3,1,557.91,0.0
18574,8284,5,1,597.45,0.0
18575,8285,190,1,998.17,0.0
18576,8285,2,2,394.13,0.0
18577,8285,21,2,851.91,10.0
18578,8285,95,3,179.64,0.0
18579,8285,140,1,441.37,0.0
18580,8286,16,2,973.78,10.0
18581,8286,30,3,658.15,10.0
18582,8286,23,1,236.54,0.0
18583,8287,29,1,981.65,10.0
18584,8287,10,1,132.89,5.0
18585,8287,50,1,994.53,0.0
18586,8288,46,2,854.22,0.0
18587,8288,23,2,236.54,5.0
18588,8288,31,2,185.47,0.0
18589,8288,3,4,557.91,0.0
18590,8288,225,2,785.87,0.0
18591,8289,40,3,520.37,0.0
18592,8289,11,1,202.6,0.0
18593,8290,256,1,83.37,0.0
18594,8291,48,4,358.48,0.0
18595,8292,7,4,62.52,10.0
18596,8292,41,1,176.54,0.0
18597,8292,17,1,173.9,0.0
18598,8293,5,1,597.45,0.0
18599,8293,9,1,217.62,20.0
18600,8293,4,3,583.61,0.0
18601,8293,40,2,520.37,5.0
18602,8294,32,2,320.79,0.0
18603,8295,42,2,880.29,0.0
18604,8295,32,3,320.79,0.0
18605,8295,8,1,542.39,15.0
18606,8296,16,1,973.78,0.0
18607,8296,51,1,774.23,0.0
18608,8296,50,3,994.53,0.0
18609,8297,4,1,583.61,0.0
18610,8297,33,1,947.92,0.0
18611,8297,50,1,994.53,0.0
18612,8298,16,1,973.78,0.0
18613,8298,108,2,306.47,0.0
18614,8299,21,1,851.91,0.0
18615,8300,9,1,217.62,10.0
18616,8300,44,1,930.25,0.0
18617,8301,18,1,818.1,0.0
18618,8302,25,1,631.62,0.0
18619,8302,27,1,287.02,15.0
18620,8303,30,1,658.15,0.0
18621,8303,13,1,800.5,0.0
18622,8304,48,1,358.48,0.0
18623,8305,34,1,43.21,0.0
18624,8305,30,3,658.15,0.0
18625,8306,209,1,521.49,20.0
18626,8306,46,1,854.22,20.0
18627,8306,18,2,818.1,10.0
18628,8307,1,1,643.08,0.0
18629,8307,25,1,631.62,0.0
18630,8307,2,1,394.13,15.0
18631,8308,50,1,994.53,0.0
18632,8308,45,1,456.92,10.0
18633,8309,47,2,459.02,20.0
18634,8309,9,1,217.62,0.0
18635,8309,138,1,285.18,5.0
18636,8309,24,3,584.38,10.0
18637,8310,18,2,818.1,10.0
18638,8311,120,1,983.93,0.0
18639,8311,22,1,457.79,0.0
18640,8311,23,1,236.54,0.0
18641,8311,40,1,520.37,5.0
18642,8312,87,1,812.54,15.0
18643,8312,33,1,947.92,0.0
18644,8312,49,2,1020.52,0.0
18645,8312,41,1,176.54,0.0
18646,8313,141,2,991.87,0.0
18647,8314,22,1,457.79,0.0
18648,8314,36,3,72.7,0.0
18649,8315,30,1,658.15,0.0
18650,8315,20,2,339.73,0.0
18651,8315,229,1,54.7,0.0
18652,8316,16,1,973.78,10.0
18653,8316,217,1,308.65,0.0
18654,8316,50,2,994.53,0.0
18655,8316,34,1,43.21,0.0
18656,8317,51,1,774.23,0.0
18657,8318,29,1,981.65,15.0
18658,8318,21,3,851.91,0.0
18659,8318,12,3,677.11,0.0
18660,8318,108,1,306.47,0.0
18661,8319,6,4,34.19,0.0
18662,8319,14,2,149.0,0.0
18663,8319,40,1,520.37,0.0
18664,8320,27,1,287.02,20.0
18665,8321,16,1,973.78,0.0
18666,8322,3,1,557.91,20.0
18667,8323,41,2,176.54,10.0
18668,8323,50,2,994.53,0.0
18669,8323,166,1,881.42,0.0
18670,8324,186,2,919.63,0.0
18671,8325,29,1,981.65,0.0
18672,8325,10,1,132.89,0.0
18673,8325,44,2,930.25,0.0
18674,8325,43,3,935.97,5.0
18675,8325,36,2,72.7,0.0
18676,8326,6,2,34.19,0.0
18677,8326,102,1,352.97,0.0
18678,8326,23,1,236.54,0.0
18679,8326,129,1,44.87,0.0
18680,8327,16,1,973.78,0.0
18681,8328,20,2,339.73,20.0
18682,8328,51,1,774.23,5.0
18683,8328,38,3,1016.34,0.0
18684,8329,44,3,930.25,0.0
18685,8329,17,1,173.9,0.0
18686,8330,158,1,334.84,0.0
18687,8331,25,1,631.62,0.0
18688,8331,9,3,217.62,0.0
18689,8332,38,2,1016.34,0.0
18690,8333,49,1,1020.52,0.0
18691,8333,91,1,291.37,5.0
18692,8334,38,1,1016.34,0.0
18693,8334,7,2,62.52,0.0
18694,8334,178,1,512.5,0.0
18695,8335,178,1,512.5,0.0
18696,8335,16,1,973.78,0.0
18697,8335,11,1,202.6,0.0
18698,8336,49,1,1020.52,10.0
18699,8336,32,1,320.79,20.0
18700,8337,42,1,880.29,0.0
18701,8337,18,1,818.1,0.0
18702,8338,32,1,320.79,0.0
18703,8339,32,1,320.79,0.0
18704,8340,27,1,287.02,0.0
18705,8340,15,1,255.83,0.0
18706,8340,24,1,584.38,0.0
18707,8340,13,1,800.5,0.0
18708,8340,40,1,520.37,0.0
18709,8341,106,1,65.61,5.0
18710,8342,6,1,34.19,10.0
18711,8342,39,2,758.76,0.0
18712,8342,41,2,176.54,20.0
18713,8343,29,1,981.65,0.0
18714,8343,38,1,1016.34,5.0
18715,8343,235,2,180.69,0.0
18716,8343,32,1,320.79,0.0
18717,8343,256,1,83.37,0.0
18718,8344,1,1,643.08,0.0
18719,8344,25,2,631.62,10.0
18720,8345,11,1,202.6,15.0
18721,8345,18,1,818.1,5.0
18722,8346,37,1,1009.52,0.0
18723,8346,12,1,677.11,0.0
18724,8347,23,1,236.54,0.0
18725,8347,161,2,417.52,0.0
18726,8348,14,1,149.0,0.0
18727,8348,7,1,62.52,0.0
18728,8348,31,1,185.47,0.0
18729,8348,41,1,176.54,0.0
18730,8349,23,2,236.54,0.0
18731,8349,257,1,118.54,0.0
18732,8349,42,1,880.29,0.0
18733,8349,3,2,557.91,0.0
18734,8350,18,3,818.1,5.0
18735,8350,52,2,994.18,0.0
18736,8350,22,2,457.79,0.0
18737,8351,40,1,520.37,0.0
18738,8352,52,1,994.18,0.0
18739,8353,26,2,204.87,0.0
18740,8354,38,1,1016.34,10.0
18741,8355,236,2,384.32,10.0
18742,8356,36,1,72.7,0.0
18743,8356,26,1,204.87,0.0
18744,8356,8,2,542.39,0.0
18745,8357,42,2,880.29,0.0
18746,8357,1,1,643.08,10.0
18747,8358,14,3,149.0,0.0
18748,8358,28,1,662.55,0.0
18749,8358,31,1,185.47,0.0
18750,8359,30,1,658.15,0.0
18751,8359,10,2,132.89,0.0
18752,8360,12,1,677.11,0.0
18753,8360,42,1,880.29,0.0
18754,8360,20,2,339.73,0.0
18755,8361,20,1,339.73,0.0
18756,8361,9,3,217.62,0.0
18757,8362,41,1,176.54,5.0
18758,8362,30,2,658.15,0.0
18759,8362,29,3,981.65,0.0
18760,8362,27,1,287.02,0.0
18761,8363,28,1,662.55,0.0
18762,8363,43,1,935.97,10.0
18763,8363,2,1,394.13,0.0
18764,8364,3,1,557.91,0.0
18765,8364,34,2,43.21,0.0
18766,8364,5,2,597.45,0.0
18767,8365,26,4,204.87,5.0
18768,8365,165,1,882.32,0.0
18769,8365,15,3,255.83,0.0
18770,8366,44,1,930.25,0.0
18771,8366,46,1,854.22,10.0
18772,8367,198,1,904.38,0.0
18773,8368,7,3,62.52,0.0
18774,8368,44,2,930.25,0.0
18775,8368,33,1,947.92,0.0
18776,8369,41,1,176.54,0.0
18777,8369,46,5,854.22,0.0
18778,8370,115,2,625.25,0.0
18779,8370,93,1,626.68,0.0
18780,8371,11,1,202.6,0.0
18781,8371,46,1,854.22,0.0
18782,8371,10,3,132.89,0.0
18783,8372,35,1,633.08,0.0
18784,8373,9,1,217.62,0.0
18785,8373,15,3,255.83,0.0
18786,8373,16,3,973.78,0.0
18787,8374,34,1,43.21,10.0
18788,8375,221,4,294.07,10.0
18789,8375,12,1,677.11,0.0
18790,8375,50,1,994.53,0.0
18791,8376,50,2,994.53,10.0
18792,8376,22,1,457.79,0.0
18793,8377,21,1,851.91,0.0
18794,8377,32,1,320.79,0.0
18795,8377,27,1,287.02,5.0
18796,8377,30,2,658.15,10.0
18797,8378,7,2,62.52,0.0
18798,8378,17,1,173.9,0.0
18799,8378,78,4,1047.68,0.0
18800,8379,7,2,62.52,10.0
18801,8380,15,1,255.83,20.0
18802,8380,4,3,583.61,0.0
18803,8381,15,1,255.83,5.0
18804,8381,141,2,991.87,5.0
18805,8381,6,2,34.19,0.0
18806,8382,11,1,202.6,0.0
18807,8383,236,3,384.32,10.0
18808,8383,104,3,613.34,20.0
18809,8383,8,2,542.39,0.0
18810,8383,192,2,282.66,5.0
18811,8384,28,1,662.55,0.0
18812,8384,153,1,378.51,10.0
18813,8384,13,1,800.5,0.0
18814,8385,51,2,774.23,0.0
18815,8385,240,1,81.35,0.0
18816,8385,46,1,854.22,5.0
18817,8385,24,2,584.38,0.0
18818,8385,27,2,287.02,0.0
18819,8386,39,1,758.76,5.0
18820,8386,3,1,557.91,0.0
18821,8387,125,2,128.01,10.0
18822,8387,23,1,236.54,10.0
18823,8387,34,1,43.21,15.0
18824,8387,46,1,854.22,10.0
18825,8388,37,1,1009.52,0.0
18826,8388,44,1,930.25,0.0
18827,8388,3,2,557.91,0.0
18828,8389,7,2,62.52,10.0
18829,8389,20,1,339.73,0.0
18830,8390,18,1,818.1,5.0
18831,8391,191,1,733.3,15.0
18832,8391,44,3,930.25,0.0
18833,8392,47,2,459.02,0.0
18834,8392,50,1,994.53,0.0
18835,8393,7,1,62.52,0.0
18836,8394,17,1,173.9,0.0
18837,8395,20,2,339.73,0.0
18838,8396,51,1,774.23,0.0
18839,8396,33,1,947.92,0.0
18840,8397,16,1,973.78,5.0
18841,8397,17,1,173.9,20.0
18842,8397,51,1,774.23,15.0
18843,8398,47,1,459.02,5.0
18844,8398,44,1,930.25,10.0
18845,8398,32,1,320.79,0.0
18846,8398,15,1,255.83,10.0
18847,8398,129,3,44.87,0.0
18848,8399,51,1,774.23,0.0
18849,8399,49,2,1020.52,0.0
18850,8399,33,1,947.92,0.0
18851,8400,43,3,935.97,5.0
18852,8400,2,1,394.13,0.0
18853,8400,42,1,880.29,5.0
18854,8400,37,1,1009.52,0.0
18855,8400,31,1,185.47,0.0
18856,8401,35,1,633.08,0.0
18857,8401,31,3,185.47,5.0
18858,8401,22,1,457.79,0.0
18859,8402,41,1,176.54,10.0
18860,8402,13,3,800.5,0.0
18861,8403,40,1,520.37,0.0
18862,8403,32,2,320.79,5.0
18863,8403,10,1,132.89,0.0
18864,8404,7,2,62.52,10.0
18865,8404,31,2,185.47,0.0
18866,8405,31,1,185.47,0.0
18867,8405,27,2,287.02,0.0
18868,8406,120,2,983.93,5.0
18869,8406,14,2,149.0,10.0
18870,8406,28,1,662.55,20.0
18871,8407,11,1,202.6,0.0
18872,8407,13,2,800.5,0.0
18873,8407,127,1,711.21,0.0
18874,8408,45,1,456.92,10.0
18875,8409,169,2,863.12,0.0
18876,8409,59,1,251.22,0.0
18877,8410,23,1,236.54,15.0
18878,8410,2,1,394.13,0.0
18879,8410,183,2,473.71,10.0
18880,8411,33,2,947.92,0.0
18881,8411,47,1,459.02,0.0
18882,8411,123,1,272.6,0.0
18883,8411,186,2,919.63,0.0
18884,8411,6,1,34.19,0.0
18885,8412,5,1,597.45,0.0
18886,8412,21,1,851.91,0.0
18887,8413,5,1,597.45,15.0
18888,8413,25,1,631.62,0.0
18889,8413,1,1,643.08,5.0
18890,8414,3,1,557.91,0.0
18891,8414,31,1,185.47,10.0
18892,8414,11,1,202.6,0.0
18893,8415,5,1,597.45,10.0
18894,8415,16,2,973.78,10.0
18895,8416,17,2,173.9,0.0
18896,8416,5,2,597.45,0.0
18897,8417,67,4,808.59,0.0
18898,8418,50,1,994.53,10.0
18899,8418,94,1,914.43,0.0
18900,8418,40,3,520.37,0.0
18901,8419,31,3,185.47,0.0
18902,8419,30,1,658.15,0.0
18903,8420,86,1,1193.28,0.0
18904,8420,35,1,633.08,0.0
18905,8420,38,2,1016.34,5.0
18906,8421,9,1,217.62,0.0
18907,8422,13,1,800.5,0.0
18908,8422,25,1,631.62,0.0
18909,8423,27,1,287.02,10.0
18910,8423,25,1,631.62,0.0
18911,8424,37,2,1009.52,0.0
18912,8424,107,1,933.7,20.0
18913,8425,44,3,930.25,0.0
18914,8425,35,1,633.08,0.0
18915,8426,50,1,994.53,15.0
18916,8426,34,3,43.21,0.0
18917,8427,11,1,202.6,0.0
18918,8427,40,2,520.37,0.0
18919,8427,46,4,854.22,0.0
18920,8428,6,3,34.19,5.0
18921,8429,14,1,149.0,10.0
18922,8429,15,1,255.83,20.0
18923,8430,14,1,149.0,0.0
18924,8430,3,2,557.91,10.0
18925,8430,8,1,542.39,0.0
18926,8430,15,2,255.83,0.0
18927,8430,4,1,583.61,0.0
18928,8431,120,3,983.93,0.0
18929,8431,52,1,994.18,10.0
18930,8431,24,2,584.38,0.0
18931,8432,36,1,72.7,15.0
18932,8432,8,1,542.39,0.0
18933,8432,46,1,854.22,20.0
18934,8432,38,1,1016.34,0.0
18935,8433,13,2,800.5,20.0
18936,8433,75,1,448.57,5.0
18937,8434,159,3,220.27,5.0
18938,8435,21,1,851.91,15.0
18939,8435,35,2,633.08,0.0
18940,8436,16,2,973.78,15.0
18941,8437,41,4,176.54,0.0
18942,8438,43,2,935.97,0.0
18943,8438,11,3,202.6,10.0
18944,8439,18,2,818.1,10.0
18945,8439,113,1,1162.63,0.0
18946,8439,43,1,935.97,0.0
18947,8439,4,1,583.61,0.0
18948,8440,91,2,291.37,5.0
18949,8441,6,1,34.19,5.0
18950,8442,165,2,882.32,0.0
18951,8443,44,1,930.25,0.0
18952,8443,27,1,287.02,0.0
18953,8443,66,1,361.37,0.0
18954,8443,231,3,765.07,0.0
18955,8443,21,1,851.91,5.0
18956,8444,33,2,947.92,0.0
18957,8444,14,1,149.0,0.0
18958,8445,181,1,115.49,0.0
18959,8445,21,3,851.91,0.0
18960,8446,52,1,994.18,0.0
18961,8446,11,4,202.6,0.0
18962,8446,30,1,658.15,0.0
18963,8446,5,2,597.45,5.0
18964,8446,40,1,520.37,0.0
18965,8447,80,1,275.45,5.0
18966,8448,18,1,818.1,0.0
18967,8448,223,1,389.43,0.0
18968,8449,39,1,758.76,10.0
18969,8449,21,1,851.91,15.0
18970,8449,179,1,990.0,5.0
18971,8449,32,1,320.79,20.0
18972,8450,51,2,774.23,0.0
18973,8450,17,1,173.9,0.0
18974,8451,141,1,991.87,0.0
18975,8451,18,1,818.1,0.0
18976,8451,114,2,279.33,0.0
18977,8452,50,4,994.53,0.0
18978,8452,25,1,631.62,0.0
18979,8452,3,1,557.91,0.0
18980,8452,24,1,584.38,0.0
18981,8453,142,2,89.71,15.0
18982,8453,9,3,217.62,0.0
18983,8453,39,1,758.76,0.0
18984,8454,26,1,204.87,0.0
18985,8454,37,2,1009.52,0.0
18986,8454,28,1,662.55,0.0
18987,8454,35,5,633.08,0.0
18988,8454,32,1,320.79,5.0
18989,8455,38,2,1016.34,0.0
18990,8455,52,1,994.18,15.0
18991,8455,20,2,339.73,5.0
18992,8456,33,1,947.92,0.0
18993,8457,2,1,394.13,0.0
18994,8457,26,1,204.87,15.0
18995,8457,24,2,584.38,0.0
18996,8457,1,1,643.08,20.0
18997,8458,21,1,851.91,0.0
18998,8458,22,1,457.79,5.0
18999,8459,33,1,947.92,0.0
19000,8460,244,1,902.38,5.0
19001,8460,8,2,542.39,0.0
19002,8461,46,3,854.22,5.0
19003,8461,34,1,43.21,0.0
19004,8462,24,1,584.38,0.0
19005,8462,41,1,176.54,0.0
19006,8463,211,2,1092.93,0.0
19007,8464,23,1,236.54,0.0
19008,8465,38,2,1016.34,0.0
19009,8465,48,2,358.48,0.0
19010,8465,49,1,1020.52,15.0
19011,8466,9,1,217.62,0.0
19012,8467,36,2,72.7,15.0
19013,8467,43,2,935.97,0.0
19014,8467,9,2,217.62,0.0
19015,8467,32,1,320.79,15.0
19016,8467,19,2,604.84,0.0
19017,8468,4,2,583.61,5.0
19018,8468,19,1,604.84,0.0
19019,8468,164,2,211.12,0.0
19020,8469,33,1,947.92,0.0
19021,8469,17,1,173.9,15.0
19022,8469,73,1,831.13,0.0
19023,8470,217,1,308.65,15.0
19024,8470,30,2,658.15,0.0
19025,8471,155,1,438.96,10.0
19026,8471,39,1,758.76,0.0
19027,8472,28,2,662.55,0.0
19028,8472,39,1,758.76,0.0
19029,8473,69,2,819.14,0.0
19030,8473,50,1,994.53,10.0
19031,8473,20,2,339.73,0.0
19032,8473,225,1,785.87,0.0
19033,8473,14,3,149.0,0.0
19034,8474,50,1,994.53,15.0
19035,8474,51,3,774.23,0.0
19036,8474,42,1,880.29,5.0
19037,8475,25,1,631.62,0.0
19038,8476,1,1,643.08,0.0
19039,8476,24,3,584.38,0.0
19040,8476,89,1,568.71,0.0
19041,8476,21,1,851.91,5.0
19042,8476,42,1,880.29,0.0
19043,8477,71,2,682.59,0.0
19044,8477,91,1,291.37,0.0
19045,8478,41,2,176.54,0.0
19046,8479,45,2,456.92,0.0
19047,8480,10,1,132.89,0.0
19048,8481,52,1,994.18,0.0
19049,8482,43,1,935.97,0.0
19050,8483,29,1,981.65,0.0
19051,8483,9,2,217.62,0.0
19052,8484,114,3,279.33,0.0
19053,8484,18,1,818.1,0.0
19054,8484,24,3,584.38,0.0
19055,8485,27,2,287.02,0.0
19056,8485,47,1,459.02,15.0
19057,8486,242,4,1105.36,0.0
19058,8487,113,1,1162.63,5.0
19059,8487,52,1,994.18,0.0
19060,8488,17,1,173.9,0.0
19061,8488,42,4,880.29,0.0
19062,8488,50,4,994.53,0.0
19063,8489,33,3,947.92,0.0
19064,8490,15,3,255.83,0.0
19065,8491,8,1,542.39,0.0
19066,8492,3,1,557.91,0.0
19067,8492,17,1,173.9,0.0
19068,8493,21,2,851.91,10.0
19069,8493,25,2,631.62,5.0
19070,8493,44,2,930.25,0.0
19071,8493,6,1,34.19,0.0
19072,8494,30,1,658.15,10.0
19073,8494,8,2,542.39,0.0
19074,8495,220,1,850.53,0.0
19075,8495,28,1,662.55,0.0
19076,8496,46,1,854.22,0.0
19077,8496,33,1,947.92,10.0
19078,8497,7,1,62.52,0.0
19079,8498,47,1,459.02,0.0
19080,8499,51,2,774.23,0.0
19081,8499,50,1,994.53,0.0
19082,8500,1,1,643.08,0.0
19083,8500,24,1,584.38,0.0
19084,8500,22,2,457.79,0.0
19085,8500,127,1,711.21,0.0
19086,8500,39,2,758.76,0.0
19087,8501,43,3,935.97,10.0
19088,8502,39,1,758.76,0.0
19089,8502,11,1,202.6,0.0
19090,8503,36,1,72.7,0.0
19091,8503,41,2,176.54,0.0
19092,8504,106,3,65.61,0.0
19093,8504,218,1,658.32,0.0
19094,8505,14,1,149.0,5.0
19095,8505,50,3,994.53,0.0
19096,8505,258,2,563.1,5.0
19097,8505,147,1,490.87,10.0
19098,8506,45,2,456.92,0.0
19099,8506,13,2,800.5,5.0
19100,8507,219,1,503.95,0.0
19101,8508,86,1,1193.28,0.0
19102,8509,8,1,542.39,10.0
19103,8510,9,1,217.62,0.0
19104,8510,49,2,1020.52,0.0
19105,8510,30,2,658.15,0.0
19106,8511,99,1,255.18,0.0
19107,8512,21,1,851.91,0.0
19108,8512,27,1,287.02,0.0
19109,8513,217,4,308.65,0.0
19110,8513,43,1,935.97,0.0
19111,8514,12,3,677.11,0.0
19112,8515,18,2,818.1,5.0
19113,8515,28,1,662.55,15.0
19114,8516,30,1,658.15,0.0
19115,8516,49,1,1020.52,0.0
19116,8517,27,1,287.02,10.0
19117,8517,23,2,236.54,0.0
19118,8518,48,3,358.48,0.0
19119,8519,8,1,542.39,15.0
19120,8519,46,1,854.22,0.0
19121,8519,43,1,935.97,0.0
19122,8519,39,1,758.76,0.0
19123,8519,153,1,378.51,0.0
19124,8520,45,2,456.92,0.0
19125,8520,21,1,851.91,20.0
19126,8520,7,1,62.52,10.0
19127,8520,48,1,358.48,0.0
19128,8521,44,4,930.25,0.0
19129,8522,2,1,394.13,0.0
19130,8522,41,1,176.54,0.0
19131,8523,37,3,1009.52,0.0
19132,8523,20,2,339.73,0.0
19133,8524,207,1,991.04,20.0
19134,8525,6,3,34.19,0.0
19135,8525,7,1,62.52,10.0
19136,8525,36,2,72.7,0.0
19137,8526,30,1,658.15,0.0
19138,8527,33,1,947.92,0.0
19139,8528,42,1,880.29,0.0
19140,8529,43,1,935.97,0.0
19141,8530,45,2,456.92,0.0
19142,8530,5,1,597.45,0.0
19143,8531,38,1,1016.34,5.0
19144,8532,21,3,851.91,5.0
19145,8533,31,1,185.47,0.0
19146,8533,22,1,457.79,0.0
19147,8533,186,1,919.63,5.0
19148,8533,6,1,34.19,5.0
19149,8533,41,1,176.54,0.0
19150,8534,29,1,981.65,0.0
19151,8534,22,2,457.79,20.0
19152,8535,47,2,459.02,0.0
19153,8535,3,3,557.91,5.0
19154,8535,223,2,389.43,0.0
19155,8536,27,1,287.02,0.0
19156,8537,1,1,643.08,0.0
19157,8537,35,2,633.08,0.0
19158,8537,8,3,542.39,0.0
19159,8538,44,2,930.25,10.0
19160,8538,32,1,320.79,10.0
19161,8539,40,1,520.37,0.0
19162,8539,129,1,44.87,0.0
19163,8540,2,2,394.13,0.0
19164,8541,49,3,1020.52,15.0
19165,8541,157,1,388.76,0.0
19166,8542,13,4,800.5,0.0
19167,8543,44,1,930.25,15.0
19168,8543,176,1,576.9,15.0
19169,8543,14,1,149.0,0.0
19170,8543,51,1,774.23,20.0
19171,8543,22,1,457.79,0.0
19172,8544,5,1,597.45,15.0
19173,8544,1,1,643.08,0.0
19174,8544,193,1,948.3,10.0
19175,8545,24,2,584.38,0.0
19176,8545,204,1,504.77,0.0
19177,8545,10,1,132.89,10.0
19178,8545,40,1,520.37,10.0
19179,8546,50,1,994.53,0.0
19180,8547,43,1,935.97,0.0
19181,8547,6,1,34.19,0.0
19182,8547,20,3,339.73,10.0
19183,8548,14,1,149.0,0.0
19184,8548,15,2,255.83,0.0
19185,8548,106,3,65.61,0.0
19186,8548,42,2,880.29,0.0
19187,8548,37,1,1009.52,0.0
19188,8549,9,1,217.62,0.0
19189,8549,6,1,34.19,0.0
19190,8550,49,2,1020.52,0.0
19191,8551,43,3,935.97,10.0
19192,8551,31,1,185.47,0.0
19193,8552,22,1,457.79,0.0
19194,8552,249,5,229.0,0.0
19195,8553,30,5,658.15,0.0
19196,8554,84,2,564.13,0.0
19197,8554,10,1,132.89,0.0
19198,8555,36,1,72.7,10.0
19199,8555,18,1,818.1,10.0
19200,8556,20,1,339.73,10.0
19201,8557,31,1,185.47,10.0
19202,8557,4,5,583.61,0.0
19203,8557,6,1,34.19,20.0
19204,8558,28,1,662.55,0.0
19205,8559,2,1,394.13,0.0
19206,8559,26,1,204.87,0.0
19207,8560,2,1,394.13,0.0
19208,8560,49,1,1020.52,0.0
19209,8560,3,1,557.91,0.0
19210,8560,17,3,173.9,0.0
19211,8561,48,2,358.48,0.0
19212,8562,52,2,994.18,0.0
19213,8562,70,1,532.42,0.0
19214,8563,50,1,994.53,0.0
19215,8563,161,1,417.52,20.0
19216,8564,33,1,947.92,20.0
19217,8564,31,3,185.47,10.0
19218,8564,195,3,549.52,0.0
19219,8565,10,1,132.89,0.0
19220,8565,245,1,396.55,0.0
19221,8565,112,2,1017.21,0.0
19222,8565,22,1,457.79,0.0
19223,8565,44,1,930.25,0.0
19224,8566,173,2,665.55,5.0
19225,8566,31,1,185.47,10.0
19226,8566,35,2,633.08,0.0
19227,8566,34,1,43.21,0.0
19228,8566,6,1,34.19,5.0
19229,8567,29,1,981.65,5.0
19230,8567,33,1,947.92,0.0
19231,8568,52,1,994.18,0.0
19232,8569,32,1,320.79,0.0
19233,8569,23,2,236.54,0.0
19234,8570,10,1,132.89,0.0
19235,8570,13,1,800.5,0.0
19236,8570,47,1,459.02,5.0
19237,8571,19,1,604.84,5.0
19238,8572,190,1,998.17,5.0
19239,8572,40,1,520.37,0.0
19240,8573,44,1,930.25,0.0
19241,8573,8,1,542.39,10.0
19242,8573,17,1,173.9,0.0
19243,8573,27,2,287.02,0.0
19244,8574,50,2,994.53,0.0
19245,8574,14,2,149.0,0.0
19246,8575,25,2,631.62,15.0
19247,8575,6,1,34.19,0.0
19248,8575,3,4,557.91,0.0
19249,8575,42,1,880.29,5.0
19250,8575,33,1,947.92,0.0
19251,8576,187,1,215.12,0.0
19252,8576,3,1,557.91,0.0
19253,8576,36,1,72.7,15.0
19254,8576,33,1,947.92,5.0
19255,8576,32,2,320.79,5.0
19256,8577,176,1,576.9,0.0
19257,8578,35,2,633.08,0.0
19258,8578,1,2,643.08,5.0
19259,8579,5,1,597.45,0.0
19260,8579,63,1,958.03,0.0
19261,8580,45,3,456.92,0.0
19262,8580,24,1,584.38,5.0
19263,8580,99,2,255.18,0.0
19264,8581,77,1,561.47,0.0
19265,8581,7,1,62.52,0.0
19266,8581,120,1,983.93,0.0
19267,8581,36,1,72.7,5.0
19268,8581,19,3,604.84,0.0
19269,8582,35,1,633.08,15.0
19270,8582,3,1,557.91,0.0
19271,8582,1,3,643.08,0.0
19272,8583,214,3,836.23,5.0
19273,8583,13,1,800.5,0.0
19274,8583,48,1,358.48,10.0
19275,8584,41,2,176.54,10.0
19276,8584,30,1,658.15,0.0
19277,8585,16,2,973.78,0.0
19278,8585,35,3,633.08,0.0
19279,8585,230,1,948.25,20.0
19280,8585,50,1,994.53,5.0
19281,8586,175,1,628.11,0.0
19282,8586,10,1,132.89,5.0
19283,8586,46,3,854.22,0.0
19284,8586,37,1,1009.52,0.0
19285,8587,47,1,459.02,0.0
19286,8587,162,2,82.72,5.0
19287,8588,45,1,456.92,5.0
19288,8589,240,4,81.35,10.0
19289,8589,38,1,1016.34,15.0
19290,8590,23,2,236.54,0.0
19291,8591,30,1,658.15,0.0
19292,8592,20,1,339.73,0.0
19293,8592,28,1,662.55,0.0
19294,8593,82,2,1090.89,0.0
19295,8593,89,2,568.71,0.0
19296,8594,52,1,994.18,0.0
19297,8594,18,1,818.1,0.0
19298,8595,8,3,542.39,0.0
19299,8595,11,1,202.6,0.0
19300,8595,10,1,132.89,0.0
19301,8595,230,4,948.25,10.0
19302,8595,79,1,861.19,0.0
19303,8596,41,1,176.54,15.0
19304,8597,29,1,981.65,0.0
19305,8597,202,1,427.54,0.0
19306,8598,2,1,394.13,0.0
19307,8598,39,2,758.76,0.0
19308,8599,32,1,320.79,5.0
19309,8600,151,1,662.95,10.0
19310,8600,6,4,34.19,20.0
19311,8600,240,2,81.35,0.0
19312,8600,35,2,633.08,15.0
19313,8601,40,2,520.37,10.0
19314,8601,1,1,643.08,0.0
19315,8602,27,1,287.02,0.0
19316,8602,130,2,625.15,10.0
19317,8603,18,2,818.1,5.0
19318,8603,44,2,930.25,0.0
19319,8604,48,1,358.48,20.0
19320,8604,252,1,686.58,0.0
19321,8605,214,1,836.23,0.0
19322,8605,23,3,236.54,5.0
19323,8606,7,1,62.52,0.0
19324,8606,21,2,851.91,0.0
19325,8607,22,2,457.79,5.0
19326,8608,20,2,339.73,20.0
19327,8608,12,1,677.11,0.0
19328,8608,215,1,429.74,0.0
19329,8609,9,1,217.62,0.0
19330,8609,48,3,358.48,0.0
19331,8609,27,1,287.02,0.0
19332,8609,39,1,758.76,5.0
19333,8609,25,1,631.62,0.0
19334,8610,26,1,204.87,0.0
19335,8611,20,1,339.73,5.0
19336,8611,52,1,994.18,0.0
19337,8611,15,1,255.83,0.0
19338,8611,44,1,930.25,0.0
19339,8611,33,1,947.92,15.0
19340,8612,46,1,854.22,0.0
19341,8613,10,2,132.89,0.0
19342,8613,19,2,604.84,0.0
19343,8614,121,2,223.46,0.0
19344,8614,36,1,72.7,5.0
19345,8614,143,2,435.68,0.0
19346,8614,13,4,800.5,0.0
19347,8614,110,2,600.49,0.0
19348,8615,19,1,604.84,0.0
19349,8616,95,1,179.64,0.0
19350,8616,11,1,202.6,0.0
19351,8617,30,1,658.15,0.0
19352,8617,23,1,236.54,5.0
19353,8618,6,2,34.19,0.0
19354,8618,1,4,643.08,0.0
19355,8619,14,1,149.0,15.0
19356,8619,132,2,758.96,0.0
19357,8620,20,1,339.73,0.0
19358,8620,4,1,583.61,0.0
19359,8620,47,1,459.02,0.0
19360,8620,26,1,204.87,0.0
19361,8620,104,1,613.34,0.0
19362,8621,92,1,549.63,0.0
19363,8621,22,1,457.79,5.0
19364,8621,36,1,72.7,0.0
19365,8621,253,3,352.37,5.0
19366,8621,26,1,204.87,0.0
19367,8622,38,2,1016.34,0.0
19368,8622,9,1,217.62,0.0
19369,8622,3,2,557.91,0.0
19370,8622,52,1,994.18,0.0
19371,8623,248,1,249.31,0.0
19372,8623,6,1,34.19,0.0
19373,8623,15,2,255.83,20.0
19374,8624,41,1,176.54,0.0
19375,8624,50,1,994.53,0.0
19376,8624,19,1,604.84,0.0
19377,8625,42,2,880.29,0.0
19378,8626,179,1,990.0,0.0
19379,8626,13,1,800.5,10.0
19380,8627,8,2,542.39,0.0
19381,8628,6,1,34.19,0.0
19382,8628,42,1,880.29,0.0
19383,8629,9,1,217.62,15.0
19384,8629,35,1,633.08,0.0
19385,8629,36,1,72.7,0.0
19386,8630,87,1,812.54,15.0
19387,8630,5,1,597.45,5.0
19388,8630,183,1,473.71,5.0
19389,8631,47,1,459.02,15.0
19390,8632,77,1,561.47,5.0
19391,8632,45,4,456.92,10.0
19392,8633,8,4,542.39,0.0
19393,8634,5,2,597.45,0.0
19394,8635,10,1,132.89,10.0
19395,8635,18,1,818.1,0.0
19396,8636,4,1,583.61,0.0
19397,8636,20,3,339.73,0.0
19398,8636,43,2,935.97,5.0
19399,8636,54,1,21.31,0.0
19400,8637,5,2,597.45,15.0
19401,8638,15,1,255.83,0.0
19402,8638,33,1,947.92,10.0
19403,8639,47,2,459.02,0.0
19404,8639,34,1,43.21,0.0
19405,8639,213,1,50.55,10.0
19406,8639,40,2,520.37,0.0
19407,8639,25,1,631.62,5.0
19408,8640,40,2,520.37,0.0
19409,8640,64,2,586.27,5.0
19410,8641,28,3,662.55,5.0
19411,8641,15,2,255.83,0.0
19412,8641,11,1,202.6,0.0
19413,8642,32,2,320.79,0.0
19414,8643,51,1,774.23,0.0
19415,8644,152,1,1071.23,0.0
19416,8644,34,1,43.21,0.0
19417,8644,35,2,633.08,5.0
19418,8645,9,1,217.62,15.0
19419,8645,5,2,597.45,0.0
19420,8645,28,1,662.55,10.0
19421,8646,5,2,597.45,0.0
19422,8646,19,3,604.84,0.0
19423,8646,26,3,204.87,20.0
19424,8646,149,1,668.87,0.0
19425,8646,33,1,947.92,20.0
19426,8647,17,1,173.9,0.0
19427,8648,141,1,991.87,0.0
19428,8648,21,1,851.91,15.0
19429,8648,107,3,933.7,10.0
19430,8648,14,1,149.0,0.0
19431,8648,5,1,597.45,10.0
19432,8649,244,2,902.38,5.0
19433,8649,49,2,1020.52,0.0
19434,8649,127,2,711.21,20.0
19435,8650,23,1,236.54,0.0
19436,8650,40,1,520.37,0.0
19437,8651,43,1,935.97,0.0
19438,8652,34,1,43.21,5.0
19439,8652,20,2,339.73,20.0
19440,8652,41,1,176.54,0.0
19441,8653,51,4,774.23,10.0
19442,8653,36,4,72.7,0.0
19443,8653,20,1,339.73,0.0
19444,8653,8,1,542.39,0.0
19445,8653,58,1,473.18,0.0
19446,8654,29,1,981.65,0.0
19447,8654,49,2,1020.52,0.0
19448,8655,8,1,542.39,5.0
19449,8655,10,3,132.89,0.0
19450,8656,19,1,604.84,0.0
19451,8656,40,3,520.37,0.0
19452,8657,43,1,935.97,0.0
19453,8658,35,2,633.08,0.0
19454,8659,38,5,1016.34,10.0
19455,8659,33,1,947.92,0.0
19456,8659,47,3,459.02,0.0
19457,8659,50,1,994.53,0.0
19458,8659,44,2,930.25,0.0
19459,8660,15,3,255.83,15.0
19460,8660,4,2,583.61,5.0
19461,8661,5,5,597.45,0.0
19462,8661,115,1,625.25,15.0
19463,8661,203,1,131.33,0.0
19464,8661,4,1,583.61,0.0
19465,8661,12,2,677.11,20.0
19466,8662,18,1,818.1,5.0
19467,8663,3,1,557.91,0.0
19468,8663,43,2,935.97,0.0
19469,8663,21,1,851.91,0.0
19470,8664,36,1,72.7,0.0
19471,8664,10,2,132.89,0.0
19472,8664,45,1,456.92,5.0
19473,8664,43,1,935.97,0.0
19474,8664,24,2,584.38,0.0
19475,8665,11,2,202.6,10.0
19476,8665,43,1,935.97,0.0
19477,8666,12,1,677.11,10.0
19478,8666,52,3,994.18,0.0
19479,8666,4,1,583.61,0.0
19480,8667,69,1,819.14,0.0
19481,8667,179,3,990.0,10.0
19482,8667,18,3,818.1,0.0
19483,8668,25,3,631.62,10.0
19484,8668,18,2,818.1,0.0
19485,8668,7,3,62.52,0.0
19486,8669,108,1,306.47,0.0
19487,8670,30,2,658.15,0.0
19488,8670,42,3,880.29,0.0
19489,8671,28,2,662.55,5.0
19490,8671,5,1,597.45,0.0
19491,8672,174,1,911.18,0.0
19492,8673,35,3,633.08,10.0
19493,8674,196,1,925.9,0.0
19494,8675,14,1,149.0,5.0
19495,8675,11,1,202.6,0.0
19496,8675,51,1,774.23,20.0
19497,8675,6,1,34.19,0.0
19498,8676,179,1,990.0,0.0
19499,8676,3,2,557.91,5.0
19500,8676,16,1,973.78,20.0
19501,8676,105,1,888.35,5.0
19502,8677,15,1,255.83,0.0
19503,8677,12,1,677.11,5.0
19504,8678,18,3,818.1,0.0
19505,8678,23,1,236.54,20.0
19506,8678,11,1,202.6,0.0
19507,8678,32,1,320.79,0.0
19508,8678,40,1,520.37,0.0
19509,8679,150,2,196.9,0.0
19510,8679,24,1,584.38,15.0
19511,8680,47,1,459.02,0.0
19512,8681,4,1,583.61,0.0
19513,8681,12,1,677.11,0.0
19514,8682,187,2,215.12,0.0
19515,8682,21,2,851.91,10.0
19516,8682,25,2,631.62,0.0
19517,8683,86,1,1193.28,0.0
19518,8683,14,1,149.0,0.0
19519,8683,8,1,542.39,0.0
19520,8683,44,1,930.25,20.0
19521,8684,22,1,457.79,10.0
19522,8685,27,4,287.02,0.0
19523,8685,4,1,583.61,0.0
19524,8685,38,1,1016.34,0.0
19525,8686,28,2,662.55,0.0
19526,8687,31,2,185.47,15.0
19527,8687,236,2,384.32,5.0
19528,8687,49,1,1020.52,10.0
19529,8687,51,1,774.23,0.0
19530,8688,232,1,968.09,0.0
19531,8689,26,1,204.87,0.0
19532,8689,21,4,851.91,0.0
19533,8689,18,1,818.1,0.0
19534,8689,106,1,65.61,0.0
19535,8690,6,1,34.19,0.0
19536,8690,251,1,395.15,5.0
19537,8691,222,1,752.95,0.0
19538,8692,23,2,236.54,0.0
19539,8692,8,4,542.39,0.0
19540,8692,192,1,282.66,0.0
19541,8693,49,2,1020.52,0.0
19542,8693,208,1,1182.18,0.0
19543,8693,30,1,658.15,0.0
19544,8693,157,1,388.76,0.0
19545,8694,227,1,342.68,5.0
19546,8694,22,1,457.79,0.0
19547,8694,120,1,983.93,0.0
19548,8695,27,1,287.02,10.0
19549,8695,12,2,677.11,0.0
19550,8695,22,1,457.79,5.0
19551,8695,18,1,818.1,0.0
19552,8696,38,3,1016.34,0.0
19553,8696,52,2,994.18,0.0
19554,8697,28,1,662.55,5.0
19555,8697,27,1,287.02,0.0
19556,8697,14,2,149.0,15.0
19557,8698,53,2,873.28,10.0
19558,8698,45,2,456.92,15.0
19559,8699,33,1,947.92,10.0
19560,8699,39,2,758.76,0.0
19561,8700,19,1,604.84,0.0
19562,8700,29,1,981.65,10.0
19563,8701,107,2,933.7,0.0
19564,8702,27,1,287.02,0.0
19565,8702,170,1,814.48,0.0
19566,8702,235,2,180.69,10.0
19567,8703,29,1,981.65,0.0
19568,8703,19,3,604.84,10.0
19569,8703,16,1,973.78,0.0
19570,8703,15,2,255.83,10.0
19571,8704,34,2,43.21,10.0
19572,8704,26,1,204.87,0.0
19573,8704,22,3,457.79,5.0
19574,8705,40,2,520.37,0.0
19575,8705,48,1,358.48,0.0
19576,8705,19,1,604.84,0.0
19577,8705,239,1,269.05,0.0
19578,8706,8,1,542.39,0.0
19579,8706,17,1,173.9,5.0
19580,8707,98,1,932.39,20.0
19581,8707,138,2,285.18,0.0
19582,8707,26,2,204.87,0.0
19583,8708,134,4,426.27,5.0
19584,8708,10,1,132.89,0.0
19585,8708,25,1,631.62,0.0
19586,8708,39,2,758.76,0.0
19587,8709,51,1,774.23,5.0
19588,8709,10,1,132.89,0.0
19589,8709,38,1,1016.34,0.0
19590,8709,40,1,520.37,0.0
19591,8710,33,1,947.92,20.0
19592,8710,6,4,34.19,0.0
19593,8711,37,1,1009.52,0.0
19594,8711,45,2,456.92,5.0
19595,8711,29,1,981.65,0.0
19596,8711,31,1,185.47,0.0
19597,8712,104,1,613.34,5.0
19598,8712,215,1,429.74,0.0
19599,8713,8,1,542.39,0.0
19600,8713,1,1,643.08,0.0
19601,8713,20,4,339.73,5.0
19602,8714,10,2,132.89,10.0
19603,8714,50,1,994.53,5.0
19604,8715,19,1,604.84,15.0
19605,8715,22,1,457.79,10.0
19606,8715,50,1,994.53,0.0
19607,8715,241,1,868.81,0.0
19608,8716,52,1,994.18,0.0
19609,8716,47,1,459.02,10.0
19610,8717,42,1,880.29,0.0
19611,8717,5,1,597.45,5.0
19612,8718,6,1,34.19,0.0
19613,8718,37,2,1009.52,0.0
19614,8718,24,1,584.38,0.0
19615,8718,29,1,981.65,10.0
19616,8719,24,1,584.38,10.0
19617,8719,20,1,339.73,0.0
19618,8720,23,1,236.54,0.0
19619,8720,19,1,604.84,0.0
19620,8721,9,1,217.62,0.0
19621,8721,28,1,662.55,5.0
19622,8722,31,1,185.47,10.0
19623,8722,49,1,1020.52,10.0
19624,8722,9,5,217.62,0.0
19625,8722,22,3,457.79,0.0
19626,8722,249,3,229.0,0.0
19627,8723,122,2,246.21,5.0
19628,8723,49,2,1020.52,5.0
19629,8723,39,1,758.76,0.0
19630,8724,20,2,339.73,5.0
19631,8725,196,2,925.9,10.0
19632,8725,156,2,410.55,0.0
19633,8726,14,1,149.0,0.0
19634,8726,12,1,677.11,0.0
19635,8727,234,2,670.43,10.0
19636,8728,8,2,542.39,0.0
19637,8728,48,1,358.48,0.0
19638,8728,29,1,981.65,10.0
19639,8728,41,1,176.54,0.0
19640,8729,123,1,272.6,0.0
19641,8729,249,1,229.0,0.0
19642,8729,30,1,658.15,0.0
19643,8729,12,3,677.11,15.0
19644,8730,20,1,339.73,0.0
19645,8730,3,1,557.91,0.0
19646,8731,28,1,662.55,0.0
19647,8732,18,3,818.1,0.0
19648,8733,41,1,176.54,0.0
19649,8733,24,3,584.38,0.0
19650,8734,164,1,211.12,0.0
19651,8734,26,2,204.87,0.0
19652,8734,37,4,1009.52,0.0
19653,8734,160,1,248.36,10.0
19654,8735,14,1,149.0,0.0
19655,8736,2,3,394.13,0.0
19656,8736,60,1,165.23,0.0
19657,8737,32,1,320.79,0.0
19658,8738,30,1,658.15,5.0
19659,8738,8,1,542.39,15.0
19660,8738,36,1,72.7,0.0
19661,8739,161,1,417.52,5.0
19662,8740,47,2,459.02,0.0
19663,8740,22,2,457.79,0.0
19664,8740,11,1,202.6,15.0
19665,8741,33,3,947.92,0.0
19666,8742,52,1,994.18,5.0
19667,8743,14,2,149.0,0.0
19668,8743,6,2,34.19,0.0
19669,8743,39,2,758.76,20.0
19670,8744,2,1,394.13,0.0
19671,8744,29,2,981.65,10.0
19672,8744,12,1,677.11,20.0
19673,8745,39,1,758.76,0.0
19674,8745,10,1,132.89,0.0
19675,8746,50,1,994.53,0.0
19676,8746,9,2,217.62,0.0
19677,8747,14,1,149.0,0.0
19678,8747,37,2,1009.52,0.0
19679,8748,6,1,34.19,0.0
19680,8749,21,3,851.91,0.0
19681,8749,178,1,512.5,10.0
19682,8750,251,2,395.15,15.0
19683,8750,15,1,255.83,0.0
19684,8751,26,1,204.87,0.0
19685,8751,32,1,320.79,0.0
19686,8751,235,2,180.69,0.0
19687,8752,2,3,394.13,0.0
19688,8752,30,1,658.15,0.0
19689,8752,1,3,643.08,0.0
19690,8753,30,1,658.15,10.0
19691,8753,17,1,173.9,5.0
19692,8754,3,1,557.91,5.0
19693,8754,47,2,459.02,10.0
19694,8755,38,1,1016.34,0.0
19695,8755,15,2,255.83,0.0
19696,8756,21,2,851.91,0.0
19697,8756,41,1,176.54,0.0
19698,8756,2,1,394.13,0.0
19699,8756,36,2,72.7,0.0
19700,8757,139,1,544.47,0.0
19701,8757,5,1,597.45,0.0
19702,8758,257,1,118.54,0.0
19703,8758,79,1,861.19,0.0
19704,8758,16,1,973.78,0.0
19705,8759,40,3,520.37,10.0
19706,8759,8,1,542.39,10.0
19707,8760,9,2,217.62,0.0
19708,8760,208,1,1182.18,0.0
19709,8761,224,2,402.49,15.0
19710,8761,30,1,658.15,0.0
19711,8762,15,1,255.83,10.0
19712,8763,51,1,774.23,0.0
19713,8764,14,2,149.0,5.0
19714,8764,16,1,973.78,0.0
19715,8765,11,1,202.6,0.0
19716,8765,23,1,236.54,0.0
19717,8765,165,1,882.32,0.0
19718,8766,22,5,457.79,15.0
19719,8766,4,2,583.61,0.0
19720,8767,46,1,854.22,10.0
19721,8767,36,1,72.7,5.0
19722,8767,18,1,818.1,0.0
19723,8768,36,3,72.7,0.0
19724,8769,34,1,43.21,0.0
19725,8769,3,1,557.91,0.0
19726,8769,58,1,473.18,5.0
19727,8770,46,3,854.22,0.0
19728,8770,178,3,512.5,0.0
19729,8771,109,2,663.14,0.0
19730,8771,33,1,947.92,10.0
19731,8772,2,2,394.13,0.0
19732,8773,38,1,1016.34,5.0
19733,8773,49,1,1020.52,0.0
19734,8773,135,1,277.82,0.0
19735,8774,25,2,631.62,0.0
19736,8775,48,5,358.48,20.0
19737,8776,1,1,643.08,0.0
19738,8776,18,1,818.1,10.0
19739,8776,20,2,339.73,0.0
19740,8777,47,1,459.02,0.0
19741,8777,1,1,643.08,0.0
19742,8778,119,1,891.47,0.0
19743,8778,28,1,662.55,0.0
19744,8778,52,1,994.18,5.0
19745,8779,17,1,173.9,0.0
19746,8780,16,2,973.78,0.0
19747,8781,31,1,185.47,0.0
19748,8781,14,1,149.0,0.0
19749,8782,46,1,854.22,0.0
19750,8783,22,1,457.79,0.0
19751,8784,127,1,711.21,0.0
19752,8784,37,1,1009.52,0.0
19753,8784,47,1,459.02,0.0
19754,8784,50,2,994.53,0.0
19755,8785,8,4,542.39,5.0
19756,8785,4,1,583.61,0.0
19757,8785,30,2,658.15,0.0
19758,8786,23,2,236.54,0.0
19759,8786,29,1,981.65,5.0
19760,8786,27,2,287.02,15.0
19761,8786,17,1,173.9,15.0
19762,8787,13,2,800.5,0.0
19763,8787,106,2,65.61,0.0
19764,8788,12,2,677.11,0.0
19765,8788,238,2,31.94,0.0
19766,8789,46,1,854.22,0.0
19767,8789,18,1,818.1,0.0
19768,8789,51,1,774.23,0.0
19769,8790,38,2,1016.34,0.0
19770,8790,12,1,677.11,0.0
19771,8790,44,1,930.25,0.0
19772,8791,18,2,818.1,10.0
19773,8791,28,1,662.55,15.0
19774,8791,45,2,456.92,15.0
19775,8791,9,2,217.62,0.0
19776,8792,3,2,557.91,0.0
19777,8793,51,2,774.23,0.0
19778,8793,178,1,512.5,0.0
19779,8793,5,2,597.45,0.0
19780,8794,40,1,520.37,0.0
19781,8794,27,2,287.02,5.0
19782,8794,5,1,597.45,0.0
19783,8794,4,5,583.61,0.0
19784,8795,2,2,394.13,0.0
19785,8796,33,1,947.92,0.0
19786,8796,12,2,677.11,10.0
19787,8796,23,1,236.54,15.0
19788,8796,13,2,800.5,0.0
19789,8796,189,1,816.04,0.0
19790,8797,51,4,774.23,0.0
19791,8797,106,1,65.61,0.0
19792,8797,26,3,204.87,0.0
19793,8797,25,2,631.62,5.0
19794,8798,7,1,62.52,0.0
19795,8798,51,5,774.23,15.0
19796,8798,43,1,935.97,0.0
19797,8799,248,1,249.31,10.0
19798,8799,136,1,185.33,20.0
19799,8799,22,2,457.79,0.0
19800,8799,51,1,774.23,0.0
19801,8800,9,1,217.62,15.0
19802,8800,41,1,176.54,0.0
19803,8801,7,1,62.52,10.0
19804,8802,48,1,358.48,0.0
19805,8803,21,1,851.91,0.0
19806,8803,10,2,132.89,5.0
19807,8803,18,2,818.1,0.0
19808,8804,26,1,204.87,0.0
19809,8805,32,1,320.79,0.0
19810,8806,31,1,185.47,0.0
19811,8806,44,1,930.25,10.0
19812,8806,151,1,662.95,5.0
19813,8806,13,1,800.5,0.0
19814,8807,4,1,583.61,0.0
19815,8807,28,1,662.55,5.0
19816,8808,24,2,584.38,5.0
19817,8808,5,1,597.45,20.0
19818,8808,199,1,989.05,15.0
19819,8808,93,1,626.68,20.0
19820,8808,6,2,34.19,0.0
19821,8809,13,2,800.5,0.0
19822,8810,9,1,217.62,15.0
19823,8810,18,2,818.1,0.0
19824,8810,11,1,202.6,0.0
19825,8811,27,1,287.02,0.0
19826,8811,45,5,456.92,0.0
19827,8812,106,1,65.61,0.0
19828,8812,120,1,983.93,20.0
19829,8813,42,2,880.29,0.0
19830,8813,241,1,868.81,10.0
19831,8814,25,1,631.62,5.0
19832,8814,218,1,658.32,0.0
19833,8815,24,2,584.38,0.0
19834,8815,1,3,643.08,20.0
19835,8816,37,1,1009.52,0.0
19836,8816,126,1,757.74,0.0
19837,8816,23,1,236.54,0.0
19838,8816,49,1,1020.52,0.0
19839,8816,43,1,935.97,0.0
19840,8817,52,4,994.18,0.0
19841,8817,1,1,643.08,0.0
19842,8817,29,2,981.65,0.0
19843,8818,47,2,459.02,10.0
19844,8818,27,1,287.02,5.0
19845,8818,3,3,557.91,0.0
19846,8818,10,2,132.89,5.0
19847,8819,45,1,456.92,0.0
19848,8819,29,2,981.65,15.0
19849,8819,52,1,994.18,0.0
19850,8820,5,1,597.45,0.0
19851,8820,40,3,520.37,0.0
19852,8821,35,2,633.08,0.0
19853,8821,109,1,663.14,0.0
19854,8822,192,1,282.66,0.0
19855,8822,22,1,457.79,10.0
19856,8823,5,1,597.45,0.0
19857,8823,12,3,677.11,0.0
19858,8824,15,1,255.83,10.0
19859,8825,4,1,583.61,0.0
19860,8825,15,1,255.83,0.0
19861,8826,50,5,994.53,0.0
19862,8827,41,1,176.54,0.0
19863,8827,198,2,904.38,0.0
19864,8828,1,1,643.08,0.0
19865,8829,103,2,656.03,0.0
19866,8829,32,1,320.79,10.0
19867,8830,17,1,173.9,0.0
19868,8831,10,2,132.89,0.0
19869,8831,35,2,633.08,0.0
19870,8831,242,1,1105.36,0.0
19871,8832,48,1,358.48,0.0
19872,8832,10,1,132.89,5.0
19873,8832,1,1,643.08,0.0
19874,8833,21,1,851.91,0.0
19875,8834,6,3,34.19,0.0
19876,8835,17,1,173.9,0.0
19877,8835,9,1,217.62,0.0
19878,8836,51,2,774.23,0.0
19879,8836,195,1,549.52,0.0
19880,8837,25,1,631.62,0.0
19881,8837,28,2,662.55,0.0
19882,8838,18,1,818.1,0.0
19883,8838,50,1,994.53,0.0
19884,8838,53,1,873.28,5.0
19885,8838,7,1,62.52,0.0
19886,8838,192,1,282.66,5.0
19887,8839,18,2,818.1,0.0
19888,8840,36,1,72.7,5.0
19889,8841,33,1,947.92,0.0
19890,8841,114,3,279.33,5.0
19891,8841,46,1,854.22,0.0
19892,8841,80,1,275.45,0.0
19893,8842,36,2,72.7,5.0
19894,8843,29,1,981.65,10.0
19895,8843,37,1,1009.52,0.0
19896,8844,60,1,165.23,0.0
19897,8844,10,3,132.89,0.0
19898,8844,24,1,584.38,15.0
19899,8845,30,2,658.15,0.0
19900,8845,45,1,456.92,0.0
19901,8845,227,2,342.68,0.0
19902,8846,2,1,394.13,0.0
19903,8847,10,1,132.89,5.0
19904,8847,147,2,490.87,0.0
19905,8847,17,1,173.9,0.0
19906,8848,14,1,149.0,0.0
19907,8848,45,3,456.92,0.0
19908,8848,50,2,994.53,5.0
19909,8848,174,1,911.18,0.0
19910,8849,52,2,994.18,0.0
19911,8849,198,1,904.38,0.0
19912,8849,37,1,1009.52,0.0
19913,8849,1,1,643.08,0.0
19914,8849,45,1,456.92,0.0
19915,8850,20,2,339.73,0.0
19916,8851,188,1,720.38,0.0
19917,8852,42,1,880.29,0.0
19918,8852,39,2,758.76,20.0
19919,8853,27,3,287.02,0.0
19920,8854,27,1,287.02,20.0
19921,8855,50,1,994.53,0.0
19922,8856,38,1,1016.34,0.0
19923,8856,51,1,774.23,0.0
19924,8856,15,1,255.83,0.0
19925,8856,14,1,149.0,0.0
19926,8857,14,1,149.0,0.0
19927,8857,18,1,818.1,5.0
19928,8857,50,1,994.53,0.0
19929,8858,5,2,597.45,0.0
19930,8859,17,2,173.9,0.0
19931,8859,30,1,658.15,10.0
19932,8860,15,2,255.83,0.0
19933,8860,10,1,132.89,15.0
19934,8860,140,1,441.37,5.0
19935,8861,52,1,994.18,0.0
19936,8861,34,2,43.21,10.0
19937,8861,133,2,245.7,5.0
19938,8862,22,1,457.79,0.0
19939,8862,16,1,973.78,0.0
19940,8863,18,2,818.1,10.0
19941,8863,28,1,662.55,0.0
19942,8864,4,3,583.61,0.0
19943,8864,49,1,1020.52,20.0
19944,8864,10,1,132.89,5.0
19945,8865,23,2,236.54,0.0
19946,8866,16,2,973.78,0.0
19947,8866,12,3,677.11,0.0
19948,8866,49,1,1020.52,0.0
19949,8866,33,3,947.92,0.0
19950,8866,11,1,202.6,0.0
19951,8867,31,1,185.47,0.0
19952,8867,26,1,204.87,0.0
19953,8867,2,2,394.13,5.0
19954,8867,48,2,358.48,0.0
19955,8868,13,1,800.5,0.0
19956,8869,173,1,665.55,0.0
19957,8869,51,1,774.23,0.0
19958,8870,184,2,196.43,0.0
19959,8870,27,1,287.02,0.0
19960,8870,9,2,217.62,0.0
19961,8871,25,1,631.62,0.0
19962,8871,41,1,176.54,5.0
19963,8871,4,2,583.61,0.0
19964,8872,30,1,658.15,0.0
19965,8872,113,1,1162.63,0.0
19966,8873,30,1,658.15,0.0
19967,8873,23,1,236.54,0.0
19968,8874,50,2,994.53,0.0
19969,8874,16,1,973.78,0.0
19970,8874,44,1,930.25,0.0
19971,8875,135,1,277.82,0.0
19972,8875,48,1,358.48,0.0
19973,8875,28,1,662.55,15.0
19974,8876,40,1,520.37,0.0
19975,8877,5,1,597.45,5.0
19976,8877,20,2,339.73,10.0
19977,8877,3,2,557.91,0.0
19978,8878,24,1,584.38,0.0
19979,8878,92,1,549.63,0.0
19980,8878,83,1,144.27,0.0
19981,8878,15,1,255.83,20.0
19982,8878,11,1,202.6,0.0
19983,8879,28,1,662.55,0.0
19984,8879,9,2,217.62,0.0
19985,8880,52,1,994.18,0.0
19986,8881,7,1,62.52,0.0
19987,8881,2,1,394.13,0.0
19988,8881,52,1,994.18,0.0
19989,8882,12,2,677.11,0.0
19990,8883,6,1,34.19,0.0
19991,8883,121,1,223.46,0.0
19992,8883,46,3,854.22,0.0
19993,8883,7,2,62.52,0.0
19994,8883,164,2,211.12,0.0
19995,8884,255,2,537.33,5.0
19996,8885,32,1,320.79,0.0
19997,8885,8,1,542.39,0.0
19998,8885,226,2,855.84,15.0
19999,8885,1,2,643.08,0.0
20000,8885,15,1,255.83,0.0
20001,8886,63,1,958.03,0.0
20002,8887,59,3,251.22,0.0
20003,8888,36,3,72.7,0.0
20004,8888,8,1,542.39,0.0
20005,8889,20,2,339.73,0.0
20006,8889,27,3,287.02,0.0
20007,8890,163,1,234.62,5.0
20008,8890,19,1,604.84,5.0
20009,8890,20,1,339.73,0.0
20010,8890,13,2,800.5,15.0
20011,8890,44,3,930.25,0.0
20012,8891,33,2,947.92,0.0
20013,8892,85,1,681.02,0.0
20014,8892,13,4,800.5,5.0
20015,8893,35,2,633.08,0.0
20016,8894,46,3,854.22,0.0
20017,8895,74,1,166.27,0.0
20018,8895,37,1,1009.52,0.0
20019,8895,9,1,217.62,5.0
20020,8895,41,5,176.54,0.0
20021,8896,14,1,149.0,0.0
20022,8897,43,1,935.97,0.0
20023,8897,2,1,394.13,0.0
20024,8898,38,1,1016.34,0.0
20025,8898,49,1,1020.52,0.0
20026,8898,36,2,72.7,5.0
20027,8899,15,1,255.83,0.0
20028,8899,219,1,503.95,5.0
20029,8899,49,1,1020.52,20.0
20030,8900,46,3,854.22,0.0
20031,8901,40,1,520.37,0.0
20032,8901,168,2,838.87,0.0
20033,8901,46,2,854.22,0.0
20034,8901,50,4,994.53,10.0
20035,8902,45,3,456.92,10.0
20036,8902,35,1,633.08,0.0
20037,8903,49,1,1020.52,0.0
20038,8904,128,1,1064.68,0.0
20039,8905,31,2,185.47,15.0
20040,8905,133,4,245.7,0.0
20041,8906,234,1,670.43,0.0
20042,8907,40,1,520.37,0.0
20043,8908,8,2,542.39,0.0
20044,8908,43,1,935.97,0.0
20045,8909,21,2,851.91,0.0
20046,8909,19,1,604.84,0.0
20047,8909,25,3,631.62,0.0
20048,8909,34,2,43.21,0.0
20049,8910,28,1,662.55,0.0
20050,8910,10,1,132.89,0.0
20051,8911,2,2,394.13,10.0
20052,8912,24,2,584.38,10.0
20053,8912,23,1,236.54,0.0
20054,8912,25,4,631.62,0.0
20055,8913,109,2,663.14,10.0
20056,8913,26,1,204.87,0.0
20057,8913,50,1,994.53,5.0
20058,8913,29,1,981.65,0.0
20059,8914,49,1,1020.52,0.0
20060,8914,21,1,851.91,0.0
20061,8914,4,1,583.61,0.0
20062,8914,63,1,958.03,0.0
20063,8914,5,1,597.45,0.0
20064,8915,26,2,204.87,20.0
20065,8915,182,1,653.31,0.0
20066,8916,236,2,384.32,0.0
20067,8916,42,3,880.29,10.0
20068,8917,16,1,973.78,5.0
20069,8918,5,1,597.45,0.0
20070,8918,24,1,584.38,0.0
20071,8919,60,1,165.23,15.0
20072,8919,33,1,947.92,0.0
20073,8920,106,1,65.61,0.0
20074,8920,16,3,973.78,10.0
20075,8920,24,2,584.38,0.0
20076,8921,51,3,774.23,0.0
20077,8921,14,3,149.0,0.0
20078,8922,22,1,457.79,15.0
20079,8922,36,1,72.7,0.0
20080,8923,31,1,185.47,0.0
20081,8924,32,3,320.79,0.0
20082,8924,1,2,643.08,0.0
20083,8925,38,2,1016.34,10.0
20084,8926,9,1,217.62,0.0
20085,8927,16,1,973.78,0.0
20086,8927,37,1,1009.52,0.0
20087,8928,51,1,774.23,0.0
20088,8928,78,1,1047.68,0.0
20089,8928,29,5,981.65,20.0
20090,8928,22,1,457.79,0.0
20091,8928,18,2,818.1,0.0
20092,8929,20,1,339.73,0.0
20093,8929,5,1,597.45,0.0
20094,8930,190,1,998.17,20.0
20095,8930,44,1,930.25,0.0
20096,8930,50,1,994.53,0.0
20097,8931,190,1,998.17,10.0
20098,8931,3,1,557.91,10.0
20099,8932,17,1,173.9,10.0
20100,8932,34,2,43.21,10.0
20101,8932,41,3,176.54,0.0
20102,8933,33,3,947.92,0.0
20103,8934,13,3,800.5,0.0
20104,8934,17,1,173.9,0.0
20105,8934,3,1,557.91,0.0
20106,8934,252,1,686.58,0.0
20107,8934,156,1,410.55,0.0
20108,8935,37,3,1009.52,0.0
20109,8935,29,1,981.65,0.0
20110,8936,54,1,21.31,0.0
20111,8936,9,1,217.62,15.0
20112,8937,38,1,1016.34,20.0
20113,8938,1,1,643.08,0.0
20114,8939,40,1,520.37,0.0
20115,8939,231,1,765.07,0.0
20116,8940,19,1,604.84,0.0
20117,8940,15,1,255.83,15.0
20118,8941,1,2,643.08,5.0
20119,8941,41,2,176.54,5.0
20120,8941,16,1,973.78,10.0
20121,8941,199,5,989.05,0.0
20122,8941,43,3,935.97,0.0
20123,8942,11,1,202.6,0.0
20124,8942,12,1,677.11,0.0
20125,8942,6,2,34.19,20.0
20126,8942,238,1,31.94,15.0
20127,8943,45,1,456.92,0.0
20128,8943,6,1,34.19,20.0
20129,8943,28,2,662.55,0.0
20130,8944,51,1,774.23,0.0
20131,8944,2,5,394.13,0.0
20132,8945,8,1,542.39,10.0
20133,8946,40,2,520.37,0.0
20134,8947,43,2,935.97,0.0
20135,8948,19,3,604.84,15.0
20136,8949,42,1,880.29,0.0
20137,8949,37,2,1009.52,5.0
20138,8950,5,2,597.45,10.0
20139,8951,30,1,658.15,0.0
20140,8951,36,2,72.7,15.0
20141,8952,8,2,542.39,5.0
20142,8952,5,2,597.45,0.0
20143,8952,49,1,1020.52,10.0
20144,8952,33,1,947.92,0.0
20145,8953,2,1,394.13,0.0
20146,8953,199,1,989.05,0.0
20147,8954,29,1,981.65,0.0
20148,8954,20,4,339.73,0.0
20149,8954,1,2,643.08,5.0
20150,8954,8,1,542.39,0.0
20151,8955,151,2,662.95,0.0
20152,8955,48,2,358.48,0.0
20153,8955,27,1,287.02,10.0
20154,8956,3,1,557.91,0.0
20155,8956,37,2,1009.52,0.0
20156,8956,38,3,1016.34,0.0
20157,8956,4,1,583.61,0.0
20158,8957,117,1,659.17,0.0
20159,8958,44,1,930.25,10.0
20160,8958,45,1,456.92,0.0
20161,8959,49,1,1020.52,20.0
20162,8960,24,2,584.38,0.0
20163,8960,51,1,774.23,0.0
20164,8960,14,1,149.0,15.0
20165,8961,23,1,236.54,15.0
20166,8961,43,3,935.97,5.0
20167,8962,49,1,1020.52,0.0
20168,8963,24,1,584.38,0.0
20169,8963,221,2,294.07,0.0
20170,8964,41,1,176.54,0.0
20171,8965,11,2,202.6,5.0
20172,8965,36,1,72.7,0.0
20173,8965,39,1,758.76,0.0
20174,8965,17,3,173.9,0.0
20175,8966,32,1,320.79,5.0
20176,8967,21,2,851.91,20.0
20177,8967,49,3,1020.52,0.0
20178,8967,71,3,682.59,0.0
20179,8968,23,1,236.54,10.0
20180,8968,51,1,774.23,0.0
20181,8969,93,1,626.68,15.0
20182,8970,15,2,255.83,0.0
20183,8970,19,1,604.84,0.0
20184,8971,248,2,249.31,10.0
20185,8972,51,2,774.23,0.0
20186,8972,46,1,854.22,5.0
20187,8972,37,1,1009.52,0.0
20188,8972,11,1,202.6,20.0
20189,8973,31,1,185.47,0.0
20190,8973,46,1,854.22,0.0
20191,8973,36,1,72.7,0.0
20192,8974,51,1,774.23,10.0
20193,8974,32,1,320.79,20.0
20194,8975,258,3,563.1,0.0
20195,8975,34,2,43.21,0.0
20196,8975,42,1,880.29,0.0
20197,8976,5,1,597.45,0.0
20198,8976,236,1,384.32,0.0
20199,8977,7,1,62.52,0.0
20200,8977,1,1,643.08,0.0
20201,8977,6,1,34.19,10.0
20202,8978,175,2,628.11,0.0
20203,8978,24,1,584.38,20.0
20204,8979,47,1,459.02,0.0
20205,8979,48,1,358.48,0.0
20206,8980,175,1,628.11,0.0
20207,8980,129,2,44.87,15.0
20208,8981,23,3,236.54,0.0
20209,8981,152,1,1071.23,0.0
20210,8982,13,1,800.5,10.0
20211,8983,22,2,457.79,0.0
20212,8984,35,1,633.08,0.0
20213,8985,38,1,1016.34,0.0
20214,8985,3,1,557.91,5.0
20215,8985,20,3,339.73,0.0
20216,8985,50,2,994.53,0.0
20217,8986,129,1,44.87,0.0
20218,8987,13,1,800.5,0.0
20219,8987,26,1,204.87,10.0
20220,8988,220,1,850.53,0.0
20221,8988,47,1,459.02,20.0
20222,8988,35,2,633.08,0.0
20223,8989,13,2,800.5,0.0
20224,8989,36,2,72.7,0.0
20225,8989,15,1,255.83,0.0
20226,8989,45,4,456.92,0.0
20227,8990,28,2,662.55,15.0
20228,8991,44,1,930.25,10.0
20229,8991,15,1,255.83,0.0
20230,8991,13,1,800.5,0.0
20231,8992,14,1,149.0,0.0
20232,8992,23,1,236.54,0.0
20233,8992,103,1,656.03,0.0
20234,8993,88,1,757.47,20.0
20235,8993,29,2,981.65,5.0
20236,8994,27,1,287.02,0.0
20237,8994,252,2,686.58,10.0
20238,8995,51,1,774.23,0.0
20239,8995,3,2,557.91,20.0
20240,8996,37,1,1009.52,0.0
20241,8996,18,2,818.1,0.0
20242,8996,17,1,173.9,20.0
20243,8997,43,1,935.97,5.0
20244,8997,44,1,930.25,0.0
20245,8997,20,1,339.73,0.0
20246,8997,173,1,665.55,0.0
20247,8997,49,1,1020.52,0.0
20248,8998,118,1,1091.59,0.0
20249,8998,112,1,1017.21,20.0
20250,8998,33,1,947.92,10.0
20251,8999,39,2,758.76,5.0
20252,8999,10,1,132.89,0.0
20253,9000,30,1,658.15,0.0
20254,9001,20,2,339.73,0.0
20255,9001,137,1,424.86,0.0
20256,9001,30,2,658.15,0.0
20257,9002,22,1,457.79,5.0
20258,9003,34,2,43.21,0.0
20259,9003,41,1,176.54,0.0
20260,9003,15,1,255.83,0.0
20261,9003,29,5,981.65,0.0
20262,9004,244,1,902.38,0.0
20263,9005,42,2,880.29,0.0
20264,9005,6,3,34.19,0.0
20265,9005,43,2,935.97,10.0
20266,9006,44,1,930.25,0.0
20267,9007,14,2,149.0,10.0
20268,9008,13,1,800.5,0.0
20269,9009,29,1,981.65,0.0
20270,9009,26,2,204.87,10.0
20271,9009,128,1,1064.68,0.0
20272,9009,18,1,818.1,0.0
20273,9009,27,1,287.02,0.0
20274,9010,36,2,72.7,15.0
20275,9010,49,2,1020.52,0.0
20276,9010,17,1,173.9,0.0
20277,9010,35,1,633.08,0.0
20278,9010,24,1,584.38,0.0
20279,9011,37,1,1009.52,0.0
20280,9012,43,2,935.97,0.0
20281,9013,111,2,932.22,0.0
20282,9014,198,1,904.38,0.0
20283,9014,163,1,234.62,0.0
20284,9015,107,2,933.7,0.0
20285,9015,52,1,994.18,0.0
20286,9016,38,4,1016.34,20.0
20287,9016,37,2,1009.52,5.0
20288,9016,21,2,851.91,15.0
20289,9017,11,3,202.6,0.0
20290,9017,28,1,662.55,10.0
20291,9018,202,1,427.54,0.0
20292,9018,15,1,255.83,0.0
20293,9018,50,1,994.53,0.0
20294,9019,15,1,255.83,0.0
20295,9019,123,1,272.6,0.0
20296,9020,18,1,818.1,0.0
20297,9020,102,2,352.97,0.0
20298,9020,9,1,217.62,15.0
20299,9020,31,1,185.47,0.0
20300,9021,41,1,176.54,0.0
20301,9021,19,1,604.84,0.0
20302,9021,5,1,597.45,0.0
20303,9021,7,2,62.52,10.0
20304,9022,25,2,631.62,0.0
20305,9022,43,2,935.97,0.0
20306,9023,18,2,818.1,20.0
20307,9024,16,1,973.78,10.0
20308,9024,39,1,758.76,0.0
20309,9024,30,1,658.15,5.0
20310,9025,28,3,662.55,0.0
20311,9025,37,2,1009.52,0.0
20312,9026,3,1,557.91,0.0
20313,9027,16,2,973.78,0.0
20314,9028,114,3,279.33,15.0
20315,9029,176,1,576.9,0.0
20316,9030,43,1,935.97,0.0
20317,9031,206,3,532.41,0.0
20318,9031,1,1,643.08,0.0
20319,9031,14,1,149.0,0.0
20320,9031,236,2,384.32,0.0
20321,9031,195,5,549.52,0.0
20322,9032,29,1,981.65,0.0
20323,9032,36,1,72.7,0.0
20324,9032,13,1,800.5,15.0
20325,9033,40,3,520.37,0.0
20326,9033,4,2,583.61,0.0
20327,9034,45,5,456.92,0.0
20328,9035,146,1,1020.84,0.0
20329,9035,227,1,342.68,10.0
20330,9035,41,2,176.54,0.0
20331,9035,79,1,861.19,0.0
20332,9036,47,2,459.02,15.0
20333,9036,49,1,1020.52,10.0
20334,9037,16,2,973.78,0.0
20335,9037,41,1,176.54,5.0
20336,9037,5,2,597.45,0.0
20337,9038,48,1,358.48,15.0
20338,9038,17,1,173.9,10.0
20339,9039,60,1,165.23,5.0
20340,9039,38,4,1016.34,20.0
20341,9039,35,3,633.08,15.0
20342,9040,8,2,542.39,10.0
20343,9040,31,2,185.47,0.0
20344,9041,50,1,994.53,0.0
20345,9041,196,3,925.9,0.0
20346,9041,48,3,358.48,0.0
20347,9042,31,1,185.47,0.0
20348,9042,4,1,583.61,0.0
20349,9043,35,2,633.08,10.0
20350,9043,5,2,597.45,0.0
20351,9044,6,2,34.19,0.0
20352,9045,15,1,255.83,0.0
20353,9045,49,1,1020.52,0.0
20354,9045,39,1,758.76,0.0
20355,9045,23,3,236.54,0.0
20356,9046,6,1,34.19,0.0
20357,9046,235,1,180.69,10.0
20358,9047,52,1,994.18,0.0
20359,9047,44,1,930.25,0.0
20360,9047,31,2,185.47,5.0
20361,9047,5,1,597.45,0.0
20362,9048,8,1,542.39,0.0
20363,9048,40,1,520.37,0.0
20364,9049,46,3,854.22,10.0
20365,9050,36,1,72.7,10.0
20366,9050,70,2,532.42,20.0
20367,9051,243,4,1116.94,0.0
20368,9052,21,3,851.91,15.0
20369,9053,32,1,320.79,0.0
20370,9053,9,1,217.62,0.0
20371,9053,30,1,658.15,0.0
20372,9054,23,1,236.54,10.0
20373,9054,18,1,818.1,5.0
20374,9055,16,3,973.78,5.0
20375,9056,192,1,282.66,0.0
20376,9056,193,1,948.3,0.0
20377,9056,35,2,633.08,5.0
20378,9057,51,2,774.23,0.0
20379,9058,27,1,287.02,0.0
20380,9059,1,1,643.08,0.0
20381,9059,102,2,352.97,0.0
20382,9059,47,3,459.02,0.0
20383,9060,30,2,658.15,0.0
20384,9060,20,1,339.73,0.0
20385,9061,44,2,930.25,5.0
20386,9061,46,3,854.22,0.0
20387,9061,40,3,520.37,15.0
20388,9062,6,2,34.19,10.0
20389,9063,42,1,880.29,0.0
20390,9063,87,1,812.54,20.0
20391,9063,40,1,520.37,10.0
20392,9063,28,1,662.55,0.0
20393,9063,10,1,132.89,0.0
20394,9064,150,3,196.9,0.0
20395,9064,16,1,973.78,0.0
20396,9065,2,1,394.13,0.0
20397,9065,206,1,532.41,0.0
20398,9065,226,1,855.84,0.0
20399,9065,1,2,643.08,0.0
20400,9065,21,1,851.91,5.0
20401,9066,42,5,880.29,20.0
20402,9066,228,1,24.69,0.0
20403,9066,118,1,1091.59,0.0
20404,9067,11,1,202.6,0.0
20405,9068,7,1,62.52,5.0
20406,9068,14,1,149.0,0.0
20407,9068,201,1,232.35,0.0
20408,9069,12,1,677.11,5.0
20409,9069,238,1,31.94,5.0
20410,9070,28,2,662.55,0.0
20411,9070,131,1,80.3,5.0
20412,9071,44,1,930.25,0.0
20413,9071,201,1,232.35,20.0
20414,9072,2,3,394.13,0.0
20415,9072,48,1,358.48,0.0
20416,9073,19,1,604.84,0.0
20417,9073,21,1,851.91,0.0
20418,9073,92,1,549.63,0.0
20419,9074,30,1,658.15,10.0
20420,9074,51,1,774.23,20.0
20421,9075,19,1,604.84,0.0
20422,9075,33,1,947.92,10.0
20423,9075,29,1,981.65,10.0
20424,9076,4,2,583.61,0.0
20425,9076,49,1,1020.52,5.0
20426,9077,14,1,149.0,0.0
20427,9078,237,2,938.43,0.0
20428,9079,29,2,981.65,0.0
20429,9080,50,3,994.53,15.0
20430,9081,91,1,291.37,10.0
20431,9081,65,1,1039.76,5.0
20432,9082,4,1,583.61,0.0
20433,9082,34,5,43.21,0.0
20434,9082,215,3,429.74,0.0
20435,9083,41,1,176.54,0.0
20436,9084,25,3,631.62,0.0
20437,9085,33,1,947.92,5.0
20438,9086,182,2,653.31,20.0
20439,9086,40,1,520.37,0.0
20440,9086,57,1,966.47,0.0
20441,9087,45,3,456.92,0.0
20442,9088,33,2,947.92,0.0
20443,9088,16,1,973.78,0.0
20444,9089,48,1,358.48,15.0
20445,9089,16,1,973.78,0.0
20446,9089,257,3,118.54,20.0
20447,9089,29,1,981.65,0.0
20448,9090,19,2,604.84,0.0
20449,9090,42,2,880.29,15.0
20450,9090,32,1,320.79,0.0
20451,9090,52,2,994.18,0.0
20452,9091,16,1,973.78,10.0
20453,9091,34,1,43.21,0.0
20454,9091,98,3,932.39,0.0
20455,9091,23,1,236.54,0.0
20456,9091,40,1,520.37,0.0
20457,9092,49,1,1020.52,0.0
20458,9092,30,2,658.15,20.0
20459,9092,41,1,176.54,10.0
20460,9092,13,1,800.5,0.0
20461,9093,197,3,893.87,0.0
20462,9094,34,1,43.21,20.0
20463,9094,151,3,662.95,20.0
20464,9094,37,1,1009.52,0.0
20465,9095,40,1,520.37,0.0
20466,9096,1,2,643.08,0.0
20467,9096,25,1,631.62,5.0
20468,9096,5,1,597.45,0.0
20469,9097,22,4,457.79,0.0
20470,9098,194,2,328.13,15.0
20471,9098,42,1,880.29,15.0
20472,9099,34,1,43.21,0.0
20473,9100,23,1,236.54,0.0
20474,9101,11,1,202.6,0.0
20475,9101,81,1,77.19,10.0
20476,9102,46,1,854.22,20.0
20477,9102,16,1,973.78,10.0
20478,9102,19,1,604.84,0.0
20479,9103,14,5,149.0,0.0
20480,9103,7,1,62.52,5.0
20481,9103,3,2,557.91,15.0
20482,9103,17,2,173.9,0.0
20483,9104,31,2,185.47,10.0
20484,9105,26,1,204.87,0.0
20485,9105,115,2,625.25,0.0
20486,9105,30,1,658.15,10.0
20487,9106,21,3,851.91,5.0
20488,9106,12,1,677.11,0.0
20489,9107,14,1,149.0,0.0
20490,9108,190,4,998.17,0.0
20491,9108,12,1,677.11,0.0
20492,9108,38,1,1016.34,5.0
20493,9109,12,1,677.11,0.0
20494,9109,4,1,583.61,15.0
20495,9109,14,1,149.0,0.0
20496,9109,50,1,994.53,0.0
20497,9110,32,1,320.79,0.0
20498,9110,25,2,631.62,10.0
20499,9110,38,1,1016.34,0.0
20500,9111,20,2,339.73,0.0
20501,9111,86,1,1193.28,10.0
20502,9111,226,2,855.84,20.0
20503,9111,4,2,583.61,0.0
20504,9111,17,2,173.9,10.0
20505,9112,40,2,520.37,0.0
20506,9112,93,1,626.68,0.0
20507,9112,23,1,236.54,0.0
20508,9112,42,3,880.29,0.0
20509,9113,23,2,236.54,0.0
20510,9113,29,3,981.65,0.0
20511,9113,47,1,459.02,0.0
20512,9113,5,1,597.45,0.0
20513,9113,10,1,132.89,0.0
20514,9114,19,1,604.84,5.0
20515,9114,129,1,44.87,20.0
20516,9115,44,1,930.25,0.0
20517,9116,36,1,72.7,0.0
20518,9116,10,2,132.89,0.0
20519,9117,22,1,457.79,0.0
20520,9117,33,1,947.92,0.0
20521,9118,51,1,774.23,0.0
20522,9118,39,1,758.76,5.0
20523,9118,21,4,851.91,0.0
20524,9118,20,1,339.73,0.0
20525,9118,12,2,677.11,5.0
20526,9119,41,2,176.54,0.0
20527,9120,18,1,818.1,15.0
20528,9120,25,1,631.62,0.0
20529,9120,30,3,658.15,0.0
20530,9120,34,1,43.21,0.0
20531,9120,241,1,868.81,0.0
20532,9121,36,1,72.7,0.0
20533,9121,21,5,851.91,0.0
20534,9122,8,1,542.39,0.0
20535,9122,127,1,711.21,0.0
20536,9123,21,1,851.91,0.0
20537,9123,6,1,34.19,10.0
20538,9123,50,3,994.53,0.0
20539,9124,109,2,663.14,0.0
20540,9125,249,2,229.0,0.0
20541,9125,10,2,132.89,0.0
20542,9126,41,2,176.54,5.0
20543,9127,169,2,863.12,0.0
20544,9127,6,1,34.19,0.0
20545,9127,41,4,176.54,0.0
20546,9127,14,1,149.0,20.0
20547,9127,43,1,935.97,10.0
20548,9128,47,1,459.02,0.0
20549,9129,3,1,557.91,0.0
20550,9130,47,1,459.02,20.0
20551,9130,9,1,217.62,0.0
20552,9130,18,1,818.1,0.0
20553,9131,207,1,991.04,0.0
20554,9131,21,1,851.91,0.0
20555,9132,37,1,1009.52,15.0
20556,9132,6,1,34.19,0.0
20557,9133,20,1,339.73,0.0
20558,9133,18,1,818.1,10.0
20559,9133,30,1,658.15,0.0
20560,9133,27,1,287.02,0.0
20561,9133,51,1,774.23,10.0
20562,9134,18,1,818.1,0.0
20563,9135,5,1,597.45,0.0
20564,9136,27,1,287.02,0.0
20565,9137,15,2,255.83,0.0
20566,9137,7,2,62.52,0.0
20567,9137,34,2,43.21,0.0
20568,9138,248,1,249.31,0.0
20569,9138,13,1,800.5,0.0
20570,9138,40,3,520.37,15.0
20571,9139,50,1,994.53,10.0
20572,9140,42,3,880.29,0.0
20573,9140,221,1,294.07,0.0
20574,9140,48,1,358.48,5.0
20575,9141,52,2,994.18,0.0
20576,9141,12,1,677.11,0.0
20577,9142,249,1,229.0,0.0
20578,9143,1,2,643.08,0.0
20579,9144,46,1,854.22,0.0
20580,9144,33,1,947.92,0.0
20581,9145,42,2,880.29,0.0
20582,9145,158,2,334.84,20.0
20583,9145,15,1,255.83,10.0
20584,9146,34,3,43.21,0.0
20585,9146,14,2,149.0,0.0
20586,9147,1,2,643.08,15.0
20587,9148,195,5,549.52,0.0
20588,9149,7,1,62.52,10.0
20589,9150,30,1,658.15,0.0
20590,9151,27,3,287.02,0.0
20591,9151,14,1,149.0,0.0
20592,9152,11,1,202.6,0.0
20593,9152,44,2,930.25,0.0
20594,9153,38,1,1016.34,0.0
20595,9154,143,2,435.68,0.0
20596,9154,16,1,973.78,0.0
20597,9154,142,5,89.71,5.0
20598,9154,246,3,835.26,10.0
20599,9155,106,2,65.61,0.0
20600,9155,40,1,520.37,0.0
20601,9155,48,1,358.48,0.0
20602,9156,51,2,774.23,20.0
20603,9156,23,2,236.54,0.0
20604,9156,35,1,633.08,10.0
20605,9157,43,1,935.97,0.0
20606,9157,45,2,456.92,0.0
20607,9157,210,1,664.24,0.0
20608,9158,42,1,880.29,20.0
20609,9158,16,1,973.78,0.0
20610,9158,21,1,851.91,0.0
20611,9158,52,2,994.18,0.0
20612,9159,12,4,677.11,15.0
20613,9159,27,1,287.02,10.0
20614,9159,32,1,320.79,10.0
20615,9159,60,5,165.23,0.0
20616,9160,8,2,542.39,0.0
20617,9160,179,2,990.0,0.0
20618,9161,49,2,1020.52,0.0
20619,9161,52,2,994.18,20.0
20620,9161,50,3,994.53,0.0
20621,9162,49,1,1020.52,0.0
20622,9162,17,1,173.9,0.0
20623,9163,228,1,24.69,0.0
20624,9163,52,2,994.18,20.0
20625,9163,171,1,508.1,0.0
20626,9164,132,3,758.96,0.0
20627,9164,25,1,631.62,0.0
20628,9164,2,1,394.13,0.0
20629,9165,11,1,202.6,0.0
20630,9165,40,1,520.37,0.0
20631,9165,15,1,255.83,0.0
20632,9166,31,2,185.47,10.0
20633,9166,26,1,204.87,20.0
20634,9166,13,2,800.5,15.0
20635,9166,42,1,880.29,20.0
20636,9167,117,1,659.17,0.0
20637,9167,15,1,255.83,0.0
20638,9168,1,1,643.08,15.0
20639,9168,29,2,981.65,15.0
20640,9168,30,1,658.15,0.0
20641,9169,40,3,520.37,0.0
20642,9170,49,1,1020.52,10.0
20643,9170,17,1,173.9,0.0
20644,9170,11,1,202.6,0.0
20645,9170,13,1,800.5,0.0
20646,9171,2,1,394.13,5.0
20647,9171,49,2,1020.52,20.0
20648,9172,12,3,677.11,0.0
20649,9172,29,2,981.65,0.0
20650,9172,7,3,62.52,0.0
20651,9173,43,1,935.97,0.0
20652,9173,21,1,851.91,5.0
20653,9173,135,1,277.82,15.0
20654,9174,123,1,272.6,15.0
20655,9174,30,1,658.15,20.0
20656,9175,23,1,236.54,10.0
20657,9176,35,2,633.08,0.0
20658,9176,9,1,217.62,10.0
20659,9177,40,1,520.37,0.0
20660,9178,32,1,320.79,0.0
20661,9178,51,1,774.23,0.0
20662,9179,50,4,994.53,5.0
20663,9179,21,1,851.91,0.0
20664,9179,9,3,217.62,0.0
20665,9180,49,1,1020.52,10.0
20666,9180,29,1,981.65,0.0
20667,9181,11,1,202.6,0.0
20668,9182,129,1,44.87,20.0
20669,9182,104,1,613.34,0.0
20670,9183,48,3,358.48,0.0
20671,9184,20,2,339.73,0.0
20672,9184,22,1,457.79,0.0
20673,9185,52,1,994.18,0.0
20674,9186,17,3,173.9,0.0
20675,9186,42,1,880.29,0.0
20676,9186,165,1,882.32,0.0
20677,9187,22,1,457.79,0.0
20678,9187,39,2,758.76,0.0
20679,9188,12,1,677.11,5.0
20680,9189,51,1,774.23,0.0
20681,9190,20,2,339.73,0.0
20682,9190,229,1,54.7,0.0
20683,9191,1,1,643.08,10.0
20684,9191,50,2,994.53,0.0
20685,9191,8,1,542.39,0.0
20686,9192,45,3,456.92,5.0
20687,9192,40,1,520.37,0.0
20688,9192,29,2,981.65,0.0
20689,9193,12,1,677.11,0.0
20690,9193,34,1,43.21,0.0
20691,9193,37,1,1009.52,0.0
20692,9194,37,2,1009.52,0.0
20693,9194,22,1,457.79,0.0
20694,9195,49,1,1020.52,0.0
20695,9195,47,3,459.02,0.0
20696,9195,6,5,34.19,0.0
20697,9195,209,1,521.49,0.0
20698,9195,38,2,1016.34,15.0
20699,9196,14,1,149.0,0.0
20700,9197,15,3,255.83,0.0
20701,9197,116,1,209.21,0.0
20702,9198,183,4,473.71,10.0
20703,9198,11,1,202.6,0.0
20704,9198,147,1,490.87,0.0
20705,9198,7,1,62.52,0.0
20706,9199,28,1,662.55,5.0
20707,9199,13,1,800.5,5.0
20708,9199,46,1,854.22,0.0
20709,9199,30,1,658.15,0.0
20710,9200,29,1,981.65,0.0
20711,9200,38,1,1016.34,0.0
20712,9201,46,4,854.22,0.0
20713,9202,29,1,981.65,0.0
20714,9202,27,3,287.02,0.0
20715,9202,3,4,557.91,0.0
20716,9202,10,2,132.89,5.0
20717,9203,147,1,490.87,10.0
20718,9203,18,3,818.1,0.0
20719,9203,220,1,850.53,0.0
20720,9203,99,1,255.18,0.0
20721,9203,149,1,668.87,5.0
20722,9204,13,3,800.5,0.0
20723,9205,193,1,948.3,20.0
20724,9205,20,1,339.73,0.0
20725,9206,174,1,911.18,10.0
20726,9206,49,4,1020.52,0.0
20727,9207,53,1,873.28,20.0
20728,9207,179,1,990.0,0.0
20729,9208,7,1,62.52,0.0
20730,9208,22,3,457.79,0.0
20731,9208,29,1,981.65,15.0
20732,9209,28,1,662.55,0.0
20733,9210,34,1,43.21,0.0
20734,9210,20,1,339.73,0.0
20735,9211,7,1,62.52,0.0
20736,9212,23,2,236.54,0.0
20737,9212,30,2,658.15,0.0
20738,9212,46,1,854.22,0.0
20739,9213,44,2,930.25,0.0
20740,9213,15,2,255.83,0.0
20741,9214,250,2,761.52,0.0
20742,9215,121,1,223.46,0.0
20743,9216,20,1,339.73,0.0
20744,9216,6,2,34.19,5.0
20745,9216,168,4,838.87,0.0
20746,9217,5,5,597.45,10.0
20747,9217,24,1,584.38,5.0
20748,9218,27,5,287.02,0.0
20749,9218,45,1,456.92,0.0
20750,9219,28,1,662.55,0.0
20751,9219,42,1,880.29,0.0
20752,9219,9,1,217.62,0.0
20753,9219,98,4,932.39,0.0
20754,9220,12,1,677.11,0.0
20755,9220,20,2,339.73,0.0
20756,9220,13,1,800.5,0.0
20757,9220,35,1,633.08,0.0
20758,9221,168,2,838.87,0.0
20759,9221,172,2,225.41,0.0
20760,9222,210,1,664.24,0.0
20761,9223,18,1,818.1,0.0
20762,9223,16,1,973.78,0.0
20763,9223,37,1,1009.52,5.0
20764,9224,35,2,633.08,15.0
20765,9224,38,1,1016.34,0.0
20766,9224,34,2,43.21,0.0
20767,9225,3,1,557.91,5.0
20768,9225,37,1,1009.52,0.0
20769,9226,4,1,583.61,0.0
20770,9226,50,1,994.53,0.0
20771,9226,119,1,891.47,0.0
20772,9227,168,1,838.87,0.0
20773,9227,56,2,776.63,0.0
20774,9227,77,1,561.47,0.0
20775,9228,38,3,1016.34,20.0
20776,9228,11,2,202.6,0.0
20777,9229,105,1,888.35,0.0
20778,9230,44,2,930.25,5.0
20779,9230,38,2,1016.34,0.0
20780,9230,3,1,557.91,0.0
20781,9230,52,2,994.18,0.0
20782,9230,48,1,358.48,5.0
20783,9231,6,2,34.19,0.0
20784,9231,16,1,973.78,0.0
20785,9232,114,4,279.33,15.0
20786,9233,29,1,981.65,10.0
20787,9233,101,3,462.13,0.0
20788,9233,32,2,320.79,20.0
20789,9234,11,1,202.6,0.0
20790,9234,27,1,287.02,0.0
20791,9235,39,1,758.76,5.0
20792,9235,40,4,520.37,0.0
20793,9235,218,1,658.32,5.0
20794,9236,39,1,758.76,0.0
20795,9236,78,2,1047.68,0.0
20796,9237,1,1,643.08,0.0
20797,9238,233,1,27.46,5.0
20798,9238,88,1,757.47,0.0
20799,9238,33,1,947.92,5.0
20800,9238,44,1,930.25,0.0
20801,9239,39,1,758.76,10.0
20802,9239,2,1,394.13,0.0
20803,9239,40,1,520.37,5.0
20804,9240,32,2,320.79,5.0
20805,9241,160,2,248.36,5.0
20806,9242,40,1,520.37,15.0
20807,9242,33,1,947.92,0.0
20808,9243,174,1,911.18,0.0
20809,9243,160,1,248.36,0.0
20810,9244,52,3,994.18,15.0
20811,9244,51,5,774.23,15.0
20812,9245,40,3,520.37,0.0
20813,9245,197,1,893.87,10.0
20814,9246,99,1,255.18,5.0
20815,9246,166,1,881.42,5.0
20816,9247,80,1,275.45,5.0
20817,9247,21,1,851.91,0.0
20818,9248,176,1,576.9,0.0
20819,9249,5,1,597.45,0.0
20820,9249,18,2,818.1,10.0
20821,9250,20,2,339.73,0.0
20822,9250,36,2,72.7,0.0
20823,9251,48,4,358.48,0.0
20824,9251,44,1,930.25,0.0
20825,9252,15,1,255.83,0.0
20826,9253,2,1,394.13,10.0
20827,9253,35,1,633.08,0.0
20828,9253,238,2,31.94,0.0
20829,9254,35,1,633.08,0.0
20830,9255,13,2,800.5,10.0
20831,9255,37,1,1009.52,0.0
20832,9255,20,4,339.73,0.0
20833,9256,42,1,880.29,0.0
20834,9257,29,1,981.65,0.0
20835,9258,33,4,947.92,0.0
20836,9258,5,4,597.45,0.0
20837,9259,2,1,394.13,0.0
20838,9259,6,2,34.19,5.0
20839,9259,87,1,812.54,0.0
20840,9259,29,1,981.65,0.0
20841,9259,36,2,72.7,0.0
20842,9260,38,1,1016.34,0.0
20843,9260,45,1,456.92,10.0
20844,9260,13,1,800.5,10.0
20845,9260,23,1,236.54,0.0
20846,9261,13,2,800.5,0.0
20847,9261,14,1,149.0,20.0
20848,9262,20,1,339.73,5.0
20849,9262,33,3,947.92,0.0
20850,9263,36,3,72.7,0.0
20851,9263,234,1,670.43,5.0
20852,9264,35,1,633.08,0.0
20853,9264,37,2,1009.52,0.0
20854,9265,11,2,202.6,10.0
20855,9265,176,1,576.9,0.0
20856,9266,5,1,597.45,10.0
20857,9266,29,1,981.65,0.0
20858,9266,14,1,149.0,0.0
20859,9267,19,1,604.84,10.0
20860,9267,41,1,176.54,10.0
20861,9268,74,3,166.27,0.0
20862,9268,33,2,947.92,5.0
20863,9268,254,1,1202.51,0.0
20864,9268,228,2,24.69,5.0
20865,9269,117,2,659.17,0.0
20866,9269,45,3,456.92,0.0
20867,9269,9,1,217.62,20.0
20868,9270,96,2,1121.55,0.0
20869,9270,13,1,800.5,0.0
20870,9271,17,1,173.9,0.0
20871,9271,5,3,597.45,0.0
20872,9271,28,1,662.55,0.0
20873,9271,9,1,217.62,15.0
20874,9271,52,1,994.18,0.0
20875,9272,36,2,72.7,5.0
20876,9272,27,1,287.02,5.0
20877,9272,44,2,930.25,0.0
20878,9272,37,1,1009.52,10.0
20879,9272,199,2,989.05,0.0
20880,9273,10,1,132.89,0.0
20881,9273,39,3,758.76,0.0
20882,9274,93,1,626.68,0.0
20883,9274,212,1,665.42,0.0
20884,9274,27,1,287.02,5.0
20885,9275,79,4,861.19,15.0
20886,9275,55,2,479.69,0.0
20887,9276,23,1,236.54,10.0
20888,9276,27,2,287.02,20.0
20889,9277,174,2,911.18,10.0
20890,9277,4,3,583.61,0.0
20891,9278,30,2,658.15,0.0
20892,9279,49,1,1020.52,0.0
20893,9279,35,1,633.08,10.0
20894,9279,124,1,729.75,0.0
20895,9279,41,1,176.54,20.0
20896,9280,210,2,664.24,0.0
20897,9280,46,2,854.22,0.0
20898,9281,12,1,677.11,0.0
20899,9281,6,1,34.19,0.0
20900,9281,17,1,173.9,0.0
20901,9282,34,1,43.21,0.0
20902,9282,1,1,643.08,20.0
20903,9282,243,1,1116.94,10.0
20904,9282,44,1,930.25,0.0
20905,9283,23,1,236.54,0.0
20906,9283,49,1,1020.52,0.0
20907,9283,1,1,643.08,0.0
20908,9284,147,2,490.87,0.0
20909,9284,133,2,245.7,0.0
20910,9284,19,1,604.84,0.0
20911,9284,43,2,935.97,0.0
20912,9284,22,2,457.79,0.0
20913,9285,41,1,176.54,20.0
20914,9285,23,2,236.54,0.0
20915,9286,15,1,255.83,0.0
20916,9286,125,1,128.01,0.0
20917,9286,10,2,132.89,0.0
20918,9287,7,1,62.52,15.0
20919,9287,204,1,504.77,5.0
20920,9288,12,1,677.11,10.0
20921,9288,51,1,774.23,0.0
20922,9289,1,2,643.08,0.0
20923,9289,17,2,173.9,0.0
20924,9290,21,2,851.91,0.0
20925,9291,14,1,149.0,0.0
20926,9291,5,1,597.45,15.0
20927,9291,25,2,631.62,0.0
20928,9291,211,1,1092.93,0.0
20929,9291,20,1,339.73,0.0
20930,9292,257,2,118.54,0.0
20931,9293,183,1,473.71,0.0
20932,9293,7,1,62.52,0.0
20933,9293,2,1,394.13,0.0
20934,9294,3,1,557.91,0.0
20935,9294,9,1,217.62,0.0
20936,9295,8,1,542.39,20.0
20937,9295,170,2,814.48,0.0
20938,9295,50,1,994.53,0.0
20939,9295,180,1,1017.24,5.0
20940,9296,3,1,557.91,0.0
20941,9296,25,1,631.62,15.0
20942,9296,45,1,456.92,0.0
20943,9297,51,2,774.23,0.0
20944,9297,3,2,557.91,0.0
20945,9298,17,2,173.9,0.0
20946,9299,49,1,1020.52,0.0
20947,9299,23,1,236.54,5.0
20948,9299,25,3,631.62,0.0
20949,9299,5,2,597.45,0.0
20950,9300,9,4,217.62,5.0
20951,9301,154,4,667.55,0.0
20952,9301,48,2,358.48,20.0
20953,9301,135,1,277.82,0.0
20954,9301,141,1,991.87,0.0
20955,9301,25,1,631.62,0.0
20956,9302,25,1,631.62,15.0
20957,9302,10,3,132.89,0.0
20958,9302,9,1,217.62,0.0
20959,9303,43,1,935.97,0.0
20960,9303,192,1,282.66,5.0
20961,9303,40,1,520.37,0.0
20962,9304,40,1,520.37,20.0
20963,9304,48,1,358.48,0.0
20964,9304,42,3,880.29,5.0
20965,9304,5,1,597.45,5.0
20966,9304,31,3,185.47,0.0
20967,9305,37,1,1009.52,0.0
20968,9306,137,5,424.86,10.0
20969,9306,29,2,981.65,0.0
20970,9306,42,1,880.29,0.0
20971,9307,35,1,633.08,10.0
20972,9307,32,1,320.79,0.0
20973,9308,18,3,818.1,0.0
20974,9309,11,2,202.6,0.0
20975,9309,38,1,1016.34,0.0
20976,9310,27,1,287.02,0.0
20977,9311,36,5,72.7,0.0
20978,9311,174,3,911.18,15.0
20979,9311,35,1,633.08,0.0
20980,9312,205,1,227.28,0.0
20981,9312,27,1,287.02,0.0
20982,9313,10,1,132.89,0.0
20983,9313,21,5,851.91,15.0
20984,9314,7,3,62.52,5.0
20985,9315,253,1,352.37,0.0
20986,9315,9,1,217.62,0.0
20987,9315,41,2,176.54,0.0
20988,9316,4,1,583.61,0.0
20989,9316,41,1,176.54,0.0
20990,9316,16,1,973.78,15.0
20991,9317,29,1,981.65,0.0
20992,9317,139,2,544.47,15.0
20993,9317,8,3,542.39,0.0
20994,9317,252,1,686.58,15.0
20995,9318,219,2,503.95,0.0
20996,9318,5,2,597.45,0.0
20997,9319,20,1,339.73,0.0
20998,9319,178,2,512.5,0.0
20999,9319,10,1,132.89,15.0
21000,9320,13,2,800.5,0.0
21001,9320,50,1,994.53,10.0
21002,9321,39,1,758.76,10.0
21003,9322,157,1,388.76,0.0
21004,9322,48,1,358.48,0.0
21005,9322,50,1,994.53,0.0
21006,9323,20,1,339.73,0.0
21007,9324,11,2,202.6,0.0
21008,9324,74,3,166.27,20.0
21009,9325,3,1,557.91,0.0
21010,9326,252,1,686.58,10.0
21011,9326,222,1,752.95,10.0
21012,9326,51,1,774.23,0.0
21013,9327,16,1,973.78,0.0
21014,9327,88,1,757.47,0.0
21015,9327,26,2,204.87,5.0
21016,9327,194,3,328.13,10.0
21017,9327,32,3,320.79,0.0
21018,9328,11,4,202.6,0.0
21019,9328,4,1,583.61,0.0
21020,9328,33,1,947.92,5.0
21021,9328,16,1,973.78,0.0
21022,9328,76,3,920.83,0.0
21023,9329,72,1,474.04,0.0
21024,9329,41,2,176.54,0.0
21025,9329,3,2,557.91,0.0
21026,9330,134,2,426.27,0.0
21027,9330,27,1,287.02,10.0
21028,9331,60,2,165.23,0.0
21029,9331,39,3,758.76,15.0
21030,9332,15,3,255.83,10.0
21031,9333,30,1,658.15,20.0
21032,9333,5,1,597.45,0.0
21033,9334,40,2,520.37,10.0
21034,9335,17,1,173.9,0.0
21035,9335,18,1,818.1,5.0
21036,9335,240,1,81.35,0.0
21037,9335,30,2,658.15,0.0
21038,9336,3,1,557.91,0.0
21039,9336,7,2,62.52,5.0
21040,9336,222,3,752.95,0.0
21041,9337,20,3,339.73,0.0
21042,9337,12,2,677.11,0.0
21043,9338,7,1,62.52,10.0
21044,9338,18,1,818.1,0.0
21045,9339,30,1,658.15,0.0
21046,9340,13,1,800.5,10.0
21047,9341,30,2,658.15,10.0
21048,9341,38,4,1016.34,0.0
21049,9342,46,1,854.22,20.0
21050,9342,31,2,185.47,0.0
21051,9343,48,1,358.48,0.0
21052,9343,42,1,880.29,0.0
21053,9343,2,1,394.13,0.0
21054,9344,24,2,584.38,0.0
21055,9345,40,2,520.37,15.0
21056,9345,1,2,643.08,0.0
21057,9346,17,3,173.9,0.0
21058,9347,33,1,947.92,0.0
21059,9347,6,1,34.19,0.0
21060,9348,44,2,930.25,0.0
21061,9349,37,5,1009.52,0.0
21062,9349,41,1,176.54,0.0
21063,9349,24,1,584.38,0.0
21064,9350,16,1,973.78,0.0
21065,9350,17,2,173.9,0.0
21066,9351,11,4,202.6,0.0
21067,9351,52,3,994.18,10.0
21068,9351,10,1,132.89,10.0
21069,9352,10,2,132.89,0.0
21070,9353,41,2,176.54,0.0
21071,9353,149,2,668.87,20.0
21072,9354,33,1,947.92,0.0
21073,9355,111,2,932.22,5.0
21074,9355,42,1,880.29,20.0
21075,9356,51,1,774.23,0.0
21076,9356,4,2,583.61,10.0
21077,9356,27,2,287.02,0.0
21078,9357,7,3,62.52,0.0
21079,9357,51,3,774.23,0.0
21080,9357,20,2,339.73,0.0
21081,9358,102,1,352.97,0.0
21082,9358,42,1,880.29,0.0
21083,9359,103,2,656.03,0.0
21084,9359,90,1,491.54,0.0
21085,9359,31,1,185.47,5.0
21086,9360,3,2,557.91,5.0
21087,9361,20,1,339.73,5.0
21088,9361,2,1,394.13,0.0
21089,9362,48,2,358.48,0.0
21090,9363,5,3,597.45,20.0
21091,9363,13,1,800.5,20.0
21092,9363,41,1,176.54,10.0
21093,9364,33,1,947.92,0.0
21094,9364,11,2,202.6,0.0
21095,9365,239,2,269.05,0.0
21096,9365,34,1,43.21,0.0
21097,9365,47,1,459.02,0.0
21098,9366,38,1,1016.34,0.0
21099,9366,87,1,812.54,0.0
21100,9366,192,2,282.66,15.0
21101,9367,51,2,774.23,0.0
21102,9367,244,1,902.38,5.0
21103,9367,101,1,462.13,5.0
21104,9368,34,2,43.21,20.0
21105,9368,6,1,34.19,0.0
21106,9368,36,1,72.7,20.0
21107,9369,37,1,1009.52,0.0
21108,9369,29,2,981.65,0.0
21109,9370,32,2,320.79,0.0
21110,9370,2,3,394.13,10.0
21111,9370,21,1,851.91,0.0
21112,9371,38,1,1016.34,5.0
21113,9371,208,2,1182.18,0.0
21114,9371,6,5,34.19,0.0
21115,9371,88,2,757.47,5.0
21116,9372,16,1,973.78,0.0
21117,9373,12,1,677.11,0.0
21118,9373,4,1,583.61,0.0
21119,9374,8,1,542.39,0.0
21120,9374,42,1,880.29,0.0
21121,9375,91,1,291.37,0.0
21122,9376,239,2,269.05,0.0
21123,9376,49,1,1020.52,0.0
21124,9376,25,2,631.62,0.0
21125,9377,35,1,633.08,0.0
21126,9378,49,2,1020.52,10.0
21127,9378,244,1,902.38,10.0
21128,9378,51,2,774.23,0.0
21129,9379,29,4,981.65,15.0
21130,9379,4,1,583.61,0.0
21131,9379,39,1,758.76,0.0
21132,9380,47,1,459.02,0.0
21133,9381,49,1,1020.52,15.0
21134,9381,115,1,625.25,10.0
21135,9382,1,1,643.08,20.0
21136,9383,91,2,291.37,0.0
21137,9383,23,3,236.54,0.0
21138,9383,38,1,1016.34,0.0
21139,9383,10,2,132.89,0.0
21140,9384,40,1,520.37,0.0
21141,9384,15,1,255.83,10.0
21142,9384,17,2,173.9,0.0
21143,9384,46,1,854.22,0.0
21144,9385,196,2,925.9,0.0
21145,9386,1,2,643.08,0.0
21146,9387,28,1,662.55,0.0
21147,9387,4,1,583.61,5.0
21148,9387,26,2,204.87,5.0
21149,9387,169,3,863.12,10.0
21150,9387,51,2,774.23,0.0
21151,9388,70,2,532.42,0.0
21152,9389,2,1,394.13,10.0
21153,9389,42,2,880.29,10.0
21154,9390,121,1,223.46,0.0
21155,9391,14,1,149.0,5.0
21156,9391,92,1,549.63,5.0
21157,9391,177,1,592.34,0.0
21158,9392,48,5,358.48,0.0
21159,9392,18,1,818.1,10.0
21160,9393,35,1,633.08,0.0
21161,9393,51,5,774.23,0.0
21162,9394,40,1,520.37,0.0
21163,9395,212,2,665.42,0.0
21164,9396,55,1,479.69,5.0
21165,9396,37,2,1009.52,0.0
21166,9396,10,1,132.89,0.0
21167,9397,40,1,520.37,0.0
21168,9397,51,1,774.23,15.0
21169,9398,164,1,211.12,0.0
21170,9398,24,1,584.38,0.0
21171,9399,111,1,932.22,5.0
21172,9399,194,1,328.13,0.0
21173,9399,189,2,816.04,0.0
21174,9400,163,3,234.62,0.0
21175,9400,102,1,352.97,0.0
21176,9401,30,1,658.15,0.0
21177,9402,81,2,77.19,5.0
21178,9402,46,2,854.22,0.0
21179,9403,44,1,930.25,0.0
21180,9403,41,1,176.54,0.0
21181,9403,14,1,149.0,0.0
21182,9403,78,2,1047.68,0.0
21183,9403,115,1,625.25,0.0
21184,9404,33,2,947.92,0.0
21185,9404,95,1,179.64,0.0
21186,9404,45,1,456.92,20.0
21187,9405,13,2,800.5,0.0
21188,9406,28,2,662.55,0.0
21189,9406,24,3,584.38,10.0
21190,9406,42,1,880.29,0.0
21191,9407,39,1,758.76,5.0
21192,9408,50,1,994.53,0.0
21193,9408,14,3,149.0,0.0
21194,9408,11,3,202.6,10.0
21195,9408,35,1,633.08,0.0
21196,9409,36,2,72.7,15.0
21197,9409,46,1,854.22,0.0
21198,9410,51,3,774.23,0.0
21199,9410,4,2,583.61,0.0
21200,9411,25,1,631.62,0.0
21201,9412,38,1,1016.34,0.0
21202,9413,6,2,34.19,0.0
21203,9413,25,2,631.62,0.0
21204,9413,49,1,1020.52,20.0
21205,9414,7,1,62.52,0.0
21206,9414,47,1,459.02,10.0
21207,9414,30,1,658.15,20.0
21208,9414,137,2,424.86,20.0
21209,9415,33,1,947.92,0.0
21210,9416,40,1,520.37,0.0
21211,9417,163,1,234.62,10.0
21212,9418,35,2,633.08,0.0
21213,9419,38,1,1016.34,20.0
21214,9419,44,1,930.25,0.0
21215,9419,31,1,185.47,10.0
21216,9419,59,1,251.22,0.0
21217,9419,42,2,880.29,0.0
21218,9420,156,1,410.55,0.0
21219,9420,234,1,670.43,0.0
21220,9420,44,3,930.25,20.0
21221,9420,12,1,677.11,20.0
21222,9421,123,2,272.6,0.0
21223,9421,16,1,973.78,0.0
21224,9421,27,2,287.02,5.0
21225,9421,149,2,668.87,0.0
21226,9422,39,4,758.76,0.0
21227,9422,204,1,504.77,0.0
21228,9423,7,4,62.52,0.0
21229,9423,42,2,880.29,0.0
21230,9424,41,2,176.54,0.0
21231,9425,234,1,670.43,0.0
21232,9426,23,2,236.54,15.0
21233,9426,52,1,994.18,0.0
21234,9427,18,1,818.1,15.0
21235,9427,33,1,947.92,0.0
21236,9427,46,1,854.22,0.0
21237,9427,42,3,880.29,0.0
21238,9428,48,1,358.48,5.0
21239,9428,11,2,202.6,0.0
21240,9428,34,1,43.21,0.0
21241,9429,64,1,586.27,10.0
21242,9430,18,1,818.1,0.0
21243,9430,24,1,584.38,0.0
21244,9431,52,2,994.18,0.0
21245,9432,30,2,658.15,20.0
21246,9432,29,1,981.65,0.0
21247,9432,23,1,236.54,5.0
21248,9433,38,1,1016.34,0.0
21249,9433,28,1,662.55,10.0
21250,9433,44,3,930.25,20.0
21251,9433,139,2,544.47,0.0
21252,9434,207,1,991.04,10.0
21253,9435,94,1,914.43,0.0
21254,9435,47,2,459.02,15.0
21255,9436,34,1,43.21,0.0
21256,9436,9,4,217.62,10.0
21257,9436,10,2,132.89,0.0
21258,9436,50,1,994.53,20.0
21259,9436,37,1,1009.52,0.0
21260,9437,52,1,994.18,10.0
21261,9437,39,2,758.76,0.0
21262,9437,14,2,149.0,0.0
21263,9438,3,1,557.91,0.0
21264,9438,226,4,855.84,0.0
21265,9439,32,2,320.79,0.0
21266,9440,49,3,1020.52,0.0
21267,9440,142,1,89.71,5.0
21268,9441,44,3,930.25,0.0
21269,9441,18,2,818.1,5.0
21270,9441,52,1,994.18,5.0
21271,9441,21,3,851.91,0.0
21272,9442,50,2,994.53,0.0
21273,9442,31,2,185.47,0.0
21274,9443,23,3,236.54,0.0
21275,9443,42,5,880.29,0.0
21276,9443,58,1,473.18,10.0
21277,9444,3,5,557.91,10.0
21278,9444,10,1,132.89,20.0
21279,9444,20,1,339.73,0.0
21280,9445,20,2,339.73,0.0
21281,9445,31,1,185.47,0.0
21282,9445,4,2,583.61,0.0
21283,9446,238,1,31.94,5.0
21284,9446,31,1,185.47,0.0
21285,9447,172,1,225.41,10.0
21286,9447,142,2,89.71,0.0
21287,9447,189,1,816.04,0.0
21288,9447,12,1,677.11,5.0
21289,9448,15,1,255.83,0.0
21290,9448,47,1,459.02,0.0
21291,9449,5,4,597.45,20.0
21292,9449,13,5,800.5,0.0
21293,9449,29,2,981.65,10.0
21294,9450,13,1,800.5,20.0
21295,9450,16,1,973.78,10.0
21296,9451,21,2,851.91,15.0
21297,9452,5,1,597.45,15.0
21298,9452,11,1,202.6,10.0
21299,9452,52,1,994.18,20.0
21300,9453,30,1,658.15,0.0
21301,9454,191,1,733.3,5.0
21302,9455,18,1,818.1,0.0
21303,9455,50,5,994.53,0.0
21304,9456,39,3,758.76,0.0
21305,9456,45,3,456.92,0.0
21306,9456,37,1,1009.52,0.0
21307,9456,21,2,851.91,5.0
21308,9457,36,1,72.7,5.0
21309,9457,11,1,202.6,0.0
21310,9457,51,4,774.23,10.0
21311,9457,23,1,236.54,0.0
21312,9458,31,2,185.47,0.0
21313,9458,44,5,930.25,0.0
21314,9458,43,1,935.97,0.0
21315,9458,38,1,1016.34,0.0
21316,9459,6,1,34.19,0.0
21317,9459,114,1,279.33,0.0
21318,9460,137,1,424.86,0.0
21319,9460,49,1,1020.52,0.0
21320,9461,51,1,774.23,0.0
21321,9461,19,4,604.84,0.0
21322,9462,1,3,643.08,0.0
21323,9463,32,3,320.79,0.0
21324,9464,7,1,62.52,0.0
21325,9464,26,1,204.87,0.0
21326,9465,3,3,557.91,0.0
21327,9466,1,1,643.08,0.0
21328,9467,17,1,173.9,5.0
21329,9467,48,1,358.48,0.0
21330,9467,14,1,149.0,0.0
21331,9467,16,2,973.78,0.0
21332,9467,93,1,626.68,0.0
21333,9468,21,2,851.91,0.0
21334,9469,1,1,643.08,10.0
21335,9470,52,1,994.18,0.0
21336,9471,6,1,34.19,0.0
21337,9471,140,2,441.37,0.0
21338,9471,29,2,981.65,20.0
21339,9472,26,2,204.87,0.0
21340,9472,18,2,818.1,10.0
21341,9472,17,2,173.9,0.0
21342,9472,245,5,396.55,15.0
21343,9473,31,4,185.47,5.0
21344,9473,211,2,1092.93,5.0
21345,9474,16,1,973.78,0.0
21346,9475,40,2,520.37,0.0
21347,9475,47,2,459.02,0.0
21348,9476,188,1,720.38,5.0
21349,9476,32,2,320.79,10.0
21350,9477,40,2,520.37,5.0
21351,9478,49,1,1020.52,0.0
21352,9478,21,1,851.91,15.0
21353,9479,23,1,236.54,0.0
21354,9479,52,1,994.18,0.0
21355,9479,26,1,204.87,0.0
21356,9479,50,1,994.53,0.0
21357,9480,8,1,542.39,0.0
21358,9480,201,1,232.35,20.0
21359,9480,33,4,947.92,0.0
21360,9480,15,2,255.83,0.0
21361,9480,11,1,202.6,0.0
21362,9481,9,2,217.62,0.0
21363,9481,156,1,410.55,5.0
21364,9482,36,1,72.7,0.0
21365,9482,23,1,236.54,0.0
21366,9483,33,1,947.92,0.0
21367,9483,26,1,204.87,20.0
21368,9484,4,5,583.61,0.0
21369,9484,140,2,441.37,5.0
21370,9485,43,1,935.97,0.0
21371,9486,10,4,132.89,0.0
21372,9486,102,2,352.97,0.0
21373,9486,41,2,176.54,0.0
21374,9486,7,1,62.52,20.0
21375,9486,48,1,358.48,0.0
21376,9487,23,1,236.54,0.0
21377,9487,24,1,584.38,0.0
21378,9487,154,1,667.55,0.0
21379,9488,176,2,576.9,0.0
21380,9488,42,2,880.29,10.0
21381,9488,6,3,34.19,0.0
21382,9489,15,3,255.83,20.0
21383,9490,32,1,320.79,0.0
21384,9491,21,1,851.91,0.0
21385,9491,37,5,1009.52,0.0
21386,9492,43,1,935.97,0.0
21387,9492,10,1,132.89,0.0
21388,9493,257,1,118.54,0.0
21389,9493,16,1,973.78,0.0
21390,9494,39,1,758.76,0.0
21391,9495,135,1,277.82,10.0
21392,9495,39,1,758.76,0.0
21393,9496,12,1,677.11,0.0
21394,9496,2,1,394.13,5.0
21395,9496,50,1,994.53,0.0
21396,9497,13,1,800.5,0.0
21397,9497,26,1,204.87,0.0
21398,9498,256,1,83.37,0.0
21399,9498,174,3,911.18,0.0
21400,9499,10,1,132.89,0.0
21401,9499,13,1,800.5,0.0
21402,9499,133,4,245.7,0.0
21403,9499,172,1,225.41,0.0
21404,9499,21,4,851.91,0.0
21405,9500,142,1,89.71,0.0
21406,9501,48,1,358.48,0.0
21407,9501,34,4,43.21,10.0
21408,9502,8,1,542.39,20.0
21409,9502,46,1,854.22,10.0
21410,9503,28,3,662.55,0.0
21411,9503,49,1,1020.52,0.0
21412,9504,6,1,34.19,0.0
21413,9504,238,1,31.94,5.0
21414,9504,41,3,176.54,0.0
21415,9505,36,1,72.7,0.0
21416,9505,26,1,204.87,0.0
21417,9506,22,2,457.79,0.0
21418,9507,215,3,429.74,0.0
21419,9507,134,1,426.27,0.0
21420,9508,3,1,557.91,0.0
21421,9509,193,1,948.3,0.0
21422,9510,43,1,935.97,0.0
21423,9511,159,1,220.27,0.0
21424,9511,44,2,930.25,0.0
21425,9512,4,5,583.61,15.0
21426,9512,21,1,851.91,0.0
21427,9512,47,1,459.02,20.0
21428,9513,22,1,457.79,0.0
21429,9513,226,1,855.84,0.0
21430,9513,30,2,658.15,0.0
21431,9513,50,2,994.53,0.0
21432,9514,8,3,542.39,15.0
21433,9515,15,1,255.83,5.0
21434,9515,47,1,459.02,0.0
21435,9515,31,1,185.47,0.0
21436,9516,3,2,557.91,15.0
21437,9516,24,1,584.38,0.0
21438,9517,10,4,132.89,15.0
21439,9518,9,1,217.62,10.0
21440,9518,218,1,658.32,0.0
21441,9518,64,2,586.27,0.0
21442,9519,29,3,981.65,0.0
21443,9520,31,2,185.47,0.0
21444,9520,15,1,255.83,0.0
21445,9521,51,1,774.23,0.0
21446,9521,32,1,320.79,0.0
21447,9522,21,2,851.91,0.0
21448,9522,27,1,287.02,0.0
21449,9522,43,1,935.97,0.0
21450,9522,6,3,34.19,20.0
21451,9522,5,1,597.45,0.0
21452,9523,47,1,459.02,0.0
21453,9524,47,2,459.02,0.0
21454,9524,36,1,72.7,15.0
21455,9525,20,1,339.73,0.0
21456,9526,32,1,320.79,15.0
21457,9527,8,2,542.39,10.0
21458,9527,28,1,662.55,0.0
21459,9527,187,3,215.12,0.0
21460,9528,45,1,456.92,5.0
21461,9528,50,1,994.53,0.0
21462,9528,27,1,287.02,10.0
21463,9528,15,1,255.83,0.0
21464,9529,22,1,457.79,0.0
21465,9529,30,1,658.15,10.0
21466,9529,51,1,774.23,20.0
21467,9530,51,1,774.23,5.0
21468,9531,4,1,583.61,20.0
21469,9532,35,2,633.08,0.0
21470,9532,36,1,72.7,0.0
21471,9533,15,2,255.83,0.0
21472,9534,6,3,34.19,0.0
21473,9535,13,1,800.5,20.0
21474,9535,69,2,819.14,0.0
21475,9536,51,2,774.23,5.0
21476,9536,33,5,947.92,5.0
21477,9537,43,3,935.97,0.0
21478,9537,19,2,604.84,15.0
21479,9538,224,1,402.49,10.0
21480,9538,16,1,973.78,5.0
21481,9539,31,1,185.47,15.0
21482,9540,161,1,417.52,5.0
21483,9541,147,3,490.87,0.0
21484,9541,20,2,339.73,0.0
21485,9541,52,2,994.18,0.0
21486,9542,181,2,115.49,0.0
21487,9542,16,1,973.78,0.0
21488,9542,19,1,604.84,0.0
21489,9543,48,2,358.48,0.0
21490,9544,175,4,628.11,0.0
21491,9545,29,2,981.65,0.0
21492,9546,1,1,643.08,10.0
21493,9547,30,1,658.15,0.0
21494,9547,3,2,557.91,5.0
21495,9547,4,1,583.61,10.0
21496,9547,44,1,930.25,0.0
21497,9547,47,3,459.02,0.0
21498,9548,38,3,1016.34,0.0
21499,9548,22,1,457.79,0.0
21500,9549,11,1,202.6,0.0
21501,9550,190,1,998.17,0.0
21502,9550,243,1,1116.94,0.0
21503,9550,36,2,72.7,0.0
21504,9550,11,1,202.6,0.0
21505,9551,17,1,173.9,10.0
21506,9551,2,1,394.13,0.0
21507,9552,39,1,758.76,0.0
21508,9552,15,3,255.83,0.0
21509,9553,207,1,991.04,10.0
21510,9553,23,4,236.54,15.0
21511,9554,12,3,677.11,0.0
21512,9554,7,3,62.52,10.0
21513,9555,16,1,973.78,0.0
21514,9555,28,1,662.55,10.0
21515,9555,48,1,358.48,0.0
21516,9556,21,2,851.91,10.0
21517,9556,36,2,72.7,0.0
21518,9557,39,1,758.76,0.0
21519,9557,49,1,1020.52,10.0
21520,9557,44,1,930.25,0.0
21521,9557,35,1,633.08,0.0
21522,9558,10,2,132.89,10.0
21523,9558,24,2,584.38,0.0
21524,9558,11,1,202.6,0.0
21525,9559,30,3,658.15,0.0
21526,9559,226,2,855.84,20.0
21527,9559,93,2,626.68,0.0
21528,9559,21,1,851.91,0.0
21529,9560,35,1,633.08,0.0
21530,9560,50,1,994.53,10.0
21531,9561,25,3,631.62,20.0
21532,9562,81,1,77.19,0.0
21533,9562,28,1,662.55,0.0
21534,9563,8,1,542.39,0.0
21535,9564,214,3,836.23,5.0
21536,9565,39,3,758.76,5.0
21537,9565,51,1,774.23,5.0
21538,9566,3,1,557.91,0.0
21539,9566,52,5,994.18,0.0
21540,9567,43,3,935.97,0.0
21541,9567,54,3,21.31,0.0
21542,9567,41,1,176.54,0.0
21543,9568,28,3,662.55,0.0
21544,9568,43,1,935.97,15.0
21545,9569,39,1,758.76,5.0
21546,9569,8,3,542.39,0.0
21547,9569,43,2,935.97,0.0
21548,9570,28,1,662.55,0.0
21549,9570,244,2,902.38,0.0
21550,9571,44,1,930.25,5.0
21551,9571,6,1,34.19,5.0
21552,9572,21,1,851.91,10.0
21553,9572,48,1,358.48,0.0
21554,9572,9,2,217.62,10.0
21555,9572,256,2,83.37,0.0
21556,9572,14,1,149.0,0.0
21557,9573,8,2,542.39,0.0
21558,9574,19,2,604.84,0.0
21559,9575,123,3,272.6,5.0
21560,9575,18,1,818.1,0.0
21561,9576,42,3,880.29,20.0
21562,9577,39,1,758.76,5.0
21563,9577,52,1,994.18,0.0
21564,9578,18,1,818.1,0.0
21565,9578,47,1,459.02,10.0
21566,9579,29,1,981.65,0.0
21567,9579,1,2,643.08,0.0
21568,9580,22,3,457.79,0.0
21569,9580,26,2,204.87,0.0
21570,9580,80,1,275.45,5.0
21571,9581,254,4,1202.51,0.0
21572,9582,4,3,583.61,0.0
21573,9583,47,2,459.02,0.0
21574,9583,37,1,1009.52,0.0
21575,9584,27,1,287.02,0.0
21576,9584,32,2,320.79,0.0
21577,9585,8,1,542.39,0.0
21578,9586,27,3,287.02,0.0
21579,9586,49,1,1020.52,0.0
21580,9587,10,2,132.89,0.0
21581,9587,46,1,854.22,0.0
21582,9587,26,1,204.87,0.0
21583,9588,174,1,911.18,5.0
21584,9589,46,1,854.22,0.0
21585,9589,21,1,851.91,0.0
21586,9589,254,1,1202.51,10.0
21587,9589,47,1,459.02,0.0
21588,9590,5,1,597.45,0.0
21589,9590,45,1,456.92,0.0
21590,9590,9,1,217.62,5.0
21591,9591,48,3,358.48,0.0
21592,9591,117,1,659.17,5.0
21593,9592,6,1,34.19,0.0
21594,9592,19,1,604.84,0.0
21595,9592,217,2,308.65,0.0
21596,9592,5,3,597.45,0.0
21597,9593,24,1,584.38,0.0
21598,9593,86,2,1193.28,0.0
21599,9593,44,4,930.25,0.0
21600,9593,31,1,185.47,0.0
21601,9594,28,1,662.55,0.0
21602,9594,48,1,358.48,10.0
21603,9594,10,1,132.89,0.0
21604,9594,137,1,424.86,0.0
21605,9594,96,2,1121.55,0.0
21606,9595,11,1,202.6,0.0
21607,9595,9,1,217.62,0.0
21608,9596,16,1,973.78,0.0
21609,9596,4,3,583.61,5.0
21610,9597,45,1,456.92,0.0
21611,9597,44,1,930.25,0.0
21612,9597,7,1,62.52,0.0
21613,9598,23,1,236.54,0.0
21614,9599,159,1,220.27,0.0
21615,9599,14,1,149.0,0.0
21616,9600,44,1,930.25,0.0
21617,9600,50,1,994.53,0.0
21618,9600,34,1,43.21,0.0
21619,9601,23,1,236.54,0.0
21620,9601,43,1,935.97,10.0
21621,9602,51,1,774.23,15.0
21622,9603,36,2,72.7,0.0
21623,9603,45,2,456.92,10.0
21624,9603,41,1,176.54,0.0
21625,9603,13,1,800.5,0.0
21626,9604,4,5,583.61,0.0
21627,9604,34,1,43.21,0.0
21628,9605,9,1,217.62,0.0
21629,9605,48,1,358.48,0.0
21630,9605,34,1,43.21,0.0
21631,9606,26,1,204.87,0.0
21632,9606,52,2,994.18,0.0
21633,9607,2,1,394.13,0.0
21634,9607,27,3,287.02,5.0
21635,9607,10,3,132.89,0.0
21636,9607,178,1,512.5,0.0
21637,9608,3,1,557.91,0.0
21638,9608,178,1,512.5,0.0
21639,9609,9,1,217.62,0.0
21640,9609,89,1,568.71,10.0
21641,9609,45,1,456.92,20.0
21642,9610,41,1,176.54,10.0
21643,9610,24,2,584.38,20.0
21644,9610,257,1,118.54,0.0
21645,9610,30,1,658.15,0.0
21646,9611,136,1,185.33,0.0
21647,9612,42,1,880.29,0.0
21648,9612,60,3,165.23,0.0
21649,9612,17,2,173.9,0.0
21650,9613,8,1,542.39,0.0
21651,9613,28,1,662.55,0.0
21652,9613,37,1,1009.52,0.0
21653,9614,30,2,658.15,0.0
21654,9614,56,3,776.63,0.0
21655,9615,30,2,658.15,0.0
21656,9615,17,5,173.9,0.0
21657,9616,35,2,633.08,0.0
21658,9616,14,1,149.0,0.0
21659,9617,3,2,557.91,0.0
21660,9617,15,2,255.83,0.0
21661,9618,45,1,456.92,20.0
21662,9618,30,1,658.15,0.0
21663,9619,132,2,758.96,0.0
21664,9620,201,2,232.35,5.0
21665,9620,42,4,880.29,5.0
21666,9621,29,2,981.65,5.0
21667,9621,6,1,34.19,10.0
21668,9621,46,1,854.22,0.0
21669,9621,44,1,930.25,0.0
21670,9622,29,1,981.65,0.0
21671,9622,51,1,774.23,0.0
21672,9622,28,3,662.55,0.0
21673,9622,174,4,911.18,0.0
21674,9622,9,2,217.62,0.0
21675,9623,104,1,613.34,10.0
21676,9623,14,2,149.0,0.0
21677,9623,4,1,583.61,0.0
21678,9624,23,1,236.54,0.0
21679,9624,62,1,77.39,0.0
21680,9625,45,1,456.92,0.0
21681,9625,13,1,800.5,0.0
21682,9626,28,1,662.55,20.0
21683,9626,22,1,457.79,0.0
21684,9627,141,2,991.87,15.0
21685,9627,30,1,658.15,0.0
21686,9628,34,3,43.21,0.0
21687,9628,43,2,935.97,0.0
21688,9629,95,2,179.64,0.0
21689,9629,8,2,542.39,0.0
21690,9630,29,1,981.65,5.0
21691,9630,123,1,272.6,20.0
21692,9631,206,1,532.41,0.0
21693,9632,193,1,948.3,20.0
21694,9633,52,1,994.18,0.0
21695,9634,40,1,520.37,0.0
21696,9634,22,3,457.79,0.0
21697,9635,49,1,1020.52,0.0
21698,9636,5,1,597.45,0.0
21699,9636,13,4,800.5,15.0
21700,9637,11,1,202.6,5.0
21701,9637,43,1,935.97,10.0
21702,9638,37,1,1009.52,0.0
21703,9638,100,1,645.31,0.0
21704,9638,27,4,287.02,15.0
21705,9638,7,2,62.52,0.0
21706,9639,29,1,981.65,0.0
21707,9640,49,4,1020.52,0.0
21708,9641,41,1,176.54,10.0
21709,9641,21,1,851.91,10.0
21710,9641,43,2,935.97,10.0
21711,9641,250,1,761.52,0.0
21712,9642,224,1,402.49,20.0
21713,9643,15,1,255.83,0.0
21714,9644,32,1,320.79,0.0
21715,9645,5,3,597.45,20.0
21716,9645,41,1,176.54,0.0
21717,9645,40,1,520.37,0.0
21718,9645,31,1,185.47,0.0
21719,9646,12,1,677.11,0.0
21720,9646,22,1,457.79,0.0
21721,9647,6,1,34.19,20.0
21722,9647,30,2,658.15,0.0
21723,9647,12,1,677.11,0.0
21724,9648,30,5,658.15,0.0
21725,9648,21,1,851.91,0.0
21726,9649,2,1,394.13,0.0
21727,9650,26,1,204.87,0.0
21728,9651,46,2,854.22,20.0
21729,9651,86,1,1193.28,0.0
21730,9652,35,2,633.08,5.0
21731,9652,12,1,677.11,0.0
21732,9653,37,5,1009.52,0.0
21733,9653,29,2,981.65,0.0
21734,9654,147,1,490.87,0.0
21735,9654,5,1,597.45,0.0
21736,9655,34,1,43.21,20.0
21737,9655,134,1,426.27,0.0
21738,9655,22,4,457.79,0.0
21739,9656,39,1,758.76,20.0
21740,9656,48,1,358.48,15.0
21741,9656,47,2,459.02,0.0
21742,9656,37,4,1009.52,20.0
21743,9657,249,1,229.0,0.0
21744,9657,41,1,176.54,0.0
21745,9657,49,1,1020.52,0.0
21746,9658,50,3,994.53,0.0
21747,9658,7,1,62.52,0.0
21748,9658,46,1,854.22,5.0
21749,9658,11,2,202.6,0.0
21750,9658,12,1,677.11,5.0
21751,9659,9,1,217.62,0.0
21752,9660,25,1,631.62,0.0
21753,9660,4,2,583.61,0.0
21754,9661,95,1,179.64,0.0
21755,9661,18,3,818.1,0.0
21756,9661,48,1,358.48,0.0
21757,9661,2,1,394.13,20.0
21758,9661,46,1,854.22,20.0
21759,9662,22,3,457.79,20.0
21760,9662,13,1,800.5,5.0
21761,9662,48,3,358.48,0.0
21762,9663,50,3,994.53,0.0
21763,9664,31,1,185.47,20.0
21764,9664,198,2,904.38,10.0
21765,9665,69,3,819.14,0.0
21766,9665,15,3,255.83,0.0
21767,9665,44,1,930.25,0.0
21768,9666,30,2,658.15,0.0
21769,9667,167,1,356.11,0.0
21770,9667,51,3,774.23,0.0
21771,9667,10,3,132.89,0.0
21772,9668,19,5,604.84,0.0
21773,9668,38,1,1016.34,5.0
21774,9669,6,1,34.19,0.0
21775,9669,14,2,149.0,5.0
21776,9670,2,2,394.13,0.0
21777,9670,126,2,757.74,0.0
21778,9671,47,5,459.02,0.0
21779,9671,124,4,729.75,0.0
21780,9672,17,2,173.9,0.0
21781,9672,8,1,542.39,0.0
21782,9673,10,1,132.89,0.0
21783,9674,36,4,72.7,0.0
21784,9675,36,2,72.7,0.0
21785,9676,148,2,824.22,5.0
21786,9677,3,2,557.91,0.0
21787,9678,43,1,935.97,0.0
21788,9679,18,1,818.1,0.0
21789,9679,33,1,947.92,0.0
21790,9679,218,3,658.32,0.0
21791,9680,101,1,462.13,0.0
21792,9680,8,3,542.39,10.0
21793,9680,16,1,973.78,0.0
21794,9680,82,1,1090.89,0.0
21795,9681,44,1,930.25,0.0
21796,9682,186,3,919.63,0.0
21797,9682,8,1,542.39,0.0
21798,9682,35,1,633.08,0.0
21799,9682,1,2,643.08,0.0
21800,9683,49,1,1020.52,5.0
21801,9683,41,3,176.54,0.0
21802,9683,31,1,185.47,10.0
21803,9684,4,1,583.61,20.0
21804,9684,214,5,836.23,10.0
21805,9684,36,1,72.7,5.0
21806,9684,21,1,851.91,20.0
21807,9685,19,1,604.84,0.0
21808,9685,27,1,287.02,0.0
21809,9685,3,1,557.91,0.0
21810,9686,50,1,994.53,0.0
21811,9687,83,3,144.27,0.0
21812,9687,36,1,72.7,5.0
21813,9688,43,1,935.97,0.0
21814,9688,27,1,287.02,15.0
21815,9689,226,3,855.84,0.0
21816,9690,170,1,814.48,5.0
21817,9691,9,2,217.62,0.0
21818,9692,22,1,457.79,10.0
21819,9692,32,1,320.79,5.0
21820,9693,25,1,631.62,0.0
21821,9693,123,3,272.6,5.0
21822,9694,13,1,800.5,5.0
21823,9694,47,1,459.02,5.0
21824,9694,67,1,808.59,0.0
21825,9695,43,1,935.97,0.0
21826,9695,247,1,774.56,5.0
21827,9696,31,1,185.47,0.0
21828,9696,110,1,600.49,0.0
21829,9697,44,2,930.25,0.0
21830,9697,26,1,204.87,0.0
21831,9698,9,1,217.62,0.0
21832,9698,75,2,448.57,0.0
21833,9698,51,1,774.23,0.0
21834,9698,27,1,287.02,0.0
21835,9698,49,1,1020.52,5.0
21836,9699,1,1,643.08,0.0
21837,9699,8,1,542.39,0.0
21838,9700,11,1,202.6,0.0
21839,9700,198,3,904.38,0.0
21840,9700,29,1,981.65,0.0
21841,9700,17,4,173.9,0.0
21842,9701,43,2,935.97,0.0
21843,9701,1,1,643.08,0.0
21844,9701,5,1,597.45,0.0
21845,9701,37,2,1009.52,0.0
21846,9701,108,1,306.47,0.0
21847,9702,45,1,456.92,0.0
21848,9702,27,3,287.02,0.0
21849,9703,48,1,358.48,0.0
21850,9703,35,3,633.08,0.0
21851,9704,7,1,62.52,0.0
21852,9704,36,1,72.7,10.0
21853,9704,15,2,255.83,0.0
21854,9705,1,1,643.08,0.0
21855,9705,27,1,287.02,5.0
21856,9706,38,1,1016.34,0.0
21857,9706,22,1,457.79,0.0
21858,9706,41,3,176.54,10.0
21859,9707,15,2,255.83,0.0
21860,9707,24,3,584.38,0.0
21861,9707,16,1,973.78,0.0
21862,9708,7,3,62.52,0.0
21863,9708,33,1,947.92,10.0
21864,9709,10,2,132.89,0.0
21865,9710,98,4,932.39,0.0
21866,9710,4,1,583.61,15.0
21867,9710,20,1,339.73,0.0
21868,9711,25,2,631.62,0.0
21869,9711,70,4,532.42,0.0
21870,9711,22,1,457.79,10.0
21871,9712,11,1,202.6,0.0
21872,9712,254,3,1202.51,0.0
21873,9712,15,1,255.83,0.0
21874,9713,13,1,800.5,0.0
21875,9714,23,2,236.54,0.0
21876,9715,14,2,149.0,20.0
21877,9715,85,1,681.02,0.0
21878,9715,45,1,456.92,15.0
21879,9716,21,1,851.91,0.0
21880,9716,10,2,132.89,0.0
21881,9716,51,1,774.23,0.0
21882,9717,13,2,800.5,0.0
21883,9718,45,3,456.92,5.0
21884,9718,17,2,173.9,0.0
21885,9719,19,4,604.84,0.0
21886,9719,185,1,339.91,20.0
21887,9719,148,1,824.22,20.0
21888,9720,34,1,43.21,15.0
21889,9720,42,1,880.29,0.0
21890,9721,167,1,356.11,0.0
21891,9721,32,1,320.79,5.0
21892,9722,9,4,217.62,0.0
21893,9722,34,1,43.21,0.0
21894,9722,11,2,202.6,0.0
21895,9723,43,1,935.97,0.0
21896,9724,19,1,604.84,20.0
21897,9724,3,1,557.91,0.0
21898,9725,147,1,490.87,0.0
21899,9725,4,1,583.61,0.0
21900,9726,9,5,217.62,10.0
21901,9726,17,2,173.9,0.0
21902,9726,51,2,774.23,0.0
21903,9726,34,1,43.21,0.0
21904,9726,83,4,144.27,5.0
21905,9727,52,1,994.18,0.0
21906,9727,44,1,930.25,0.0
21907,9728,136,1,185.33,0.0
21908,9728,170,1,814.48,0.0
21909,9729,49,1,1020.52,0.0
21910,9729,31,2,185.47,0.0
21911,9729,54,1,21.31,15.0
21912,9729,99,1,255.18,0.0
21913,9729,35,1,633.08,5.0
21914,9730,8,1,542.39,5.0
21915,9730,15,2,255.83,10.0
21916,9730,53,3,873.28,5.0
21917,9731,37,1,1009.52,0.0
21918,9732,30,1,658.15,0.0
21919,9732,52,2,994.18,0.0
21920,9733,42,1,880.29,0.0
21921,9733,2,3,394.13,0.0
21922,9733,92,1,549.63,0.0
21923,9734,214,1,836.23,0.0
21924,9735,45,1,456.92,0.0
21925,9736,39,1,758.76,0.0
21926,9737,11,4,202.6,10.0
21927,9737,184,2,196.43,0.0
21928,9737,34,1,43.21,0.0
21929,9738,144,1,927.22,20.0
21930,9738,38,1,1016.34,0.0
21931,9738,230,1,948.25,0.0
21932,9738,39,2,758.76,0.0
21933,9739,7,2,62.52,0.0
21934,9740,43,1,935.97,0.0
21935,9740,18,1,818.1,0.0
21936,9741,7,1,62.52,0.0
21937,9741,30,1,658.15,0.0
21938,9741,11,1,202.6,0.0
21939,9741,191,2,733.3,0.0
21940,9742,12,4,677.11,0.0
21941,9742,2,2,394.13,0.0
21942,9742,19,1,604.84,0.0
21943,9742,41,2,176.54,0.0
21944,9743,18,2,818.1,0.0
21945,9743,30,1,658.15,0.0
21946,9744,45,1,456.92,10.0
21947,9744,37,2,1009.52,0.0
21948,9745,16,2,973.78,5.0
21949,9745,20,1,339.73,0.0
21950,9746,49,1,1020.52,0.0
21951,9746,51,2,774.23,0.0
21952,9746,18,1,818.1,20.0
21953,9746,36,2,72.7,0.0
21954,9747,13,2,800.5,0.0
21955,9748,29,2,981.65,0.0
21956,9748,21,1,851.91,15.0
21957,9749,33,1,947.92,15.0
21958,9749,13,2,800.5,15.0
21959,9749,8,1,542.39,0.0
21960,9749,4,2,583.61,10.0
21961,9749,31,3,185.47,0.0
21962,9750,3,3,557.91,10.0
21963,9750,211,2,1092.93,0.0
21964,9750,24,2,584.38,15.0
21965,9751,28,1,662.55,0.0
21966,9751,26,1,204.87,5.0
21967,9751,36,1,72.7,0.0
21968,9751,52,1,994.18,0.0
21969,9752,157,1,388.76,0.0
21970,9752,10,1,132.89,20.0
21971,9753,32,3,320.79,0.0
21972,9753,18,1,818.1,0.0
21973,9754,195,3,549.52,20.0
21974,9754,1,1,643.08,0.0
21975,9754,6,1,34.19,0.0
21976,9755,11,3,202.6,0.0
21977,9756,48,2,358.48,0.0
21978,9757,4,2,583.61,0.0
21979,9757,25,2,631.62,0.0
21980,9757,26,1,204.87,0.0
21981,9758,14,1,149.0,10.0
21982,9758,222,1,752.95,20.0
21983,9759,20,2,339.73,0.0
21984,9760,8,2,542.39,0.0
21985,9760,11,2,202.6,0.0
21986,9760,4,1,583.61,20.0
21987,9761,51,1,774.23,5.0
21988,9761,190,3,998.17,0.0
21989,9761,212,2,665.42,0.0
21990,9762,7,3,62.52,20.0
21991,9762,1,4,643.08,0.0
21992,9763,45,1,456.92,0.0
21993,9763,51,1,774.23,0.0
21994,9764,33,5,947.92,5.0
21995,9764,20,1,339.73,0.0
21996,9764,26,1,204.87,0.0
21997,9765,187,3,215.12,0.0
21998,9765,26,2,204.87,5.0
21999,9766,49,1,1020.52,0.0
22000,9766,9,1,217.62,10.0
22001,9766,34,3,43.21,10.0
22002,9767,31,1,185.47,0.0
22003,9768,37,2,1009.52,0.0
22004,9768,43,1,935.97,0.0
22005,9768,11,1,202.6,0.0
22006,9769,61,3,882.1,0.0
22007,9769,30,3,658.15,0.0
22008,9770,240,1,81.35,0.0
22009,9770,40,1,520.37,0.0
22010,9770,33,1,947.92,10.0
22011,9771,62,4,77.39,5.0
22012,9771,110,2,600.49,0.0
22013,9771,27,4,287.02,5.0
22014,9771,39,1,758.76,0.0
22015,9771,115,1,625.25,20.0
22016,9772,171,5,508.1,0.0
22017,9772,16,1,973.78,0.0
22018,9773,31,1,185.47,0.0
22019,9773,29,5,981.65,20.0
22020,9773,11,1,202.6,0.0
22021,9773,36,1,72.7,0.0
22022,9774,52,1,994.18,0.0
22023,9774,31,2,185.47,10.0
22024,9775,98,1,932.39,0.0
22025,9775,36,2,72.7,5.0
22026,9775,10,1,132.89,0.0
22027,9776,14,3,149.0,0.0
22028,9777,188,1,720.38,0.0
22029,9777,16,1,973.78,0.0
22030,9777,15,3,255.83,10.0
22031,9778,187,3,215.12,0.0
22032,9778,25,2,631.62,0.0
22033,9778,32,1,320.79,0.0
22034,9778,12,1,677.11,10.0
22035,9778,23,3,236.54,5.0
22036,9779,2,2,394.13,0.0
22037,9779,51,3,774.23,0.0
22038,9780,27,2,287.02,0.0
22039,9780,33,1,947.92,0.0
22040,9781,9,2,217.62,0.0
22041,9781,20,1,339.73,5.0
22042,9782,14,3,149.0,0.0
22043,9782,39,1,758.76,10.0
22044,9782,20,1,339.73,0.0
22045,9782,29,1,981.65,0.0
22046,9783,52,1,994.18,0.0
22047,9783,16,3,973.78,10.0
22048,9784,3,1,557.91,15.0
22049,9784,208,1,1182.18,0.0
22050,9785,202,2,427.54,0.0
22051,9785,45,1,456.92,0.0
22052,9786,1,1,643.08,0.0
22053,9786,171,4,508.1,5.0
22054,9786,31,1,185.47,0.0
22055,9786,34,1,43.21,0.0
22056,9787,61,2,882.1,0.0
22057,9788,30,1,658.15,0.0
22058,9788,16,1,973.78,10.0
22059,9788,14,2,149.0,0.0
22060,9789,67,3,808.59,0.0
22061,9789,50,1,994.53,0.0
22062,9789,15,1,255.83,0.0
22063,9790,181,2,115.49,0.0
22064,9790,243,1,1116.94,0.0
22065,9791,65,1,1039.76,0.0
22066,9791,25,1,631.62,0.0
22067,9791,13,2,800.5,0.0
22068,9791,1,1,643.08,0.0
22069,9791,50,1,994.53,0.0
22070,9792,26,1,204.87,20.0
22071,9792,35,1,633.08,0.0
22072,9793,14,1,149.0,20.0
22073,9794,37,1,1009.52,0.0
22074,9795,38,2,1016.34,5.0
22075,9796,3,1,557.91,5.0
22076,9797,24,1,584.38,0.0
22077,9798,94,1,914.43,0.0
22078,9798,19,1,604.84,0.0
22079,9798,41,2,176.54,5.0
22080,9799,16,1,973.78,0.0
22081,9799,13,2,800.5,0.0
22082,9800,57,1,966.47,0.0
22083,9801,10,1,132.89,0.0
22084,9801,29,5,981.65,0.0
22085,9801,97,1,38.5,0.0
22086,9801,15,1,255.83,15.0
22087,9802,46,1,854.22,0.0
22088,9802,238,3,31.94,0.0
22089,9803,32,1,320.79,0.0
22090,9804,25,3,631.62,0.0
22091,9805,27,2,287.02,20.0
22092,9805,52,3,994.18,10.0
22093,9806,23,1,236.54,0.0
22094,9807,4,1,583.61,0.0
22095,9807,48,3,358.48,20.0
22096,9807,126,2,757.74,0.0
22097,9808,27,1,287.02,0.0
22098,9809,102,1,352.97,10.0
22099,9810,1,1,643.08,10.0
22100,9810,178,2,512.5,5.0
22101,9811,33,1,947.92,20.0
22102,9811,255,1,537.33,10.0
22103,9811,20,1,339.73,0.0
22104,9812,190,1,998.17,0.0
22105,9813,22,1,457.79,15.0
22106,9813,18,1,818.1,10.0
22107,9814,5,1,597.45,0.0
22108,9814,182,2,653.31,0.0
22109,9815,2,1,394.13,0.0
22110,9816,20,1,339.73,0.0
22111,9816,8,2,542.39,0.0
22112,9816,65,1,1039.76,5.0
22113,9817,10,1,132.89,10.0
22114,9817,25,1,631.62,0.0
22115,9818,33,4,947.92,0.0
22116,9818,115,1,625.25,5.0
22117,9819,32,1,320.79,0.0
22118,9819,42,2,880.29,0.0
22119,9820,25,2,631.62,0.0
22120,9820,23,1,236.54,15.0
22121,9820,49,1,1020.52,0.0
22122,9821,8,2,542.39,15.0
22123,9821,3,2,557.91,20.0
22124,9822,18,1,818.1,0.0
22125,9823,25,1,631.62,20.0
22126,9824,39,1,758.76,0.0
22127,9824,48,2,358.48,0.0
22128,9825,12,1,677.11,0.0
22129,9825,7,1,62.52,0.0
22130,9826,236,2,384.32,15.0
22131,9826,26,1,204.87,5.0
22132,9826,18,3,818.1,10.0
22133,9827,20,1,339.73,5.0
22134,9827,90,2,491.54,15.0
22135,9828,6,1,34.19,10.0
22136,9828,15,1,255.83,0.0
22137,9829,8,1,542.39,0.0
22138,9830,40,2,520.37,5.0
22139,9830,52,3,994.18,0.0
22140,9830,22,1,457.79,5.0
22141,9830,105,2,888.35,10.0
22142,9831,24,2,584.38,0.0
22143,9831,34,1,43.21,5.0
22144,9832,2,3,394.13,0.0
22145,9833,21,3,851.91,0.0
22146,9833,43,1,935.97,0.0
22147,9833,83,1,144.27,10.0
22148,9834,224,1,402.49,0.0
22149,9834,248,2,249.31,0.0
22150,9834,148,1,824.22,0.0
22151,9834,22,1,457.79,0.0
22152,9835,43,2,935.97,0.0
22153,9835,10,3,132.89,0.0
22154,9835,33,3,947.92,15.0
22155,9836,198,2,904.38,0.0
22156,9836,48,1,358.48,0.0
22157,9837,82,1,1090.89,0.0
22158,9837,36,3,72.7,20.0
22159,9838,26,2,204.87,0.0
22160,9838,51,2,774.23,0.0
22161,9839,7,1,62.52,15.0
22162,9839,27,1,287.02,5.0
22163,9839,37,1,1009.52,0.0
22164,9839,6,2,34.19,0.0
22165,9840,13,1,800.5,0.0
22166,9840,46,1,854.22,20.0
22167,9841,115,1,625.25,5.0
22168,9842,34,1,43.21,5.0
22169,9842,26,2,204.87,0.0
22170,9843,171,2,508.1,0.0
22171,9843,46,1,854.22,15.0
22172,9844,50,5,994.53,0.0
22173,9845,126,1,757.74,0.0
22174,9845,100,1,645.31,0.0
22175,9845,14,1,149.0,0.0
22176,9845,4,1,583.61,0.0
22177,9846,46,2,854.22,0.0
22178,9847,5,1,597.45,0.0
22179,9848,44,1,930.25,0.0
22180,9849,21,1,851.91,0.0
22181,9849,43,1,935.97,10.0
22182,9849,25,1,631.62,0.0
22183,9849,58,2,473.18,0.0
22184,9850,31,1,185.47,15.0
22185,9850,25,4,631.62,0.0
22186,9850,4,1,583.61,0.0
22187,9850,24,1,584.38,0.0
22188,9851,18,2,818.1,0.0
22189,9852,240,1,81.35,0.0
22190,9853,18,1,818.1,5.0
22191,9853,34,1,43.21,0.0
22192,9853,4,2,583.61,0.0
22193,9854,8,1,542.39,0.0
22194,9854,49,2,1020.52,0.0
22195,9854,52,1,994.18,0.0
22196,9854,13,2,800.5,10.0
22197,9854,24,2,584.38,10.0
22198,9855,7,1,62.52,5.0
22199,9855,27,1,287.02,0.0
22200,9855,8,1,542.39,0.0
22201,9856,21,1,851.91,5.0
22202,9857,250,3,761.52,0.0
22203,9857,50,4,994.53,0.0
22204,9858,22,1,457.79,0.0
22205,9859,35,1,633.08,0.0
22206,9859,18,2,818.1,15.0
22207,9859,14,3,149.0,0.0
22208,9860,28,1,662.55,0.0
22209,9861,36,2,72.7,0.0
22210,9862,12,1,677.11,0.0
22211,9862,51,1,774.23,5.0
22212,9863,45,1,456.92,5.0
22213,9864,38,1,1016.34,0.0
22214,9865,221,2,294.07,5.0
22215,9865,8,1,542.39,0.0
22216,9866,12,4,677.11,0.0
22217,9866,39,2,758.76,5.0
22218,9866,18,1,818.1,0.0
22219,9866,6,1,34.19,0.0
22220,9867,134,3,426.27,0.0
22221,9868,39,1,758.76,0.0
22222,9869,157,1,388.76,0.0
22223,9870,50,2,994.53,0.0
22224,9871,51,3,774.23,0.0
22225,9872,49,2,1020.52,0.0
22226,9872,36,1,72.7,10.0
22227,9873,182,1,653.31,0.0
22228,9874,46,1,854.22,0.0
22229,9874,13,4,800.5,5.0
22230,9874,9,1,217.62,0.0
22231,9874,4,2,583.61,0.0
22232,9875,18,1,818.1,0.0
22233,9875,50,1,994.53,0.0
22234,9875,6,1,34.19,0.0
22235,9876,8,1,542.39,0.0
22236,9877,30,1,658.15,0.0
22237,9877,87,2,812.54,0.0
22238,9877,15,1,255.83,0.0
22239,9877,40,2,520.37,0.0
22240,9878,41,1,176.54,0.0
22241,9879,39,3,758.76,0.0
22242,9880,71,1,682.59,0.0
22243,9880,5,3,597.45,0.0
22244,9881,41,2,176.54,10.0
22245,9881,97,1,38.5,5.0
22246,9881,26,1,204.87,5.0
22247,9881,49,1,1020.52,0.0
22248,9881,3,2,557.91,20.0
22249,9882,27,3,287.02,0.0
22250,9882,48,3,358.48,0.0
22251,9883,218,1,658.32,0.0
22252,9883,90,2,491.54,0.0
22253,9883,23,1,236.54,0.0
22254,9884,5,3,597.45,0.0
22255,9885,17,1,173.9,0.0
22256,9885,242,1,1105.36,0.0
22257,9886,22,1,457.79,0.0
22258,9887,10,1,132.89,0.0
22259,9887,48,3,358.48,0.0
22260,9888,37,3,1009.52,10.0
22261,9889,38,1,1016.34,0.0
22262,9889,47,1,459.02,0.0
22263,9889,29,1,981.65,0.0
22264,9890,11,3,202.6,0.0
22265,9891,23,1,236.54,5.0
22266,9891,22,2,457.79,15.0
22267,9892,37,3,1009.52,0.0
22268,9892,33,2,947.92,10.0
22269,9892,225,1,785.87,0.0
22270,9892,47,2,459.02,5.0
22271,9892,39,1,758.76,5.0
22272,9893,3,2,557.91,0.0
22273,9893,1,1,643.08,15.0
22274,9894,46,1,854.22,10.0
22275,9894,44,2,930.25,0.0
22276,9894,37,2,1009.52,0.0
22277,9894,106,1,65.61,0.0
22278,9895,48,1,358.48,0.0
22279,9895,24,1,584.38,20.0
22280,9895,107,3,933.7,0.0
22281,9896,42,3,880.29,0.0
22282,9897,50,3,994.53,0.0
22283,9897,11,2,202.6,0.0
22284,9897,25,1,631.62,0.0
22285,9898,52,1,994.18,0.0
22286,9898,40,2,520.37,0.0
22287,9898,199,3,989.05,0.0
22288,9899,212,3,665.42,0.0
22289,9899,36,1,72.7,0.0
22290,9900,4,2,583.61,0.0
22291,9900,22,1,457.79,0.0
22292,9900,45,2,456.92,0.0
22293,9900,16,1,973.78,0.0
22294,9901,18,3,818.1,0.0
22295,9901,48,5,358.48,0.0
22296,9902,14,1,149.0,0.0
22297,9902,35,3,633.08,0.0
22298,9903,35,1,633.08,0.0
22299,9903,51,1,774.23,0.0
22300,9904,37,1,1009.52,10.0
22301,9904,10,1,132.89,5.0
22302,9904,1,2,643.08,0.0
22303,9905,23,1,236.54,0.0
22304,9905,17,1,173.9,10.0
22305,9906,1,1,643.08,0.0
22306,9906,74,1,166.27,0.0
22307,9907,51,1,774.23,0.0
22308,9908,18,1,818.1,0.0
22309,9909,103,1,656.03,15.0
22310,9909,11,1,202.6,15.0
22311,9910,189,1,816.04,0.0
22312,9910,11,1,202.6,10.0
22313,9910,8,1,542.39,0.0
22314,9911,2,1,394.13,0.0
22315,9911,27,1,287.02,10.0
22316,9911,23,3,236.54,0.0
22317,9911,31,1,185.47,5.0
22318,9911,15,1,255.83,0.0
22319,9912,43,5,935.97,0.0
22320,9912,37,2,1009.52,5.0
22321,9912,48,2,358.48,10.0
22322,9913,206,1,532.41,20.0
22323,9913,37,2,1009.52,5.0
22324,9914,8,1,542.39,10.0
22325,9914,3,1,557.91,0.0
22326,9914,148,3,824.22,0.0
22327,9914,27,1,287.02,15.0
22328,9915,255,1,537.33,0.0
22329,9915,38,2,1016.34,0.0
22330,9915,218,3,658.32,20.0
22331,9916,8,2,542.39,15.0
22332,9916,37,1,1009.52,0.0
22333,9917,7,2,62.52,0.0
22334,9917,19,2,604.84,0.0
22335,9918,250,1,761.52,0.0
22336,9919,3,1,557.91,0.0
22337,9919,38,1,1016.34,5.0
22338,9919,41,1,176.54,0.0
22339,9920,25,1,631.62,5.0
22340,9921,26,3,204.87,10.0
22341,9921,15,1,255.83,5.0
22342,9922,169,1,863.12,0.0
22343,9922,13,1,800.5,5.0
22344,9922,26,3,204.87,0.0
22345,9922,43,1,935.97,0.0
22346,9923,36,1,72.7,0.0
22347,9923,44,1,930.25,0.0
22348,9924,33,2,947.92,0.0
22349,9924,246,1,835.26,20.0
22350,9924,67,1,808.59,10.0
22351,9925,41,1,176.54,0.0
22352,9926,33,1,947.92,0.0
22353,9927,7,1,62.52,0.0
22354,9928,7,1,62.52,10.0
22355,9928,30,1,658.15,5.0
22356,9928,52,1,994.18,0.0
22357,9928,41,1,176.54,10.0
22358,9929,50,5,994.53,0.0
22359,9929,43,3,935.97,0.0
22360,9930,27,4,287.02,20.0
22361,9930,50,1,994.53,5.0
22362,9931,30,1,658.15,15.0
22363,9932,27,1,287.02,10.0
22364,9932,12,1,677.11,0.0
22365,9932,11,4,202.6,10.0
22366,9933,14,2,149.0,0.0
22367,9934,172,1,225.41,0.0
22368,9934,6,2,34.19,0.0
22369,9935,29,1,981.65,0.0
22370,9935,17,1,173.9,0.0
22371,9935,28,2,662.55,0.0
22372,9935,27,1,287.02,0.0
22373,9935,2,2,394.13,0.0
22374,9936,7,3,62.52,15.0
22375,9937,254,1,1202.51,10.0
22376,9937,227,3,342.68,5.0
22377,9938,12,1,677.11,0.0
22378,9939,5,3,597.45,0.0
22379,9939,20,2,339.73,20.0
22380,9939,33,1,947.92,20.0
22381,9940,118,2,1091.59,0.0
22382,9940,106,5,65.61,0.0
22383,9940,50,2,994.53,5.0
22384,9941,1,1,643.08,0.0
22385,9941,153,2,378.51,0.0
22386,9942,256,1,83.37,0.0
22387,9943,10,3,132.89,0.0
22388,9943,12,3,677.11,20.0
22389,9943,27,1,287.02,0.0
22390,9944,29,1,981.65,0.0
22391,9944,4,1,583.61,0.0
22392,9944,38,1,1016.34,0.0
22393,9945,18,1,818.1,0.0
22394,9946,20,1,339.73,0.0
22395,9946,43,1,935.97,0.0
22396,9947,216,1,929.01,5.0
22397,9948,117,1,659.17,5.0
22398,9948,39,2,758.76,0.0
22399,9948,10,4,132.89,0.0
22400,9948,53,1,873.28,0.0
22401,9949,11,3,202.6,0.0
22402,9950,37,3,1009.52,0.0
22403,9950,27,1,287.02,0.0
22404,9950,1,3,643.08,0.0
22405,9950,23,1,236.54,0.0
22406,9951,163,2,234.62,5.0
22407,9951,214,1,836.23,0.0
22408,9952,37,5,1009.52,15.0
22409,9952,50,1,994.53,0.0
22410,9953,3,2,557.91,5.0
22411,9954,14,1,149.0,5.0
22412,9955,5,1,597.45,10.0
22413,9955,15,1,255.83,20.0
22414,9956,32,1,320.79,10.0
22415,9956,21,1,851.91,0.0
22416,9956,18,2,818.1,10.0
22417,9956,24,1,584.38,0.0
22418,9957,49,2,1020.52,0.0
22419,9957,89,4,568.71,0.0
22420,9957,11,1,202.6,0.0
22421,9957,258,3,563.1,0.0
22422,9958,43,1,935.97,0.0
22423,9958,115,2,625.25,0.0
22424,9958,49,2,1020.52,0.0
22425,9959,17,5,173.9,0.0
22426,9959,46,2,854.22,0.0
22427,9959,45,3,456.92,0.0
22428,9959,25,4,631.62,0.0
22429,9960,47,1,459.02,5.0
22430,9960,209,1,521.49,10.0
22431,9960,22,1,457.79,20.0
22432,9960,189,5,816.04,0.0
22433,9961,41,1,176.54,0.0
22434,9962,46,1,854.22,0.0
22435,9962,41,1,176.54,10.0
22436,9963,26,1,204.87,0.0
22437,9963,120,1,983.93,0.0
22438,9963,43,3,935.97,5.0
22439,9963,24,1,584.38,0.0
22440,9963,168,1,838.87,10.0
22441,9964,37,1,1009.52,15.0
22442,9965,10,2,132.89,5.0
22443,9965,33,3,947.92,0.0
22444,9966,13,1,800.5,0.0
22445,9966,38,1,1016.34,0.0
22446,9966,8,1,542.39,0.0
22447,9966,39,2,758.76,0.0
22448,9967,13,1,800.5,5.0
22449,9967,9,1,217.62,0.0
22450,9967,42,2,880.29,0.0
22451,9968,43,3,935.97,0.0
22452,9968,25,1,631.62,0.0
22453,9969,2,1,394.13,15.0
22454,9969,240,1,81.35,20.0
22455,9970,258,1,563.1,10.0
22456,9970,154,3,667.55,10.0
22457,9971,12,4,677.11,0.0
22458,9971,129,1,44.87,20.0
22459,9972,32,1,320.79,0.0
22460,9972,29,1,981.65,0.0
22461,9972,33,2,947.92,0.0
22462,9972,40,1,520.37,0.0
22463,9973,37,1,1009.52,0.0
22464,9973,50,3,994.53,5.0
22465,9974,46,3,854.22,0.0
22466,9975,8,1,542.39,15.0
22467,9976,39,5,758.76,0.0
22468,9976,84,1,564.13,0.0
22469,9977,114,2,279.33,15.0
22470,9977,24,5,584.38,0.0
22471,9977,6,2,34.19,0.0
22472,9977,2,1,394.13,0.0
22473,9978,23,1,236.54,0.0
22474,9978,38,1,1016.34,10.0
22475,9978,28,2,662.55,0.0
22476,9979,25,1,631.62,15.0
22477,9980,16,2,973.78,0.0
22478,9980,37,1,1009.52,0.0
22479,9980,28,2,662.55,0.0
22480,9980,14,1,149.0,0.0
22481,9981,43,2,935.97,0.0
22482,9981,61,2,882.1,0.0
22483,9981,145,1,916.31,5.0
22484,9982,14,1,149.0,5.0
22485,9982,45,2,456.92,0.0
22486,9982,49,1,1020.52,0.0
22487,9982,257,1,118.54,20.0
22488,9983,49,1,1020.52,0.0
22489,9983,6,2,34.19,0.0
22490,9984,35,5,633.08,0.0
22491,9984,20,1,339.73,0.0
22492,9984,22,1,457.79,0.0
22493,9985,237,2,938.43,0.0
22494,9986,13,1,800.5,20.0
22495,9987,51,1,774.23,0.0
22496,9987,4,1,583.61,0.0
22497,9987,190,2,998.17,0.0
22498,9988,34,1,43.21,0.0
22499,9988,1,2,643.08,0.0
22500,9989,175,1,628.11,15.0
22501,9989,41,2,176.54,0.0
22502,9989,17,1,173.9,0.0
22503,9990,43,5,935.97,0.0
22504,9991,26,1,204.87,0.0
22505,9991,10,2,132.89,0.0
22506,9991,8,1,542.39,0.0
22507,9991,48,2,358.48,0.0
22508,9992,13,2,800.5,0.0
22509,9992,50,4,994.53,0.0
22510,9992,1,1,643.08,5.0
22511,9993,12,1,677.11,0.0
22512,9993,206,1,532.41,15.0
22513,9993,44,1,930.25,0.0
22514,9994,33,2,947.92,0.0
22515,9995,3,1,557.91,0.0
22516,9995,9,1,217.62,0.0
22517,9996,26,1,204.87,10.0
22518,9996,3,3,557.91,5.0
22519,9996,90,1,491.54,0.0
22520,9997,17,2,173.9,5.0
22521,9997,39,2,758.76,0.0
22522,9997,18,3,818.1,0.0
22523,9997,80,1,275.45,0.0
22524,9997,7,1,62.52,0.0
22525,9998,37,4,1009.52,0.0
22526,9998,47,1,459.02,0.0
22527,9999,2,1,394.13,0.0
22528,9999,47,1,459.02,0.0
22529,10000,157,2,388.76,0.0
22530,10000,22,1,457.79,0.0
22531,10001,51,1,774.23,0.0
22532,10001,173,2,665.55,0.0
22533,10002,23,1,236.54,20.0
22534,10002,33,1,947.92,10.0
22535,10002,31,1,185.47,0.0
22536,10003,63,1,958.03,0.0
22537,10003,51,1,774.23,0.0
22538,10003,35,1,633.08,0.0
22539,10004,44,1,930.25,0.0
22540,10004,91,1,291.37,10.0
22541,10005,33,1,947.92,10.0
22542,10005,31,1,185.47,0.0
22543,10005,9,1,217.62,0.0
22544,10005,57,1,966.47,0.0
22545,10006,41,1,176.54,5.0
22546,10007,22,1,457.79,20.0
22547,10008,238,2,31.94,0.0
22548,10008,17,1,173.9,0.0
22549,10008,38,2,1016.34,0.0
22550,10009,20,1,339.73,0.0
22551,10009,28,3,662.55,20.0
22552,10009,51,1,774.23,0.0
22553,10010,6,2,34.19,0.0
22554,10010,18,2,818.1,0.0
22555,10011,152,1,1071.23,0.0
22556,10012,12,1,677.11,0.0
22557,10012,48,2,358.48,0.0
22558,10013,16,1,973.78,0.0
22559,10013,15,1,255.83,0.0
22560,10013,28,1,662.55,5.0
22561,10013,52,1,994.18,0.0
22562,10013,19,1,604.84,10.0
22563,10014,36,2,72.7,10.0
22564,10015,22,2,457.79,0.0
22565,10015,11,1,202.6,0.0
22566,10016,10,1,132.89,0.0
22567,10016,8,1,542.39,0.0
22568,10017,116,1,209.21,0.0
22569,10017,11,1,202.6,0.0
22570,10018,18,3,818.1,15.0
22571,10018,19,1,604.84,0.0
22572,10019,31,3,185.47,0.0
22573,10019,28,1,662.55,0.0
22574,10019,15,1,255.83,10.0
22575,10019,91,1,291.37,0.0
22576,10019,27,1,287.02,0.0
22577,10020,6,2,34.19,0.0
22578,10020,11,2,202.6,0.0
22579,10020,13,1,800.5,0.0
22580,10020,16,2,973.78,15.0
22581,10021,17,1,173.9,0.0
22582,10021,18,2,818.1,0.0
22583,10022,27,1,287.02,0.0
22584,10022,17,1,173.9,0.0
22585,10023,43,2,935.97,0.0
22586,10023,2,1,394.13,5.0
22587,10023,46,1,854.22,0.0
22588,10024,26,4,204.87,10.0
22589,10025,45,1,456.92,15.0
22590,10026,40,1,520.37,0.0
22591,10026,50,1,994.53,0.0
22592,10026,48,1,358.48,5.0
22593,10027,172,3,225.41,0.0
22594,10028,26,1,204.87,0.0
22595,10028,17,1,173.9,0.0
22596,10029,248,2,249.31,0.0
22597,10029,32,2,320.79,0.0
22598,10030,28,1,662.55,0.0
22599,10030,51,1,774.23,10.0
22600,10030,45,2,456.92,5.0
22601,10031,51,2,774.23,0.0
22602,10031,20,2,339.73,0.0
22603,10031,9,1,217.62,5.0
22604,10032,37,1,1009.52,0.0
22605,10032,2,1,394.13,0.0
22606,10033,13,1,800.5,0.0
22607,10034,29,1,981.65,0.0
22608,10034,11,2,202.6,20.0
22609,10035,7,3,62.52,15.0
22610,10035,41,1,176.54,0.0
22611,10035,31,3,185.47,0.0
22612,10036,1,3,643.08,10.0
22613,10037,52,1,994.18,0.0
22614,10037,4,1,583.61,0.0
22615,10037,45,2,456.92,0.0
22616,10037,24,1,584.38,0.0
22617,10038,249,3,229.0,0.0
22618,10038,48,2,358.48,20.0
22619,10038,5,4,597.45,0.0
22620,10039,23,3,236.54,0.0
22621,10040,121,5,223.46,0.0
22622,10040,54,5,21.31,0.0
22623,10040,50,1,994.53,5.0
22624,10040,29,2,981.65,0.0
22625,10041,6,3,34.19,0.0
22626,10041,87,1,812.54,20.0
22627,10041,29,1,981.65,5.0
22628,10041,13,3,800.5,0.0
22629,10042,32,1,320.79,0.0
22630,10042,15,1,255.83,0.0
22631,10043,5,1,597.45,5.0
22632,10043,193,2,948.3,0.0
22633,10043,30,3,658.15,0.0
22634,10043,25,1,631.62,0.0
22635,10043,172,1,225.41,0.0
22636,10044,42,1,880.29,0.0
22637,10044,12,1,677.11,0.0
22638,10045,64,3,586.27,0.0
22639,10045,30,2,658.15,0.0
22640,10045,11,1,202.6,0.0
22641,10046,23,2,236.54,0.0
22642,10046,5,1,597.45,0.0
22643,10047,116,2,209.21,0.0
22644,10047,48,1,358.48,0.0
22645,10048,27,3,287.02,20.0
22646,10048,6,1,34.19,0.0
22647,10048,247,1,774.56,0.0
22648,10049,44,1,930.25,0.0
22649,10050,31,2,185.47,0.0
22650,10051,50,1,994.53,0.0
22651,10051,52,1,994.18,0.0
22652,10052,28,2,662.55,0.0
22653,10052,34,1,43.21,0.0
22654,10053,46,5,854.22,0.0
22655,10054,83,1,144.27,5.0
22656,10054,50,2,994.53,0.0
22657,10054,12,1,677.11,0.0
22658,10055,219,1,503.95,0.0
22659,10056,4,1,583.61,10.0
22660,10056,43,2,935.97,0.0
22661,10056,47,1,459.02,0.0
22662,10057,124,2,729.75,0.0
22663,10057,32,1,320.79,0.0
22664,10058,50,1,994.53,0.0
22665,10058,206,4,532.41,0.0
22666,10059,18,1,818.1,0.0
22667,10059,29,1,981.65,0.0
22668,10059,44,1,930.25,0.0
22669,10059,42,2,880.29,10.0
22670,10060,40,2,520.37,0.0
22671,10061,29,2,981.65,0.0
22672,10061,23,2,236.54,15.0
22673,10061,61,1,882.1,0.0
22674,10062,19,1,604.84,0.0
22675,10062,17,2,173.9,20.0
22676,10063,28,1,662.55,0.0
22677,10063,18,1,818.1,0.0
22678,10063,49,1,1020.52,0.0
22679,10063,23,1,236.54,15.0
22680,10064,157,1,388.76,0.0
22681,10064,5,3,597.45,0.0
22682,10064,2,1,394.13,0.0
22683,10065,9,1,217.62,10.0
22684,10066,2,3,394.13,0.0
22685,10066,8,1,542.39,10.0
22686,10066,16,1,973.78,0.0
22687,10067,12,1,677.11,0.0
22688,10067,49,2,1020.52,0.0
22689,10067,5,1,597.45,15.0
22690,10067,18,1,818.1,20.0
22691,10068,37,1,1009.52,0.0
22692,10069,31,2,185.47,10.0
22693,10069,38,1,1016.34,0.0
22694,10070,9,1,217.62,15.0
22695,10070,22,1,457.79,0.0
22696,10071,36,1,72.7,0.0
22697,10071,33,2,947.92,0.0
22698,10072,11,1,202.6,10.0
22699,10072,18,1,818.1,0.0
22700,10072,17,1,173.9,0.0
22701,10073,2,1,394.13,5.0
22702,10073,49,1,1020.52,0.0
22703,10074,5,4,597.45,0.0
22704,10074,48,2,358.48,10.0
22705,10074,52,2,994.18,0.0
22706,10075,70,2,532.42,0.0
22707,10075,45,2,456.92,0.0
22708,10075,9,2,217.62,0.0
22709,10076,34,2,43.21,0.0
22710,10076,236,1,384.32,0.0
22711,10077,21,2,851.91,15.0
22712,10077,17,1,173.9,0.0
22713,10078,50,1,994.53,5.0
22714,10079,253,2,352.37,0.0
22715,10079,32,1,320.79,0.0
22716,10080,33,3,947.92,0.0
22717,10080,23,1,236.54,0.0
22718,10081,38,5,1016.34,10.0
22719,10081,258,1,563.1,0.0
22720,10082,47,1,459.02,10.0
22721,10083,258,1,563.1,0.0
22722,10083,33,1,947.92,0.0
22723,10084,153,3,378.51,10.0
22724,10084,12,1,677.11,0.0
22725,10085,8,2,542.39,0.0
22726,10085,14,1,149.0,0.0
22727,10085,52,1,994.18,0.0
22728,10085,11,1,202.6,0.0
22729,10085,36,1,72.7,15.0
22730,10086,16,2,973.78,0.0
22731,10086,42,1,880.29,5.0
22732,10087,216,1,929.01,20.0
22733,10087,50,3,994.53,0.0
22734,10088,8,5,542.39,0.0
22735,10088,41,1,176.54,5.0
22736,10088,42,2,880.29,5.0
22737,10088,13,2,800.5,0.0
22738,10089,82,1,1090.89,0.0
22739,10090,237,1,938.43,0.0
22740,10090,19,1,604.84,20.0
22741,10091,43,1,935.97,0.0
22742,10092,2,1,394.13,0.0
22743,10093,116,1,209.21,0.0
22744,10094,41,1,176.54,0.0
22745,10095,44,2,930.25,15.0
22746,10096,50,2,994.53,10.0
22747,10096,15,1,255.83,15.0
22748,10096,16,3,973.78,0.0
22749,10097,35,1,633.08,20.0
22750,10097,79,3,861.19,0.0
22751,10097,25,2,631.62,0.0
22752,10097,26,1,204.87,20.0
22753,10097,30,2,658.15,0.0
22754,10098,10,1,132.89,0.0
22755,10099,44,2,930.25,0.0
22756,10099,7,1,62.52,0.0
22757,10099,18,1,818.1,0.0
22758,10099,173,1,665.55,0.0
22759,10100,31,1,185.47,0.0
22760,10100,51,1,774.23,0.0
22761,10100,8,1,542.39,20.0
22762,10100,4,1,583.61,5.0
22763,10101,28,4,662.55,0.0
22764,10101,2,2,394.13,0.0
22765,10102,29,3,981.65,5.0
22766,10103,66,1,361.37,5.0
22767,10104,47,1,459.02,10.0
22768,10105,3,1,557.91,0.0
22769,10106,227,2,342.68,0.0
22770,10106,4,3,583.61,5.0
22771,10107,37,1,1009.52,0.0
22772,10108,1,1,643.08,0.0
22773,10108,69,2,819.14,20.0
22774,10108,52,1,994.18,5.0
22775,10109,28,2,662.55,0.0
22776,10109,177,1,592.34,10.0
22777,10109,22,3,457.79,5.0
22778,10110,15,1,255.83,0.0
22779,10110,4,1,583.61,0.0
22780,10111,23,4,236.54,0.0
22781,10111,119,3,891.47,0.0
22782,10112,16,1,973.78,5.0
22783,10112,44,1,930.25,0.0
22784,10112,43,1,935.97,15.0
22785,10112,51,2,774.23,0.0
22786,10113,44,3,930.25,5.0
22787,10113,25,2,631.62,0.0
22788,10114,13,1,800.5,0.0
22789,10114,42,1,880.29,5.0
22790,10114,50,1,994.53,15.0
22791,10115,28,1,662.55,0.0
22792,10115,22,2,457.79,0.0
22793,10115,255,1,537.33,15.0
22794,10116,28,1,662.55,0.0
22795,10116,16,1,973.78,0.0
22796,10116,44,1,930.25,0.0
22797,10117,57,1,966.47,0.0
22798,10117,11,4,202.6,0.0
22799,10117,14,1,149.0,5.0
22800,10117,9,1,217.62,20.0
22801,10117,42,1,880.29,0.0
22802,10118,30,1,658.15,5.0
22803,10119,30,1,658.15,0.0
22804,10119,47,1,459.02,0.0
22805,10120,3,2,557.91,0.0
22806,10120,39,1,758.76,0.0
22807,10121,27,1,287.02,0.0
22808,10121,171,1,508.1,0.0
22809,10121,188,2,720.38,0.0
22810,10122,78,1,1047.68,0.0
22811,10123,6,2,34.19,0.0
22812,10124,7,1,62.52,20.0
22813,10125,46,2,854.22,0.0
22814,10125,35,3,633.08,0.0
22815,10126,35,2,633.08,15.0
22816,10126,16,2,973.78,0.0
22817,10126,50,1,994.53,5.0
22818,10126,254,1,1202.51,20.0
22819,10127,2,1,394.13,0.0
22820,10127,22,2,457.79,0.0
22821,10127,258,3,563.1,20.0
22822,10127,24,2,584.38,0.0
22823,10127,18,1,818.1,0.0
22824,10128,18,1,818.1,0.0
22825,10128,8,4,542.39,20.0
22826,10128,10,1,132.89,0.0
22827,10128,50,2,994.53,0.0
22828,10129,41,1,176.54,0.0
22829,10129,33,1,947.92,5.0
22830,10129,8,1,542.39,0.0
22831,10129,134,1,426.27,0.0
22832,10130,98,2,932.39,0.0
22833,10130,52,2,994.18,5.0
22834,10130,29,1,981.65,0.0
22835,10130,8,1,542.39,0.0
22836,10131,44,3,930.25,0.0
22837,10132,43,1,935.97,0.0
22838,10132,39,1,758.76,0.0
22839,10132,47,1,459.02,0.0
22840,10133,87,2,812.54,0.0
22841,10133,9,1,217.62,0.0
22842,10133,50,1,994.53,0.0
22843,10133,185,2,339.91,10.0
22844,10134,29,2,981.65,0.0
22845,10135,46,1,854.22,0.0
22846,10135,11,1,202.6,0.0
22847,10135,33,1,947.92,0.0
22848,10135,3,1,557.91,15.0
22849,10136,18,2,818.1,0.0
22850,10137,17,1,173.9,0.0
22851,10137,40,1,520.37,5.0
22852,10138,77,1,561.47,10.0
22853,10138,8,1,542.39,0.0
22854,10139,22,1,457.79,5.0
22855,10139,42,1,880.29,10.0
22856,10139,45,5,456.92,0.0
22857,10139,36,2,72.7,0.0
22858,10140,4,1,583.61,0.0
22859,10140,45,1,456.92,0.0
22860,10140,158,4,334.84,0.0
22861,10140,21,1,851.91,10.0
22862,10140,28,1,662.55,10.0
22863,10141,15,3,255.83,0.0
22864,10141,16,1,973.78,0.0
22865,10141,46,1,854.22,10.0
22866,10141,4,1,583.61,0.0
22867,10142,1,2,643.08,0.0
22868,10143,38,4,1016.34,0.0
22869,10143,7,1,62.52,0.0
22870,10144,17,1,173.9,0.0
22871,10144,166,2,881.42,5.0
22872,10145,33,1,947.92,0.0
22873,10145,38,1,1016.34,0.0
22874,10146,25,2,631.62,0.0
22875,10146,34,1,43.21,0.0
22876,10146,19,3,604.84,15.0
22877,10147,2,1,394.13,0.0
22878,10148,7,1,62.52,0.0
22879,10148,43,1,935.97,0.0
22880,10149,44,1,930.25,0.0
22881,10149,20,1,339.73,0.0
22882,10150,35,1,633.08,10.0
22883,10150,37,2,1009.52,0.0
22884,10150,166,1,881.42,0.0
22885,10151,31,2,185.47,0.0
22886,10151,44,1,930.25,0.0
22887,10152,20,1,339.73,10.0
22888,10152,50,3,994.53,5.0
22889,10152,14,1,149.0,15.0
22890,10153,42,1,880.29,10.0
22891,10153,82,1,1090.89,20.0
22892,10154,34,1,43.21,10.0
22893,10154,38,3,1016.34,0.0
22894,10155,8,1,542.39,15.0
22895,10156,6,2,34.19,0.0
22896,10156,51,2,774.23,0.0
22897,10156,5,4,597.45,0.0
22898,10156,36,1,72.7,0.0
22899,10157,7,2,62.52,20.0
22900,10158,14,5,149.0,0.0
22901,10159,43,1,935.97,0.0
22902,10159,8,1,542.39,5.0
22903,10159,22,2,457.79,0.0
22904,10159,176,1,576.9,0.0
22905,10160,48,5,358.48,15.0
22906,10160,196,4,925.9,20.0
22907,10160,25,2,631.62,0.0
22908,10161,251,2,395.15,5.0
22909,10161,11,2,202.6,20.0
22910,10162,21,1,851.91,0.0
22911,10162,185,1,339.91,0.0
22912,10162,23,2,236.54,0.0
22913,10163,122,1,246.21,0.0
22914,10163,17,1,173.9,0.0
22915,10164,98,3,932.39,20.0
22916,10164,24,1,584.38,0.0
22917,10164,21,3,851.91,0.0
22918,10165,35,1,633.08,10.0
22919,10166,105,1,888.35,0.0
22920,10166,17,1,173.9,0.0
22921,10166,46,1,854.22,10.0
22922,10167,1,1,643.08,0.0
22923,10167,42,1,880.29,5.0
22924,10168,6,2,34.19,0.0
22925,10168,1,2,643.08,0.0
22926,10169,23,1,236.54,0.0
22927,10169,37,1,1009.52,0.0
22928,10170,47,2,459.02,0.0
22929,10170,35,3,633.08,0.0
22930,10171,50,1,994.53,15.0
22931,10171,25,5,631.62,0.0
22932,10171,19,3,604.84,0.0
22933,10172,59,1,251.22,0.0
22934,10172,5,2,597.45,0.0
22935,10172,225,2,785.87,0.0
22936,10172,52,1,994.18,0.0
22937,10173,225,2,785.87,15.0
22938,10173,37,2,1009.52,0.0
22939,10173,43,4,935.97,5.0
22940,10174,1,1,643.08,0.0
22941,10174,44,1,930.25,0.0
22942,10175,9,1,217.62,0.0
22943,10175,19,2,604.84,0.0
22944,10175,49,1,1020.52,5.0
22945,10176,110,2,600.49,0.0
22946,10176,7,3,62.52,10.0
22947,10177,37,3,1009.52,0.0
22948,10178,48,1,358.48,5.0
22949,10179,51,1,774.23,0.0
22950,10179,5,1,597.45,0.0
22951,10179,44,2,930.25,0.0
22952,10179,22,1,457.79,0.0
22953,10180,14,3,149.0,5.0
22954,10180,52,1,994.18,0.0
22955,10180,3,1,557.91,0.0
22956,10181,36,2,72.7,0.0
22957,10181,7,1,62.52,0.0
22958,10181,29,1,981.65,0.0
22959,10181,50,2,994.53,20.0
22960,10181,38,2,1016.34,0.0
22961,10182,42,2,880.29,0.0
22962,10183,9,1,217.62,0.0
22963,10183,32,1,320.79,0.0
22964,10183,4,1,583.61,0.0
22965,10183,40,1,520.37,10.0
22966,10184,32,2,320.79,0.0
22967,10185,30,1,658.15,20.0
22968,10185,9,3,217.62,0.0
22969,10185,41,1,176.54,0.0
22970,10185,7,1,62.52,10.0
22971,10185,78,1,1047.68,0.0
22972,10186,28,1,662.55,0.0
22973,10186,25,3,631.62,10.0
22974,10187,2,1,394.13,0.0
22975,10187,11,1,202.6,15.0
22976,10187,211,1,1092.93,0.0
22977,10188,3,1,557.91,0.0
22978,10188,38,1,1016.34,0.0
22979,10189,52,1,994.18,0.0
22980,10189,105,1,888.35,0.0
22981,10189,221,3,294.07,0.0
22982,10190,52,1,994.18,0.0
22983,10190,17,1,173.9,0.0
22984,10190,23,1,236.54,0.0
22985,10190,13,2,800.5,5.0
22986,10191,13,3,800.5,0.0
22987,10191,7,2,62.52,20.0
22988,10191,27,1,287.02,0.0
22989,10192,72,2,474.04,0.0
22990,10193,173,2,665.55,0.0
22991,10194,20,1,339.73,10.0
22992,10195,227,2,342.68,0.0
22993,10195,141,2,991.87,0.0
22994,10196,21,1,851.91,0.0
22995,10196,97,1,38.5,10.0
22996,10196,128,1,1064.68,5.0
22997,10196,24,2,584.38,0.0
22998,10197,32,1,320.79,0.0
22999,10197,11,1,202.6,0.0
23000,10198,40,1,520.37,0.0
23001,10198,27,2,287.02,0.0
23002,10198,1,1,643.08,5.0
23003,10199,12,1,677.11,5.0
23004,10199,36,5,72.7,10.0
23005,10199,237,1,938.43,0.0
23006,10200,27,2,287.02,5.0
23007,10201,121,1,223.46,0.0
23008,10201,196,1,925.9,0.0
23009,10202,30,2,658.15,0.0
23010,10203,3,1,557.91,0.0
23011,10203,43,3,935.97,0.0
23012,10204,46,1,854.22,0.0
23013,10204,5,2,597.45,0.0
23014,10204,48,2,358.48,0.0
23015,10204,18,2,818.1,0.0
23016,10204,8,2,542.39,0.0
23017,10205,104,1,613.34,0.0
23018,10205,73,1,831.13,5.0
23019,10205,239,1,269.05,0.0
23020,10205,15,2,255.83,0.0
23021,10205,50,3,994.53,20.0
23022,10206,231,1,765.07,0.0
23023,10206,29,1,981.65,0.0
23024,10206,219,1,503.95,5.0
23025,10207,9,1,217.62,0.0
23026,10207,31,3,185.47,5.0
23027,10207,8,1,542.39,10.0
23028,10208,12,1,677.11,0.0
23029,10208,33,3,947.92,0.0
23030,10209,32,2,320.79,0.0
23031,10209,187,1,215.12,0.0
23032,10209,123,2,272.6,0.0
23033,10209,22,1,457.79,0.0
23034,10210,23,1,236.54,20.0
23035,10210,12,1,677.11,10.0
23036,10211,76,1,920.83,0.0
23037,10212,138,2,285.18,0.0
23038,10212,22,1,457.79,0.0
23039,10212,21,1,851.91,0.0
23040,10213,252,1,686.58,0.0
23041,10214,30,1,658.15,0.0
23042,10214,9,2,217.62,0.0
23043,10215,20,2,339.73,0.0
23044,10215,39,1,758.76,0.0
23045,10216,29,1,981.65,0.0
23046,10217,4,3,583.61,5.0
23047,10217,21,1,851.91,0.0
23048,10218,15,1,255.83,0.0
23049,10219,12,1,677.11,15.0
23050,10219,5,1,597.45,20.0
23051,10220,46,1,854.22,0.0
23052,10220,35,1,633.08,0.0
23053,10220,222,1,752.95,0.0
23054,10220,17,3,173.9,0.0
23055,10221,49,1,1020.52,0.0
23056,10221,189,1,816.04,20.0
23057,10222,36,2,72.7,0.0
23058,10222,174,1,911.18,0.0
23059,10223,10,1,132.89,0.0
23060,10223,41,1,176.54,0.0
23061,10223,39,1,758.76,0.0
23062,10223,30,2,658.15,0.0
23063,10224,43,4,935.97,0.0
23064,10224,51,1,774.23,15.0
23065,10225,26,1,204.87,5.0
23066,10225,21,1,851.91,20.0
23067,10225,10,2,132.89,0.0
23068,10225,17,1,173.9,5.0
23069,10226,33,2,947.92,0.0
23070,10226,48,3,358.48,10.0
23071,10227,61,2,882.1,0.0
23072,10227,20,1,339.73,0.0
23073,10228,5,2,597.45,5.0
23074,10229,29,1,981.65,0.0
23075,10229,5,2,597.45,0.0
23076,10230,27,1,287.02,15.0
23077,10230,23,1,236.54,0.0
23078,10230,28,1,662.55,0.0
23079,10231,34,3,43.21,0.0
23080,10231,29,1,981.65,5.0
23081,10231,15,1,255.83,0.0
23082,10232,35,2,633.08,0.0
23083,10232,33,2,947.92,10.0
23084,10233,67,1,808.59,0.0
23085,10233,11,1,202.6,0.0
23086,10234,40,2,520.37,0.0
23087,10234,34,4,43.21,0.0
23088,10234,43,1,935.97,10.0
23089,10235,40,1,520.37,0.0
23090,10236,95,1,179.64,0.0
23091,10236,21,3,851.91,0.0
23092,10237,9,2,217.62,20.0
23093,10237,4,1,583.61,0.0
23094,10238,31,5,185.47,0.0
23095,10238,153,2,378.51,0.0
23096,10238,11,3,202.6,15.0
23097,10238,25,1,631.62,15.0
23098,10239,48,1,358.48,0.0
23099,10239,4,5,583.61,20.0
23100,10239,21,1,851.91,0.0
23101,10240,214,3,836.23,0.0
23102,10241,15,1,255.83,5.0
23103,10241,5,1,597.45,5.0
23104,10242,52,1,994.18,0.0
23105,10243,34,1,43.21,20.0
23106,10243,13,1,800.5,0.0
23107,10243,11,1,202.6,0.0
23108,10244,14,2,149.0,0.0
23109,10244,91,1,291.37,20.0
23110,10244,190,1,998.17,0.0
23111,10244,15,1,255.83,0.0
23112,10245,228,2,24.69,0.0
23113,10245,17,1,173.9,0.0
23114,10246,30,1,658.15,0.0
23115,10246,25,1,631.62,0.0
23116,10247,5,1,597.45,0.0
23117,10247,44,2,930.25,0.0
23118,10247,19,5,604.84,0.0
23119,10247,13,1,800.5,15.0
23120,10248,12,2,677.11,10.0
23121,10248,192,2,282.66,5.0
23122,10248,8,1,542.39,5.0
23123,10249,12,1,677.11,20.0
23124,10250,52,1,994.18,20.0
23125,10250,8,2,542.39,0.0
23126,10250,258,2,563.1,0.0
23127,10251,34,1,43.21,0.0
23128,10251,20,1,339.73,5.0
23129,10252,23,1,236.54,0.0
23130,10252,106,1,65.61,5.0
23131,10253,28,1,662.55,0.0
23132,10254,10,5,132.89,0.0
23133,10254,5,1,597.45,0.0
23134,10255,136,1,185.33,5.0
23135,10255,30,1,658.15,15.0
23136,10256,231,1,765.07,5.0
23137,10256,32,1,320.79,0.0
23138,10257,13,2,800.5,0.0
23139,10257,6,5,34.19,0.0
23140,10258,49,2,1020.52,0.0
23141,10258,60,3,165.23,5.0
23142,10259,255,1,537.33,0.0
23143,10260,8,1,542.39,10.0
23144,10261,35,1,633.08,0.0
23145,10261,258,1,563.1,0.0
23146,10261,17,5,173.9,0.0
23147,10261,25,2,631.62,0.0
23148,10262,54,1,21.31,0.0
23149,10262,46,1,854.22,10.0
23150,10262,30,1,658.15,0.0
23151,10263,44,1,930.25,20.0
23152,10263,189,1,816.04,0.0
23153,10263,26,5,204.87,0.0
23154,10264,14,1,149.0,5.0
23155,10265,21,5,851.91,0.0
23156,10265,254,1,1202.51,10.0
23157,10266,25,2,631.62,0.0
23158,10266,23,1,236.54,0.0
23159,10267,216,2,929.01,5.0
23160,10267,3,2,557.91,0.0
23161,10267,34,1,43.21,0.0
23162,10268,8,1,542.39,0.0
23163,10268,6,1,34.19,0.0
23164,10268,10,4,132.89,0.0
23165,10268,1,2,643.08,5.0
23166,10269,45,1,456.92,0.0
23167,10269,18,2,818.1,10.0
23168,10270,6,4,34.19,0.0
23169,10271,27,1,287.02,0.0
23170,10272,17,2,173.9,15.0
23171,10272,26,1,204.87,10.0
23172,10273,32,1,320.79,0.0
23173,10273,253,1,352.37,0.0
23174,10273,40,1,520.37,0.0
23175,10274,44,1,930.25,0.0
23176,10274,37,1,1009.52,15.0
23177,10275,38,4,1016.34,5.0
23178,10276,3,4,557.91,15.0
23179,10277,22,2,457.79,0.0
23180,10277,197,5,893.87,0.0
23181,10278,20,1,339.73,0.0
23182,10278,3,2,557.91,0.0
23183,10278,49,1,1020.52,10.0
23184,10279,34,2,43.21,0.0
23185,10279,32,3,320.79,0.0
23186,10280,37,2,1009.52,0.0
23187,10280,43,2,935.97,10.0
23188,10281,47,1,459.02,0.0
23189,10282,52,1,994.18,0.0
23190,10282,252,2,686.58,0.0
23191,10283,28,1,662.55,0.0
23192,10283,52,2,994.18,0.0
23193,10283,20,1,339.73,5.0
23194,10283,17,1,173.9,0.0
23195,10284,29,3,981.65,0.0
23196,10284,3,1,557.91,0.0
23197,10284,25,3,631.62,0.0
23198,10284,50,1,994.53,0.0
23199,10284,19,1,604.84,10.0
23200,10285,101,1,462.13,0.0
23201,10285,196,2,925.9,0.0
23202,10286,31,1,185.47,0.0
23203,10286,21,1,851.91,5.0
23204,10286,38,2,1016.34,0.0
23205,10287,166,1,881.42,0.0
23206,10287,11,1,202.6,0.0
23207,10288,32,1,320.79,20.0
23208,10288,30,1,658.15,10.0
23209,10288,8,3,542.39,0.0
23210,10289,40,1,520.37,0.0
23211,10290,2,2,394.13,0.0
23212,10290,36,3,72.7,0.0
23213,10290,28,5,662.55,0.0
23214,10291,48,5,358.48,0.0
23215,10291,9,2,217.62,0.0
23216,10291,49,1,1020.52,0.0
23217,10292,36,1,72.7,15.0
23218,10293,7,1,62.52,0.0
23219,10294,10,1,132.89,0.0
23220,10295,48,2,358.48,0.0
23221,10296,15,2,255.83,0.0
23222,10296,138,1,285.18,10.0
23223,10297,20,1,339.73,10.0
23224,10298,32,1,320.79,0.0
23225,10299,174,1,911.18,0.0
23226,10299,145,1,916.31,0.0
23227,10299,171,2,508.1,0.0
23228,10300,221,1,294.07,0.0
23229,10300,180,2,1017.24,0.0
23230,10301,64,3,586.27,0.0
23231,10301,15,2,255.83,15.0
23232,10302,78,1,1047.68,0.0
23233,10303,56,1,776.63,5.0
23234,10303,42,1,880.29,0.0
23235,10303,22,1,457.79,0.0
23236,10304,10,1,132.89,20.0
23237,10304,39,1,758.76,20.0
23238,10304,11,3,202.6,0.0
23239,10305,219,1,503.95,0.0
23240,10305,60,1,165.23,0.0
23241,10306,32,1,320.79,0.0
23242,10307,21,2,851.91,0.0
23243,10308,13,1,800.5,5.0
23244,10309,23,1,236.54,5.0
23245,10309,49,2,1020.52,0.0
23246,10309,31,2,185.47,5.0
23247,10309,7,1,62.52,10.0
23248,10309,44,2,930.25,20.0
23249,10310,179,3,990.0,0.0
23250,10310,52,2,994.18,0.0
23251,10310,38,3,1016.34,0.0
23252,10311,254,1,1202.51,0.0
23253,10311,34,2,43.21,0.0
23254,10311,36,2,72.7,10.0
23255,10312,223,1,389.43,15.0
23256,10312,217,1,308.65,0.0
23257,10313,16,1,973.78,5.0
23258,10313,36,2,72.7,10.0
23259,10314,52,1,994.18,0.0
23260,10314,167,2,356.11,10.0
23261,10315,48,1,358.48,10.0
23262,10315,30,1,658.15,0.0
23263,10315,51,3,774.23,10.0
23264,10315,169,2,863.12,0.0
23265,10316,33,1,947.92,0.0
23266,10317,27,2,287.02,0.0
23267,10318,49,2,1020.52,0.0
23268,10319,218,1,658.32,10.0
23269,10319,147,1,490.87,0.0
23270,10319,35,1,633.08,0.0
23271,10320,5,2,597.45,0.0
23272,10321,34,1,43.21,0.0
23273,10321,95,2,179.64,0.0
23274,10321,197,1,893.87,0.0
23275,10322,37,2,1009.52,0.0
23276,10322,34,1,43.21,0.0
23277,10323,15,2,255.83,0.0
23278,10323,168,1,838.87,0.0
23279,10323,68,1,245.03,0.0
23280,10324,43,1,935.97,0.0
23281,10324,16,3,973.78,0.0
23282,10324,10,1,132.89,0.0
23283,10325,193,2,948.3,0.0
23284,10326,5,1,597.45,5.0
23285,10327,165,2,882.32,10.0
23286,10327,39,3,758.76,0.0
23287,10327,48,1,358.48,10.0
23288,10327,60,1,165.23,0.0
23289,10327,6,5,34.19,0.0
23290,10328,22,2,457.79,5.0
23291,10329,27,2,287.02,5.0
23292,10329,3,2,557.91,10.0
23293,10330,14,4,149.0,0.0
23294,10330,26,1,204.87,0.0
23295,10331,5,1,597.45,0.0
23296,10331,24,2,584.38,0.0
23297,10331,19,2,604.84,0.0
23298,10331,34,1,43.21,0.0
23299,10332,42,2,880.29,0.0
23300,10333,16,1,973.78,0.0
23301,10333,5,2,597.45,0.0
23302,10334,38,5,1016.34,15.0
23303,10334,9,1,217.62,0.0
23304,10335,45,1,456.92,5.0
23305,10335,48,3,358.48,0.0
23306,10336,29,1,981.65,0.0
23307,10336,35,2,633.08,0.0
23308,10336,12,2,677.11,0.0
23309,10337,16,1,973.78,15.0
23310,10337,33,1,947.92,20.0
23311,10338,8,1,542.39,5.0
23312,10338,68,1,245.03,5.0
23313,10339,9,1,217.62,5.0
23314,10339,20,1,339.73,0.0
23315,10340,51,1,774.23,0.0
23316,10340,17,1,173.9,0.0
23317,10341,46,1,854.22,0.0
23318,10342,39,1,758.76,0.0
23319,10342,14,3,149.0,0.0
23320,10343,6,1,34.19,0.0
23321,10343,35,1,633.08,5.0
23322,10343,4,2,583.61,0.0
23323,10343,40,1,520.37,0.0
23324,10344,23,1,236.54,0.0
23325,10345,28,1,662.55,10.0
23326,10345,14,2,149.0,0.0
23327,10345,11,1,202.6,0.0
23328,10346,37,3,1009.52,0.0
23329,10347,25,1,631.62,0.0
23330,10347,232,1,968.09,0.0
23331,10348,37,2,1009.52,10.0
23332,10349,31,1,185.47,10.0
23333,10349,210,2,664.24,10.0
23334,10350,26,1,204.87,0.0
23335,10351,50,1,994.53,20.0
23336,10351,17,1,173.9,0.0
23337,10351,31,2,185.47,0.0
23338,10352,47,3,459.02,20.0
23339,10353,3,1,557.91,0.0
23340,10354,5,2,597.45,0.0
23341,10354,12,2,677.11,0.0
23342,10354,25,1,631.62,0.0
23343,10354,80,1,275.45,0.0
23344,10355,8,2,542.39,0.0
23345,10355,37,2,1009.52,0.0
23346,10356,257,1,118.54,0.0
23347,10357,36,3,72.7,0.0
23348,10358,119,1,891.47,0.0
23349,10358,17,1,173.9,0.0
23350,10358,33,1,947.92,10.0
23351,10359,212,1,665.42,0.0
23352,10360,12,2,677.11,0.0
23353,10361,39,1,758.76,0.0
23354,10361,44,1,930.25,0.0
23355,10362,28,5,662.55,0.0
23356,10362,32,1,320.79,0.0
23357,10362,12,1,677.11,0.0
23358,10362,46,1,854.22,0.0
23359,10362,27,2,287.02,0.0
23360,10363,45,2,456.92,0.0
23361,10364,42,1,880.29,0.0
23362,10364,12,1,677.11,0.0
23363,10364,11,1,202.6,0.0
23364,10365,166,1,881.42,0.0
23365,10365,253,2,352.37,0.0
23366,10365,38,1,1016.34,0.0
23367,10366,49,1,1020.52,0.0
23368,10366,8,1,542.39,0.0
23369,10367,9,2,217.62,0.0
23370,10367,135,1,277.82,10.0
23371,10368,51,5,774.23,0.0
23372,10368,45,1,456.92,0.0
23373,10368,182,2,653.31,10.0
23374,10368,65,1,1039.76,20.0
23375,10368,249,3,229.0,0.0
23376,10369,6,1,34.19,0.0
23377,10369,41,1,176.54,0.0
23378,10369,18,1,818.1,10.0
23379,10369,51,1,774.23,0.0
23380,10370,34,3,43.21,0.0
23381,10370,35,1,633.08,10.0
23382,10370,257,1,118.54,5.0
23383,10371,32,1,320.79,0.0
23384,10371,139,1,544.47,0.0
23385,10372,40,1,520.37,0.0
23386,10372,19,2,604.84,0.0
23387,10372,34,3,43.21,5.0
23388,10373,15,1,255.83,10.0
23389,10374,28,1,662.55,15.0
23390,10374,5,1,597.45,0.0
23391,10374,38,1,1016.34,0.0
23392,10374,26,1,204.87,0.0
23393,10375,7,1,62.52,0.0
23394,10376,220,1,850.53,0.0
23395,10377,222,2,752.95,0.0
23396,10377,148,2,824.22,0.0
23397,10377,42,2,880.29,0.0
23398,10377,41,2,176.54,10.0
23399,10378,19,2,604.84,0.0
23400,10379,24,1,584.38,0.0
23401,10380,215,1,429.74,0.0
23402,10380,203,1,131.33,0.0
23403,10381,40,5,520.37,5.0
23404,10382,126,1,757.74,0.0
23405,10382,52,1,994.18,20.0
23406,10382,32,3,320.79,0.0
23407,10383,9,1,217.62,0.0
23408,10384,37,2,1009.52,15.0
23409,10384,39,2,758.76,5.0
23410,10384,85,1,681.02,0.0
23411,10385,40,2,520.37,0.0
23412,10385,85,5,681.02,15.0
23413,10386,47,1,459.02,10.0
23414,10387,29,3,981.65,0.0
23415,10387,50,1,994.53,10.0
23416,10388,127,1,711.21,10.0
23417,10388,155,1,438.96,0.0
23418,10389,30,2,658.15,10.0
23419,10389,47,1,459.02,0.0
23420,10390,34,1,43.21,0.0
23421,10391,24,5,584.38,0.0
23422,10391,113,1,1162.63,20.0
23423,10392,24,3,584.38,0.0
23424,10393,28,2,662.55,0.0
23425,10394,184,2,196.43,0.0
23426,10394,4,1,583.61,0.0
23427,10394,12,1,677.11,0.0
23428,10394,27,1,287.02,5.0
23429,10395,21,1,851.91,0.0
23430,10395,234,2,670.43,0.0
23431,10395,51,2,774.23,0.0
23432,10395,10,1,132.89,5.0
23433,10396,14,2,149.0,5.0
23434,10397,35,4,633.08,0.0
23435,10397,37,3,1009.52,0.0
23436,10397,152,1,1071.23,0.0
23437,10398,150,1,196.9,0.0
23438,10398,14,1,149.0,0.0
23439,10398,40,1,520.37,0.0
23440,10398,49,2,1020.52,0.0
23441,10399,52,2,994.18,0.0
23442,10399,189,4,816.04,20.0
23443,10400,35,2,633.08,0.0
23444,10400,8,1,542.39,0.0
23445,10400,9,1,217.62,0.0
23446,10400,40,1,520.37,0.0
23447,10401,156,4,410.55,5.0
23448,10401,21,1,851.91,0.0
23449,10402,19,1,604.84,0.0
23450,10402,9,1,217.62,5.0
23451,10403,218,1,658.32,0.0
23452,10404,8,1,542.39,5.0
23453,10404,143,1,435.68,5.0
23454,10405,20,2,339.73,0.0
23455,10405,27,2,287.02,5.0
23456,10406,27,2,287.02,10.0
23457,10406,146,2,1020.84,10.0
23458,10406,21,1,851.91,0.0
23459,10406,29,1,981.65,0.0
23460,10407,33,2,947.92,10.0
23461,10407,10,2,132.89,15.0
23462,10407,18,1,818.1,0.0
23463,10408,13,1,800.5,0.0
23464,10408,7,1,62.52,0.0
23465,10408,52,1,994.18,0.0
23466,10409,33,1,947.92,10.0
23467,10409,236,2,384.32,20.0
23468,10410,42,1,880.29,0.0
23469,10410,4,1,583.61,10.0
23470,10410,48,2,358.48,0.0
23471,10410,49,1,1020.52,0.0
23472,10411,21,3,851.91,0.0
23473,10411,178,2,512.5,0.0
23474,10412,30,1,658.15,5.0
23475,10412,194,1,328.13,0.0
23476,10412,47,1,459.02,10.0
23477,10413,77,1,561.47,5.0
23478,10413,129,1,44.87,0.0
23479,10413,35,1,633.08,0.0
23480,10414,35,1,633.08,0.0
23481,10414,21,1,851.91,10.0
23482,10415,45,1,456.92,0.0
23483,10416,52,5,994.18,0.0
23484,10417,7,1,62.52,0.0
23485,10418,38,2,1016.34,0.0
23486,10418,3,1,557.91,0.0
23487,10419,47,1,459.02,10.0
23488,10419,13,4,800.5,0.0
23489,10419,29,5,981.65,0.0
23490,10420,37,2,1009.52,0.0
23491,10420,39,1,758.76,0.0
23492,10421,3,1,557.91,0.0
23493,10421,47,1,459.02,0.0
23494,10421,26,1,204.87,20.0
23495,10422,4,2,583.61,15.0
23496,10423,23,3,236.54,0.0
23497,10424,14,1,149.0,0.0
23498,10424,32,3,320.79,0.0
23499,10424,30,2,658.15,0.0
23500,10425,24,1,584.38,10.0
23501,10425,49,1,1020.52,0.0
23502,10426,38,5,1016.34,0.0
23503,10426,17,1,173.9,0.0
23504,10426,26,1,204.87,0.0
23505,10426,13,1,800.5,0.0
23506,10427,15,3,255.83,0.0
23507,10427,206,1,532.41,10.0
23508,10427,34,1,43.21,0.0
23509,10428,50,1,994.53,15.0
23510,10428,10,1,132.89,0.0
23511,10428,65,2,1039.76,0.0
23512,10429,97,1,38.5,0.0
23513,10429,46,1,854.22,0.0
23514,10430,52,3,994.18,0.0
23515,10431,212,1,665.42,0.0
23516,10431,159,1,220.27,0.0
23517,10431,13,1,800.5,0.0
23518,10431,17,2,173.9,20.0
23519,10432,48,2,358.48,0.0
23520,10432,42,1,880.29,0.0
23521,10432,43,1,935.97,0.0
23522,10433,33,1,947.92,0.0
23523,10433,73,1,831.13,20.0
23524,10433,3,1,557.91,0.0
23525,10433,43,1,935.97,0.0
23526,10433,14,1,149.0,5.0
23527,10434,20,3,339.73,0.0
23528,10435,16,1,973.78,0.0
23529,10435,48,1,358.48,10.0
23530,10436,79,3,861.19,0.0
23531,10436,17,1,173.9,0.0
23532,10437,43,1,935.97,0.0
23533,10437,38,1,1016.34,15.0
23534,10438,6,1,34.19,0.0
23535,10439,30,1,658.15,0.0
23536,10439,38,3,1016.34,5.0
23537,10440,185,3,339.91,0.0
23538,10440,13,1,800.5,0.0
23539,10440,36,1,72.7,5.0
23540,10441,24,2,584.38,0.0
23541,10441,13,1,800.5,0.0
23542,10442,4,4,583.61,20.0
23543,10442,32,1,320.79,0.0
23544,10442,40,1,520.37,20.0
23545,10442,23,5,236.54,5.0
23546,10442,26,1,204.87,10.0
23547,10443,47,2,459.02,0.0
23548,10444,35,1,633.08,15.0
23549,10445,8,3,542.39,0.0
23550,10446,16,1,973.78,5.0
23551,10446,44,1,930.25,20.0
23552,10447,102,2,352.97,20.0
23553,10447,39,2,758.76,0.0
23554,10448,40,1,520.37,5.0
23555,10449,39,1,758.76,0.0
23556,10449,108,1,306.47,0.0
23557,10449,23,1,236.54,0.0
23558,10449,11,1,202.6,20.0
23559,10449,50,1,994.53,0.0
23560,10450,149,5,668.87,10.0
23561,10451,4,2,583.61,0.0
23562,10451,126,1,757.74,0.0
23563,10452,3,1,557.91,0.0
23564,10453,16,3,973.78,0.0
23565,10453,145,2,916.31,0.0
23566,10453,24,1,584.38,0.0
23567,10453,33,1,947.92,0.0
23568,10453,26,1,204.87,0.0
23569,10454,27,2,287.02,0.0
23570,10455,30,1,658.15,0.0
23571,10456,1,1,643.08,5.0
23572,10457,195,1,549.52,15.0
23573,10457,120,1,983.93,0.0
23574,10457,18,5,818.1,0.0
23575,10457,25,1,631.62,0.0
23576,10458,44,1,930.25,0.0
23577,10459,75,1,448.57,20.0
23578,10459,8,2,542.39,15.0
23579,10459,28,1,662.55,0.0
23580,10460,9,1,217.62,0.0
23581,10460,17,1,173.9,0.0
23582,10461,29,2,981.65,0.0
23583,10461,24,1,584.38,15.0
23584,10461,18,1,818.1,10.0
23585,10462,46,1,854.22,0.0
23586,10462,167,1,356.11,0.0
23587,10462,38,3,1016.34,5.0
23588,10463,76,1,920.83,0.0
23589,10463,22,3,457.79,0.0
23590,10464,235,1,180.69,10.0
23591,10464,23,2,236.54,0.0
23592,10464,118,1,1091.59,0.0
23593,10465,3,1,557.91,0.0
23594,10466,5,1,597.45,10.0
23595,10466,46,1,854.22,10.0
23596,10466,188,2,720.38,0.0
23597,10467,170,2,814.48,0.0
23598,10467,3,1,557.91,0.0
23599,10467,37,2,1009.52,5.0
23600,10467,199,3,989.05,15.0
23601,10468,16,1,973.78,0.0
23602,10469,49,1,1020.52,0.0
23603,10469,51,1,774.23,0.0
23604,10469,78,1,1047.68,0.0
23605,10470,18,1,818.1,0.0
23606,10470,48,1,358.48,0.0
23607,10470,258,2,563.1,0.0
23608,10471,27,1,287.02,0.0
23609,10471,93,1,626.68,10.0
23610,10472,12,1,677.11,0.0
23611,10472,38,1,1016.34,0.0
23612,10473,39,3,758.76,5.0
23613,10473,23,4,236.54,5.0
23614,10474,112,5,1017.21,0.0
23615,10474,20,2,339.73,0.0
23616,10474,17,1,173.9,0.0
23617,10475,31,1,185.47,0.0
23618,10475,1,2,643.08,5.0
23619,10476,37,1,1009.52,0.0
23620,10477,17,2,173.9,0.0
23621,10477,192,2,282.66,0.0
23622,10477,50,1,994.53,10.0
23623,10478,3,2,557.91,0.0
23624,10479,38,2,1016.34,0.0
23625,10479,12,1,677.11,0.0
23626,10479,15,4,255.83,0.0
23627,10480,6,1,34.19,0.0
23628,10480,28,1,662.55,0.0
23629,10480,38,1,1016.34,10.0
23630,10481,33,2,947.92,0.0
23631,10481,14,1,149.0,0.0
23632,10481,12,2,677.11,0.0
23633,10482,28,1,662.55,0.0
23634,10482,38,1,1016.34,0.0
23635,10483,37,1,1009.52,0.0
23636,10483,48,1,358.48,0.0
23637,10484,108,2,306.47,15.0
23638,10484,17,2,173.9,0.0
23639,10484,64,1,586.27,10.0
23640,10484,13,2,800.5,0.0
23641,10484,38,3,1016.34,0.0
23642,10485,23,1,236.54,0.0
23643,10485,52,3,994.18,0.0
23644,10486,48,1,358.48,0.0
23645,10487,49,1,1020.52,15.0
23646,10487,29,1,981.65,15.0
23647,10487,21,1,851.91,20.0
23648,10488,24,1,584.38,0.0
23649,10488,25,1,631.62,5.0
23650,10488,166,1,881.42,5.0
23651,10488,94,5,914.43,0.0
23652,10488,12,1,677.11,0.0
23653,10489,39,3,758.76,5.0
23654,10490,9,1,217.62,0.0
23655,10490,44,1,930.25,0.0
23656,10491,26,2,204.87,15.0
23657,10491,13,1,800.5,0.0
23658,10491,14,4,149.0,0.0
23659,10492,32,1,320.79,0.0
23660,10492,6,1,34.19,0.0
23661,10492,22,2,457.79,10.0
23662,10492,21,2,851.91,0.0
23663,10492,47,2,459.02,0.0
23664,10493,17,1,173.9,0.0
23665,10493,28,1,662.55,0.0
23666,10493,43,1,935.97,0.0
23667,10494,27,4,287.02,0.0
23668,10494,44,1,930.25,5.0
23669,10495,33,1,947.92,5.0
23670,10495,96,1,1121.55,0.0
23671,10496,236,1,384.32,0.0
23672,10496,50,1,994.53,20.0
23673,10497,43,1,935.97,10.0
23674,10497,51,1,774.23,0.0
23675,10497,18,1,818.1,0.0
23676,10498,35,2,633.08,0.0
23677,10498,4,2,583.61,0.0
23678,10498,37,1,1009.52,0.0
23679,10499,33,1,947.92,0.0
23680,10499,44,1,930.25,10.0
23681,10500,6,1,34.19,0.0
23682,10500,23,3,236.54,0.0
23683,10501,11,1,202.6,5.0
23684,10501,41,5,176.54,0.0
23685,10501,35,1,633.08,0.0
23686,10502,16,4,973.78,0.0
23687,10502,20,1,339.73,0.0
23688,10503,34,1,43.21,10.0
23689,10504,38,1,1016.34,10.0
23690,10505,102,1,352.97,0.0
23691,10505,240,3,81.35,20.0
23692,10505,35,5,633.08,0.0
23693,10506,15,1,255.83,0.0
23694,10507,218,1,658.32,5.0
23695,10507,3,3,557.91,10.0
23696,10508,217,2,308.65,10.0
23697,10509,10,2,132.89,0.0
23698,10509,46,1,854.22,0.0
23699,10510,12,1,677.11,0.0
23700,10510,50,1,994.53,0.0
23701,10510,51,4,774.23,0.0
23702,10511,202,2,427.54,0.0
23703,10511,81,4,77.19,0.0
23704,10512,37,1,1009.52,0.0
23705,10512,36,1,72.7,15.0
23706,10513,45,3,456.92,0.0
23707,10513,27,1,287.02,0.0
23708,10513,30,1,658.15,15.0
23709,10514,49,1,1020.52,0.0
23710,10514,2,1,394.13,5.0
23711,10515,12,1,677.11,0.0
23712,10515,55,1,479.69,0.0
23713,10516,6,2,34.19,5.0
23714,10516,26,1,204.87,10.0
23715,10516,112,2,1017.21,10.0
23716,10517,52,1,994.18,0.0
23717,10517,22,1,457.79,0.0
23718,10518,2,1,394.13,0.0
23719,10519,19,1,604.84,0.0
23720,10520,10,2,132.89,0.0
23721,10520,151,4,662.95,0.0
23722,10520,16,2,973.78,0.0
23723,10520,229,1,54.7,0.0
23724,10521,33,1,947.92,0.0
23725,10521,51,1,774.23,0.0
23726,10521,178,3,512.5,10.0
23727,10522,13,2,800.5,5.0
23728,10522,35,1,633.08,0.0
23729,10523,25,1,631.62,0.0
23730,10523,6,2,34.19,20.0
23731,10523,46,1,854.22,0.0
23732,10524,30,1,658.15,0.0
23733,10524,24,3,584.38,20.0
23734,10525,18,2,818.1,0.0
23735,10525,26,1,204.87,10.0
23736,10525,33,1,947.92,0.0
23737,10525,19,1,604.84,0.0
23738,10526,23,1,236.54,0.0
23739,10526,36,1,72.7,0.0
23740,10526,49,1,1020.52,0.0
23741,10527,211,1,1092.93,0.0
23742,10527,52,1,994.18,0.0
23743,10527,30,1,658.15,0.0
23744,10527,168,1,838.87,0.0
23745,10528,22,1,457.79,5.0
23746,10528,40,1,520.37,5.0
23747,10529,51,2,774.23,0.0
23748,10530,7,2,62.52,5.0
23749,10531,16,2,973.78,0.0
23750,10531,24,1,584.38,0.0
23751,10532,45,2,456.92,0.0
23752,10532,37,1,1009.52,0.0
23753,10532,38,1,1016.34,10.0
23754,10532,18,1,818.1,5.0
23755,10533,34,3,43.21,0.0
23756,10534,15,1,255.83,0.0
23757,10534,38,1,1016.34,0.0
23758,10535,12,2,677.11,10.0
23759,10535,33,1,947.92,0.0
23760,10535,21,1,851.91,0.0
23761,10535,15,4,255.83,0.0
23762,10536,2,2,394.13,0.0
23763,10536,10,1,132.89,0.0
23764,10537,41,1,176.54,0.0
23765,10537,38,3,1016.34,0.0
23766,10538,206,1,532.41,0.0
23767,10539,44,1,930.25,0.0
23768,10540,13,3,800.5,0.0
23769,10541,43,3,935.97,0.0
23770,10541,52,3,994.18,0.0
23771,10541,27,1,287.02,0.0
23772,10541,48,1,358.48,15.0
23773,10542,45,1,456.92,0.0
23774,10542,15,1,255.83,0.0
23775,10542,229,2,54.7,0.0
23776,10543,14,5,149.0,0.0
23777,10543,33,2,947.92,0.0
23778,10543,48,1,358.48,0.0
23779,10544,8,1,542.39,0.0
23780,10544,1,1,643.08,0.0
23781,10544,189,1,816.04,0.0
23782,10545,252,2,686.58,0.0
23783,10545,50,1,994.53,10.0
23784,10545,7,1,62.52,0.0
23785,10545,52,1,994.18,0.0
23786,10546,52,1,994.18,0.0
23787,10547,41,2,176.54,0.0
23788,10548,187,4,215.12,0.0
23789,10548,33,2,947.92,0.0
23790,10548,38,2,1016.34,0.0
23791,10549,34,1,43.21,0.0
23792,10549,61,1,882.1,10.0
23793,10550,20,2,339.73,0.0
23794,10550,7,2,62.52,20.0
23795,10551,7,1,62.52,0.0
23796,10551,39,2,758.76,0.0
23797,10551,257,1,118.54,0.0
23798,10551,161,1,417.52,0.0
23799,10552,8,4,542.39,0.0
23800,10552,10,1,132.89,20.0
23801,10553,137,1,424.86,5.0
23802,10553,92,2,549.63,0.0
23803,10553,47,1,459.02,0.0
23804,10553,12,1,677.11,0.0
23805,10554,126,2,757.74,0.0
23806,10554,12,1,677.11,10.0
23807,10554,39,2,758.76,5.0
23808,10554,14,1,149.0,10.0
23809,10555,40,3,520.37,10.0
23810,10555,209,3,521.49,20.0
23811,10556,37,1,1009.52,0.0
23812,10556,47,1,459.02,0.0
23813,10557,233,1,27.46,0.0
23814,10558,11,1,202.6,5.0
23815,10558,39,2,758.76,5.0
23816,10558,14,3,149.0,20.0
23817,10558,15,1,255.83,5.0
23818,10559,11,1,202.6,0.0
23819,10559,1,1,643.08,0.0
23820,10560,38,1,1016.34,0.0
23821,10560,241,1,868.81,0.0
23822,10560,10,3,132.89,0.0
23823,10561,16,1,973.78,0.0
23824,10561,21,1,851.91,0.0
23825,10562,33,1,947.92,0.0
23826,10562,15,1,255.83,0.0
23827,10562,31,1,185.47,10.0
23828,10562,28,1,662.55,0.0
23829,10563,20,2,339.73,0.0
23830,10563,51,2,774.23,0.0
23831,10563,126,2,757.74,0.0
23832,10564,82,1,1090.89,10.0
23833,10564,28,1,662.55,0.0
23834,10564,52,1,994.18,10.0
23835,10564,4,2,583.61,20.0
23836,10564,42,1,880.29,0.0
23837,10565,44,1,930.25,0.0
23838,10566,3,1,557.91,5.0
23839,10567,166,1,881.42,0.0
23840,10567,17,3,173.9,0.0
23841,10568,48,2,358.48,0.0
23842,10568,32,4,320.79,5.0
23843,10569,17,1,173.9,0.0
23844,10569,31,5,185.47,10.0
23845,10570,4,2,583.61,0.0
23846,10570,43,1,935.97,0.0
23847,10571,46,2,854.22,0.0
23848,10571,14,2,149.0,0.0
23849,10571,5,4,597.45,15.0
23850,10571,36,1,72.7,0.0
23851,10571,4,1,583.61,20.0
23852,10572,13,5,800.5,0.0
23853,10572,30,3,658.15,0.0
23854,10573,44,1,930.25,0.0
23855,10573,30,1,658.15,0.0
23856,10574,9,1,217.62,5.0
23857,10574,193,1,948.3,0.0
23858,10575,30,1,658.15,0.0
23859,10576,30,1,658.15,10.0
23860,10576,35,1,633.08,10.0
23861,10577,27,2,287.02,10.0
23862,10577,46,2,854.22,0.0
23863,10578,28,1,662.55,0.0
23864,10579,15,3,255.83,0.0
23865,10579,44,1,930.25,15.0
23866,10579,3,1,557.91,0.0
23867,10580,112,1,1017.21,20.0
23868,10581,28,1,662.55,0.0
23869,10582,20,1,339.73,0.0
23870,10582,41,1,176.54,5.0
23871,10583,7,2,62.52,0.0
23872,10583,38,4,1016.34,0.0
23873,10583,34,2,43.21,0.0
23874,10583,164,1,211.12,5.0
23875,10584,47,1,459.02,0.0
23876,10584,23,1,236.54,0.0
23877,10584,9,1,217.62,0.0
23878,10584,40,3,520.37,5.0
23879,10585,14,1,149.0,0.0
23880,10585,48,2,358.48,0.0
23881,10585,45,1,456.92,10.0
23882,10585,4,1,583.61,10.0
23883,10586,18,2,818.1,0.0
23884,10586,11,1,202.6,0.0
23885,10586,30,1,658.15,0.0
23886,10587,45,2,456.92,15.0
23887,10587,23,1,236.54,0.0
23888,10588,189,1,816.04,0.0
23889,10588,7,1,62.52,15.0
23890,10589,3,1,557.91,15.0
23891,10590,47,1,459.02,10.0
23892,10590,23,1,236.54,0.0
23893,10590,4,1,583.61,0.0
23894,10591,29,2,981.65,5.0
23895,10591,199,1,989.05,10.0
23896,10591,240,1,81.35,5.0
23897,10592,32,2,320.79,0.0
23898,10592,3,1,557.91,0.0
23899,10593,47,3,459.02,0.0
23900,10593,244,3,902.38,20.0
23901,10594,48,1,358.48,5.0
23902,10594,44,1,930.25,0.0
23903,10594,40,1,520.37,0.0
23904,10595,41,3,176.54,5.0
23905,10596,51,1,774.23,0.0
23906,10596,75,2,448.57,10.0
23907,10597,6,3,34.19,0.0
23908,10597,50,2,994.53,10.0
23909,10598,12,1,677.11,0.0
23910,10598,34,1,43.21,15.0
23911,10598,25,1,631.62,0.0
23912,10599,15,1,255.83,0.0
23913,10600,17,1,173.9,5.0
23914,10600,113,1,1162.63,0.0
23915,10600,20,1,339.73,0.0
23916,10601,82,1,1090.89,0.0
23917,10601,34,1,43.21,20.0
23918,10601,35,1,633.08,0.0
23919,10601,49,5,1020.52,10.0
23920,10601,37,1,1009.52,15.0
23921,10602,50,3,994.53,0.0
23922,10603,8,1,542.39,0.0
23923,10604,27,5,287.02,0.0
23924,10604,29,2,981.65,10.0
23925,10604,101,1,462.13,5.0
23926,10604,8,1,542.39,5.0
23927,10604,19,4,604.84,0.0
23928,10605,19,2,604.84,5.0
23929,10605,27,2,287.02,0.0
23930,10606,24,1,584.38,0.0
23931,10607,199,2,989.05,0.0
23932,10608,2,1,394.13,0.0
23933,10609,28,4,662.55,0.0
23934,10609,39,3,758.76,10.0
23935,10610,34,3,43.21,0.0
23936,10611,45,4,456.92,0.0
23937,10611,22,4,457.79,0.0
23938,10612,102,3,352.97,10.0
23939,10612,170,2,814.48,5.0
23940,10612,7,2,62.52,0.0
23941,10612,45,1,456.92,10.0
23942,10613,15,1,255.83,10.0
23943,10613,11,1,202.6,10.0
23944,10614,159,1,220.27,0.0
23945,10615,19,1,604.84,0.0
23946,10615,34,1,43.21,0.0
23947,10615,2,1,394.13,0.0
23948,10616,3,1,557.91,0.0
23949,10616,43,1,935.97,20.0
23950,10617,12,1,677.11,0.0
23951,10618,18,2,818.1,0.0
23952,10618,30,1,658.15,15.0
23953,10618,51,1,774.23,5.0
23954,10618,22,1,457.79,0.0
23955,10619,41,1,176.54,0.0
23956,10620,108,5,306.47,20.0
23957,10620,3,1,557.91,0.0
23958,10620,25,1,631.62,0.0
23959,10621,254,1,1202.51,5.0
23960,10621,42,2,880.29,0.0
23961,10622,121,2,223.46,20.0
23962,10623,12,3,677.11,0.0
23963,10623,46,1,854.22,0.0
23964,10623,18,2,818.1,0.0
23965,10623,20,2,339.73,0.0
23966,10623,217,2,308.65,0.0
23967,10624,25,1,631.62,0.0
23968,10625,35,1,633.08,0.0
23969,10626,61,2,882.1,0.0
23970,10626,47,2,459.02,0.0
23971,10627,133,3,245.7,15.0
23972,10627,50,1,994.53,0.0
23973,10628,171,1,508.1,15.0
23974,10629,6,1,34.19,0.0
23975,10629,23,2,236.54,0.0
23976,10629,18,1,818.1,0.0
23977,10630,45,1,456.92,15.0
23978,10630,17,1,173.9,0.0
23979,10630,28,2,662.55,0.0
23980,10630,18,1,818.1,0.0
23981,10631,119,2,891.47,15.0
23982,10632,13,1,800.5,0.0
23983,10633,26,5,204.87,0.0
23984,10633,4,1,583.61,10.0
23985,10634,46,1,854.22,5.0
23986,10634,47,1,459.02,0.0
23987,10635,23,1,236.54,0.0
23988,10635,38,1,1016.34,0.0
23989,10636,51,3,774.23,0.0
23990,10637,8,2,542.39,0.0
23991,10637,177,3,592.34,0.0
23992,10638,20,1,339.73,0.0
23993,10639,157,3,388.76,0.0
23994,10640,28,1,662.55,5.0
23995,10640,23,2,236.54,0.0
23996,10640,17,1,173.9,15.0
23997,10640,73,4,831.13,0.0
23998,10640,35,3,633.08,15.0
23999,10641,21,2,851.91,0.0
24000,10641,123,1,272.6,0.0
24001,10642,43,1,935.97,5.0
24002,10643,46,2,854.22,0.0
24003,10643,10,1,132.89,10.0
24004,10643,49,1,1020.52,0.0
24005,10643,175,2,628.11,0.0
24006,10644,51,1,774.23,0.0
24007,10644,43,1,935.97,20.0
24008,10645,21,1,851.91,20.0
24009,10646,28,3,662.55,0.0
24010,10646,150,1,196.9,0.0
24011,10647,20,1,339.73,0.0
24012,10648,27,1,287.02,0.0
24013,10648,18,1,818.1,0.0
24014,10648,3,2,557.91,0.0
24015,10649,41,1,176.54,0.0
24016,10649,6,1,34.19,0.0
24017,10649,1,2,643.08,0.0
24018,10650,12,2,677.11,10.0
24019,10650,211,4,1092.93,0.0
24020,10650,3,1,557.91,5.0
24021,10650,39,1,758.76,10.0
24022,10651,19,3,604.84,0.0
24023,10651,9,1,217.62,0.0
24024,10651,213,2,50.55,0.0
24025,10651,25,1,631.62,15.0
24026,10651,3,1,557.91,10.0
24027,10652,11,1,202.6,15.0
24028,10652,24,1,584.38,0.0
24029,10652,29,1,981.65,5.0
24030,10653,20,2,339.73,0.0
24031,10654,12,1,677.11,0.0
24032,10654,166,1,881.42,0.0
24033,10655,35,1,633.08,0.0
24034,10656,22,1,457.79,15.0
24035,10657,19,1,604.84,0.0
24036,10658,27,2,287.02,10.0
24037,10658,30,4,658.15,0.0
24038,10658,17,1,173.9,0.0
24039,10659,46,1,854.22,0.0
24040,10659,29,1,981.65,0.0
24041,10659,149,2,668.87,0.0
24042,10660,25,1,631.62,0.0
24043,10661,23,2,236.54,20.0
24044,10661,28,1,662.55,15.0
24045,10661,1,1,643.08,5.0
24046,10662,2,2,394.13,10.0
24047,10662,26,1,204.87,10.0
24048,10662,41,2,176.54,0.0
24049,10663,3,2,557.91,0.0
24050,10663,52,3,994.18,20.0
24051,10663,24,1,584.38,0.0
24052,10663,21,2,851.91,5.0
24053,10664,25,1,631.62,10.0
24054,10664,29,2,981.65,0.0
24055,10664,19,2,604.84,0.0
24056,10665,28,1,662.55,0.0
24057,10665,33,1,947.92,0.0
24058,10665,21,1,851.91,0.0
24059,10665,1,1,643.08,0.0
24060,10666,42,2,880.29,0.0
24061,10666,28,2,662.55,20.0
24062,10667,35,2,633.08,0.0
24063,10667,44,2,930.25,5.0
24064,10668,2,2,394.13,0.0
24065,10668,34,1,43.21,0.0
24066,10669,48,3,358.48,0.0
24067,10669,7,2,62.52,0.0
24068,10669,8,2,542.39,0.0
24069,10670,200,1,731.51,10.0
24070,10670,92,1,549.63,0.0
24071,10671,162,1,82.72,5.0
24072,10671,37,1,1009.52,0.0
24073,10672,49,1,1020.52,0.0
24074,10672,51,1,774.23,20.0
24075,10673,42,1,880.29,0.0
24076,10673,9,1,217.62,10.0
24077,10673,8,2,542.39,0.0
24078,10673,32,1,320.79,0.0
24079,10674,52,1,994.18,0.0
24080,10675,50,1,994.53,0.0
24081,10675,46,1,854.22,0.0
24082,10676,4,1,583.61,0.0
24083,10676,6,1,34.19,15.0
24084,10677,43,1,935.97,0.0
24085,10677,90,2,491.54,0.0
24086,10677,29,5,981.65,0.0
24087,10677,10,1,132.89,0.0
24088,10678,10,1,132.89,5.0
24089,10678,150,1,196.9,0.0
24090,10679,11,1,202.6,15.0
24091,10680,43,2,935.97,0.0
24092,10681,16,1,973.78,5.0
24093,10681,138,3,285.18,0.0
24094,10682,28,1,662.55,0.0
24095,10682,7,1,62.52,10.0
24096,10683,31,2,185.47,10.0
24097,10684,8,1,542.39,0.0
24098,10685,6,1,34.19,0.0
24099,10685,240,1,81.35,0.0
24100,10685,9,1,217.62,0.0
24101,10685,27,1,287.02,10.0
24102,10686,20,1,339.73,0.0
24103,10686,151,1,662.95,0.0
24104,10687,46,1,854.22,0.0
24105,10687,38,4,1016.34,0.0
24106,10688,46,3,854.22,0.0
24107,10689,8,3,542.39,20.0
24108,10689,16,2,973.78,0.0
24109,10689,41,2,176.54,0.0
24110,10689,2,1,394.13,0.0
24111,10690,166,2,881.42,0.0
24112,10690,10,3,132.89,0.0
24113,10691,115,3,625.25,0.0
24114,10691,37,1,1009.52,0.0
24115,10691,1,1,643.08,10.0
24116,10692,46,1,854.22,0.0
24117,10692,20,1,339.73,20.0
24118,10693,51,2,774.23,0.0
24119,10693,46,1,854.22,0.0
24120,10693,99,1,255.18,0.0
24121,10694,6,1,34.19,0.0
24122,10695,159,2,220.27,0.0
24123,10695,34,1,43.21,0.0
24124,10696,18,2,818.1,0.0
24125,10696,3,1,557.91,10.0
24126,10697,151,1,662.95,0.0
24127,10697,14,1,149.0,0.0
24128,10698,171,1,508.1,20.0
24129,10698,172,1,225.41,0.0
24130,10698,32,1,320.79,0.0
24131,10699,22,1,457.79,0.0
24132,10699,11,1,202.6,0.0
24133,10700,22,3,457.79,0.0
24134,10700,37,3,1009.52,5.0
24135,10700,9,3,217.62,0.0
24136,10701,12,1,677.11,15.0
24137,10701,27,1,287.02,0.0
24138,10701,1,1,643.08,0.0
24139,10701,78,1,1047.68,0.0
24140,10702,18,1,818.1,0.0
24141,10702,69,2,819.14,0.0
24142,10703,38,1,1016.34,0.0
24143,10704,18,3,818.1,0.0
24144,10704,23,2,236.54,0.0
24145,10704,40,1,520.37,0.0
24146,10704,51,1,774.23,15.0
24147,10705,24,3,584.38,0.0
24148,10706,40,1,520.37,0.0
24149,10706,44,4,930.25,0.0
24150,10707,46,1,854.22,0.0
24151,10708,30,3,658.15,0.0
24152,10708,104,1,613.34,0.0
24153,10709,11,1,202.6,5.0
24154,10709,51,1,774.23,0.0
24155,10709,65,1,1039.76,10.0
24156,10710,26,3,204.87,0.0
24157,10711,8,1,542.39,0.0
24158,10711,18,4,818.1,0.0
24159,10712,10,2,132.89,0.0
24160,10712,30,3,658.15,0.0
24161,10712,4,1,583.61,0.0
24162,10712,49,1,1020.52,10.0
24163,10713,46,1,854.22,20.0
24164,10714,29,1,981.65,10.0
24165,10714,25,1,631.62,0.0
24166,10715,30,1,658.15,0.0
24167,10715,36,1,72.7,0.0
24168,10715,40,1,520.37,0.0
24169,10715,14,2,149.0,10.0
24170,10716,49,1,1020.52,0.0
24171,10716,22,1,457.79,10.0
24172,10716,35,3,633.08,5.0
24173,10717,14,1,149.0,10.0
24174,10718,49,2,1020.52,0.0
24175,10718,14,2,149.0,0.0
24176,10719,134,1,426.27,0.0
24177,10719,5,3,597.45,0.0
24178,10719,114,1,279.33,0.0
24179,10720,3,1,557.91,0.0
24180,10720,228,1,24.69,0.0
24181,10721,5,1,597.45,0.0
24182,10721,6,2,34.19,5.0
24183,10721,47,1,459.02,20.0
24184,10721,202,3,427.54,10.0
24185,10722,6,2,34.19,0.0
24186,10722,39,5,758.76,10.0
24187,10723,24,1,584.38,0.0
24188,10723,12,1,677.11,0.0
24189,10723,45,1,456.92,0.0
24190,10723,41,2,176.54,0.0
24191,10723,25,4,631.62,0.0
24192,10724,213,1,50.55,0.0
24193,10724,46,5,854.22,0.0
24194,10724,45,1,456.92,10.0
24195,10724,12,1,677.11,0.0
24196,10725,26,3,204.87,0.0
24197,10725,5,1,597.45,0.0
24198,10725,20,1,339.73,0.0
24199,10726,17,1,173.9,0.0
24200,10726,131,5,80.3,10.0
24201,10727,44,3,930.25,0.0
24202,10727,46,1,854.22,5.0
24203,10728,12,1,677.11,10.0
24204,10728,48,2,358.48,5.0
24205,10728,43,2,935.97,0.0
24206,10729,33,2,947.92,0.0
24207,10730,2,1,394.13,0.0
24208,10730,19,2,604.84,0.0
24209,10731,9,1,217.62,0.0
24210,10731,177,2,592.34,0.0
24211,10732,105,2,888.35,10.0
24212,10732,21,1,851.91,5.0
24213,10733,16,2,973.78,15.0
24214,10733,14,2,149.0,20.0
24215,10734,211,2,1092.93,0.0
24216,10734,31,1,185.47,0.0
24217,10734,19,1,604.84,0.0
24218,10734,35,2,633.08,5.0
24219,10735,31,2,185.47,0.0
24220,10735,30,3,658.15,0.0
24221,10735,51,1,774.23,0.0
24222,10735,15,2,255.83,0.0
24223,10736,250,1,761.52,10.0
24224,10736,1,1,643.08,0.0
24225,10737,25,1,631.62,5.0
24226,10737,28,1,662.55,15.0
24227,10737,6,3,34.19,0.0
24228,10738,5,1,597.45,0.0
24229,10739,43,3,935.97,0.0
24230,10740,18,2,818.1,0.0
24231,10740,30,1,658.15,0.0
24232,10740,92,1,549.63,0.0
24233,10740,50,3,994.53,0.0
24234,10741,218,1,658.32,0.0
24235,10741,32,2,320.79,5.0
24236,10741,39,2,758.76,5.0
24237,10742,50,1,994.53,0.0
24238,10743,22,2,457.79,0.0
24239,10743,51,1,774.23,0.0
24240,10744,47,1,459.02,0.0
24241,10744,32,3,320.79,0.0
24242,10744,122,1,246.21,0.0
24243,10744,12,3,677.11,15.0
24244,10745,110,2,600.49,0.0
24245,10746,3,4,557.91,0.0
24246,10747,39,1,758.76,20.0
24247,10747,220,2,850.53,0.0
24248,10748,44,5,930.25,0.0
24249,10749,28,2,662.55,0.0
24250,10750,42,1,880.29,10.0
24251,10750,29,1,981.65,0.0
24252,10750,51,2,774.23,10.0
24253,10751,33,3,947.92,0.0
24254,10751,11,1,202.6,0.0
24255,10751,122,2,246.21,0.0
24256,10751,17,1,173.9,0.0
24257,10752,25,1,631.62,0.0
24258,10752,52,1,994.18,0.0
24259,10752,178,2,512.5,0.0
24260,10753,129,2,44.87,0.0
24261,10753,47,1,459.02,5.0
24262,10753,243,1,1116.94,10.0
24263,10753,7,2,62.52,0.0
24264,10754,46,1,854.22,0.0
24265,10754,121,2,223.46,0.0
24266,10755,44,1,930.25,0.0
24267,10756,9,1,217.62,0.0
24268,10756,27,1,287.02,0.0
24269,10756,15,2,255.83,10.0
24270,10756,4,1,583.61,0.0
24271,10756,38,4,1016.34,5.0
24272,10757,46,2,854.22,0.0
24273,10758,19,1,604.84,0.0
24274,10758,249,1,229.0,10.0
24275,10759,74,3,166.27,20.0
24276,10759,11,1,202.6,5.0
24277,10759,18,2,818.1,0.0
24278,10760,31,2,185.47,10.0
24279,10760,14,2,149.0,0.0
24280,10760,11,2,202.6,0.0
24281,10761,11,1,202.6,5.0
24282,10762,13,2,800.5,20.0
24283,10763,15,2,255.83,10.0
24284,10764,2,1,394.13,0.0
24285,10764,38,2,1016.34,5.0
24286,10765,16,2,973.78,0.0
24287,10766,137,1,424.86,5.0
24288,10767,1,1,643.08,0.0
24289,10767,37,1,1009.52,0.0
24290,10767,48,1,358.48,0.0
24291,10768,9,2,217.62,15.0
24292,10768,1,2,643.08,0.0
24293,10768,69,1,819.14,5.0
24294,10769,59,1,251.22,0.0
24295,10769,137,1,424.86,0.0
24296,10769,29,1,981.65,5.0
24297,10769,11,2,202.6,10.0
24298,10770,18,1,818.1,0.0
24299,10770,255,1,537.33,0.0
24300,10770,39,1,758.76,0.0
24301,10771,22,1,457.79,0.0
24302,10772,246,1,835.26,0.0
24303,10773,11,2,202.6,0.0
24304,10774,12,1,677.11,15.0
24305,10775,15,3,255.83,0.0
24306,10775,36,1,72.7,5.0
24307,10775,13,1,800.5,5.0
24308,10775,43,3,935.97,0.0
24309,10776,197,1,893.87,20.0
24310,10776,19,2,604.84,0.0
24311,10777,49,1,1020.52,5.0
24312,10778,35,3,633.08,0.0
24313,10778,68,3,245.03,0.0
24314,10779,14,1,149.0,0.0
24315,10779,219,1,503.95,0.0
24316,10780,27,1,287.02,0.0
24317,10780,50,1,994.53,5.0
24318,10781,24,1,584.38,0.0
24319,10782,48,1,358.48,0.0
24320,10782,4,2,583.61,10.0
24321,10782,12,2,677.11,0.0
24322,10783,249,1,229.0,0.0
24323,10784,38,3,1016.34,0.0
24324,10785,35,1,633.08,5.0
24325,10785,43,1,935.97,0.0
24326,10785,188,1,720.38,0.0
24327,10785,37,1,1009.52,10.0
24328,10786,52,2,994.18,5.0
24329,10787,3,2,557.91,0.0
24330,10788,6,1,34.19,0.0
24331,10788,9,1,217.62,5.0
24332,10789,31,1,185.47,0.0
24333,10790,49,2,1020.52,10.0
24334,10790,15,4,255.83,10.0
24335,10790,17,1,173.9,0.0
24336,10790,81,1,77.19,0.0
24337,10791,171,1,508.1,0.0
24338,10792,49,1,1020.52,0.0
24339,10792,162,1,82.72,0.0
24340,10792,88,1,757.47,0.0
24341,10793,4,1,583.61,0.0
24342,10793,14,2,149.0,0.0
24343,10793,37,1,1009.52,0.0
24344,10794,9,2,217.62,0.0
24345,10794,134,4,426.27,0.0
24346,10795,27,1,287.02,0.0
24347,10795,16,3,973.78,10.0
24348,10795,13,1,800.5,0.0
24349,10795,10,1,132.89,0.0
24350,10796,254,3,1202.51,0.0
24351,10797,37,2,1009.52,0.0
24352,10798,27,1,287.02,0.0
24353,10798,26,3,204.87,5.0
24354,10799,45,1,456.92,10.0
24355,10800,136,1,185.33,15.0
24356,10801,8,1,542.39,10.0
24357,10802,47,1,459.02,0.0
24358,10802,6,1,34.19,0.0
24359,10803,38,1,1016.34,0.0
24360,10803,23,1,236.54,15.0
24361,10803,43,1,935.97,5.0
24362,10803,195,1,549.52,0.0
24363,10804,14,1,149.0,20.0
24364,10804,147,1,490.87,0.0
24365,10805,6,2,34.19,5.0
24366,10805,7,5,62.52,0.0
24367,10806,1,1,643.08,0.0
24368,10806,14,1,149.0,10.0
24369,10807,12,1,677.11,5.0
24370,10807,17,1,173.9,0.0
24371,10807,47,1,459.02,0.0
24372,10808,70,1,532.42,0.0
24373,10808,19,1,604.84,0.0
24374,10809,24,1,584.38,0.0
24375,10809,39,1,758.76,0.0
24376,10810,24,1,584.38,0.0
24377,10811,47,1,459.02,0.0
24378,10811,44,1,930.25,0.0
24379,10811,26,5,204.87,0.0
24380,10811,12,2,677.11,5.0
24381,10812,16,2,973.78,0.0
24382,10812,39,1,758.76,0.0
24383,10812,14,5,149.0,0.0
24384,10813,2,2,394.13,0.0
24385,10813,106,1,65.61,15.0
24386,10813,48,1,358.48,0.0
24387,10814,24,3,584.38,0.0
24388,10814,129,3,44.87,0.0
24389,10814,12,5,677.11,0.0
24390,10815,51,1,774.23,0.0
24391,10815,150,2,196.9,10.0
24392,10816,179,1,990.0,0.0
24393,10817,15,5,255.83,0.0
24394,10817,190,2,998.17,0.0
24395,10817,232,2,968.09,5.0
24396,10817,44,1,930.25,0.0
24397,10817,25,1,631.62,0.0
24398,10818,27,1,287.02,5.0
24399,10818,47,3,459.02,5.0
24400,10818,39,1,758.76,20.0
24401,10818,10,2,132.89,0.0
24402,10819,2,1,394.13,0.0
24403,10819,102,1,352.97,0.0
24404,10819,41,2,176.54,20.0
24405,10820,6,2,34.19,0.0
24406,10820,57,1,966.47,0.0
24407,10821,24,1,584.38,0.0
24408,10822,30,1,658.15,10.0
24409,10822,119,1,891.47,0.0
24410,10822,48,2,358.48,5.0
24411,10823,22,2,457.79,0.0
24412,10823,28,1,662.55,0.0
24413,10823,192,1,282.66,0.0
24414,10824,20,2,339.73,0.0
24415,10825,49,2,1020.52,5.0
24416,10826,16,1,973.78,0.0
24417,10826,18,2,818.1,0.0
24418,10827,44,3,930.25,0.0
24419,10827,14,1,149.0,0.0
24420,10828,47,1,459.02,0.0
24421,10828,137,2,424.86,20.0
24422,10828,6,3,34.19,0.0
24423,10828,43,1,935.97,0.0
24424,10829,47,1,459.02,0.0
24425,10829,38,1,1016.34,5.0
24426,10829,27,2,287.02,10.0
24427,10830,45,1,456.92,0.0
24428,10831,16,1,973.78,0.0
24429,10831,26,1,204.87,0.0
24430,10832,40,1,520.37,0.0
24431,10832,22,2,457.79,0.0
24432,10832,29,1,981.65,10.0
24433,10833,10,1,132.89,0.0
24434,10834,32,2,320.79,0.0
24435,10834,195,2,549.52,0.0
24436,10835,235,3,180.69,0.0
24437,10836,7,1,62.52,0.0
24438,10836,48,1,358.48,0.0
24439,10837,213,2,50.55,0.0
24440,10837,38,1,1016.34,10.0
24441,10837,21,1,851.91,0.0
24442,10837,5,3,597.45,0.0
24443,10838,21,1,851.91,0.0
24444,10838,41,4,176.54,10.0
24445,10838,52,1,994.18,0.0
24446,10838,115,1,625.25,0.0
24447,10839,3,2,557.91,0.0
24448,10839,182,1,653.31,0.0
24449,10839,71,2,682.59,0.0
24450,10840,203,1,131.33,0.0
24451,10840,35,1,633.08,0.0
24452,10840,48,3,358.48,20.0
24453,10841,181,2,115.49,10.0
24454,10841,6,1,34.19,0.0
24455,10842,43,3,935.97,0.0
24456,10842,116,1,209.21,0.0
24457,10843,10,2,132.89,0.0
24458,10843,52,1,994.18,10.0
24459,10844,77,1,561.47,10.0
24460,10844,18,2,818.1,0.0
24461,10845,51,1,774.23,0.0
24462,10846,29,1,981.65,10.0
24463,10846,183,2,473.71,0.0
24464,10847,25,1,631.62,0.0
24465,10847,21,1,851.91,0.0
24466,10847,17,2,173.9,0.0
24467,10847,181,1,115.49,0.0
24468,10847,44,1,930.25,0.0
24469,10848,24,2,584.38,0.0
24470,10849,23,1,236.54,10.0
24471,10849,161,2,417.52,0.0
24472,10849,11,1,202.6,0.0
24473,10849,38,1,1016.34,0.0
24474,10849,252,1,686.58,0.0
24475,10850,62,2,77.39,0.0
24476,10851,14,1,149.0,0.0
24477,10851,15,2,255.83,0.0
24478,10851,82,2,1090.89,0.0
24479,10851,48,3,358.48,10.0
24480,10851,45,2,456.92,0.0
24481,10852,10,2,132.89,5.0
24482,10853,8,2,542.39,0.0
24483,10854,35,1,633.08,15.0
24484,10854,30,2,658.15,0.0
24485,10854,4,1,583.61,0.0
24486,10855,22,2,457.79,0.0
24487,10855,35,1,633.08,0.0
24488,10856,23,1,236.54,10.0
24489,10856,40,1,520.37,0.0
24490,10856,36,1,72.7,0.0
24491,10857,187,4,215.12,15.0
24492,10857,46,4,854.22,0.0
24493,10858,36,1,72.7,0.0
24494,10858,106,2,65.61,0.0
24495,10859,94,2,914.43,0.0
24496,10860,15,1,255.83,0.0
24497,10861,48,2,358.48,0.0
24498,10861,49,1,1020.52,5.0
24499,10862,157,1,388.76,15.0
24500,10863,46,2,854.22,0.0
24501,10863,20,3,339.73,5.0
24502,10863,19,1,604.84,0.0
24503,10864,3,1,557.91,5.0
24504,10864,26,1,204.87,0.0
24505,10865,49,1,1020.52,0.0
24506,10865,3,1,557.91,0.0
24507,10865,32,2,320.79,0.0
24508,10865,16,2,973.78,0.0
24509,10866,18,1,818.1,0.0
24510,10866,2,1,394.13,0.0
24511,10866,41,2,176.54,0.0
24512,10867,183,1,473.71,0.0
24513,10867,48,1,358.48,0.0
24514,10867,22,1,457.79,0.0
24515,10867,8,4,542.39,0.0
24516,10868,18,3,818.1,0.0
24517,10868,6,1,34.19,20.0
24518,10868,43,1,935.97,0.0
24519,10869,26,1,204.87,0.0
24520,10870,2,1,394.13,0.0
24521,10871,14,2,149.0,15.0
24522,10872,10,2,132.89,0.0
24523,10872,43,1,935.97,0.0
24524,10873,249,1,229.0,5.0
24525,10873,169,2,863.12,0.0
24526,10874,109,2,663.14,0.0
24527,10874,5,3,597.45,5.0
24528,10875,13,1,800.5,0.0
24529,10875,33,3,947.92,15.0
24530,10876,37,1,1009.52,0.0
24531,10876,14,3,149.0,0.0
24532,10876,98,1,932.39,20.0
24533,10876,249,2,229.0,5.0
24534,10876,11,1,202.6,0.0
24535,10877,151,1,662.95,0.0
24536,10878,9,1,217.62,0.0
24537,10878,6,1,34.19,0.0
24538,10879,6,1,34.19,0.0
24539,10880,50,1,994.53,0.0
24540,10881,199,4,989.05,0.0
24541,10882,40,1,520.37,0.0
24542,10883,28,1,662.55,0.0
24543,10883,13,3,800.5,0.0
24544,10883,111,2,932.22,0.0
24545,10883,15,1,255.83,15.0
24546,10884,42,1,880.29,0.0
24547,10884,16,2,973.78,10.0
24548,10884,10,1,132.89,0.0
24549,10885,37,4,1009.52,0.0
24550,10885,11,1,202.6,0.0
24551,10886,190,2,998.17,5.0
24552,10887,49,1,1020.52,0.0
24553,10887,17,1,173.9,5.0
24554,10888,2,2,394.13,5.0
24555,10888,41,1,176.54,0.0
24556,10889,17,1,173.9,20.0
24557,10889,11,1,202.6,5.0
24558,10890,48,1,358.48,20.0
24559,10890,41,2,176.54,0.0
24560,10890,255,1,537.33,0.0
24561,10890,39,2,758.76,0.0
24562,10890,35,1,633.08,0.0
24563,10891,43,2,935.97,10.0
24564,10891,120,1,983.93,0.0
24565,10892,27,1,287.02,0.0
24566,10892,200,1,731.51,0.0
24567,10892,26,2,204.87,20.0
24568,10893,174,2,911.18,0.0
24569,10893,102,1,352.97,0.0
24570,10894,35,4,633.08,0.0
24571,10894,9,2,217.62,0.0
24572,10895,51,1,774.23,0.0
24573,10895,215,2,429.74,20.0
24574,10896,49,2,1020.52,10.0
24575,10896,40,1,520.37,0.0
24576,10896,15,2,255.83,0.0
24577,10897,29,1,981.65,0.0
24578,10897,35,1,633.08,10.0
24579,10898,21,2,851.91,10.0
24580,10898,42,2,880.29,5.0
24581,10899,6,1,34.19,15.0
24582,10899,45,1,456.92,0.0
24583,10900,25,3,631.62,0.0
24584,10900,34,3,43.21,15.0
24585,10901,24,4,584.38,0.0
24586,10901,1,1,643.08,10.0
24587,10902,14,5,149.0,0.0
24588,10902,124,1,729.75,20.0
24589,10902,18,1,818.1,0.0
24590,10902,17,1,173.9,15.0
24591,10903,49,2,1020.52,5.0
24592,10903,25,1,631.62,0.0
24593,10904,1,2,643.08,10.0
24594,10904,52,3,994.18,15.0
24595,10904,36,2,72.7,0.0
24596,10904,96,1,1121.55,15.0
24597,10905,25,2,631.62,0.0
24598,10906,49,1,1020.52,0.0
24599,10907,26,5,204.87,20.0
24600,10908,35,1,633.08,0.0
24601,10909,57,2,966.47,0.0
24602,10909,31,1,185.47,0.0
24603,10909,11,2,202.6,10.0
24604,10909,48,3,358.48,5.0
24605,10909,97,1,38.5,0.0
24606,10910,38,1,1016.34,0.0
24607,10910,37,2,1009.52,0.0
24608,10910,44,2,930.25,0.0
24609,10910,32,1,320.79,5.0
24610,10911,47,1,459.02,0.0
24611,10911,18,1,818.1,0.0
24612,10911,77,1,561.47,20.0
24613,10912,254,1,1202.51,0.0
24614,10912,5,2,597.45,20.0
24615,10913,1,1,643.08,5.0
24616,10913,3,3,557.91,0.0
24617,10913,102,1,352.97,5.0
24618,10914,3,1,557.91,0.0
24619,10914,29,1,981.65,5.0
24620,10914,4,1,583.61,0.0
24621,10915,37,2,1009.52,0.0
24622,10916,11,2,202.6,0.0
24623,10916,50,2,994.53,0.0
24624,10916,5,1,597.45,15.0
24625,10917,2,1,394.13,0.0
24626,10917,17,5,173.9,0.0
24627,10917,32,1,320.79,0.0
24628,10918,51,2,774.23,0.0
24629,10918,15,2,255.83,20.0
24630,10918,2,1,394.13,10.0
24631,10918,157,1,388.76,0.0
24632,10918,179,1,990.0,10.0
24633,10919,34,2,43.21,0.0
24634,10919,99,1,255.18,0.0
24635,10920,43,1,935.97,0.0
24636,10920,3,1,557.91,0.0
24637,10920,51,3,774.23,0.0
24638,10921,187,2,215.12,0.0
24639,10921,4,1,583.61,0.0
24640,10922,22,2,457.79,5.0
24641,10922,48,2,358.48,10.0
24642,10923,26,5,204.87,0.0
24643,10924,168,2,838.87,5.0
24644,10924,3,1,557.91,0.0
24645,10925,36,3,72.7,0.0
24646,10925,38,1,1016.34,0.0
24647,10926,10,3,132.89,10.0
24648,10926,213,1,50.55,5.0
24649,10926,41,1,176.54,10.0
24650,10927,48,3,358.48,0.0
24651,10927,40,2,520.37,10.0
24652,10928,4,2,583.61,5.0
24653,10929,5,2,597.45,0.0
24654,10930,32,1,320.79,0.0
24655,10930,42,1,880.29,0.0
24656,10931,18,2,818.1,0.0
24657,10932,15,1,255.83,0.0
24658,10932,21,1,851.91,5.0
24659,10932,46,2,854.22,5.0
24660,10932,192,1,282.66,0.0
24661,10933,45,1,456.92,0.0
24662,10933,5,1,597.45,0.0
24663,10934,27,1,287.02,0.0
24664,10935,234,2,670.43,0.0
24665,10935,14,1,149.0,20.0
24666,10935,44,1,930.25,15.0
24667,10936,29,1,981.65,0.0
24668,10936,6,5,34.19,0.0
24669,10936,25,3,631.62,0.0
24670,10937,37,1,1009.52,0.0
24671,10938,13,3,800.5,0.0
24672,10938,28,1,662.55,0.0
24673,10939,4,1,583.61,0.0
24674,10939,38,1,1016.34,5.0
24675,10939,16,4,973.78,0.0
24676,10939,5,1,597.45,0.0
24677,10940,45,4,456.92,0.0
24678,10940,46,2,854.22,0.0
24679,10940,38,3,1016.34,0.0
24680,10940,17,1,173.9,0.0
24681,10941,43,1,935.97,0.0
24682,10941,45,1,456.92,5.0
24683,10941,83,1,144.27,0.0
24684,10942,28,2,662.55,5.0
24685,10942,27,2,287.02,15.0
24686,10942,35,2,633.08,0.0
24687,10942,37,1,1009.52,15.0
24688,10943,50,3,994.53,0.0
24689,10943,9,1,217.62,20.0
24690,10943,232,5,968.09,0.0
24691,10944,16,2,973.78,10.0
24692,10944,47,1,459.02,0.0
24693,10945,12,1,677.11,0.0
24694,10945,8,1,542.39,20.0
24695,10945,23,1,236.54,0.0
24696,10946,48,1,358.48,10.0
24697,10946,19,1,604.84,0.0
24698,10946,12,1,677.11,0.0
24699,10947,85,1,681.02,0.0
24700,10948,115,3,625.25,0.0
24701,10949,83,1,144.27,0.0
24702,10949,8,2,542.39,10.0
24703,10949,131,1,80.3,0.0
24704,10949,67,1,808.59,0.0
24705,10949,33,1,947.92,0.0
24706,10950,200,1,731.51,0.0
24707,10950,162,1,82.72,0.0
24708,10951,66,3,361.37,0.0
24709,10952,123,1,272.6,0.0
24710,10952,104,1,613.34,0.0
24711,10952,16,2,973.78,15.0
24712,10953,130,5,625.15,0.0
24713,10953,81,3,77.19,10.0
24714,10953,93,3,626.68,0.0
24715,10953,27,1,287.02,0.0
24716,10954,41,2,176.54,0.0
24717,10954,43,1,935.97,0.0
24718,10954,32,2,320.79,20.0
24719,10955,13,5,800.5,0.0
24720,10956,25,3,631.62,0.0
24721,10956,6,1,34.19,0.0
24722,10957,121,1,223.46,10.0
24723,10958,48,3,358.48,0.0
24724,10958,212,2,665.42,10.0
24725,10959,201,1,232.35,0.0
24726,10959,22,4,457.79,0.0
24727,10960,193,1,948.3,0.0
24728,10960,42,1,880.29,0.0
24729,10961,29,1,981.65,0.0
24730,10961,177,4,592.34,0.0
24731,10961,72,1,474.04,0.0
24732,10962,23,2,236.54,0.0
24733,10963,18,1,818.1,0.0
24734,10964,48,1,358.48,0.0
24735,10964,30,1,658.15,0.0
24736,10965,15,1,255.83,0.0
24737,10965,43,2,935.97,10.0
24738,10966,197,3,893.87,0.0
24739,10966,28,1,662.55,0.0
24740,10966,24,2,584.38,0.0
24741,10966,8,1,542.39,0.0
24742,10967,25,2,631.62,0.0
24743,10967,52,1,994.18,0.0
24744,10968,1,1,643.08,5.0
24745,10969,245,1,396.55,0.0
24746,10969,38,2,1016.34,0.0
24747,10969,216,1,929.01,5.0
24748,10970,74,1,166.27,0.0
24749,10970,31,1,185.47,0.0
24750,10971,26,1,204.87,0.0
24751,10972,217,1,308.65,0.0
24752,10972,27,1,287.02,0.0
24753,10972,34,2,43.21,10.0
24754,10972,7,1,62.52,0.0
24755,10973,42,1,880.29,0.0
24756,10973,52,1,994.18,0.0
24757,10974,13,1,800.5,0.0
24758,10974,9,3,217.62,0.0
24759,10975,19,2,604.84,0.0
24760,10975,9,1,217.62,0.0
24761,10975,106,1,65.61,0.0
24762,10976,32,1,320.79,0.0
24763,10977,15,1,255.83,0.0
24764,10978,13,2,800.5,5.0
24765,10979,16,1,973.78,0.0
24766,10979,15,1,255.83,20.0
24767,10979,6,1,34.19,0.0
24768,10980,36,1,72.7,10.0
24769,10981,23,2,236.54,15.0
24770,10981,34,1,43.21,10.0
24771,10981,13,3,800.5,10.0
24772,10981,48,2,358.48,0.0
24773,10982,24,2,584.38,0.0
24774,10982,39,2,758.76,0.0
24775,10982,41,3,176.54,10.0
24776,10982,10,3,132.89,5.0
24777,10983,51,1,774.23,0.0
24778,10983,1,1,643.08,0.0
24779,10984,37,2,1009.52,0.0
24780,10985,5,1,597.45,0.0
24781,10985,7,3,62.52,0.0
24782,10986,30,1,658.15,0.0
24783,10986,31,1,185.47,0.0
24784,10986,28,1,662.55,10.0
24785,10986,49,1,1020.52,0.0
24786,10986,35,1,633.08,20.0
24787,10987,23,1,236.54,0.0
24788,10987,15,1,255.83,0.0
24789,10988,48,1,358.48,0.0
24790,10988,98,1,932.39,0.0
24791,10989,238,1,31.94,5.0
24792,10989,22,1,457.79,5.0
24793,10990,25,1,631.62,0.0
24794,10990,16,2,973.78,0.0
24795,10991,36,2,72.7,0.0
24796,10992,237,2,938.43,0.0
24797,10993,16,2,973.78,10.0
24798,10993,29,1,981.65,5.0
24799,10994,49,1,1020.52,10.0
24800,10995,9,1,217.62,0.0
24801,10995,26,1,204.87,0.0
24802,10995,50,1,994.53,0.0
24803,10996,43,2,935.97,10.0
24804,10996,32,3,320.79,0.0
24805,10997,228,1,24.69,0.0
24806,10997,4,2,583.61,0.0
24807,10997,101,1,462.13,0.0
24808,10998,39,2,758.76,0.0
24809,10998,16,1,973.78,0.0
24810,10999,13,2,800.5,10.0
24811,10999,4,1,583.61,5.0
24812,10999,19,1,604.84,5.0
24813,11000,13,2,800.5,0.0
24814,11000,44,1,930.25,20.0
24815,11001,33,1,947.92,0.0
24816,11001,24,1,584.38,5.0
24817,11001,14,2,149.0,20.0
24818,11002,5,2,597.45,5.0
24819,11002,23,2,236.54,0.0
24820,11003,33,1,947.92,10.0
24821,11003,43,1,935.97,0.0
24822,11004,110,1,600.49,0.0
24823,11004,24,2,584.38,0.0
24824,11005,135,4,277.82,5.0
24825,11005,42,1,880.29,0.0
24826,11006,1,2,643.08,0.0
24827,11006,41,1,176.54,0.0
24828,11007,105,2,888.35,0.0
24829,11007,22,1,457.79,0.0
24830,11007,36,2,72.7,0.0
24831,11007,13,2,800.5,0.0
24832,11007,32,3,320.79,0.0
24833,11008,7,2,62.52,0.0
24834,11008,40,3,520.37,15.0
24835,11008,46,1,854.22,5.0
24836,11008,49,1,1020.52,0.0
24837,11008,39,1,758.76,0.0
24838,11009,43,1,935.97,5.0
24839,11009,11,3,202.6,10.0
24840,11010,27,4,287.02,0.0
24841,11010,10,1,132.89,0.0
24842,11011,30,1,658.15,5.0
24843,11012,36,1,72.7,0.0
24844,11013,123,2,272.6,0.0
24845,11013,126,3,757.74,0.0
24846,11013,105,1,888.35,0.0
24847,11014,72,1,474.04,0.0
24848,11014,33,1,947.92,0.0
24849,11015,49,1,1020.52,0.0
24850,11015,50,2,994.53,0.0
24851,11015,7,1,62.52,0.0
24852,11016,32,2,320.79,10.0
24853,11017,5,1,597.45,5.0
24854,11017,42,2,880.29,0.0
24855,11017,2,1,394.13,20.0
24856,11017,49,4,1020.52,0.0
24857,11018,175,1,628.11,20.0
24858,11019,107,1,933.7,0.0
24859,11019,117,1,659.17,10.0
24860,11019,29,1,981.65,10.0
24861,11020,181,1,115.49,0.0
24862,11020,14,2,149.0,0.0
24863,11020,224,2,402.49,0.0
24864,11020,42,1,880.29,5.0
24865,11021,49,2,1020.52,0.0
24866,11021,21,1,851.91,10.0
24867,11021,81,1,77.19,10.0
24868,11021,16,1,973.78,0.0
24869,11022,117,1,659.17,0.0
24870,11023,63,4,958.03,0.0
24871,11023,13,1,800.5,20.0
24872,11023,12,1,677.11,0.0
24873,11024,13,2,800.5,0.0
24874,11024,28,1,662.55,0.0
24875,11024,153,1,378.51,15.0
24876,11025,185,3,339.91,20.0
24877,11026,43,1,935.97,0.0
24878,11026,10,1,132.89,0.0
24879,11026,108,2,306.47,0.0
24880,11026,51,3,774.23,0.0
24881,11027,150,1,196.9,0.0
24882,11028,38,1,1016.34,0.0
24883,11028,50,1,994.53,0.0
24884,11028,7,1,62.52,0.0
24885,11028,27,2,287.02,0.0
24886,11029,51,1,774.23,5.0
24887,11029,33,1,947.92,0.0
24888,11030,4,1,583.61,0.0
24889,11031,250,1,761.52,10.0
24890,11031,5,1,597.45,0.0
24891,11032,183,1,473.71,5.0
24892,11032,96,2,1121.55,0.0
24893,11033,45,1,456.92,0.0
24894,11033,43,2,935.97,0.0
24895,11034,31,1,185.47,0.0
24896,11034,68,1,245.03,0.0
24897,11035,36,1,72.7,15.0
24898,11035,116,2,209.21,0.0
24899,11036,10,4,132.89,15.0
24900,11037,6,2,34.19,10.0
24901,11037,50,1,994.53,0.0
24902,11038,43,1,935.97,0.0
24903,11039,30,1,658.15,0.0
24904,11039,25,1,631.62,0.0
24905,11039,9,2,217.62,0.0
24906,11040,41,3,176.54,0.0
24907,11041,28,1,662.55,0.0
24908,11041,46,1,854.22,5.0
24909,11042,9,1,217.62,10.0
24910,11042,37,1,1009.52,10.0
24911,11042,239,1,269.05,0.0
24912,11043,27,3,287.02,0.0
24913,11043,15,1,255.83,0.0
24914,11043,42,1,880.29,0.0
24915,11044,12,1,677.11,5.0
24916,11044,24,1,584.38,0.0
24917,11045,17,1,173.9,15.0
24918,11045,27,1,287.02,0.0
24919,11045,2,3,394.13,10.0
24920,11045,45,1,456.92,10.0
24921,11045,24,2,584.38,0.0
24922,11046,4,1,583.61,15.0
24923,11046,20,4,339.73,5.0
24924,11046,35,2,633.08,0.0
24925,11046,59,2,251.22,5.0
24926,11046,24,5,584.38,0.0
24927,11047,17,2,173.9,0.0
24928,11047,35,1,633.08,0.0
24929,11047,48,1,358.48,0.0
24930,11047,25,1,631.62,5.0
24931,11048,50,1,994.53,5.0
24932,11049,45,1,456.92,0.0
24933,11049,13,1,800.5,0.0
24934,11049,51,1,774.23,15.0
24935,11049,227,1,342.68,0.0
24936,11049,226,2,855.84,0.0
24937,11050,128,2,1064.68,10.0
24938,11051,7,2,62.52,10.0
24939,11051,28,1,662.55,0.0
24940,11052,5,1,597.45,5.0
24941,11053,49,2,1020.52,0.0
24942,11053,16,1,973.78,10.0
24943,11054,57,3,966.47,5.0
24944,11054,43,1,935.97,10.0
24945,11055,17,1,173.9,0.0
24946,11055,120,3,983.93,0.0
24947,11055,10,1,132.89,0.0
24948,11056,42,1,880.29,0.0
24949,11056,44,1,930.25,0.0
24950,11056,58,1,473.18,0.0
24951,11057,172,5,225.41,0.0
24952,11058,52,2,994.18,20.0
24953,11059,35,1,633.08,0.0
24954,11059,33,1,947.92,0.0
24955,11060,24,2,584.38,0.0
24956,11060,5,2,597.45,0.0
24957,11060,147,3,490.87,20.0
24958,11061,30,1,658.15,20.0
24959,11061,42,1,880.29,0.0
24960,11061,25,1,631.62,0.0
24961,11062,44,1,930.25,0.0
24962,11062,18,1,818.1,0.0
24963,11062,166,2,881.42,0.0
24964,11062,6,1,34.19,0.0
24965,11063,84,2,564.13,0.0
24966,11063,43,1,935.97,0.0
24967,11063,178,3,512.5,20.0
24968,11063,2,3,394.13,0.0
24969,11064,11,1,202.6,0.0
24970,11064,153,2,378.51,0.0
24971,11065,142,2,89.71,0.0
24972,11065,180,1,1017.24,15.0
24973,11066,1,3,643.08,0.0
24974,11066,4,2,583.61,5.0
24975,11066,34,1,43.21,20.0
24976,11067,38,5,1016.34,0.0
24977,11068,26,1,204.87,0.0
24978,11068,15,1,255.83,0.0
24979,11068,209,2,521.49,10.0
24980,11068,31,3,185.47,0.0
24981,11069,19,3,604.84,5.0
24982,11069,47,2,459.02,0.0
24983,11070,29,3,981.65,0.0
24984,11070,30,2,658.15,0.0
24985,11070,24,5,584.38,0.0
24986,11071,43,2,935.97,0.0
24987,11072,13,2,800.5,10.0
24988,11072,49,2,1020.52,5.0
24989,11072,200,2,731.51,0.0
24990,11073,14,2,149.0,0.0
24991,11073,5,1,597.45,20.0
24992,11074,10,4,132.89,20.0
24993,11074,40,1,520.37,0.0
24994,11074,5,1,597.45,0.0
24995,11075,43,1,935.97,0.0
24996,11075,2,1,394.13,0.0
24997,11075,48,2,358.48,0.0
24998,11075,18,2,818.1,0.0
24999,11075,32,1,320.79,0.0
25000,11076,19,1,604.84,0.0
25001,11076,50,1,994.53,0.0
25002,11077,57,2,966.47,5.0
25003,11078,52,1,994.18,0.0
25004,11078,22,2,457.79,0.0
25005,11079,49,1,1020.52,0.0
25006,11080,48,3,358.48,0.0
25007,11080,51,1,774.23,10.0
25008,11081,96,1,1121.55,0.0
25009,11081,42,1,880.29,0.0
25010,11081,47,2,459.02,20.0
25011,11081,44,3,930.25,0.0
25012,11081,13,1,800.5,0.0
25013,11082,15,2,255.83,0.0
25014,11082,11,1,202.6,0.0
25015,11082,50,1,994.53,0.0
25016,11083,20,2,339.73,10.0
25017,11083,185,1,339.91,0.0
25018,11083,38,1,1016.34,5.0
25019,11084,15,1,255.83,0.0
25020,11084,242,2,1105.36,20.0
25021,11085,52,1,994.18,0.0
25022,11086,11,1,202.6,0.0
25023,11087,102,2,352.97,0.0
25024,11087,14,2,149.0,0.0
25025,11087,26,1,204.87,0.0
25026,11087,36,2,72.7,0.0
25027,11088,9,1,217.62,0.0
25028,11089,146,1,1020.84,0.0
25029,11089,151,2,662.95,0.0
25030,11090,40,3,520.37,10.0
25031,11090,50,1,994.53,5.0
25032,11090,246,2,835.26,0.0
25033,11090,12,1,677.11,15.0
25034,11090,23,2,236.54,0.0
25035,11091,3,1,557.91,0.0
25036,11092,20,2,339.73,0.0
25037,11093,39,2,758.76,0.0
25038,11093,41,1,176.54,0.0
25039,11093,3,1,557.91,15.0
25040,11094,38,1,1016.34,0.0
25041,11094,52,1,994.18,0.0
25042,11095,248,1,249.31,0.0
25043,11096,19,5,604.84,0.0
25044,11096,105,1,888.35,0.0
25045,11096,13,1,800.5,0.0
25046,11097,49,1,1020.52,0.0
25047,11097,35,1,633.08,0.0
25048,11098,27,2,287.02,5.0
25049,11098,5,3,597.45,0.0
25050,11099,37,3,1009.52,20.0
25051,11100,42,1,880.29,0.0
25052,11100,46,1,854.22,5.0
25053,11101,19,1,604.84,0.0
25054,11101,13,1,800.5,0.0
25055,11101,21,2,851.91,0.0
25056,11102,8,1,542.39,5.0
25057,11102,117,1,659.17,0.0
25058,11102,35,1,633.08,0.0
25059,11103,79,1,861.19,10.0
25060,11103,17,1,173.9,0.0
25061,11103,42,1,880.29,0.0
25062,11103,41,1,176.54,15.0
25063,11104,22,2,457.79,0.0
25064,11104,29,1,981.65,0.0
25065,11105,61,3,882.1,0.0
25066,11106,145,1,916.31,0.0
25067,11107,8,2,542.39,0.0
25068,11108,76,1,920.83,0.0
25069,11108,35,2,633.08,0.0
25070,11109,35,1,633.08,0.0
25071,11110,166,1,881.42,0.0
25072,11111,20,1,339.73,10.0
25073,11112,118,1,1091.59,0.0
25074,11112,5,1,597.45,0.0
25075,11113,11,1,202.6,0.0
25076,11113,4,1,583.61,0.0
25077,11113,17,2,173.9,0.0
25078,11113,20,3,339.73,0.0
25079,11114,35,1,633.08,5.0
25080,11114,83,2,144.27,0.0
25081,11115,27,1,287.02,5.0
25082,11116,7,2,62.52,0.0
25083,11116,34,1,43.21,10.0
25084,11117,35,1,633.08,10.0
25085,11117,12,2,677.11,0.0
25086,11117,38,1,1016.34,0.0
25087,11118,40,1,520.37,0.0
25088,11118,27,2,287.02,5.0
25089,11118,180,2,1017.24,15.0
25090,11118,28,1,662.55,0.0
25091,11118,48,1,358.48,0.0
25092,11119,247,3,774.56,20.0
25093,11120,33,1,947.92,0.0
25094,11120,123,2,272.6,20.0
25095,11121,17,3,173.9,0.0
25096,11122,24,2,584.38,5.0
25097,11123,27,1,287.02,0.0
25098,11123,3,1,557.91,0.0
25099,11124,17,1,173.9,10.0
25100,11124,31,1,185.47,0.0
25101,11125,43,2,935.97,0.0
25102,11126,189,1,816.04,20.0
25103,11126,29,1,981.65,0.0
25104,11126,119,3,891.47,0.0
25105,11127,47,4,459.02,10.0
25106,11128,46,1,854.22,0.0
25107,11129,36,1,72.7,0.0
25108,11129,49,3,1020.52,0.0
25109,11129,8,2,542.39,0.0
25110,11129,6,2,34.19,15.0
25111,11130,6,1,34.19,0.0
25112,11131,29,3,981.65,0.0
25113,11131,108,1,306.47,0.0
25114,11131,5,4,597.45,20.0
25115,11131,71,1,682.59,0.0
25116,11132,153,1,378.51,0.0
25117,11133,48,2,358.48,0.0
25118,11134,2,2,394.13,0.0
25119,11134,25,1,631.62,0.0
25120,11134,254,1,1202.51,20.0
25121,11135,22,1,457.79,0.0
25122,11135,3,1,557.91,0.0
25123,11135,52,2,994.18,0.0
25124,11136,15,4,255.83,20.0
25125,11136,8,2,542.39,0.0
25126,11137,26,1,204.87,0.0
25127,11137,243,1,1116.94,0.0
25128,11137,46,1,854.22,0.0
25129,11137,29,1,981.65,0.0
25130,11138,4,1,583.61,5.0
25131,11138,51,1,774.23,0.0
25132,11138,217,1,308.65,0.0
25133,11138,24,1,584.38,15.0
25134,11139,47,2,459.02,20.0
25135,11139,42,1,880.29,15.0
25136,11140,49,3,1020.52,0.0
25137,11141,183,1,473.71,20.0
25138,11141,16,2,973.78,20.0
25139,11141,13,2,800.5,0.0
25140,11142,40,1,520.37,5.0
25141,11143,8,2,542.39,0.0
25142,11144,44,1,930.25,0.0
25143,11144,16,2,973.78,0.0
25144,11145,13,2,800.5,0.0
25145,11145,19,4,604.84,0.0
25146,11145,139,2,544.47,0.0
25147,11145,9,3,217.62,0.0
25148,11145,12,2,677.11,0.0
25149,11146,49,1,1020.52,0.0
25150,11146,99,1,255.18,10.0
25151,11147,31,3,185.47,0.0
25152,11147,29,1,981.65,0.0
25153,11147,36,2,72.7,0.0
25154,11147,6,1,34.19,0.0
25155,11147,50,1,994.53,0.0
25156,11148,12,3,677.11,0.0
25157,11148,5,3,597.45,5.0
25158,11149,200,2,731.51,10.0
25159,11149,109,1,663.14,5.0
25160,11149,195,3,549.52,0.0
25161,11150,116,2,209.21,10.0
25162,11150,23,2,236.54,10.0
25163,11151,36,2,72.7,15.0
25164,11151,47,2,459.02,0.0
25165,11151,13,2,800.5,0.0
25166,11152,28,3,662.55,0.0
25167,11152,32,2,320.79,0.0
25168,11153,38,1,1016.34,0.0
25169,11154,8,1,542.39,0.0
25170,11155,132,1,758.96,10.0
25171,11156,6,1,34.19,0.0
25172,11157,30,1,658.15,15.0
25173,11157,177,1,592.34,0.0
25174,11158,50,2,994.53,20.0
25175,11159,28,1,662.55,0.0
25176,11159,10,3,132.89,0.0
25177,11159,18,3,818.1,5.0
25178,11160,36,2,72.7,0.0
25179,11161,4,1,583.61,0.0
25180,11161,50,1,994.53,0.0
25181,11162,249,2,229.0,10.0
25182,11162,3,1,557.91,0.0
25183,11162,42,1,880.29,0.0
25184,11163,8,1,542.39,10.0
25185,11163,117,1,659.17,0.0
25186,11164,21,3,851.91,0.0
25187,11165,26,3,204.87,15.0
25188,11166,20,3,339.73,0.0
25189,11166,19,3,604.84,15.0
25190,11167,25,3,631.62,0.0
25191,11168,11,4,202.6,0.0
25192,11169,3,1,557.91,5.0
25193,11170,12,1,677.11,0.0
25194,11170,213,1,50.55,0.0
25195,11171,24,1,584.38,5.0
25196,11171,25,2,631.62,0.0
25197,11172,225,1,785.87,0.0
25198,11173,253,2,352.37,0.0
25199,11173,67,1,808.59,0.0
25200,11174,32,1,320.79,10.0
25201,11174,27,1,287.02,0.0
25202,11174,14,2,149.0,0.0
25203,11174,181,2,115.49,0.0
25204,11174,42,1,880.29,5.0
25205,11175,110,4,600.49,10.0
25206,11175,128,3,1064.68,0.0
25207,11175,50,1,994.53,10.0
25208,11176,191,1,733.3,5.0
25209,11176,196,2,925.9,15.0
25210,11176,16,2,973.78,0.0
25211,11176,35,1,633.08,20.0
25212,11177,46,1,854.22,0.0
25213,11177,48,1,358.48,0.0
25214,11178,25,2,631.62,0.0
25215,11179,31,1,185.47,0.0
25216,11179,13,1,800.5,0.0
25217,11179,17,1,173.9,0.0
25218,11179,39,1,758.76,0.0
25219,11180,23,1,236.54,0.0
25220,11181,59,1,251.22,0.0
25221,11181,37,2,1009.52,0.0
25222,11181,28,1,662.55,5.0
25223,11181,39,1,758.76,0.0
25224,11182,23,2,236.54,0.0
25225,11183,20,1,339.73,10.0
25226,11183,42,2,880.29,15.0
25227,11184,7,4,62.52,0.0
25228,11184,51,4,774.23,5.0
25229,11184,253,4,352.37,0.0
25230,11185,180,1,1017.24,0.0
25231,11186,107,3,933.7,0.0
25232,11187,1,1,643.08,0.0
25233,11188,15,1,255.83,0.0
25234,11188,12,1,677.11,0.0
25235,11188,17,1,173.9,0.0
25236,11189,5,1,597.45,0.0
25237,11190,38,2,1016.34,0.0
25238,11191,30,2,658.15,10.0
25239,11191,19,1,604.84,0.0
25240,11191,27,1,287.02,0.0
25241,11192,10,1,132.89,0.0
25242,11192,40,1,520.37,5.0
25243,11192,34,2,43.21,10.0
25244,11192,246,3,835.26,5.0
25245,11193,11,2,202.6,10.0
25246,11193,52,3,994.18,0.0
25247,11194,52,2,994.18,0.0
25248,11195,127,1,711.21,0.0
25249,11196,29,2,981.65,10.0
25250,11196,49,1,1020.52,0.0
25251,11196,22,2,457.79,0.0
25252,11197,3,2,557.91,0.0
25253,11197,24,1,584.38,0.0
25254,11197,16,4,973.78,0.0
25255,11197,18,1,818.1,5.0
25256,11198,20,1,339.73,0.0
25257,11198,19,5,604.84,0.0
25258,11199,41,1,176.54,0.0
25259,11200,38,1,1016.34,20.0
25260,11200,26,1,204.87,0.0
25261,11201,38,1,1016.34,0.0
25262,11201,44,2,930.25,0.0
25263,11202,5,2,597.45,5.0
25264,11203,27,1,287.02,20.0
25265,11203,44,2,930.25,0.0
25266,11203,47,1,459.02,5.0
25267,11204,95,1,179.64,0.0
25268,11204,50,3,994.53,5.0
25269,11204,225,4,785.87,15.0
25270,11205,186,1,919.63,0.0
25271,11206,39,1,758.76,0.0
25272,11207,22,5,457.79,10.0
25273,11207,3,2,557.91,5.0
25274,11208,42,3,880.29,5.0
25275,11208,50,1,994.53,0.0
25276,11209,13,1,800.5,15.0
25277,11209,22,2,457.79,0.0
25278,11209,16,1,973.78,0.0
25279,11210,50,4,994.53,10.0
25280,11210,6,4,34.19,5.0
25281,11210,28,3,662.55,0.0
25282,11211,12,1,677.11,0.0
25283,11211,11,1,202.6,0.0
25284,11212,145,1,916.31,0.0
25285,11213,39,2,758.76,0.0
25286,11213,46,1,854.22,0.0
25287,11214,12,1,677.11,0.0
25288,11214,50,2,994.53,5.0
25289,11214,14,1,149.0,0.0
25290,11215,1,1,643.08,0.0
25291,11216,51,1,774.23,0.0
25292,11216,41,2,176.54,10.0
25293,11216,196,1,925.9,0.0
25294,11216,33,1,947.92,0.0
25295,11217,23,2,236.54,0.0
25296,11217,24,2,584.38,5.0
25297,11217,25,1,631.62,0.0
25298,11218,37,5,1009.52,0.0
25299,11218,96,2,1121.55,0.0
25300,11219,33,1,947.92,5.0
25301,11219,213,1,50.55,0.0
25302,11219,40,1,520.37,0.0
25303,11220,22,1,457.79,5.0
25304,11220,34,1,43.21,20.0
25305,11220,6,3,34.19,0.0
25306,11220,24,2,584.38,15.0
25307,11220,162,1,82.72,10.0
25308,11221,10,1,132.89,0.0
25309,11222,26,1,204.87,0.0
25310,11222,22,1,457.79,5.0
25311,11222,126,1,757.74,0.0
25312,11222,49,1,1020.52,0.0
25313,11223,19,2,604.84,20.0
25314,11223,30,1,658.15,0.0
25315,11224,2,3,394.13,0.0
25316,11224,42,1,880.29,15.0
25317,11224,11,1,202.6,0.0
25318,11224,6,1,34.19,0.0
25319,11224,50,2,994.53,10.0
25320,11225,48,1,358.48,20.0
25321,11225,113,1,1162.63,0.0
25322,11225,17,2,173.9,0.0
25323,11226,48,2,358.48,0.0
25324,11226,71,2,682.59,5.0
25325,11227,203,1,131.33,0.0
25326,11227,24,3,584.38,0.0
25327,11227,32,1,320.79,0.0
25328,11228,35,2,633.08,20.0
25329,11228,18,1,818.1,0.0
25330,11229,14,2,149.0,0.0
25331,11230,38,3,1016.34,0.0
25332,11230,3,1,557.91,0.0
25333,11231,26,1,204.87,0.0
25334,11231,231,1,765.07,5.0
25335,11232,20,1,339.73,0.0
25336,11232,43,4,935.97,5.0
25337,11233,29,1,981.65,0.0
25338,11233,247,2,774.56,0.0
25339,11233,22,1,457.79,20.0
25340,11233,241,1,868.81,0.0
25341,11234,164,2,211.12,0.0
25342,11234,81,2,77.19,0.0
25343,11234,28,3,662.55,0.0
25344,11235,93,2,626.68,0.0
25345,11235,3,2,557.91,0.0
25346,11235,18,5,818.1,0.0
25347,11236,46,1,854.22,0.0
25348,11236,10,2,132.89,0.0
25349,11236,20,1,339.73,15.0
25350,11236,132,1,758.96,5.0
25351,11237,30,1,658.15,0.0
25352,11238,187,1,215.12,15.0
25353,11238,3,1,557.91,0.0
25354,11238,104,1,613.34,0.0
25355,11239,220,1,850.53,15.0
25356,11239,71,1,682.59,20.0
25357,11240,19,1,604.84,0.0
25358,11240,6,2,34.19,20.0
25359,11241,48,1,358.48,0.0
25360,11242,5,2,597.45,5.0
25361,11242,44,1,930.25,0.0
25362,11243,140,2,441.37,0.0
25363,11243,8,1,542.39,0.0
25364,11244,14,1,149.0,15.0
25365,11245,5,1,597.45,0.0
25366,11246,252,3,686.58,0.0
25367,11247,5,1,597.45,20.0
25368,11248,20,4,339.73,0.0
25369,11248,180,2,1017.24,0.0
25370,11248,4,2,583.61,0.0
25371,11249,8,2,542.39,0.0
25372,11249,18,1,818.1,0.0
25373,11250,175,1,628.11,0.0
25374,11251,51,2,774.23,15.0
25375,11252,182,1,653.31,0.0
25376,11253,18,3,818.1,0.0
25377,11253,50,1,994.53,0.0
25378,11254,52,2,994.18,0.0
25379,11254,29,4,981.65,0.0
25380,11254,48,1,358.48,0.0
25381,11255,40,2,520.37,0.0
25382,11255,45,2,456.92,0.0
25383,11256,156,3,410.55,0.0
25384,11257,38,1,1016.34,0.0
25385,11257,43,3,935.97,0.0
25386,11257,22,5,457.79,0.0
25387,11257,36,1,72.7,0.0
25388,11258,14,1,149.0,20.0
25389,11259,247,1,774.56,15.0
25390,11260,3,1,557.91,0.0
25391,11260,78,1,1047.68,0.0
25392,11261,21,1,851.91,0.0
25393,11262,120,1,983.93,0.0
25394,11262,34,1,43.21,5.0
25395,11262,32,2,320.79,0.0
25396,11263,33,2,947.92,0.0
25397,11263,31,1,185.47,10.0
25398,11263,40,1,520.37,0.0
25399,11264,21,2,851.91,0.0
25400,11264,16,1,973.78,0.0
25401,11265,35,5,633.08,0.0
25402,11265,221,1,294.07,10.0
25403,11266,13,1,800.5,0.0
25404,11266,36,1,72.7,10.0
25405,11267,44,4,930.25,0.0
25406,11267,51,1,774.23,20.0
25407,11267,33,3,947.92,5.0
25408,11268,145,2,916.31,5.0
25409,11268,8,1,542.39,5.0
25410,11269,1,1,643.08,0.0
25411,11269,49,1,1020.52,0.0
25412,11269,21,2,851.91,0.0
25413,11269,27,1,287.02,0.0
25414,11270,45,2,456.92,0.0
25415,11271,38,1,1016.34,0.0
25416,11272,37,1,1009.52,0.0
25417,11272,36,2,72.7,0.0
25418,11273,10,1,132.89,0.0
25419,11273,30,2,658.15,5.0
25420,11274,3,1,557.91,5.0
25421,11274,17,2,173.9,0.0
25422,11274,64,2,586.27,0.0
25423,11274,2,2,394.13,0.0
25424,11275,47,1,459.02,0.0
25425,11275,157,1,388.76,0.0
25426,11276,38,3,1016.34,20.0
25427,11276,26,1,204.87,5.0
25428,11277,22,4,457.79,0.0
25429,11277,39,1,758.76,15.0
25430,11278,144,2,927.22,0.0
25431,11278,12,3,677.11,0.0
25432,11278,33,1,947.92,5.0
25433,11278,35,2,633.08,15.0
25434,11279,95,3,179.64,10.0
25435,11279,101,1,462.13,0.0
25436,11279,18,1,818.1,10.0
25437,11279,13,1,800.5,0.0
25438,11280,15,1,255.83,20.0
25439,11281,32,2,320.79,0.0
25440,11281,151,1,662.95,0.0
25441,11281,2,1,394.13,5.0
25442,11281,50,3,994.53,5.0
25443,11282,15,1,255.83,10.0
25444,11283,176,2,576.9,0.0
25445,11284,139,2,544.47,0.0
25446,11284,193,2,948.3,10.0
25447,11284,3,1,557.91,0.0
25448,11285,32,3,320.79,0.0
25449,11285,16,1,973.78,0.0
25450,11285,41,3,176.54,0.0
25451,11285,44,1,930.25,10.0
25452,11286,110,1,600.49,0.0
25453,11286,5,1,597.45,15.0
25454,11287,45,1,456.92,10.0
25455,11287,171,3,508.1,0.0
25456,11288,17,1,173.9,0.0
25457,11289,6,3,34.19,0.0
25458,11290,35,2,633.08,0.0
25459,11290,10,1,132.89,0.0
25460,11290,222,1,752.95,0.0
25461,11290,26,1,204.87,10.0
25462,11290,43,1,935.97,0.0
25463,11291,7,1,62.52,0.0
25464,11291,200,1,731.51,15.0
25465,11292,32,1,320.79,0.0
25466,11293,42,3,880.29,5.0
25467,11294,49,2,1020.52,0.0
25468,11294,20,2,339.73,0.0
25469,11294,2,1,394.13,10.0
25470,11295,49,2,1020.52,0.0
25471,11295,35,3,633.08,10.0
25472,11295,79,2,861.19,10.0
25473,11296,241,1,868.81,0.0
25474,11296,52,4,994.18,0.0
25475,11297,3,1,557.91,20.0
25476,11297,5,1,597.45,0.0
25477,11297,18,1,818.1,0.0
25478,11298,45,1,456.92,0.0
25479,11298,40,1,520.37,0.0
25480,11298,232,1,968.09,0.0
25481,11298,48,2,358.48,0.0
25482,11298,120,1,983.93,0.0
25483,11299,51,1,774.23,0.0
25484,11299,13,1,800.5,0.0
25485,11300,191,1,733.3,15.0
25486,11300,30,1,658.15,15.0
25487,11301,76,1,920.83,0.0
25488,11302,201,1,232.35,5.0
25489,11302,40,2,520.37,10.0
25490,11302,41,2,176.54,0.0
25491,11302,36,1,72.7,0.0
25492,11303,48,2,358.48,0.0
25493,11304,23,2,236.54,0.0
25494,11304,204,2,504.77,0.0
25495,11304,52,2,994.18,0.0
25496,11304,37,1,1009.52,0.0
25497,11304,35,2,633.08,5.0
25498,11305,13,1,800.5,5.0
25499,11305,19,1,604.84,5.0
25500,11306,53,1,873.28,10.0
25501,11306,23,1,236.54,0.0
25502,11306,25,2,631.62,0.0
25503,11307,51,3,774.23,0.0
25504,11308,39,1,758.76,0.0
25505,11308,8,1,542.39,0.0
25506,11308,126,2,757.74,0.0
25507,11308,48,1,358.48,0.0
25508,11309,19,3,604.84,5.0
25509,11309,8,3,542.39,0.0
25510,11310,44,1,930.25,5.0
25511,11310,30,1,658.15,0.0
25512,11310,17,3,173.9,0.0
25513,11310,6,3,34.19,0.0
25514,11310,209,4,521.49,0.0
25515,11311,36,1,72.7,10.0
25516,11311,28,1,662.55,10.0
25517,11311,47,2,459.02,10.0
25518,11312,40,1,520.37,0.0
25519,11312,17,2,173.9,0.0
25520,11312,27,2,287.02,0.0
25521,11312,8,2,542.39,0.0
25522,11313,11,4,202.6,0.0
25523,11314,44,1,930.25,0.0
25524,11315,27,3,287.02,15.0
25525,11315,30,2,658.15,0.0
25526,11316,40,2,520.37,0.0
25527,11317,39,1,758.76,0.0
25528,11317,9,1,217.62,0.0
25529,11318,14,1,149.0,0.0
25530,11318,11,1,202.6,5.0
25531,11318,249,2,229.0,0.0
25532,11318,45,1,456.92,20.0
25533,11318,25,2,631.62,0.0
25534,11319,9,1,217.62,0.0
25535,11319,39,2,758.76,0.0
25536,11320,20,1,339.73,0.0
25537,11320,98,1,932.39,0.0
25538,11321,46,2,854.22,0.0
25539,11322,30,2,658.15,5.0
25540,11323,18,1,818.1,0.0
25541,11323,186,1,919.63,10.0
25542,11323,16,1,973.78,0.0
25543,11323,38,1,1016.34,0.0
25544,11324,55,1,479.69,15.0
25545,11324,93,1,626.68,0.0
25546,11324,33,1,947.92,0.0
25547,11324,50,1,994.53,0.0
25548,11325,7,3,62.52,10.0
25549,11325,39,1,758.76,0.0
25550,11325,40,2,520.37,15.0
25551,11325,252,1,686.58,10.0
25552,11326,49,1,1020.52,0.0
25553,11326,43,2,935.97,0.0
25554,11327,39,1,758.76,0.0
25555,11327,35,1,633.08,5.0
25556,11327,230,1,948.25,0.0
25557,11328,23,1,236.54,0.0
25558,11328,12,1,677.11,0.0
25559,11328,47,2,459.02,0.0
25560,11329,193,1,948.3,0.0
25561,11329,25,2,631.62,5.0
25562,11330,44,2,930.25,0.0
25563,11330,28,1,662.55,20.0
25564,11330,171,2,508.1,0.0
25565,11330,17,1,173.9,0.0
25566,11331,114,1,279.33,20.0
25567,11331,7,3,62.52,0.0
25568,11332,25,1,631.62,0.0
25569,11332,41,1,176.54,0.0
25570,11333,13,1,800.5,0.0
25571,11333,42,1,880.29,0.0
25572,11333,50,1,994.53,0.0
25573,11334,45,3,456.92,15.0
25574,11335,43,1,935.97,0.0
25575,11335,27,1,287.02,15.0
25576,11336,3,2,557.91,0.0
25577,11337,227,2,342.68,0.0
25578,11338,11,1,202.6,0.0
25579,11338,42,1,880.29,0.0
25580,11338,39,1,758.76,10.0
25581,11338,3,1,557.91,5.0
25582,11339,11,1,202.6,0.0
25583,11339,8,2,542.39,0.0
25584,11339,48,1,358.48,0.0
25585,11339,44,3,930.25,0.0
25586,11340,125,2,128.01,0.0
25587,11340,30,5,658.15,0.0
25588,11341,22,4,457.79,10.0
25589,11341,29,2,981.65,0.0
25590,11342,5,2,597.45,0.0
25591,11342,202,1,427.54,0.0
25592,11342,42,1,880.29,0.0
25593,11343,44,2,930.25,5.0
25594,11343,55,1,479.69,10.0
25595,11344,5,1,597.45,0.0
25596,11344,41,1,176.54,15.0
25597,11345,51,1,774.23,0.0
25598,11346,38,1,1016.34,0.0
25599,11346,31,3,185.47,5.0
25600,11347,61,1,882.1,0.0
25601,11347,47,1,459.02,0.0
25602,11347,39,1,758.76,5.0
25603,11348,10,3,132.89,0.0
25604,11349,2,2,394.13,5.0
25605,11350,27,1,287.02,0.0
25606,11350,19,4,604.84,0.0
25607,11350,3,4,557.91,0.0
25608,11351,7,1,62.52,15.0
25609,11351,2,1,394.13,0.0
25610,11352,64,1,586.27,5.0
25611,11352,6,1,34.19,0.0
25612,11353,37,1,1009.52,0.0
25613,11354,47,2,459.02,5.0
25614,11354,13,2,800.5,0.0
25615,11355,25,1,631.62,0.0
25616,11356,42,2,880.29,0.0
25617,11356,32,1,320.79,0.0
25618,11357,50,2,994.53,0.0
25619,11357,181,3,115.49,10.0
25620,11358,40,1,520.37,0.0
25621,11358,1,1,643.08,5.0
25622,11358,95,1,179.64,0.0
25623,11359,37,1,1009.52,0.0
25624,11359,68,2,245.03,5.0
25625,11359,52,2,994.18,10.0
25626,11360,47,1,459.02,0.0
25627,11361,16,1,973.78,0.0
25628,11362,12,1,677.11,5.0
25629,11362,52,2,994.18,0.0
25630,11363,49,2,1020.52,0.0
25631,11364,49,1,1020.52,0.0
25632,11364,24,3,584.38,0.0
25633,11364,21,1,851.91,0.0
25634,11365,34,1,43.21,0.0
25635,11365,178,4,512.5,5.0
25636,11365,6,3,34.19,0.0
25637,11366,29,2,981.65,0.0
25638,11367,41,1,176.54,10.0
25639,11368,23,1,236.54,5.0
25640,11369,2,1,394.13,0.0
25641,11369,197,1,893.87,15.0
25642,11370,70,1,532.42,0.0
25643,11371,129,1,44.87,5.0
25644,11371,38,1,1016.34,0.0
25645,11372,114,2,279.33,0.0
25646,11372,7,1,62.52,0.0
25647,11372,32,1,320.79,0.0
25648,11373,104,2,613.34,0.0
25649,11373,175,4,628.11,5.0
25650,11373,16,1,973.78,0.0
25651,11374,29,1,981.65,10.0
25652,11374,44,1,930.25,0.0
25653,11374,46,1,854.22,5.0
25654,11375,50,1,994.53,10.0
25655,11375,176,1,576.9,5.0
25656,11376,11,2,202.6,0.0
25657,11377,3,2,557.91,0.0
25658,11377,93,1,626.68,0.0
25659,11378,12,1,677.11,0.0
25660,11378,51,2,774.23,0.0
25661,11379,41,2,176.54,0.0
25662,11380,26,1,204.87,0.0
25663,11380,60,2,165.23,0.0
25664,11380,13,1,800.5,20.0
25665,11380,33,1,947.92,10.0
25666,11381,52,1,994.18,5.0
25667,11382,3,1,557.91,10.0
25668,11382,116,1,209.21,5.0
25669,11382,9,1,217.62,20.0
25670,11383,37,1,1009.52,10.0
25671,11383,30,1,658.15,15.0
25672,11383,10,1,132.89,0.0
25673,11383,44,1,930.25,5.0
25674,11384,17,1,173.9,10.0
25675,11384,47,1,459.02,0.0
25676,11384,1,1,643.08,10.0
25677,11385,45,1,456.92,0.0
25678,11385,41,2,176.54,0.0
25679,11385,27,2,287.02,0.0
25680,11386,6,2,34.19,0.0
25681,11386,4,2,583.61,0.0
25682,11386,32,4,320.79,5.0
25683,11387,40,1,520.37,0.0
25684,11387,125,1,128.01,0.0
25685,11388,40,2,520.37,0.0
25686,11388,202,1,427.54,0.0
25687,11388,38,3,1016.34,0.0
25688,11389,11,1,202.6,0.0
25689,11389,62,2,77.39,20.0
25690,11390,28,1,662.55,20.0
25691,11390,94,2,914.43,5.0
25692,11390,41,1,176.54,10.0
25693,11390,143,1,435.68,10.0
25694,11391,19,2,604.84,0.0
25695,11392,44,1,930.25,20.0
25696,11393,35,1,633.08,0.0
25697,11393,7,1,62.52,0.0
25698,11393,245,1,396.55,0.0
25699,11394,14,3,149.0,0.0
25700,11395,157,1,388.76,0.0
25701,11395,25,2,631.62,0.0
25702,11395,47,1,459.02,10.0
25703,11395,1,1,643.08,0.0
25704,11396,30,2,658.15,0.0
25705,11396,6,1,34.19,0.0
25706,11396,11,1,202.6,10.0
25707,11396,22,1,457.79,10.0
25708,11397,121,3,223.46,0.0
25709,11397,26,1,204.87,10.0
25710,11398,30,1,658.15,0.0
25711,11398,237,2,938.43,15.0
25712,11398,24,1,584.38,0.0
25713,11398,21,2,851.91,0.0
25714,11399,180,1,1017.24,20.0
25715,11400,35,5,633.08,10.0
25716,11400,33,1,947.92,5.0
25717,11400,38,3,1016.34,10.0
25718,11401,62,1,77.39,10.0
25719,11401,19,3,604.84,0.0
25720,11401,44,1,930.25,0.0
25721,11401,38,1,1016.34,0.0
25722,11401,41,1,176.54,0.0
25723,11402,1,3,643.08,0.0
25724,11402,117,4,659.17,0.0
25725,11403,49,1,1020.52,5.0
25726,11403,45,1,456.92,15.0
25727,11404,29,1,981.65,0.0
25728,11404,110,2,600.49,0.0
25729,11404,38,1,1016.34,0.0
25730,11405,6,1,34.19,0.0
25731,11405,35,1,633.08,0.0
25732,11405,49,1,1020.52,10.0
25733,11405,37,2,1009.52,0.0
25734,11406,11,1,202.6,0.0
25735,11406,8,2,542.39,10.0
25736,11407,48,2,358.48,10.0
25737,11407,39,1,758.76,5.0
25738,11407,31,4,185.47,0.0
25739,11408,29,1,981.65,0.0
25740,11408,34,1,43.21,0.0
25741,11409,16,1,973.78,0.0
25742,11409,45,1,456.92,0.0
25743,11409,34,1,43.21,10.0
25744,11410,216,1,929.01,10.0
25745,11411,9,1,217.62,0.0
25746,11411,37,1,1009.52,5.0
25747,11412,21,1,851.91,0.0
25748,11413,21,2,851.91,0.0
25749,11413,54,3,21.31,0.0
25750,11414,28,1,662.55,0.0
25751,11414,51,2,774.23,0.0
25752,11414,7,1,62.52,5.0
25753,11415,31,2,185.47,0.0
25754,11415,6,1,34.19,0.0
25755,11416,27,1,287.02,0.0
25756,11416,30,2,658.15,5.0
25757,11416,246,1,835.26,0.0
25758,11416,13,1,800.5,0.0
25759,11416,18,2,818.1,15.0
25760,11417,40,1,520.37,0.0
25761,11417,122,3,246.21,0.0
25762,11417,41,1,176.54,0.0
25763,11418,49,1,1020.52,0.0
25764,11418,27,3,287.02,0.0
25765,11419,233,2,27.46,0.0
25766,11419,30,2,658.15,10.0
25767,11419,36,1,72.7,0.0
25768,11419,32,1,320.79,0.0
25769,11420,231,2,765.07,0.0
25770,11420,153,1,378.51,0.0
25771,11421,46,2,854.22,0.0
25772,11422,38,2,1016.34,5.0
25773,11422,18,1,818.1,0.0
25774,11422,33,3,947.92,0.0
25775,11423,199,1,989.05,0.0
25776,11423,32,4,320.79,15.0
25777,11423,30,1,658.15,0.0
25778,11423,25,1,631.62,0.0
25779,11424,45,4,456.92,0.0
25780,11424,36,2,72.7,0.0
25781,11425,138,1,285.18,0.0
25782,11426,14,1,149.0,0.0
25783,11426,12,1,677.11,5.0
25784,11426,228,3,24.69,0.0
25785,11427,28,1,662.55,0.0
25786,11427,38,1,1016.34,20.0
25787,11428,4,1,583.61,0.0
25788,11429,42,1,880.29,0.0
25789,11429,4,1,583.61,10.0
25790,11429,29,2,981.65,0.0
25791,11429,11,3,202.6,0.0
25792,11430,12,1,677.11,0.0
25793,11431,19,2,604.84,0.0
25794,11431,26,2,204.87,0.0
25795,11431,7,2,62.52,0.0
25796,11432,29,1,981.65,5.0
25797,11433,136,1,185.33,0.0
25798,11433,18,2,818.1,20.0
25799,11433,40,5,520.37,0.0
25800,11434,33,1,947.92,0.0
25801,11434,3,3,557.91,20.0
25802,11434,6,5,34.19,0.0
25803,11435,36,1,72.7,0.0
25804,11436,8,3,542.39,0.0
25805,11437,35,2,633.08,5.0
25806,11437,1,2,643.08,0.0
25807,11438,20,1,339.73,0.0
25808,11438,41,3,176.54,10.0
25809,11439,1,1,643.08,0.0
25810,11439,38,1,1016.34,0.0
25811,11439,30,2,658.15,0.0
25812,11439,45,2,456.92,5.0
25813,11440,24,1,584.38,0.0
25814,11440,45,1,456.92,0.0
25815,11440,12,5,677.11,0.0
25816,11440,87,1,812.54,0.0
25817,11441,20,5,339.73,5.0
25818,11441,29,3,981.65,5.0
25819,11441,200,1,731.51,0.0
25820,11442,233,1,27.46,5.0
25821,11442,19,1,604.84,20.0
25822,11442,46,1,854.22,5.0
25823,11443,35,3,633.08,0.0
25824,11444,32,1,320.79,5.0
25825,11444,47,1,459.02,0.0
25826,11444,196,2,925.9,10.0
25827,11444,6,1,34.19,0.0
25828,11445,40,2,520.37,5.0
25829,11445,240,1,81.35,0.0
25830,11445,12,2,677.11,15.0
25831,11446,25,1,631.62,5.0
25832,11447,20,2,339.73,10.0
25833,11447,24,2,584.38,0.0
25834,11448,34,2,43.21,0.0
25835,11449,16,1,973.78,15.0
25836,11449,19,1,604.84,0.0
25837,11449,10,1,132.89,0.0
25838,11449,137,3,424.86,0.0
25839,11450,26,1,204.87,0.0
25840,11450,18,1,818.1,0.0
25841,11450,166,3,881.42,0.0
25842,11451,52,1,994.18,0.0
25843,11451,6,1,34.19,0.0
25844,11452,201,1,232.35,0.0
25845,11452,50,1,994.53,10.0
25846,11453,124,2,729.75,20.0
25847,11453,233,1,27.46,0.0
25848,11453,24,1,584.38,5.0
25849,11454,11,2,202.6,10.0
25850,11454,99,1,255.18,10.0
25851,11455,12,5,677.11,0.0
25852,11455,35,1,633.08,20.0
25853,11455,61,1,882.1,0.0
25854,11455,28,2,662.55,20.0
25855,11456,193,1,948.3,5.0
25856,11457,52,3,994.18,0.0
25857,11457,87,1,812.54,0.0
25858,11457,151,2,662.95,0.0
25859,11457,14,3,149.0,5.0
25860,11457,38,1,1016.34,0.0
25861,11458,7,1,62.52,0.0
25862,11458,2,3,394.13,0.0
25863,11459,114,2,279.33,0.0
25864,11459,15,2,255.83,0.0
25865,11460,23,2,236.54,0.0
25866,11461,19,1,604.84,0.0
25867,11462,234,1,670.43,5.0
25868,11462,7,2,62.52,20.0
25869,11462,116,1,209.21,0.0
25870,11463,9,2,217.62,0.0
25871,11463,11,1,202.6,0.0
25872,11463,130,2,625.15,0.0
25873,11464,39,1,758.76,10.0
25874,11464,21,1,851.91,0.0
25875,11464,243,1,1116.94,0.0
25876,11465,86,2,1193.28,0.0
25877,11466,37,1,1009.52,10.0
25878,11466,4,2,583.61,0.0
25879,11466,13,2,800.5,0.0
25880,11466,36,2,72.7,0.0
25881,11467,28,2,662.55,0.0
25882,11467,236,1,384.32,0.0
25883,11467,34,1,43.21,5.0
25884,11467,53,1,873.28,0.0
25885,11467,155,1,438.96,0.0
25886,11468,41,2,176.54,15.0
25887,11468,17,2,173.9,0.0
25888,11469,17,1,173.9,0.0
25889,11469,23,1,236.54,0.0
25890,11469,49,1,1020.52,20.0
25891,11470,29,2,981.65,0.0
25892,11470,46,1,854.22,10.0
25893,11471,7,1,62.52,0.0
25894,11471,133,1,245.7,0.0
25895,11471,1,2,643.08,0.0
25896,11472,35,1,633.08,0.0
25897,11472,156,1,410.55,10.0
25898,11472,207,2,991.04,0.0
25899,11472,243,1,1116.94,0.0
25900,11473,10,1,132.89,5.0
25901,11473,41,2,176.54,20.0
25902,11474,25,2,631.62,0.0
25903,11474,28,1,662.55,0.0
25904,11474,38,1,1016.34,5.0
25905,11475,218,1,658.32,10.0
25906,11475,27,1,287.02,0.0
25907,11475,24,1,584.38,0.0
25908,11475,32,1,320.79,0.0
25909,11476,10,3,132.89,0.0
25910,11476,8,3,542.39,0.0
25911,11477,25,1,631.62,0.0
25912,11477,5,2,597.45,0.0
25913,11478,31,1,185.47,10.0
25914,11478,11,1,202.6,0.0
25915,11479,188,1,720.38,0.0
25916,11479,38,1,1016.34,0.0
25917,11480,41,1,176.54,0.0
25918,11480,50,2,994.53,20.0
25919,11480,51,1,774.23,0.0
25920,11481,33,4,947.92,0.0
25921,11481,40,2,520.37,0.0
25922,11481,6,1,34.19,0.0
25923,11482,17,2,173.9,0.0
25924,11482,14,3,149.0,0.0
25925,11483,25,1,631.62,0.0
25926,11483,209,5,521.49,0.0
25927,11484,22,2,457.79,0.0
25928,11484,97,3,38.5,0.0
25929,11484,163,1,234.62,0.0
25930,11485,46,2,854.22,0.0
25931,11485,7,2,62.52,0.0
25932,11486,21,1,851.91,5.0
25933,11486,26,1,204.87,0.0
25934,11487,38,1,1016.34,0.0
25935,11487,30,1,658.15,0.0
25936,11487,23,2,236.54,5.0
25937,11488,32,1,320.79,0.0
25938,11488,48,2,358.48,0.0
25939,11488,38,1,1016.34,10.0
25940,11489,41,1,176.54,5.0
25941,11490,39,1,758.76,0.0
25942,11490,17,3,173.9,0.0
25943,11490,46,1,854.22,0.0
25944,11490,121,1,223.46,0.0
25945,11490,182,2,653.31,0.0
25946,11491,13,5,800.5,0.0
25947,11491,8,1,542.39,0.0
25948,11492,79,1,861.19,0.0
25949,11492,35,1,633.08,0.0
25950,11493,36,2,72.7,5.0
25951,11493,53,1,873.28,0.0
25952,11493,165,1,882.32,0.0
25953,11494,17,1,173.9,0.0
25954,11494,15,2,255.83,5.0
25955,11494,12,3,677.11,5.0
25956,11495,39,1,758.76,0.0
25957,11495,21,2,851.91,0.0
25958,11496,7,2,62.52,5.0
25959,11496,40,1,520.37,10.0
25960,11497,3,3,557.91,0.0
25961,11497,49,1,1020.52,0.0
25962,11498,35,1,633.08,15.0
25963,11498,16,1,973.78,0.0
25964,11498,17,2,173.9,15.0
25965,11499,188,1,720.38,0.0
25966,11499,26,2,204.87,0.0
25967,11500,31,1,185.47,10.0
25968,11500,37,1,1009.52,0.0
25969,11500,15,1,255.83,0.0
25970,11500,58,1,473.18,5.0
25971,11501,48,4,358.48,0.0
25972,11501,19,2,604.84,0.0
25973,11501,49,2,1020.52,10.0
25974,11502,23,2,236.54,0.0
25975,11502,246,2,835.26,0.0
25976,11503,194,1,328.13,0.0
25977,11503,132,1,758.96,0.0
25978,11503,25,1,631.62,0.0
25979,11504,181,1,115.49,0.0
25980,11504,44,2,930.25,0.0
25981,11505,13,2,800.5,0.0
25982,11506,39,1,758.76,0.0
25983,11506,38,1,1016.34,0.0
25984,11507,17,3,173.9,0.0
25985,11507,126,1,757.74,0.0
25986,11507,23,1,236.54,10.0
25987,11508,16,1,973.78,0.0
25988,11508,18,1,818.1,0.0
25989,11508,48,4,358.48,0.0
25990,11509,10,1,132.89,0.0
25991,11509,19,2,604.84,0.0
25992,11509,3,1,557.91,15.0
25993,11510,1,1,643.08,0.0
25994,11510,51,1,774.23,0.0
25995,11510,74,1,166.27,0.0
25996,11511,25,1,631.62,0.0
25997,11511,32,2,320.79,0.0
25998,11512,22,1,457.79,0.0
25999,11512,24,1,584.38,10.0
26000,11512,25,2,631.62,0.0
26001,11513,5,1,597.45,0.0
26002,11513,4,3,583.61,15.0
26003,11514,255,1,537.33,0.0
26004,11514,84,1,564.13,0.0
26005,11514,170,1,814.48,0.0
26006,11515,16,1,973.78,0.0
26007,11515,24,1,584.38,0.0
26008,11515,52,3,994.18,0.0
26009,11516,22,2,457.79,0.0
26010,11516,44,2,930.25,0.0
26011,11517,211,1,1092.93,0.0
26012,11517,242,1,1105.36,0.0
26013,11517,34,1,43.21,0.0
26014,11518,31,1,185.47,0.0
26015,11519,6,1,34.19,0.0
26016,11520,78,1,1047.68,0.0
26017,11521,5,1,597.45,0.0
26018,11522,90,1,491.54,0.0
26019,11522,177,1,592.34,0.0
26020,11522,185,3,339.91,0.0
26021,11523,44,3,930.25,0.0
26022,11524,5,1,597.45,0.0
26023,11525,12,2,677.11,10.0
26024,11525,42,2,880.29,0.0
26025,11526,25,3,631.62,0.0
26026,11527,18,1,818.1,0.0
26027,11527,25,1,631.62,0.0
26028,11528,24,1,584.38,10.0
26029,11528,8,1,542.39,10.0
26030,11528,155,3,438.96,0.0
26031,11529,132,2,758.96,0.0
26032,11529,32,2,320.79,0.0
26033,11530,171,1,508.1,0.0
26034,11530,47,4,459.02,20.0
26035,11530,23,1,236.54,10.0
26036,11530,43,5,935.97,0.0
26037,11531,51,1,774.23,0.0
26038,11532,36,1,72.7,0.0
26039,11532,84,2,564.13,0.0
26040,11533,2,2,394.13,0.0
26041,11534,34,2,43.21,0.0
26042,11535,52,1,994.18,5.0
26043,11535,12,2,677.11,0.0
26044,11536,42,5,880.29,0.0
26045,11536,32,1,320.79,0.0
26046,11536,252,3,686.58,0.0
26047,11537,47,3,459.02,10.0
26048,11538,227,1,342.68,5.0
26049,11538,19,1,604.84,0.0
26050,11538,16,1,973.78,0.0
26051,11538,8,1,542.39,0.0
26052,11539,11,1,202.6,10.0
26053,11540,5,1,597.45,0.0
26054,11541,219,1,503.95,0.0
26055,11542,13,1,800.5,10.0
26056,11542,37,1,1009.52,10.0
26057,11542,39,1,758.76,10.0
26058,11543,5,1,597.45,10.0
26059,11543,123,2,272.6,0.0
26060,11543,7,1,62.52,0.0
26061,11543,29,1,981.65,0.0
26062,11543,13,1,800.5,15.0
26063,11544,15,2,255.83,0.0
26064,11544,19,2,604.84,0.0
26065,11544,41,1,176.54,5.0
26066,11544,36,1,72.7,5.0
26067,11545,14,1,149.0,0.0
26068,11545,34,1,43.21,0.0
26069,11545,93,1,626.68,10.0
26070,11546,23,2,236.54,0.0
26071,11546,71,1,682.59,0.0
26072,11546,128,3,1064.68,0.0
26073,11546,30,1,658.15,15.0
26074,11546,60,3,165.23,0.0
26075,11547,187,2,215.12,0.0
26076,11547,11,2,202.6,0.0
26077,11548,34,4,43.21,5.0
26078,11548,13,1,800.5,10.0
26079,11548,50,1,994.53,0.0
26080,11549,21,1,851.91,20.0
26081,11549,229,1,54.7,10.0
26082,11549,47,1,459.02,0.0
26083,11550,159,1,220.27,0.0
26084,11550,62,2,77.39,0.0
26085,11550,45,5,456.92,0.0
26086,11550,10,1,132.89,10.0
26087,11551,20,1,339.73,0.0
26088,11552,42,3,880.29,0.0
26089,11552,16,1,973.78,0.0
26090,11552,169,2,863.12,0.0
26091,11552,39,1,758.76,0.0
26092,11553,22,1,457.79,0.0
26093,11554,40,1,520.37,0.0
26094,11554,2,4,394.13,20.0
26095,11555,108,2,306.47,0.0
26096,11555,29,2,981.65,0.0
26097,11556,30,1,658.15,10.0
26098,11556,17,1,173.9,0.0
26099,11556,41,1,176.54,0.0
26100,11556,21,3,851.91,0.0
26101,11556,38,1,1016.34,0.0
26102,11557,33,1,947.92,15.0
26103,11557,137,2,424.86,0.0
26104,11558,2,2,394.13,10.0
26105,11558,49,1,1020.52,0.0
26106,11559,107,1,933.7,0.0
26107,11560,8,4,542.39,10.0
26108,11561,13,3,800.5,0.0
26109,11561,12,1,677.11,0.0
26110,11562,129,3,44.87,0.0
26111,11562,42,2,880.29,0.0
26112,11562,10,1,132.89,0.0
26113,11563,84,1,564.13,0.0
26114,11563,12,1,677.11,0.0
26115,11564,30,1,658.15,5.0
26116,11564,41,1,176.54,5.0
26117,11564,19,3,604.84,0.0
26118,11565,15,2,255.83,5.0
26119,11566,19,1,604.84,0.0
26120,11566,17,1,173.9,0.0
26121,11566,153,1,378.51,0.0
26122,11567,1,2,643.08,0.0
26123,11567,60,1,165.23,0.0
26124,11568,26,1,204.87,0.0
26125,11569,52,2,994.18,0.0
26126,11569,38,1,1016.34,15.0
26127,11570,225,1,785.87,0.0
26128,11570,202,2,427.54,0.0
26129,11570,29,1,981.65,5.0
26130,11570,35,1,633.08,5.0
26131,11571,19,1,604.84,15.0
26132,11571,51,1,774.23,0.0
26133,11572,10,1,132.89,0.0
26134,11573,24,1,584.38,5.0
26135,11573,35,1,633.08,0.0
26136,11573,16,1,973.78,0.0
26137,11574,96,1,1121.55,0.0
26138,11574,50,1,994.53,15.0
26139,11574,27,1,287.02,0.0
26140,11575,34,1,43.21,0.0
26141,11576,22,1,457.79,20.0
26142,11576,50,1,994.53,0.0
26143,11577,222,1,752.95,0.0
26144,11577,21,2,851.91,0.0
26145,11577,37,2,1009.52,0.0
26146,11577,16,1,973.78,5.0
26147,11578,31,1,185.47,0.0
26148,11578,82,1,1090.89,0.0
26149,11578,187,2,215.12,5.0
26150,11578,26,1,204.87,20.0
26151,11579,41,1,176.54,0.0
26152,11579,15,1,255.83,0.0
26153,11580,45,1,456.92,0.0
26154,11580,8,1,542.39,0.0
26155,11580,6,3,34.19,0.0
26156,11580,1,1,643.08,0.0
26157,11581,27,1,287.02,0.0
26158,11581,13,4,800.5,5.0
26159,11582,20,1,339.73,0.0
26160,11582,45,1,456.92,15.0
26161,11583,51,1,774.23,0.0
26162,11584,10,1,132.89,0.0
26163,11585,15,1,255.83,5.0
26164,11585,4,1,583.61,5.0
26165,11586,29,1,981.65,5.0
26166,11587,41,1,176.54,0.0
26167,11588,51,2,774.23,0.0
26168,11588,12,1,677.11,0.0
26169,11588,35,4,633.08,5.0
26170,11589,225,1,785.87,0.0
26171,11589,24,1,584.38,0.0
26172,11590,29,1,981.65,0.0
26173,11590,3,2,557.91,0.0
26174,11590,92,1,549.63,0.0
26175,11591,40,1,520.37,5.0
26176,11592,38,5,1016.34,0.0
26177,11593,37,1,1009.52,5.0
26178,11593,254,1,1202.51,0.0
26179,11594,52,2,994.18,0.0
26180,11594,34,3,43.21,0.0
26181,11595,22,1,457.79,0.0
26182,11595,20,5,339.73,0.0
26183,11595,5,1,597.45,0.0
26184,11596,15,1,255.83,0.0
26185,11596,7,2,62.52,10.0
26186,11597,9,1,217.62,10.0
26187,11598,22,3,457.79,15.0
26188,11598,8,2,542.39,0.0
26189,11599,49,2,1020.52,0.0
26190,11599,29,2,981.65,0.0
26191,11600,49,1,1020.52,0.0
26192,11600,146,1,1020.84,0.0
26193,11600,251,1,395.15,0.0
26194,11600,48,3,358.48,10.0
26195,11601,39,1,758.76,0.0
26196,11601,12,1,677.11,0.0
26197,11602,43,1,935.97,0.0
26198,11602,5,1,597.45,0.0
26199,11602,30,2,658.15,10.0
26200,11603,44,1,930.25,5.0
26201,11603,38,3,1016.34,0.0
26202,11603,32,1,320.79,0.0
26203,11604,8,1,542.39,0.0
26204,11604,28,1,662.55,0.0
26205,11604,45,1,456.92,20.0
26206,11605,221,2,294.07,20.0
26207,11605,209,1,521.49,10.0
26208,11606,215,3,429.74,0.0
26209,11607,35,3,633.08,0.0
26210,11607,18,3,818.1,0.0
26211,11608,38,1,1016.34,0.0
26212,11609,73,2,831.13,0.0
26213,11609,104,1,613.34,0.0
26214,11610,39,3,758.76,0.0
26215,11610,48,1,358.48,10.0
26216,11611,134,1,426.27,0.0
26217,11612,21,3,851.91,0.0
26218,11612,20,1,339.73,0.0
26219,11612,11,1,202.6,0.0
26220,11613,9,2,217.62,0.0
26221,11613,37,4,1009.52,0.0
26222,11613,3,2,557.91,0.0
26223,11614,27,1,287.02,0.0
26224,11614,38,1,1016.34,0.0
26225,11614,40,2,520.37,10.0
26226,11615,120,5,983.93,0.0
26227,11615,49,2,1020.52,15.0
26228,11616,15,3,255.83,0.0
26229,11617,36,1,72.7,0.0
26230,11617,43,1,935.97,0.0
26231,11618,41,3,176.54,0.0
26232,11619,51,2,774.23,0.0
26233,11619,28,3,662.55,0.0
26234,11619,4,3,583.61,5.0
26235,11619,19,1,604.84,0.0
26236,11620,20,1,339.73,0.0
26237,11620,36,3,72.7,15.0
26238,11620,52,1,994.18,0.0
26239,11621,3,3,557.91,0.0
26240,11621,34,2,43.21,0.0
26241,11622,39,3,758.76,0.0
26242,11623,38,1,1016.34,0.0
26243,11623,4,1,583.61,15.0
26244,11623,109,1,663.14,10.0
26245,11623,17,3,173.9,0.0
26246,11624,82,1,1090.89,0.0
26247,11624,161,2,417.52,0.0
26248,11625,45,1,456.92,0.0
26249,11625,224,3,402.49,0.0
26250,11625,19,1,604.84,5.0
26251,11626,105,2,888.35,0.0
26252,11626,39,2,758.76,0.0
26253,11626,64,2,586.27,0.0
26254,11627,43,1,935.97,5.0
26255,11627,47,2,459.02,0.0
26256,11628,38,2,1016.34,0.0
26257,11628,134,1,426.27,0.0
26258,11629,51,2,774.23,0.0
26259,11629,144,1,927.22,20.0
26260,11629,157,1,388.76,0.0
26261,11629,79,1,861.19,0.0
26262,11629,34,2,43.21,0.0
26263,11630,63,2,958.03,0.0
26264,11631,12,1,677.11,0.0
26265,11631,21,2,851.91,0.0
26266,11632,42,1,880.29,5.0
26267,11633,27,4,287.02,0.0
26268,11633,1,1,643.08,0.0
26269,11634,69,1,819.14,0.0
26270,11634,47,1,459.02,0.0
26271,11635,38,2,1016.34,0.0
26272,11635,15,1,255.83,0.0
26273,11636,35,1,633.08,0.0
26274,11636,9,1,217.62,0.0
26275,11636,47,1,459.02,0.0
26276,11637,9,2,217.62,0.0
26277,11637,161,2,417.52,0.0
26278,11638,123,2,272.6,0.0
26279,11638,23,2,236.54,0.0
26280,11639,52,1,994.18,0.0
26281,11640,27,1,287.02,0.0
26282,11641,4,2,583.61,0.0
26283,11641,44,1,930.25,0.0
26284,11642,15,2,255.83,5.0
26285,11642,203,3,131.33,0.0
26286,11642,28,2,662.55,0.0
26287,11642,42,3,880.29,0.0
26288,11643,41,1,176.54,0.0
26289,11643,52,5,994.18,0.0
26290,11643,240,1,81.35,0.0
26291,11643,24,1,584.38,0.0
26292,11644,144,3,927.22,0.0
26293,11645,5,1,597.45,0.0
26294,11646,31,1,185.47,0.0
26295,11646,105,1,888.35,0.0
26296,11647,36,1,72.7,0.0
26297,11647,158,2,334.84,0.0
26298,11648,24,2,584.38,0.0
26299,11648,200,3,731.51,5.0
26300,11648,12,1,677.11,0.0
26301,11649,34,3,43.21,20.0
26302,11650,52,1,994.18,0.0
26303,11650,8,1,542.39,0.0
26304,11651,44,3,930.25,0.0
26305,11651,120,5,983.93,0.0
26306,11651,49,1,1020.52,0.0
26307,11652,52,1,994.18,0.0
26308,11652,29,1,981.65,0.0
26309,11652,2,1,394.13,0.0
26310,11653,44,2,930.25,0.0
26311,11653,32,3,320.79,0.0
26312,11653,111,1,932.22,10.0
26313,11654,16,2,973.78,0.0
26314,11654,32,1,320.79,10.0
26315,11654,215,1,429.74,15.0
26316,11655,30,3,658.15,0.0
26317,11655,41,1,176.54,0.0
26318,11655,25,1,631.62,0.0
26319,11655,17,3,173.9,0.0
26320,11655,133,1,245.7,0.0
26321,11656,35,1,633.08,0.0
26322,11656,43,2,935.97,0.0
26323,11656,25,2,631.62,0.0
26324,11657,224,2,402.49,0.0
26325,11657,38,1,1016.34,15.0
26326,11657,24,1,584.38,0.0
26327,11657,23,3,236.54,0.0
26328,11657,19,1,604.84,0.0
26329,11658,25,2,631.62,5.0
26330,11659,6,1,34.19,20.0
26331,11660,49,1,1020.52,0.0
26332,11661,111,1,932.22,15.0
26333,11662,39,1,758.76,0.0
26334,11662,15,3,255.83,5.0
26335,11662,48,1,358.48,0.0
26336,11663,205,3,227.28,0.0
26337,11663,25,3,631.62,0.0
26338,11663,14,1,149.0,5.0
26339,11664,23,1,236.54,0.0
26340,11664,6,2,34.19,20.0
26341,11664,39,3,758.76,5.0
26342,11664,41,2,176.54,0.0
26343,11665,44,1,930.25,0.0
26344,11666,9,1,217.62,0.0
26345,11667,41,3,176.54,10.0
26346,11668,47,1,459.02,0.0
26347,11668,30,2,658.15,5.0
26348,11668,27,1,287.02,0.0
26349,11669,50,1,994.53,0.0
26350,11670,46,1,854.22,0.0
26351,11670,43,4,935.97,0.0
26352,11670,38,1,1016.34,0.0
26353,11670,45,2,456.92,0.0
26354,11670,42,1,880.29,0.0
26355,11671,43,2,935.97,5.0
26356,11671,25,1,631.62,0.0
26357,11671,22,1,457.79,20.0
26358,11671,11,1,202.6,0.0
26359,11672,16,2,973.78,0.0
26360,11673,229,1,54.7,0.0
26361,11673,20,1,339.73,0.0
26362,11674,41,1,176.54,20.0
26363,11674,23,1,236.54,0.0
26364,11675,46,1,854.22,0.0
26365,11675,31,3,185.47,15.0
26366,11676,46,1,854.22,0.0
26367,11677,29,4,981.65,0.0
26368,11677,9,5,217.62,0.0
26369,11678,29,1,981.65,10.0
26370,11678,38,1,1016.34,10.0
26371,11679,39,2,758.76,0.0
26372,11680,8,2,542.39,0.0
26373,11680,58,2,473.18,0.0
26374,11681,47,1,459.02,0.0
26375,11681,22,2,457.79,5.0
26376,11681,16,1,973.78,0.0
26377,11681,83,2,144.27,0.0
26378,11682,20,1,339.73,10.0
26379,11682,31,2,185.47,0.0
26380,11683,61,3,882.1,5.0
26381,11683,3,1,557.91,0.0
26382,11683,13,1,800.5,15.0
26383,11684,32,4,320.79,0.0
26384,11684,84,1,564.13,20.0
26385,11685,25,2,631.62,0.0
26386,11685,38,1,1016.34,0.0
26387,11685,28,3,662.55,0.0
26388,11685,17,3,173.9,20.0
26389,11685,32,1,320.79,0.0
26390,11686,11,1,202.6,0.0
26391,11687,43,3,935.97,0.0
26392,11687,22,1,457.79,15.0
26393,11687,34,1,43.21,15.0
26394,11688,41,1,176.54,0.0
26395,11688,251,2,395.15,0.0
26396,11688,40,1,520.37,5.0
26397,11689,37,1,1009.52,0.0
26398,11690,37,4,1009.52,5.0
26399,11690,49,1,1020.52,10.0
26400,11690,9,1,217.62,0.0
26401,11691,4,1,583.61,10.0
26402,11691,47,2,459.02,10.0
26403,11691,51,2,774.23,0.0
26404,11692,47,1,459.02,0.0
26405,11692,49,1,1020.52,10.0
26406,11693,218,1,658.32,10.0
26407,11694,17,1,173.9,0.0
26408,11694,3,2,557.91,5.0
26409,11695,31,1,185.47,0.0
26410,11695,47,1,459.02,10.0
26411,11696,9,3,217.62,10.0
26412,11696,92,2,549.63,0.0
26413,11696,249,2,229.0,0.0
26414,11697,78,1,1047.68,10.0
26415,11698,61,2,882.1,0.0
26416,11699,1,1,643.08,10.0
26417,11699,6,1,34.19,5.0
26418,11700,32,2,320.79,10.0
26419,11700,39,1,758.76,0.0
26420,11700,126,1,757.74,0.0
26421,11700,2,1,394.13,0.0
26422,11701,233,1,27.46,0.0
26423,11701,19,1,604.84,10.0
26424,11701,33,2,947.92,0.0
26425,11701,41,2,176.54,0.0
26426,11702,29,1,981.65,0.0
26427,11702,49,4,1020.52,0.0
26428,11703,14,2,149.0,10.0
26429,11704,8,1,542.39,0.0
26430,11704,22,1,457.79,0.0
26431,11705,26,2,204.87,5.0
26432,11706,50,1,994.53,0.0
26433,11706,184,1,196.43,0.0
26434,11707,37,1,1009.52,0.0
26435,11707,10,1,132.89,0.0
26436,11708,95,1,179.64,0.0
26437,11708,9,1,217.62,0.0
26438,11709,46,2,854.22,0.0
26439,11710,21,1,851.91,0.0
26440,11711,14,1,149.0,0.0
26441,11711,37,3,1009.52,15.0
26442,11712,25,2,631.62,0.0
26443,11712,7,1,62.52,0.0
26444,11712,41,2,176.54,5.0
26445,11712,10,1,132.89,0.0
26446,11712,23,1,236.54,0.0
26447,11713,206,1,532.41,0.0
26448,11713,2,1,394.13,10.0
26449,11713,33,1,947.92,0.0
26450,11714,41,1,176.54,0.0
26451,11714,8,4,542.39,10.0
26452,11715,10,1,132.89,0.0
26453,11715,239,2,269.05,0.0
26454,11715,26,2,204.87,0.0
26455,11716,34,1,43.21,20.0
26456,11716,93,1,626.68,0.0
26457,11717,46,1,854.22,5.0
26458,11718,13,2,800.5,0.0
26459,11719,183,2,473.71,0.0
26460,11720,101,2,462.13,0.0
26461,11720,23,1,236.54,0.0
26462,11721,7,2,62.52,0.0
26463,11722,52,1,994.18,20.0
26464,11722,32,1,320.79,10.0
26465,11722,9,2,217.62,0.0
26466,11722,48,1,358.48,0.0
26467,11722,236,1,384.32,0.0
26468,11723,46,1,854.22,0.0
26469,11723,16,1,973.78,10.0
26470,11724,21,1,851.91,0.0
26471,11725,214,1,836.23,5.0
26472,11725,45,1,456.92,0.0
26473,11725,30,1,658.15,0.0
26474,11726,7,1,62.52,0.0
26475,11726,31,2,185.47,0.0
26476,11727,43,2,935.97,0.0
26477,11728,23,1,236.54,0.0
26478,11728,3,1,557.91,15.0
26479,11729,153,1,378.51,0.0
26480,11730,124,1,729.75,0.0
26481,11731,127,1,711.21,0.0
26482,11732,1,1,643.08,0.0
26483,11732,8,3,542.39,0.0
26484,11733,51,3,774.23,0.0
26485,11733,141,1,991.87,0.0
26486,11733,11,1,202.6,0.0
26487,11733,4,2,583.61,0.0
26488,11734,38,1,1016.34,0.0
26489,11734,33,3,947.92,0.0
26490,11735,20,2,339.73,0.0
26491,11735,15,1,255.83,0.0
26492,11735,6,1,34.19,0.0
26493,11736,41,2,176.54,0.0
26494,11737,12,2,677.11,0.0
26495,11737,49,1,1020.52,0.0
26496,11738,47,1,459.02,0.0
26497,11738,18,1,818.1,5.0
26498,11738,255,3,537.33,0.0
26499,11739,129,1,44.87,10.0
26500,11740,82,1,1090.89,5.0
26501,11741,32,1,320.79,0.0
26502,11742,31,3,185.47,0.0
26503,11742,20,1,339.73,20.0
26504,11743,34,3,43.21,0.0
26505,11743,40,1,520.37,20.0
26506,11743,3,1,557.91,0.0
26507,11744,23,3,236.54,5.0
26508,11745,90,2,491.54,0.0
26509,11745,48,1,358.48,0.0
26510,11745,29,3,981.65,0.0
26511,11745,41,1,176.54,0.0
26512,11746,29,2,981.65,5.0
26513,11747,83,1,144.27,0.0
26514,11747,26,1,204.87,0.0
26515,11747,223,1,389.43,0.0
26516,11747,69,1,819.14,0.0
26517,11748,125,1,128.01,10.0
26518,11749,258,3,563.1,0.0
26519,11749,9,1,217.62,0.0
26520,11749,33,1,947.92,0.0
26521,11750,3,1,557.91,0.0
26522,11751,130,2,625.15,0.0
26523,11751,45,3,456.92,5.0
26524,11751,17,1,173.9,10.0
26525,11751,35,2,633.08,5.0
26526,11752,49,3,1020.52,0.0
26527,11753,20,2,339.73,5.0
26528,11753,50,1,994.53,0.0
26529,11754,188,1,720.38,0.0
26530,11754,46,1,854.22,20.0
26531,11754,88,2,757.47,0.0
26532,11755,26,3,204.87,10.0
26533,11755,177,3,592.34,0.0
26534,11756,52,2,994.18,10.0
26535,11757,36,2,72.7,10.0
26536,11757,126,1,757.74,0.0
26537,11757,121,3,223.46,0.0
26538,11757,32,2,320.79,0.0
26539,11758,23,1,236.54,10.0
26540,11758,15,1,255.83,0.0
26541,11758,13,1,800.5,0.0
26542,11758,190,1,998.17,10.0
26543,11759,46,1,854.22,20.0
26544,11759,30,5,658.15,0.0
26545,11759,35,3,633.08,5.0
26546,11760,4,2,583.61,0.0
26547,11760,210,2,664.24,0.0
26548,11761,24,1,584.38,15.0
26549,11762,50,1,994.53,0.0
26550,11762,4,1,583.61,15.0
26551,11762,33,2,947.92,10.0
26552,11763,34,1,43.21,0.0
26553,11763,1,1,643.08,15.0
26554,11763,4,5,583.61,5.0
26555,11764,39,1,758.76,0.0
26556,11765,4,2,583.61,0.0
26557,11765,26,1,204.87,0.0
26558,11765,20,1,339.73,0.0
26559,11766,46,3,854.22,0.0
26560,11767,25,2,631.62,0.0
26561,11767,12,2,677.11,0.0
26562,11768,160,1,248.36,0.0
26563,11769,145,1,916.31,20.0
26564,11770,241,1,868.81,0.0
26565,11770,6,2,34.19,10.0
26566,11770,17,2,173.9,0.0
26567,11771,19,1,604.84,0.0
26568,11771,40,5,520.37,15.0
26569,11771,192,1,282.66,0.0
26570,11772,10,1,132.89,0.0
26571,11773,52,5,994.18,0.0
26572,11774,31,1,185.47,0.0
26573,11774,14,1,149.0,0.0
26574,11774,15,1,255.83,10.0
26575,11774,9,1,217.62,15.0
26576,11775,36,1,72.7,0.0
26577,11775,40,4,520.37,0.0
26578,11776,22,1,457.79,0.0
26579,11777,152,2,1071.23,5.0
26580,11777,81,2,77.19,0.0
26581,11777,2,1,394.13,15.0
26582,11777,27,1,287.02,20.0
26583,11778,50,1,994.53,0.0
26584,11778,28,4,662.55,0.0
26585,11779,40,1,520.37,0.0
26586,11779,1,1,643.08,0.0
26587,11780,4,3,583.61,0.0
26588,11781,4,2,583.61,0.0
26589,11781,3,2,557.91,0.0
26590,11781,49,2,1020.52,0.0
26591,11782,39,3,758.76,0.0
26592,11783,29,1,981.65,10.0
26593,11783,12,1,677.11,0.0
26594,11783,39,1,758.76,0.0
26595,11784,42,1,880.29,0.0
26596,11785,92,1,549.63,0.0
26597,11785,1,1,643.08,0.0
26598,11785,6,2,34.19,0.0
26599,11785,33,3,947.92,0.0
26600,11785,7,1,62.52,15.0
26601,11786,245,2,396.55,0.0
26602,11786,4,1,583.61,0.0
26603,11787,29,1,981.65,0.0
26604,11787,48,1,358.48,0.0
26605,11788,52,3,994.18,0.0
26606,11788,40,2,520.37,5.0
26607,11788,234,1,670.43,0.0
26608,11789,8,3,542.39,0.0
26609,11789,27,2,287.02,0.0
26610,11790,11,2,202.6,0.0
26611,11790,43,4,935.97,0.0
26612,11791,185,1,339.91,0.0
26613,11791,37,2,1009.52,5.0
26614,11792,86,1,1193.28,0.0
26615,11792,43,3,935.97,0.0
26616,11793,22,2,457.79,0.0
26617,11793,35,1,633.08,0.0
26618,11793,125,1,128.01,0.0
26619,11794,43,2,935.97,0.0
26620,11794,51,1,774.23,0.0
26621,11795,5,1,597.45,0.0
26622,11795,37,1,1009.52,20.0
26623,11795,11,1,202.6,0.0
26624,11795,2,1,394.13,0.0
26625,11796,16,1,973.78,0.0
26626,11797,2,1,394.13,0.0
26627,11798,30,3,658.15,5.0
26628,11799,18,2,818.1,0.0
26629,11800,13,1,800.5,0.0
26630,11801,49,1,1020.52,0.0
26631,11801,2,1,394.13,10.0
26632,11801,17,1,173.9,0.0
26633,11801,213,1,50.55,0.0
26634,11802,33,1,947.92,0.0
26635,11802,17,3,173.9,0.0
26636,11802,41,2,176.54,0.0
26637,11802,219,1,503.95,0.0
26638,11803,27,1,287.02,15.0
26639,11803,21,2,851.91,0.0
26640,11803,13,1,800.5,0.0
26641,11803,179,1,990.0,0.0
26642,11804,19,1,604.84,0.0
26643,11804,78,2,1047.68,0.0
26644,11805,52,1,994.18,0.0
26645,11805,4,1,583.61,0.0
26646,11805,139,2,544.47,0.0
26647,11805,51,2,774.23,0.0
26648,11806,25,1,631.62,0.0
26649,11807,22,1,457.79,5.0
26650,11807,4,1,583.61,0.0
26651,11808,119,1,891.47,0.0
26652,11808,219,1,503.95,0.0
26653,11809,5,1,597.45,0.0
26654,11809,6,3,34.19,0.0
26655,11810,213,1,50.55,0.0
26656,11810,59,2,251.22,15.0
26657,11810,40,4,520.37,0.0
26658,11810,12,1,677.11,0.0
26659,11810,9,1,217.62,0.0
26660,11811,23,2,236.54,0.0
26661,11811,50,1,994.53,20.0
26662,11811,206,1,532.41,0.0
26663,11812,244,1,902.38,10.0
26664,11813,36,1,72.7,0.0
26665,11813,41,2,176.54,20.0
26666,11814,88,1,757.47,0.0
26667,11814,7,2,62.52,5.0
26668,11815,19,1,604.84,0.0
26669,11815,227,3,342.68,0.0
26670,11816,28,1,662.55,5.0
26671,11817,33,1,947.92,0.0
26672,11817,10,1,132.89,0.0
26673,11817,9,1,217.62,0.0
26674,11818,1,2,643.08,0.0
26675,11818,13,2,800.5,0.0
26676,11818,29,1,981.65,0.0
26677,11819,43,1,935.97,0.0
26678,11820,13,1,800.5,0.0
26679,11821,38,1,1016.34,0.0
26680,11821,100,1,645.31,10.0
26681,11821,40,2,520.37,0.0
26682,11822,223,1,389.43,0.0
26683,11822,34,1,43.21,20.0
26684,11823,24,1,584.38,0.0
26685,11824,12,1,677.11,0.0
26686,11824,79,1,861.19,0.0
26687,11824,45,3,456.92,0.0
26688,11824,43,1,935.97,0.0
26689,11825,17,1,173.9,0.0
26690,11825,8,1,542.39,10.0
26691,11825,30,1,658.15,10.0
26692,11826,150,1,196.9,0.0
26693,11827,20,1,339.73,0.0
26694,11828,2,1,394.13,0.0
26695,11828,26,1,204.87,0.0
26696,11829,16,1,973.78,5.0
26697,11830,210,2,664.24,0.0
26698,11831,45,2,456.92,15.0
26699,11831,43,1,935.97,0.0
26700,11831,35,1,633.08,0.0
26701,11831,6,1,34.19,0.0
26702,11832,26,1,204.87,0.0
26703,11832,5,1,597.45,0.0
26704,11833,36,3,72.7,10.0
26705,11834,41,1,176.54,0.0
26706,11834,16,1,973.78,0.0
26707,11835,33,1,947.92,0.0
26708,11835,7,3,62.52,0.0
26709,11836,19,2,604.84,0.0
26710,11836,50,2,994.53,0.0
26711,11836,38,1,1016.34,0.0
26712,11836,39,1,758.76,0.0
26713,11837,3,3,557.91,0.0
26714,11837,235,1,180.69,0.0
26715,11837,42,1,880.29,0.0
26716,11837,1,1,643.08,15.0
26717,11838,5,1,597.45,0.0
26718,11838,166,1,881.42,0.0
26719,11838,124,1,729.75,0.0
26720,11839,34,2,43.21,0.0
26721,11840,9,1,217.62,0.0
26722,11841,37,1,1009.52,5.0
26723,11842,24,1,584.38,0.0
26724,11842,153,2,378.51,0.0
26725,11842,37,2,1009.52,0.0
26726,11842,48,5,358.48,10.0
26727,11843,9,1,217.62,0.0
26728,11843,16,1,973.78,0.0
26729,11844,49,1,1020.52,10.0
26730,11844,35,2,633.08,0.0
26731,11844,52,3,994.18,0.0
26732,11845,34,2,43.21,20.0
26733,11845,43,1,935.97,0.0
26734,11846,98,1,932.39,0.0
26735,11846,152,3,1071.23,0.0
26736,11846,141,1,991.87,15.0
26737,11847,3,1,557.91,5.0
26738,11847,34,2,43.21,0.0
26739,11847,31,1,185.47,15.0
26740,11848,46,2,854.22,10.0
26741,11848,2,1,394.13,0.0
26742,11848,6,4,34.19,10.0
26743,11848,36,3,72.7,0.0
26744,11848,49,1,1020.52,0.0
26745,11849,33,1,947.92,0.0
26746,11849,48,2,358.48,0.0
26747,11850,177,1,592.34,20.0
26748,11851,24,5,584.38,0.0
26749,11851,22,1,457.79,0.0
26750,11851,50,1,994.53,0.0
26751,11852,7,1,62.52,0.0
26752,11853,40,2,520.37,0.0
26753,11853,17,1,173.9,0.0
26754,11853,51,2,774.23,0.0
26755,11854,52,1,994.18,0.0
26756,11854,3,1,557.91,0.0
26757,11854,12,1,677.11,0.0
26758,11854,229,1,54.7,0.0
26759,11854,80,1,275.45,5.0
26760,11855,13,1,800.5,0.0
26761,11856,126,2,757.74,0.0
26762,11856,46,4,854.22,0.0
26763,11857,9,5,217.62,10.0
26764,11857,34,2,43.21,0.0
26765,11858,15,1,255.83,10.0
26766,11859,28,2,662.55,5.0
26767,11859,49,1,1020.52,0.0
26768,11860,16,2,973.78,0.0
26769,11860,232,3,968.09,20.0
26770,11860,195,1,549.52,0.0
26771,11861,5,3,597.45,15.0
26772,11861,203,1,131.33,0.0
26773,11861,18,3,818.1,0.0
26774,11861,17,1,173.9,0.0
26775,11861,91,1,291.37,0.0
26776,11862,24,1,584.38,0.0
26777,11862,3,3,557.91,0.0
26778,11863,45,1,456.92,0.0
26779,11864,24,1,584.38,15.0
26780,11865,8,2,542.39,0.0
26781,11865,45,3,456.92,20.0
26782,11866,223,2,389.43,0.0
26783,11867,3,2,557.91,10.0
26784,11868,22,1,457.79,0.0
26785,11869,11,2,202.6,0.0
26786,11869,37,2,1009.52,0.0
26787,11870,14,1,149.0,20.0
26788,11871,2,1,394.13,0.0
26789,11871,26,2,204.87,5.0
26790,11871,113,1,1162.63,0.0
26791,11872,6,1,34.19,15.0
26792,11873,42,2,880.29,15.0
26793,11874,49,1,1020.52,0.0
26794,11875,8,1,542.39,0.0
26795,11875,73,1,831.13,10.0
26796,11876,36,1,72.7,0.0
26797,11876,193,1,948.3,0.0
26798,11877,62,2,77.39,5.0
26799,11878,253,1,352.37,0.0
26800,11878,10,2,132.89,0.0
26801,11879,18,1,818.1,0.0
26802,11880,9,1,217.62,5.0
26803,11880,192,1,282.66,20.0
26804,11881,82,1,1090.89,0.0
26805,11882,41,2,176.54,0.0
26806,11882,106,1,65.61,0.0
26807,11882,52,1,994.18,10.0
26808,11883,10,2,132.89,0.0
26809,11884,19,4,604.84,15.0
26810,11884,16,2,973.78,0.0
26811,11884,43,2,935.97,0.0
26812,11885,24,2,584.38,0.0
26813,11885,46,1,854.22,0.0
26814,11886,52,1,994.18,10.0
26815,11886,87,1,812.54,0.0
26816,11887,8,2,542.39,0.0
26817,11887,9,2,217.62,0.0
26818,11887,46,1,854.22,5.0
26819,11887,12,1,677.11,0.0
26820,11888,42,1,880.29,0.0
26821,11888,10,1,132.89,0.0
26822,11889,10,1,132.89,0.0
26823,11889,5,1,597.45,0.0
26824,11890,51,1,774.23,10.0
26825,11890,27,2,287.02,15.0
26826,11890,32,5,320.79,5.0
26827,11891,7,3,62.52,0.0
26828,11891,76,2,920.83,0.0
26829,11891,33,1,947.92,5.0
26830,11892,15,2,255.83,0.0
26831,11893,46,2,854.22,0.0
26832,11894,30,3,658.15,0.0
26833,11894,164,1,211.12,5.0
26834,11894,41,1,176.54,0.0
26835,11895,6,2,34.19,10.0
26836,11895,88,1,757.47,0.0
26837,11896,43,2,935.97,20.0
26838,11897,254,1,1202.51,5.0
26839,11897,6,1,34.19,0.0
26840,11898,33,4,947.92,15.0
26841,11898,20,2,339.73,0.0
26842,11898,176,1,576.9,0.0
26843,11898,45,2,456.92,0.0
26844,11898,151,1,662.95,5.0
26845,11899,209,1,521.49,0.0
26846,11900,28,1,662.55,5.0
26847,11901,135,2,277.82,0.0
26848,11901,10,2,132.89,0.0
26849,11902,13,2,800.5,0.0
26850,11902,33,1,947.92,0.0
26851,11903,45,1,456.92,0.0
26852,11903,32,1,320.79,20.0
26853,11904,40,1,520.37,20.0
26854,11904,50,1,994.53,0.0
26855,11904,15,3,255.83,0.0
26856,11904,13,1,800.5,5.0
26857,11904,26,1,204.87,0.0
26858,11905,177,1,592.34,5.0
26859,11905,182,1,653.31,5.0
26860,11906,214,1,836.23,10.0
26861,11906,17,1,173.9,0.0
26862,11906,44,1,930.25,0.0
26863,11907,39,1,758.76,0.0
26864,11907,29,3,981.65,0.0
26865,11908,31,1,185.47,0.0
26866,11909,51,4,774.23,0.0
26867,11909,27,1,287.02,5.0
26868,11910,52,3,994.18,0.0
26869,11910,32,2,320.79,0.0
26870,11910,39,2,758.76,0.0
26871,11911,49,4,1020.52,20.0
26872,11911,34,1,43.21,0.0
26873,11912,26,1,204.87,15.0
26874,11912,49,1,1020.52,10.0
26875,11913,142,2,89.71,0.0
26876,11913,39,4,758.76,0.0
26877,11913,31,1,185.47,10.0
26878,11914,26,3,204.87,10.0
26879,11915,38,1,1016.34,0.0
26880,11915,11,3,202.6,15.0
26881,11915,34,1,43.21,5.0
26882,11915,249,2,229.0,0.0
26883,11916,44,1,930.25,0.0
26884,11917,13,3,800.5,0.0
26885,11917,12,1,677.11,5.0
26886,11917,24,1,584.38,0.0
26887,11917,46,2,854.22,10.0
26888,11917,44,2,930.25,0.0
26889,11918,42,2,880.29,0.0
26890,11918,17,1,173.9,15.0
26891,11919,17,2,173.9,15.0
26892,11919,46,1,854.22,5.0
26893,11920,193,1,948.3,0.0
26894,11921,212,1,665.42,0.0
26895,11921,51,3,774.23,0.0
26896,11921,44,1,930.25,0.0
26897,11922,21,1,851.91,10.0
26898,11923,13,1,800.5,0.0
26899,11923,9,3,217.62,0.0
26900,11924,9,2,217.62,0.0
26901,11925,9,1,217.62,20.0
26902,11925,18,1,818.1,5.0
26903,11925,31,1,185.47,0.0
26904,11926,26,1,204.87,0.0
26905,11926,6,2,34.19,10.0
26906,11926,223,2,389.43,15.0
26907,11926,30,2,658.15,0.0
26908,11927,243,2,1116.94,0.0
26909,11928,34,1,43.21,20.0
26910,11928,15,1,255.83,0.0
26911,11928,19,3,604.84,0.0
26912,11929,35,2,633.08,0.0
26913,11929,14,3,149.0,10.0
26914,11930,10,2,132.89,0.0
26915,11930,45,2,456.92,0.0
26916,11931,31,2,185.47,0.0
26917,11932,7,1,62.52,0.0
26918,11932,3,1,557.91,10.0
26919,11932,46,1,854.22,10.0
26920,11932,228,1,24.69,0.0
26921,11932,14,3,149.0,0.0
26922,11933,26,1,204.87,0.0
26923,11934,113,1,1162.63,0.0
26924,11934,13,2,800.5,0.0
26925,11935,17,2,173.9,0.0
26926,11935,37,1,1009.52,0.0
26927,11936,15,3,255.83,0.0
26928,11936,242,2,1105.36,0.0
26929,11937,17,2,173.9,0.0
26930,11937,69,2,819.14,10.0
26931,11938,40,2,520.37,0.0
26932,11938,33,2,947.92,0.0
26933,11939,13,1,800.5,0.0
26934,11939,29,1,981.65,15.0
26935,11940,33,1,947.92,0.0
26936,11940,10,2,132.89,0.0
26937,11940,1,1,643.08,0.0
26938,11941,45,2,456.92,10.0
26939,11941,29,2,981.65,0.0
26940,11942,50,3,994.53,10.0
26941,11943,32,1,320.79,0.0
26942,11943,203,1,131.33,0.0
26943,11944,13,2,800.5,0.0
26944,11944,43,1,935.97,0.0
26945,11944,51,1,774.23,0.0
26946,11945,31,3,185.47,5.0
26947,11945,48,1,358.48,10.0
26948,11945,26,2,204.87,15.0
26949,11946,39,1,758.76,0.0
26950,11947,13,1,800.5,0.0
26951,11947,9,2,217.62,0.0
26952,11947,42,2,880.29,5.0
26953,11948,34,1,43.21,10.0
26954,11948,24,4,584.38,10.0
26955,11949,93,1,626.68,10.0
26956,11949,4,1,583.61,0.0
26957,11949,202,1,427.54,0.0
26958,11949,45,2,456.92,20.0
26959,11949,46,1,854.22,0.0
26960,11950,32,1,320.79,0.0
26961,11951,159,1,220.27,10.0
26962,11952,38,2,1016.34,0.0
26963,11952,51,2,774.23,0.0
26964,11952,25,1,631.62,10.0
26965,11953,3,1,557.91,20.0
26966,11953,41,1,176.54,0.0
26967,11953,38,1,1016.34,20.0
26968,11954,4,2,583.61,0.0
26969,11954,3,2,557.91,5.0
26970,11954,17,1,173.9,0.0
26971,11954,36,2,72.7,0.0
26972,11954,22,1,457.79,0.0
26973,11955,16,2,973.78,20.0
26974,11955,46,2,854.22,0.0
26975,11956,26,1,204.87,5.0
26976,11956,20,2,339.73,0.0
26977,11956,42,1,880.29,0.0
26978,11957,87,1,812.54,0.0
26979,11958,32,3,320.79,10.0
26980,11958,7,2,62.52,0.0
26981,11959,35,1,633.08,0.0
26982,11960,65,1,1039.76,0.0
26983,11960,22,3,457.79,0.0
26984,11961,34,1,43.21,0.0
26985,11961,16,1,973.78,10.0
26986,11962,30,1,658.15,0.0
26987,11963,22,4,457.79,0.0
26988,11964,26,2,204.87,10.0
26989,11964,117,1,659.17,0.0
26990,11964,14,5,149.0,0.0
26991,11964,21,1,851.91,10.0
26992,11965,17,1,173.9,0.0
26993,11966,30,1,658.15,0.0
26994,11966,35,1,633.08,15.0
26995,11966,83,1,144.27,0.0
26996,11967,31,4,185.47,0.0
26997,11967,21,1,851.91,0.0
26998,11967,9,2,217.62,5.0
26999,11968,33,1,947.92,10.0
27000,11969,51,3,774.23,0.0
27001,11969,12,2,677.11,0.0
27002,11970,31,1,185.47,0.0
27003,11970,38,1,1016.34,10.0
27004,11970,18,2,818.1,0.0
27005,11971,52,1,994.18,0.0
27006,11971,15,1,255.83,20.0
27007,11971,48,2,358.48,0.0
27008,11971,17,1,173.9,10.0
27009,11972,40,3,520.37,0.0
27010,11972,5,1,597.45,0.0
27011,11972,2,2,394.13,0.0
27012,11972,10,1,132.89,5.0
27013,11973,211,1,1092.93,20.0
27014,11974,19,1,604.84,0.0
27015,11975,9,2,217.62,0.0
27016,11976,11,1,202.6,10.0
27017,11976,43,1,935.97,0.0
27018,11977,198,1,904.38,0.0
27019,11977,35,3,633.08,0.0
27020,11978,14,3,149.0,0.0
27021,11978,34,1,43.21,20.0
27022,11978,12,1,677.11,20.0
27023,11979,4,2,583.61,0.0
27024,11979,9,1,217.62,0.0
27025,11979,33,2,947.92,0.0
27026,11980,4,1,583.61,0.0
27027,11981,4,1,583.61,0.0
27028,11981,5,2,597.45,5.0
27029,11981,15,2,255.83,0.0
27030,11982,47,2,459.02,0.0
27031,11983,19,1,604.84,0.0
27032,11983,35,2,633.08,0.0
27033,11983,36,1,72.7,5.0
27034,11983,6,1,34.19,10.0
27035,11984,7,3,62.52,0.0
27036,11985,37,3,1009.52,10.0
27037,11985,44,2,930.25,0.0
27038,11985,12,1,677.11,0.0
27039,11986,4,2,583.61,0.0
27040,11986,219,2,503.95,10.0
27041,11987,48,1,358.48,5.0
27042,11987,135,2,277.82,0.0
27043,11987,105,4,888.35,0.0
27044,11987,33,2,947.92,0.0
27045,11987,29,1,981.65,10.0
27046,11988,34,3,43.21,0.0
27047,11988,22,3,457.79,5.0
27048,11989,45,3,456.92,5.0
27049,11989,67,3,808.59,10.0
27050,11989,8,3,542.39,5.0
27051,11990,51,1,774.23,0.0
27052,11990,28,1,662.55,5.0
27053,11990,20,1,339.73,5.0
27054,11990,47,1,459.02,0.0
27055,11991,26,1,204.87,0.0
27056,11991,46,3,854.22,5.0
27057,11991,36,2,72.7,0.0
27058,11992,79,1,861.19,20.0
27059,11992,17,1,173.9,10.0
27060,11993,18,2,818.1,20.0
27061,11993,24,1,584.38,0.0
27062,11994,7,1,62.52,0.0
27063,11994,39,1,758.76,0.0
27064,11995,76,4,920.83,0.0
27065,11995,48,4,358.48,0.0
27066,11995,16,3,973.78,10.0
27067,11996,51,2,774.23,5.0
27068,11996,49,2,1020.52,0.0
27069,11996,15,1,255.83,0.0
27070,11997,40,3,520.37,5.0
27071,11997,15,1,255.83,0.0
27072,11997,89,2,568.71,0.0
27073,11998,100,2,645.31,10.0
27074,11998,40,1,520.37,0.0
27075,11998,150,1,196.9,0.0
27076,11999,31,1,185.47,0.0
27077,11999,58,1,473.18,20.0
27078,11999,37,1,1009.52,0.0
27079,11999,41,3,176.54,10.0
27080,12000,227,2,342.68,0.0
27081,12000,7,2,62.52,0.0
27082,12000,52,2,994.18,0.0
27083,12000,26,1,204.87,0.0
27084,12001,95,1,179.64,0.0
27085,12001,225,2,785.87,0.0
27086,12002,42,2,880.29,0.0
27087,12002,39,1,758.76,0.0
27088,12003,18,2,818.1,0.0
27089,12003,35,3,633.08,0.0
27090,12004,44,1,930.25,10.0
27091,12005,3,1,557.91,20.0
27092,12005,20,3,339.73,0.0
27093,12005,43,3,935.97,5.0
27094,12006,169,1,863.12,0.0
27095,12006,25,1,631.62,0.0
27096,12007,43,2,935.97,10.0
27097,12007,33,1,947.92,0.0
27098,12007,35,2,633.08,0.0
27099,12007,1,1,643.08,0.0
27100,12008,30,3,658.15,10.0
27101,12009,31,1,185.47,15.0
27102,12010,33,1,947.92,10.0
27103,12010,38,1,1016.34,0.0
27104,12010,34,2,43.21,10.0
27105,12010,13,1,800.5,5.0
27106,12011,46,2,854.22,0.0
27107,12011,26,2,204.87,0.0
27108,12011,48,1,358.48,0.0
27109,12012,18,3,818.1,0.0
27110,12013,196,2,925.9,0.0
27111,12013,201,1,232.35,0.0
27112,12014,8,1,542.39,5.0
27113,12014,26,2,204.87,0.0
27114,12014,2,4,394.13,0.0
27115,12014,42,1,880.29,20.0
27116,12015,25,1,631.62,0.0
27117,12015,46,1,854.22,0.0
27118,12015,27,1,287.02,0.0
27119,12016,51,1,774.23,0.0
27120,12016,3,1,557.91,20.0
27121,12017,38,5,1016.34,10.0
27122,12018,44,1,930.25,10.0
27123,12018,45,2,456.92,10.0
27124,12019,9,2,217.62,0.0
27125,12019,44,1,930.25,0.0
27126,12020,34,2,43.21,0.0
27127,12020,60,1,165.23,0.0
27128,12020,5,1,597.45,5.0
27129,12021,141,1,991.87,0.0
27130,12022,56,1,776.63,5.0
27131,12022,48,1,358.48,0.0
27132,12023,10,1,132.89,0.0
27133,12023,12,1,677.11,0.0
27134,12023,23,2,236.54,10.0
27135,12024,32,2,320.79,0.0
27136,12024,3,1,557.91,0.0
27137,12025,23,2,236.54,0.0
27138,12025,17,1,173.9,0.0
27139,12025,106,2,65.61,0.0
27140,12025,34,1,43.21,20.0
27141,12026,199,1,989.05,5.0
27142,12026,39,2,758.76,10.0
27143,12027,39,2,758.76,0.0
27144,12027,50,2,994.53,0.0
27145,12028,18,1,818.1,0.0
27146,12028,9,2,217.62,15.0
27147,12029,15,1,255.83,0.0
27148,12029,13,1,800.5,15.0
27149,12029,26,1,204.87,10.0
27150,12029,2,4,394.13,0.0
27151,12029,231,1,765.07,0.0
27152,12030,7,2,62.52,0.0
27153,12030,46,2,854.22,20.0
27154,12030,16,1,973.78,0.0
27155,12030,5,2,597.45,0.0
27156,12030,129,2,44.87,10.0
27157,12031,31,1,185.47,0.0
27158,12031,208,1,1182.18,5.0
27159,12031,20,2,339.73,5.0
27160,12032,11,3,202.6,0.0
27161,12033,214,2,836.23,0.0
27162,12033,1,5,643.08,0.0
27163,12033,37,2,1009.52,15.0
27164,12033,10,2,132.89,0.0
27165,12034,20,2,339.73,0.0
27166,12034,10,2,132.89,0.0
27167,12035,44,1,930.25,0.0
27168,12036,33,2,947.92,0.0
27169,12036,2,1,394.13,0.0
27170,12037,39,1,758.76,0.0
27171,12037,7,3,62.52,10.0
27172,12037,48,1,358.48,0.0
27173,12038,15,1,255.83,10.0
27174,12039,257,1,118.54,0.0
27175,12039,26,2,204.87,0.0
27176,12039,129,2,44.87,0.0
27177,12039,9,1,217.62,0.0
27178,12039,32,1,320.79,0.0
27179,12040,21,1,851.91,0.0
27180,12041,37,1,1009.52,0.0
27181,12042,4,2,583.61,0.0
27182,12043,13,2,800.5,5.0
27183,12043,31,1,185.47,0.0
27184,12044,49,2,1020.52,5.0
27185,12044,122,2,246.21,0.0
27186,12045,41,1,176.54,0.0
27187,12045,117,1,659.17,0.0
27188,12045,47,5,459.02,15.0
27189,12045,30,1,658.15,20.0
27190,12046,22,1,457.79,0.0
27191,12046,23,2,236.54,0.0
27192,12047,235,2,180.69,5.0
27193,12047,24,1,584.38,0.0
27194,12047,15,1,255.83,0.0
27195,12047,46,1,854.22,10.0
27196,12048,51,1,774.23,0.0
27197,12048,37,1,1009.52,0.0
27198,12049,229,1,54.7,20.0
27199,12049,3,1,557.91,0.0
27200,12049,44,1,930.25,10.0
27201,12050,1,2,643.08,0.0
27202,12051,19,1,604.84,0.0
27203,12052,108,3,306.47,10.0
27204,12052,220,1,850.53,0.0
27205,12052,15,3,255.83,0.0
27206,12052,9,3,217.62,0.0
27207,12052,17,3,173.9,0.0
27208,12053,38,2,1016.34,0.0
27209,12054,50,2,994.53,0.0
27210,12054,34,1,43.21,15.0
27211,12055,4,2,583.61,0.0
27212,12055,17,1,173.9,0.0
27213,12056,22,1,457.79,0.0
27214,12057,37,2,1009.52,0.0
27215,12058,65,1,1039.76,0.0
27216,12059,8,3,542.39,0.0
27217,12059,10,1,132.89,0.0
27218,12059,43,1,935.97,0.0
27219,12059,25,1,631.62,0.0
27220,12060,36,1,72.7,0.0
27221,12060,17,2,173.9,10.0
27222,12061,30,1,658.15,0.0
27223,12062,141,1,991.87,0.0
27224,12063,45,3,456.92,0.0
27225,12064,41,1,176.54,0.0
27226,12065,18,2,818.1,10.0
27227,12065,34,1,43.21,0.0
27228,12065,10,2,132.89,0.0
27229,12065,45,1,456.92,0.0
27230,12065,33,2,947.92,0.0
27231,12066,8,4,542.39,10.0
27232,12066,6,2,34.19,5.0
27233,12066,16,2,973.78,0.0
27234,12067,51,1,774.23,0.0
27235,12067,45,2,456.92,0.0
27236,12068,13,1,800.5,20.0
27237,12069,136,1,185.33,0.0
27238,12070,159,4,220.27,0.0
27239,12070,51,2,774.23,0.0
27240,12070,7,3,62.52,0.0
27241,12071,34,1,43.21,0.0
27242,12072,52,3,994.18,20.0
27243,12072,50,1,994.53,0.0
27244,12073,155,1,438.96,0.0
27245,12073,7,1,62.52,0.0
27246,12074,83,1,144.27,0.0
27247,12075,9,2,217.62,0.0
27248,12075,33,1,947.92,0.0
27249,12075,20,1,339.73,0.0
27250,12076,233,1,27.46,0.0
27251,12076,76,3,920.83,0.0
27252,12076,51,2,774.23,0.0
27253,12076,29,2,981.65,0.0
27254,12076,112,2,1017.21,20.0
27255,12077,34,1,43.21,0.0
27256,12077,179,1,990.0,0.0
27257,12078,240,2,81.35,0.0
27258,12078,21,1,851.91,10.0
27259,12078,43,1,935.97,0.0
27260,12079,8,2,542.39,0.0
27261,12079,41,3,176.54,0.0
27262,12080,2,1,394.13,10.0
27263,12080,197,1,893.87,15.0
27264,12080,16,2,973.78,0.0
27265,12080,1,1,643.08,5.0
27266,12081,18,2,818.1,0.0
27267,12081,202,1,427.54,0.0
27268,12081,19,1,604.84,5.0
27269,12082,236,1,384.32,0.0
27270,12082,237,1,938.43,0.0
27271,12082,25,2,631.62,15.0
27272,12082,86,1,1193.28,0.0
27273,12083,16,2,973.78,0.0
27274,12083,24,1,584.38,20.0
27275,12083,8,3,542.39,5.0
27276,12083,18,1,818.1,0.0
27277,12084,20,1,339.73,0.0
27278,12084,29,3,981.65,0.0
27279,12085,19,1,604.84,0.0
27280,12085,38,1,1016.34,15.0
27281,12085,252,2,686.58,10.0
27282,12086,46,1,854.22,0.0
27283,12086,36,1,72.7,5.0
27284,12087,173,1,665.55,0.0
27285,12087,46,1,854.22,0.0
27286,12087,26,1,204.87,0.0
27287,12088,49,1,1020.52,0.0
27288,12089,145,2,916.31,0.0
27289,12090,149,1,668.87,0.0
27290,12090,100,1,645.31,0.0
27291,12091,13,1,800.5,0.0
27292,12091,37,1,1009.52,10.0
27293,12091,31,1,185.47,0.0
27294,12091,27,1,287.02,15.0
27295,12092,41,3,176.54,0.0
27296,12092,18,1,818.1,10.0
27297,12093,35,3,633.08,0.0
27298,12093,49,3,1020.52,0.0
27299,12094,21,3,851.91,5.0
27300,12094,29,2,981.65,0.0
27301,12095,28,1,662.55,20.0
27302,12095,138,2,285.18,0.0
27303,12096,248,1,249.31,0.0
27304,12096,21,1,851.91,0.0
27305,12096,46,1,854.22,10.0
27306,12096,4,2,583.61,0.0
27307,12097,1,2,643.08,0.0
27308,12098,3,2,557.91,10.0
27309,12098,16,1,973.78,0.0
27310,12098,34,2,43.21,0.0
27311,12099,47,2,459.02,20.0
27312,12099,99,1,255.18,0.0
27313,12099,41,1,176.54,0.0
27314,12099,179,1,990.0,10.0
27315,12099,200,3,731.51,0.0
27316,12100,38,1,1016.34,0.0
27317,12100,236,1,384.32,0.0
27318,12100,20,1,339.73,5.0
27319,12101,44,1,930.25,20.0
27320,12101,42,2,880.29,0.0
27321,12101,201,1,232.35,0.0
27322,12101,30,1,658.15,5.0
27323,12102,38,1,1016.34,5.0
27324,12102,113,2,1162.63,15.0
27325,12103,37,2,1009.52,0.0
27326,12103,10,2,132.89,0.0
27327,12104,36,2,72.7,0.0
27328,12105,10,1,132.89,0.0
27329,12105,44,1,930.25,0.0
27330,12106,12,2,677.11,5.0
27331,12107,23,1,236.54,0.0
27332,12108,38,2,1016.34,5.0
27333,12108,194,1,328.13,0.0
27334,12109,31,2,185.47,0.0
27335,12109,23,1,236.54,0.0
27336,12110,158,1,334.84,0.0
27337,12110,2,1,394.13,0.0
27338,12110,234,1,670.43,0.0
27339,12111,36,1,72.7,0.0
27340,12112,9,1,217.62,0.0
27341,12112,45,1,456.92,0.0
27342,12112,15,1,255.83,0.0
27343,12113,4,2,583.61,0.0
27344,12113,25,1,631.62,0.0
27345,12114,23,1,236.54,0.0
27346,12114,29,2,981.65,0.0
27347,12114,38,1,1016.34,0.0
27348,12114,51,1,774.23,0.0
27349,12115,15,2,255.83,0.0
27350,12115,7,1,62.52,0.0
27351,12116,85,1,681.02,10.0
27352,12116,45,1,456.92,0.0
27353,12116,35,1,633.08,5.0
27354,12117,9,3,217.62,0.0
27355,12118,48,4,358.48,5.0
27356,12118,34,1,43.21,0.0
27357,12119,234,1,670.43,20.0
27358,12119,49,2,1020.52,10.0
27359,12119,141,1,991.87,0.0
27360,12119,30,4,658.15,0.0
27361,12120,43,3,935.97,5.0
27362,12120,16,1,973.78,0.0
27363,12120,52,1,994.18,20.0
27364,12120,132,2,758.96,0.0
27365,12120,27,4,287.02,15.0
27366,12121,2,1,394.13,0.0
27367,12121,17,2,173.9,0.0
27368,12121,48,2,358.48,0.0
27369,12122,50,1,994.53,10.0
27370,12122,173,1,665.55,0.0
27371,12122,22,1,457.79,10.0
27372,12122,25,1,631.62,0.0
27373,12123,15,1,255.83,0.0
27374,12123,43,1,935.97,0.0
27375,12124,48,1,358.48,0.0
27376,12124,40,1,520.37,0.0
27377,12125,1,1,643.08,0.0
27378,12125,21,2,851.91,0.0
27379,12126,6,3,34.19,0.0
27380,12126,254,1,1202.51,20.0
27381,12127,49,2,1020.52,0.0
27382,12128,34,1,43.21,0.0
27383,12128,6,1,34.19,0.0
27384,12128,12,1,677.11,0.0
27385,12129,41,2,176.54,10.0
27386,12129,16,1,973.78,0.0
27387,12129,3,1,557.91,15.0
27388,12129,49,1,1020.52,0.0
27389,12130,13,1,800.5,0.0
27390,12131,46,1,854.22,0.0
27391,12131,62,2,77.39,0.0
27392,12131,85,3,681.02,10.0
27393,12132,198,1,904.38,5.0
27394,12132,25,4,631.62,20.0
27395,12132,116,1,209.21,0.0
27396,12133,42,1,880.29,0.0
27397,12133,14,2,149.0,20.0
27398,12133,44,2,930.25,0.0
27399,12134,17,1,173.9,10.0
27400,12134,37,2,1009.52,0.0
27401,12135,51,2,774.23,0.0
27402,12136,200,2,731.51,5.0
27403,12136,20,1,339.73,0.0
27404,12137,15,1,255.83,0.0
27405,12137,17,1,173.9,15.0
27406,12138,28,1,662.55,0.0
27407,12139,173,1,665.55,0.0
27408,12139,48,1,358.48,0.0
27409,12140,195,1,549.52,5.0
27410,12140,30,2,658.15,0.0
27411,12140,15,1,255.83,0.0
27412,12140,36,3,72.7,0.0
27413,12141,105,1,888.35,0.0
27414,12141,256,1,83.37,20.0
27415,12141,147,1,490.87,0.0
27416,12141,40,2,520.37,0.0
27417,12141,213,1,50.55,0.0
27418,12142,7,1,62.52,0.0
27419,12142,84,1,564.13,10.0
27420,12142,33,1,947.92,0.0
27421,12142,19,1,604.84,0.0
27422,12142,15,1,255.83,0.0
27423,12143,42,3,880.29,10.0
27424,12143,39,1,758.76,0.0
27425,12144,42,3,880.29,0.0
27426,12144,45,1,456.92,0.0
27427,12145,47,1,459.02,10.0
27428,12146,129,1,44.87,0.0
27429,12147,202,1,427.54,0.0
27430,12148,45,1,456.92,5.0
27431,12149,45,2,456.92,0.0
27432,12149,28,4,662.55,15.0
27433,12149,38,1,1016.34,0.0
27434,12150,41,1,176.54,0.0
27435,12151,96,2,1121.55,15.0
27436,12151,50,1,994.53,5.0
27437,12152,174,2,911.18,0.0
27438,12152,150,1,196.9,0.0
27439,12152,185,2,339.91,20.0
27440,12152,39,2,758.76,0.0
27441,12153,12,1,677.11,5.0
27442,12153,13,1,800.5,5.0
27443,12154,48,1,358.48,5.0
27444,12154,6,1,34.19,5.0
27445,12155,26,1,204.87,5.0
27446,12156,5,1,597.45,0.0
27447,12156,28,2,662.55,0.0
27448,12156,22,4,457.79,0.0
27449,12157,36,2,72.7,0.0
27450,12157,20,1,339.73,0.0
27451,12157,9,3,217.62,0.0
27452,12158,44,1,930.25,0.0
27453,12159,49,2,1020.52,0.0
27454,12159,39,1,758.76,0.0
27455,12159,19,1,604.84,0.0
27456,12159,90,1,491.54,0.0
27457,12159,47,4,459.02,15.0
27458,12160,3,1,557.91,0.0
27459,12160,15,2,255.83,10.0
27460,12161,52,2,994.18,5.0
27461,12161,3,1,557.91,0.0
27462,12162,17,1,173.9,0.0
27463,12162,25,2,631.62,0.0
27464,12162,52,1,994.18,5.0
27465,12163,41,3,176.54,5.0
27466,12163,232,1,968.09,0.0
27467,12164,54,1,21.31,10.0
27468,12164,229,3,54.7,5.0
27469,12164,25,1,631.62,0.0
27470,12165,232,1,968.09,0.0
27471,12165,20,3,339.73,0.0
27472,12166,43,1,935.97,5.0
27473,12166,7,2,62.52,0.0
27474,12166,3,1,557.91,0.0
27475,12167,12,1,677.11,5.0
27476,12167,48,1,358.48,0.0
27477,12167,15,2,255.83,20.0
27478,12168,14,1,149.0,0.0
27479,12169,59,2,251.22,0.0
27480,12169,2,2,394.13,0.0
27481,12170,42,3,880.29,0.0
27482,12170,35,3,633.08,0.0
27483,12170,48,1,358.48,5.0
27484,12171,5,1,597.45,0.0
27485,12171,46,1,854.22,0.0
27486,12171,7,1,62.52,5.0
27487,12171,47,3,459.02,15.0
27488,12172,21,1,851.91,0.0
27489,12172,249,4,229.0,0.0
27490,12173,25,2,631.62,0.0
27491,12174,35,3,633.08,0.0
27492,12174,52,1,994.18,5.0
27493,12175,51,1,774.23,20.0
27494,12175,155,1,438.96,15.0
27495,12175,233,3,27.46,0.0
27496,12175,30,1,658.15,0.0
27497,12175,50,4,994.53,0.0
27498,12176,51,1,774.23,0.0
27499,12176,19,1,604.84,0.0
27500,12177,17,1,173.9,0.0
27501,12177,7,2,62.52,15.0
27502,12178,4,2,583.61,10.0
27503,12178,24,1,584.38,0.0
27504,12178,44,1,930.25,0.0
27505,12178,8,2,542.39,0.0
27506,12178,34,1,43.21,0.0
27507,12179,30,4,658.15,0.0
27508,12180,230,1,948.25,0.0
27509,12180,51,1,774.23,0.0
27510,12180,48,1,358.48,0.0
27511,12180,3,1,557.91,10.0
27512,12181,14,2,149.0,0.0
27513,12181,38,1,1016.34,20.0
27514,12182,36,1,72.7,0.0
27515,12182,9,4,217.62,0.0
27516,12182,227,2,342.68,5.0
27517,12183,187,2,215.12,0.0
27518,12183,51,3,774.23,10.0
27519,12184,16,1,973.78,15.0
27520,12184,7,1,62.52,0.0
27521,12185,7,1,62.52,5.0
27522,12185,208,1,1182.18,0.0
27523,12186,46,1,854.22,0.0
27524,12187,38,1,1016.34,0.0
27525,12188,28,1,662.55,20.0
27526,12189,5,1,597.45,0.0
27527,12190,14,1,149.0,0.0
27528,12191,12,1,677.11,0.0
27529,12192,50,1,994.53,10.0
27530,12193,27,2,287.02,20.0
27531,12193,61,1,882.1,0.0
27532,12193,2,1,394.13,0.0
27533,12194,2,3,394.13,0.0
27534,12194,20,3,339.73,20.0
27535,12195,19,3,604.84,15.0
27536,12196,28,3,662.55,0.0
27537,12196,33,2,947.92,0.0
27538,12196,40,2,520.37,10.0
27539,12196,5,1,597.45,0.0
27540,12196,30,4,658.15,0.0
27541,12197,21,1,851.91,0.0
27542,12197,33,1,947.92,15.0
27543,12197,46,1,854.22,0.0
27544,12198,35,1,633.08,10.0
27545,12198,46,1,854.22,0.0
27546,12199,20,1,339.73,0.0
27547,12200,26,1,204.87,0.0
27548,12201,80,1,275.45,5.0
27549,12201,15,2,255.83,0.0
27550,12202,34,4,43.21,20.0
27551,12202,220,2,850.53,0.0
27552,12202,11,3,202.6,0.0
27553,12203,34,2,43.21,0.0
27554,12203,7,1,62.52,0.0
27555,12204,184,2,196.43,10.0
27556,12205,211,2,1092.93,0.0
27557,12205,22,2,457.79,15.0
27558,12205,49,3,1020.52,0.0
27559,12206,39,2,758.76,0.0
27560,12207,32,1,320.79,0.0
27561,12207,14,4,149.0,0.0
27562,12207,237,3,938.43,0.0
27563,12207,30,2,658.15,0.0
27564,12207,41,1,176.54,0.0
27565,12208,182,2,653.31,0.0
27566,12208,1,1,643.08,0.0
27567,12208,102,1,352.97,0.0
27568,12209,73,1,831.13,0.0
27569,12210,31,1,185.47,10.0
27570,12210,7,1,62.52,0.0
27571,12210,1,1,643.08,10.0
27572,12210,26,5,204.87,0.0
27573,12211,34,2,43.21,0.0
27574,12211,48,1,358.48,0.0
27575,12211,23,1,236.54,20.0
27576,12211,41,1,176.54,10.0
27577,12212,7,1,62.52,0.0
27578,12212,51,2,774.23,0.0
27579,12212,22,1,457.79,0.0
27580,12213,137,2,424.86,0.0
27581,12213,29,1,981.65,5.0
27582,12214,45,3,456.92,0.0
27583,12214,11,1,202.6,0.0
27584,12214,38,1,1016.34,0.0
27585,12214,29,1,981.65,0.0
27586,12215,28,2,662.55,5.0
27587,12215,21,1,851.91,0.0
27588,12216,27,3,287.02,10.0
27589,12217,9,1,217.62,0.0
27590,12217,4,2,583.61,0.0
27591,12218,46,1,854.22,15.0
27592,12218,29,1,981.65,5.0
27593,12219,26,2,204.87,5.0
27594,12219,12,1,677.11,5.0
27595,12219,35,1,633.08,5.0
27596,12220,15,3,255.83,0.0
27597,12220,2,1,394.13,0.0
27598,12221,14,2,149.0,0.0
27599,12221,106,1,65.61,0.0
27600,12221,184,1,196.43,0.0
27601,12222,36,3,72.7,0.0
27602,12222,25,2,631.62,5.0
27603,12222,16,1,973.78,0.0
27604,12222,15,2,255.83,0.0
27605,12222,9,1,217.62,0.0
27606,12223,25,1,631.62,0.0
27607,12224,39,4,758.76,0.0
27608,12224,26,1,204.87,0.0
27609,12224,19,1,604.84,0.0
27610,12225,38,3,1016.34,20.0
27611,12226,24,3,584.38,0.0
27612,12226,48,1,358.48,0.0
27613,12226,19,1,604.84,15.0
27614,12226,195,1,549.52,0.0
27615,12227,31,1,185.47,0.0
27616,12227,2,1,394.13,0.0
27617,12228,48,1,358.48,5.0
27618,12229,164,3,211.12,0.0
27619,12230,11,3,202.6,15.0
27620,12230,49,2,1020.52,0.0
27621,12231,103,1,656.03,0.0
27622,12231,49,1,1020.52,0.0
27623,12232,56,1,776.63,0.0
27624,12232,26,1,204.87,0.0
27625,12233,26,2,204.87,0.0
27626,12234,128,1,1064.68,0.0
27627,12234,8,1,542.39,5.0
27628,12235,3,1,557.91,0.0
27629,12235,31,3,185.47,0.0
27630,12236,212,3,665.42,0.0
27631,12237,17,1,173.9,0.0
27632,12238,115,2,625.25,0.0
27633,12238,52,1,994.18,0.0
27634,12239,178,2,512.5,0.0
27635,12239,20,1,339.73,20.0
27636,12239,43,1,935.97,5.0
27637,12240,49,1,1020.52,5.0
27638,12241,26,1,204.87,0.0
27639,12241,43,1,935.97,0.0
27640,12242,35,1,633.08,0.0
27641,12242,4,2,583.61,0.0
27642,12243,133,1,245.7,0.0
27643,12243,46,2,854.22,0.0
27644,12243,50,1,994.53,0.0
27645,12243,25,1,631.62,0.0
27646,12244,45,1,456.92,0.0
27647,12244,29,2,981.65,5.0
27648,12244,172,2,225.41,0.0
27649,12245,226,2,855.84,0.0
27650,12246,32,1,320.79,0.0
27651,12246,207,1,991.04,5.0
27652,12247,29,1,981.65,20.0
27653,12247,123,1,272.6,15.0
27654,12248,45,1,456.92,0.0
27655,12248,17,2,173.9,0.0
27656,12249,35,3,633.08,0.0
27657,12249,11,1,202.6,5.0
27658,12249,32,2,320.79,0.0
27659,12250,5,1,597.45,10.0
27660,12250,47,1,459.02,0.0
27661,12251,51,1,774.23,10.0
27662,12252,47,3,459.02,0.0
27663,12253,20,2,339.73,10.0
27664,12253,222,1,752.95,10.0
27665,12253,49,1,1020.52,0.0
27666,12253,43,1,935.97,0.0
27667,12253,105,2,888.35,0.0
27668,12254,167,2,356.11,0.0
27669,12255,135,2,277.82,0.0
27670,12256,15,2,255.83,15.0
27671,12257,51,2,774.23,0.0
27672,12257,25,2,631.62,0.0
27673,12257,170,1,814.48,0.0
27674,12258,39,1,758.76,20.0
27675,12259,32,2,320.79,0.0
27676,12259,242,1,1105.36,0.0
27677,12260,2,1,394.13,0.0
27678,12260,20,1,339.73,0.0
27679,12261,47,2,459.02,10.0
27680,12262,33,1,947.92,0.0
27681,12262,22,3,457.79,5.0
27682,12263,256,2,83.37,0.0
27683,12263,1,1,643.08,0.0
27684,12264,45,2,456.92,5.0
27685,12265,15,1,255.83,0.0
27686,12265,119,1,891.47,0.0
27687,12266,24,2,584.38,0.0
27688,12266,23,2,236.54,0.0
27689,12266,28,1,662.55,0.0
27690,12266,214,1,836.23,0.0
27691,12267,40,2,520.37,0.0
27692,12267,16,2,973.78,10.0
27693,12267,44,1,930.25,0.0
27694,12268,131,1,80.3,0.0
27695,12268,39,2,758.76,10.0
27696,12268,30,2,658.15,0.0
27697,12268,50,2,994.53,10.0
27698,12268,60,1,165.23,0.0
27699,12269,4,1,583.61,0.0
27700,12269,26,1,204.87,0.0
27701,12269,42,1,880.29,10.0
27702,12270,20,3,339.73,0.0
27703,12270,32,1,320.79,0.0
27704,12270,125,1,128.01,20.0
27705,12270,1,2,643.08,0.0
27706,12270,11,2,202.6,0.0
27707,12271,33,2,947.92,0.0
27708,12271,6,1,34.19,5.0
27709,12272,23,3,236.54,0.0
27710,12272,39,1,758.76,0.0
27711,12273,4,1,583.61,20.0
27712,12274,24,1,584.38,0.0
27713,12274,42,2,880.29,0.0
27714,12275,51,1,774.23,0.0
27715,12275,32,1,320.79,10.0
27716,12276,6,1,34.19,0.0
27717,12276,28,1,662.55,5.0
27718,12277,1,1,643.08,0.0
27719,12277,45,2,456.92,0.0
27720,12278,36,1,72.7,10.0
27721,12278,10,1,132.89,0.0
27722,12279,45,2,456.92,0.0
27723,12280,14,1,149.0,0.0
27724,12281,22,1,457.79,0.0
27725,12281,12,2,677.11,5.0
27726,12281,25,2,631.62,10.0
27727,12282,29,1,981.65,0.0
27728,12282,11,2,202.6,0.0
27729,12282,230,2,948.25,5.0
27730,12283,15,1,255.83,0.0
27731,12284,1,1,643.08,0.0
27732,12285,48,2,358.48,0.0
27733,12286,238,1,31.94,0.0
27734,12286,43,1,935.97,5.0
27735,12287,51,1,774.23,5.0
27736,12287,222,1,752.95,0.0
27737,12288,2,1,394.13,0.0
27738,12288,45,1,456.92,5.0
27739,12288,19,1,604.84,0.0
27740,12289,20,1,339.73,10.0
27741,12290,238,3,31.94,0.0
27742,12291,82,2,1090.89,0.0
27743,12291,18,1,818.1,0.0
27744,12292,15,2,255.83,0.0
27745,12293,24,2,584.38,0.0
27746,12294,1,1,643.08,5.0
27747,12294,51,4,774.23,0.0
27748,12295,15,1,255.83,0.0
27749,12295,8,1,542.39,0.0
27750,12295,23,1,236.54,0.0
27751,12296,11,1,202.6,0.0
27752,12296,226,1,855.84,0.0
27753,12297,4,1,583.61,0.0
27754,12297,182,1,653.31,0.0
27755,12298,20,1,339.73,15.0
27756,12299,33,2,947.92,10.0
27757,12300,182,2,653.31,0.0
27758,12300,5,1,597.45,0.0
27759,12300,16,1,973.78,0.0
27760,12301,43,1,935.97,0.0
27761,12301,15,3,255.83,10.0
27762,12302,9,1,217.62,5.0
27763,12302,145,1,916.31,0.0
27764,12302,35,2,633.08,0.0
27765,12303,24,2,584.38,0.0
27766,12303,26,2,204.87,0.0
27767,12304,45,2,456.92,0.0
27768,12305,4,1,583.61,0.0
27769,12305,49,1,1020.52,0.0
27770,12306,46,2,854.22,10.0
27771,12307,21,1,851.91,0.0
27772,12307,12,2,677.11,0.0
27773,12307,20,1,339.73,0.0
27774,12307,45,2,456.92,10.0
27775,12308,45,1,456.92,15.0
27776,12308,42,1,880.29,0.0
27777,12308,17,2,173.9,0.0
27778,12309,26,1,204.87,0.0
27779,12309,39,3,758.76,0.0
27780,12309,45,2,456.92,0.0
27781,12310,31,1,185.47,0.0
27782,12311,48,1,358.48,20.0
27783,12311,6,2,34.19,0.0
27784,12311,142,1,89.71,5.0
27785,12311,46,3,854.22,0.0
27786,12312,8,2,542.39,0.0
27787,12312,10,1,132.89,0.0
27788,12313,52,2,994.18,0.0
27789,12314,113,1,1162.63,10.0
27790,12314,20,2,339.73,0.0
27791,12315,7,1,62.52,5.0
27792,12316,72,1,474.04,10.0
27793,12316,33,1,947.92,5.0
27794,12317,12,1,677.11,0.0
27795,12317,22,2,457.79,0.0
27796,12317,201,1,232.35,0.0
27797,12317,123,1,272.6,0.0
27798,12318,105,1,888.35,0.0
27799,12318,47,3,459.02,0.0
27800,12318,203,1,131.33,0.0
27801,12319,20,1,339.73,5.0
27802,12320,11,2,202.6,0.0
27803,12320,18,1,818.1,0.0
27804,12321,32,2,320.79,0.0
27805,12321,20,2,339.73,0.0
27806,12322,2,2,394.13,0.0
27807,12322,49,2,1020.52,0.0
27808,12322,9,2,217.62,10.0
27809,12322,51,2,774.23,0.0
27810,12323,15,4,255.83,10.0
27811,12323,244,2,902.38,0.0
27812,12324,30,1,658.15,0.0
27813,12324,140,2,441.37,10.0
27814,12325,5,1,597.45,0.0
27815,12326,22,3,457.79,0.0
27816,12327,41,1,176.54,0.0
27817,12328,100,2,645.31,10.0
27818,12328,79,4,861.19,0.0
27819,12328,48,1,358.48,0.0
27820,12329,37,2,1009.52,0.0
27821,12329,205,1,227.28,0.0
27822,12330,12,1,677.11,0.0
27823,12330,16,2,973.78,10.0
27824,12330,8,2,542.39,0.0
27825,12330,218,1,658.32,0.0
27826,12331,39,1,758.76,0.0
27827,12331,146,1,1020.84,0.0
27828,12332,90,3,491.54,0.0
27829,12332,9,1,217.62,0.0
27830,12333,37,1,1009.52,0.0
27831,12333,41,1,176.54,10.0
27832,12334,92,2,549.63,20.0
27833,12334,12,1,677.11,0.0
27834,12335,12,1,677.11,20.0
27835,12335,156,1,410.55,10.0
27836,12336,3,1,557.91,0.0
27837,12337,38,2,1016.34,0.0
27838,12338,31,5,185.47,0.0
27839,12338,30,1,658.15,5.0
27840,12338,33,1,947.92,0.0
27841,12338,43,2,935.97,0.0
27842,12339,44,2,930.25,0.0
27843,12339,51,1,774.23,0.0
27844,12340,24,1,584.38,0.0
27845,12340,17,2,173.9,0.0
27846,12341,28,1,662.55,0.0
27847,12342,34,1,43.21,0.0
27848,12342,41,2,176.54,0.0
27849,12342,12,2,677.11,0.0
27850,12343,16,3,973.78,0.0
27851,12343,20,1,339.73,0.0
27852,12344,28,1,662.55,0.0
27853,12345,23,2,236.54,0.0
27854,12345,9,1,217.62,5.0
27855,12345,40,3,520.37,0.0
27856,12345,19,3,604.84,0.0
27857,12346,33,2,947.92,0.0
27858,12346,1,1,643.08,0.0
27859,12347,11,1,202.6,10.0
27860,12347,41,1,176.54,0.0
27861,12347,39,1,758.76,0.0
27862,12348,238,1,31.94,0.0
27863,12348,49,1,1020.52,0.0
27864,12349,35,2,633.08,5.0
27865,12349,12,1,677.11,0.0
27866,12349,218,1,658.32,10.0
27867,12350,49,1,1020.52,0.0
27868,12350,90,1,491.54,0.0
27869,12351,5,1,597.45,5.0
27870,12351,17,1,173.9,20.0
27871,12352,24,4,584.38,0.0
27872,12352,19,1,604.84,0.0
27873,12352,42,1,880.29,0.0
27874,12353,23,1,236.54,10.0
27875,12354,2,1,394.13,0.0
27876,12354,45,1,456.92,5.0
27877,12354,40,2,520.37,5.0
27878,12355,51,1,774.23,15.0
27879,12355,52,2,994.18,0.0
27880,12355,22,3,457.79,0.0
27881,12356,50,1,994.53,0.0
27882,12356,4,4,583.61,10.0
27883,12357,1,2,643.08,0.0
27884,12357,46,2,854.22,20.0
27885,12358,4,1,583.61,0.0
27886,12359,34,4,43.21,0.0
27887,12359,20,1,339.73,10.0
27888,12359,27,3,287.02,0.0
27889,12359,43,1,935.97,10.0
27890,12360,29,1,981.65,15.0
27891,12360,49,1,1020.52,0.0
27892,12361,47,1,459.02,0.0
27893,12362,4,1,583.61,15.0
27894,12362,5,1,597.45,0.0
27895,12362,28,1,662.55,0.0
27896,12363,7,1,62.52,0.0
27897,12363,50,3,994.53,0.0
27898,12363,43,1,935.97,0.0
27899,12363,173,1,665.55,0.0
27900,12364,37,1,1009.52,5.0
27901,12364,38,1,1016.34,5.0
27902,12365,5,1,597.45,10.0
27903,12365,51,1,774.23,5.0
27904,12365,7,1,62.52,0.0
27905,12366,36,1,72.7,0.0
27906,12366,22,1,457.79,20.0
27907,12366,6,4,34.19,10.0
27908,12367,20,1,339.73,0.0
27909,12367,100,1,645.31,0.0
27910,12368,18,1,818.1,0.0
27911,12368,1,1,643.08,5.0
27912,12369,115,1,625.25,0.0
27913,12369,42,2,880.29,20.0
27914,12370,29,1,981.65,0.0
27915,12370,8,2,542.39,0.0
27916,12370,14,2,149.0,0.0
27917,12370,122,1,246.21,0.0
27918,12370,13,2,800.5,15.0
27919,12371,30,1,658.15,0.0
27920,12371,163,1,234.62,0.0
27921,12372,51,2,774.23,0.0
27922,12372,83,2,144.27,0.0
27923,12372,224,5,402.49,0.0
27924,12372,230,1,948.25,0.0
27925,12373,9,1,217.62,15.0
27926,12373,43,5,935.97,0.0
27927,12374,136,1,185.33,0.0
27928,12374,37,1,1009.52,10.0
27929,12375,18,1,818.1,0.0
27930,12375,226,1,855.84,10.0
27931,12375,2,1,394.13,0.0
27932,12376,3,1,557.91,5.0
27933,12376,4,5,583.61,20.0
27934,12376,33,2,947.92,0.0
27935,12377,38,4,1016.34,0.0
27936,12378,232,1,968.09,15.0
27937,12378,36,1,72.7,0.0
27938,12378,230,1,948.25,10.0
27939,12379,22,1,457.79,0.0
27940,12379,48,2,358.48,0.0
27941,12380,1,1,643.08,0.0
27942,12381,117,2,659.17,0.0
27943,12381,39,1,758.76,0.0
27944,12382,51,1,774.23,0.0
27945,12382,44,2,930.25,15.0
27946,12383,31,1,185.47,0.0
27947,12383,126,1,757.74,0.0
27948,12383,47,1,459.02,0.0
27949,12383,158,1,334.84,0.0
27950,12384,22,3,457.79,0.0
27951,12385,26,1,204.87,5.0
27952,12385,47,3,459.02,0.0
27953,12385,33,1,947.92,0.0
27954,12386,47,2,459.02,0.0
27955,12386,32,2,320.79,0.0
27956,12386,42,1,880.29,0.0
27957,12386,23,2,236.54,5.0
27958,12387,51,1,774.23,20.0
27959,12387,52,1,994.18,5.0
27960,12387,3,1,557.91,10.0
27961,12387,27,1,287.02,0.0
27962,12388,13,2,800.5,0.0
27963,12388,51,1,774.23,0.0
27964,12388,122,2,246.21,0.0
27965,12388,58,1,473.18,0.0
27966,12388,38,3,1016.34,5.0
27967,12389,77,1,561.47,0.0
27968,12389,92,2,549.63,0.0
27969,12390,32,1,320.79,0.0
27970,12390,4,1,583.61,10.0
27971,12391,37,2,1009.52,0.0
27972,12391,22,1,457.79,0.0
27973,12392,2,1,394.13,0.0
27974,12393,153,2,378.51,0.0
27975,12393,39,1,758.76,0.0
27976,12393,20,1,339.73,0.0
27977,12394,16,1,973.78,0.0
27978,12394,184,3,196.43,10.0
27979,12395,13,1,800.5,0.0
27980,12395,26,1,204.87,0.0
27981,12395,20,1,339.73,0.0
27982,12396,29,1,981.65,0.0
27983,12397,18,2,818.1,10.0
27984,12397,240,1,81.35,0.0
27985,12397,8,1,542.39,0.0
27986,12398,3,1,557.91,20.0
27987,12398,16,1,973.78,0.0
27988,12399,56,2,776.63,0.0
27989,12400,15,2,255.83,0.0
27990,12401,47,1,459.02,0.0
27991,12401,26,1,204.87,0.0
27992,12402,27,1,287.02,0.0
27993,12402,11,1,202.6,0.0
27994,12403,2,2,394.13,0.0
27995,12403,73,1,831.13,0.0
27996,12404,50,1,994.53,20.0
27997,12404,149,3,668.87,5.0
27998,12405,41,1,176.54,0.0
27999,12405,6,1,34.19,0.0
28000,12405,27,2,287.02,0.0
28001,12406,42,1,880.29,0.0
28002,12406,53,1,873.28,0.0
28003,12406,29,5,981.65,5.0
28004,12406,8,1,542.39,0.0
28005,12406,15,1,255.83,0.0
28006,12407,18,1,818.1,0.0
28007,12407,7,2,62.52,0.0
28008,12407,46,1,854.22,10.0
28009,12407,16,1,973.78,0.0
28010,12408,20,2,339.73,0.0
28011,12408,18,2,818.1,0.0
28012,12409,21,3,851.91,0.0
28013,12410,1,3,643.08,10.0
28014,12410,16,2,973.78,0.0
28015,12411,202,3,427.54,0.0
28016,12411,179,1,990.0,0.0
28017,12411,22,1,457.79,0.0
28018,12412,242,2,1105.36,0.0
28019,12412,104,1,613.34,0.0
28020,12412,38,2,1016.34,0.0
28021,12413,16,1,973.78,0.0
28022,12414,41,1,176.54,15.0
28023,12415,258,1,563.1,0.0
28024,12416,2,1,394.13,5.0
28025,12416,102,1,352.97,15.0
28026,12417,37,3,1009.52,0.0
28027,12418,257,1,118.54,0.0
28028,12418,38,2,1016.34,0.0
28029,12419,7,2,62.52,0.0
28030,12419,105,3,888.35,0.0
28031,12419,8,1,542.39,5.0
28032,12420,9,1,217.62,0.0
28033,12421,209,1,521.49,20.0
28034,12421,33,2,947.92,5.0
28035,12421,173,1,665.55,0.0
28036,12422,35,1,633.08,10.0
28037,12422,190,1,998.17,10.0
28038,12423,21,1,851.91,0.0
28039,12423,3,1,557.91,0.0
28040,12423,8,1,542.39,0.0
28041,12424,17,1,173.9,0.0
28042,12424,11,1,202.6,5.0
28043,12424,53,1,873.28,0.0
28044,12425,37,4,1009.52,10.0
28045,12425,18,1,818.1,0.0
28046,12426,10,1,132.89,0.0
28047,12427,41,2,176.54,0.0
28048,12427,11,1,202.6,0.0
28049,12427,8,1,542.39,0.0
28050,12428,24,2,584.38,0.0
28051,12429,46,1,854.22,0.0
28052,12429,50,1,994.53,15.0
28053,12429,25,4,631.62,0.0
28054,12430,33,1,947.92,0.0
28055,12431,2,2,394.13,0.0
28056,12432,37,2,1009.52,0.0
28057,12433,41,3,176.54,5.0
28058,12433,48,3,358.48,0.0
28059,12434,48,1,358.48,0.0
28060,12434,44,2,930.25,20.0
28061,12434,12,1,677.11,0.0
28062,12435,139,3,544.47,0.0
28063,12435,50,1,994.53,0.0
28064,12436,1,5,643.08,20.0
28065,12437,11,2,202.6,10.0
28066,12438,46,3,854.22,0.0
28067,12438,21,1,851.91,0.0
28068,12438,33,2,947.92,15.0
28069,12439,50,3,994.53,0.0
28070,12440,19,2,604.84,10.0
28071,12441,49,2,1020.52,15.0
28072,12441,14,1,149.0,0.0
28073,12441,45,1,456.92,0.0
28074,12442,21,1,851.91,0.0
28075,12442,126,1,757.74,10.0
28076,12443,193,1,948.3,0.0
28077,12444,6,2,34.19,0.0
28078,12444,15,1,255.83,10.0
28079,12445,44,1,930.25,0.0
28080,12445,22,1,457.79,20.0
28081,12445,38,3,1016.34,5.0
28082,12445,49,1,1020.52,5.0
28083,12446,4,1,583.61,0.0
28084,12447,85,1,681.02,0.0
28085,12447,49,4,1020.52,0.0
28086,12447,10,3,132.89,0.0
28087,12448,69,2,819.14,10.0
28088,12449,35,1,633.08,0.0
28089,12450,13,1,800.5,0.0
28090,12450,20,1,339.73,0.0
28091,12451,17,1,173.9,0.0
28092,12451,133,1,245.7,20.0
28093,12452,23,1,236.54,0.0
28094,12452,14,2,149.0,0.0
28095,12452,20,2,339.73,0.0
28096,12453,149,1,668.87,5.0
28097,12453,76,1,920.83,0.0
28098,12454,46,1,854.22,0.0
28099,12455,44,1,930.25,5.0
28100,12456,15,1,255.83,0.0
28101,12456,20,1,339.73,20.0
28102,12456,19,1,604.84,15.0
28103,12457,42,1,880.29,0.0
28104,12458,25,1,631.62,0.0
28105,12459,15,1,255.83,0.0
28106,12459,32,2,320.79,15.0
28107,12460,42,1,880.29,0.0
28108,12461,40,2,520.37,0.0
28109,12461,39,2,758.76,20.0
28110,12462,13,5,800.5,0.0
28111,12462,23,1,236.54,0.0
28112,12463,20,1,339.73,10.0
28113,12463,41,2,176.54,0.0
28114,12463,16,1,973.78,0.0
28115,12464,47,4,459.02,0.0
28116,12465,45,2,456.92,0.0
28117,12465,3,1,557.91,0.0
28118,12466,35,1,633.08,15.0
28119,12467,31,2,185.47,0.0
28120,12467,14,1,149.0,5.0
28121,12468,6,2,34.19,0.0
28122,12468,35,1,633.08,0.0
28123,12468,34,1,43.21,0.0
28124,12468,12,1,677.11,10.0
28125,12468,52,1,994.18,0.0
28126,12469,245,1,396.55,0.0
28127,12469,46,2,854.22,0.0
28128,12469,35,2,633.08,0.0
28129,12470,20,1,339.73,0.0
28130,12470,49,2,1020.52,5.0
28131,12471,168,1,838.87,0.0
28132,12471,47,1,459.02,0.0
28133,12471,4,1,583.61,0.0
28134,12472,7,2,62.52,0.0
28135,12472,9,2,217.62,0.0
28136,12472,249,1,229.0,0.0
28137,12472,27,1,287.02,15.0
28138,12472,1,2,643.08,10.0
28139,12473,27,2,287.02,0.0
28140,12474,25,1,631.62,0.0
28141,12475,38,1,1016.34,0.0
28142,12476,44,1,930.25,0.0
28143,12476,82,1,1090.89,0.0
28144,12477,43,1,935.97,0.0
28145,12477,221,1,294.07,0.0
28146,12478,13,1,800.5,15.0
28147,12478,11,1,202.6,0.0
28148,12479,38,1,1016.34,0.0
28149,12480,10,1,132.89,15.0
28150,12480,28,2,662.55,0.0
28151,12481,1,2,643.08,0.0
28152,12482,177,2,592.34,0.0
28153,12482,7,4,62.52,0.0
28154,12482,6,1,34.19,0.0
28155,12483,26,1,204.87,0.0
28156,12483,35,2,633.08,0.0
28157,12484,15,1,255.83,20.0
28158,12484,138,2,285.18,0.0
28159,12484,26,1,204.87,0.0
28160,12484,5,2,597.45,0.0
28161,12485,55,1,479.69,20.0
28162,12486,205,1,227.28,0.0
28163,12487,29,2,981.65,0.0
28164,12488,82,2,1090.89,20.0
28165,12489,105,1,888.35,0.0
28166,12490,32,1,320.79,0.0
28167,12491,150,1,196.9,0.0
28168,12491,58,1,473.18,10.0
28169,12491,173,1,665.55,10.0
28170,12491,33,1,947.92,0.0
28171,12492,48,1,358.48,0.0
28172,12492,28,1,662.55,10.0
28173,12493,24,1,584.38,0.0
28174,12493,248,2,249.31,10.0
28175,12493,48,1,358.48,0.0
28176,12493,199,1,989.05,0.0
28177,12494,25,2,631.62,0.0
28178,12494,17,2,173.9,0.0
28179,12494,50,1,994.53,0.0
28180,12495,11,1,202.6,15.0
28181,12495,48,1,358.48,20.0
28182,12495,16,1,973.78,0.0
28183,12496,35,2,633.08,0.0
28184,12497,10,1,132.89,0.0
28185,12497,1,1,643.08,0.0
28186,12497,11,3,202.6,0.0
28187,12497,49,2,1020.52,0.0
28188,12498,11,2,202.6,10.0
28189,12498,213,3,50.55,0.0
28190,12498,105,1,888.35,0.0
28191,12498,6,1,34.19,0.0
28192,12498,70,1,532.42,10.0
28193,12499,19,1,604.84,0.0
28194,12499,111,1,932.22,0.0
28195,12500,4,1,583.61,15.0
28196,12501,127,1,711.21,0.0
28197,12502,11,4,202.6,0.0
28198,12502,35,1,633.08,0.0
28199,12502,26,2,204.87,0.0
28200,12503,33,2,947.92,0.0
28201,12503,231,1,765.07,0.0
28202,12503,41,3,176.54,0.0
28203,12504,33,1,947.92,10.0
28204,12504,47,2,459.02,0.0
28205,12505,1,2,643.08,0.0
28206,12506,22,2,457.79,0.0
28207,12506,109,1,663.14,0.0
28208,12506,8,3,542.39,0.0
28209,12506,37,1,1009.52,0.0
28210,12506,13,2,800.5,0.0
28211,12507,49,3,1020.52,0.0
28212,12507,23,1,236.54,0.0
28213,12508,16,5,973.78,10.0
28214,12509,45,1,456.92,0.0
28215,12509,92,4,549.63,15.0
28216,12510,10,1,132.89,0.0
28217,12510,258,1,563.1,0.0
28218,12510,5,2,597.45,0.0
28219,12510,27,1,287.02,0.0
28220,12511,20,1,339.73,15.0
28221,12511,79,1,861.19,0.0
28222,12511,23,2,236.54,0.0
28223,12512,12,2,677.11,0.0
28224,12512,33,1,947.92,0.0
28225,12512,22,1,457.79,0.0
28226,12512,24,1,584.38,0.0
28227,12513,32,5,320.79,0.0
28228,12513,36,1,72.7,5.0
28229,12513,20,1,339.73,15.0
28230,12513,162,3,82.72,0.0
28231,12513,226,1,855.84,0.0
28232,12514,34,4,43.21,5.0
28233,12514,24,1,584.38,15.0
28234,12515,5,2,597.45,0.0
28235,12515,16,2,973.78,0.0
28236,12515,39,1,758.76,0.0
28237,12516,46,1,854.22,0.0
28238,12517,43,2,935.97,0.0
28239,12518,50,1,994.53,0.0
28240,12519,48,1,358.48,0.0
28241,12519,159,1,220.27,0.0
28242,12519,33,1,947.92,5.0
28243,12520,133,1,245.7,0.0
28244,12520,112,2,1017.21,10.0
28245,12520,6,1,34.19,5.0
28246,12521,2,1,394.13,0.0
28247,12522,41,1,176.54,0.0
28248,12522,155,3,438.96,0.0
28249,12523,3,1,557.91,0.0
28250,12524,247,1,774.56,0.0
28251,12525,18,2,818.1,0.0
28252,12525,37,1,1009.52,10.0
28253,12526,224,1,402.49,0.0
28254,12526,37,1,1009.52,10.0
28255,12527,30,2,658.15,0.0
28256,12527,29,1,981.65,0.0
28257,12527,17,1,173.9,20.0
28258,12528,25,2,631.62,10.0
28259,12529,38,1,1016.34,0.0
28260,12530,41,1,176.54,5.0
28261,12530,10,2,132.89,0.0
28262,12530,22,2,457.79,0.0
28263,12531,58,1,473.18,0.0
28264,12531,10,3,132.89,15.0
28265,12531,43,1,935.97,0.0
28266,12531,33,1,947.92,0.0
28267,12531,17,1,173.9,0.0
28268,12532,19,1,604.84,0.0
28269,12532,7,2,62.52,5.0
28270,12533,15,4,255.83,5.0
28271,12533,44,5,930.25,0.0
28272,12534,26,3,204.87,0.0
28273,12534,37,1,1009.52,15.0
28274,12535,35,2,633.08,20.0
28275,12535,20,1,339.73,0.0
28276,12535,2,1,394.13,10.0
28277,12536,1,1,643.08,0.0
28278,12536,163,1,234.62,0.0
28279,12537,6,1,34.19,0.0
28280,12537,239,1,269.05,0.0
28281,12537,2,2,394.13,5.0
28282,12538,30,1,658.15,0.0
28283,12538,24,1,584.38,5.0
28284,12538,13,1,800.5,0.0
28285,12539,20,1,339.73,20.0
28286,12539,3,3,557.91,10.0
28287,12540,50,3,994.53,0.0
28288,12541,2,1,394.13,0.0
28289,12542,32,1,320.79,0.0
28290,12542,20,1,339.73,0.0
28291,12543,34,3,43.21,0.0
28292,12544,213,1,50.55,0.0
28293,12544,50,3,994.53,20.0
28294,12545,23,2,236.54,0.0
28295,12545,14,1,149.0,0.0
28296,12546,30,2,658.15,0.0
28297,12546,83,1,144.27,10.0
28298,12546,32,3,320.79,0.0
28299,12547,25,1,631.62,0.0
28300,12548,12,1,677.11,10.0
28301,12548,257,2,118.54,0.0
28302,12549,155,1,438.96,0.0
28303,12549,4,1,583.61,0.0
28304,12550,108,3,306.47,10.0
28305,12550,2,1,394.13,0.0
28306,12551,33,2,947.92,0.0
28307,12551,32,3,320.79,0.0
28308,12551,4,1,583.61,0.0
28309,12551,34,1,43.21,0.0
28310,12551,31,1,185.47,0.0
28311,12552,44,2,930.25,0.0
28312,12552,9,1,217.62,0.0
28313,12553,16,3,973.78,0.0
28314,12553,35,1,633.08,0.0
28315,12553,223,1,389.43,0.0
28316,12554,36,2,72.7,5.0
28317,12554,46,2,854.22,15.0
28318,12555,42,3,880.29,15.0
28319,12555,2,2,394.13,20.0
28320,12555,1,1,643.08,15.0
28321,12555,43,1,935.97,5.0
28322,12556,31,2,185.47,0.0
28323,12556,18,2,818.1,0.0
28324,12557,233,1,27.46,5.0
28325,12557,50,2,994.53,10.0
28326,12557,39,1,758.76,0.0
28327,12557,56,1,776.63,0.0
28328,12558,32,1,320.79,15.0
28329,12559,231,2,765.07,0.0
28330,12559,195,1,549.52,5.0
28331,12559,112,2,1017.21,0.0
28332,12560,30,1,658.15,0.0
28333,12560,29,5,981.65,10.0
28334,12561,96,1,1121.55,5.0
28335,12561,20,5,339.73,0.0
28336,12562,40,1,520.37,0.0
28337,12562,42,5,880.29,10.0
28338,12563,23,3,236.54,15.0
28339,12563,29,1,981.65,5.0
28340,12564,34,1,43.21,0.0
28341,12564,29,2,981.65,0.0
28342,12565,37,1,1009.52,0.0
28343,12565,22,1,457.79,0.0
28344,12566,18,2,818.1,0.0
28345,12567,44,2,930.25,0.0
28346,12567,20,1,339.73,0.0
28347,12568,15,1,255.83,0.0
28348,12569,10,4,132.89,0.0
28349,12570,35,1,633.08,0.0
28350,12570,29,1,981.65,0.0
28351,12571,34,2,43.21,0.0
28352,12571,52,2,994.18,0.0
28353,12571,226,2,855.84,0.0
28354,12572,29,1,981.65,0.0
28355,12572,45,1,456.92,0.0
28356,12572,20,1,339.73,10.0
28357,12573,21,1,851.91,10.0
28358,12574,25,1,631.62,0.0
28359,12574,3,1,557.91,20.0
28360,12574,38,3,1016.34,0.0
28361,12574,23,1,236.54,0.0
28362,12575,154,1,667.55,0.0
28363,12575,12,3,677.11,0.0
28364,12575,7,2,62.52,0.0
28365,12576,4,1,583.61,0.0
28366,12576,20,2,339.73,15.0
28367,12577,49,1,1020.52,5.0
28368,12577,38,3,1016.34,0.0
28369,12578,37,2,1009.52,0.0
28370,12579,11,2,202.6,0.0
28371,12579,44,1,930.25,0.0
28372,12580,47,1,459.02,0.0
28373,12580,23,1,236.54,0.0
28374,12580,1,1,643.08,0.0
28375,12581,20,1,339.73,0.0
28376,12582,2,1,394.13,0.0
28377,12583,29,3,981.65,0.0
28378,12583,39,1,758.76,0.0
28379,12583,47,3,459.02,0.0
28380,12584,52,2,994.18,0.0
28381,12584,6,1,34.19,0.0
28382,12585,8,1,542.39,0.0
28383,12586,49,1,1020.52,0.0
28384,12586,28,2,662.55,0.0
28385,12586,81,1,77.19,0.0
28386,12586,67,1,808.59,10.0
28387,12587,5,2,597.45,10.0
28388,12587,1,3,643.08,0.0
28389,12588,54,3,21.31,0.0
28390,12588,258,1,563.1,0.0
28391,12588,47,1,459.02,0.0
28392,12589,36,1,72.7,0.0
28393,12590,38,2,1016.34,0.0
28394,12591,34,3,43.21,0.0
28395,12591,46,1,854.22,5.0
28396,12592,35,1,633.08,0.0
28397,12592,211,2,1092.93,0.0
28398,12593,1,1,643.08,0.0
28399,12593,14,1,149.0,10.0
28400,12593,35,1,633.08,0.0
28401,12593,19,1,604.84,10.0
28402,12594,48,1,358.48,10.0
28403,12594,217,2,308.65,0.0
28404,12594,142,1,89.71,0.0
28405,12595,6,1,34.19,0.0
28406,12595,36,3,72.7,20.0
28407,12596,44,5,930.25,0.0
28408,12596,163,2,234.62,0.0
28409,12597,151,1,662.95,10.0
28410,12597,57,1,966.47,0.0
28411,12597,29,1,981.65,0.0
28412,12597,5,1,597.45,0.0
28413,12598,51,1,774.23,0.0
28414,12598,25,1,631.62,0.0
28415,12599,43,3,935.97,5.0
28416,12599,21,3,851.91,20.0
28417,12600,28,2,662.55,0.0
28418,12600,97,1,38.5,20.0
28419,12600,36,1,72.7,0.0
28420,12600,13,1,800.5,0.0
28421,12601,6,5,34.19,10.0
28422,12601,22,1,457.79,0.0
28423,12602,135,2,277.82,10.0
28424,12603,93,1,626.68,20.0
28425,12603,23,1,236.54,0.0
28426,12604,27,3,287.02,0.0
28427,12604,51,1,774.23,0.0
28428,12605,40,1,520.37,0.0
28429,12605,168,1,838.87,20.0
28430,12605,183,1,473.71,0.0
28431,12606,1,1,643.08,0.0
28432,12606,81,1,77.19,0.0
28433,12606,42,2,880.29,10.0
28434,12606,11,2,202.6,5.0
28435,12606,13,1,800.5,10.0
28436,12607,13,3,800.5,0.0
28437,12608,9,2,217.62,5.0
28438,12609,34,1,43.21,0.0
28439,12609,47,2,459.02,15.0
28440,12610,47,1,459.02,0.0
28441,12610,23,2,236.54,0.0
28442,12610,34,1,43.21,20.0
28443,12611,48,1,358.48,0.0
28444,12612,3,4,557.91,0.0
28445,12612,93,1,626.68,5.0
28446,12612,10,1,132.89,0.0
28447,12612,40,1,520.37,0.0
28448,12613,7,1,62.52,0.0
28449,12613,38,2,1016.34,0.0
28450,12613,47,2,459.02,0.0
28451,12613,1,2,643.08,0.0
28452,12613,41,2,176.54,10.0
28453,12614,79,2,861.19,0.0
28454,12615,9,1,217.62,5.0
28455,12615,16,2,973.78,10.0
28456,12615,23,1,236.54,10.0
28457,12616,3,2,557.91,0.0
28458,12617,42,1,880.29,20.0
28459,12617,3,1,557.91,0.0
28460,12617,43,2,935.97,10.0
28461,12618,117,1,659.17,0.0
28462,12619,26,3,204.87,0.0
28463,12620,246,1,835.26,0.0
28464,12620,20,3,339.73,0.0
28465,12620,35,1,633.08,0.0
28466,12621,99,1,255.18,0.0
28467,12621,16,3,973.78,0.0
28468,12621,28,1,662.55,0.0
28469,12621,39,2,758.76,0.0
28470,12622,27,1,287.02,5.0
28471,12622,2,1,394.13,10.0
28472,12622,26,1,204.87,0.0
28473,12623,11,2,202.6,15.0
28474,12624,42,2,880.29,0.0
28475,12624,39,1,758.76,10.0
28476,12624,12,1,677.11,0.0
28477,12624,14,2,149.0,0.0
28478,12625,249,2,229.0,0.0
28479,12625,32,3,320.79,0.0
28480,12625,9,2,217.62,15.0
28481,12625,16,1,973.78,20.0
28482,12626,34,1,43.21,0.0
28483,12627,26,1,204.87,20.0
28484,12627,16,2,973.78,0.0
28485,12627,11,1,202.6,0.0
28486,12628,21,1,851.91,0.0
28487,12628,219,1,503.95,5.0
28488,12628,3,1,557.91,0.0
28489,12629,47,1,459.02,10.0
28490,12629,20,1,339.73,0.0
28491,12629,5,1,597.45,0.0
28492,12630,30,1,658.15,5.0
28493,12631,188,1,720.38,15.0
28494,12631,12,1,677.11,15.0
28495,12631,1,1,643.08,0.0
28496,12631,32,3,320.79,0.0
28497,12632,26,1,204.87,5.0
28498,12633,32,2,320.79,15.0
28499,12633,216,1,929.01,0.0
28500,12633,12,1,677.11,0.0
28501,12634,3,2,557.91,10.0
28502,12634,47,2,459.02,0.0
28503,12634,16,1,973.78,0.0
28504,12635,144,1,927.22,15.0
28505,12635,8,1,542.39,0.0
28506,12635,1,1,643.08,0.0
28507,12636,25,1,631.62,20.0
28508,12636,7,2,62.52,15.0
28509,12637,21,1,851.91,0.0
28510,12637,251,1,395.15,20.0
28511,12637,41,1,176.54,0.0
28512,12638,12,1,677.11,15.0
28513,12638,15,3,255.83,0.0
28514,12638,22,2,457.79,0.0
28515,12639,2,1,394.13,0.0
28516,12639,16,1,973.78,15.0
28517,12639,50,2,994.53,0.0
28518,12639,38,1,1016.34,0.0
28519,12640,29,1,981.65,10.0
28520,12640,175,1,628.11,0.0
28521,12641,227,3,342.68,0.0
28522,12642,34,3,43.21,0.0
28523,12642,25,5,631.62,0.0
28524,12642,208,1,1182.18,0.0
28525,12642,43,1,935.97,20.0
28526,12643,17,3,173.9,0.0
28527,12643,10,1,132.89,0.0
28528,12643,27,2,287.02,10.0
28529,12643,25,1,631.62,5.0
28530,12644,28,3,662.55,5.0
28531,12644,51,2,774.23,0.0
28532,12644,25,1,631.62,0.0
28533,12644,4,1,583.61,0.0
28534,12645,36,1,72.7,0.0
28535,12646,42,3,880.29,0.0
28536,12647,50,1,994.53,0.0
28537,12647,49,1,1020.52,0.0
28538,12648,41,1,176.54,0.0
28539,12649,6,1,34.19,0.0
28540,12650,89,1,568.71,0.0
28541,12650,1,3,643.08,0.0
28542,12651,43,4,935.97,0.0
28543,12651,35,1,633.08,0.0
28544,12652,10,1,132.89,10.0
28545,12652,21,1,851.91,0.0
28546,12653,17,1,173.9,10.0
28547,12653,39,1,758.76,0.0
28548,12654,19,3,604.84,5.0
28549,12654,78,2,1047.68,0.0
28550,12655,30,1,658.15,20.0
28551,12655,28,1,662.55,0.0
28552,12655,21,3,851.91,15.0
28553,12655,14,3,149.0,0.0
28554,12656,35,1,633.08,10.0
28555,12656,23,2,236.54,0.0
28556,12656,2,1,394.13,5.0
28557,12657,46,1,854.22,10.0
28558,12657,29,1,981.65,0.0
28559,12658,31,1,185.47,0.0
28560,12658,149,1,668.87,10.0
28561,12659,148,1,824.22,0.0
28562,12660,31,2,185.47,0.0
28563,12661,140,1,441.37,0.0
28564,12661,29,1,981.65,0.0
28565,12662,6,1,34.19,0.0
28566,12663,12,1,677.11,5.0
28567,12663,51,1,774.23,0.0
28568,12664,26,1,204.87,0.0
28569,12664,22,3,457.79,0.0
28570,12665,95,5,179.64,0.0
28571,12665,11,5,202.6,0.0
28572,12666,15,2,255.83,5.0
28573,12667,46,2,854.22,0.0
28574,12668,63,2,958.03,10.0
28575,12669,18,2,818.1,15.0
28576,12670,51,1,774.23,20.0
28577,12671,23,1,236.54,0.0
28578,12671,13,1,800.5,0.0
28579,12671,9,2,217.62,5.0
28580,12671,6,1,34.19,10.0
28581,12672,41,3,176.54,0.0
28582,12672,8,1,542.39,0.0
28583,12673,50,1,994.53,0.0
28584,12674,26,1,204.87,0.0
28585,12674,18,2,818.1,0.0
28586,12675,33,3,947.92,0.0
28587,12675,26,2,204.87,0.0
28588,12676,6,1,34.19,0.0
28589,12676,24,1,584.38,0.0
28590,12677,9,2,217.62,0.0
28591,12677,8,1,542.39,0.0
28592,12678,222,1,752.95,5.0
28593,12679,35,1,633.08,0.0
28594,12679,17,3,173.9,10.0
28595,12680,9,1,217.62,15.0
28596,12680,38,1,1016.34,0.0
28597,12681,11,5,202.6,0.0
28598,12681,99,2,255.18,5.0
28599,12681,257,2,118.54,0.0
28600,12682,34,1,43.21,0.0
28601,12682,35,2,633.08,0.0
28602,12683,81,1,77.19,0.0
28603,12683,33,2,947.92,10.0
28604,12684,17,1,173.9,0.0
28605,12684,30,2,658.15,0.0
28606,12684,21,1,851.91,0.0
28607,12685,110,1,600.49,0.0
28608,12685,1,4,643.08,0.0
28609,12686,16,1,973.78,10.0
28610,12686,48,2,358.48,0.0
28611,12686,6,1,34.19,0.0
28612,12687,23,1,236.54,0.0
28613,12687,19,1,604.84,10.0
28614,12687,13,2,800.5,0.0
28615,12687,63,2,958.03,20.0
28616,12688,41,1,176.54,0.0
28617,12689,20,2,339.73,15.0
28618,12689,9,1,217.62,10.0
28619,12689,45,1,456.92,0.0
28620,12689,40,1,520.37,0.0
28621,12690,3,1,557.91,20.0
28622,12690,34,1,43.21,0.0
28623,12691,11,1,202.6,0.0
28624,12691,201,4,232.35,0.0
28625,12691,12,1,677.11,0.0
28626,12692,29,2,981.65,0.0
28627,12693,47,2,459.02,0.0
28628,12694,35,1,633.08,15.0
28629,12694,40,2,520.37,0.0
28630,12694,113,3,1162.63,0.0
28631,12695,38,1,1016.34,0.0
28632,12695,245,1,396.55,0.0
28633,12695,32,3,320.79,15.0
28634,12696,40,1,520.37,0.0
28635,12697,38,1,1016.34,0.0
28636,12697,18,1,818.1,0.0
28637,12698,12,2,677.11,0.0
28638,12698,23,1,236.54,0.0
28639,12698,32,2,320.79,0.0
28640,12699,45,3,456.92,0.0
28641,12699,24,1,584.38,15.0
28642,12700,51,1,774.23,5.0
28643,12700,49,2,1020.52,0.0
28644,12701,27,2,287.02,0.0
28645,12701,227,1,342.68,0.0
28646,12702,118,2,1091.59,0.0
28647,12702,44,1,930.25,5.0
28648,12702,80,1,275.45,5.0
28649,12702,233,1,27.46,20.0
28650,12703,6,1,34.19,0.0
28651,12703,219,3,503.95,0.0
28652,12703,12,1,677.11,0.0
28653,12704,16,1,973.78,0.0
28654,12704,17,1,173.9,5.0
28655,12705,37,1,1009.52,20.0
28656,12706,116,2,209.21,0.0
28657,12707,38,2,1016.34,0.0
28658,12707,25,1,631.62,15.0
28659,12708,9,1,217.62,0.0
28660,12709,40,1,520.37,0.0
28661,12709,11,1,202.6,0.0
28662,12709,36,4,72.7,5.0
28663,12710,8,1,542.39,0.0
28664,12710,72,2,474.04,0.0
28665,12711,14,1,149.0,0.0
28666,12712,37,4,1009.52,0.0
28667,12713,31,1,185.47,0.0
28668,12714,74,2,166.27,0.0
28669,12714,236,1,384.32,0.0
28670,12714,29,1,981.65,10.0
28671,12714,228,2,24.69,0.0
28672,12714,34,3,43.21,0.0
28673,12715,12,5,677.11,0.0
28674,12715,4,1,583.61,15.0
28675,12716,35,2,633.08,0.0
28676,12716,20,2,339.73,0.0
28677,12716,4,1,583.61,0.0
28678,12716,44,1,930.25,0.0
28679,12717,90,2,491.54,0.0
28680,12717,36,3,72.7,0.0
28681,12717,10,1,132.89,0.0
28682,12718,27,2,287.02,0.0
28683,12718,21,1,851.91,0.0
28684,12719,33,3,947.92,0.0
28685,12719,18,2,818.1,0.0
28686,12720,32,1,320.79,0.0
28687,12720,19,1,604.84,10.0
28688,12720,7,1,62.52,0.0
28689,12720,41,3,176.54,0.0
28690,12720,51,3,774.23,0.0
28691,12721,45,1,456.92,5.0
28692,12721,11,1,202.6,0.0
28693,12722,208,1,1182.18,5.0
28694,12722,11,1,202.6,0.0
28695,12723,46,2,854.22,10.0
28696,12723,7,1,62.52,0.0
28697,12723,45,1,456.92,0.0
28698,12723,50,1,994.53,0.0
28699,12724,9,1,217.62,0.0
28700,12725,93,2,626.68,20.0
28701,12725,28,2,662.55,0.0
28702,12726,163,2,234.62,5.0
28703,12727,11,1,202.6,0.0
28704,12727,48,1,358.48,0.0
28705,12727,25,3,631.62,0.0
28706,12728,6,3,34.19,0.0
28707,12728,121,2,223.46,10.0
28708,12729,3,2,557.91,0.0
28709,12729,27,4,287.02,0.0
28710,12729,20,1,339.73,15.0
28711,12729,15,3,255.83,0.0
28712,12730,13,2,800.5,0.0
28713,12731,39,1,758.76,5.0
28714,12731,41,1,176.54,0.0
28715,12731,51,2,774.23,0.0
28716,12731,25,1,631.62,0.0
28717,12732,197,2,893.87,10.0
28718,12732,226,1,855.84,0.0
28719,12733,49,1,1020.52,5.0
28720,12733,51,1,774.23,0.0
28721,12733,22,1,457.79,0.0
28722,12734,109,1,663.14,0.0
28723,12735,208,1,1182.18,0.0
28724,12735,27,2,287.02,5.0
28725,12736,43,1,935.97,0.0
28726,12737,95,3,179.64,0.0
28727,12738,47,2,459.02,15.0
28728,12739,4,1,583.61,15.0
28729,12739,161,1,417.52,0.0
28730,12740,48,1,358.48,0.0
28731,12740,41,1,176.54,0.0
28732,12740,183,1,473.71,15.0
28733,12741,5,1,597.45,0.0
28734,12741,30,1,658.15,0.0
28735,12741,138,2,285.18,5.0
28736,12742,1,1,643.08,0.0
28737,12742,22,1,457.79,0.0
28738,12742,7,1,62.52,0.0
28739,12743,170,2,814.48,0.0
28740,12743,10,3,132.89,0.0
28741,12744,48,1,358.48,0.0
28742,12744,36,1,72.7,5.0
28743,12745,43,2,935.97,20.0
28744,12745,48,2,358.48,0.0
28745,12745,10,2,132.89,0.0
28746,12745,22,1,457.79,20.0
28747,12746,10,1,132.89,10.0
28748,12747,14,1,149.0,0.0
28749,12747,40,1,520.37,20.0
28750,12748,6,1,34.19,0.0
28751,12748,23,3,236.54,0.0
28752,12749,37,1,1009.52,0.0
28753,12749,185,1,339.91,0.0
28754,12750,15,2,255.83,0.0
28755,12751,33,1,947.92,10.0
28756,12751,49,1,1020.52,5.0
28757,12752,248,2,249.31,0.0
28758,12752,44,1,930.25,0.0
28759,12752,155,1,438.96,0.0
28760,12753,27,2,287.02,0.0
28761,12754,28,1,662.55,10.0
28762,12754,29,2,981.65,10.0
28763,12755,5,2,597.45,0.0
28764,12755,50,3,994.53,0.0
28765,12756,35,2,633.08,5.0
28766,12757,8,2,542.39,0.0
28767,12757,37,1,1009.52,10.0
28768,12758,45,2,456.92,0.0
28769,12759,10,1,132.89,0.0
28770,12760,41,3,176.54,5.0
28771,12760,230,2,948.25,0.0
28772,12761,19,1,604.84,0.0
28773,12761,2,1,394.13,20.0
28774,12762,23,2,236.54,0.0
28775,12762,13,1,800.5,5.0
28776,12763,24,1,584.38,0.0
28777,12764,49,1,1020.52,10.0
28778,12764,48,1,358.48,0.0
28779,12764,21,2,851.91,0.0
28780,12765,5,1,597.45,15.0
28781,12765,239,1,269.05,0.0
28782,12766,27,3,287.02,0.0
28783,12766,23,2,236.54,20.0
28784,12766,16,1,973.78,15.0
28785,12767,209,1,521.49,0.0
28786,12767,37,3,1009.52,0.0
28787,12767,4,1,583.61,0.0
28788,12768,26,3,204.87,0.0
28789,12769,45,1,456.92,0.0
28790,12769,24,3,584.38,0.0
28791,12770,40,1,520.37,0.0
28792,12771,42,1,880.29,0.0
28793,12771,187,1,215.12,0.0
28794,12771,2,1,394.13,0.0
28795,12771,14,1,149.0,5.0
28796,12772,29,1,981.65,0.0
28797,12773,168,2,838.87,15.0
28798,12773,22,2,457.79,0.0
28799,12774,48,3,358.48,0.0
28800,12775,32,1,320.79,0.0
28801,12775,23,1,236.54,0.0
28802,12776,52,1,994.18,0.0
28803,12776,110,5,600.49,0.0
28804,12776,226,1,855.84,0.0
28805,12776,18,1,818.1,0.0
28806,12777,20,2,339.73,0.0
28807,12778,36,1,72.7,0.0
28808,12778,21,2,851.91,0.0
28809,12779,19,3,604.84,0.0
28810,12779,49,1,1020.52,0.0
28811,12780,20,1,339.73,0.0
28812,12780,29,3,981.65,0.0
28813,12780,26,2,204.87,0.0
28814,12780,11,1,202.6,0.0
28815,12781,30,2,658.15,0.0
28816,12782,15,2,255.83,5.0
28817,12782,253,1,352.37,5.0
28818,12782,190,1,998.17,0.0
28819,12782,46,2,854.22,10.0
28820,12783,110,3,600.49,0.0
28821,12783,7,1,62.52,0.0
28822,12784,35,2,633.08,0.0
28823,12785,25,2,631.62,0.0
28824,12785,8,1,542.39,0.0
28825,12786,11,1,202.6,5.0
28826,12786,12,3,677.11,5.0
28827,12786,216,1,929.01,0.0
28828,12786,45,1,456.92,0.0
28829,12787,11,1,202.6,15.0
28830,12788,47,1,459.02,0.0
28831,12788,24,2,584.38,10.0
28832,12789,13,4,800.5,10.0
28833,12790,2,1,394.13,0.0
28834,12790,107,1,933.7,0.0
28835,12790,6,5,34.19,0.0
28836,12791,25,1,631.62,0.0
28837,12791,108,1,306.47,15.0
28838,12792,48,2,358.48,0.0
28839,12792,5,5,597.45,0.0
28840,12792,10,1,132.89,0.0
28841,12792,12,1,677.11,0.0
28842,12793,90,1,491.54,15.0
28843,12793,17,1,173.9,0.0
28844,12793,32,1,320.79,0.0
28845,12794,219,1,503.95,0.0
28846,12794,8,2,542.39,0.0
28847,12795,32,1,320.79,0.0
28848,12795,19,1,604.84,0.0
28849,12796,17,1,173.9,0.0
28850,12797,29,2,981.65,0.0
28851,12798,20,2,339.73,0.0
28852,12798,80,1,275.45,0.0
28853,12798,216,1,929.01,0.0
28854,12799,194,1,328.13,5.0
28855,12799,20,2,339.73,0.0
28856,12799,18,1,818.1,5.0
28857,12799,16,1,973.78,0.0
28858,12800,18,1,818.1,0.0
28859,12800,43,2,935.97,0.0
28860,12801,18,1,818.1,0.0
28861,12801,32,2,320.79,5.0
28862,12802,160,1,248.36,0.0
28863,12802,45,2,456.92,0.0
28864,12803,36,2,72.7,15.0
28865,12803,2,1,394.13,0.0
28866,12803,4,3,583.61,5.0
28867,12803,32,1,320.79,20.0
28868,12803,8,1,542.39,0.0
28869,12804,49,1,1020.52,0.0
28870,12804,43,1,935.97,10.0
28871,12805,22,4,457.79,0.0
28872,12805,28,2,662.55,0.0
28873,12805,159,1,220.27,0.0
28874,12806,20,2,339.73,0.0
28875,12806,9,1,217.62,0.0
28876,12806,13,2,800.5,10.0
28877,12806,30,2,658.15,0.0
28878,12807,2,3,394.13,0.0
28879,12808,6,1,34.19,0.0
28880,12808,113,1,1162.63,0.0
28881,12809,8,2,542.39,0.0
28882,12809,16,2,973.78,20.0
28883,12809,107,1,933.7,10.0
28884,12810,240,1,81.35,0.0
28885,12810,19,1,604.84,0.0
28886,12810,9,3,217.62,10.0
28887,12811,22,2,457.79,5.0
28888,12811,49,2,1020.52,20.0
28889,12811,19,1,604.84,20.0
28890,12812,40,1,520.37,0.0
28891,12813,5,2,597.45,10.0
28892,12813,46,1,854.22,5.0
28893,12813,254,1,1202.51,5.0
28894,12814,55,1,479.69,5.0
28895,12814,41,3,176.54,0.0
28896,12815,7,1,62.52,0.0
28897,12815,33,3,947.92,10.0
28898,12815,47,1,459.02,20.0
28899,12816,52,5,994.18,10.0
28900,12816,36,1,72.7,0.0
28901,12816,18,1,818.1,15.0
28902,12816,31,1,185.47,5.0
28903,12816,34,1,43.21,0.0
28904,12817,10,1,132.89,0.0
28905,12818,29,1,981.65,0.0
28906,12818,21,1,851.91,0.0
28907,12818,47,4,459.02,15.0
28908,12819,24,2,584.38,0.0
28909,12819,17,1,173.9,0.0
28910,12820,51,1,774.23,5.0
28911,12820,30,1,658.15,5.0
28912,12821,37,4,1009.52,0.0
28913,12821,23,3,236.54,20.0
28914,12821,3,3,557.91,0.0
28915,12822,44,1,930.25,5.0
28916,12823,51,1,774.23,10.0
28917,12823,38,1,1016.34,0.0
28918,12823,25,1,631.62,0.0
28919,12823,41,1,176.54,5.0
28920,12824,31,2,185.47,0.0
28921,12825,19,5,604.84,5.0
28922,12825,26,2,204.87,0.0
28923,12826,4,1,583.61,15.0
28924,12826,45,2,456.92,0.0
28925,12827,108,2,306.47,0.0
28926,12827,32,1,320.79,5.0
28927,12828,35,2,633.08,0.0
28928,12828,211,1,1092.93,0.0
28929,12828,107,1,933.7,0.0
28930,12828,7,1,62.52,10.0
28931,12828,9,1,217.62,0.0
28932,12829,1,1,643.08,0.0
28933,12830,34,2,43.21,0.0
28934,12830,226,2,855.84,5.0
28935,12831,29,1,981.65,0.0
28936,12831,27,2,287.02,0.0
28937,12831,26,2,204.87,5.0
28938,12831,253,1,352.37,0.0
28939,12832,37,1,1009.52,0.0
28940,12832,14,1,149.0,0.0
28941,12832,41,1,176.54,5.0
28942,12832,101,1,462.13,0.0
28943,12832,215,2,429.74,0.0
28944,12833,59,1,251.22,0.0
28945,12833,40,1,520.37,5.0
28946,12834,27,1,287.02,0.0
28947,12835,37,1,1009.52,0.0
28948,12836,4,5,583.61,0.0
28949,12836,5,2,597.45,0.0
28950,12837,217,2,308.65,20.0
28951,12838,11,1,202.6,0.0
28952,12838,13,1,800.5,0.0
28953,12838,127,2,711.21,20.0
28954,12838,5,1,597.45,0.0
28955,12839,36,1,72.7,0.0
28956,12839,20,1,339.73,0.0
28957,12839,45,2,456.92,0.0
28958,12840,7,1,62.52,20.0
28959,12840,11,2,202.6,0.0
28960,12841,62,1,77.39,0.0
28961,12841,23,2,236.54,0.0
28962,12842,38,1,1016.34,0.0
28963,12842,26,2,204.87,0.0
28964,12842,71,2,682.59,15.0
28965,12842,122,2,246.21,0.0
28966,12842,51,4,774.23,0.0
28967,12843,48,1,358.48,0.0
28968,12844,35,1,633.08,0.0
28969,12845,137,1,424.86,0.0
28970,12845,18,4,818.1,0.0
28971,12845,242,3,1105.36,0.0
28972,12846,28,2,662.55,20.0
28973,12846,39,3,758.76,0.0
28974,12846,81,1,77.19,0.0
28975,12847,52,1,994.18,0.0
28976,12848,30,2,658.15,0.0
28977,12848,38,2,1016.34,5.0
28978,12848,46,5,854.22,10.0
28979,12849,49,1,1020.52,0.0
28980,12849,216,4,929.01,0.0
28981,12849,44,1,930.25,20.0
28982,12850,78,3,1047.68,15.0
28983,12850,171,3,508.1,0.0
28984,12851,4,3,583.61,5.0
28985,12851,49,3,1020.52,0.0
28986,12852,45,1,456.92,15.0
28987,12852,37,3,1009.52,0.0
28988,12853,24,1,584.38,20.0
28989,12853,48,3,358.48,0.0
28990,12854,49,2,1020.52,10.0
28991,12854,52,1,994.18,0.0
28992,12855,4,1,583.61,0.0
28993,12855,8,1,542.39,20.0
28994,12856,210,2,664.24,5.0
28995,12856,27,3,287.02,0.0
28996,12856,28,2,662.55,5.0
28997,12856,15,1,255.83,5.0
28998,12857,188,1,720.38,10.0
28999,12857,31,1,185.47,0.0
29000,12858,29,2,981.65,20.0
29001,12858,50,1,994.53,0.0
29002,12858,15,2,255.83,0.0
29003,12859,17,1,173.9,0.0
29004,12859,5,1,597.45,0.0
29005,12860,19,5,604.84,0.0
29006,12861,26,3,204.87,0.0
29007,12862,9,2,217.62,20.0
29008,12863,76,2,920.83,0.0
29009,12864,47,3,459.02,0.0
29010,12864,3,1,557.91,5.0
29011,12865,135,2,277.82,0.0
29012,12865,22,1,457.79,20.0
29013,12866,195,2,549.52,0.0
29014,12867,257,1,118.54,15.0
29015,12867,29,1,981.65,0.0
29016,12867,69,4,819.14,0.0
29017,12868,25,1,631.62,0.0
29018,12868,21,3,851.91,0.0
29019,12868,40,1,520.37,0.0
29020,12869,11,1,202.6,0.0
29021,12870,30,3,658.15,5.0
29022,12870,51,2,774.23,10.0
29023,12871,49,1,1020.52,15.0
29024,12872,158,3,334.84,0.0
29025,12872,17,3,173.9,0.0
29026,12872,15,1,255.83,0.0
29027,12873,13,2,800.5,10.0
29028,12873,147,1,490.87,0.0
29029,12874,7,1,62.52,0.0
29030,12874,13,1,800.5,0.0
29031,12874,47,2,459.02,15.0
29032,12874,51,1,774.23,15.0
29033,12874,50,1,994.53,0.0
29034,12875,201,3,232.35,0.0
29035,12876,6,4,34.19,0.0
29036,12876,44,1,930.25,0.0
29037,12876,4,2,583.61,0.0
29038,12877,8,1,542.39,0.0
29039,12878,150,5,196.9,0.0
29040,12878,189,2,816.04,0.0
29041,12879,108,1,306.47,15.0
29042,12880,2,2,394.13,0.0
29043,12880,16,3,973.78,10.0
29044,12880,234,2,670.43,0.0
29045,12881,36,2,72.7,0.0
29046,12882,9,2,217.62,0.0
29047,12883,49,1,1020.52,0.0
29048,12884,139,1,544.47,0.0
29049,12885,71,1,682.59,0.0
29050,12885,25,3,631.62,0.0
29051,12886,11,1,202.6,0.0
29052,12886,23,1,236.54,10.0
29053,12886,22,1,457.79,0.0
29054,12887,253,2,352.37,0.0
29055,12887,36,2,72.7,0.0
29056,12888,21,1,851.91,0.0
29057,12888,39,1,758.76,0.0
29058,12888,28,2,662.55,5.0
29059,12889,105,1,888.35,0.0
29060,12890,42,1,880.29,20.0
29061,12891,238,2,31.94,0.0
29062,12891,34,1,43.21,0.0
29063,12891,6,2,34.19,10.0
29064,12892,1,1,643.08,10.0
29065,12893,157,1,388.76,0.0
29066,12893,25,2,631.62,0.0
29067,12894,84,1,564.13,0.0
29068,12895,162,1,82.72,0.0
29069,12895,42,2,880.29,5.0
29070,12896,26,1,204.87,5.0
29071,12896,6,1,34.19,0.0
29072,12896,11,2,202.6,0.0
29073,12897,44,1,930.25,0.0
29074,12897,19,2,604.84,20.0
29075,12898,7,1,62.52,0.0
29076,12898,8,2,542.39,0.0
29077,12899,51,5,774.23,0.0
29078,12899,54,1,21.31,15.0
29079,12899,14,1,149.0,20.0
29080,12900,10,1,132.89,0.0
29081,12900,187,1,215.12,0.0
29082,12901,43,1,935.97,0.0
29083,12902,42,1,880.29,0.0
29084,12902,32,1,320.79,0.0
29085,12903,24,1,584.38,0.0
29086,12904,9,1,217.62,5.0
29087,12905,38,1,1016.34,0.0
29088,12905,22,5,457.79,20.0
29089,12906,6,2,34.19,0.0
29090,12906,31,1,185.47,0.0
29091,12906,37,3,1009.52,0.0
29092,12906,160,4,248.36,0.0
29093,12907,11,1,202.6,0.0
29094,12907,10,3,132.89,20.0
29095,12908,42,1,880.29,0.0
29096,12908,16,1,973.78,0.0
29097,12908,44,2,930.25,0.0
29098,12909,17,3,173.9,0.0
29099,12909,34,1,43.21,0.0
29100,12910,47,2,459.02,0.0
29101,12911,49,2,1020.52,0.0
29102,12911,39,1,758.76,0.0
29103,12911,47,1,459.02,0.0
29104,12911,19,2,604.84,0.0
29105,12912,51,1,774.23,0.0
29106,12912,26,1,204.87,0.0
29107,12913,41,1,176.54,10.0
29108,12913,25,2,631.62,0.0
29109,12913,40,1,520.37,0.0
29110,12914,9,1,217.62,0.0
29111,12914,28,2,662.55,0.0
29112,12914,47,1,459.02,10.0
29113,12914,26,1,204.87,10.0
29114,12915,26,3,204.87,0.0
29115,12915,22,1,457.79,5.0
29116,12916,37,1,1009.52,0.0
29117,12916,5,2,597.45,0.0
29118,12917,18,1,818.1,5.0
29119,12918,33,1,947.92,5.0
29120,12918,50,1,994.53,0.0
29121,12918,36,3,72.7,0.0
29122,12919,20,1,339.73,0.0
29123,12919,182,1,653.31,20.0
29124,12920,6,2,34.19,10.0
29125,12920,19,2,604.84,0.0
29126,12921,22,4,457.79,5.0
29127,12921,43,2,935.97,0.0
29128,12921,32,1,320.79,5.0
29129,12922,13,1,800.5,0.0
29130,12922,10,1,132.89,0.0
29131,12923,62,1,77.39,0.0
29132,12923,50,1,994.53,0.0
29133,12923,18,1,818.1,0.0
29134,12924,25,1,631.62,0.0
29135,12924,144,1,927.22,0.0
29136,12924,16,1,973.78,0.0
29137,12925,51,1,774.23,0.0
29138,12925,44,3,930.25,0.0
29139,12925,79,3,861.19,0.0
29140,12926,26,1,204.87,5.0
29141,12926,20,1,339.73,0.0
29142,12926,16,2,973.78,0.0
29143,12926,8,2,542.39,0.0
29144,12927,51,3,774.23,5.0
29145,12927,16,3,973.78,0.0
29146,12928,2,3,394.13,5.0
29147,12929,218,1,658.32,10.0
29148,12929,39,2,758.76,0.0
29149,12929,44,1,930.25,10.0
29150,12930,82,1,1090.89,10.0
29151,12931,27,1,287.02,0.0
29152,12932,41,2,176.54,0.0
29153,12932,52,5,994.18,0.0
29154,12933,22,1,457.79,0.0
29155,12933,19,3,604.84,5.0
29156,12933,14,1,149.0,10.0
29157,12934,29,3,981.65,0.0
29158,12935,44,1,930.25,5.0
29159,12936,252,1,686.58,0.0
29160,12937,33,1,947.92,10.0
29161,12937,43,1,935.97,0.0
29162,12938,17,1,173.9,0.0
29163,12938,37,1,1009.52,5.0
29164,12939,4,3,583.61,0.0
29165,12939,50,1,994.53,20.0
29166,12939,20,1,339.73,0.0
29167,12940,48,1,358.48,0.0
29168,12940,1,1,643.08,0.0
29169,12940,44,1,930.25,0.0
29170,12941,7,1,62.52,0.0
29171,12941,15,1,255.83,0.0
29172,12941,12,1,677.11,0.0
29173,12942,159,1,220.27,0.0
29174,12942,48,2,358.48,0.0
29175,12943,47,1,459.02,5.0
29176,12943,61,1,882.1,10.0
29177,12943,32,1,320.79,0.0
29178,12943,51,1,774.23,0.0
29179,12943,223,2,389.43,0.0
29180,12944,47,2,459.02,0.0
29181,12944,10,1,132.89,0.0
29182,12944,84,3,564.13,15.0
29183,12945,175,1,628.11,0.0
29184,12946,43,2,935.97,0.0
29185,12947,37,2,1009.52,0.0
29186,12947,108,2,306.47,0.0
29187,12947,3,2,557.91,10.0
29188,12948,43,1,935.97,0.0
29189,12948,2,1,394.13,5.0
29190,12949,46,1,854.22,0.0
29191,12949,43,1,935.97,10.0
29192,12949,11,1,202.6,0.0
29193,12950,42,2,880.29,0.0
29194,12950,21,2,851.91,0.0
29195,12951,188,1,720.38,0.0
29196,12951,9,1,217.62,10.0
29197,12952,102,1,352.97,0.0
29198,12952,40,1,520.37,10.0
29199,12953,22,1,457.79,0.0
29200,12954,28,2,662.55,0.0
29201,12955,45,2,456.92,0.0
29202,12956,41,1,176.54,0.0
29203,12957,44,1,930.25,0.0
29204,12957,41,1,176.54,0.0
29205,12958,34,1,43.21,0.0
29206,12958,8,2,542.39,15.0
29207,12958,250,1,761.52,5.0
29208,12959,109,1,663.14,0.0
29209,12959,29,1,981.65,0.0
29210,12959,48,2,358.48,0.0
29211,12959,38,2,1016.34,0.0
29212,12959,22,1,457.79,0.0
29213,12960,46,1,854.22,0.0
29214,12960,15,2,255.83,0.0
29215,12961,41,1,176.54,0.0
29216,12961,40,1,520.37,0.0
29217,12961,33,1,947.92,0.0
29218,12961,43,2,935.97,0.0
29219,12961,19,1,604.84,0.0
29220,12962,161,1,417.52,0.0
29221,12963,19,2,604.84,0.0
29222,12963,47,1,459.02,5.0
29223,12963,33,1,947.92,0.0
29224,12963,172,1,225.41,0.0
29225,12964,52,2,994.18,0.0
29226,12964,30,1,658.15,0.0
29227,12965,46,1,854.22,15.0
29228,12966,39,2,758.76,0.0
29229,12966,23,1,236.54,0.0
29230,12966,32,2,320.79,20.0
29231,12967,12,3,677.11,0.0
29232,12967,8,2,542.39,0.0
29233,12968,35,1,633.08,0.0
29234,12968,138,2,285.18,0.0
29235,12968,34,1,43.21,0.0
29236,12968,50,2,994.53,0.0
29237,12969,32,5,320.79,15.0
29238,12969,29,1,981.65,5.0
29239,12970,28,1,662.55,0.0
29240,12970,30,1,658.15,0.0
29241,12971,12,1,677.11,5.0
29242,12971,10,1,132.89,0.0
29243,12971,11,1,202.6,0.0
29244,12971,28,1,662.55,0.0
29245,12971,25,2,631.62,20.0
29246,12972,258,3,563.1,5.0
29247,12973,195,1,549.52,10.0
29248,12974,29,2,981.65,0.0
29249,12974,2,2,394.13,0.0
29250,12975,21,1,851.91,0.0
29251,12975,33,4,947.92,0.0
29252,12976,8,1,542.39,5.0
29253,12976,30,2,658.15,0.0
29254,12976,19,1,604.84,10.0
29255,12977,50,2,994.53,0.0
29256,12978,167,1,356.11,0.0
29257,12978,154,2,667.55,0.0
29258,12978,16,1,973.78,0.0
29259,12978,26,2,204.87,20.0
29260,12978,23,2,236.54,0.0
29261,12979,33,4,947.92,0.0
29262,12979,51,1,774.23,20.0
29263,12979,117,1,659.17,0.0
29264,12979,42,2,880.29,0.0
29265,12979,164,2,211.12,0.0
29266,12980,32,1,320.79,0.0
29267,12980,26,2,204.87,0.0
29268,12981,22,1,457.79,0.0
29269,12982,33,2,947.92,0.0
29270,12982,37,1,1009.52,0.0
29271,12982,34,2,43.21,0.0
29272,12982,7,1,62.52,0.0
29273,12982,3,3,557.91,5.0
29274,12983,11,1,202.6,0.0
29275,12983,214,4,836.23,0.0
29276,12983,21,1,851.91,0.0
29277,12983,35,2,633.08,0.0
29278,12984,250,2,761.52,0.0
29279,12984,49,2,1020.52,0.0
29280,12985,130,3,625.15,0.0
29281,12986,14,1,149.0,0.0
29282,12986,42,2,880.29,0.0
29283,12986,17,4,173.9,0.0
29284,12987,37,2,1009.52,0.0
29285,12987,1,4,643.08,10.0
29286,12987,11,1,202.6,5.0
29287,12987,42,1,880.29,0.0
29288,12987,40,2,520.37,0.0
29289,12988,35,1,633.08,0.0
29290,12989,27,1,287.02,10.0
29291,12989,137,2,424.86,0.0
29292,12990,131,2,80.3,0.0
29293,12990,184,2,196.43,10.0
29294,12990,178,3,512.5,0.0
29295,12991,34,1,43.21,5.0
29296,12991,142,1,89.71,0.0
29297,12991,169,1,863.12,0.0
29298,12992,92,1,549.63,15.0
29299,12992,222,5,752.95,0.0
29300,12993,243,1,1116.94,10.0
29301,12994,45,1,456.92,0.0
29302,12994,25,2,631.62,10.0
29303,12995,37,2,1009.52,0.0
29304,12996,18,2,818.1,0.0
29305,12996,126,2,757.74,0.0
29306,12997,23,1,236.54,10.0
29307,12997,34,2,43.21,5.0
29308,12998,50,2,994.53,0.0
29309,12998,13,2,800.5,0.0
29310,12998,19,2,604.84,0.0
29311,12998,31,1,185.47,0.0
29312,12998,30,3,658.15,0.0
29313,12999,182,1,653.31,0.0
29314,13000,2,1,394.13,10.0
29315,13001,141,1,991.87,20.0
29316,13001,29,2,981.65,0.0
29317,13001,34,1,43.21,0.0
29318,13001,3,1,557.91,0.0
29319,13002,36,2,72.7,0.0
29320,13002,1,1,643.08,10.0
29321,13003,36,1,72.7,0.0
29322,13003,26,3,204.87,0.0
29323,13003,47,2,459.02,0.0
29324,13004,25,2,631.62,0.0
29325,13004,38,1,1016.34,0.0
29326,13005,9,1,217.62,0.0
29327,13006,53,2,873.28,10.0
29328,13006,17,2,173.9,0.0
29329,13007,13,1,800.5,0.0
29330,13007,24,1,584.38,0.0
29331,13008,32,2,320.79,10.0
29332,13009,11,1,202.6,0.0
29333,13009,2,1,394.13,0.0
29334,13010,6,1,34.19,15.0
29335,13011,44,1,930.25,20.0
29336,13011,19,1,604.84,10.0
29337,13012,116,3,209.21,0.0
29338,13012,27,1,287.02,0.0
29339,13013,40,5,520.37,5.0
29340,13013,24,1,584.38,0.0
29341,13014,252,1,686.58,0.0
29342,13015,256,3,83.37,20.0
29343,13015,4,1,583.61,10.0
29344,13015,46,1,854.22,0.0
29345,13016,8,1,542.39,5.0
29346,13017,111,4,932.22,0.0
29347,13018,51,1,774.23,0.0
29348,13018,16,1,973.78,20.0
29349,13019,191,1,733.3,0.0
29350,13019,45,3,456.92,0.0
29351,13019,37,1,1009.52,0.0
29352,13020,18,2,818.1,0.0
29353,13021,12,2,677.11,0.0
29354,13021,36,1,72.7,0.0
29355,13021,41,1,176.54,0.0
29356,13022,203,1,131.33,0.0
29357,13023,28,3,662.55,0.0
29358,13023,19,1,604.84,0.0
29359,13024,8,1,542.39,5.0
29360,13025,12,3,677.11,0.0
29361,13026,16,2,973.78,0.0
29362,13026,35,2,633.08,0.0
29363,13027,49,2,1020.52,0.0
29364,13028,9,1,217.62,0.0
29365,13028,48,2,358.48,0.0
29366,13029,25,1,631.62,0.0
29367,13029,186,1,919.63,0.0
29368,13029,86,1,1193.28,0.0
29369,13030,42,1,880.29,10.0
29370,13030,19,1,604.84,0.0
29371,13031,30,1,658.15,0.0
29372,13031,48,2,358.48,0.0
29373,13032,16,1,973.78,0.0
29374,13032,207,1,991.04,0.0
29375,13032,48,2,358.48,5.0
29376,13033,48,1,358.48,0.0
29377,13033,205,1,227.28,0.0
29378,13033,4,2,583.61,10.0
29379,13033,193,3,948.3,0.0
29380,13034,240,1,81.35,0.0
29381,13034,27,3,287.02,5.0
29382,13035,2,4,394.13,10.0
29383,13035,50,1,994.53,0.0
29384,13035,25,1,631.62,0.0
29385,13036,24,1,584.38,0.0
29386,13037,26,1,204.87,5.0
29387,13037,4,2,583.61,0.0
29388,13037,67,1,808.59,0.0
29389,13038,118,1,1091.59,0.0
29390,13038,46,1,854.22,10.0
29391,13039,2,1,394.13,0.0
29392,13039,13,4,800.5,0.0
29393,13040,32,1,320.79,10.0
29394,13041,16,3,973.78,0.0
29395,13042,39,1,758.76,15.0
29396,13042,20,2,339.73,0.0
29397,13043,43,2,935.97,0.0
29398,13043,50,3,994.53,0.0
29399,13044,43,3,935.97,0.0
29400,13045,41,1,176.54,0.0
29401,13045,66,1,361.37,5.0
29402,13046,43,1,935.97,5.0
29403,13046,29,1,981.65,0.0
29404,13047,110,3,600.49,0.0
29405,13047,24,2,584.38,0.0
29406,13048,8,1,542.39,20.0
29407,13049,8,2,542.39,10.0
29408,13049,28,1,662.55,5.0
29409,13049,47,1,459.02,0.0
29410,13050,48,3,358.48,0.0
29411,13051,13,1,800.5,0.0
29412,13051,9,3,217.62,0.0
29413,13051,179,1,990.0,0.0
29414,13051,33,1,947.92,0.0
29415,13052,44,1,930.25,0.0
29416,13052,43,1,935.97,0.0
29417,13052,45,2,456.92,0.0
29418,13053,117,2,659.17,0.0
29419,13053,8,2,542.39,0.0
29420,13054,52,2,994.18,0.0
29421,13054,21,1,851.91,0.0
29422,13054,51,1,774.23,0.0
29423,13055,50,4,994.53,0.0
29424,13055,11,1,202.6,0.0
29425,13055,48,1,358.48,0.0
29426,13056,28,1,662.55,0.0
29427,13056,52,2,994.18,0.0
29428,13057,2,1,394.13,0.0
29429,13057,25,3,631.62,0.0
29430,13058,25,3,631.62,0.0
29431,13059,34,1,43.21,10.0
29432,13059,39,1,758.76,10.0
29433,13060,128,1,1064.68,0.0
29434,13060,26,3,204.87,10.0
29435,13060,203,1,131.33,0.0
29436,13060,64,1,586.27,0.0
29437,13060,168,3,838.87,0.0
29438,13061,4,3,583.61,0.0
29439,13061,12,1,677.11,20.0
29440,13062,12,1,677.11,0.0
29441,13062,51,1,774.23,0.0
29442,13063,31,5,185.47,0.0
29443,13064,9,4,217.62,0.0
29444,13064,29,2,981.65,0.0
29445,13065,16,1,973.78,0.0
29446,13065,34,1,43.21,0.0
29447,13065,24,4,584.38,0.0
29448,13065,14,1,149.0,0.0
29449,13066,9,1,217.62,0.0
29450,13067,36,1,72.7,0.0
29451,13068,45,1,456.92,0.0
29452,13069,10,1,132.89,0.0
29453,13070,12,1,677.11,0.0
29454,13071,15,4,255.83,0.0
29455,13072,28,2,662.55,20.0
29456,13073,26,1,204.87,0.0
29457,13074,216,1,929.01,10.0
29458,13074,55,1,479.69,0.0
29459,13074,26,1,204.87,0.0
29460,13075,48,3,358.48,0.0
29461,13075,21,1,851.91,20.0
29462,13076,6,2,34.19,10.0
29463,13077,32,2,320.79,0.0
29464,13078,92,1,549.63,5.0
29465,13078,82,1,1090.89,0.0
29466,13079,16,1,973.78,5.0
29467,13080,17,1,173.9,0.0
29468,13080,35,2,633.08,0.0
29469,13081,5,5,597.45,0.0
29470,13081,20,1,339.73,0.0
29471,13081,77,1,561.47,5.0
29472,13082,9,1,217.62,0.0
29473,13082,2,1,394.13,0.0
29474,13082,18,1,818.1,0.0
29475,13083,32,1,320.79,5.0
29476,13083,43,3,935.97,5.0
29477,13084,8,1,542.39,0.0
29478,13085,28,1,662.55,0.0
29479,13085,25,1,631.62,0.0
29480,13085,18,1,818.1,0.0
29481,13085,216,1,929.01,0.0
29482,13085,85,3,681.02,0.0
29483,13086,28,1,662.55,0.0
29484,13086,2,2,394.13,0.0
29485,13086,101,1,462.13,0.0
29486,13087,43,2,935.97,0.0
29487,13087,37,1,1009.52,0.0
29488,13088,31,1,185.47,15.0
29489,13089,44,1,930.25,0.0
29490,13090,173,1,665.55,10.0
29491,13090,45,1,456.92,0.0
29492,13090,32,1,320.79,0.0
29493,13091,1,1,643.08,0.0
29494,13091,22,1,457.79,0.0
29495,13092,31,2,185.47,0.0
29496,13092,37,3,1009.52,10.0
29497,13093,12,2,677.11,0.0
29498,13093,143,2,435.68,0.0
29499,13093,194,1,328.13,0.0
29500,13093,4,1,583.61,0.0
29501,13094,10,1,132.89,5.0
29502,13095,10,1,132.89,0.0
29503,13095,41,3,176.54,0.0
29504,13095,11,3,202.6,0.0
29505,13095,18,2,818.1,0.0
29506,13096,44,5,930.25,0.0
29507,13096,142,1,89.71,10.0
29508,13097,6,2,34.19,0.0
29509,13097,43,2,935.97,0.0
29510,13098,38,1,1016.34,0.0
29511,13099,50,3,994.53,0.0
29512,13099,29,4,981.65,0.0
29513,13099,40,1,520.37,0.0
29514,13100,2,2,394.13,0.0
29515,13100,231,1,765.07,20.0
29516,13101,19,2,604.84,0.0
29517,13101,39,1,758.76,10.0
29518,13102,19,1,604.84,0.0
29519,13102,12,1,677.11,0.0
29520,13103,220,2,850.53,0.0
29521,13103,50,1,994.53,0.0
29522,13103,21,1,851.91,0.0
29523,13103,62,1,77.39,0.0
29524,13104,234,1,670.43,0.0
29525,13105,3,2,557.91,5.0
29526,13105,49,1,1020.52,0.0
29527,13105,2,1,394.13,0.0
29528,13106,23,3,236.54,0.0
29529,13106,107,1,933.7,15.0
29530,13107,7,1,62.52,0.0
29531,13107,3,3,557.91,0.0
29532,13108,17,2,173.9,0.0
29533,13108,35,1,633.08,0.0
29534,13108,46,1,854.22,0.0
29535,13108,27,3,287.02,0.0
29536,13109,46,1,854.22,0.0
29537,13109,14,1,149.0,0.0
29538,13110,124,1,729.75,0.0
29539,13111,46,3,854.22,0.0
29540,13111,3,1,557.91,0.0
29541,13112,17,1,173.9,15.0
29542,13112,30,1,658.15,0.0
29543,13113,45,1,456.92,0.0
29544,13114,57,2,966.47,0.0
29545,13114,183,2,473.71,10.0
29546,13115,48,2,358.48,0.0
29547,13115,47,1,459.02,20.0
29548,13115,14,3,149.0,0.0
29549,13116,103,2,656.03,0.0
29550,13116,51,3,774.23,0.0
29551,13116,99,1,255.18,0.0
29552,13116,1,1,643.08,0.0
29553,13116,15,1,255.83,10.0
29554,13117,44,1,930.25,0.0
29555,13117,48,1,358.48,0.0
29556,13117,50,1,994.53,0.0
29557,13118,40,1,520.37,0.0
29558,13118,1,3,643.08,20.0
29559,13119,19,5,604.84,0.0
29560,13119,76,1,920.83,0.0
29561,13120,151,1,662.95,0.0
29562,13120,38,1,1016.34,0.0
29563,13121,11,1,202.6,0.0
29564,13121,33,4,947.92,0.0
29565,13122,28,1,662.55,0.0
29566,13122,19,5,604.84,0.0
29567,13123,246,1,835.26,5.0
29568,13123,51,2,774.23,0.0
29569,13123,35,1,633.08,0.0
29570,13124,49,3,1020.52,0.0
29571,13124,23,1,236.54,15.0
29572,13124,51,1,774.23,20.0
29573,13125,27,1,287.02,15.0
29574,13126,17,1,173.9,0.0
29575,13126,31,1,185.47,5.0
29576,13127,6,2,34.19,0.0
29577,13127,35,1,633.08,0.0
29578,13127,242,1,1105.36,0.0
29579,13128,194,1,328.13,0.0
29580,13128,44,1,930.25,0.0
29581,13129,26,1,204.87,0.0
29582,13129,3,5,557.91,0.0
29583,13129,20,1,339.73,0.0
29584,13130,163,2,234.62,15.0
29585,13130,48,2,358.48,0.0
29586,13131,37,3,1009.52,0.0
29587,13131,82,2,1090.89,0.0
29588,13132,228,3,24.69,10.0
29589,13132,7,1,62.52,0.0
29590,13132,17,1,173.9,0.0
29591,13133,40,1,520.37,15.0
29592,13133,17,1,173.9,0.0
29593,13134,26,1,204.87,0.0
29594,13134,185,1,339.91,0.0
29595,13135,4,1,583.61,0.0
29596,13135,5,2,597.45,0.0
29597,13136,30,1,658.15,5.0
29598,13137,26,1,204.87,0.0
29599,13137,174,3,911.18,0.0
29600,13138,14,3,149.0,0.0
29601,13139,5,1,597.45,0.0
29602,13139,17,3,173.9,0.0
29603,13139,8,1,542.39,0.0
29604,13139,29,2,981.65,15.0
29605,13139,176,5,576.9,10.0
29606,13140,239,1,269.05,0.0
29607,13141,112,1,1017.21,0.0
29608,13142,42,1,880.29,15.0
29609,13143,220,5,850.53,0.0
29610,13143,59,1,251.22,0.0
29611,13144,142,1,89.71,0.0
29612,13145,52,1,994.18,10.0
29613,13146,31,1,185.47,0.0
29614,13146,38,1,1016.34,0.0
29615,13147,35,1,633.08,5.0
29616,13147,5,1,597.45,0.0
29617,13148,22,3,457.79,15.0
29618,13148,52,2,994.18,0.0
29619,13148,51,2,774.23,0.0
29620,13149,46,2,854.22,0.0
29621,13149,45,1,456.92,0.0
29622,13149,27,1,287.02,0.0
29623,13149,157,1,388.76,0.0
29624,13150,35,2,633.08,0.0
29625,13150,26,1,204.87,0.0
29626,13150,22,2,457.79,0.0
29627,13150,30,1,658.15,0.0
29628,13151,173,1,665.55,10.0
29629,13151,46,1,854.22,0.0
29630,13151,11,1,202.6,10.0
29631,13152,154,1,667.55,0.0
29632,13152,42,5,880.29,0.0
29633,13153,13,2,800.5,0.0
29634,13153,227,3,342.68,0.0
29635,13154,10,2,132.89,0.0
29636,13154,49,2,1020.52,20.0
29637,13155,16,1,973.78,20.0
29638,13156,7,3,62.52,0.0
29639,13156,42,1,880.29,0.0
29640,13156,14,1,149.0,5.0
29641,13157,257,1,118.54,0.0
29642,13158,28,2,662.55,0.0
29643,13158,227,1,342.68,0.0
29644,13159,43,1,935.97,0.0
29645,13159,251,3,395.15,5.0
29646,13159,41,1,176.54,5.0
29647,13160,33,1,947.92,0.0
29648,13160,18,1,818.1,0.0
29649,13161,235,2,180.69,0.0
29650,13161,30,1,658.15,0.0
29651,13161,24,3,584.38,0.0
29652,13162,17,1,173.9,0.0
29653,13162,12,1,677.11,0.0
29654,13162,19,3,604.84,0.0
29655,13163,6,1,34.19,0.0
29656,13163,16,1,973.78,0.0
29657,13164,138,1,285.18,0.0
29658,13164,34,1,43.21,0.0
29659,13164,51,2,774.23,10.0
29660,13165,28,1,662.55,0.0
29661,13165,201,1,232.35,20.0
29662,13166,22,2,457.79,0.0
29663,13167,50,1,994.53,0.0
29664,13168,20,1,339.73,0.0
29665,13168,27,5,287.02,10.0
29666,13168,25,1,631.62,0.0
29667,13168,1,1,643.08,0.0
29668,13169,42,2,880.29,0.0
29669,13169,10,1,132.89,5.0
29670,13169,23,1,236.54,0.0
29671,13170,188,1,720.38,0.0
29672,13171,115,1,625.25,0.0
29673,13171,27,1,287.02,0.0
29674,13172,33,1,947.92,0.0
29675,13172,34,1,43.21,10.0
29676,13172,188,1,720.38,20.0
29677,13172,14,3,149.0,0.0
29678,13172,36,2,72.7,0.0
29679,13173,48,1,358.48,0.0
29680,13173,140,2,441.37,0.0
29681,13174,4,2,583.61,0.0
29682,13174,44,1,930.25,10.0
29683,13175,8,2,542.39,0.0
29684,13175,258,3,563.1,15.0
29685,13176,50,2,994.53,0.0
29686,13177,39,2,758.76,0.0
29687,13177,8,1,542.39,0.0
29688,13177,3,1,557.91,0.0
29689,13177,202,2,427.54,0.0
29690,13178,159,1,220.27,0.0
29691,13178,29,1,981.65,0.0
29692,13178,32,2,320.79,0.0
29693,13178,26,2,204.87,10.0
29694,13178,45,2,456.92,0.0
29695,13179,18,1,818.1,0.0
29696,13179,27,2,287.02,0.0
29697,13180,238,1,31.94,0.0
29698,13180,43,3,935.97,0.0
29699,13180,25,1,631.62,0.0
29700,13181,38,1,1016.34,20.0
29701,13182,15,1,255.83,0.0
29702,13183,40,1,520.37,10.0
29703,13183,45,1,456.92,0.0
29704,13184,246,1,835.26,0.0
29705,13184,254,3,1202.51,0.0
29706,13185,45,1,456.92,0.0
29707,13185,34,1,43.21,0.0
29708,13185,28,1,662.55,0.0
29709,13185,25,3,631.62,5.0
29710,13186,16,3,973.78,20.0
29711,13187,234,1,670.43,0.0
29712,13188,51,4,774.23,0.0
29713,13188,18,1,818.1,0.0
29714,13188,50,1,994.53,0.0
29715,13189,29,1,981.65,0.0
29716,13190,81,4,77.19,5.0
29717,13190,26,1,204.87,0.0
29718,13190,8,1,542.39,0.0
29719,13190,150,1,196.9,0.0
29720,13191,33,3,947.92,0.0
29721,13191,180,1,1017.24,5.0
29722,13192,24,1,584.38,0.0
29723,13193,27,2,287.02,0.0
29724,13193,4,2,583.61,0.0
29725,13193,169,1,863.12,10.0
29726,13194,6,1,34.19,15.0
29727,13194,18,1,818.1,5.0
29728,13194,81,1,77.19,0.0
29729,13194,33,4,947.92,0.0
29730,13195,21,2,851.91,0.0
29731,13195,52,1,994.18,5.0
29732,13195,16,1,973.78,0.0
29733,13196,232,1,968.09,0.0
29734,13196,40,3,520.37,5.0
29735,13196,13,1,800.5,0.0
29736,13196,78,3,1047.68,20.0
29737,13196,50,2,994.53,5.0
29738,13197,35,1,633.08,0.0
29739,13197,122,3,246.21,5.0
29740,13197,14,1,149.0,0.0
29741,13198,50,2,994.53,0.0
29742,13198,21,1,851.91,0.0
29743,13199,11,1,202.6,20.0
29744,13200,6,2,34.19,20.0
29745,13200,11,3,202.6,0.0
29746,13200,7,1,62.52,0.0
29747,13201,51,1,774.23,0.0
29748,13202,37,2,1009.52,5.0
29749,13202,148,1,824.22,0.0
29750,13202,40,2,520.37,0.0
29751,13203,24,1,584.38,0.0
29752,13203,124,3,729.75,0.0
29753,13203,239,2,269.05,0.0
29754,13204,4,3,583.61,10.0
29755,13204,170,2,814.48,0.0
29756,13204,199,1,989.05,0.0
29757,13205,240,1,81.35,0.0
29758,13205,18,2,818.1,0.0
29759,13206,45,1,456.92,0.0
29760,13206,237,1,938.43,10.0
29761,13206,36,1,72.7,0.0
29762,13207,15,1,255.83,5.0
29763,13207,18,1,818.1,0.0
29764,13207,13,2,800.5,0.0
29765,13208,26,1,204.87,10.0
29766,13208,32,1,320.79,0.0
29767,13208,35,3,633.08,0.0
29768,13209,22,2,457.79,0.0
29769,13209,27,2,287.02,0.0
29770,13209,256,2,83.37,0.0
29771,13209,44,2,930.25,0.0
29772,13210,38,3,1016.34,0.0
29773,13210,5,1,597.45,0.0
29774,13211,42,1,880.29,10.0
29775,13211,35,1,633.08,10.0
29776,13212,9,1,217.62,5.0
29777,13212,46,3,854.22,5.0
29778,13212,3,1,557.91,0.0
29779,13212,25,1,631.62,10.0
29780,13213,28,2,662.55,10.0
29781,13214,21,2,851.91,0.0
29782,13214,7,1,62.52,0.0
29783,13215,18,1,818.1,0.0
29784,13216,8,1,542.39,10.0
29785,13216,34,1,43.21,10.0
29786,13216,197,2,893.87,20.0
29787,13216,46,1,854.22,5.0
29788,13216,204,1,504.77,0.0
29789,13217,68,1,245.03,0.0
29790,13218,3,4,557.91,10.0
29791,13218,19,2,604.84,0.0
29792,13218,43,1,935.97,0.0
29793,13218,2,1,394.13,0.0
29794,13219,222,3,752.95,0.0
29795,13220,250,1,761.52,0.0
29796,13220,144,1,927.22,0.0
29797,13220,15,2,255.83,20.0
29798,13220,4,1,583.61,0.0
29799,13221,7,1,62.52,0.0
29800,13221,51,1,774.23,0.0
29801,13221,24,1,584.38,0.0
29802,13222,23,2,236.54,0.0
29803,13222,79,1,861.19,5.0
29804,13222,176,1,576.9,15.0
29805,13222,71,2,682.59,0.0
29806,13223,16,1,973.78,0.0
29807,13224,6,3,34.19,0.0
29808,13224,17,2,173.9,0.0
29809,13224,13,1,800.5,0.0
29810,13224,38,1,1016.34,0.0
29811,13224,30,1,658.15,5.0
29812,13225,26,1,204.87,5.0
29813,13225,18,2,818.1,0.0
29814,13225,3,1,557.91,5.0
29815,13226,52,1,994.18,0.0
29816,13226,41,1,176.54,0.0
29817,13226,13,2,800.5,0.0
29818,13227,7,1,62.52,0.0
29819,13227,56,1,776.63,0.0
29820,13228,23,1,236.54,0.0
29821,13229,45,1,456.92,0.0
29822,13229,5,2,597.45,0.0
29823,13229,24,1,584.38,10.0
29824,13230,15,1,255.83,0.0
29825,13231,33,1,947.92,10.0
29826,13231,43,1,935.97,15.0
29827,13231,41,2,176.54,0.0
29828,13232,36,2,72.7,0.0
29829,13233,6,1,34.19,0.0
29830,13233,32,2,320.79,5.0
29831,13233,52,4,994.18,10.0
29832,13234,22,2,457.79,0.0
29833,13234,40,2,520.37,0.0
29834,13234,135,3,277.82,0.0
29835,13234,229,1,54.7,0.0
29836,13235,52,4,994.18,0.0
29837,13235,38,2,1016.34,0.0
29838,13236,2,1,394.13,15.0
29839,13237,8,1,542.39,0.0
29840,13238,41,2,176.54,5.0
29841,13238,33,1,947.92,0.0
29842,13238,42,2,880.29,15.0
29843,13239,34,1,43.21,0.0
29844,13239,48,2,358.48,0.0
29845,13239,21,2,851.91,0.0
29846,13240,8,3,542.39,0.0
29847,13240,13,1,800.5,10.0
29848,13241,34,2,43.21,0.0
29849,13241,50,2,994.53,0.0
29850,13241,46,1,854.22,0.0
29851,13241,11,3,202.6,0.0
29852,13242,43,1,935.97,5.0
29853,13242,45,1,456.92,0.0
29854,13243,17,1,173.9,15.0
29855,13243,26,1,204.87,0.0
29856,13243,162,3,82.72,10.0
29857,13244,4,3,583.61,0.0
29858,13245,184,1,196.43,0.0
29859,13245,27,1,287.02,0.0
29860,13245,10,2,132.89,20.0
29861,13246,175,2,628.11,0.0
29862,13246,18,2,818.1,0.0
29863,13246,154,1,667.55,0.0
29864,13246,27,1,287.02,0.0
29865,13247,10,1,132.89,0.0
29866,13247,3,2,557.91,0.0
29867,13248,36,1,72.7,10.0
29868,13248,50,1,994.53,0.0
29869,13248,20,3,339.73,0.0
29870,13248,17,1,173.9,5.0
29871,13249,244,1,902.38,5.0
29872,13250,11,1,202.6,10.0
29873,13250,38,1,1016.34,0.0
29874,13250,37,1,1009.52,0.0
29875,13251,51,2,774.23,0.0
29876,13252,49,2,1020.52,10.0
29877,13252,22,2,457.79,0.0
29878,13252,51,1,774.23,0.0
29879,13252,29,1,981.65,0.0
29880,13252,14,1,149.0,0.0
29881,13253,32,5,320.79,0.0
29882,13253,202,1,427.54,0.0
29883,13254,19,3,604.84,0.0
29884,13254,9,1,217.62,0.0
29885,13255,43,1,935.97,0.0
29886,13255,14,1,149.0,0.0
29887,13256,57,5,966.47,0.0
29888,13256,36,1,72.7,0.0
29889,13257,9,1,217.62,0.0
29890,13257,157,1,388.76,0.0
29891,13258,12,3,677.11,0.0
29892,13259,25,1,631.62,0.0
29893,13259,35,5,633.08,0.0
29894,13259,182,1,653.31,5.0
29895,13259,34,1,43.21,15.0
29896,13260,44,1,930.25,0.0
29897,13260,40,1,520.37,0.0
29898,13260,26,1,204.87,0.0
29899,13261,5,1,597.45,0.0
29900,13261,38,3,1016.34,0.0
29901,13261,6,1,34.19,5.0
29902,13261,3,2,557.91,0.0
29903,13262,1,4,643.08,15.0
29904,13263,52,2,994.18,10.0
29905,13264,11,1,202.6,15.0
29906,13264,20,1,339.73,0.0
29907,13265,2,1,394.13,0.0
29908,13266,40,5,520.37,0.0
29909,13266,14,1,149.0,10.0
29910,13266,10,1,132.89,0.0
29911,13266,1,1,643.08,0.0
29912,13267,1,2,643.08,0.0
29913,13268,53,2,873.28,10.0
29914,13268,47,2,459.02,0.0
29915,13269,15,3,255.83,0.0
29916,13269,31,2,185.47,0.0
29917,13270,23,3,236.54,5.0
29918,13270,47,1,459.02,5.0
29919,13271,39,3,758.76,0.0
29920,13271,33,1,947.92,0.0
29921,13272,200,1,731.51,0.0
29922,13273,2,2,394.13,20.0
29923,13274,2,2,394.13,0.0
29924,13274,166,1,881.42,0.0
29925,13275,34,1,43.21,0.0
29926,13275,10,1,132.89,0.0
29927,13276,28,1,662.55,0.0
29928,13276,7,1,62.52,0.0
29929,13276,48,3,358.48,0.0
29930,13276,100,2,645.31,0.0
29931,13277,65,3,1039.76,20.0
29932,13278,38,1,1016.34,0.0
29933,13279,46,2,854.22,0.0
29934,13279,3,4,557.91,0.0
29935,13279,34,1,43.21,20.0
29936,13280,5,1,597.45,0.0
29937,13281,24,2,584.38,0.0
29938,13281,32,1,320.79,0.0
29939,13282,170,1,814.48,10.0
29940,13282,33,2,947.92,5.0
29941,13283,52,1,994.18,0.0
29942,13283,204,1,504.77,0.0
29943,13283,1,2,643.08,5.0
29944,13284,29,2,981.65,0.0
29945,13284,2,1,394.13,0.0
29946,13285,4,1,583.61,0.0
29947,13285,10,4,132.89,0.0
29948,13286,212,1,665.42,20.0
29949,13286,43,2,935.97,0.0
29950,13286,11,1,202.6,0.0
29951,13287,31,2,185.47,0.0
29952,13287,105,2,888.35,0.0
29953,13287,38,1,1016.34,10.0
29954,13288,208,1,1182.18,10.0
29955,13288,26,3,204.87,0.0
29956,13288,10,2,132.89,20.0
29957,13289,51,3,774.23,0.0
29958,13289,37,2,1009.52,15.0
29959,13290,37,2,1009.52,0.0
29960,13290,36,5,72.7,0.0
29961,13291,26,1,204.87,0.0
29962,13292,36,1,72.7,0.0
29963,13292,46,4,854.22,0.0
29964,13292,43,3,935.97,0.0
29965,13293,41,1,176.54,10.0
29966,13293,24,2,584.38,0.0
29967,13294,18,1,818.1,0.0
29968,13294,19,1,604.84,5.0
29969,13295,85,3,681.02,0.0
29970,13295,114,5,279.33,0.0
29971,13296,6,2,34.19,0.0
29972,13296,190,2,998.17,0.0
29973,13296,223,4,389.43,5.0
29974,13297,10,1,132.89,0.0
29975,13297,6,1,34.19,10.0
29976,13298,12,5,677.11,20.0
29977,13298,13,1,800.5,10.0
29978,13299,10,2,132.89,0.0
29979,13300,10,2,132.89,10.0
29980,13301,2,2,394.13,0.0
29981,13301,10,1,132.89,0.0
29982,13301,37,1,1009.52,5.0
29983,13302,42,2,880.29,10.0
29984,13302,11,1,202.6,0.0
29985,13302,250,2,761.52,0.0
29986,13302,45,2,456.92,20.0
29987,13303,112,2,1017.21,0.0
29988,13303,16,1,973.78,0.0
29989,13304,34,1,43.21,15.0
29990,13304,145,3,916.31,20.0
29991,13304,51,1,774.23,0.0
29992,13304,36,1,72.7,5.0
29993,13304,172,1,225.41,0.0
29994,13305,37,4,1009.52,10.0
29995,13305,15,2,255.83,0.0
29996,13306,17,2,173.9,0.0
29997,13306,10,1,132.89,0.0
29998,13307,24,2,584.38,10.0
29999,13308,19,1,604.84,10.0
30000,13309,52,3,994.18,0.0
30001,13310,46,2,854.22,0.0
30002,13310,10,1,132.89,10.0
30003,13311,8,1,542.39,5.0
30004,13311,11,1,202.6,0.0
30005,13312,22,1,457.79,5.0
30006,13313,112,2,1017.21,0.0
30007,13313,122,1,246.21,20.0
30008,13314,38,3,1016.34,0.0
30009,13315,37,3,1009.52,15.0
30010,13316,2,4,394.13,15.0
30011,13316,10,1,132.89,0.0
30012,13316,26,2,204.87,0.0
30013,13317,48,1,358.48,0.0
30014,13317,2,2,394.13,5.0
30015,13317,185,2,339.91,0.0
30016,13317,23,3,236.54,0.0
30017,13317,4,2,583.61,0.0
30018,13318,42,3,880.29,0.0
30019,13319,13,1,800.5,0.0
30020,13319,47,1,459.02,0.0
30021,13319,34,1,43.21,0.0
30022,13320,30,1,658.15,0.0
30023,13321,155,1,438.96,0.0
30024,13321,154,3,667.55,0.0
30025,13322,5,1,597.45,5.0
30026,13322,33,1,947.92,0.0
30027,13323,17,1,173.9,0.0
30028,13323,11,3,202.6,0.0
30029,13324,33,2,947.92,5.0
30030,13324,3,1,557.91,10.0
30031,13325,15,1,255.83,0.0
30032,13325,26,1,204.87,0.0
30033,13326,44,2,930.25,0.0
30034,13327,6,2,34.19,0.0
30035,13328,15,1,255.83,0.0
30036,13328,170,2,814.48,0.0
30037,13329,19,1,604.84,0.0
30038,13330,45,1,456.92,10.0
30039,13331,96,1,1121.55,0.0
30040,13331,33,2,947.92,0.0
30041,13332,10,2,132.89,10.0
30042,13332,1,3,643.08,5.0
30043,13333,28,4,662.55,0.0
30044,13333,235,2,180.69,15.0
30045,13333,44,4,930.25,0.0
30046,13333,31,1,185.47,5.0
30047,13334,164,2,211.12,15.0
30048,13334,24,1,584.38,0.0
30049,13334,58,1,473.18,5.0
30050,13335,126,1,757.74,0.0
30051,13335,21,2,851.91,0.0
30052,13335,24,2,584.38,0.0
30053,13336,46,3,854.22,10.0
30054,13336,11,2,202.6,0.0
30055,13337,139,2,544.47,0.0
30056,13337,20,3,339.73,0.0
30057,13338,26,2,204.87,0.0
30058,13338,52,1,994.18,0.0
30059,13338,6,4,34.19,5.0
30060,13339,16,3,973.78,15.0
30061,13339,17,1,173.9,0.0
30062,13339,32,1,320.79,0.0
30063,13340,14,3,149.0,10.0
30064,13340,229,2,54.7,5.0
30065,13341,26,2,204.87,0.0
30066,13341,47,4,459.02,0.0
30067,13342,35,1,633.08,0.0
30068,13343,121,1,223.46,10.0
30069,13343,28,1,662.55,0.0
30070,13344,30,2,658.15,10.0
30071,13345,216,1,929.01,0.0
30072,13346,37,1,1009.52,0.0
30073,13346,29,1,981.65,0.0
30074,13347,26,1,204.87,0.0
30075,13348,38,1,1016.34,0.0
30076,13348,19,1,604.84,0.0
30077,13348,47,1,459.02,0.0
30078,13348,12,1,677.11,0.0
30079,13349,62,2,77.39,0.0
30080,13349,50,1,994.53,0.0
30081,13349,27,1,287.02,0.0
30082,13349,39,1,758.76,0.0
30083,13349,29,5,981.65,0.0
30084,13350,34,1,43.21,0.0
30085,13351,54,1,21.31,0.0
30086,13351,1,2,643.08,0.0
30087,13352,24,4,584.38,10.0
30088,13352,38,1,1016.34,0.0
30089,13353,31,2,185.47,0.0
30090,13354,31,1,185.47,20.0
30091,13354,14,1,149.0,0.0
30092,13355,91,2,291.37,0.0
30093,13356,52,1,994.18,0.0
30094,13357,45,1,456.92,10.0
30095,13357,52,1,994.18,10.0
30096,13358,8,1,542.39,0.0
30097,13358,15,4,255.83,10.0
30098,13358,243,2,1116.94,0.0
30099,13359,23,2,236.54,0.0
30100,13359,104,1,613.34,0.0
30101,13359,43,1,935.97,0.0
30102,13359,33,1,947.92,0.0
30103,13359,22,4,457.79,20.0
30104,13360,17,1,173.9,0.0
30105,13360,43,1,935.97,0.0
30106,13361,76,3,920.83,0.0
30107,13361,174,1,911.18,0.0
30108,13361,41,2,176.54,0.0
30109,13361,30,1,658.15,0.0
30110,13361,38,2,1016.34,0.0
30111,13362,22,2,457.79,0.0
30112,13363,41,1,176.54,5.0
30113,13363,43,2,935.97,20.0
30114,13364,26,1,204.87,10.0
30115,13364,20,2,339.73,0.0
30116,13364,50,2,994.53,0.0
30117,13364,70,2,532.42,5.0
30118,13364,27,1,287.02,5.0
30119,13365,159,1,220.27,20.0
30120,13365,36,1,72.7,0.0
30121,13366,51,1,774.23,0.0
30122,13366,31,2,185.47,0.0
30123,13367,43,1,935.97,15.0
30124,13367,27,1,287.02,0.0
30125,13367,48,3,358.48,10.0
30126,13367,45,1,456.92,0.0
30127,13367,32,1,320.79,5.0
30128,13368,6,1,34.19,0.0
30129,13368,19,2,604.84,0.0
30130,13368,26,1,204.87,0.0
30131,13369,36,2,72.7,0.0
30132,13369,18,1,818.1,0.0
30133,13370,111,1,932.22,5.0
30134,13371,30,2,658.15,0.0
30135,13372,1,1,643.08,20.0
30136,13373,180,2,1017.24,0.0
30137,13374,48,1,358.48,0.0
30138,13375,70,2,532.42,5.0
30139,13376,28,1,662.55,20.0
30140,13376,21,1,851.91,10.0
30141,13376,212,1,665.42,0.0
30142,13377,35,1,633.08,0.0
30143,13377,91,3,291.37,0.0
30144,13377,5,1,597.45,10.0
30145,13377,71,2,682.59,0.0
30146,13378,7,1,62.52,10.0
30147,13378,87,1,812.54,0.0
30148,13379,32,3,320.79,0.0
30149,13379,8,2,542.39,0.0
30150,13379,151,1,662.95,0.0
30151,13379,7,2,62.52,0.0
30152,13379,59,1,251.22,10.0
30153,13380,13,4,800.5,0.0
30154,13380,57,1,966.47,0.0
30155,13380,5,1,597.45,0.0
30156,13381,122,1,246.21,0.0
30157,13381,220,2,850.53,10.0
30158,13382,49,1,1020.52,0.0
30159,13382,14,2,149.0,15.0
30160,13383,42,1,880.29,0.0
30161,13383,21,4,851.91,0.0
30162,13384,5,3,597.45,15.0
30163,13384,167,2,356.11,0.0
30164,13384,15,1,255.83,0.0
30165,13385,8,1,542.39,0.0
30166,13385,122,1,246.21,0.0
30167,13385,44,1,930.25,0.0
30168,13385,40,2,520.37,5.0
30169,13385,46,1,854.22,0.0
30170,13386,164,2,211.12,5.0
30171,13386,13,2,800.5,15.0
30172,13386,206,2,532.41,0.0
30173,13386,44,2,930.25,5.0
30174,13387,19,2,604.84,0.0
30175,13387,30,2,658.15,0.0
30176,13388,138,2,285.18,15.0
30177,13388,45,2,456.92,0.0
30178,13388,20,2,339.73,0.0
30179,13389,27,1,287.02,0.0
30180,13389,18,3,818.1,0.0
30181,13390,23,1,236.54,0.0
30182,13390,99,2,255.18,0.0
30183,13390,51,1,774.23,0.0
30184,13391,37,3,1009.52,10.0
30185,13391,44,1,930.25,0.0
30186,13392,18,1,818.1,15.0
30187,13393,28,1,662.55,5.0
30188,13393,168,1,838.87,0.0
30189,13394,21,2,851.91,10.0
30190,13394,2,1,394.13,0.0
30191,13395,12,1,677.11,0.0
30192,13395,50,2,994.53,0.0
30193,13395,218,1,658.32,0.0
30194,13396,15,2,255.83,0.0
30195,13396,17,1,173.9,0.0
30196,13397,12,2,677.11,0.0
30197,13397,24,1,584.38,0.0
30198,13398,154,1,667.55,0.0
30199,13398,37,4,1009.52,5.0
30200,13399,11,1,202.6,10.0
30201,13399,33,1,947.92,0.0
30202,13400,37,1,1009.52,0.0
30203,13400,12,1,677.11,0.0
30204,13400,43,1,935.97,5.0
30205,13401,11,3,202.6,0.0
30206,13401,94,3,914.43,0.0
30207,13401,37,1,1009.52,0.0
30208,13401,39,1,758.76,20.0
30209,13402,30,3,658.15,20.0
30210,13403,4,4,583.61,0.0
30211,13404,10,1,132.89,0.0
30212,13405,168,2,838.87,0.0
30213,13405,24,2,584.38,0.0
30214,13405,47,2,459.02,0.0
30215,13405,22,1,457.79,0.0
30216,13406,28,2,662.55,0.0
30217,13406,47,1,459.02,0.0
30218,13407,11,1,202.6,0.0
30219,13407,27,1,287.02,10.0
30220,13407,12,1,677.11,10.0
30221,13408,129,2,44.87,0.0
30222,13408,10,1,132.89,0.0
30223,13409,24,1,584.38,20.0
30224,13409,22,2,457.79,0.0
30225,13410,52,5,994.18,0.0
30226,13411,67,1,808.59,0.0
30227,13411,35,1,633.08,0.0
30228,13411,42,2,880.29,0.0
30229,13412,23,1,236.54,0.0
30230,13412,21,2,851.91,0.0
30231,13412,27,2,287.02,0.0
30232,13412,11,1,202.6,0.0
30233,13413,15,1,255.83,0.0
30234,13413,134,1,426.27,0.0
30235,13413,22,1,457.79,0.0
30236,13413,44,1,930.25,0.0
30237,13414,24,2,584.38,0.0
30238,13414,188,1,720.38,0.0
30239,13414,21,2,851.91,0.0
30240,13415,48,1,358.48,0.0
30241,13415,82,1,1090.89,5.0
30242,13416,45,2,456.92,0.0
30243,13416,46,1,854.22,0.0
30244,13416,10,2,132.89,5.0
30245,13416,52,1,994.18,0.0
30246,13416,3,3,557.91,0.0
30247,13417,110,1,600.49,0.0
30248,13418,38,1,1016.34,0.0
30249,13418,22,1,457.79,20.0
30250,13418,6,1,34.19,0.0
30251,13419,14,1,149.0,0.0
30252,13419,4,1,583.61,0.0
30253,13420,1,2,643.08,10.0
30254,13420,19,1,604.84,0.0
30255,13421,42,1,880.29,0.0
30256,13421,22,1,457.79,15.0
30257,13421,18,1,818.1,0.0
30258,13422,31,4,185.47,0.0
30259,13422,45,1,456.92,0.0
30260,13422,13,1,800.5,0.0
30261,13423,24,1,584.38,0.0
30262,13424,165,1,882.32,0.0
30263,13424,36,1,72.7,10.0
30264,13424,28,1,662.55,20.0
30265,13425,41,2,176.54,5.0
30266,13425,32,1,320.79,0.0
30267,13426,52,1,994.18,0.0
30268,13426,126,1,757.74,0.0
30269,13426,17,2,173.9,20.0
30270,13427,47,2,459.02,10.0
30271,13428,48,2,358.48,5.0
30272,13428,11,2,202.6,0.0
30273,13429,43,3,935.97,20.0
30274,13429,2,1,394.13,10.0
30275,13430,56,1,776.63,0.0
30276,13430,204,5,504.77,0.0
30277,13430,44,1,930.25,0.0
30278,13431,41,1,176.54,0.0
30279,13431,17,1,173.9,0.0
30280,13431,21,1,851.91,0.0
30281,13432,17,2,173.9,15.0
30282,13432,18,2,818.1,0.0
30283,13433,52,1,994.18,0.0
30284,13433,5,1,597.45,0.0
30285,13434,18,1,818.1,0.0
30286,13435,20,1,339.73,0.0
30287,13435,17,1,173.9,0.0
30288,13436,114,1,279.33,0.0
30289,13437,15,1,255.83,0.0
30290,13438,11,1,202.6,0.0
30291,13438,104,1,613.34,15.0
30292,13439,4,1,583.61,0.0
30293,13440,45,5,456.92,0.0
30294,13440,11,1,202.6,0.0
30295,13441,18,1,818.1,0.0
30296,13441,31,1,185.47,20.0
30297,13442,18,1,818.1,0.0
30298,13442,15,1,255.83,0.0
30299,13442,21,3,851.91,10.0
30300,13443,5,1,597.45,15.0
30301,13443,22,1,457.79,5.0
30302,13443,29,1,981.65,0.0
30303,13444,11,3,202.6,5.0
30304,13445,10,1,132.89,0.0
30305,13446,23,1,236.54,0.0
30306,13447,203,1,131.33,0.0
30307,13447,50,1,994.53,10.0
30308,13448,216,1,929.01,15.0
30309,13448,1,3,643.08,0.0
30310,13448,116,1,209.21,0.0
30311,13448,42,1,880.29,0.0
30312,13449,43,2,935.97,0.0
30313,13450,34,2,43.21,5.0
30314,13450,24,1,584.38,0.0
30315,13450,41,2,176.54,0.0
30316,13450,180,1,1017.24,10.0
30317,13450,50,2,994.53,0.0
30318,13451,17,2,173.9,0.0
30319,13451,13,1,800.5,5.0
30320,13452,40,2,520.37,0.0
30321,13452,37,1,1009.52,0.0
30322,13453,5,1,597.45,0.0
30323,13453,50,1,994.53,0.0
30324,13454,15,1,255.83,0.0
30325,13454,12,2,677.11,0.0
30326,13455,197,1,893.87,20.0
30327,13455,32,1,320.79,5.0
30328,13456,11,1,202.6,0.0
30329,13457,38,1,1016.34,5.0
30330,13457,52,2,994.18,0.0
30331,13457,18,1,818.1,0.0
30332,13457,32,1,320.79,15.0
30333,13458,37,1,1009.52,0.0
30334,13459,14,2,149.0,0.0
30335,13460,81,1,77.19,0.0
30336,13461,51,2,774.23,10.0
30337,13461,107,2,933.7,0.0
30338,13461,13,2,800.5,0.0
30339,13462,11,1,202.6,0.0
30340,13463,52,3,994.18,10.0
30341,13464,12,1,677.11,0.0
30342,13465,198,1,904.38,0.0
30343,13466,22,4,457.79,0.0
30344,13466,35,2,633.08,0.0
30345,13467,45,1,456.92,0.0
30346,13467,7,1,62.52,0.0
30347,13467,49,3,1020.52,20.0
30348,13468,29,1,981.65,0.0
30349,13468,118,2,1091.59,0.0
30350,13468,17,1,173.9,0.0
30351,13469,83,1,144.27,0.0
30352,13469,8,1,542.39,0.0
30353,13469,41,1,176.54,0.0
30354,13470,251,1,395.15,20.0
30355,13470,11,1,202.6,0.0
30356,13471,25,2,631.62,0.0
30357,13471,24,1,584.38,0.0
30358,13472,40,2,520.37,0.0
30359,13473,5,1,597.45,5.0
30360,13473,55,1,479.69,10.0
30361,13474,47,2,459.02,20.0
30362,13474,33,2,947.92,0.0
30363,13474,23,1,236.54,0.0
30364,13475,21,2,851.91,10.0
30365,13475,36,2,72.7,0.0
30366,13476,21,3,851.91,5.0
30367,13477,161,1,417.52,0.0
30368,13477,17,1,173.9,0.0
30369,13478,19,1,604.84,0.0
30370,13478,49,2,1020.52,5.0
30371,13479,203,1,131.33,10.0
30372,13479,24,1,584.38,5.0
30373,13479,158,3,334.84,15.0
30374,13480,6,1,34.19,0.0
30375,13480,16,2,973.78,0.0
30376,13481,3,1,557.91,0.0
30377,13481,44,1,930.25,0.0
30378,13482,35,2,633.08,10.0
30379,13482,50,1,994.53,0.0
30380,13483,22,2,457.79,0.0
30381,13483,47,1,459.02,0.0
30382,13484,248,1,249.31,0.0
30383,13484,178,2,512.5,0.0
30384,13484,18,1,818.1,0.0
30385,13484,15,2,255.83,0.0
30386,13485,45,1,456.92,10.0
30387,13485,8,1,542.39,0.0
30388,13485,49,1,1020.52,0.0
30389,13486,41,1,176.54,5.0
30390,13487,11,1,202.6,5.0
30391,13487,36,2,72.7,5.0
30392,13488,18,1,818.1,0.0
30393,13488,26,1,204.87,0.0
30394,13488,47,1,459.02,0.0
30395,13488,127,1,711.21,0.0
30396,13488,42,2,880.29,15.0
30397,13489,18,1,818.1,0.0
30398,13489,40,4,520.37,0.0
30399,13489,47,2,459.02,0.0
30400,13490,35,3,633.08,20.0
30401,13491,47,1,459.02,5.0
30402,13492,5,1,597.45,0.0
30403,13492,133,1,245.7,15.0
30404,13493,3,2,557.91,5.0
30405,13494,87,2,812.54,0.0
30406,13495,123,2,272.6,0.0
30407,13496,165,2,882.32,0.0
30408,13497,22,3,457.79,5.0
30409,13497,23,1,236.54,20.0
30410,13497,78,3,1047.68,0.0
30411,13498,169,1,863.12,0.0
30412,13499,257,1,118.54,5.0
30413,13500,45,1,456.92,0.0
30414,13500,28,1,662.55,0.0
30415,13500,27,1,287.02,0.0
30416,13500,41,1,176.54,5.0
30417,13500,13,2,800.5,20.0
