PaymentID,OrderID,PaymentDate,PaymentMethod,PaymentAmount,PaymentStatus,TransactionReference
1,1,2026-04-13 23:48:29,PayPal,2933.43,Completed,TXN-1-1
2,2,2026-08-17 13:01:37,Credit Card,981.65,Pending,
3,3,2026-03-25 22:25:20,Credit Card,486.08,Completed,TXN-3-3
4,4,2026-03-08 14:15:44,Credit Card,1952.88,Completed,TXN-4-4
5,5,2026-02-13 21:03:01,Debit Card,2790.75,Pending,
6,6,2025-09-11 09:20:45,Bank Transfer,3538.92,Completed,TXN-6-6
7,7,2025-03-22 05:08:13,Bank Transfer,4649.56,Completed,TXN-7-7
8,8,2026-02-05 06:34:00,Credit Card,1792.38,Completed,TXN-8-8
9,9,2024-08-10 14:01:57,Debit Card,1413.51,Completed,TXN-9-9
10,10,2025-06-15 22:31:41,Cash on Delivery,3012.56,Completed,TXN-10-10
11,11,2024-07-01 05:58:52,Credit Card,2754.04,Completed,TXN-11-11
12,12,2026-06-14 12:26:20,Credit Card,1655.43,Completed,TXN-12-12
13,13,2026-07-01 01:04:13,PayPal,3010.58,Refunded,TXN-13-13
14,14,2024-10-24 14:01:50,Debit Card,1957.75,Completed,TXN-14-14
15,15,2026-05-17 19:18:07,Bank Transfer,6205.13,Completed,TXN-15-15
16,16,2026-05-06 19:07:08,Bank Transfer,3677.64,Completed,TXN-16-16
17,17,2025-01-06 08:56:13,Debit Card,975.94,Completed,TXN-17-17
18,18,2026-08-22 18:28:49,Credit Card,125.04,Completed,TXN-18-18
19,19,2025-10-12 04:04:40,Cash on Delivery,643.08,Refunded,TXN-19-19
20,20,2024-11-10 14:21:24,Debit Card,757.02,Completed,TXN-20-20
21,21,2026-01-31 01:56:19,PayPal,788.26,Completed,TXN-21-21
22,22,2026-07-13 18:26:09,PayPal,1389.12,Completed,TXN-22-22
23,23,2026-06-04 17:18:27,Debit Card,459.02,Completed,TXN-23-23
24,24,2026-08-03 06:45:16,Cash on Delivery,279.64,Completed,TXN-24-24
25,25,2026-08-30 16:05:21,Bank Transfer,3182.55,Completed,TXN-25-25
26,26,2026-08-23 10:00:18,Bank Transfer,4146.07,Completed,TXN-26-26
27,27,2025-07-25 23:20:30,Credit Card,4956.01,Completed,TXN-27-27
28,28,2025-12-31 23:10:21,Bank Transfer,778.44,Pending,
29,29,2025-09-06 16:41:44,PayPal,43.21,Completed,TXN-29-29
30,30,2026-04-11 21:59:26,Credit Card,2330.42,Pending,
31,31,2026-04-26 23:01:16,Debit Card,1650.21,Completed,TXN-31-31
32,32,2025-12-25 06:48:05,PayPal,2042.08,Completed,TXN-32-32
33,33,2026-03-21 17:31:56,Cash on Delivery,2528.87,Completed,TXN-33-33
34,34,2026-06-24 05:09:07,Debit Card,574.6,Completed,TXN-34-34
35,35,2026-04-24 16:30:17,Debit Card,2466.32,Completed,TXN-35-35
36,36,2026-07-29 03:11:00,PayPal,1551.71,Completed,TXN-36-36
37,37,2024-12-11 15:15:12,Cash on Delivery,1852.73,Completed,TXN-37-37
38,38,2024-12-30 16:41:52,Debit Card,607.01,Completed,TXN-38-38
39,39,2024-02-19 14:42:35,Cash on Delivery,1496.65,Completed,TXN-39-39
40,40,2025-09-03 20:52:34,Debit Card,1052.12,Completed,TXN-40-40
41,41,2026-08-17 17:35:57,Credit Card,977.4,Completed,TXN-41-41
42,42,2025-09-12 12:18:13,Cash on Delivery,788.26,Completed,TXN-42-42
43,43,2026-03-01 19:48:12,Credit Card,1000.91,Refunded,TXN-43-43
44,44,2026-03-07 01:50:11,Cash on Delivery,125.04,Completed,TXN-44-44
45,45,2026-04-23 21:59:04,Debit Card,1952.05,Completed,TXN-45-45
46,46,2025-03-31 15:03:27,Credit Card,2741.55,Completed,TXN-46-46
47,47,2026-06-30 00:36:22,Credit Card,1410.53,Pending,
48,48,2026-03-16 14:43:17,PayPal,179.64,Completed,TXN-48-48
49,49,2026-07-16 13:35:00,Credit Card,461.03,Completed,TXN-49-49
50,50,2024-09-29 03:20:15,Bank Transfer,4706.25,Completed,TXN-50-50
51,51,2024-08-17 19:08:07,Bank Transfer,658.15,Refunded,TXN-51-51
52,52,2026-01-29 14:06:59,Bank Transfer,709.42,Refunded,TXN-52-52
53,53,2025-06-01 13:19:56,Credit Card,640.4,Completed,TXN-53-53
54,54,2025-07-28 17:17:44,Bank Transfer,457.05,Completed,TXN-54-54
55,55,2025-04-10 01:13:56,Credit Card,466.96,Completed,TXN-55-55
56,56,2024-03-23 09:52:55,PayPal,2052.43,Completed,TXN-56-56
57,57,2025-06-24 09:45:51,Cash on Delivery,641.58,Completed,TXN-57-57
58,58,2025-09-18 02:19:19,Credit Card,2329.48,Completed,TXN-58-58
59,59,2026-01-18 06:44:54,PayPal,2782.79,Completed,TXN-59-59
60,60,2025-08-27 05:10:18,PayPal,1899.24,Completed,TXN-60-60
61,61,2025-11-12 06:00:23,Bank Transfer,3041.55,Completed,TXN-61-61
62,62,2025-10-07 02:26:49,Bank Transfer,1551.13,Completed,TXN-62-62
63,63,2025-03-09 03:04:16,Credit Card,1282.3,Completed,TXN-63-63
64,64,2025-10-03 10:42:58,Credit Card,394.13,Failed,
65,65,2026-02-18 00:54:22,Credit Card,4194.8,Completed,TXN-65-65
66,66,2026-08-07 20:36:29,Credit Card,6109.22,Completed,TXN-66-66
67,67,2024-08-04 03:09:34,Cash on Delivery,1123.64,Completed,TXN-67-67
68,68,2025-07-16 03:02:57,Cash on Delivery,3077.78,Completed,TXN-68-68
69,69,2025-02-12 06:27:07,Debit Card,1489.71,Pending,
70,70,2026-08-19 14:46:23,PayPal,807.62,Completed,TXN-70-70
71,71,2024-06-11 00:09:55,PayPal,3452.88,Completed,TXN-71-71
72,72,2025-07-31 14:30:03,Bank Transfer,1546.6,Pending,
73,73,2026-01-26 02:02:54,Credit Card,1717.24,Completed,TXN-73-73
74,74,2026-02-02 09:19:02,Bank Transfer,1071.23,Completed,TXN-74-74
75,75,2026-01-16 04:01:21,Debit Card,389.12,Completed,TXN-75-75
76,76,2026-01-18 09:38:40,Bank Transfer,369.7,Completed,TXN-76-76
77,77,2024-08-02 09:03:11,Credit Card,662.55,Failed,
78,78,2026-06-23 12:49:11,Debit Card,72.7,Completed,TXN-78-78
79,79,2026-06-14 02:29:33,Debit Card,635.61,Completed,TXN-79-79
80,80,2026-08-29 09:06:03,Bank Transfer,2914.25,Completed,TXN-80-80
81,81,2026-06-30 13:18:04,Bank Transfer,4228.43,Completed,TXN-81-81
82,82,2026-07-08 07:49:26,PayPal,2396.98,Completed,TXN-82-82
83,83,2026-08-31 08:37:18,PayPal,5119.43,Completed,TXN-83-83
84,84,2025-08-27 19:04:05,Debit Card,3099.72,Completed,TXN-84-84
85,85,2024-06-27 18:41:44,Bank Transfer,1989.06,Completed,TXN-85-85
86,86,2026-06-05 15:38:37,Bank Transfer,1817.14,Completed,TXN-86-86
87,87,2025-09-11 09:20:27,PayPal,426.34,Completed,TXN-87-87
88,88,2025-07-29 04:21:18,Credit Card,570.41,Pending,
89,89,2024-07-13 13:04:36,Debit Card,2896.57,Completed,TXN-89-89
90,90,2025-10-29 03:32:31,Cash on Delivery,4307.99,Refunded,TXN-90-90
91,91,2026-07-04 12:03:13,Cash on Delivery,940.28,Completed,TXN-91-91
92,92,2025-09-03 10:15:17,Cash on Delivery,217.62,Completed,TXN-92-92
93,93,2026-07-10 12:41:32,Bank Transfer,3365.7,Failed,
94,94,2026-01-30 04:16:44,PayPal,1704.05,Completed,TXN-94-94
95,95,2026-04-30 15:37:52,Cash on Delivery,456.92,Completed,TXN-95-95
96,96,2026-01-02 02:46:10,PayPal,457.79,Completed,TXN-96-96
97,97,2026-04-02 21:32:14,Credit Card,643.08,Completed,TXN-97-97
98,98,2025-11-18 04:39:20,Bank Transfer,1341.03,Completed,TXN-98-98
99,99,2025-11-23 10:12:34,Debit Card,4408.38,Completed,TXN-99-99
100,100,2025-10-13 06:15:55,Cash on Delivery,3669.02,Completed,TXN-100-100
101,101,2026-04-21 14:49:42,Cash on Delivery,4741.16,Completed,TXN-101-101
102,102,2026-03-14 15:52:05,Credit Card,1093.42,Completed,TXN-102-102
103,103,2025-11-18 13:01:45,Debit Card,358.48,Completed,TXN-103-103
104,104,2025-09-15 21:21:52,Credit Card,456.92,Completed,TXN-104-104
105,105,2025-02-10 03:12:09,Credit Card,644.95,Completed,TXN-105-105
106,106,2025-01-15 09:44:35,Cash on Delivery,4197.2,Completed,TXN-106-106
107,107,2025-01-28 20:23:03,Cash on Delivery,1445.83,Completed,TXN-107-107
108,108,2024-09-12 02:48:26,Cash on Delivery,2542.07,Completed,TXN-108-108
109,109,2025-06-29 15:31:14,Credit Card,1799.49,Completed,TXN-109-109
110,110,2025-10-28 06:46:27,Credit Card,597.45,Refunded,TXN-110-110
111,111,2024-09-15 09:29:43,Credit Card,733.3,Completed,TXN-111-111
112,112,2026-05-08 13:23:54,Debit Card,1395.16,Completed,TXN-112-112
113,113,2026-02-17 06:23:16,Cash on Delivery,1291.72,Completed,TXN-113-113
114,114,2026-04-25 14:28:55,Cash on Delivery,1344.86,Pending,
115,115,2025-02-03 15:59:37,PayPal,4616.47,Completed,TXN-115-115
116,116,2025-11-22 18:05:07,Bank Transfer,1760.58,Pending,
117,117,2026-06-08 10:37:33,Bank Transfer,2506.47,Completed,TXN-117-117
118,118,2025-10-08 02:24:09,Credit Card,2107.38,Completed,TXN-118-118
119,119,2026-04-21 13:55:37,Credit Card,1568.56,Pending,
120,120,2026-08-29 09:45:14,Debit Card,771.08,Completed,TXN-120-120
121,121,2026-07-07 05:23:35,PayPal,1003.51,Completed,TXN-121-121
122,122,2026-01-05 18:05:45,Cash on Delivery,3160.58,Failed,
123,123,2026-06-06 11:44:55,Cash on Delivery,4725.49,Pending,
124,124,2025-02-26 11:51:27,Cash on Delivery,650.47,Completed,TXN-124-124
125,125,2026-01-21 21:33:07,Debit Card,317.77,Completed,TXN-125-125
126,126,2026-07-01 14:08:35,Cash on Delivery,2673.55,Completed,TXN-126-126
127,127,2024-07-29 02:10:07,Cash on Delivery,1703.82,Completed,TXN-127-127
128,128,2025-04-12 22:54:41,Bank Transfer,298.0,Completed,TXN-128-128
129,129,2026-05-10 14:22:57,Credit Card,56.27,Completed,TXN-129-129
130,130,2026-08-24 05:13:53,Debit Card,3665.39,Completed,TXN-130-130
131,131,2026-05-03 10:59:13,Cash on Delivery,3756.55,Pending,
132,132,2026-04-27 00:08:30,PayPal,320.79,Completed,TXN-132-132
133,133,2026-01-12 00:32:51,Cash on Delivery,1141.85,Completed,TXN-133-133
134,134,2024-03-14 21:32:54,Debit Card,854.22,Completed,TXN-134-134
135,135,2026-06-19 17:59:52,Cash on Delivery,3244.26,Completed,TXN-135-135
136,136,2026-03-09 09:24:19,Bank Transfer,1895.84,Completed,TXN-136-136
137,137,2026-01-24 13:54:43,Credit Card,1662.04,Pending,
138,138,2026-07-26 19:42:35,Credit Card,2244.89,Completed,TXN-138-138
139,139,2026-05-29 09:36:31,PayPal,1572.72,Completed,TXN-139-139
140,140,2025-02-08 05:26:08,PayPal,1729.73,Completed,TXN-140-140
141,141,2025-10-13 01:53:31,Cash on Delivery,3569.19,Completed,TXN-141-141
142,142,2024-03-10 23:52:18,Bank Transfer,1130.6,Pending,
143,143,2026-07-07 16:20:56,PayPal,1226.69,Completed,TXN-143-143
144,144,2026-04-09 11:31:49,Debit Card,1714.93,Pending,
145,145,2026-04-22 20:19:56,PayPal,277.78,Completed,TXN-145-145
146,146,2026-03-15 07:16:47,Credit Card,657.77,Completed,TXN-146-146
147,147,2025-09-13 22:28:44,Credit Card,3063.93,Completed,TXN-147-147
148,148,2026-07-13 14:23:50,Bank Transfer,2807.91,Completed,TXN-148-148
149,149,2026-04-15 07:32:30,Debit Card,1534.61,Completed,TXN-149-149
150,150,2026-04-25 14:03:25,Bank Transfer,851.54,Completed,TXN-150-150
151,151,2025-08-25 12:57:23,Bank Transfer,138.13,Completed,TXN-151-151
152,152,2025-05-30 12:41:58,Bank Transfer,3006.46,Completed,TXN-152-152
153,153,2026-07-03 20:48:17,Cash on Delivery,2454.3,Completed,TXN-153-153
154,154,2026-07-02 05:04:25,Debit Card,1122.91,Pending,
155,155,2026-08-25 02:53:04,Credit Card,3120.97,Completed,TXN-155-155
156,156,2025-09-07 02:38:22,Debit Card,648.46,Completed,TXN-156-156
157,157,2024-10-15 20:24:48,Bank Transfer,817.5,Pending,
158,158,2024-04-25 03:12:19,PayPal,5132.08,Completed,TXN-158-158
159,159,2026-08-19 00:39:36,Bank Transfer,2126.89,Completed,TXN-159-159
160,160,2026-06-18 12:37:34,Debit Card,2619.84,Pending,
161,161,2026-01-18 05:04:52,Credit Card,1438.2,Completed,TXN-161-161
162,162,2025-10-01 08:54:06,PayPal,5389.09,Pending,
163,163,2026-05-20 10:20:09,Bank Transfer,3780.32,Completed,TXN-163-163
164,164,2025-07-29 05:13:49,Bank Transfer,1009.52,Completed,TXN-164-164
165,165,2025-12-05 13:51:05,Cash on Delivery,166.92,Completed,TXN-165-165
166,166,2025-10-02 16:14:55,Cash on Delivery,662.55,Completed,TXN-166-166
167,167,2025-03-16 02:31:37,Cash on Delivery,4950.76,Completed,TXN-167-167
168,168,2026-07-31 21:35:43,Credit Card,1495.31,Completed,TXN-168-168
169,169,2025-01-01 11:05:39,PayPal,1612.98,Completed,TXN-169-169
170,170,2026-01-18 11:27:39,Cash on Delivery,457.79,Completed,TXN-170-170
171,171,2026-01-22 15:47:01,Bank Transfer,348.67,Completed,TXN-171-171
172,172,2026-03-07 04:57:18,Credit Card,1879.2,Completed,TXN-172-172
173,173,2025-09-13 10:14:21,Credit Card,2276.12,Completed,TXN-173-173
174,174,2024-07-05 21:14:49,Credit Card,510.58,Completed,TXN-174-174
175,175,2026-06-27 00:47:45,Debit Card,942.7,Completed,TXN-175-175
176,176,2025-11-12 07:34:08,PayPal,457.79,Completed,TXN-176-176
177,177,2024-02-03 00:38:40,Cash on Delivery,1733.61,Completed,TXN-177-177
178,178,2026-02-10 20:28:40,PayPal,2847.55,Completed,TXN-178-178
179,179,2025-12-11 21:10:25,Debit Card,1365.47,Completed,TXN-179-179
180,180,2026-01-05 14:43:36,Credit Card,5499.34,Completed,TXN-180-180
181,181,2026-07-23 03:36:08,Debit Card,176.54,Completed,TXN-181-181
182,182,2026-01-17 16:56:27,Bank Transfer,1020.52,Completed,TXN-182-182
183,183,2026-05-31 20:27:15,Bank Transfer,811.55,Pending,
184,184,2026-02-24 06:02:43,PayPal,2306.54,Completed,TXN-184-184
185,185,2026-07-08 18:29:28,Credit Card,521.55,Completed,TXN-185-185
186,186,2026-08-11 02:01:51,Bank Transfer,2800.95,Completed,TXN-186-186
187,187,2026-07-23 02:54:57,Credit Card,3648.25,Pending,
188,188,2024-08-16 11:26:29,Credit Card,2521.21,Completed,TXN-188-188
189,189,2026-07-26 12:55:30,Cash on Delivery,4321.3,Completed,TXN-189-189
190,190,2024-12-09 11:57:27,Credit Card,876.47,Completed,TXN-190-190
191,191,2026-08-26 05:11:32,PayPal,4223.35,Completed,TXN-191-191
192,192,2025-08-04 13:15:40,Bank Transfer,1598.52,Completed,TXN-192-192
193,193,2026-08-28 08:32:47,Bank Transfer,119.19,Completed,TXN-193-193
194,194,2026-04-23 05:19:38,Cash on Delivery,457.79,Completed,TXN-194-194
195,195,2026-02-14 01:22:01,PayPal,989.85,Completed,TXN-195-195
196,196,2025-07-18 13:53:50,PayPal,1947.56,Completed,TXN-196-196
197,197,2026-04-03 03:17:18,PayPal,994.18,Completed,TXN-197-197
198,198,2026-08-13 18:05:17,Credit Card,1084.78,Completed,TXN-198-198
199,199,2024-04-05 17:21:46,Debit Card,736.29,Completed,TXN-199-199
200,200,2025-01-29 16:01:16,Cash on Delivery,3887.78,Refunded,TXN-200-200
201,201,2025-09-23 23:00:53,Credit Card,4184.68,Completed,TXN-201-201
202,202,2026-04-08 03:21:01,Bank Transfer,1153.7,Completed,TXN-202-202
203,203,2025-06-27 13:06:08,Debit Card,915.58,Completed,TXN-203-203
204,204,2025-10-20 07:14:52,PayPal,1501.85,Completed,TXN-204-204
205,205,2025-07-15 18:34:29,Debit Card,3072.24,Completed,TXN-205-205
206,206,2026-07-16 16:37:45,Credit Card,973.78,Completed,TXN-206-206
207,207,2026-06-22 06:07:29,Debit Card,3469.84,Completed,TXN-207-207
208,208,2026-05-10 19:23:05,Credit Card,2344.49,Completed,TXN-208-208
209,209,2026-08-16 08:41:29,Debit Card,42.62,Refunded,TXN-209-209
210,210,2026-08-15 16:05:56,Debit Card,395.15,Completed,TXN-210-210
211,211,2026-05-29 07:42:41,Bank Transfer,3075.2,Completed,TXN-211-211
212,212,2026-08-01 15:39:55,Cash on Delivery,577.42,Completed,TXN-212-212
213,213,2026-08-26 22:29:11,Debit Card,2849.99,Completed,TXN-213-213
214,214,2024-07-22 07:48:14,Debit Card,2243.1,Completed,TXN-214-214
215,215,2025-08-29 01:27:46,Cash on Delivery,2819.36,Completed,TXN-215-215
216,216,2025-01-25 06:50:49,Bank Transfer,2921.34,Completed,TXN-216-216
217,217,2025-12-25 16:16:41,PayPal,2192.86,Completed,TXN-217-217
218,218,2025-03-18 11:54:35,Cash on Delivery,1549.41,Completed,TXN-218-218
219,219,2026-08-11 23:44:08,Cash on Delivery,1248.98,Completed,TXN-219-219
220,220,2026-08-13 15:23:48,Bank Transfer,1637.26,Completed,TXN-220-220
221,221,2026-06-26 13:08:02,PayPal,161.68,Completed,TXN-221-221
222,222,2024-11-15 02:38:06,Debit Card,1921.53,Completed,TXN-222-222
223,223,2024-08-08 17:34:31,Bank Transfer,189.94,Completed,TXN-223-223
224,224,2026-05-01 20:56:04,Debit Card,2630.38,Completed,TXN-224-224
225,225,2026-01-31 23:15:31,PayPal,69.47,Completed,TXN-225-225
226,226,2026-07-13 15:22:21,PayPal,1814.52,Refunded,TXN-226-226
227,227,2025-06-16 02:09:36,Bank Transfer,1120.34,Completed,TXN-227-227
228,228,2026-07-03 08:52:04,Bank Transfer,1384.52,Completed,TXN-228-228
229,229,2025-10-13 06:12:08,Bank Transfer,141.23,Completed,TXN-229-229
230,230,2026-04-16 01:33:04,Credit Card,1409.91,Pending,
231,231,2026-01-26 07:28:23,Debit Card,1517.52,Completed,TXN-231-231
232,232,2026-06-19 11:17:47,Debit Card,4507.67,Completed,TXN-232-232
233,233,2025-07-17 05:27:24,Credit Card,4381.94,Completed,TXN-233-233
234,234,2025-01-25 22:50:35,Debit Card,777.52,Completed,TXN-234-234
235,235,2026-08-22 05:19:30,Cash on Delivery,1082.26,Failed,
236,236,2026-06-26 23:44:23,Cash on Delivery,3079.55,Completed,TXN-236-236
237,237,2026-06-26 17:46:20,Credit Card,1937.15,Failed,
238,238,2026-02-04 09:51:29,Debit Card,1155.55,Completed,TXN-238-238
239,239,2025-06-01 01:50:25,Cash on Delivery,915.94,Completed,TXN-239-239
240,240,2026-04-27 09:52:12,Cash on Delivery,3541.6,Completed,TXN-240-240
241,241,2026-07-08 10:46:19,PayPal,1627.17,Completed,TXN-241-241
242,242,2025-04-17 19:16:14,Bank Transfer,6104.55,Completed,TXN-242-242
243,243,2026-05-17 03:48:15,Credit Card,1415.28,Completed,TXN-243-243
244,244,2025-07-10 21:31:01,Bank Transfer,3643.54,Completed,TXN-244-244
245,245,2026-06-29 08:57:01,Debit Card,1316.3,Completed,TXN-245-245
246,246,2026-06-25 09:43:13,Bank Transfer,7707.94,Completed,TXN-246-246
247,247,2025-05-27 14:17:27,Debit Card,386.22,Completed,TXN-247-247
248,248,2025-11-19 07:22:24,PayPal,1541.95,Completed,TXN-248-248
249,249,2026-06-12 11:32:56,Bank Transfer,4128.77,Pending,
250,250,2026-07-19 14:44:44,Cash on Delivery,597.45,Completed,TXN-250-250
251,251,2026-07-13 05:16:18,PayPal,6207.89,Completed,TXN-251-251
252,252,2026-08-23 02:34:40,Credit Card,4021.33,Completed,TXN-252-252
253,253,2025-03-26 20:12:38,Bank Transfer,1149.7,Completed,TXN-253-253
254,254,2024-10-15 12:32:04,Credit Card,1700.3,Completed,TXN-254-254
255,255,2026-02-17 06:28:43,Debit Card,3599.0,Pending,
256,256,2025-11-23 04:00:30,Credit Card,758.96,Completed,TXN-256-256
257,257,2024-11-01 17:20:23,Cash on Delivery,145.31,Completed,TXN-257-257
258,258,2024-10-17 19:39:21,Bank Transfer,855.84,Completed,TXN-258-258
259,259,2026-03-02 06:18:11,Bank Transfer,1007.31,Completed,TXN-259-259
260,260,2024-12-16 04:20:52,Cash on Delivery,310.51,Completed,TXN-260-260
261,261,2026-07-03 05:04:33,Credit Card,1439.09,Completed,TXN-261-261
262,262,2026-01-20 19:55:11,Credit Card,542.39,Completed,TXN-262-262
263,263,2026-08-03 13:27:57,PayPal,1073.75,Completed,TXN-263-263
264,264,2025-08-26 17:08:07,Bank Transfer,4307.69,Completed,TXN-264-264
265,265,2025-11-24 23:22:09,PayPal,4185.0,Completed,TXN-265-265
266,266,2025-02-01 06:27:49,Bank Transfer,1887.17,Completed,TXN-266-266
267,267,2025-09-29 14:12:09,Bank Transfer,3309.44,Failed,
268,268,2025-03-21 12:57:54,Debit Card,1440.78,Completed,TXN-268-268
269,269,2024-02-28 03:24:22,Bank Transfer,5565.5,Pending,
270,270,2025-04-08 14:42:41,Bank Transfer,3648.64,Completed,TXN-270-270
271,271,2026-05-05 20:25:34,Debit Card,2588.63,Completed,TXN-271-271
272,272,2025-08-12 06:27:47,Cash on Delivery,2003.49,Refunded,TXN-272-272
273,273,2025-04-15 08:10:28,Debit Card,6245.94,Pending,
274,274,2024-09-08 05:51:58,Debit Card,4511.73,Completed,TXN-274-274
275,275,2025-07-29 06:01:09,PayPal,2904.29,Completed,TXN-275-275
276,276,2026-07-27 04:18:37,Bank Transfer,6869.44,Completed,TXN-276-276
277,277,2026-03-05 11:18:44,Bank Transfer,1624.03,Failed,
278,278,2026-08-27 11:22:19,Bank Transfer,6535.34,Completed,TXN-278-278
279,279,2026-02-15 04:27:05,PayPal,800.79,Refunded,TXN-279-279
280,280,2025-12-09 01:33:24,Credit Card,1623.07,Completed,TXN-280-280
281,281,2025-12-01 04:17:50,Credit Card,1325.1,Completed,TXN-281-281
282,282,2026-06-07 23:01:15,Cash on Delivery,1354.38,Completed,TXN-282-282
283,283,2025-05-05 16:41:27,Cash on Delivery,3838.97,Completed,TXN-283-283
284,284,2025-04-16 07:34:02,Bank Transfer,2183.98,Completed,TXN-284-284
285,285,2025-03-27 06:15:02,Bank Transfer,413.12,Completed,TXN-285-285
286,286,2026-01-21 05:06:19,Bank Transfer,2716.46,Completed,TXN-286-286
287,287,2026-08-18 19:48:21,PayPal,3456.08,Completed,TXN-287-287
288,288,2026-04-15 13:35:02,Cash on Delivery,4684.43,Failed,
289,289,2025-07-12 15:47:29,Bank Transfer,3022.3,Pending,
290,290,2026-05-25 01:13:20,Cash on Delivery,2350.35,Completed,TXN-290-290
291,291,2026-04-02 08:00:28,PayPal,1495.8,Completed,TXN-291-291
292,292,2026-07-10 12:38:28,Bank Transfer,1192.33,Completed,TXN-292-292
293,293,2025-11-04 01:30:17,PayPal,662.9,Failed,
294,294,2025-05-25 21:47:47,Debit Card,3300.04,Completed,TXN-294-294
295,295,2026-07-15 16:08:58,Debit Card,930.93,Completed,TXN-295-295
296,296,2024-04-30 11:58:22,Credit Card,1354.22,Completed,TXN-296-296
297,297,2023-12-13 01:58:22,Credit Card,512.49,Completed,TXN-297-297
298,298,2024-09-27 11:12:48,Credit Card,1914.0,Completed,TXN-298-298
299,299,2024-02-28 22:49:27,PayPal,1513.34,Failed,
300,300,2026-04-06 04:05:52,Bank Transfer,397.23,Completed,TXN-300-300
301,301,2026-06-25 16:42:07,PayPal,1929.24,Completed,TXN-301-301
302,302,2026-05-08 20:07:28,Bank Transfer,2199.12,Completed,TXN-302-302
303,303,2024-05-21 15:46:57,Debit Card,494.35,Completed,TXN-303-303
304,304,2025-11-23 20:52:38,PayPal,2501.72,Completed,TXN-304-304
305,305,2025-12-14 12:31:02,Cash on Delivery,2289.29,Completed,TXN-305-305
306,306,2026-05-04 09:48:30,Credit Card,646.74,Completed,TXN-306-306
307,307,2026-02-14 09:28:27,Bank Transfer,4589.82,Completed,TXN-307-307
308,308,2026-09-01 13:52:19,Bank Transfer,1338.09,Completed,TXN-308-308
309,309,2026-04-24 08:46:12,Credit Card,4155.08,Completed,TXN-309-309
310,310,2025-09-21 12:45:12,Credit Card,1680.78,Refunded,TXN-310-310
311,311,2025-05-10 16:05:44,Credit Card,8624.21,Completed,TXN-311-311
312,312,2026-07-04 13:14:13,PayPal,2495.17,Completed,TXN-312-312
313,313,2026-08-29 23:53:13,PayPal,4925.69,Completed,TXN-313-313
314,314,2025-07-23 23:19:53,Bank Transfer,344.42,Completed,TXN-314-314
315,315,2026-08-29 19:33:55,Bank Transfer,1231.61,Completed,TXN-315-315
316,316,2026-09-01 09:54:09,Debit Card,1009.52,Completed,TXN-316-316
317,317,2025-08-19 23:21:56,Bank Transfer,1368.81,Completed,TXN-317-317
318,318,2024-09-21 18:16:07,Credit Card,3049.02,Completed,TXN-318-318
319,319,2025-06-28 07:16:22,Debit Card,2597.23,Completed,TXN-319-319
320,320,2026-04-03 20:19:03,Credit Card,1905.25,Completed,TXN-320-320
321,321,2025-09-30 10:28:57,Cash on Delivery,1489.81,Completed,TXN-321-321
322,322,2026-08-17 07:12:39,Debit Card,2149.19,Completed,TXN-322-322
323,323,2025-01-29 19:44:46,PayPal,2351.64,Completed,TXN-323-323
324,324,2026-08-28 23:13:04,Bank Transfer,3408.22,Completed,TXN-324-324
325,325,2024-10-14 13:53:41,Credit Card,2299.04,Completed,TXN-325-325
326,326,2025-04-08 11:31:18,Cash on Delivery,2451.44,Completed,TXN-326-326
327,327,2026-06-15 05:37:39,PayPal,290.8,Completed,TXN-327-327
328,328,2025-06-09 03:18:31,Bank Transfer,2790.75,Completed,TXN-328-328
329,329,2025-08-07 22:46:26,PayPal,3582.04,Completed,TXN-329-329
330,330,2026-03-01 17:24:52,Debit Card,675.41,Completed,TXN-330-330
331,331,2026-06-12 05:21:42,Credit Card,3295.68,Completed,TXN-331-331
332,332,2025-06-26 16:15:41,Cash on Delivery,1506.97,Completed,TXN-332-332
333,333,2026-08-16 16:35:30,Debit Card,2514.9,Completed,TXN-333-333
334,334,2025-08-04 19:43:12,Debit Card,1372.87,Completed,TXN-334-334
335,335,2026-06-13 05:25:04,Credit Card,4010.99,Completed,TXN-335-335
336,336,2024-04-21 23:08:04,Cash on Delivery,1364.02,Completed,TXN-336-336
337,337,2026-08-24 05:36:26,Credit Card,902.38,Refunded,TXN-337-337
338,338,2026-04-16 00:04:58,Bank Transfer,900.52,Completed,TXN-338-338
339,339,2026-08-01 21:37:50,Bank Transfer,3829.22,Completed,TXN-339-339
340,340,2025-07-10 10:58:44,Bank Transfer,1667.89,Completed,TXN-340-340
341,341,2026-07-11 09:03:26,PayPal,4013.68,Completed,TXN-341-341
342,342,2026-02-02 08:17:59,Credit Card,62.52,Pending,
343,343,2024-10-28 21:14:23,Bank Transfer,5184.2,Completed,TXN-343-343
344,344,2025-11-26 16:57:09,Debit Card,851.05,Completed,TXN-344-344
345,345,2026-01-27 07:56:39,Credit Card,3343.79,Completed,TXN-345-345
346,346,2026-03-24 06:02:41,Bank Transfer,2084.71,Completed,TXN-346-346
347,347,2024-11-28 20:24:21,Debit Card,4012.7,Completed,TXN-347-347
348,348,2026-08-24 04:22:59,Credit Card,732.76,Completed,TXN-348-348
349,349,2026-04-29 06:22:11,Cash on Delivery,2168.87,Pending,
350,350,2025-06-07 18:15:08,Credit Card,4409.33,Completed,TXN-350-350
351,351,2026-03-19 05:39:28,Debit Card,414.37,Completed,TXN-351-351
352,352,2025-07-26 23:36:57,PayPal,4662.82,Completed,TXN-352-352
353,353,2026-05-28 05:24:14,PayPal,725.38,Failed,
354,354,2025-07-04 10:10:45,Debit Card,834.38,Completed,TXN-354-354
355,355,2025-09-23 13:36:04,Cash on Delivery,5380.33,Completed,TXN-355-355
356,356,2026-01-01 12:30:28,PayPal,2538.93,Pending,
357,357,2025-09-26 22:24:33,Bank Transfer,313.02,Completed,TXN-357-357
358,358,2026-04-01 11:07:35,Debit Card,1047.6,Completed,TXN-358-358
359,359,2026-07-21 01:34:43,Credit Card,3487.57,Completed,TXN-359-359
360,360,2024-03-19 17:59:00,PayPal,2996.9,Completed,TXN-360-360
361,361,2026-07-30 00:44:25,PayPal,2695.2,Completed,TXN-361-361
362,362,2026-08-13 23:23:44,PayPal,5550.95,Completed,TXN-362-362
363,363,2026-02-09 12:06:30,Credit Card,4972.65,Completed,TXN-363-363
364,364,2024-06-25 22:26:46,Debit Card,643.25,Completed,TXN-364-364
365,365,2026-08-20 18:38:48,Cash on Delivery,1709.24,Failed,
366,366,2026-07-09 04:44:39,Debit Card,2430.68,Completed,TXN-366-366
367,367,2026-01-19 17:36:09,Bank Transfer,1663.33,Completed,TXN-367-367
368,368,2026-07-29 05:12:41,Bank Transfer,339.73,Completed,TXN-368-368
369,369,2026-06-21 08:13:38,Cash on Delivery,1057.08,Refunded,TXN-369-369
370,370,2026-06-07 06:17:44,Credit Card,4065.36,Completed,TXN-370-370
371,371,2025-04-06 14:47:55,Credit Card,236.54,Completed,TXN-371-371
372,372,2024-09-12 20:11:39,PayPal,513.26,Completed,TXN-372-372
373,373,2026-03-13 00:03:03,PayPal,1898.69,Completed,TXN-373-373
374,374,2025-04-15 09:15:25,Bank Transfer,662.95,Completed,TXN-374-374
375,375,2026-06-28 17:55:39,Cash on Delivery,1601.0,Completed,TXN-375-375
376,376,2025-05-24 12:03:58,Bank Transfer,4046.34,Completed,TXN-376-376
377,377,2025-04-29 00:14:03,PayPal,2401.63,Completed,TXN-377-377
378,378,2026-08-12 18:52:14,PayPal,1087.53,Pending,
379,379,2026-07-17 00:42:47,Cash on Delivery,884.39,Completed,TXN-379-379
380,380,2025-01-11 23:09:54,Bank Transfer,473.18,Completed,TXN-380-380
381,381,2026-05-02 12:34:46,Debit Card,1273.37,Completed,TXN-381-381
382,382,2024-09-26 02:53:17,Debit Card,2629.58,Completed,TXN-382-382
383,383,2026-02-21 04:40:51,Credit Card,1760.58,Completed,TXN-383-383
384,384,2025-08-03 10:40:46,Debit Card,202.6,Completed,TXN-384-384
385,385,2026-06-04 12:44:07,Bank Transfer,1619.56,Pending,
386,386,2026-01-27 18:12:35,Debit Card,1796.98,Completed,TXN-386-386
387,387,2026-07-14 06:39:49,Debit Card,427.54,Failed,
388,388,2026-07-23 21:05:18,Debit Card,1518.14,Completed,TXN-388-388
389,389,2025-07-07 17:29:24,Credit Card,4271.1,Completed,TXN-389-389
390,390,2025-09-04 13:36:29,PayPal,318.48,Completed,TXN-390-390
391,391,2026-03-04 03:50:15,Cash on Delivery,604.84,Completed,TXN-391-391
392,392,2026-04-01 17:35:33,PayPal,1747.37,Completed,TXN-392-392
393,393,2026-06-17 02:59:30,Credit Card,2162.89,Completed,TXN-393-393
394,394,2026-09-01 23:29:10,Debit Card,4000.34,Completed,TXN-394-394
395,395,2026-02-21 12:21:19,Cash on Delivery,1740.41,Completed,TXN-395-395
396,396,2025-10-24 10:28:29,PayPal,1432.84,Completed,TXN-396-396
397,397,2025-03-30 05:58:40,Credit Card,4517.19,Completed,TXN-397-397
398,398,2025-08-26 06:52:17,PayPal,2334.02,Completed,TXN-398-398
399,399,2025-06-04 05:10:54,Debit Card,1373.37,Completed,TXN-399-399
400,400,2024-11-21 08:11:13,Bank Transfer,935.97,Completed,TXN-400-400
401,401,2025-11-19 05:43:15,Credit Card,2488.85,Refunded,TXN-401-401
402,402,2026-03-26 14:00:18,Credit Card,2203.02,Completed,TXN-402-402
403,403,2025-10-06 08:40:22,Credit Card,255.83,Pending,
404,404,2025-03-17 23:31:35,Debit Card,431.72,Completed,TXN-404-404
405,405,2026-03-26 09:41:07,PayPal,1673.73,Completed,TXN-405-405
406,406,2026-06-01 05:41:43,Bank Transfer,827.71,Completed,TXN-406-406
407,407,2026-03-22 17:55:51,PayPal,2007.57,Completed,TXN-407-407
408,408,2025-11-09 17:29:41,Debit Card,6928.7,Completed,TXN-408-408
409,409,2024-12-16 07:58:02,Credit Card,405.2,Completed,TXN-409-409
410,410,2026-07-13 08:20:00,Debit Card,5331.89,Completed,TXN-410-410
411,411,2026-08-31 13:30:29,Cash on Delivery,1213.78,Pending,
412,412,2024-12-18 10:59:15,Cash on Delivery,1168.8,Completed,TXN-412-412
413,413,2026-06-22 08:51:56,Credit Card,1168.76,Completed,TXN-413-413
414,414,2026-04-20 21:04:30,PayPal,2300.92,Refunded,TXN-414-414
415,415,2026-01-05 15:36:58,PayPal,1365.77,Pending,
416,416,2025-12-19 22:10:25,Bank Transfer,4501.18,Completed,TXN-416-416
417,417,2025-11-06 13:35:34,Credit Card,239.2,Completed,TXN-417-417
418,418,2026-08-09 05:53:17,Credit Card,4711.54,Completed,TXN-418-418
419,419,2026-08-28 16:32:12,PayPal,2495.92,Pending,
420,420,2025-03-20 22:30:32,Bank Transfer,1263.24,Completed,TXN-420-420
421,421,2026-07-01 16:55:01,Credit Card,1959.49,Completed,TXN-421-421
422,422,2026-03-09 00:09:28,Bank Transfer,1274.56,Completed,TXN-422-422
423,423,2026-06-29 03:44:55,Cash on Delivery,2584.42,Completed,TXN-423-423
424,424,2026-04-10 08:53:46,Cash on Delivery,1304.27,Pending,
425,425,2026-08-14 00:36:58,Debit Card,5159.83,Completed,TXN-425-425
426,426,2026-04-27 03:31:00,Cash on Delivery,835.73,Completed,TXN-426-426
427,427,2025-10-24 02:17:31,Credit Card,807.15,Completed,TXN-427-427
428,428,2026-08-05 07:00:04,Debit Card,3155.58,Completed,TXN-428-428
429,429,2025-02-01 14:36:15,Debit Card,591.62,Completed,TXN-429-429
430,430,2026-05-26 03:56:53,Debit Card,1325.1,Failed,
431,431,2025-12-31 06:29:44,PayPal,1568.2,Completed,TXN-431-431
432,432,2024-11-27 09:50:24,Bank Transfer,544.84,Completed,TXN-432-432
433,433,2026-05-26 14:16:48,PayPal,780.62,Refunded,TXN-433-433
434,434,2026-08-11 02:26:02,Credit Card,592.34,Completed,TXN-434-434
435,435,2025-07-14 14:55:24,Bank Transfer,2491.63,Refunded,TXN-435-435
436,436,2024-11-24 08:11:35,Credit Card,2224.19,Completed,TXN-436-436
437,437,2026-01-28 14:06:26,Cash on Delivery,2506.35,Completed,TXN-437-437
438,438,2026-08-04 02:57:24,PayPal,34.19,Completed,TXN-438-438
439,439,2024-10-12 16:33:48,PayPal,2917.29,Pending,
440,440,2026-03-08 07:16:49,Credit Card,517.89,Completed,TXN-440-440
441,441,2025-11-28 00:26:28,PayPal,883.49,Failed,
442,442,2024-01-26 03:34:43,Bank Transfer,677.11,Completed,TXN-442-442
443,443,2026-02-20 01:47:07,Bank Transfer,779.98,Completed,TXN-443-443
444,444,2025-09-15 06:25:57,Cash on Delivery,682.88,Completed,TXN-444-444
445,445,2026-05-04 03:08:11,Cash on Delivery,217.11,Completed,TXN-445-445
446,446,2024-06-03 07:31:07,Bank Transfer,2800.69,Completed,TXN-446-446
447,447,2026-01-14 10:28:34,Debit Card,2783.43,Completed,TXN-447-447
448,448,2026-06-24 19:06:01,Bank Transfer,4220.01,Completed,TXN-448-448
449,449,2026-04-18 15:42:48,Credit Card,1149.13,Failed,
450,450,2024-11-17 00:11:16,Cash on Delivery,2197.18,Completed,TXN-450-450
451,451,2026-01-16 08:26:16,Bank Transfer,1359.52,Completed,TXN-451-451
452,452,2026-02-11 22:51:15,Credit Card,842.07,Completed,TXN-452-452
453,453,2026-04-24 17:03:28,Cash on Delivery,1365.28,Completed,TXN-453-453
454,454,2026-08-11 19:22:52,Debit Card,2949.16,Completed,TXN-454-454
455,455,2026-04-19 16:39:18,Debit Card,2695.23,Completed,TXN-455-455
456,456,2026-05-12 19:12:01,Credit Card,945.17,Completed,TXN-456-456
457,457,2026-01-20 04:46:40,PayPal,3026.72,Completed,TXN-457-457
458,458,2026-08-09 17:46:36,Credit Card,3207.62,Completed,TXN-458-458
459,459,2025-06-16 13:03:39,Cash on Delivery,4132.03,Completed,TXN-459-459
460,460,2025-06-01 19:15:35,Debit Card,4307.9,Completed,TXN-460-460
461,461,2026-09-01 10:40:52,Bank Transfer,2921.34,Completed,TXN-461-461
462,462,2026-04-26 06:36:26,Cash on Delivery,2811.3,Completed,TXN-462-462
463,463,2026-05-13 00:31:15,Cash on Delivery,2516.41,Completed,TXN-463-463
464,464,2026-04-15 22:31:35,Debit Card,173.9,Completed,TXN-464-464
465,465,2026-08-01 05:16:30,Bank Transfer,2475.62,Completed,TXN-465-465
466,466,2026-03-28 18:57:54,Credit Card,1168.76,Completed,TXN-466-466
467,467,2024-07-26 16:18:47,PayPal,859.48,Completed,TXN-467-467
468,468,2026-05-03 20:10:43,Debit Card,1072.96,Completed,TXN-468-468
469,469,2026-08-31 03:08:35,Credit Card,3478.34,Completed,TXN-469-469
470,470,2026-03-30 08:03:20,Cash on Delivery,913.84,Completed,TXN-470-470
471,471,2026-01-20 19:32:17,Bank Transfer,3421.36,Completed,TXN-471-471
472,472,2026-07-10 14:37:38,Cash on Delivery,8578.56,Completed,TXN-472-472
473,473,2026-07-13 22:17:26,Credit Card,2168.67,Completed,TXN-473-473
474,474,2026-08-31 01:26:50,Cash on Delivery,287.02,Completed,TXN-474-474
475,475,2026-08-18 10:09:01,Credit Card,774.23,Completed,TXN-475-475
476,476,2026-01-10 09:42:07,Bank Transfer,930.25,Completed,TXN-476-476
477,477,2026-04-29 20:22:57,Debit Card,2877.41,Completed,TXN-477-477
478,478,2024-03-26 23:55:57,Cash on Delivery,1663.6,Completed,TXN-478-478
479,479,2026-03-13 19:24:14,Debit Card,298.53,Completed,TXN-479-479
480,480,2026-06-22 20:43:33,Credit Card,1227.46,Completed,TXN-480-480
481,481,2026-07-09 06:52:14,PayPal,1192.59,Completed,TXN-481-481
482,482,2026-08-25 18:00:10,Cash on Delivery,1988.36,Completed,TXN-482-482
483,483,2026-05-24 08:44:47,Cash on Delivery,1009.52,Completed,TXN-483-483
484,484,2026-03-13 11:14:18,Credit Card,1946.05,Completed,TXN-484-484
485,485,2026-06-08 02:16:30,Credit Card,892.67,Completed,TXN-485-485
486,486,2026-07-19 18:32:19,PayPal,1416.89,Completed,TXN-486-486
487,487,2026-07-10 15:32:27,Cash on Delivery,1504.2,Completed,TXN-487-487
488,488,2026-02-25 17:54:06,Bank Transfer,720.45,Completed,TXN-488-488
489,489,2026-07-29 14:30:14,Bank Transfer,3146.32,Failed,
490,490,2025-06-30 12:43:27,Debit Card,649.19,Completed,TXN-490-490
491,491,2026-03-21 11:18:07,Cash on Delivery,937.18,Completed,TXN-491-491
492,492,2026-07-30 03:19:41,PayPal,2110.49,Completed,TXN-492-492
493,493,2026-08-16 06:21:50,Debit Card,1841.3,Failed,
494,494,2026-08-18 10:07:57,Cash on Delivery,1801.05,Completed,TXN-494-494
495,495,2026-01-19 07:28:35,Debit Card,709.62,Completed,TXN-495-495
496,496,2026-08-19 14:49:11,Bank Transfer,2341.08,Completed,TXN-496-496
497,497,2026-08-07 06:22:38,Credit Card,1341.98,Completed,TXN-497-497
498,498,2025-01-09 18:23:36,PayPal,2876.4,Completed,TXN-498-498
499,499,2026-08-03 21:21:19,Bank Transfer,742.5,Completed,TXN-499-499
500,500,2026-06-17 20:18:03,Cash on Delivery,1789.9,Completed,TXN-500-500
501,501,2026-06-16 10:00:38,PayPal,1600.64,Completed,TXN-501-501
502,502,2026-07-23 21:56:46,PayPal,3289.92,Completed,TXN-502-502
503,503,2025-10-21 12:15:44,Cash on Delivery,2862.08,Completed,TXN-503-503
504,504,2026-08-15 13:15:39,Debit Card,1040.74,Completed,TXN-504-504
505,505,2024-04-22 06:09:35,Cash on Delivery,132.89,Completed,TXN-505-505
506,506,2024-09-06 07:30:11,Credit Card,941.16,Completed,TXN-506-506
507,507,2024-02-21 20:06:06,Debit Card,995.61,Completed,TXN-507-507
508,508,2026-02-12 06:11:13,PayPal,5930.2,Completed,TXN-508-508
509,509,2025-12-31 11:36:43,Credit Card,1157.85,Completed,TXN-509-509
510,510,2026-01-31 07:41:44,Cash on Delivery,4653.78,Completed,TXN-510-510
511,511,2025-11-30 07:37:00,Cash on Delivery,2300.67,Refunded,TXN-511-511
512,512,2026-05-02 13:23:47,Cash on Delivery,511.66,Completed,TXN-512-512
513,513,2026-03-22 17:01:18,Credit Card,1963.3,Completed,TXN-513-513
514,514,2025-05-01 04:02:59,Debit Card,737.74,Completed,TXN-514-514
515,515,2026-07-11 16:01:00,Debit Card,962.08,Completed,TXN-515-515
516,516,2025-11-09 06:06:38,Bank Transfer,1718.91,Completed,TXN-516-516
517,517,2026-08-11 21:36:34,Credit Card,2290.4,Completed,TXN-517-517
518,518,2025-08-31 17:54:35,Credit Card,1760.58,Completed,TXN-518-518
519,519,2025-10-02 13:13:21,Bank Transfer,2422.32,Completed,TXN-519-519
520,520,2024-12-20 23:26:47,Cash on Delivery,1539.52,Completed,TXN-520-520
521,521,2025-03-25 20:43:04,Bank Transfer,1104.13,Completed,TXN-521-521
522,522,2025-11-09 05:54:17,Bank Transfer,2542.99,Completed,TXN-522-522
523,523,2026-01-19 13:19:08,Bank Transfer,132.89,Completed,TXN-523-523
524,524,2025-11-15 18:35:19,Cash on Delivery,397.95,Completed,TXN-524-524
525,525,2024-01-19 22:32:13,Cash on Delivery,4644.63,Pending,
526,526,2026-07-02 00:45:31,Debit Card,1182.39,Completed,TXN-526-526
527,527,2026-06-09 20:42:11,Credit Card,2387.46,Completed,TXN-527-527
528,528,2026-04-05 12:46:46,Debit Card,3009.58,Completed,TXN-528-528
529,529,2025-06-10 07:39:42,PayPal,3001.02,Completed,TXN-529-529
530,530,2026-04-07 14:49:41,Bank Transfer,1518.85,Completed,TXN-530-530
531,531,2026-05-29 09:06:45,Debit Card,5456.63,Completed,TXN-531-531
532,532,2026-08-30 16:31:09,PayPal,813.05,Completed,TXN-532-532
533,533,2026-04-11 21:35:40,PayPal,994.53,Completed,TXN-533-533
534,534,2025-11-18 15:08:17,Debit Card,895.84,Completed,TXN-534-534
535,535,2024-04-27 00:44:19,Credit Card,3154.87,Completed,TXN-535-535
536,536,2025-12-18 12:03:00,Credit Card,2013.51,Pending,
537,537,2025-05-26 16:24:35,Debit Card,900.52,Completed,TXN-537-537
538,538,2026-02-23 16:51:41,Cash on Delivery,1679.48,Completed,TXN-538-538
539,539,2026-08-23 12:59:42,Debit Card,3662.0,Completed,TXN-539-539
540,540,2026-07-22 15:08:01,Cash on Delivery,3354.92,Completed,TXN-540-540
541,541,2025-10-25 04:59:53,Credit Card,546.62,Completed,TXN-541-541
542,542,2026-03-30 05:06:52,Debit Card,2196.83,Completed,TXN-542-542
543,543,2025-04-25 03:00:56,Credit Card,2851.18,Completed,TXN-543-543
544,544,2025-06-25 09:52:14,Credit Card,1233.68,Completed,TXN-544-544
545,545,2026-03-30 04:21:32,Credit Card,3866.95,Pending,
546,546,2026-06-15 16:15:06,Credit Card,633.08,Pending,
547,547,2026-08-23 08:09:41,Bank Transfer,918.24,Refunded,TXN-547-547
548,548,2026-05-24 22:29:05,Cash on Delivery,5344.06,Pending,
549,549,2026-06-10 02:17:05,Cash on Delivery,1969.28,Completed,TXN-549-549
550,550,2026-02-19 03:47:13,Bank Transfer,4107.2,Completed,TXN-550-550
551,551,2025-01-20 02:41:35,Credit Card,3800.27,Completed,TXN-551-551
552,552,2026-08-14 12:54:42,Debit Card,2767.12,Completed,TXN-552-552
553,553,2026-03-13 18:06:32,Credit Card,3853.37,Completed,TXN-553-553
554,554,2025-10-03 02:27:43,Debit Card,671.39,Completed,TXN-554-554
555,555,2026-08-20 16:00:56,Credit Card,2503.31,Failed,
556,556,2026-08-21 13:48:07,Bank Transfer,720.82,Completed,TXN-556-556
557,557,2025-03-29 09:58:01,Debit Card,1341.99,Completed,TXN-557-557
558,558,2026-08-08 04:57:16,Credit Card,990.0,Completed,TXN-558-558
559,559,2026-07-26 19:53:38,PayPal,1116.83,Completed,TXN-559-559
560,560,2026-01-24 02:22:25,Cash on Delivery,2691.53,Completed,TXN-560-560
561,561,2026-08-25 03:40:43,Bank Transfer,2996.91,Completed,TXN-561-561
562,562,2025-12-12 13:03:57,Cash on Delivery,1341.31,Completed,TXN-562-562
563,563,2025-11-18 05:37:48,Debit Card,1561.11,Completed,TXN-563-563
564,564,2026-07-04 06:28:13,Debit Card,3197.92,Completed,TXN-564-564
565,565,2026-05-06 05:49:40,PayPal,600.99,Completed,TXN-565-565
566,566,2024-03-12 04:20:54,Bank Transfer,275.56,Pending,
567,567,2023-10-03 00:34:46,PayPal,2033.31,Completed,TXN-567-567
568,568,2026-07-25 03:45:04,Credit Card,1338.62,Completed,TXN-568-568
569,569,2025-08-20 20:25:03,Cash on Delivery,320.79,Completed,TXN-569-569
570,570,2026-08-30 08:26:36,Debit Card,788.26,Pending,
571,571,2025-09-05 00:25:44,Bank Transfer,1201.19,Completed,TXN-571-571
572,572,2026-04-11 20:53:26,Debit Card,517.26,Failed,
573,573,2026-02-28 13:31:06,PayPal,398.67,Completed,TXN-573-573
574,574,2025-12-29 15:01:23,Credit Card,132.89,Completed,TXN-574-574
575,575,2025-11-23 00:23:00,Credit Card,6000.74,Completed,TXN-575-575
576,576,2026-08-11 04:07:04,Credit Card,242.4,Completed,TXN-576-576
577,577,2026-06-05 22:52:30,Bank Transfer,3677.43,Completed,TXN-577-577
578,578,2024-10-16 18:28:57,Cash on Delivery,253.94,Completed,TXN-578-578
579,579,2026-06-06 11:57:41,PayPal,366.5,Completed,TXN-579-579
580,580,2025-12-09 00:22:32,PayPal,362.01,Pending,
581,581,2026-08-17 15:08:11,Cash on Delivery,2886.62,Pending,
582,582,2025-08-18 08:30:39,Debit Card,1904.42,Completed,TXN-582-582
583,583,2025-02-15 08:19:13,Cash on Delivery,2849.63,Completed,TXN-583-583
584,584,2025-07-10 02:43:36,Bank Transfer,202.6,Completed,TXN-584-584
585,585,2025-03-22 15:07:19,Debit Card,1626.24,Failed,
586,586,2026-04-07 22:24:55,Cash on Delivery,456.92,Completed,TXN-586-586
587,587,2024-12-14 00:40:36,Credit Card,2763.86,Pending,
588,588,2025-12-19 19:23:28,PayPal,944.47,Completed,TXN-588-588
589,589,2026-08-29 22:29:26,Debit Card,1556.99,Failed,
590,590,2026-08-20 14:33:04,Bank Transfer,995.13,Completed,TXN-590-590
591,591,2026-08-29 22:32:07,PayPal,1463.02,Completed,TXN-591-591
592,592,2025-09-13 16:53:02,Cash on Delivery,3165.03,Completed,TXN-592-592
593,593,2025-11-13 12:15:47,Cash on Delivery,4963.9,Refunded,TXN-593-593
594,594,2026-05-11 12:27:02,Bank Transfer,435.24,Completed,TXN-594-594
595,595,2026-06-03 08:30:43,Debit Card,463.22,Completed,TXN-595-595
596,596,2026-05-08 01:53:40,Cash on Delivery,3407.64,Completed,TXN-596-596
597,597,2026-06-12 16:34:56,Debit Card,1630.85,Completed,TXN-597-597
598,598,2025-06-27 03:22:15,Credit Card,2664.76,Failed,
599,599,2026-08-25 21:29:21,PayPal,432.4,Completed,TXN-599-599
600,600,2026-07-27 05:08:59,Credit Card,4696.18,Completed,TXN-600-600
601,601,2026-07-11 05:50:58,PayPal,3402.74,Completed,TXN-601-601
602,602,2026-05-27 03:40:17,Debit Card,3375.28,Completed,TXN-602-602
603,603,2026-04-15 00:38:05,Debit Card,1536.71,Completed,TXN-603-603
604,604,2025-08-14 05:56:57,PayPal,3671.45,Completed,TXN-604-604
605,605,2026-03-20 08:13:14,Cash on Delivery,2751.15,Completed,TXN-605-605
606,606,2025-02-21 16:04:22,PayPal,3639.85,Completed,TXN-606-606
607,607,2024-12-29 15:05:47,PayPal,2110.2,Completed,TXN-607-607
608,608,2026-08-08 12:05:54,Credit Card,558.66,Completed,TXN-608-608
609,609,2026-07-13 11:55:04,Debit Card,2694.93,Completed,TXN-609-609
610,610,2026-03-13 17:54:50,Debit Card,1545.37,Completed,TXN-610-610
611,611,2025-10-04 11:16:11,Debit Card,2903.43,Completed,TXN-611-611
612,612,2026-08-24 00:27:31,PayPal,1315.28,Completed,TXN-612-612
613,613,2025-08-09 14:36:44,Debit Card,1020.52,Completed,TXN-613-613
614,614,2025-10-22 20:25:47,Credit Card,3011.19,Pending,
615,615,2026-03-17 07:16:41,Cash on Delivery,1322.32,Completed,TXN-615-615
616,616,2026-08-27 00:14:51,Debit Card,1387.27,Pending,
617,617,2026-05-02 11:28:06,Credit Card,3431.02,Completed,TXN-617-617
618,618,2026-02-16 03:32:08,Cash on Delivery,1281.56,Completed,TXN-618-618
619,619,2025-08-16 13:56:44,Credit Card,1706.26,Completed,TXN-619-619
620,620,2025-01-26 13:00:54,PayPal,2542.26,Completed,TXN-620-620
621,621,2026-08-08 09:24:05,Credit Card,1931.92,Completed,TXN-621-621
622,622,2026-07-11 10:43:46,Bank Transfer,1414.75,Completed,TXN-622-622
623,623,2026-03-18 23:22:17,Cash on Delivery,511.66,Completed,TXN-623-623
624,624,2025-11-19 09:19:22,Credit Card,193.61,Completed,TXN-624-624
625,625,2026-05-23 12:49:23,Debit Card,34.57,Completed,TXN-625-625
626,626,2026-05-02 11:13:35,Debit Card,2663.24,Completed,TXN-626-626
627,627,2025-01-21 22:30:54,PayPal,173.9,Pending,
628,628,2026-05-11 01:09:54,Debit Card,1540.81,Completed,TXN-628-628
629,629,2026-08-15 00:20:34,Debit Card,677.11,Completed,TXN-629-629
630,630,2026-04-14 22:01:22,PayPal,863.12,Completed,TXN-630-630
631,631,2025-11-04 11:24:25,PayPal,1797.78,Completed,TXN-631-631
632,632,2026-01-11 20:43:11,Bank Transfer,2593.26,Completed,TXN-632-632
633,633,2026-03-27 08:37:16,Cash on Delivery,2452.91,Failed,
634,634,2025-08-01 09:06:40,PayPal,1123.79,Completed,TXN-634-634
635,635,2025-09-19 08:15:48,Bank Transfer,4802.61,Completed,TXN-635-635
636,636,2026-07-13 08:46:55,Cash on Delivery,1484.99,Completed,TXN-636-636
637,637,2026-02-24 17:55:52,Cash on Delivery,1084.78,Pending,
638,638,2026-06-21 21:50:12,PayPal,3776.24,Pending,
639,639,2026-07-25 20:26:32,Cash on Delivery,577.42,Completed,TXN-639-639
640,640,2025-06-14 07:09:18,Bank Transfer,41.05,Completed,TXN-640-640
641,641,2026-04-27 15:44:53,PayPal,2041.04,Completed,TXN-641-641
642,642,2026-02-15 14:20:58,Bank Transfer,1320.84,Completed,TXN-642-642
643,643,2025-08-24 12:57:21,Cash on Delivery,914.71,Completed,TXN-643-643
644,644,2026-05-05 01:08:59,Credit Card,981.65,Failed,
645,645,2024-08-12 20:08:37,Bank Transfer,288.58,Failed,
646,646,2026-07-30 01:33:50,PayPal,1231.95,Pending,
647,647,2026-07-06 05:20:32,Cash on Delivery,758.76,Completed,TXN-647-647
648,648,2026-05-11 13:10:27,Bank Transfer,940.53,Completed,TXN-648-648
649,649,2026-03-29 14:50:17,Cash on Delivery,2526.48,Completed,TXN-649-649
650,650,2026-06-03 00:34:43,Bank Transfer,685.69,Completed,TXN-650-650
651,651,2024-11-18 02:20:54,PayPal,1848.78,Completed,TXN-651-651
652,652,2025-12-15 04:04:10,Cash on Delivery,633.08,Completed,TXN-652-652
653,653,2023-10-20 00:36:50,PayPal,3333.14,Completed,TXN-653-653
654,654,2024-11-10 00:22:48,Cash on Delivery,1894.86,Completed,TXN-654-654
655,655,2024-09-18 06:59:06,Bank Transfer,3352.38,Pending,
656,656,2025-05-05 00:34:39,Cash on Delivery,436.07,Completed,TXN-656-656
657,657,2026-08-15 14:18:35,Debit Card,2577.7,Completed,TXN-657-657
658,658,2026-08-17 14:54:13,Cash on Delivery,1536.35,Completed,TXN-658-658
659,659,2026-08-31 05:29:06,Debit Card,1772.39,Completed,TXN-659-659
660,660,2025-03-15 13:54:03,Debit Card,1997.12,Pending,
661,661,2025-10-09 04:15:22,Debit Card,1016.34,Completed,TXN-661-661
662,662,2026-04-02 17:48:24,Credit Card,1637.24,Completed,TXN-662-662
663,663,2026-01-16 22:10:18,Credit Card,204.87,Completed,TXN-663-663
664,664,2026-01-06 19:53:19,Debit Card,2161.14,Completed,TXN-664-664
665,665,2025-08-02 18:03:49,PayPal,1596.47,Pending,
666,666,2024-02-24 03:06:27,PayPal,1794.96,Completed,TXN-666-666
667,667,2026-07-15 20:15:51,Cash on Delivery,3335.15,Completed,TXN-667-667
668,668,2025-07-18 09:39:24,Cash on Delivery,217.62,Completed,TXN-668-668
669,669,2024-08-30 03:07:50,PayPal,2434.64,Completed,TXN-669-669
670,670,2026-03-20 19:01:00,Debit Card,4539.8,Failed,
671,671,2024-12-02 00:18:13,Debit Card,1883.89,Completed,TXN-671-671
672,672,2026-07-16 21:52:01,Cash on Delivery,1569.13,Completed,TXN-672-672
673,673,2026-08-19 18:46:48,Debit Card,41.05,Completed,TXN-673-673
674,674,2026-01-18 23:17:32,Credit Card,1123.46,Refunded,TXN-674-674
675,675,2025-12-14 04:55:40,Cash on Delivery,6587.64,Completed,TXN-675-675
676,676,2025-08-16 15:38:31,PayPal,3873.2,Completed,TXN-676-676
677,677,2025-11-08 04:37:40,PayPal,4321.28,Completed,TXN-677-677
678,678,2026-01-25 03:00:58,Credit Card,914.8,Completed,TXN-678-678
679,679,2025-12-04 16:12:57,Debit Card,788.48,Refunded,TXN-679-679
680,680,2025-03-08 13:19:58,Debit Card,800.5,Completed,TXN-680-680
681,681,2026-05-21 12:41:17,Debit Card,1258.84,Completed,TXN-681-681
682,682,2024-02-24 11:18:39,PayPal,3884.51,Completed,TXN-682-682
683,683,2025-10-10 18:17:36,PayPal,6872.02,Completed,TXN-683-683
684,684,2024-05-22 00:53:45,Debit Card,1768.38,Completed,TXN-684-684
685,685,2025-03-16 22:44:19,Debit Card,2463.4,Completed,TXN-685-685
686,686,2025-04-27 15:23:07,PayPal,994.53,Failed,
687,687,2026-04-21 19:10:40,Bank Transfer,2206.04,Completed,TXN-687-687
688,688,2026-08-07 08:45:08,PayPal,973.37,Completed,TXN-688-688
689,689,2026-01-08 16:04:57,Debit Card,895.08,Completed,TXN-689-689
690,690,2026-07-13 23:36:46,Cash on Delivery,217.62,Completed,TXN-690-690
691,691,2025-07-10 10:30:26,Cash on Delivery,2921.9,Completed,TXN-691-691
692,692,2025-12-22 06:10:41,PayPal,4324.94,Completed,TXN-692-692
693,693,2026-04-27 18:52:58,Credit Card,1549.41,Completed,TXN-693-693
694,694,2026-06-28 10:08:38,Cash on Delivery,2367.42,Completed,TXN-694-694
695,695,2026-07-02 15:36:17,Cash on Delivery,1789.52,Refunded,TXN-695-695
696,696,2025-11-25 17:20:37,Debit Card,861.19,Completed,TXN-696-696
697,697,2026-04-22 07:38:58,Bank Transfer,1502.29,Completed,TXN-697-697
698,698,2026-05-12 04:27:29,Debit Card,3248.2,Completed,TXN-698-698
699,699,2023-12-29 02:33:00,Debit Card,3356.69,Pending,
700,700,2026-05-16 19:13:38,PayPal,2006.52,Completed,TXN-700-700
701,701,2026-07-13 10:48:03,Credit Card,994.18,Completed,TXN-701-701
702,702,2024-07-23 17:32:07,Credit Card,1470.83,Pending,
703,703,2026-03-05 00:44:29,PayPal,2370.61,Completed,TXN-703-703
704,704,2026-03-05 23:59:45,PayPal,837.35,Completed,TXN-704-704
705,705,2026-08-01 15:31:49,Bank Transfer,643.08,Completed,TXN-705-705
706,706,2026-07-08 20:48:22,PayPal,1561.76,Completed,TXN-706-706
707,707,2026-04-25 14:28:12,Debit Card,2320.11,Completed,TXN-707-707
708,708,2024-12-01 02:48:56,PayPal,880.29,Failed,
709,709,2026-04-30 11:32:20,Cash on Delivery,2065.5,Completed,TXN-709-709
710,710,2026-05-13 11:11:44,Bank Transfer,4681.16,Completed,TXN-710-710
711,711,2026-06-15 18:20:44,Debit Card,1526.4,Completed,TXN-711-711
712,712,2026-09-01 23:19:43,Credit Card,510.06,Completed,TXN-712-712
713,713,2026-04-12 10:01:00,Cash on Delivery,422.81,Completed,TXN-713-713
714,714,2026-05-09 04:33:30,Credit Card,1916.83,Completed,TXN-714-714
715,715,2026-05-06 21:08:25,PayPal,2149.41,Completed,TXN-715-715
716,716,2025-05-16 09:17:39,Bank Transfer,643.08,Completed,TXN-716-716
717,717,2026-08-13 19:30:37,Cash on Delivery,4550.59,Failed,
718,718,2025-10-22 08:18:58,Cash on Delivery,1686.36,Completed,TXN-718-718
719,719,2024-08-03 11:30:33,Credit Card,1953.18,Completed,TXN-719-719
720,720,2026-04-22 19:47:00,PayPal,1390.28,Completed,TXN-720-720
721,721,2025-09-16 22:36:22,Credit Card,925.09,Completed,TXN-721-721
722,722,2026-06-20 22:46:06,Cash on Delivery,851.91,Completed,TXN-722-722
723,723,2025-02-14 18:05:51,Credit Card,2338.45,Completed,TXN-723-723
724,724,2025-12-12 00:49:08,Debit Card,2942.09,Completed,TXN-724-724
725,725,2026-08-26 17:05:19,Debit Card,394.13,Completed,TXN-725-725
726,726,2026-02-11 20:52:00,Credit Card,1167.34,Completed,TXN-726-726
727,727,2026-07-09 21:43:29,Debit Card,662.55,Completed,TXN-727-727
728,728,2024-01-10 10:52:18,PayPal,2365.42,Completed,TXN-728-728
729,729,2025-08-21 17:12:15,Credit Card,2590.64,Completed,TXN-729-729
730,730,2026-07-24 23:30:51,Cash on Delivery,5947.03,Completed,TXN-730-730
731,731,2026-04-27 03:31:30,PayPal,1370.96,Completed,TXN-731-731
732,732,2026-08-08 23:07:25,PayPal,2891.93,Completed,TXN-732-732
733,733,2025-01-06 12:09:26,Credit Card,1583.38,Pending,
734,734,2026-08-30 05:31:18,Cash on Delivery,1580.04,Completed,TXN-734-734
735,735,2024-06-26 09:19:23,Credit Card,520.37,Pending,
736,736,2024-08-05 14:36:45,Credit Card,968.23,Completed,TXN-736-736
737,737,2025-02-16 17:56:07,Credit Card,2720.42,Completed,TXN-737-737
738,738,2025-07-30 18:08:24,Bank Transfer,864.63,Completed,TXN-738-738
739,739,2025-08-27 22:15:43,Debit Card,1420.78,Completed,TXN-739-739
740,740,2025-02-10 09:56:47,Debit Card,2892.95,Completed,TXN-740-740
741,741,2026-08-12 05:35:31,PayPal,947.92,Completed,TXN-741-741
742,742,2025-11-21 13:20:53,PayPal,1306.26,Completed,TXN-742-742
743,743,2026-08-29 16:53:36,PayPal,2156.66,Completed,TXN-743-743
744,744,2025-07-24 01:33:34,Bank Transfer,2149.32,Completed,TXN-744-744
745,745,2026-08-07 19:42:26,Bank Transfer,1638.28,Completed,TXN-745-745
746,746,2026-06-16 02:15:23,PayPal,778.74,Completed,TXN-746-746
747,747,2025-10-06 15:23:36,Credit Card,1198.49,Completed,TXN-747-747
748,748,2025-11-21 10:39:49,Debit Card,2910.46,Completed,TXN-748-748
749,749,2026-06-18 02:50:27,Credit Card,1676.87,Pending,
750,750,2026-05-03 12:39:10,PayPal,1703.82,Completed,TXN-750-750
751,751,2024-12-13 16:39:41,Cash on Delivery,3451.8,Completed,TXN-751-751
752,752,2026-07-18 01:17:24,Debit Card,2924.37,Refunded,TXN-752-752
753,753,2025-03-13 16:25:20,Cash on Delivery,1312.45,Completed,TXN-753-753
754,754,2026-07-29 07:10:26,Credit Card,1663.11,Refunded,TXN-754-754
755,755,2026-01-19 10:08:53,Debit Card,761.35,Pending,
756,756,2024-07-19 08:33:25,Credit Card,3382.52,Completed,TXN-756-756
757,757,2026-06-28 15:01:20,Debit Card,2187.74,Completed,TXN-757-757
758,758,2026-05-23 15:50:58,Credit Card,1620.91,Completed,TXN-758-758
759,759,2024-08-24 17:45:05,Bank Transfer,1184.68,Completed,TXN-759-759
760,760,2026-01-14 01:06:02,Cash on Delivery,720.38,Completed,TXN-760-760
761,761,2024-06-18 07:39:32,Cash on Delivery,2222.24,Completed,TXN-761-761
762,762,2024-11-18 03:55:29,Cash on Delivery,3461.12,Completed,TXN-762-762
763,763,2026-01-02 01:53:59,PayPal,658.15,Completed,TXN-763-763
764,764,2026-08-03 06:05:12,Cash on Delivery,2759.72,Completed,TXN-764-764
765,765,2025-10-27 22:49:09,Bank Transfer,932.57,Completed,TXN-765-765
766,766,2026-01-27 23:37:33,PayPal,2266.65,Completed,TXN-766-766
767,767,2025-09-07 07:47:56,Cash on Delivery,1387.85,Refunded,TXN-767-767
768,768,2026-08-23 14:25:05,Bank Transfer,3838.81,Failed,
769,769,2025-06-25 18:36:18,Bank Transfer,1286.1,Completed,TXN-769-769
770,770,2025-06-11 17:49:41,Cash on Delivery,2423.09,Completed,TXN-770-770
771,771,2024-08-12 14:14:36,Debit Card,818.1,Completed,TXN-771-771
772,772,2025-06-21 05:28:44,Credit Card,252.75,Pending,
773,773,2026-02-14 03:32:38,Bank Transfer,2185.15,Refunded,TXN-773-773
774,774,2026-07-01 00:04:59,Bank Transfer,2737.39,Completed,TXN-774-774
775,775,2025-11-13 11:21:08,Debit Card,1836.92,Refunded,TXN-775-775
776,776,2026-08-23 08:18:08,Bank Transfer,1440.9,Completed,TXN-776-776
777,777,2026-03-14 01:05:10,Credit Card,776.14,Completed,TXN-777-777
778,778,2024-08-09 15:16:57,Credit Card,34.19,Completed,TXN-778-778
779,779,2026-07-20 15:41:57,Credit Card,3145.76,Completed,TXN-779-779
780,780,2024-12-26 10:21:53,Debit Card,4573.39,Completed,TXN-780-780
781,781,2026-08-23 04:44:28,Bank Transfer,1419.79,Completed,TXN-781-781
782,782,2026-01-04 00:09:00,Credit Card,3321.2,Completed,TXN-782-782
783,783,2026-01-27 05:18:54,Bank Transfer,776.76,Pending,
784,784,2026-04-02 16:05:06,PayPal,3042.01,Completed,TXN-784-784
785,785,2026-06-20 00:11:19,Credit Card,1236.03,Refunded,TXN-785-785
786,786,2026-05-17 04:37:29,Debit Card,1930.89,Pending,
787,787,2026-08-01 18:38:58,Credit Card,1738.08,Completed,TXN-787-787
788,788,2026-01-19 18:11:09,PayPal,542.39,Completed,TXN-788-788
789,789,2026-05-31 23:19:48,Bank Transfer,1130.78,Completed,TXN-789-789
790,790,2026-08-25 15:08:39,Cash on Delivery,774.23,Completed,TXN-790-790
791,791,2026-07-02 15:55:10,PayPal,3115.43,Completed,TXN-791-791
792,792,2025-05-26 15:49:21,Bank Transfer,154.38,Completed,TXN-792-792
793,793,2025-03-13 11:47:47,Credit Card,716.96,Completed,TXN-793-793
794,794,2026-07-03 23:52:00,Credit Card,1593.9,Completed,TXN-794-794
795,795,2025-11-16 16:21:28,Cash on Delivery,4013.16,Completed,TXN-795-795
796,796,2026-06-18 20:35:52,PayPal,1171.25,Pending,
797,797,2025-12-27 17:56:01,Bank Transfer,4416.33,Completed,TXN-797-797
798,798,2024-05-23 10:45:05,PayPal,5005.83,Completed,TXN-798-798
799,799,2024-06-18 06:34:43,PayPal,3834.87,Completed,TXN-799-799
800,800,2025-01-22 12:37:08,Debit Card,1208.32,Completed,TXN-800-800
801,801,2026-07-23 09:47:04,PayPal,3194.09,Completed,TXN-801-801
802,802,2026-08-06 02:18:24,Debit Card,2551.69,Completed,TXN-802-802
803,803,2025-06-25 19:09:45,Cash on Delivery,2574.23,Completed,TXN-803-803
804,804,2026-08-27 04:53:35,Credit Card,4593.63,Completed,TXN-804-804
805,805,2026-07-21 07:52:23,PayPal,1179.77,Completed,TXN-805-805
806,806,2026-03-29 10:17:00,Credit Card,1677.44,Completed,TXN-806-806
807,807,2026-08-30 22:39:45,Cash on Delivery,176.54,Completed,TXN-807-807
808,808,2026-02-14 19:15:53,Credit Card,3013.22,Completed,TXN-808-808
809,809,2025-06-24 04:40:33,Debit Card,2377.52,Completed,TXN-809-809
810,810,2026-06-17 18:27:04,Debit Card,1209.53,Completed,TXN-810-810
811,811,2026-08-26 06:45:49,Bank Transfer,994.53,Completed,TXN-811-811
812,812,2026-08-08 12:43:03,Debit Card,706.16,Completed,TXN-812-812
813,813,2026-01-31 13:37:40,Debit Card,2867.31,Pending,
814,814,2026-04-06 16:29:05,Cash on Delivery,2887.27,Completed,TXN-814-814
815,815,2025-11-16 19:41:40,Bank Transfer,907.76,Failed,
816,816,2025-08-27 22:07:23,Bank Transfer,3403.73,Pending,
817,817,2025-12-14 03:32:43,Debit Card,3410.7,Completed,TXN-817-817
818,818,2026-04-09 02:34:06,PayPal,638.66,Pending,
819,819,2025-12-18 16:09:19,Debit Card,119.2,Completed,TXN-819-819
820,820,2026-04-30 09:14:51,PayPal,981.65,Completed,TXN-820-820
821,821,2026-04-15 08:17:11,Bank Transfer,469.24,Completed,TXN-821-821
822,822,2026-06-26 18:38:28,Bank Transfer,3932.07,Completed,TXN-822-822
823,823,2025-02-15 00:17:31,Cash on Delivery,1998.45,Completed,TXN-823-823
824,824,2026-06-23 04:05:07,Cash on Delivery,1340.13,Completed,TXN-824-824
825,825,2025-09-22 12:02:16,Credit Card,1057.05,Completed,TXN-825-825
826,826,2026-08-04 22:37:40,Debit Card,3105.84,Completed,TXN-826-826
827,827,2026-03-12 10:17:08,Bank Transfer,1250.5,Completed,TXN-827-827
828,828,2025-05-14 00:46:41,Debit Card,2045.13,Completed,TXN-828-828
829,829,2025-06-03 09:51:38,PayPal,2463.73,Completed,TXN-829-829
830,830,2026-08-29 07:40:24,Cash on Delivery,2245.12,Completed,TXN-830-830
831,831,2026-08-28 00:25:57,PayPal,901.84,Pending,
832,832,2025-01-05 03:38:58,Bank Transfer,3904.42,Refunded,TXN-832-832
833,833,2026-05-25 07:19:22,Cash on Delivery,651.36,Completed,TXN-833-833
834,834,2026-01-22 19:01:44,Credit Card,5496.84,Completed,TXN-834-834
835,835,2026-08-07 10:50:44,Cash on Delivery,3575.07,Completed,TXN-835-835
836,836,2025-01-18 04:10:53,PayPal,1825.94,Completed,TXN-836-836
837,837,2025-09-06 18:51:19,Debit Card,1707.97,Completed,TXN-837-837
838,838,2024-05-23 14:22:10,Bank Transfer,977.63,Pending,
839,839,2026-05-06 09:33:27,Credit Card,3386.76,Failed,
840,840,2026-08-27 13:12:28,Credit Card,1911.26,Completed,TXN-840-840
841,841,2026-08-02 04:16:00,Bank Transfer,1860.5,Completed,TXN-841-841
842,842,2026-05-04 22:12:23,Cash on Delivery,2819.59,Completed,TXN-842-842
843,843,2025-07-09 20:49:05,PayPal,384.94,Completed,TXN-843-843
844,844,2026-01-30 08:49:25,Bank Transfer,579.34,Completed,TXN-844-844
845,845,2024-07-26 12:26:01,Cash on Delivery,1916.22,Completed,TXN-845-845
846,846,2026-01-18 19:00:17,Bank Transfer,147.81,Completed,TXN-846-846
847,847,2025-01-31 02:48:07,Cash on Delivery,557.91,Refunded,TXN-847-847
848,848,2026-03-02 00:31:08,PayPal,2466.24,Completed,TXN-848-848
849,849,2025-12-13 04:42:07,Debit Card,3394.81,Completed,TXN-849-849
850,850,2026-08-14 15:12:36,Cash on Delivery,2190.04,Completed,TXN-850-850
851,851,2026-05-13 16:05:54,Credit Card,1548.46,Completed,TXN-851-851
852,852,2026-05-22 12:50:29,PayPal,994.18,Completed,TXN-852-852
853,853,2026-04-14 03:10:46,Bank Transfer,1084.78,Completed,TXN-853-853
854,854,2026-07-08 10:22:02,PayPal,909.4,Completed,TXN-854-854
855,855,2026-03-22 10:06:55,PayPal,6145.17,Pending,
856,856,2026-08-08 02:59:51,Debit Card,2346.23,Completed,TXN-856-856
857,857,2025-11-04 07:15:30,Cash on Delivery,1020.52,Failed,
858,858,2025-07-30 15:56:24,Cash on Delivery,1184.71,Completed,TXN-858-858
859,859,2025-12-04 10:15:38,Cash on Delivery,2728.95,Completed,TXN-859-859
860,860,2025-10-25 21:19:53,Cash on Delivery,3844.24,Completed,TXN-860-860
861,861,2026-04-21 19:06:44,Cash on Delivery,2032.55,Completed,TXN-861-861
862,862,2026-05-21 21:44:25,Cash on Delivery,567.58,Completed,TXN-862-862
863,863,2024-05-13 12:00:02,Cash on Delivery,5181.72,Completed,TXN-863-863
864,864,2024-09-16 05:40:12,Bank Transfer,1143.85,Completed,TXN-864-864
865,865,2026-01-30 12:20:24,Credit Card,5283.68,Completed,TXN-865-865
866,866,2025-11-10 09:45:35,PayPal,347.8,Completed,TXN-866-866
867,867,2026-04-02 03:54:42,Bank Transfer,1252.56,Completed,TXN-867-867
868,868,2026-02-24 16:18:59,Credit Card,6413.03,Completed,TXN-868-868
869,869,2024-09-19 09:35:39,Debit Card,947.92,Completed,TXN-869-869
870,870,2026-05-04 19:32:46,Credit Card,165.2,Pending,
871,871,2026-09-01 04:17:19,PayPal,616.24,Completed,TXN-871-871
872,872,2026-03-29 22:04:07,PayPal,7300.86,Refunded,TXN-872-872
873,873,2025-05-18 08:17:15,Bank Transfer,935.97,Completed,TXN-873-873
874,874,2025-02-01 09:59:18,Cash on Delivery,963.11,Completed,TXN-874-874
875,875,2026-01-30 17:57:42,Debit Card,305.76,Completed,TXN-875-875
876,876,2026-03-08 15:26:54,Bank Transfer,2728.17,Completed,TXN-876-876
877,877,2025-06-21 11:39:34,Debit Card,2784.5,Completed,TXN-877-877
878,878,2026-08-28 09:02:52,PayPal,3620.16,Completed,TXN-878-878
879,879,2026-07-26 06:54:50,Cash on Delivery,1209.68,Completed,TXN-879-879
880,880,2026-08-25 06:36:56,Debit Card,3159.76,Completed,TXN-880-880
881,881,2026-08-06 19:22:40,Bank Transfer,2242.66,Completed,TXN-881-881
882,882,2026-09-01 05:06:02,Debit Card,427.89,Completed,TXN-882-882
883,883,2026-03-06 06:03:49,Credit Card,1162.7,Completed,TXN-883-883
884,884,2026-05-01 12:43:59,PayPal,165.44,Completed,TXN-884-884
885,885,2026-05-07 00:09:00,Bank Transfer,265.78,Completed,TXN-885-885
886,886,2025-03-08 23:19:24,Bank Transfer,589.76,Completed,TXN-886-886
887,887,2026-07-10 06:50:05,Debit Card,1310.17,Completed,TXN-887-887
888,888,2026-07-18 18:40:45,Credit Card,236.54,Completed,TXN-888-888
889,889,2026-06-21 14:25:37,PayPal,4070.7,Completed,TXN-889-889
890,890,2024-08-06 21:38:06,Bank Transfer,185.47,Completed,TXN-890-890
891,891,2024-08-01 13:09:33,Cash on Delivery,599.34,Completed,TXN-891-891
892,892,2026-07-09 09:27:20,Bank Transfer,3176.44,Refunded,TXN-892-892
893,893,2025-10-26 20:47:09,Cash on Delivery,1076.24,Completed,TXN-893-893
894,894,2026-04-24 02:11:53,Credit Card,1548.46,Completed,TXN-894-894
895,895,2026-08-04 18:18:58,Debit Card,716.96,Completed,TXN-895-895
896,896,2025-08-01 07:44:03,Debit Card,3232.15,Completed,TXN-896-896
897,897,2025-12-20 19:48:10,Debit Card,81.35,Completed,TXN-897-897
898,898,2026-01-29 03:01:34,Bank Transfer,1158.73,Completed,TXN-898-898
899,899,2026-05-13 18:14:53,Bank Transfer,1221.28,Completed,TXN-899-899
900,900,2026-07-13 05:30:24,Bank Transfer,5071.13,Pending,
901,901,2026-03-09 18:19:45,Credit Card,1472.58,Completed,TXN-901-901
902,902,2026-08-04 23:01:39,Debit Card,3004.27,Completed,TXN-902-902
903,903,2025-08-07 03:58:47,Credit Card,872.1,Completed,TXN-903-903
904,904,2026-05-17 04:30:58,Debit Card,2780.12,Completed,TXN-904-904
905,905,2026-05-09 01:58:43,Cash on Delivery,1390.58,Pending,
906,906,2025-04-06 13:38:16,Cash on Delivery,2284.79,Completed,TXN-906-906
907,907,2025-12-03 00:37:56,Debit Card,5158.59,Completed,TXN-907-907
908,908,2024-04-08 02:49:28,Cash on Delivery,165.2,Completed,TXN-908-908
909,909,2024-12-11 13:51:50,Debit Card,491.98,Completed,TXN-909-909
910,910,2026-07-03 06:41:53,Bank Transfer,937.59,Completed,TXN-910-910
911,911,2025-08-10 17:11:03,Credit Card,2016.63,Pending,
912,912,2026-06-29 19:00:44,Credit Card,777.19,Completed,TXN-912-912
913,913,2026-08-21 19:01:16,PayPal,1839.46,Completed,TXN-913-913
914,914,2026-06-11 19:36:17,Debit Card,995.3,Completed,TXN-914-914
915,915,2026-07-02 17:47:52,Bank Transfer,955.21,Completed,TXN-915-915
916,916,2026-08-28 16:55:43,Debit Card,609.5,Completed,TXN-916-916
917,917,2025-12-08 10:33:51,Credit Card,1006.98,Refunded,TXN-917-917
918,918,2026-07-02 15:26:41,Credit Card,3939.33,Completed,TXN-918-918
919,919,2026-06-16 08:54:32,Debit Card,1400.41,Completed,TXN-919-919
920,920,2025-12-22 09:29:26,Bank Transfer,1590.12,Completed,TXN-920-920
921,921,2025-02-10 16:49:45,Bank Transfer,2598.04,Pending,
922,922,2025-12-31 16:44:26,PayPal,1207.07,Completed,TXN-922-922
923,923,2024-11-30 01:08:46,Debit Card,662.55,Completed,TXN-923-923
924,924,2026-07-06 21:00:39,Debit Card,176.54,Completed,TXN-924-924
925,925,2026-01-08 17:58:22,Debit Card,3051.72,Completed,TXN-925-925
926,926,2026-05-26 05:21:02,PayPal,2912.42,Completed,TXN-926-926
927,927,2026-06-25 01:55:07,Bank Transfer,2657.95,Failed,
928,928,2025-08-27 05:46:40,Credit Card,529.62,Completed,TXN-928-928
929,929,2023-12-09 09:08:44,Credit Card,2999.65,Failed,
930,930,2024-04-05 05:21:51,Debit Card,2579.3,Completed,TXN-930-930
931,931,2026-06-05 02:16:50,Bank Transfer,4028.31,Pending,
932,932,2025-06-15 15:24:48,Credit Card,4487.19,Completed,TXN-932-932
933,933,2025-12-20 19:13:34,Credit Card,2934.83,Completed,TXN-933-933
934,934,2026-07-14 03:28:54,Bank Transfer,3008.17,Completed,TXN-934-934
935,935,2026-08-29 17:10:26,Cash on Delivery,2588.96,Completed,TXN-935-935
936,936,2026-07-19 18:43:31,PayPal,1903.41,Completed,TXN-936-936
937,937,2025-05-14 14:12:30,Credit Card,3236.16,Completed,TXN-937-937
938,938,2026-06-08 18:44:16,Cash on Delivery,2895.69,Completed,TXN-938-938
939,939,2026-07-02 00:08:59,PayPal,2022.5,Completed,TXN-939-939
940,940,2026-07-04 15:53:52,Cash on Delivery,1652.93,Completed,TXN-940-940
941,941,2026-05-23 03:29:15,Cash on Delivery,1545.11,Completed,TXN-941-941
942,942,2025-04-20 12:45:50,PayPal,1192.44,Pending,
943,943,2026-01-20 11:57:29,Debit Card,994.18,Pending,
944,944,2026-06-05 19:50:58,Bank Transfer,5518.01,Completed,TXN-944-944
945,945,2026-08-30 05:38:30,Cash on Delivery,1945.79,Refunded,TXN-945-945
946,946,2026-08-09 21:27:50,PayPal,1217.03,Completed,TXN-946-946
947,947,2026-01-20 15:34:31,Debit Card,733.03,Completed,TXN-947-947
948,948,2026-05-10 01:29:32,PayPal,1086.72,Completed,TXN-948-948
949,949,2025-07-06 11:36:39,Debit Card,2566.45,Completed,TXN-949-949
950,950,2026-05-01 21:56:34,Credit Card,1371.21,Completed,TXN-950-950
951,951,2025-01-02 00:56:57,Credit Card,1447.15,Completed,TXN-951-951
952,952,2025-11-05 21:50:10,PayPal,1112.35,Completed,TXN-952-952
953,953,2026-01-15 03:16:47,Debit Card,818.1,Completed,TXN-953-953
954,954,2026-05-12 09:30:53,Credit Card,3175.5,Completed,TXN-954-954
955,955,2026-07-12 07:53:18,Bank Transfer,818.1,Completed,TXN-955-955
956,956,2026-08-18 17:31:43,Cash on Delivery,1786.19,Failed,
957,957,2025-09-19 11:13:45,Bank Transfer,3351.93,Pending,
958,958,2025-01-08 17:45:52,PayPal,1009.52,Pending,
959,959,2025-09-18 14:14:32,Debit Card,1601.0,Completed,TXN-959-959
960,960,2026-08-03 22:13:19,Debit Card,2524.34,Completed,TXN-960-960
961,961,2026-06-27 21:21:39,Credit Card,714.21,Completed,TXN-961-961
962,962,2026-05-29 11:47:00,PayPal,132.89,Completed,TXN-962-962
963,963,2026-06-26 05:08:33,Bank Transfer,2061.59,Completed,TXN-963-963
964,964,2025-10-06 12:53:05,Credit Card,1376.56,Completed,TXN-964-964
965,965,2025-09-24 19:20:43,Debit Card,947.92,Completed,TXN-965-965
966,966,2025-04-07 07:50:00,Bank Transfer,3955.85,Completed,TXN-966-966
967,967,2025-11-18 22:12:51,Bank Transfer,2205.07,Completed,TXN-967-967
968,968,2026-04-02 21:27:59,PayPal,2239.25,Completed,TXN-968-968
969,969,2026-07-22 00:28:37,Bank Transfer,2194.34,Completed,TXN-969-969
970,970,2025-09-27 14:21:33,Cash on Delivery,1627.26,Completed,TXN-970-970
971,971,2024-01-28 07:01:16,Bank Transfer,1366.37,Completed,TXN-971-971
972,972,2025-08-28 11:29:12,Cash on Delivery,1020.52,Completed,TXN-972-972
973,973,2025-06-19 19:22:20,Debit Card,1775.48,Completed,TXN-973-973
974,974,2025-03-16 14:59:15,Bank Transfer,1593.91,Completed,TXN-974-974
975,975,2026-07-21 08:27:58,Bank Transfer,1175.66,Completed,TXN-975-975
976,976,2026-01-05 06:54:18,PayPal,347.8,Completed,TXN-976-976
977,977,2026-06-17 14:20:36,PayPal,4411.6,Pending,
978,978,2026-04-27 19:22:03,Credit Card,1105.24,Completed,TXN-978-978
979,979,2026-08-31 11:00:05,Cash on Delivery,2666.65,Completed,TXN-979-979
980,980,2024-12-12 00:11:03,Credit Card,2665.41,Completed,TXN-980-980
981,981,2026-07-20 00:56:28,PayPal,4670.51,Completed,TXN-981-981
982,982,2025-01-31 14:13:07,Credit Card,3280.82,Completed,TXN-982-982
983,983,2026-07-20 04:09:10,Cash on Delivery,1864.78,Completed,TXN-983-983
984,984,2025-03-27 03:25:15,Debit Card,2041.04,Pending,
985,985,2026-02-02 02:27:37,Debit Card,1821.2,Completed,TXN-985-985
986,986,2026-08-30 09:48:38,Credit Card,932.01,Completed,TXN-986-986
987,987,2025-09-11 00:33:42,Bank Transfer,2728.19,Completed,TXN-987-987
988,988,2026-08-29 23:05:54,Bank Transfer,2281.27,Completed,TXN-988-988
989,989,2026-02-19 12:35:17,Debit Card,1936.82,Completed,TXN-989-989
990,990,2026-03-27 03:54:04,PayPal,2979.94,Completed,TXN-990-990
991,991,2024-11-07 09:19:09,Cash on Delivery,2501.1,Completed,TXN-991-991
992,992,2025-04-11 16:11:10,Cash on Delivery,1918.84,Completed,TXN-992-992
993,993,2026-06-09 11:59:53,Credit Card,3809.07,Completed,TXN-993-993
994,994,2025-11-29 22:57:39,Debit Card,1667.03,Completed,TXN-994-994
995,995,2025-09-05 13:09:54,Credit Card,3802.17,Completed,TXN-995-995
996,996,2025-08-31 08:14:11,Bank Transfer,568.46,Completed,TXN-996-996
997,997,2025-07-29 20:58:43,Credit Card,1063.07,Pending,
998,998,2026-05-18 03:22:54,Bank Transfer,3072.06,Completed,TXN-998-998
999,999,2026-02-20 09:42:35,Cash on Delivery,597.45,Completed,TXN-999-999
1000,1000,2025-05-25 10:13:39,Bank Transfer,712.59,Completed,TXN-1000-1000
1001,1001,2026-03-03 01:51:34,Bank Transfer,2425.77,Pending,
1002,1002,2024-06-22 22:21:01,PayPal,1062.71,Pending,
1003,1003,2026-06-19 06:59:52,Credit Card,3929.15,Completed,TXN-1003-1003
1004,1004,2026-02-24 13:18:06,Debit Card,2057.66,Completed,TXN-1004-1004
1005,1005,2025-11-15 18:54:52,Credit Card,958.03,Completed,TXN-1005-1005
1006,1006,2026-05-22 11:49:34,Cash on Delivery,2883.5,Refunded,TXN-1006-1006
1007,1007,2025-09-30 16:49:42,Bank Transfer,570.36,Completed,TXN-1007-1007
1008,1008,2026-08-20 23:45:08,Cash on Delivery,2226.09,Completed,TXN-1008-1008
1009,1009,2026-03-31 19:07:10,Bank Transfer,2057.07,Completed,TXN-1009-1009
1010,1010,2025-05-28 19:54:38,PayPal,1512.34,Pending,
1011,1011,2026-08-24 12:31:26,Debit Card,1057.07,Completed,TXN-1011-1011
1012,1012,2025-09-17 01:49:54,Bank Transfer,2842.97,Pending,
1013,1013,2025-09-21 23:22:47,Cash on Delivery,358.48,Completed,TXN-1013-1013
1014,1014,2025-09-21 13:53:40,Credit Card,1504.85,Failed,
1015,1015,2026-06-13 10:38:41,Debit Card,652.86,Completed,TXN-1015-1015
1016,1016,2025-03-11 06:47:58,PayPal,1816.75,Completed,TXN-1016-1016
1017,1017,2026-08-26 08:51:23,PayPal,935.97,Refunded,TXN-1017-1017
1018,1018,2026-08-17 06:46:36,Credit Card,34.19,Completed,TXN-1018-1018
1019,1019,2025-07-03 20:00:40,Debit Card,705.82,Completed,TXN-1019-1019
1020,1020,2026-03-28 20:43:06,Credit Card,1015.67,Completed,TXN-1020-1020
1021,1021,2026-06-15 15:55:06,Debit Card,526.7,Failed,
1022,1022,2026-07-18 05:26:35,Credit Card,2634.42,Completed,TXN-1022-1022
1023,1023,2025-03-09 20:34:31,Debit Card,2872.53,Completed,TXN-1023-1023
1024,1024,2024-08-21 20:13:06,Bank Transfer,3583.75,Completed,TXN-1024-1024
1025,1025,2026-08-12 07:08:24,Debit Card,2435.23,Failed,
1026,1026,2026-01-16 01:30:29,Debit Card,822.77,Completed,TXN-1026-1026
1027,1027,2025-11-05 05:44:28,Cash on Delivery,555.99,Completed,TXN-1027-1027
1028,1028,2026-01-20 06:59:00,Cash on Delivery,172.84,Completed,TXN-1028-1028
1029,1029,2026-03-09 19:00:24,PayPal,272.6,Failed,
1030,1030,2024-11-12 16:23:20,Cash on Delivery,2793.27,Pending,
1031,1031,2025-11-21 03:50:34,Debit Card,798.5,Completed,TXN-1031-1031
1032,1032,2026-07-15 18:13:57,PayPal,2200.26,Completed,TXN-1032-1032
1033,1033,2025-11-24 12:22:27,Debit Card,3343.38,Pending,
1034,1034,2026-08-31 16:59:41,Credit Card,550.93,Completed,TXN-1034-1034
1035,1035,2025-07-26 07:37:54,Debit Card,774.23,Completed,TXN-1035-1035
1036,1036,2026-02-22 02:17:37,Debit Card,459.02,Completed,TXN-1036-1036
1037,1037,2024-05-31 03:01:25,Credit Card,829.13,Completed,TXN-1037-1037
1038,1038,2026-01-12 02:53:46,Credit Card,4517.53,Completed,TXN-1038-1038
1039,1039,2026-05-21 15:19:58,Bank Transfer,2965.91,Completed,TXN-1039-1039
1040,1040,2026-05-11 21:10:21,PayPal,1565.54,Completed,TXN-1040-1040
1041,1041,2026-07-16 13:27:16,Cash on Delivery,2163.0,Completed,TXN-1041-1041
1042,1042,2025-11-21 00:56:44,Cash on Delivery,1434.6,Completed,TXN-1042-1042
1043,1043,2026-05-22 22:31:55,Cash on Delivery,6982.68,Completed,TXN-1043-1043
1044,1044,2024-03-23 00:26:11,Credit Card,1134.98,Completed,TXN-1044-1044
1045,1045,2024-05-03 06:13:44,Bank Transfer,3808.63,Completed,TXN-1045-1045
1046,1046,2026-02-12 10:42:26,PayPal,484.67,Completed,TXN-1046-1046
1047,1047,2026-08-14 07:03:48,Cash on Delivery,473.18,Completed,TXN-1047-1047
1048,1048,2025-02-26 18:40:51,Bank Transfer,1209.92,Completed,TXN-1048-1048
1049,1049,2025-01-29 10:40:29,Bank Transfer,3104.59,Completed,TXN-1049-1049
1050,1050,2026-05-28 05:15:25,Debit Card,1406.76,Completed,TXN-1050-1050
1051,1051,2026-01-16 00:43:47,Cash on Delivery,3474.36,Completed,TXN-1051-1051
1052,1052,2026-04-22 19:17:05,Credit Card,2358.68,Completed,TXN-1052-1052
1053,1053,2024-02-12 14:24:51,PayPal,877.92,Completed,TXN-1053-1053
1054,1054,2026-06-10 14:37:35,Cash on Delivery,1129.88,Pending,
1055,1055,2026-04-03 09:51:06,Debit Card,2733.51,Completed,TXN-1055-1055
1056,1056,2026-06-05 12:16:24,Credit Card,2057.2,Completed,TXN-1056-1056
1057,1057,2024-04-17 23:51:32,Credit Card,1458.17,Pending,
1058,1058,2025-06-09 17:01:10,Bank Transfer,3167.05,Completed,TXN-1058-1058
1059,1059,2024-06-14 06:57:41,Credit Card,1009.52,Completed,TXN-1059-1059
1060,1060,2025-10-08 03:08:07,Bank Transfer,774.56,Completed,TXN-1060-1060
1061,1061,2026-07-22 09:37:14,Bank Transfer,1212.06,Completed,TXN-1061-1061
1062,1062,2025-06-27 13:52:36,Debit Card,6648.31,Pending,
1063,1063,2026-07-29 20:53:22,Credit Card,555.16,Pending,
1064,1064,2026-08-27 17:42:40,PayPal,1956.95,Completed,TXN-1064-1064
1065,1065,2026-04-25 17:10:33,Cash on Delivery,2268.31,Completed,TXN-1065-1065
1066,1066,2026-06-21 23:01:14,Bank Transfer,1234.77,Completed,TXN-1066-1066
1067,1067,2025-11-07 19:28:31,Bank Transfer,2540.61,Pending,
1068,1068,2026-08-25 10:20:21,Bank Transfer,1050.79,Completed,TXN-1068-1068
1069,1069,2026-09-01 16:10:40,Debit Card,959.04,Completed,TXN-1069-1069
1070,1070,2025-08-27 15:59:45,PayPal,2487.15,Pending,
1071,1071,2026-01-15 02:01:01,Credit Card,4344.39,Completed,TXN-1071-1071
1072,1072,2025-10-27 01:49:28,Bank Transfer,3552.66,Completed,TXN-1072-1072
1073,1073,2026-02-02 19:11:59,Credit Card,1758.05,Completed,TXN-1073-1073
1074,1074,2026-07-13 21:55:22,Credit Card,275.45,Refunded,TXN-1074-1074
1075,1075,2026-01-03 12:12:17,Credit Card,557.91,Completed,TXN-1075-1075
1076,1076,2025-03-13 23:34:45,Credit Card,1489.42,Completed,TXN-1076-1076
1077,1077,2026-08-05 03:22:39,Debit Card,1632.39,Completed,TXN-1077-1077
1078,1078,2026-07-12 08:08:15,Credit Card,211.38,Completed,TXN-1078-1078
1079,1079,2025-03-26 00:25:54,Credit Card,2386.72,Failed,
1080,1080,2026-02-17 22:48:01,Bank Transfer,1156.52,Completed,TXN-1080-1080
1081,1081,2025-05-07 03:25:34,Credit Card,712.1,Completed,TXN-1081-1081
1082,1082,2026-01-20 20:14:35,Credit Card,3462.74,Completed,TXN-1082-1082
1083,1083,2025-07-23 15:27:23,PayPal,1923.36,Completed,TXN-1083-1083
1084,1084,2026-07-02 02:05:31,Debit Card,1034.58,Completed,TXN-1084-1084
1085,1085,2025-06-22 09:31:52,Credit Card,4497.17,Completed,TXN-1085-1085
1086,1086,2025-10-15 07:48:41,Debit Card,161.48,Completed,TXN-1086-1086
1087,1087,2026-03-04 04:25:13,Bank Transfer,1903.56,Completed,TXN-1087-1087
1088,1088,2025-08-11 15:51:43,Bank Transfer,2078.85,Completed,TXN-1088-1088
1089,1089,2026-07-31 11:51:39,Debit Card,217.62,Completed,TXN-1089-1089
1090,1090,2026-06-09 15:41:28,Cash on Delivery,1789.52,Completed,TXN-1090-1090
1091,1091,2026-03-02 01:56:01,PayPal,3996.37,Completed,TXN-1091-1091
1092,1092,2025-09-22 22:19:09,Credit Card,2952.28,Completed,TXN-1092-1092
1093,1093,2026-03-06 08:24:07,PayPal,234.62,Failed,
1094,1094,2026-08-17 11:08:08,PayPal,631.62,Completed,TXN-1094-1094
1095,1095,2025-09-14 08:15:55,Bank Transfer,2531.43,Completed,TXN-1095-1095
1096,1096,2025-12-29 09:47:23,Cash on Delivery,5698.55,Completed,TXN-1096-1096
1097,1097,2026-07-16 23:45:43,Cash on Delivery,2121.45,Failed,
1098,1098,2026-07-19 00:54:04,Bank Transfer,2562.66,Completed,TXN-1098-1098
1099,1099,2025-10-21 22:59:27,Cash on Delivery,1640.31,Pending,
1100,1100,2024-06-26 05:31:05,PayPal,2869.35,Completed,TXN-1100-1100
1101,1101,2024-05-24 08:32:41,Cash on Delivery,529.62,Completed,TXN-1101-1101
1102,1102,2026-02-10 12:43:38,Credit Card,3899.39,Completed,TXN-1102-1102
1103,1103,2024-10-08 00:29:05,PayPal,5761.46,Completed,TXN-1103-1103
1104,1104,2025-03-19 19:02:29,PayPal,3487.89,Completed,TXN-1104-1104
1105,1105,2026-08-03 08:23:26,Cash on Delivery,3010.68,Completed,TXN-1105-1105
1106,1106,2024-04-26 09:02:34,Credit Card,1510.68,Completed,TXN-1106-1106
1107,1107,2026-05-28 22:01:57,Cash on Delivery,8155.56,Completed,TXN-1107-1107
1108,1108,2026-08-30 20:14:58,Bank Transfer,1449.93,Completed,TXN-1108-1108
1109,1109,2025-10-22 20:33:05,Cash on Delivery,832.59,Completed,TXN-1109-1109
1110,1110,2024-10-29 04:24:58,Bank Transfer,782.97,Completed,TXN-1110-1110
1111,1111,2025-12-01 02:55:22,Bank Transfer,944.8,Completed,TXN-1111-1111
1112,1112,2024-07-28 18:25:40,Bank Transfer,2295.15,Completed,TXN-1112-1112
1113,1113,2026-05-07 10:31:05,PayPal,149.0,Completed,TXN-1113-1113
1114,1114,2025-07-10 18:33:12,Credit Card,760.47,Failed,
1115,1115,2026-05-26 00:02:32,Credit Card,809.09,Completed,TXN-1115-1115
1116,1116,2025-07-17 00:20:28,Bank Transfer,1100.84,Completed,TXN-1116-1116
1117,1117,2026-03-09 04:35:52,Credit Card,34.19,Completed,TXN-1117-1117
1118,1118,2026-05-16 10:05:27,Credit Card,3292.31,Completed,TXN-1118-1118
1119,1119,2026-08-27 13:47:37,Credit Card,780.62,Completed,TXN-1119-1119
1120,1120,2025-10-25 18:04:38,PayPal,2100.39,Completed,TXN-1120-1120
1121,1121,2024-07-27 07:27:27,Debit Card,1925.79,Completed,TXN-1121-1121
1122,1122,2026-06-20 16:58:18,Cash on Delivery,1816.79,Completed,TXN-1122-1122
1123,1123,2026-07-18 23:54:02,Credit Card,1277.03,Completed,TXN-1123-1123
1124,1124,2026-05-01 20:24:07,Credit Card,1757.29,Refunded,TXN-1124-1124
1125,1125,2025-06-16 04:24:11,PayPal,1636.2,Completed,TXN-1125-1125
1126,1126,2025-05-29 15:49:18,Cash on Delivery,1467.1,Completed,TXN-1126-1126
1127,1127,2026-01-17 21:51:30,Debit Card,2670.93,Completed,TXN-1127-1127
1128,1128,2026-08-23 07:09:19,Bank Transfer,2218.98,Completed,TXN-1128-1128
1129,1129,2026-02-22 16:41:58,Debit Card,3749.77,Failed,
1130,1130,2026-03-14 05:06:04,PayPal,4536.92,Pending,
1131,1131,2025-08-10 12:43:36,PayPal,1938.99,Completed,TXN-1131-1131
1132,1132,2026-07-22 05:26:55,PayPal,866.13,Completed,TXN-1132-1132
1133,1133,2025-06-09 23:31:23,Cash on Delivery,324.16,Refunded,TXN-1133-1133
1134,1134,2025-10-14 03:06:45,PayPal,4461.66,Failed,
1135,1135,2026-04-23 22:42:39,Cash on Delivery,1228.2,Completed,TXN-1135-1135
1136,1136,2025-11-06 11:15:52,Credit Card,1269.51,Completed,TXN-1136-1136
1137,1137,2026-07-21 21:17:16,Bank Transfer,3643.74,Completed,TXN-1137-1137
1138,1138,2026-06-11 17:08:25,Bank Transfer,574.04,Completed,TXN-1138-1138
1139,1139,2026-08-01 10:32:00,Bank Transfer,1970.99,Completed,TXN-1139-1139
1140,1140,2026-08-30 10:04:03,Debit Card,2802.16,Completed,TXN-1140-1140
1141,1141,2026-07-16 08:09:02,Cash on Delivery,478.63,Completed,TXN-1141-1141
1142,1142,2026-05-30 12:42:34,Cash on Delivery,4419.22,Completed,TXN-1142-1142
1143,1143,2025-11-05 23:03:06,PayPal,1062.07,Pending,
1144,1144,2026-04-04 18:37:19,Credit Card,3401.83,Completed,TXN-1144-1144
1145,1145,2026-08-02 21:18:34,Credit Card,394.13,Pending,
1146,1146,2026-03-04 13:33:09,Credit Card,758.76,Completed,TXN-1146-1146
1147,1147,2026-03-15 17:15:33,Credit Card,5076.85,Completed,TXN-1147-1147
1148,1148,2026-05-31 21:35:01,Credit Card,1453.55,Completed,TXN-1148-1148
1149,1149,2026-08-30 06:24:05,Debit Card,204.87,Completed,TXN-1149-1149
1150,1150,2026-08-29 06:03:28,Credit Card,2829.71,Completed,TXN-1150-1150
1151,1151,2025-12-19 07:33:10,Debit Card,173.9,Completed,TXN-1151-1151
1152,1152,2026-02-12 04:27:28,PayPal,2889.67,Completed,TXN-1152-1152
1153,1153,2024-07-03 05:17:07,Bank Transfer,854.22,Completed,TXN-1153-1153
1154,1154,2025-04-29 07:06:16,Bank Transfer,2265.71,Completed,TXN-1154-1154
1155,1155,2026-06-25 18:53:51,PayPal,1645.97,Completed,TXN-1155-1155
1156,1156,2026-06-20 08:26:01,Bank Transfer,1971.94,Completed,TXN-1156-1156
1157,1157,2026-07-25 22:49:56,Bank Transfer,800.5,Completed,TXN-1157-1157
1158,1158,2026-06-16 17:30:28,Debit Card,1703.82,Completed,TXN-1158-1158
1159,1159,2026-03-03 09:26:26,PayPal,340.62,Completed,TXN-1159-1159
1160,1160,2025-07-06 19:44:16,Bank Transfer,1508.74,Completed,TXN-1160-1160
1161,1161,2025-05-10 10:34:17,PayPal,561.75,Completed,TXN-1161-1161
1162,1162,2026-04-27 00:41:48,Credit Card,813.66,Failed,
1163,1163,2026-07-28 15:28:03,Credit Card,3449.95,Completed,TXN-1163-1163
1164,1164,2025-10-13 06:23:18,Debit Card,1009.52,Completed,TXN-1164-1164
1165,1165,2026-05-30 00:14:26,PayPal,4313.77,Completed,TXN-1165-1165
1166,1166,2026-04-18 15:45:10,Bank Transfer,1000.56,Refunded,TXN-1166-1166
1167,1167,2026-08-13 14:47:36,PayPal,2424.24,Completed,TXN-1167-1167
1168,1168,2026-05-25 04:29:51,PayPal,626.68,Pending,
1169,1169,2026-08-05 17:34:43,Cash on Delivery,201.06,Completed,TXN-1169-1169
1170,1170,2026-08-02 01:35:41,Bank Transfer,2346.55,Completed,TXN-1170-1170
1171,1171,2025-01-30 20:27:20,Bank Transfer,473.45,Completed,TXN-1171-1171
1172,1172,2025-07-20 17:23:25,Bank Transfer,378.46,Completed,TXN-1172-1172
1173,1173,2025-01-15 05:41:05,PayPal,1360.49,Completed,TXN-1173-1173
1174,1174,2026-07-05 01:42:22,PayPal,2783.5,Completed,TXN-1174-1174
1175,1175,2026-02-09 06:31:22,Bank Transfer,2473.37,Completed,TXN-1175-1175
1176,1176,2025-04-25 13:17:38,PayPal,861.19,Completed,TXN-1176-1176
1177,1177,2026-05-11 11:40:17,Cash on Delivery,34.19,Completed,TXN-1177-1177
1178,1178,2026-02-07 09:05:00,Bank Transfer,1585.52,Completed,TXN-1178-1178
1179,1179,2026-03-19 01:20:36,Credit Card,1795.01,Completed,TXN-1179-1179
1180,1180,2026-04-05 15:14:26,PayPal,3854.55,Completed,TXN-1180-1180
1181,1181,2026-06-20 08:28:52,Credit Card,3697.38,Completed,TXN-1181-1181
1182,1182,2024-10-21 21:30:39,Credit Card,2645.85,Completed,TXN-1182-1182
1183,1183,2026-02-02 20:53:43,Bank Transfer,2559.62,Completed,TXN-1183-1183
1184,1184,2026-08-22 03:22:13,Debit Card,571.32,Completed,TXN-1184-1184
1185,1185,2026-08-29 11:14:38,Bank Transfer,3653.06,Completed,TXN-1185-1185
1186,1186,2026-04-25 20:38:55,PayPal,700.81,Completed,TXN-1186-1186
1187,1187,2026-08-15 08:37:59,Credit Card,1216.13,Completed,TXN-1187-1187
1188,1188,2024-09-15 01:32:21,Cash on Delivery,1966.16,Completed,TXN-1188-1188
1189,1189,2026-07-11 11:56:42,Credit Card,1513.82,Completed,TXN-1189-1189
1190,1190,2025-06-20 04:16:53,PayPal,633.08,Completed,TXN-1190-1190
1191,1191,2026-04-09 19:00:55,Debit Card,358.48,Refunded,TXN-1191-1191
1192,1192,2026-08-16 20:28:37,Bank Transfer,612.92,Completed,TXN-1192-1192
1193,1193,2024-06-04 19:56:03,Bank Transfer,1020.52,Completed,TXN-1193-1193
1194,1194,2026-08-26 16:47:26,Debit Card,596.06,Pending,
1195,1195,2026-08-23 22:54:19,Bank Transfer,1993.39,Completed,TXN-1195-1195
1196,1196,2026-08-18 17:28:33,PayPal,339.73,Completed,TXN-1196-1196
1197,1197,2024-06-10 21:24:47,Debit Card,557.91,Completed,TXN-1197-1197
1198,1198,2026-05-29 05:40:33,Credit Card,6000.81,Completed,TXN-1198-1198
1199,1199,2025-08-25 14:25:19,Debit Card,2454.3,Completed,TXN-1199-1199
1200,1200,2026-07-28 02:14:19,Cash on Delivery,769.0,Completed,TXN-1200-1200
1201,1201,2026-03-11 17:51:11,Bank Transfer,507.35,Completed,TXN-1201-1201
1202,1202,2026-07-12 10:52:23,Debit Card,72.7,Completed,TXN-1202-1202
1203,1203,2026-05-12 21:06:44,Debit Card,2424.18,Completed,TXN-1203-1203
1204,1204,2026-02-16 20:10:23,Cash on Delivery,1370.43,Completed,TXN-1204-1204
1205,1205,2026-06-12 09:21:43,Debit Card,2100.51,Completed,TXN-1205-1205
1206,1206,2025-11-27 13:41:33,Bank Transfer,984.84,Completed,TXN-1206-1206
1207,1207,2025-03-02 10:09:30,Cash on Delivery,1822.87,Completed,TXN-1207-1207
1208,1208,2026-06-13 20:35:33,Cash on Delivery,412.06,Completed,TXN-1208-1208
1209,1209,2026-04-13 14:16:40,Cash on Delivery,1325.66,Completed,TXN-1209-1209
1210,1210,2026-02-11 22:46:52,Bank Transfer,641.58,Completed,TXN-1210-1210
1211,1211,2026-03-04 16:49:05,PayPal,196.83,Completed,TXN-1211-1211
1212,1212,2025-11-18 15:23:34,Debit Card,1342.19,Completed,TXN-1212-1212
1213,1213,2026-08-03 14:16:00,Credit Card,3855.85,Completed,TXN-1213-1213
1214,1214,2025-09-30 23:43:59,Bank Transfer,3536.48,Completed,TXN-1214-1214
1215,1215,2026-03-25 03:18:36,Cash on Delivery,6292.9,Pending,
1216,1216,2026-07-10 21:51:44,Debit Card,915.58,Failed,
1217,1217,2026-08-15 05:45:04,Cash on Delivery,1135.64,Completed,TXN-1217-1217
1218,1218,2025-02-27 23:38:25,Credit Card,1066.36,Completed,TXN-1218-1218
1219,1219,2026-07-30 08:41:18,Cash on Delivery,643.08,Completed,TXN-1219-1219
1220,1220,2025-08-10 15:20:45,Bank Transfer,788.26,Pending,
1221,1221,2026-08-28 16:52:12,Bank Transfer,4455.27,Completed,TXN-1221-1221
1222,1222,2026-01-28 22:11:33,PayPal,556.41,Completed,TXN-1222-1222
1223,1223,2026-08-25 22:30:19,PayPal,4214.88,Completed,TXN-1223-1223
1224,1224,2026-02-06 13:21:29,Credit Card,239.2,Completed,TXN-1224-1224
1225,1225,2025-05-17 18:51:42,PayPal,1466.33,Completed,TXN-1225-1225
1226,1226,2025-10-22 23:29:49,Debit Card,348.28,Completed,TXN-1226-1226
1227,1227,2025-12-27 15:28:46,PayPal,1050.22,Completed,TXN-1227-1227
1228,1228,2026-05-24 11:19:26,Credit Card,1865.5,Completed,TXN-1228-1228
1229,1229,2025-05-12 21:23:40,Credit Card,1514.55,Completed,TXN-1229-1229
1230,1230,2026-04-18 14:09:06,Bank Transfer,2359.53,Completed,TXN-1230-1230
1231,1231,2026-01-16 23:07:49,Credit Card,1118.86,Completed,TXN-1231-1231
1232,1232,2026-06-10 09:49:29,Credit Card,869.8,Completed,TXN-1232-1232
1233,1233,2026-03-01 03:19:58,Debit Card,4297.55,Completed,TXN-1233-1233
1234,1234,2024-05-22 06:10:14,Debit Card,1818.7,Failed,
1235,1235,2026-06-13 23:24:35,Credit Card,6119.3,Completed,TXN-1235-1235
1236,1236,2025-04-08 19:23:59,Debit Card,1837.49,Completed,TXN-1236-1236
1237,1237,2026-08-26 03:26:33,PayPal,1746.42,Pending,
1238,1238,2026-08-25 00:53:58,Bank Transfer,2582.16,Completed,TXN-1238-1238
1239,1239,2025-09-04 13:25:40,Debit Card,600.04,Failed,
1240,1240,2025-03-25 20:11:18,Credit Card,1640.76,Completed,TXN-1240-1240
1241,1241,2026-01-08 08:02:07,Credit Card,1466.44,Completed,TXN-1241-1241
1242,1242,2025-03-12 11:49:08,PayPal,4039.34,Completed,TXN-1242-1242
1243,1243,2026-03-13 05:16:20,Debit Card,4468.06,Completed,TXN-1243-1243
1244,1244,2026-04-02 05:53:02,Cash on Delivery,1366.13,Completed,TXN-1244-1244
1245,1245,2026-02-13 14:24:42,Bank Transfer,4273.2,Completed,TXN-1245-1245
1246,1246,2026-08-15 17:10:00,Credit Card,2551.98,Pending,
1247,1247,2025-06-18 06:35:50,Debit Card,1318.58,Completed,TXN-1247-1247
1248,1248,2026-08-03 23:51:58,Cash on Delivery,774.95,Completed,TXN-1248-1248
1249,1249,2026-07-25 19:15:38,Debit Card,4593.73,Completed,TXN-1249-1249
1250,1250,2026-08-02 14:01:11,Bank Transfer,584.38,Completed,TXN-1250-1250
1251,1251,2026-04-21 03:43:36,Credit Card,2472.19,Completed,TXN-1251-1251
1252,1252,2026-01-28 13:30:00,Bank Transfer,4062.85,Completed,TXN-1252-1252
1253,1253,2026-03-06 00:45:46,Cash on Delivery,652.86,Completed,TXN-1253-1253
1254,1254,2026-04-02 10:23:10,PayPal,1264.57,Completed,TXN-1254-1254
1255,1255,2025-09-12 08:56:01,Bank Transfer,2181.83,Completed,TXN-1255-1255
1256,1256,2025-12-13 23:59:31,Credit Card,212.89,Completed,TXN-1256-1256
1257,1257,2025-09-23 07:23:00,Bank Transfer,2015.38,Completed,TXN-1257-1257
1258,1258,2026-04-06 17:57:24,Credit Card,786.91,Completed,TXN-1258-1258
1259,1259,2025-05-02 00:24:35,Bank Transfer,976.99,Completed,TXN-1259-1259
1260,1260,2025-07-20 10:21:49,Credit Card,1618.63,Refunded,TXN-1260-1260
1261,1261,2026-01-10 19:27:45,PayPal,665.55,Completed,TXN-1261-1261
1262,1262,2026-05-31 10:44:25,Debit Card,1716.9,Completed,TXN-1262-1262
1263,1263,2026-07-13 06:02:46,Credit Card,3847.7,Completed,TXN-1263-1263
1264,1264,2026-02-08 13:20:58,Cash on Delivery,772.83,Completed,TXN-1264-1264
1265,1265,2025-09-30 04:20:38,PayPal,863.19,Completed,TXN-1265-1265
1266,1266,2025-07-28 09:06:36,Debit Card,536.31,Completed,TXN-1266-1266
1267,1267,2026-07-23 15:43:25,Cash on Delivery,2120.61,Completed,TXN-1267-1267
1268,1268,2026-07-23 09:21:39,Cash on Delivery,832.05,Pending,
1269,1269,2026-05-31 15:21:25,Credit Card,1839.77,Pending,
1270,1270,2026-09-01 00:37:50,PayPal,1897.91,Completed,TXN-1270-1270
1271,1271,2025-12-07 07:00:24,PayPal,1854.72,Completed,TXN-1271-1271
1272,1272,2026-07-30 05:20:42,Credit Card,149.0,Completed,TXN-1272-1272
1273,1273,2026-01-15 04:22:48,Debit Card,2134.94,Completed,TXN-1273-1273
1274,1274,2026-07-07 18:24:29,Bank Transfer,988.05,Completed,TXN-1274-1274
1275,1275,2026-08-21 07:00:35,Bank Transfer,407.52,Pending,
1276,1276,2026-08-10 08:26:27,Debit Card,3352.2,Completed,TXN-1276-1276
1277,1277,2026-03-25 23:36:47,Cash on Delivery,1217.71,Completed,TXN-1277-1277
1278,1278,2026-08-11 04:42:24,Credit Card,2333.68,Completed,TXN-1278-1278
1279,1279,2026-04-22 14:21:02,Debit Card,542.39,Completed,TXN-1279-1279
1280,1280,2024-12-07 16:08:19,PayPal,158.89,Completed,TXN-1280-1280
1281,1281,2023-11-10 21:52:34,Credit Card,705.94,Completed,TXN-1281-1281
1282,1282,2025-06-20 18:54:00,Bank Transfer,1088.71,Pending,
1283,1283,2026-04-21 04:16:35,Bank Transfer,1863.33,Completed,TXN-1283-1283
1284,1284,2026-08-25 06:03:57,PayPal,2944.45,Completed,TXN-1284-1284
1285,1285,2026-07-24 04:57:41,Credit Card,2606.07,Completed,TXN-1285-1285
1286,1286,2026-08-30 21:38:57,Cash on Delivery,1540.64,Completed,TXN-1286-1286
1287,1287,2026-08-03 19:48:44,Debit Card,662.55,Completed,TXN-1287-1287
1288,1288,2026-08-26 15:12:46,Debit Card,5717.01,Completed,TXN-1288-1288
1289,1289,2026-08-30 20:13:12,Credit Card,851.3,Failed,
1290,1290,2025-02-19 08:04:06,Bank Transfer,1644.24,Completed,TXN-1290-1290
1291,1291,2026-08-21 17:57:27,Credit Card,2508.83,Pending,
1292,1292,2026-05-17 13:03:26,Bank Transfer,2463.17,Completed,TXN-1292-1292
1293,1293,2026-08-04 10:49:19,PayPal,897.64,Completed,TXN-1293-1293
1294,1294,2026-06-16 02:45:46,Credit Card,1337.13,Completed,TXN-1294-1294
1295,1295,2026-06-26 04:19:13,PayPal,574.04,Pending,
1296,1296,2026-08-16 14:00:13,Credit Card,149.0,Completed,TXN-1296-1296
1297,1297,2026-04-27 19:59:14,Bank Transfer,3079.86,Pending,
1298,1298,2026-04-19 10:16:02,PayPal,631.62,Completed,TXN-1298-1298
1299,1299,2026-08-04 18:22:55,Debit Card,3279.29,Completed,TXN-1299-1299
1300,1300,2025-04-11 10:34:10,Cash on Delivery,86.42,Pending,
1301,1301,2025-11-24 12:34:32,Credit Card,358.8,Completed,TXN-1301-1301
1302,1302,2025-11-19 08:31:14,Debit Card,557.91,Completed,TXN-1302-1302
1303,1303,2026-09-01 05:57:44,Credit Card,1947.56,Completed,TXN-1303-1303
1304,1304,2026-06-11 03:39:30,Cash on Delivery,3807.93,Completed,TXN-1304-1304
1305,1305,2026-06-26 23:13:15,PayPal,5506.47,Completed,TXN-1305-1305
1306,1306,2026-08-02 00:27:37,PayPal,800.5,Completed,TXN-1306-1306
1307,1307,2025-09-02 18:01:31,Cash on Delivery,930.25,Completed,TXN-1307-1307
1308,1308,2026-04-30 13:08:45,Cash on Delivery,1833.25,Refunded,TXN-1308-1308
1309,1309,2026-04-11 13:52:06,Credit Card,1134.96,Completed,TXN-1309-1309
1310,1310,2025-05-20 11:24:58,PayPal,1145.54,Completed,TXN-1310-1310
1311,1311,2025-10-29 23:27:15,Debit Card,232.35,Completed,TXN-1311-1311
1312,1312,2026-01-06 23:56:01,Credit Card,131.22,Failed,
1313,1313,2026-05-11 06:54:49,Credit Card,5428.11,Completed,TXN-1313-1313
1314,1314,2026-07-14 10:49:59,Debit Card,604.84,Completed,TXN-1314-1314
1315,1315,2024-09-03 02:57:07,Cash on Delivery,1895.08,Completed,TXN-1315-1315
1316,1316,2026-04-27 04:14:08,PayPal,1009.52,Completed,TXN-1316-1316
1317,1317,2024-02-21 00:51:13,Cash on Delivery,1832.51,Completed,TXN-1317-1317
1318,1318,2025-12-13 21:48:05,PayPal,1940.17,Completed,TXN-1318-1318
1319,1319,2024-05-03 09:23:13,Credit Card,4761.53,Refunded,TXN-1319-1319
1320,1320,2026-07-19 17:42:12,PayPal,3044.43,Refunded,TXN-1320-1320
1321,1321,2026-09-01 10:45:48,Bank Transfer,1400.17,Completed,TXN-1321-1321
1322,1322,2026-05-01 02:16:53,Credit Card,2594.77,Completed,TXN-1322-1322
1323,1323,2025-09-23 20:10:43,Cash on Delivery,2781.08,Completed,TXN-1323-1323
1324,1324,2026-06-25 14:39:57,Bank Transfer,3486.89,Pending,
1325,1325,2026-06-16 02:11:37,Debit Card,2527.48,Completed,TXN-1325-1325
1326,1326,2026-01-01 20:50:09,Debit Card,3636.34,Completed,TXN-1326-1326
1327,1327,2026-05-21 16:21:21,Bank Transfer,4655.87,Completed,TXN-1327-1327
1328,1328,2026-01-24 02:43:08,Bank Transfer,1091.11,Completed,TXN-1328-1328
1329,1329,2025-05-11 15:15:53,PayPal,808.42,Completed,TXN-1329-1329
1330,1330,2025-10-07 10:31:14,Bank Transfer,2569.94,Completed,TXN-1330-1330
1331,1331,2025-07-23 01:01:28,PayPal,720.45,Completed,TXN-1331-1331
1332,1332,2025-02-03 13:26:43,Debit Card,217.62,Refunded,TXN-1332-1332
1333,1333,2026-03-10 01:51:08,Cash on Delivery,3448.81,Completed,TXN-1333-1333
1334,1334,2024-08-21 21:34:53,Bank Transfer,204.87,Completed,TXN-1334-1334
1335,1335,2026-03-13 13:21:42,PayPal,1296.88,Completed,TXN-1335-1335
1336,1336,2026-05-02 04:00:47,Debit Card,5579.71,Completed,TXN-1336-1336
1337,1337,2026-03-25 19:44:08,Debit Card,2351.47,Pending,
1338,1338,2026-08-13 20:29:53,PayPal,1295.08,Completed,TXN-1338-1338
1339,1339,2026-08-27 06:31:00,PayPal,1659.98,Completed,TXN-1339-1339
1340,1340,2025-12-28 07:34:01,PayPal,3007.76,Completed,TXN-1340-1340
1341,1341,2025-03-18 19:12:39,Debit Card,3302.2,Completed,TXN-1341-1341
1342,1342,2026-04-06 08:59:35,PayPal,101.41,Failed,
1343,1343,2024-10-12 20:14:24,Credit Card,1109.78,Completed,TXN-1343-1343
1344,1344,2026-03-06 19:07:23,Bank Transfer,1636.2,Completed,TXN-1344-1344
1345,1345,2025-02-03 21:17:25,Debit Card,632.92,Completed,TXN-1345-1345
1346,1346,2026-04-02 20:38:30,PayPal,3563.82,Completed,TXN-1346-1346
1347,1347,2026-06-13 07:07:01,Bank Transfer,1180.81,Pending,
1348,1348,2025-11-02 10:50:06,PayPal,1819.81,Completed,TXN-1348-1348
1349,1349,2025-11-11 05:55:56,PayPal,2171.91,Completed,TXN-1349-1349
1350,1350,2026-07-15 19:53:43,Bank Transfer,858.2,Completed,TXN-1350-1350
1351,1351,2025-08-23 12:37:03,Bank Transfer,2084.32,Pending,
1352,1352,2025-07-22 06:12:55,PayPal,994.53,Completed,TXN-1352-1352
1353,1353,2025-03-09 21:15:39,Cash on Delivery,1923.09,Completed,TXN-1353-1353
1354,1354,2026-03-27 15:04:52,Cash on Delivery,623.3,Completed,TXN-1354-1354
1355,1355,2026-08-30 22:48:30,Cash on Delivery,3593.23,Completed,TXN-1355-1355
1356,1356,2026-08-24 18:09:12,Cash on Delivery,86.42,Failed,
1357,1357,2026-05-22 07:16:08,Cash on Delivery,1200.08,Completed,TXN-1357-1357
1358,1358,2026-06-29 07:49:28,Bank Transfer,1092.36,Completed,TXN-1358-1358
1359,1359,2026-01-11 04:39:11,PayPal,480.58,Completed,TXN-1359-1359
1360,1360,2026-03-17 14:46:37,Bank Transfer,459.02,Completed,TXN-1360-1360
1361,1361,2025-12-11 03:46:49,Cash on Delivery,1016.38,Completed,TXN-1361-1361
1362,1362,2025-10-10 02:06:50,Cash on Delivery,365.77,Completed,TXN-1362-1362
1363,1363,2026-05-22 14:52:23,Debit Card,339.73,Completed,TXN-1363-1363
1364,1364,2026-08-12 08:11:02,Cash on Delivery,1301.71,Completed,TXN-1364-1364
1365,1365,2026-08-04 20:48:57,Bank Transfer,1917.39,Completed,TXN-1365-1365
1366,1366,2025-11-13 13:41:13,Credit Card,2457.42,Refunded,TXN-1366-1366
1367,1367,2025-11-02 05:11:01,Bank Transfer,163.9,Completed,TXN-1367-1367
1368,1368,2024-03-11 03:10:15,PayPal,602.32,Completed,TXN-1368-1368
1369,1369,2026-07-31 19:09:22,PayPal,1252.16,Completed,TXN-1369-1369
1370,1370,2024-07-26 17:13:19,Bank Transfer,1601.29,Completed,TXN-1370-1370
1371,1371,2026-05-15 10:35:21,Credit Card,1625.12,Completed,TXN-1371-1371
1372,1372,2026-07-09 19:34:10,Credit Card,5657.61,Completed,TXN-1372-1372
1373,1373,2024-03-13 10:40:15,PayPal,1748.74,Completed,TXN-1373-1373
1374,1374,2025-07-03 14:27:37,Bank Transfer,1108.49,Completed,TXN-1374-1374
1375,1375,2026-03-31 10:00:02,Debit Card,2723.82,Completed,TXN-1375-1375
1376,1376,2025-03-18 18:04:14,Cash on Delivery,185.47,Pending,
1377,1377,2026-08-03 12:27:44,Debit Card,298.0,Completed,TXN-1377-1377
1378,1378,2025-06-15 11:25:54,Credit Card,998.97,Pending,
1379,1379,2026-01-18 10:39:00,PayPal,860.1,Completed,TXN-1379-1379
1380,1380,2026-08-08 14:15:53,Debit Card,3006.52,Completed,TXN-1380-1380
1381,1381,2026-04-04 06:39:01,Cash on Delivery,1401.83,Completed,TXN-1381-1381
1382,1382,2024-09-27 09:55:49,Bank Transfer,1775.77,Completed,TXN-1382-1382
1383,1383,2026-02-27 03:42:43,PayPal,126.25,Completed,TXN-1383-1383
1384,1384,2026-04-13 20:27:19,PayPal,3039.75,Refunded,TXN-1384-1384
1385,1385,2026-04-08 06:25:59,Credit Card,2391.75,Completed,TXN-1385-1385
1386,1386,2026-05-20 03:59:43,Cash on Delivery,5861.36,Completed,TXN-1386-1386
1387,1387,2026-01-28 16:33:52,Bank Transfer,2023.25,Completed,TXN-1387-1387
1388,1388,2026-05-21 07:39:59,Bank Transfer,3032.01,Completed,TXN-1388-1388
1389,1389,2026-07-27 23:35:30,Credit Card,1477.11,Completed,TXN-1389-1389
1390,1390,2026-08-30 05:08:13,Cash on Delivery,3385.01,Completed,TXN-1390-1390
1391,1391,2025-02-01 23:38:45,Bank Transfer,1133.2,Completed,TXN-1391-1391
1392,1392,2026-04-22 11:59:59,Bank Transfer,631.62,Completed,TXN-1392-1392
1393,1393,2026-05-25 11:23:45,Credit Card,1548.46,Completed,TXN-1393-1393
1394,1394,2026-07-21 03:58:10,Cash on Delivery,520.37,Completed,TXN-1394-1394
1395,1395,2025-08-06 08:37:38,Debit Card,2265.95,Completed,TXN-1395-1395
1396,1396,2025-06-30 17:10:20,PayPal,4069.21,Completed,TXN-1396-1396
1397,1397,2026-04-12 12:42:26,Cash on Delivery,2434.53,Completed,TXN-1397-1397
1398,1398,2026-07-13 18:23:59,Cash on Delivery,2149.14,Completed,TXN-1398-1398
1399,1399,2026-08-25 18:56:44,Cash on Delivery,792.26,Completed,TXN-1399-1399
1400,1400,2026-08-13 09:30:36,Credit Card,2435.25,Completed,TXN-1400-1400
1401,1401,2025-08-18 10:16:05,Debit Card,457.79,Completed,TXN-1401-1401
1402,1402,2026-08-17 13:08:03,Credit Card,1025.31,Completed,TXN-1402-1402
1403,1403,2025-02-14 12:26:01,Debit Card,1533.89,Completed,TXN-1403-1403
1404,1404,2026-08-07 23:55:16,PayPal,973.78,Completed,TXN-1404-1404
1405,1405,2024-08-20 08:38:44,Debit Card,1163.55,Completed,TXN-1405-1405
1406,1406,2026-05-09 18:11:09,PayPal,2496.6,Completed,TXN-1406-1406
1407,1407,2025-11-23 22:37:03,PayPal,1696.96,Completed,TXN-1407-1407
1408,1408,2024-03-26 13:16:07,Cash on Delivery,2098.97,Completed,TXN-1408-1408
1409,1409,2026-07-06 18:37:05,PayPal,2305.34,Completed,TXN-1409-1409
1410,1410,2026-08-30 19:47:35,Debit Card,212.89,Completed,TXN-1410-1410
1411,1411,2026-07-31 22:59:21,Credit Card,304.71,Completed,TXN-1411-1411
1412,1412,2024-02-21 02:20:04,Bank Transfer,3128.3,Completed,TXN-1412-1412
1413,1413,2025-02-19 05:25:14,Cash on Delivery,707.15,Completed,TXN-1413-1413
1414,1414,2025-01-30 15:29:32,Credit Card,459.02,Pending,
1415,1415,2026-05-21 09:54:39,Debit Card,2538.89,Failed,
1416,1416,2026-07-08 21:48:01,Debit Card,3522.29,Pending,
1417,1417,2025-02-04 14:11:58,PayPal,2460.27,Completed,TXN-1417-1417
1418,1418,2025-08-12 22:07:25,Cash on Delivery,3111.48,Completed,TXN-1418-1418
1419,1419,2025-08-13 20:27:53,Debit Card,320.79,Completed,TXN-1419-1419
1420,1420,2025-06-28 02:23:58,Cash on Delivery,2243.87,Completed,TXN-1420-1420
1421,1421,2025-04-17 17:50:25,Bank Transfer,925.09,Completed,TXN-1421-1421
1422,1422,2026-04-19 00:03:06,Cash on Delivery,195.86,Completed,TXN-1422-1422
1423,1423,2026-07-13 01:58:40,Credit Card,5432.45,Completed,TXN-1423-1423
1424,1424,2025-10-10 13:24:21,Credit Card,1614.13,Completed,TXN-1424-1424
1425,1425,2026-03-26 15:02:40,Credit Card,638.56,Completed,TXN-1425-1425
1426,1426,2025-09-23 20:42:15,Debit Card,1025.77,Completed,TXN-1426-1426
1427,1427,2025-04-25 07:46:06,Debit Card,4196.53,Failed,
1428,1428,2025-10-24 12:04:24,Cash on Delivery,1929.91,Refunded,TXN-1428-1428
1429,1429,2026-06-16 23:44:00,Debit Card,504.77,Completed,TXN-1429-1429
1430,1430,2026-05-17 23:10:50,Credit Card,1119.47,Completed,TXN-1430-1430
1431,1431,2026-01-01 07:10:01,Cash on Delivery,1191.92,Completed,TXN-1431-1431
1432,1432,2026-08-27 06:23:06,Bank Transfer,458.43,Completed,TXN-1432-1432
1433,1433,2026-04-08 03:59:17,PayPal,994.18,Failed,
1434,1434,2025-05-05 15:37:57,Cash on Delivery,510.93,Completed,TXN-1434-1434
1435,1435,2026-05-02 20:57:47,Credit Card,2919.25,Completed,TXN-1435-1435
1436,1436,2025-09-27 02:17:27,Bank Transfer,1147.14,Completed,TXN-1436-1436
1437,1437,2026-06-27 05:39:54,Bank Transfer,306.47,Failed,
1438,1438,2026-07-08 00:06:31,Bank Transfer,5712.47,Pending,
1439,1439,2026-07-18 10:58:26,Bank Transfer,774.23,Pending,
1440,1440,2025-10-02 17:51:53,Credit Card,533.11,Completed,TXN-1440-1440
1441,1441,2025-10-14 08:34:41,Bank Transfer,1655.43,Completed,TXN-1441-1441
1442,1442,2026-06-05 08:46:34,Debit Card,61.8,Completed,TXN-1442-1442
1443,1443,2026-04-12 14:01:09,Credit Card,962.37,Completed,TXN-1443-1443
1444,1444,2026-05-14 21:50:36,Debit Card,1147.08,Completed,TXN-1444-1444
1445,1445,2025-05-03 08:40:08,Bank Transfer,4066.09,Completed,TXN-1445-1445
1446,1446,2025-03-23 20:11:06,Credit Card,2154.71,Completed,TXN-1446-1446
1447,1447,2023-11-07 03:56:48,Debit Card,2602.65,Completed,TXN-1447-1447
1448,1448,2024-11-13 17:16:57,Bank Transfer,2002.72,Completed,TXN-1448-1448
1449,1449,2026-03-29 16:16:26,Credit Card,977.04,Completed,TXN-1449-1449
1450,1450,2026-02-10 21:57:49,Cash on Delivery,3870.83,Pending,
1451,1451,2024-12-15 19:43:29,Cash on Delivery,1179.43,Completed,TXN-1451-1451
1452,1452,2025-03-11 10:15:50,Debit Card,4801.24,Completed,TXN-1452-1452
1453,1453,2025-09-14 21:40:59,Debit Card,6597.67,Completed,TXN-1453-1453
1454,1454,2026-08-17 11:59:03,Credit Card,4368.02,Pending,
1455,1455,2025-05-10 01:58:18,Cash on Delivery,4026.21,Completed,TXN-1455-1455
1456,1456,2026-08-11 01:44:08,Bank Transfer,1912.25,Completed,TXN-1456-1456
1457,1457,2026-06-18 12:41:49,Cash on Delivery,4586.67,Completed,TXN-1457-1457
1458,1458,2026-05-15 22:07:58,Debit Card,394.13,Completed,TXN-1458-1458
1459,1459,2025-01-08 09:06:36,PayPal,2324.85,Completed,TXN-1459-1459
1460,1460,2026-03-17 08:15:23,Debit Card,3473.17,Completed,TXN-1460-1460
1461,1461,2026-06-03 12:18:20,Cash on Delivery,149.0,Completed,TXN-1461-1461
1462,1462,2026-08-20 13:10:24,Bank Transfer,1963.3,Completed,TXN-1462-1462
1463,1463,2024-02-24 21:59:58,Bank Transfer,5786.48,Completed,TXN-1463-1463
1464,1464,2026-06-29 14:52:10,PayPal,2581.24,Completed,TXN-1464-1464
1465,1465,2026-08-25 07:05:51,Debit Card,2583.5,Pending,
1466,1466,2026-05-17 04:07:33,PayPal,3647.72,Completed,TXN-1466-1466
1467,1467,2026-02-07 21:09:09,PayPal,1019.19,Refunded,TXN-1467-1467
1468,1468,2024-08-18 22:53:59,Cash on Delivery,1866.39,Failed,
1469,1469,2026-01-11 00:55:08,Credit Card,818.1,Completed,TXN-1469-1469
1470,1470,2025-04-21 15:33:05,Debit Card,957.9,Pending,
1471,1471,2025-10-26 04:39:23,Debit Card,3054.5,Completed,TXN-1471-1471
1472,1472,2025-08-30 09:07:08,Credit Card,121.15,Refunded,TXN-1472-1472
1473,1473,2025-11-13 14:14:45,Cash on Delivery,4927.57,Completed,TXN-1473-1473
1474,1474,2026-08-02 11:57:29,Cash on Delivery,2983.61,Completed,TXN-1474-1474
1475,1475,2024-09-24 06:01:31,Cash on Delivery,394.16,Completed,TXN-1475-1475
1476,1476,2024-04-20 14:57:07,Credit Card,744.2,Pending,
1477,1477,2025-04-23 17:07:37,Bank Transfer,3303.17,Completed,TXN-1477-1477
1478,1478,2026-07-08 17:19:13,PayPal,459.02,Completed,TXN-1478-1478
1479,1479,2026-01-18 10:26:10,PayPal,3526.05,Completed,TXN-1479-1479
1480,1480,2024-07-21 05:47:31,Debit Card,1009.52,Completed,TXN-1480-1480
1481,1481,2026-01-21 01:36:39,Cash on Delivery,1662.58,Completed,TXN-1481-1481
1482,1482,2025-10-13 01:18:38,Bank Transfer,1020.52,Completed,TXN-1482-1482
1483,1483,2026-08-12 17:01:13,Bank Transfer,185.47,Completed,TXN-1483-1483
1484,1484,2025-12-18 23:58:33,PayPal,5561.17,Completed,TXN-1484-1484
1485,1485,2026-07-23 01:25:42,Bank Transfer,6197.03,Failed,
1486,1486,2025-07-12 05:58:14,Credit Card,2516.06,Completed,TXN-1486-1486
1487,1487,2026-04-08 03:45:13,Bank Transfer,3891.6,Failed,
1488,1488,2024-06-19 20:10:58,PayPal,3493.83,Pending,
1489,1489,2024-10-21 06:00:33,Bank Transfer,1300.4,Completed,TXN-1489-1489
1490,1490,2026-07-13 02:09:02,PayPal,542.39,Completed,TXN-1490-1490
1491,1491,2025-02-17 06:08:54,Cash on Delivery,1757.13,Completed,TXN-1491-1491
1492,1492,2026-05-28 18:26:07,Debit Card,462.13,Completed,TXN-1492-1492
1493,1493,2026-04-29 07:28:22,Credit Card,2226.68,Completed,TXN-1493-1493
1494,1494,2026-08-23 17:31:46,PayPal,1994.58,Completed,TXN-1494-1494
1495,1495,2026-03-17 18:54:20,PayPal,3100.33,Completed,TXN-1495-1495
1496,1496,2026-07-16 23:44:15,Credit Card,2908.8,Completed,TXN-1496-1496
1497,1497,2025-05-01 17:02:33,Bank Transfer,1062.78,Completed,TXN-1497-1497
1498,1498,2026-02-15 06:50:06,Cash on Delivery,1741.63,Failed,
1499,1499,2026-06-27 12:20:52,Bank Transfer,1004.02,Completed,TXN-1499-1499
1500,1500,2026-04-05 03:32:27,PayPal,870.48,Completed,TXN-1500-1500
1501,1501,2026-03-26 09:05:21,Cash on Delivery,1971.79,Completed,TXN-1501-1501
1502,1502,2026-05-24 14:44:03,Debit Card,4067.49,Completed,TXN-1502-1502
1503,1503,2025-12-31 07:02:41,PayPal,2377.15,Pending,
1504,1504,2026-07-05 00:48:37,Credit Card,696.91,Completed,TXN-1504-1504
1505,1505,2026-07-08 22:04:54,PayPal,2519.04,Completed,TXN-1505-1505
1506,1506,2025-06-22 07:05:50,Debit Card,1666.18,Completed,TXN-1506-1506
1507,1507,2026-08-11 07:10:27,Cash on Delivery,2881.46,Completed,TXN-1507-1507
1508,1508,2025-06-04 07:41:53,Debit Card,841.13,Completed,TXN-1508-1508
1509,1509,2025-11-11 04:15:04,Cash on Delivery,2295.5,Completed,TXN-1509-1509
1510,1510,2026-03-19 16:49:32,Cash on Delivery,2504.26,Completed,TXN-1510-1510
1511,1511,2026-07-27 14:48:11,PayPal,4557.91,Completed,TXN-1511-1511
1512,1512,2026-07-13 00:06:45,Bank Transfer,597.45,Completed,TXN-1512-1512
1513,1513,2026-05-04 23:06:57,Credit Card,3019.83,Completed,TXN-1513-1513
1514,1514,2026-06-30 14:17:31,Credit Card,3448.1,Completed,TXN-1514-1514
1515,1515,2025-10-16 17:37:54,Credit Card,2520.48,Pending,
1516,1516,2026-06-21 02:26:54,PayPal,370.94,Completed,TXN-1516-1516
1517,1517,2024-06-12 17:18:01,Debit Card,2244.89,Completed,TXN-1517-1517
1518,1518,2025-12-15 16:51:27,PayPal,4246.36,Completed,TXN-1518-1518
1519,1519,2026-08-22 10:56:10,Debit Card,459.02,Completed,TXN-1519-1519
1520,1520,2024-07-12 11:36:25,Debit Card,3090.35,Completed,TXN-1520-1520
1521,1521,2026-02-20 06:34:25,PayPal,1150.52,Completed,TXN-1521-1521
1522,1522,2025-08-07 07:01:45,Debit Card,2892.95,Completed,TXN-1522-1522
1523,1523,2026-05-11 04:09:10,PayPal,5022.03,Completed,TXN-1523-1523
1524,1524,2026-03-27 17:43:22,PayPal,3007.14,Completed,TXN-1524-1524
1525,1525,2024-09-08 10:53:28,PayPal,947.92,Completed,TXN-1525-1525
1526,1526,2026-07-11 15:54:20,PayPal,2995.64,Completed,TXN-1526-1526
1527,1527,2026-08-16 10:43:43,Bank Transfer,3328.16,Completed,TXN-1527-1527
1528,1528,2026-03-15 00:12:55,Cash on Delivery,771.35,Completed,TXN-1528-1528
1529,1529,2025-08-28 21:46:14,PayPal,1286.16,Completed,TXN-1529-1529
1530,1530,2025-07-24 08:02:39,PayPal,2677.51,Completed,TXN-1530-1530
1531,1531,2025-04-27 07:59:39,Bank Transfer,604.91,Completed,TXN-1531-1531
1532,1532,2025-05-18 20:07:38,Debit Card,62.52,Completed,TXN-1532-1532
1533,1533,2026-08-28 14:16:55,Debit Card,851.18,Completed,TXN-1533-1533
1534,1534,2026-07-31 19:20:29,PayPal,2921.46,Completed,TXN-1534-1534
1535,1535,2026-01-07 06:22:24,Cash on Delivery,1028.39,Completed,TXN-1535-1535
1536,1536,2026-02-23 22:39:05,Cash on Delivery,3989.96,Completed,TXN-1536-1536
1537,1537,2026-08-21 23:30:28,Cash on Delivery,3579.71,Completed,TXN-1537-1537
1538,1538,2026-08-22 14:37:04,PayPal,395.15,Failed,
1539,1539,2025-07-01 22:35:49,Bank Transfer,1151.57,Completed,TXN-1539-1539
1540,1540,2025-11-26 05:22:01,Bank Transfer,2028.37,Pending,
1541,1541,2025-01-28 23:02:30,Credit Card,204.87,Completed,TXN-1541-1541
1542,1542,2023-11-10 18:10:43,Bank Transfer,3650.94,Completed,TXN-1542-1542
1543,1543,2025-11-14 11:52:16,Debit Card,947.92,Completed,TXN-1543-1543
1544,1544,2025-08-10 07:05:02,Bank Transfer,3578.43,Completed,TXN-1544-1544
1545,1545,2023-11-14 04:24:12,Debit Card,1115.82,Completed,TXN-1545-1545
1546,1546,2026-01-17 20:03:28,PayPal,2846.51,Completed,TXN-1546-1546
1547,1547,2025-02-19 21:08:34,Cash on Delivery,1627.17,Completed,TXN-1547-1547
1548,1548,2025-05-31 04:55:44,Bank Transfer,1137.08,Completed,TXN-1548-1548
1549,1549,2025-12-17 12:22:14,Debit Card,3251.05,Completed,TXN-1549-1549
1550,1550,2026-01-11 14:09:18,Credit Card,3363.48,Completed,TXN-1550-1550
1551,1551,2025-01-11 06:25:10,Credit Card,1183.24,Completed,TXN-1551-1551
1552,1552,2025-06-26 22:40:33,Bank Transfer,905.24,Completed,TXN-1552-1552
1553,1553,2026-08-07 02:16:11,Cash on Delivery,3146.62,Completed,TXN-1553-1553
1554,1554,2024-04-29 03:10:04,Credit Card,4591.49,Completed,TXN-1554-1554
1555,1555,2026-03-09 03:24:56,Bank Transfer,1701.02,Pending,
1556,1556,2026-08-20 12:40:23,PayPal,2617.26,Completed,TXN-1556-1556
1557,1557,2026-08-14 03:53:44,Debit Card,2307.85,Completed,TXN-1557-1557
1558,1558,2026-08-23 12:49:59,Credit Card,2504.32,Refunded,TXN-1558-1558
1559,1559,2023-10-31 17:42:02,Cash on Delivery,9432.7,Completed,TXN-1559-1559
1560,1560,2026-06-19 18:38:50,Cash on Delivery,897.15,Completed,TXN-1560-1560
1561,1561,2026-04-06 19:22:54,Credit Card,3812.26,Pending,
1562,1562,2026-05-11 08:04:49,PayPal,1137.72,Completed,TXN-1562-1562
1563,1563,2026-08-09 23:03:18,Cash on Delivery,388.38,Completed,TXN-1563-1563
1564,1564,2026-06-06 01:09:06,Credit Card,1373.16,Completed,TXN-1564-1564
1565,1565,2026-07-10 06:57:19,PayPal,1705.39,Completed,TXN-1565-1565
1566,1566,2025-06-28 19:16:55,Bank Transfer,1203.4,Completed,TXN-1566-1566
1567,1567,2026-01-17 08:19:26,Bank Transfer,665.77,Completed,TXN-1567-1567
1568,1568,2026-06-01 01:28:43,Credit Card,2748.96,Failed,
1569,1569,2026-02-23 07:51:29,Debit Card,1963.3,Completed,TXN-1569-1569
1570,1570,2025-12-07 22:09:38,Debit Card,2282.47,Completed,TXN-1570-1570
1571,1571,2025-11-07 15:08:25,Credit Card,677.11,Completed,TXN-1571-1571
1572,1572,2025-09-02 04:40:09,Credit Card,507.83,Failed,
1573,1573,2026-01-18 09:21:24,PayPal,4109.04,Completed,TXN-1573-1573
1574,1574,2025-11-12 03:52:32,Debit Card,617.52,Completed,TXN-1574-1574
1575,1575,2024-11-23 00:40:07,Credit Card,2889.1,Completed,TXN-1575-1575
1576,1576,2026-06-20 01:00:59,Debit Card,422.49,Completed,TXN-1576-1576
1577,1577,2026-05-14 13:24:30,Cash on Delivery,6847.64,Completed,TXN-1577-1577
1578,1578,2026-07-25 22:02:57,Debit Card,38.89,Completed,TXN-1578-1578
1579,1579,2026-08-08 23:43:30,Cash on Delivery,2116.86,Completed,TXN-1579-1579
1580,1580,2025-07-23 18:35:38,Debit Card,2651.98,Completed,TXN-1580-1580
1581,1581,2026-06-19 19:45:58,Credit Card,884.25,Completed,TXN-1581-1581
1582,1582,2026-07-04 15:58:06,PayPal,202.6,Completed,TXN-1582-1582
1583,1583,2026-05-03 05:05:18,Cash on Delivery,885.19,Completed,TXN-1583-1583
1584,1584,2024-04-29 17:03:16,Bank Transfer,6065.09,Completed,TXN-1584-1584
1585,1585,2025-12-29 14:19:10,Bank Transfer,4407.88,Completed,TXN-1585-1585
1586,1586,2025-09-28 17:01:27,Debit Card,2292.4,Completed,TXN-1586-1586
1587,1587,2026-03-17 01:48:47,Credit Card,1282.62,Completed,TXN-1587-1587
1588,1588,2026-05-02 16:22:10,Cash on Delivery,2109.11,Failed,
1589,1589,2026-02-21 16:17:19,PayPal,947.92,Completed,TXN-1589-1589
1590,1590,2026-02-03 06:53:33,Debit Card,658.15,Completed,TXN-1590-1590
1591,1591,2025-12-23 23:49:33,Cash on Delivery,1988.36,Pending,
1592,1592,2025-05-15 23:13:14,PayPal,1689.21,Failed,
1593,1593,2026-08-22 14:11:41,Bank Transfer,1238.45,Completed,TXN-1593-1593
1594,1594,2026-06-19 03:57:01,Debit Card,217.62,Completed,TXN-1594-1594
1595,1595,2026-08-17 01:11:08,Debit Card,2786.08,Completed,TXN-1595-1595
1596,1596,2024-12-12 04:01:25,Debit Card,2554.64,Refunded,TXN-1596-1596
1597,1597,2024-08-07 15:16:33,Cash on Delivery,1856.3,Completed,TXN-1597-1597
1598,1598,2026-07-02 09:37:14,Credit Card,2427.94,Completed,TXN-1598-1598
1599,1599,2026-08-07 00:38:32,Bank Transfer,1845.51,Completed,TXN-1599-1599
1600,1600,2026-04-07 07:12:05,PayPal,4067.96,Refunded,TXN-1600-1600
1601,1601,2025-10-10 10:26:26,Debit Card,6542.2,Completed,TXN-1601-1601
1602,1602,2026-02-06 20:29:04,Debit Card,4000.55,Completed,TXN-1602-1602
1603,1603,2026-03-25 06:26:32,PayPal,3254.26,Completed,TXN-1603-1603
1604,1604,2026-08-24 18:35:10,Cash on Delivery,935.68,Completed,TXN-1604-1604
1605,1605,2025-07-12 23:12:08,PayPal,800.5,Completed,TXN-1605-1605
1606,1606,2025-09-28 00:42:38,Credit Card,3817.92,Failed,
1607,1607,2026-08-20 19:51:19,Cash on Delivery,255.83,Completed,TXN-1607-1607
1608,1608,2024-09-28 14:50:21,Cash on Delivery,1424.87,Completed,TXN-1608-1608
1609,1609,2024-09-07 13:53:39,Debit Card,1446.22,Completed,TXN-1609-1609
1610,1610,2026-05-03 16:06:50,Bank Transfer,456.92,Refunded,TXN-1610-1610
1611,1611,2026-07-22 07:19:07,Bank Transfer,294.66,Completed,TXN-1611-1611
1612,1612,2026-06-10 02:09:05,Bank Transfer,1558.28,Completed,TXN-1612-1612
1613,1613,2026-06-09 13:42:28,Bank Transfer,2582.91,Completed,TXN-1613-1613
1614,1614,2026-04-02 21:07:54,Bank Transfer,2088.45,Completed,TXN-1614-1614
1615,1615,2025-12-21 23:34:27,Cash on Delivery,914.51,Completed,TXN-1615-1615
1616,1616,2026-04-17 16:25:02,Credit Card,930.25,Pending,
1617,1617,2026-07-31 05:35:51,Cash on Delivery,1456.49,Completed,TXN-1617-1617
1618,1618,2026-08-30 10:08:15,Debit Card,2826.41,Completed,TXN-1618-1618
1619,1619,2026-05-02 01:14:14,Bank Transfer,1251.97,Completed,TXN-1619-1619
1620,1620,2026-03-23 22:30:18,PayPal,1387.55,Completed,TXN-1620-1620
1621,1621,2025-09-18 00:35:41,PayPal,1377.06,Completed,TXN-1621-1621
1622,1622,2026-05-24 02:39:35,Bank Transfer,731.98,Completed,TXN-1622-1622
1623,1623,2026-02-27 03:02:08,PayPal,3496.68,Completed,TXN-1623-1623
1624,1624,2026-05-01 21:02:42,PayPal,1016.34,Pending,
1625,1625,2026-03-23 18:05:57,PayPal,2227.18,Completed,TXN-1625-1625
1626,1626,2026-05-09 18:05:54,Bank Transfer,861.31,Completed,TXN-1626-1626
1627,1627,2026-08-15 18:04:40,Credit Card,5753.64,Completed,TXN-1627-1627
1628,1628,2024-11-29 15:48:34,Debit Card,4617.5,Completed,TXN-1628-1628
1629,1629,2026-08-29 13:53:06,Cash on Delivery,1091.29,Completed,TXN-1629-1629
1630,1630,2025-10-02 15:51:11,Bank Transfer,851.91,Completed,TXN-1630-1630
1631,1631,2026-06-20 02:34:13,Debit Card,3774.99,Pending,
1632,1632,2026-03-19 11:14:09,Bank Transfer,658.55,Completed,TXN-1632-1632
1633,1633,2024-10-23 19:39:54,Credit Card,1527.87,Completed,TXN-1633-1633
1634,1634,2024-05-24 18:35:06,PayPal,1287.07,Failed,
1635,1635,2026-05-08 05:05:08,PayPal,908.59,Completed,TXN-1635-1635
1636,1636,2026-08-30 03:52:57,Cash on Delivery,1803.79,Completed,TXN-1636-1636
1637,1637,2026-07-07 23:28:33,Bank Transfer,1735.98,Completed,TXN-1637-1637
1638,1638,2025-05-29 16:27:52,Bank Transfer,629.75,Failed,
1639,1639,2025-08-09 22:47:50,Debit Card,4020.67,Completed,TXN-1639-1639
1640,1640,2025-08-10 08:57:08,Cash on Delivery,1950.33,Completed,TXN-1640-1640
1641,1641,2026-05-29 06:19:50,Credit Card,2944.6,Completed,TXN-1641-1641
1642,1642,2026-01-06 09:02:33,Debit Card,206.74,Refunded,TXN-1642-1642
1643,1643,2026-07-06 06:04:12,Bank Transfer,3352.34,Completed,TXN-1643-1643
1644,1644,2025-03-26 11:42:50,Credit Card,818.1,Pending,
1645,1645,2024-01-21 22:20:56,Credit Card,2382.89,Failed,
1646,1646,2026-08-20 12:29:55,PayPal,2036.86,Completed,TXN-1646-1646
1647,1647,2025-10-22 03:35:19,Cash on Delivery,6098.19,Completed,TXN-1647-1647
1648,1648,2026-08-25 10:50:21,Debit Card,1184.84,Completed,TXN-1648-1648
1649,1649,2026-03-06 16:04:19,Credit Card,141.55,Completed,TXN-1649-1649
1650,1650,2025-12-06 07:27:05,Cash on Delivery,5010.46,Completed,TXN-1650-1650
1651,1651,2026-07-06 19:15:55,Cash on Delivery,125.04,Completed,TXN-1651-1651
1652,1652,2025-09-22 18:18:49,Credit Card,1776.7,Failed,
1653,1653,2024-02-11 07:37:17,PayPal,3407.64,Completed,TXN-1653-1653
1654,1654,2026-03-31 10:31:20,PayPal,3366.87,Completed,TXN-1654-1654
1655,1655,2026-05-27 03:02:06,PayPal,1354.22,Completed,TXN-1655-1655
1656,1656,2026-08-31 07:35:45,Cash on Delivery,641.58,Completed,TXN-1656-1656
1657,1657,2026-07-04 06:00:04,Cash on Delivery,4946.36,Completed,TXN-1657-1657
1658,1658,2025-09-22 13:08:45,PayPal,1206.59,Completed,TXN-1658-1658
1659,1659,2026-03-28 10:28:54,Bank Transfer,815.55,Completed,TXN-1659-1659
1660,1660,2025-01-09 05:26:08,Bank Transfer,2503.58,Completed,TXN-1660-1660
1661,1661,2025-02-12 17:58:08,Credit Card,662.95,Pending,
1662,1662,2026-04-27 02:04:02,Debit Card,729.57,Completed,TXN-1662-1662
1663,1663,2026-07-27 12:20:53,Bank Transfer,3590.64,Pending,
1664,1664,2026-01-23 06:33:51,Credit Card,1989.32,Completed,TXN-1664-1664
1665,1665,2026-06-15 05:49:34,PayPal,1210.4,Pending,
1666,1666,2025-08-28 14:43:56,Debit Card,405.2,Completed,TXN-1666-1666
1667,1667,2026-09-01 09:30:25,Credit Card,1488.01,Completed,TXN-1667-1667
1668,1668,2025-04-05 10:23:11,Cash on Delivery,27.35,Completed,TXN-1668-1668
1669,1669,2025-12-04 12:46:11,Bank Transfer,1486.74,Completed,TXN-1669-1669
1670,1670,2026-05-20 10:36:51,Debit Card,2706.19,Completed,TXN-1670-1670
1671,1671,2026-08-04 12:16:06,Cash on Delivery,1918.45,Completed,TXN-1671-1671
1672,1672,2026-03-19 13:20:51,Debit Card,456.92,Completed,TXN-1672-1672
1673,1673,2026-01-08 03:25:18,Credit Card,2386.7,Completed,TXN-1673-1673
1674,1674,2025-06-26 13:09:42,Cash on Delivery,854.22,Completed,TXN-1674-1674
1675,1675,2026-04-12 11:23:44,Bank Transfer,2709.37,Completed,TXN-1675-1675
1676,1676,2024-12-09 08:45:54,PayPal,2265.48,Completed,TXN-1676-1676
1677,1677,2026-06-26 18:51:44,PayPal,494.26,Pending,
1678,1678,2026-08-11 19:03:49,Credit Card,1393.61,Pending,
1679,1679,2025-07-05 01:50:40,Cash on Delivery,557.91,Completed,TXN-1679-1679
1680,1680,2025-08-03 23:12:37,Cash on Delivery,2304.92,Completed,TXN-1680-1680
1681,1681,2026-08-30 06:03:58,Cash on Delivery,3214.72,Failed,
1682,1682,2026-07-25 15:02:16,Bank Transfer,2177.6,Completed,TXN-1682-1682
1683,1683,2026-06-12 03:32:40,Credit Card,854.66,Completed,TXN-1683-1683
1684,1684,2026-08-22 00:02:25,Bank Transfer,6424.28,Completed,TXN-1684-1684
1685,1685,2026-04-30 07:14:31,PayPal,2232.82,Completed,TXN-1685-1685
1686,1686,2026-05-14 18:26:14,Bank Transfer,758.76,Completed,TXN-1686-1686
1687,1687,2025-09-24 15:46:19,PayPal,320.19,Pending,
1688,1688,2025-02-07 00:22:39,Debit Card,1779.63,Completed,TXN-1688-1688
1689,1689,2026-01-13 06:53:05,Credit Card,173.94,Completed,TXN-1689-1689
1690,1690,2024-08-20 22:25:39,Cash on Delivery,2397.15,Completed,TXN-1690-1690
1691,1691,2025-04-19 13:41:20,Cash on Delivery,2245.03,Completed,TXN-1691-1691
1692,1692,2026-05-07 09:26:45,Credit Card,1058.91,Completed,TXN-1692-1692
1693,1693,2025-02-26 06:01:13,PayPal,7468.49,Completed,TXN-1693-1693
1694,1694,2026-07-14 22:56:00,Cash on Delivery,1162.63,Completed,TXN-1694-1694
1695,1695,2025-09-03 11:10:59,Bank Transfer,3751.25,Completed,TXN-1695-1695
1696,1696,2025-11-27 23:33:38,Bank Transfer,677.11,Completed,TXN-1696-1696
1697,1697,2026-06-05 17:47:42,Credit Card,1881.7,Completed,TXN-1697-1697
1698,1698,2025-03-12 13:24:04,PayPal,777.2,Completed,TXN-1698-1698
1699,1699,2026-07-03 09:08:03,Credit Card,6381.32,Completed,TXN-1699-1699
1700,1700,2026-08-02 10:36:30,Debit Card,2395.07,Completed,TXN-1700-1700
1701,1701,2025-11-25 13:26:32,Bank Transfer,1726.73,Refunded,TXN-1701-1701
1702,1702,2023-12-15 08:00:24,PayPal,2234.02,Completed,TXN-1702-1702
1703,1703,2025-01-20 12:19:47,Debit Card,1104.96,Completed,TXN-1703-1703
1704,1704,2025-12-25 05:18:41,Credit Card,1280.92,Pending,
1705,1705,2026-06-12 12:16:56,Cash on Delivery,3546.91,Completed,TXN-1705-1705
1706,1706,2026-06-06 03:04:58,Debit Card,4240.66,Completed,TXN-1706-1706
1707,1707,2026-05-25 05:00:32,PayPal,3220.9,Completed,TXN-1707-1707
1708,1708,2026-03-13 04:35:27,Cash on Delivery,2205.23,Completed,TXN-1708-1708
1709,1709,2025-11-13 01:02:28,PayPal,2079.27,Completed,TXN-1709-1709
1710,1710,2026-03-23 23:26:59,Cash on Delivery,2110.62,Completed,TXN-1710-1710
1711,1711,2025-09-24 05:59:26,Cash on Delivery,1762.78,Completed,TXN-1711-1711
1712,1712,2025-01-21 00:20:38,Debit Card,1819.71,Completed,TXN-1712-1712
1713,1713,2026-07-12 19:17:29,Credit Card,978.59,Pending,
1714,1714,2026-07-19 08:40:25,Credit Card,616.86,Completed,TXN-1714-1714
1715,1715,2025-12-10 21:08:47,Bank Transfer,3481.88,Completed,TXN-1715-1715
1716,1716,2026-08-14 04:13:38,Cash on Delivery,2206.56,Pending,
1717,1717,2025-11-28 05:23:24,Debit Card,1146.84,Completed,TXN-1717-1717
1718,1718,2026-02-15 16:54:28,PayPal,2204.61,Completed,TXN-1718-1718
1719,1719,2025-08-21 19:00:52,Debit Card,1665.48,Completed,TXN-1719-1719
1720,1720,2025-11-01 01:11:46,Debit Card,43.21,Completed,TXN-1720-1720
1721,1721,2025-06-17 04:45:11,PayPal,635.35,Completed,TXN-1721-1721
1722,1722,2025-06-29 17:17:17,Debit Card,3427.79,Completed,TXN-1722-1722
1723,1723,2026-01-26 11:42:51,Credit Card,2297.76,Completed,TXN-1723-1723
1724,1724,2025-08-16 06:57:16,Cash on Delivery,3102.22,Completed,TXN-1724-1724
1725,1725,2026-08-07 18:04:46,Bank Transfer,902.84,Completed,TXN-1725-1725
1726,1726,2026-09-01 02:11:21,Credit Card,1316.3,Completed,TXN-1726-1726
1727,1727,2025-08-29 08:30:50,PayPal,4637.52,Completed,TXN-1727-1727
1728,1728,2025-05-06 17:57:35,Bank Transfer,2418.97,Pending,
1729,1729,2025-10-22 00:41:10,Debit Card,819.48,Completed,TXN-1729-1729
1730,1730,2025-10-26 11:50:43,Credit Card,2708.16,Completed,TXN-1730-1730
1731,1731,2025-09-06 06:10:29,Cash on Delivery,1088.71,Completed,TXN-1731-1731
1732,1732,2026-04-12 17:17:03,Credit Card,1117.88,Pending,
1733,1733,2024-09-01 16:32:11,Credit Card,668.87,Completed,TXN-1733-1733
1734,1734,2026-04-17 23:58:41,Cash on Delivery,7169.04,Completed,TXN-1734-1734
1735,1735,2025-04-26 11:22:18,Debit Card,217.62,Completed,TXN-1735-1735
1736,1736,2024-02-11 17:33:05,Debit Card,2410.71,Completed,TXN-1736-1736
1737,1737,2025-09-24 23:28:43,Debit Card,3154.64,Refunded,TXN-1737-1737
1738,1738,2024-02-17 15:16:19,Debit Card,2421.09,Completed,TXN-1738-1738
1739,1739,2025-01-24 04:55:32,Debit Card,1502.9,Completed,TXN-1739-1739
1740,1740,2025-04-14 01:05:02,Debit Card,1806.89,Completed,TXN-1740-1740
1741,1741,2025-02-13 14:03:27,Credit Card,4140.93,Completed,TXN-1741-1741
1742,1742,2025-07-12 08:28:53,Debit Card,34.19,Pending,
1743,1743,2024-06-07 02:24:55,Cash on Delivery,34.19,Completed,TXN-1743-1743
1744,1744,2026-08-21 18:00:08,Bank Transfer,1283.16,Completed,TXN-1744-1744
1745,1745,2026-06-27 01:58:25,PayPal,2840.65,Completed,TXN-1745-1745
1746,1746,2024-11-12 18:32:20,PayPal,1394.99,Completed,TXN-1746-1746
1747,1747,2024-12-09 08:34:36,Credit Card,1616.29,Completed,TXN-1747-1747
1748,1748,2026-03-08 12:49:05,Credit Card,487.69,Completed,TXN-1748-1748
1749,1749,2024-09-01 02:52:25,Cash on Delivery,994.53,Completed,TXN-1749-1749
1750,1750,2025-01-08 11:46:49,PayPal,2035.24,Completed,TXN-1750-1750
1751,1751,2025-11-30 17:32:12,Credit Card,1762.01,Completed,TXN-1751-1751
1752,1752,2025-10-23 06:24:07,Bank Transfer,607.01,Completed,TXN-1752-1752
1753,1753,2026-08-14 13:45:27,Debit Card,959.04,Completed,TXN-1753-1753
1754,1754,2025-06-07 22:20:16,PayPal,915.58,Completed,TXN-1754-1754
1755,1755,2025-03-13 19:15:29,Credit Card,1203.18,Completed,TXN-1755-1755
1756,1756,2024-11-02 15:36:39,Bank Transfer,3066.15,Completed,TXN-1756-1756
1757,1757,2026-01-23 14:13:41,Debit Card,1167.22,Completed,TXN-1757-1757
1758,1758,2026-02-19 21:15:47,PayPal,1242.08,Completed,TXN-1758-1758
1759,1759,2025-05-18 23:56:57,PayPal,918.04,Completed,TXN-1759-1759
1760,1760,2026-04-20 06:29:07,Debit Card,623.13,Completed,TXN-1760-1760
1761,1761,2026-08-14 22:58:59,Bank Transfer,129.63,Failed,
1762,1762,2026-08-21 17:49:45,Debit Card,2286.15,Completed,TXN-1762-1762
1763,1763,2025-06-16 16:55:36,Bank Transfer,1277.04,Completed,TXN-1763-1763
1764,1764,2025-10-18 21:45:00,PayPal,5373.55,Completed,TXN-1764-1764
1765,1765,2026-06-25 23:44:11,Credit Card,1259.31,Completed,TXN-1765-1765
1766,1766,2026-02-27 16:04:41,Credit Card,202.6,Completed,TXN-1766-1766
1767,1767,2026-05-10 13:41:15,Bank Transfer,2158.15,Failed,
1768,1768,2026-08-30 21:30:39,Bank Transfer,3571.18,Completed,TXN-1768-1768
1769,1769,2026-01-24 01:50:55,Credit Card,3085.68,Completed,TXN-1769-1769
1770,1770,2024-12-15 16:40:33,PayPal,3311.44,Completed,TXN-1770-1770
1771,1771,2025-07-18 08:54:29,Debit Card,2051.66,Pending,
1772,1772,2026-07-12 12:19:44,Debit Card,1075.41,Completed,TXN-1772-1772
1773,1773,2026-03-12 01:50:18,PayPal,1087.21,Completed,TXN-1773-1773
1774,1774,2025-06-11 12:01:56,Credit Card,2499.79,Completed,TXN-1774-1774
1775,1775,2026-08-05 03:34:21,Bank Transfer,2217.59,Failed,
1776,1776,2026-02-14 16:22:12,PayPal,1375.84,Pending,
1777,1777,2026-05-05 11:04:36,Credit Card,2596.86,Completed,TXN-1777-1777
1778,1778,2026-07-22 20:17:35,Cash on Delivery,579.06,Completed,TXN-1778-1778
1779,1779,2025-06-03 00:25:52,Credit Card,235.35,Refunded,TXN-1779-1779
1780,1780,2025-07-02 23:07:10,Bank Transfer,434.07,Pending,
1781,1781,2025-09-17 12:07:22,PayPal,2032.77,Completed,TXN-1781-1781
1782,1782,2025-11-19 18:49:30,Bank Transfer,3896.37,Completed,TXN-1782-1782
1783,1783,2026-02-28 11:33:09,Bank Transfer,412.01,Completed,TXN-1783-1783
1784,1784,2026-05-05 21:38:20,Bank Transfer,1001.41,Completed,TXN-1784-1784
1785,1785,2026-07-27 04:41:44,Debit Card,1503.78,Pending,
1786,1786,2026-08-15 08:51:33,Cash on Delivery,2788.6,Completed,TXN-1786-1786
1787,1787,2026-08-23 07:32:06,PayPal,4779.86,Completed,TXN-1787-1787
1788,1788,2026-04-02 16:44:41,PayPal,202.6,Refunded,TXN-1788-1788
1789,1789,2026-08-29 12:51:29,Bank Transfer,1787.74,Completed,TXN-1789-1789
1790,1790,2026-05-05 13:57:43,Cash on Delivery,3471.35,Completed,TXN-1790-1790
1791,1791,2026-03-25 12:22:43,Cash on Delivery,1259.22,Completed,TXN-1791-1791
1792,1792,2025-05-09 20:36:55,PayPal,2402.74,Completed,TXN-1792-1792
1793,1793,2026-08-28 11:56:36,Bank Transfer,2263.14,Completed,TXN-1793-1793
1794,1794,2025-12-09 09:51:48,Bank Transfer,3090.47,Completed,TXN-1794-1794
1795,1795,2026-07-03 06:14:16,PayPal,2862.19,Completed,TXN-1795-1795
1796,1796,2024-12-02 19:07:15,PayPal,2578.85,Completed,TXN-1796-1796
1797,1797,2026-08-22 12:26:22,Debit Card,2577.7,Completed,TXN-1797-1797
1798,1798,2024-07-16 12:06:13,PayPal,2054.28,Refunded,TXN-1798-1798
1799,1799,2025-10-01 15:28:38,Credit Card,2605.87,Completed,TXN-1799-1799
1800,1800,2026-05-18 21:51:29,PayPal,5544.15,Completed,TXN-1800-1800
1801,1801,2026-04-27 21:13:33,Credit Card,387.27,Completed,TXN-1801-1801
1802,1802,2026-07-29 23:17:48,PayPal,89.74,Completed,TXN-1802-1802
1803,1803,2026-03-06 19:30:26,Bank Transfer,1743.83,Completed,TXN-1803-1803
1804,1804,2026-05-18 07:01:39,Credit Card,1165.92,Completed,TXN-1804-1804
1805,1805,2025-05-04 19:44:41,Cash on Delivery,3385.55,Completed,TXN-1805-1805
1806,1806,2026-08-03 00:49:51,Credit Card,327.06,Pending,
1807,1807,2026-05-26 21:39:02,Bank Transfer,7636.45,Completed,TXN-1807-1807
1808,1808,2026-03-08 13:08:15,Credit Card,2426.73,Completed,TXN-1808-1808
1809,1809,2026-07-06 22:26:46,Credit Card,1219.7,Completed,TXN-1809-1809
1810,1810,2026-06-23 18:53:22,Credit Card,3385.55,Completed,TXN-1810-1810
1811,1811,2025-09-19 05:02:57,Credit Card,5807.7,Completed,TXN-1811-1811
1812,1812,2026-06-24 17:56:01,Credit Card,520.37,Completed,TXN-1812-1812
1813,1813,2026-04-24 21:15:56,Bank Transfer,3639.26,Completed,TXN-1813-1813
1814,1814,2026-03-28 03:37:48,Debit Card,457.79,Completed,TXN-1814-1814
1815,1815,2024-07-24 21:59:40,Debit Card,1997.99,Completed,TXN-1815-1815
1816,1816,2025-07-27 03:29:56,Bank Transfer,669.07,Completed,TXN-1816-1816
1817,1817,2025-09-04 21:28:04,Debit Card,132.89,Pending,
1818,1818,2025-09-11 16:18:21,Cash on Delivery,568.48,Completed,TXN-1818-1818
1819,1819,2026-02-13 11:08:11,Cash on Delivery,1750.73,Completed,TXN-1819-1819
1820,1820,2026-05-16 03:12:28,Debit Card,1989.06,Completed,TXN-1820-1820
1821,1821,2026-07-17 15:19:54,Debit Card,1780.89,Completed,TXN-1821-1821
1822,1822,2026-06-16 12:22:30,Credit Card,287.02,Completed,TXN-1822-1822
1823,1823,2026-08-15 18:46:42,Cash on Delivery,129.63,Completed,TXN-1823-1823
1824,1824,2024-07-18 08:15:08,Debit Card,9404.62,Pending,
1825,1825,2026-03-17 05:09:22,PayPal,3212.01,Refunded,TXN-1825-1825
1826,1826,2025-07-24 02:45:38,Cash on Delivery,4515.55,Completed,TXN-1826-1826
1827,1827,2026-03-18 18:48:26,Credit Card,1783.36,Completed,TXN-1827-1827
1828,1828,2024-02-23 07:13:20,Cash on Delivery,2017.63,Completed,TXN-1828-1828
1829,1829,2026-04-04 05:58:53,Debit Card,1578.14,Completed,TXN-1829-1829
1830,1830,2026-08-11 17:42:14,Credit Card,2225.39,Completed,TXN-1830-1830
1831,1831,2025-12-03 04:03:47,PayPal,62.52,Completed,TXN-1831-1831
1832,1832,2025-02-06 22:49:26,Debit Card,826.78,Completed,TXN-1832-1832
1833,1833,2026-06-03 11:53:57,Debit Card,1537.6,Completed,TXN-1833-1833
1834,1834,2026-08-07 11:07:39,PayPal,1437.14,Completed,TXN-1834-1834
1835,1835,2026-03-09 02:21:21,Cash on Delivery,1252.95,Completed,TXN-1835-1835
1836,1836,2026-06-08 06:44:06,Debit Card,1715.42,Failed,
1837,1837,2025-06-03 16:36:53,Bank Transfer,1989.06,Completed,TXN-1837-1837
1838,1838,2026-03-06 10:41:05,Bank Transfer,173.9,Completed,TXN-1838-1838
1839,1839,2025-07-05 11:38:53,PayPal,792.26,Completed,TXN-1839-1839
1840,1840,2024-10-13 12:49:01,Debit Card,490.06,Completed,TXN-1840-1840
1841,1841,2025-09-17 20:36:40,Credit Card,3571.02,Completed,TXN-1841-1841
1842,1842,2026-07-29 21:30:32,Cash on Delivery,1150.17,Completed,TXN-1842-1842
1843,1843,2026-08-09 15:30:18,Credit Card,5584.49,Completed,TXN-1843-1843
1844,1844,2025-12-05 13:06:41,Credit Card,1340.5,Completed,TXN-1844-1844
1845,1845,2026-07-09 08:09:42,Bank Transfer,1857.44,Completed,TXN-1845-1845
1846,1846,2025-03-16 10:34:17,Credit Card,339.73,Completed,TXN-1846-1846
1847,1847,2025-10-12 22:00:59,Credit Card,3283.06,Completed,TXN-1847-1847
1848,1848,2026-06-05 06:34:00,Cash on Delivery,3645.94,Pending,
1849,1849,2024-09-19 06:36:22,Credit Card,77.19,Completed,TXN-1849-1849
1850,1850,2026-03-21 11:07:55,Debit Card,925.22,Completed,TXN-1850-1850
1851,1851,2026-02-14 09:27:20,Cash on Delivery,1113.82,Completed,TXN-1851-1851
1852,1852,2026-03-03 03:47:40,Bank Transfer,2458.96,Pending,
1853,1853,2024-03-05 09:53:54,Bank Transfer,2924.43,Completed,TXN-1853-1853
1854,1854,2026-03-23 11:43:53,PayPal,809.31,Pending,
1855,1855,2026-03-15 23:57:56,Credit Card,1024.54,Completed,TXN-1855-1855
1856,1856,2025-02-03 02:50:02,Bank Transfer,4890.95,Completed,TXN-1856-1856
1857,1857,2025-02-04 09:39:46,PayPal,1844.05,Completed,TXN-1857-1857
1858,1858,2026-08-20 17:51:24,Debit Card,4186.83,Pending,
1859,1859,2026-05-14 05:09:57,Debit Card,5407.69,Completed,TXN-1859-1859
1860,1860,2024-11-30 07:06:16,Cash on Delivery,931.95,Completed,TXN-1860-1860
1861,1861,2024-12-29 22:15:37,Credit Card,394.16,Completed,TXN-1861-1861
1862,1862,2025-11-30 20:13:28,Bank Transfer,1169.27,Completed,TXN-1862-1862
1863,1863,2025-09-12 14:31:49,PayPal,2508.61,Completed,TXN-1863-1863
1864,1864,2026-04-19 19:32:40,Cash on Delivery,1692.27,Completed,TXN-1864-1864
1865,1865,2025-02-03 23:39:44,PayPal,3252.44,Completed,TXN-1865-1865
1866,1866,2025-03-28 03:51:17,Debit Card,1026.59,Completed,TXN-1866-1866
1867,1867,2024-11-13 09:34:11,PayPal,1493.7,Pending,
1868,1868,2026-04-11 05:34:07,PayPal,3615.75,Pending,
1869,1869,2026-01-17 23:10:38,Debit Card,404.96,Completed,TXN-1869-1869
1870,1870,2026-07-14 05:56:42,Cash on Delivery,1314.97,Completed,TXN-1870-1870
1871,1871,2024-02-07 11:25:07,Bank Transfer,2796.95,Completed,TXN-1871-1871
1872,1872,2024-10-07 16:24:05,Bank Transfer,1993.07,Completed,TXN-1872-1872
1873,1873,2025-05-14 03:47:53,Cash on Delivery,1865.13,Completed,TXN-1873-1873
1874,1874,2026-01-16 10:03:42,Bank Transfer,3738.37,Refunded,TXN-1874-1874
1875,1875,2025-10-29 03:12:09,Credit Card,254.2,Completed,TXN-1875-1875
1876,1876,2024-03-14 02:06:31,Bank Transfer,1221.43,Completed,TXN-1876-1876
1877,1877,2026-08-18 14:57:05,Bank Transfer,4827.61,Completed,TXN-1877-1877
1878,1878,2025-07-25 08:16:54,Credit Card,4392.89,Pending,
1879,1879,2026-08-17 10:29:55,Credit Card,3028.56,Completed,TXN-1879-1879
1880,1880,2025-06-22 18:02:43,Cash on Delivery,2976.71,Completed,TXN-1880-1880
1881,1881,2026-03-18 06:43:01,Bank Transfer,581.28,Completed,TXN-1881-1881
1882,1882,2026-04-03 21:03:57,Cash on Delivery,2756.63,Completed,TXN-1882-1882
1883,1883,2026-07-28 15:17:17,Debit Card,4115.17,Completed,TXN-1883-1883
1884,1884,2026-08-13 17:31:49,PayPal,2701.93,Completed,TXN-1884-1884
1885,1885,2025-05-18 02:21:56,Credit Card,1304.97,Completed,TXN-1885-1885
1886,1886,2026-04-01 15:03:03,Credit Card,5819.87,Completed,TXN-1886-1886
1887,1887,2025-10-09 13:42:02,Credit Card,2532.83,Completed,TXN-1887-1887
1888,1888,2025-12-13 02:14:24,Credit Card,3218.45,Completed,TXN-1888-1888
1889,1889,2026-05-10 13:04:45,Credit Card,537.71,Completed,TXN-1889-1889
1890,1890,2026-01-08 15:34:32,Credit Card,1110.62,Completed,TXN-1890-1890
1891,1891,2024-05-10 12:38:26,Cash on Delivery,4093.95,Completed,TXN-1891-1891
1892,1892,2024-07-04 09:39:02,Bank Transfer,6124.85,Completed,TXN-1892-1892
1893,1893,2025-10-13 12:44:39,PayPal,405.2,Completed,TXN-1893-1893
1894,1894,2025-06-02 00:24:42,Cash on Delivery,3860.61,Completed,TXN-1894-1894
1895,1895,2026-01-21 23:39:04,Debit Card,409.74,Completed,TXN-1895-1895
1896,1896,2026-01-21 07:00:26,Cash on Delivery,530.01,Completed,TXN-1896-1896
1897,1897,2026-07-19 14:16:32,PayPal,138.94,Completed,TXN-1897-1897
1898,1898,2024-12-28 18:09:38,Bank Transfer,3473.68,Completed,TXN-1898-1898
1899,1899,2024-05-20 06:26:27,Bank Transfer,2982.54,Completed,TXN-1899-1899
1900,1900,2026-04-15 23:35:48,PayPal,1200.08,Completed,TXN-1900-1900
1901,1901,2026-03-10 02:19:04,Cash on Delivery,4400.66,Pending,
1902,1902,2025-04-02 01:35:04,PayPal,1490.25,Completed,TXN-1902-1902
1903,1903,2026-08-13 22:55:33,Debit Card,2336.4,Completed,TXN-1903-1903
1904,1904,2025-04-11 19:24:22,Debit Card,2233.91,Refunded,TXN-1904-1904
1905,1905,2026-03-24 16:39:09,Debit Card,2198.26,Completed,TXN-1905-1905
1906,1906,2025-10-09 02:36:56,Debit Card,1947.96,Completed,TXN-1906-1906
1907,1907,2025-07-13 04:31:44,Bank Transfer,850.53,Completed,TXN-1907-1907
1908,1908,2026-08-24 00:34:55,Bank Transfer,1139.98,Completed,TXN-1908-1908
1909,1909,2025-10-30 03:48:58,Debit Card,1938.27,Completed,TXN-1909-1909
1910,1910,2025-11-19 11:34:11,Bank Transfer,149.0,Completed,TXN-1910-1910
1911,1911,2026-08-25 09:56:46,Debit Card,3503.65,Completed,TXN-1911-1911
1912,1912,2025-11-05 15:38:22,Credit Card,834.4,Completed,TXN-1912-1912
1913,1913,2025-04-24 08:21:43,Bank Transfer,1904.6,Completed,TXN-1913-1913
1914,1914,2025-10-20 15:19:32,Debit Card,820.06,Completed,TXN-1914-1914
1915,1915,2025-07-28 16:52:11,Credit Card,1911.16,Completed,TXN-1915-1915
1916,1916,2026-02-27 00:24:18,Debit Card,459.02,Completed,TXN-1916-1916
1917,1917,2025-07-03 22:54:51,Cash on Delivery,149.0,Completed,TXN-1917-1917
1918,1918,2024-10-12 10:40:03,Bank Transfer,456.92,Completed,TXN-1918-1918
1919,1919,2024-10-16 05:42:57,PayPal,556.41,Completed,TXN-1919-1919
1920,1920,2026-03-03 12:19:45,Cash on Delivery,758.76,Completed,TXN-1920-1920
1921,1921,2026-05-19 05:20:04,PayPal,617.3,Completed,TXN-1921-1921
1922,1922,2026-04-17 09:52:51,Cash on Delivery,1427.24,Completed,TXN-1922-1922
1923,1923,2025-08-17 07:29:17,Cash on Delivery,433.91,Completed,TXN-1923-1923
1924,1924,2025-08-17 12:30:19,Bank Transfer,1010.6,Completed,TXN-1924-1924
1925,1925,2026-03-10 03:40:27,Bank Transfer,3375.42,Completed,TXN-1925-1925
1926,1926,2025-08-30 21:35:14,Credit Card,722.74,Completed,TXN-1926-1926
1927,1927,2025-02-17 14:21:31,Bank Transfer,1666.31,Completed,TXN-1927-1927
1928,1928,2025-05-16 14:42:25,Credit Card,72.7,Completed,TXN-1928-1928
1929,1929,2025-02-01 15:18:56,Cash on Delivery,882.74,Completed,TXN-1929-1929
1930,1930,2026-08-24 15:17:28,Bank Transfer,2986.22,Completed,TXN-1930-1930
1931,1931,2025-09-18 11:23:48,Cash on Delivery,1685.53,Completed,TXN-1931-1931
1932,1932,2025-06-30 09:26:59,Debit Card,1250.48,Completed,TXN-1932-1932
1933,1933,2025-02-12 20:43:50,Bank Transfer,1895.07,Completed,TXN-1933-1933
1934,1934,2026-06-09 18:38:11,Bank Transfer,3306.17,Completed,TXN-1934-1934
1935,1935,2026-07-30 20:01:20,PayPal,2142.46,Completed,TXN-1935-1935
1936,1936,2026-08-21 23:01:19,Debit Card,2585.24,Completed,TXN-1936-1936
1937,1937,2026-02-24 20:16:37,Cash on Delivery,1103.41,Completed,TXN-1937-1937
1938,1938,2026-04-09 06:55:23,PayPal,2500.24,Completed,TXN-1938-1938
1939,1939,2024-01-07 10:51:34,PayPal,2228.25,Pending,
1940,1940,2023-10-21 14:03:17,Debit Card,2547.1,Completed,TXN-1940-1940
1941,1941,2025-12-04 14:45:22,Cash on Delivery,682.88,Completed,TXN-1941-1941
1942,1942,2026-06-09 01:12:13,Debit Card,4151.65,Completed,TXN-1942-1942
1943,1943,2026-07-04 10:53:29,Credit Card,1464.18,Completed,TXN-1943-1943
1944,1944,2026-05-14 03:50:21,Debit Card,1532.18,Completed,TXN-1944-1944
1945,1945,2024-08-28 07:31:46,Bank Transfer,339.08,Completed,TXN-1945-1945
1946,1946,2026-04-08 21:56:48,Bank Transfer,2190.14,Completed,TXN-1946-1946
1947,1947,2026-04-01 13:19:16,Cash on Delivery,1734.51,Completed,TXN-1947-1947
1948,1948,2026-06-19 23:13:34,Debit Card,1439.24,Completed,TXN-1948-1948
1949,1949,2024-09-02 00:39:24,Debit Card,1776.7,Completed,TXN-1949-1949
1950,1950,2026-08-23 13:18:39,Cash on Delivery,654.48,Completed,TXN-1950-1950
1951,1951,2025-07-12 19:33:32,Bank Transfer,2570.95,Failed,
1952,1952,2026-06-09 06:07:00,Bank Transfer,1453.41,Completed,TXN-1952-1952
1953,1953,2026-06-02 07:36:29,PayPal,2834.57,Completed,TXN-1953-1953
1954,1954,2025-12-17 05:25:03,PayPal,2782.33,Failed,
1955,1955,2026-07-20 20:31:28,Cash on Delivery,1885.23,Completed,TXN-1955-1955
1956,1956,2026-06-27 21:55:59,Debit Card,5810.06,Completed,TXN-1956-1956
1957,1957,2024-09-23 17:48:36,PayPal,1627.17,Completed,TXN-1957-1957
1958,1958,2026-03-31 09:32:36,Credit Card,3521.16,Completed,TXN-1958-1958
1959,1959,2025-07-20 03:24:00,Bank Transfer,1383.38,Failed,
1960,1960,2026-07-03 09:30:39,Cash on Delivery,2924.33,Refunded,TXN-1960-1960
1961,1961,2025-10-06 05:49:00,PayPal,632.87,Completed,TXN-1961-1961
1962,1962,2026-08-08 02:53:12,Debit Card,1717.17,Completed,TXN-1962-1962
1963,1963,2025-04-25 09:17:16,Cash on Delivery,548.19,Completed,TXN-1963-1963
1964,1964,2025-12-07 00:27:02,Cash on Delivery,758.76,Completed,TXN-1964-1964
1965,1965,2025-05-31 09:59:04,Bank Transfer,5398.36,Completed,TXN-1965-1965
1966,1966,2026-08-12 06:35:07,Bank Transfer,677.11,Completed,TXN-1966-1966
1967,1967,2025-09-28 07:52:55,PayPal,4379.87,Completed,TXN-1967-1967
1968,1968,2025-10-07 07:54:42,Cash on Delivery,993.23,Completed,TXN-1968-1968
1969,1969,2026-01-17 12:30:29,Bank Transfer,889.17,Completed,TXN-1969-1969
1970,1970,2026-07-24 23:11:03,Credit Card,1687.38,Completed,TXN-1970-1970
1971,1971,2026-03-16 05:06:07,PayPal,409.74,Completed,TXN-1971-1971
1972,1972,2026-07-30 20:27:16,Cash on Delivery,1587.34,Completed,TXN-1972-1972
1973,1973,2026-06-20 09:40:29,PayPal,1089.71,Completed,TXN-1973-1973
1974,1974,2025-04-13 07:31:29,PayPal,3673.82,Completed,TXN-1974-1974
1975,1975,2025-09-24 21:00:50,Cash on Delivery,132.89,Completed,TXN-1975-1975
1976,1976,2026-01-20 03:43:38,PayPal,730.46,Completed,TXN-1976-1976
1977,1977,2026-05-14 23:32:25,Debit Card,2192.79,Completed,TXN-1977-1977
1978,1978,2025-12-19 13:28:11,Bank Transfer,950.53,Completed,TXN-1978-1978
1979,1979,2026-03-21 14:02:22,Bank Transfer,583.61,Completed,TXN-1979-1979
1980,1980,2025-12-16 04:33:47,PayPal,34.65,Pending,
1981,1981,2025-06-06 13:42:18,PayPal,4236.42,Completed,TXN-1981-1981
1982,1982,2026-01-17 19:25:05,Bank Transfer,567.58,Completed,TXN-1982-1982
1983,1983,2026-02-03 21:46:16,PayPal,282.46,Refunded,TXN-1983-1983
1984,1984,2025-07-25 16:23:25,PayPal,600.04,Completed,TXN-1984-1984
1985,1985,2025-09-22 05:26:41,PayPal,656.03,Completed,TXN-1985-1985
1986,1986,2025-12-07 17:07:25,PayPal,758.76,Completed,TXN-1986-1986
1987,1987,2026-02-17 09:21:44,Bank Transfer,5519.42,Completed,TXN-1987-1987
1988,1988,2025-10-15 09:14:12,Debit Card,2756.1,Completed,TXN-1988-1988
1989,1989,2026-08-17 01:14:44,Cash on Delivery,880.29,Completed,TXN-1989-1989
1990,1990,2026-08-02 14:04:16,Bank Transfer,733.24,Completed,TXN-1990-1990
1991,1991,2026-07-02 16:37:16,Cash on Delivery,756.8,Completed,TXN-1991-1991
1992,1992,2026-02-28 15:14:38,PayPal,670.43,Completed,TXN-1992-1992
1993,1993,2026-08-26 09:35:50,PayPal,2334.15,Completed,TXN-1993-1993
1994,1994,2025-08-25 10:12:36,Bank Transfer,542.39,Completed,TXN-1994-1994
1995,1995,2026-06-05 15:22:25,Bank Transfer,185.47,Completed,TXN-1995-1995
1996,1996,2025-03-11 05:52:53,Credit Card,1702.73,Completed,TXN-1996-1996
1997,1997,2025-10-20 17:40:31,Bank Transfer,2356.91,Completed,TXN-1997-1997
1998,1998,2026-02-20 18:46:39,Debit Card,601.98,Failed,
1999,1999,2025-10-10 16:48:43,PayPal,2659.11,Completed,TXN-1999-1999
2000,2000,2026-01-03 09:08:17,Cash on Delivery,3212.12,Completed,TXN-2000-2000
2001,2001,2026-07-23 22:58:58,Debit Card,1009.52,Completed,TXN-2001-2001
2002,2002,2025-07-22 13:51:36,Debit Card,1726.24,Pending,
2003,2003,2026-03-11 04:41:50,Bank Transfer,491.54,Completed,TXN-2003-2003
2004,2004,2024-05-06 05:20:44,Debit Card,2273.4,Completed,TXN-2004-2004
2005,2005,2026-08-05 01:52:47,Bank Transfer,986.36,Refunded,TXN-2005-2005
2006,2006,2025-02-21 11:09:53,Bank Transfer,2731.54,Completed,TXN-2006-2006
2007,2007,2025-09-09 02:38:45,PayPal,1591.59,Completed,TXN-2007-2007
2008,2008,2026-05-27 21:24:13,Bank Transfer,432.22,Completed,TXN-2008-2008
2009,2009,2026-08-14 22:58:23,Bank Transfer,2509.01,Completed,TXN-2009-2009
2010,2010,2025-03-01 05:05:25,PayPal,2675.32,Completed,TXN-2010-2010
2011,2011,2026-03-17 19:00:34,Debit Card,4471.18,Completed,TXN-2011-2011
2012,2012,2025-11-20 06:35:05,Credit Card,1082.89,Completed,TXN-2012-2012
2013,2013,2025-04-24 01:27:31,Cash on Delivery,358.48,Completed,TXN-2013-2013
2014,2014,2026-08-28 18:15:15,Debit Card,4052.93,Completed,TXN-2014-2014
2015,2015,2025-11-13 21:17:55,Cash on Delivery,3986.65,Completed,TXN-2015-2015
2016,2016,2026-03-05 02:08:24,Credit Card,916.51,Completed,TXN-2016-2016
2017,2017,2026-08-02 08:43:04,Credit Card,1050.53,Completed,TXN-2017-2017
2018,2018,2025-05-16 00:18:33,Cash on Delivery,1455.02,Completed,TXN-2018-2018
2019,2019,2025-08-04 18:29:03,Cash on Delivery,1578.42,Completed,TXN-2019-2019
2020,2020,2025-04-20 03:09:10,Cash on Delivery,1126.2,Completed,TXN-2020-2020
2021,2021,2026-05-24 18:17:00,Cash on Delivery,5406.03,Completed,TXN-2021-2021
2022,2022,2026-06-25 13:41:43,Cash on Delivery,4632.2,Completed,TXN-2022-2022
2023,2023,2025-09-30 03:42:31,PayPal,1778.34,Pending,
2024,2024,2026-04-30 00:53:40,Bank Transfer,803.16,Completed,TXN-2024-2024
2025,2025,2026-02-03 16:46:33,Credit Card,2491.21,Completed,TXN-2025-2025
2026,2026,2026-08-12 05:10:10,Bank Transfer,3725.17,Failed,
2027,2027,2026-04-22 11:28:55,Cash on Delivery,1937.99,Pending,
2028,2028,2025-03-04 20:08:02,PayPal,1240.78,Completed,TXN-2028-2028
2029,2029,2025-06-16 12:47:12,Cash on Delivery,2314.58,Completed,TXN-2029-2029
2030,2030,2026-04-27 21:05:14,Credit Card,1282.12,Completed,TXN-2030-2030
2031,2031,2026-06-29 02:45:38,Credit Card,2048.48,Completed,TXN-2031-2031
2032,2032,2026-08-27 06:41:51,Bank Transfer,1131.82,Completed,TXN-2032-2032
2033,2033,2026-06-02 09:30:08,PayPal,1860.5,Completed,TXN-2033-2033
2034,2034,2024-11-27 09:04:12,Credit Card,1191.73,Completed,TXN-2034-2034
2035,2035,2026-05-23 09:27:28,Cash on Delivery,3186.61,Completed,TXN-2035-2035
2036,2036,2026-04-02 21:36:10,Bank Transfer,2023.8,Completed,TXN-2036-2036
2037,2037,2025-07-18 07:16:22,Cash on Delivery,339.73,Completed,TXN-2037-2037
2038,2038,2026-05-27 19:18:06,Credit Card,222.89,Completed,TXN-2038-2038
2039,2039,2025-09-25 13:23:02,Bank Transfer,2681.61,Completed,TXN-2039-2039
2040,2040,2026-01-27 14:25:09,Bank Transfer,2382.45,Completed,TXN-2040-2040
2041,2041,2026-07-28 21:07:07,Debit Card,1106.79,Completed,TXN-2041-2041
2042,2042,2026-08-15 22:01:32,Credit Card,2580.64,Completed,TXN-2042-2042
2043,2043,2025-02-18 17:59:49,Bank Transfer,3519.92,Completed,TXN-2043-2043
2044,2044,2026-08-01 17:16:43,Cash on Delivery,695.33,Pending,
2045,2045,2025-11-05 06:04:56,Cash on Delivery,2389.8,Completed,TXN-2045-2045
2046,2046,2026-06-08 08:12:10,Bank Transfer,786.98,Completed,TXN-2046-2046
2047,2047,2026-08-26 14:28:08,PayPal,981.65,Pending,
2048,2048,2026-05-12 05:36:24,Debit Card,885.48,Completed,TXN-2048-2048
2049,2049,2026-06-17 17:12:02,Credit Card,563.17,Completed,TXN-2049-2049
2050,2050,2025-08-29 08:20:47,Bank Transfer,396.0,Completed,TXN-2050-2050
2051,2051,2026-07-01 03:48:11,PayPal,915.44,Completed,TXN-2051-2051
2052,2052,2024-08-20 01:16:54,Credit Card,1232.49,Completed,TXN-2052-2052
2053,2053,2026-07-31 20:10:57,PayPal,631.62,Completed,TXN-2053-2053
2054,2054,2025-07-21 08:27:04,Credit Card,255.83,Completed,TXN-2054-2054
2055,2055,2025-04-07 12:58:18,Cash on Delivery,4383.89,Completed,TXN-2055-2055
2056,2056,2025-06-25 11:51:25,Bank Transfer,4805.65,Completed,TXN-2056-2056
2057,2057,2025-12-13 06:07:50,Credit Card,1744.68,Refunded,TXN-2057-2057
2058,2058,2026-04-05 21:40:56,PayPal,1675.93,Completed,TXN-2058-2058
2059,2059,2026-08-30 19:37:55,Cash on Delivery,584.38,Completed,TXN-2059-2059
2060,2060,2025-12-03 09:36:28,Cash on Delivery,1009.52,Completed,TXN-2060-2060
2061,2061,2026-04-16 14:37:42,Credit Card,72.7,Completed,TXN-2061-2061
2062,2062,2026-08-12 13:37:24,Debit Card,758.76,Pending,
2063,2063,2025-02-16 19:48:48,Debit Card,29.06,Completed,TXN-2063-2063
2064,2064,2026-04-12 04:12:41,Cash on Delivery,7315.47,Completed,TXN-2064-2064
2065,2065,2026-06-12 00:10:56,Bank Transfer,584.38,Completed,TXN-2065-2065
2066,2066,2025-05-06 00:00:11,Cash on Delivery,5381.24,Completed,TXN-2066-2066
2067,2067,2025-06-24 09:04:10,Debit Card,1848.84,Completed,TXN-2067-2067
2068,2068,2025-06-26 08:34:57,PayPal,2869.1,Completed,TXN-2068-2068
2069,2069,2026-04-18 10:31:18,Debit Card,3110.99,Completed,TXN-2069-2069
2070,2070,2026-05-04 17:04:28,Bank Transfer,2594.84,Completed,TXN-2070-2070
2071,2071,2026-08-28 23:22:36,Credit Card,2613.8,Completed,TXN-2071-2071
2072,2072,2026-01-04 23:58:28,PayPal,3920.86,Completed,TXN-2072-2072
2073,2073,2025-10-25 15:29:50,Debit Card,415.92,Failed,
2074,2074,2026-08-09 15:05:51,PayPal,2462.91,Pending,
2075,2075,2026-08-06 06:13:19,PayPal,2138.0,Pending,
2076,2076,2026-06-19 23:56:39,Credit Card,441.05,Completed,TXN-2076-2076
2077,2077,2024-11-28 04:02:08,PayPal,604.84,Completed,TXN-2077-2077
2078,2078,2025-11-25 18:41:21,Credit Card,1517.52,Completed,TXN-2078-2078
2079,2079,2024-11-05 11:41:09,Credit Card,677.11,Completed,TXN-2079-2079
2080,2080,2024-12-08 01:20:15,Credit Card,2472.89,Completed,TXN-2080-2080
2081,2081,2025-10-15 01:04:51,Bank Transfer,3140.68,Completed,TXN-2081-2081
2082,2082,2026-06-16 11:02:43,Credit Card,568.46,Completed,TXN-2082-2082
2083,2083,2024-12-22 01:54:15,Debit Card,1625.36,Completed,TXN-2083-2083
2084,2084,2026-08-22 10:44:51,Credit Card,1402.84,Completed,TXN-2084-2084
2085,2085,2026-05-01 00:19:11,Cash on Delivery,2167.26,Pending,
2086,2086,2025-06-28 07:57:01,Debit Card,716.96,Pending,
2087,2087,2025-01-05 01:01:28,Debit Card,1412.71,Completed,TXN-2087-2087
2088,2088,2026-01-18 07:46:13,Cash on Delivery,626.68,Completed,TXN-2088-2088
2089,2089,2026-08-15 01:35:54,Cash on Delivery,2035.51,Completed,TXN-2089-2089
2090,2090,2026-02-10 07:55:10,PayPal,4113.91,Completed,TXN-2090-2090
2091,2091,2026-02-04 07:23:37,Bank Transfer,3480.65,Completed,TXN-2091-2091
2092,2092,2026-06-24 08:13:27,PayPal,761.9,Completed,TXN-2092-2092
2093,2093,2025-01-27 05:31:31,Bank Transfer,920.83,Completed,TXN-2093-2093
2094,2094,2026-06-25 10:07:03,Credit Card,1335.15,Pending,
2095,2095,2026-06-05 07:59:39,Cash on Delivery,4075.87,Completed,TXN-2095-2095
2096,2096,2026-07-24 20:25:28,Bank Transfer,1906.32,Completed,TXN-2096-2096
2097,2097,2026-07-12 07:36:04,Credit Card,1163.45,Completed,TXN-2097-2097
2098,2098,2026-07-07 08:06:33,Bank Transfer,3222.45,Pending,
2099,2099,2026-08-23 00:30:06,Bank Transfer,2343.78,Completed,TXN-2099-2099
2100,2100,2025-09-25 13:13:36,Cash on Delivery,1910.83,Pending,
2101,2101,2025-07-30 05:05:57,Credit Card,2413.12,Completed,TXN-2101-2101
2102,2102,2026-03-09 06:30:18,Cash on Delivery,412.06,Completed,TXN-2102-2102
2103,2103,2026-02-02 01:56:33,Credit Card,2243.91,Completed,TXN-2103-2103
2104,2104,2025-11-09 00:20:03,Bank Transfer,695.83,Pending,
2105,2105,2026-01-18 19:30:25,Bank Transfer,149.0,Completed,TXN-2105-2105
2106,2106,2026-07-26 21:16:14,Debit Card,542.39,Completed,TXN-2106-2106
2107,2107,2026-08-18 06:04:27,Credit Card,2200.23,Completed,TXN-2107-2107
2108,2108,2025-11-07 06:44:43,Bank Transfer,6131.12,Completed,TXN-2108-2108
2109,2109,2024-05-30 17:50:49,Credit Card,488.15,Completed,TXN-2109-2109
2110,2110,2026-02-12 17:17:56,Bank Transfer,611.33,Completed,TXN-2110-2110
2111,2111,2026-04-20 14:11:49,Credit Card,250.08,Refunded,TXN-2111-2111
2112,2112,2025-05-13 11:57:18,PayPal,870.48,Completed,TXN-2112-2112
2113,2113,2025-08-18 09:19:07,Credit Card,2328.09,Completed,TXN-2113-2113
2114,2114,2026-06-02 01:31:11,Cash on Delivery,3991.42,Completed,TXN-2114-2114
2115,2115,2026-03-24 03:35:53,Debit Card,1435.16,Completed,TXN-2115-2115
2116,2116,2026-08-02 04:48:30,Debit Card,1215.48,Completed,TXN-2116-2116
2117,2117,2026-08-20 05:47:19,Credit Card,3465.61,Completed,TXN-2117-2117
2118,2118,2026-02-13 09:29:23,PayPal,2606.41,Completed,TXN-2118-2118
2119,2119,2026-03-13 09:33:18,Debit Card,596.29,Pending,
2120,2120,2026-08-21 14:14:57,Cash on Delivery,2759.07,Completed,TXN-2120-2120
2121,2121,2025-12-29 14:01:21,Bank Transfer,456.92,Completed,TXN-2121-2121
2122,2122,2026-05-23 12:55:07,Bank Transfer,436.07,Completed,TXN-2122-2122
2123,2123,2026-07-09 11:31:55,Debit Card,919.9,Completed,TXN-2123-2123
2124,2124,2025-12-08 04:54:44,Debit Card,994.18,Completed,TXN-2124-2124
2125,2125,2026-08-08 11:37:12,Cash on Delivery,3529.19,Refunded,TXN-2125-2125
2126,2126,2025-10-10 00:20:03,Debit Card,2122.91,Completed,TXN-2126-2126
2127,2127,2026-01-17 08:35:57,PayPal,2812.47,Completed,TXN-2127-2127
2128,2128,2026-04-10 19:08:03,Credit Card,1031.03,Completed,TXN-2128-2128
2129,2129,2025-05-23 00:44:53,Debit Card,2252.26,Completed,TXN-2129-2129
2130,2130,2026-02-18 22:00:36,Cash on Delivery,5180.54,Completed,TXN-2130-2130
2131,2131,2026-08-13 06:18:07,Debit Card,747.94,Completed,TXN-2131-2131
2132,2132,2025-06-26 12:52:44,Debit Card,320.79,Completed,TXN-2132-2132
2133,2133,2026-06-09 18:47:01,Credit Card,729.67,Completed,TXN-2133-2133
2134,2134,2024-09-04 14:19:18,Credit Card,689.74,Completed,TXN-2134-2134
2135,2135,2025-08-24 06:32:57,PayPal,805.35,Completed,TXN-2135-2135
2136,2136,2026-04-08 01:22:41,Cash on Delivery,802.15,Completed,TXN-2136-2136
2137,2137,2024-11-20 02:59:24,Credit Card,4639.4,Completed,TXN-2137-2137
2138,2138,2026-09-01 15:52:22,PayPal,831.13,Completed,TXN-2138-2138
2139,2139,2026-02-04 22:52:58,Debit Card,245.03,Completed,TXN-2139-2139
2140,2140,2026-01-21 02:57:37,PayPal,2745.35,Completed,TXN-2140-2140
2141,2141,2026-05-31 23:31:50,PayPal,652.86,Failed,
2142,2142,2026-04-27 13:48:46,Cash on Delivery,579.22,Completed,TXN-2142-2142
2143,2143,2026-04-08 20:18:14,Credit Card,1990.9,Completed,TXN-2143-2143
2144,2144,2026-08-20 03:05:25,Debit Card,5531.84,Completed,TXN-2144-2144
2145,2145,2026-05-28 05:05:10,Cash on Delivery,3127.41,Completed,TXN-2145-2145
2146,2146,2025-11-22 23:24:14,Credit Card,1763.35,Completed,TXN-2146-2146
2147,2147,2024-10-21 08:33:02,Bank Transfer,1679.16,Completed,TXN-2147-2147
2148,2148,2025-12-16 15:24:46,Credit Card,409.74,Completed,TXN-2148-2148
2149,2149,2026-05-11 07:18:31,PayPal,3093.27,Completed,TXN-2149-2149
2150,2150,2025-03-22 09:33:25,PayPal,2225.98,Completed,TXN-2150-2150
2151,2151,2024-08-11 09:18:17,PayPal,2255.98,Completed,TXN-2151-2151
2152,2152,2025-08-31 16:08:15,PayPal,1183.42,Completed,TXN-2152-2152
2153,2153,2025-03-29 13:54:27,Debit Card,374.42,Completed,TXN-2153-2153
2154,2154,2026-08-25 12:45:08,PayPal,589.02,Completed,TXN-2154-2154
2155,2155,2025-08-26 10:24:40,Credit Card,994.53,Completed,TXN-2155-2155
2156,2156,2026-03-21 23:19:41,Credit Card,185.47,Completed,TXN-2156-2156
2157,2157,2026-08-14 09:25:21,Cash on Delivery,2328.42,Completed,TXN-2157-2157
2158,2158,2026-03-29 11:22:09,PayPal,1009.52,Completed,TXN-2158-2158
2159,2159,2025-09-24 06:07:12,PayPal,1143.88,Completed,TXN-2159-2159
2160,2160,2025-07-15 04:43:51,Debit Card,2334.44,Completed,TXN-2160-2160
2161,2161,2025-07-31 21:27:36,Bank Transfer,1020.52,Completed,TXN-2161-2161
2162,2162,2026-04-09 02:51:52,PayPal,2062.06,Completed,TXN-2162-2162
2163,2163,2025-10-07 09:05:32,Credit Card,583.61,Completed,TXN-2163-2163
2164,2164,2026-05-04 01:39:31,PayPal,1591.63,Completed,TXN-2164-2164
2165,2165,2025-11-13 03:34:50,Cash on Delivery,82.1,Completed,TXN-2165-2165
2166,2166,2025-10-11 12:11:14,Cash on Delivery,245.7,Completed,TXN-2166-2166
2167,2167,2026-06-08 17:21:27,PayPal,2226.56,Pending,
2168,2168,2026-03-01 04:12:17,PayPal,1227.14,Completed,TXN-2168-2168
2169,2169,2025-11-06 18:26:47,PayPal,583.61,Completed,TXN-2169-2169
2170,2170,2025-10-25 06:16:27,Debit Card,2328.09,Pending,
2171,2171,2026-03-14 23:04:17,PayPal,394.13,Completed,TXN-2171-2171
2172,2172,2024-03-13 16:09:29,Bank Transfer,774.23,Completed,TXN-2172-2172
2173,2173,2025-03-21 00:58:32,PayPal,1076.38,Completed,TXN-2173-2173
2174,2174,2025-03-24 16:41:36,PayPal,2295.4,Completed,TXN-2174-2174
2175,2175,2025-01-17 14:47:58,Debit Card,4012.43,Completed,TXN-2175-2175
2176,2176,2025-11-15 09:38:55,Bank Transfer,1992.24,Completed,TXN-2176-2176
2177,2177,2025-04-11 16:42:38,Debit Card,150.06,Completed,TXN-2177-2177
2178,2178,2025-03-26 17:05:26,Debit Card,460.49,Completed,TXN-2178-2178
2179,2179,2026-07-09 02:06:01,Bank Transfer,495.62,Completed,TXN-2179-2179
2180,2180,2026-01-11 16:46:07,Credit Card,296.41,Completed,TXN-2180-2180
2181,2181,2026-07-17 00:43:27,Credit Card,1040.74,Completed,TXN-2181-2181
2182,2182,2025-09-18 09:31:43,PayPal,4520.31,Completed,TXN-2182-2182
2183,2183,2026-02-01 15:25:32,Credit Card,780.62,Completed,TXN-2183-2183
2184,2184,2026-07-28 14:10:41,Bank Transfer,3770.12,Completed,TXN-2184-2184
2185,2185,2026-01-30 23:36:18,Debit Card,3399.19,Completed,TXN-2185-2185
2186,2186,2026-06-24 10:03:34,Bank Transfer,398.67,Pending,
2187,2187,2026-06-10 21:30:08,Credit Card,994.53,Completed,TXN-2187-2187
2188,2188,2026-06-15 21:08:34,PayPal,457.79,Completed,TXN-2188-2188
2189,2189,2026-01-14 15:53:10,Cash on Delivery,716.96,Completed,TXN-2189-2189
2190,2190,2026-07-17 08:04:48,Cash on Delivery,2877.13,Completed,TXN-2190-2190
2191,2191,2025-08-07 10:41:25,Credit Card,3210.72,Completed,TXN-2191-2191
2192,2192,2025-03-27 20:11:20,PayPal,4188.24,Completed,TXN-2192-2192
2193,2193,2025-11-06 15:36:15,Bank Transfer,898.02,Pending,
2194,2194,2024-01-01 13:39:58,PayPal,276.8,Completed,TXN-2194-2194
2195,2195,2026-08-25 08:34:44,Credit Card,72.7,Completed,TXN-2195-2195
2196,2196,2025-10-24 07:14:20,Credit Card,1553.84,Completed,TXN-2196-2196
2197,2197,2026-08-07 11:30:01,PayPal,4891.67,Completed,TXN-2197-2197
2198,2198,2024-07-23 13:55:33,Credit Card,3120.08,Completed,TXN-2198-2198
2199,2199,2024-11-08 03:59:02,Credit Card,394.13,Completed,TXN-2199-2199
2200,2200,2026-01-23 09:32:50,PayPal,994.18,Completed,TXN-2200-2200
2201,2201,2025-09-17 14:35:07,Credit Card,893.84,Completed,TXN-2201-2201
2202,2202,2026-06-23 16:55:26,Bank Transfer,670.7,Completed,TXN-2202-2202
2203,2203,2026-05-24 02:41:07,Bank Transfer,1967.99,Completed,TXN-2203-2203
2204,2204,2026-05-01 17:31:36,Credit Card,3777.18,Completed,TXN-2204-2204
2205,2205,2026-02-05 06:28:04,PayPal,2512.34,Completed,TXN-2205-2205
2206,2206,2026-04-21 01:58:42,PayPal,5083.6,Completed,TXN-2206-2206
2207,2207,2025-01-18 16:10:46,PayPal,1318.35,Completed,TXN-2207-2207
2208,2208,2026-07-10 10:50:34,Debit Card,557.91,Pending,
2209,2209,2026-08-20 09:31:23,Credit Card,1179.29,Pending,
2210,2210,2026-01-20 13:37:20,Bank Transfer,594.4,Completed,TXN-2210-2210
2211,2211,2025-03-30 02:26:44,Debit Card,1428.42,Completed,TXN-2211-2211
2212,2212,2026-04-21 14:14:13,Cash on Delivery,1330.1,Completed,TXN-2212-2212
2213,2213,2025-02-26 00:26:48,Cash on Delivery,2254.78,Pending,
2214,2214,2025-04-05 00:28:27,Credit Card,529.62,Completed,TXN-2214-2214
2215,2215,2025-02-12 03:34:13,Bank Transfer,1801.15,Completed,TXN-2215-2215
2216,2216,2025-11-14 19:22:46,Credit Card,4873.62,Completed,TXN-2216-2216
2217,2217,2026-06-06 08:01:57,PayPal,1577.82,Completed,TXN-2217-2217
2218,2218,2025-10-08 23:33:21,Credit Card,4887.59,Completed,TXN-2218-2218
2219,2219,2026-04-07 01:35:17,PayPal,947.92,Completed,TXN-2219-2219
2220,2220,2025-03-14 10:14:20,Bank Transfer,3961.04,Completed,TXN-2220-2220
2221,2221,2025-04-05 03:22:21,Credit Card,1326.28,Completed,TXN-2221-2221
2222,2222,2026-07-20 08:12:37,PayPal,5985.44,Completed,TXN-2222-2222
2223,2223,2025-08-04 14:09:52,Bank Transfer,1313.92,Completed,TXN-2223-2223
2224,2224,2026-07-10 02:07:13,Credit Card,1896.6,Completed,TXN-2224-2224
2225,2225,2026-08-21 09:48:12,Debit Card,1871.94,Completed,TXN-2225-2225
2226,2226,2024-07-30 13:06:23,PayPal,119.2,Completed,TXN-2226-2226
2227,2227,2026-04-21 06:36:03,Credit Card,2770.52,Completed,TXN-2227-2227
2228,2228,2025-07-21 15:06:49,Cash on Delivery,277.82,Completed,TXN-2228-2228
2229,2229,2025-01-04 01:54:36,Credit Card,747.05,Completed,TXN-2229-2229
2230,2230,2026-03-06 18:28:01,Bank Transfer,2908.21,Completed,TXN-2230-2230
2231,2231,2024-09-16 20:14:44,Debit Card,2688.41,Completed,TXN-2231-2231
2232,2232,2025-09-16 01:26:06,Cash on Delivery,574.6,Completed,TXN-2232-2232
2233,2233,2026-01-04 17:47:27,PayPal,2322.69,Completed,TXN-2233-2233
2234,2234,2025-10-20 19:54:43,Credit Card,4697.62,Completed,TXN-2234-2234
2235,2235,2026-01-17 03:20:55,Cash on Delivery,919.28,Completed,TXN-2235-2235
2236,2236,2026-09-01 23:18:15,Bank Transfer,43.21,Completed,TXN-2236-2236
2237,2237,2025-11-11 03:59:23,Debit Card,202.87,Completed,TXN-2237-2237
2238,2238,2026-05-03 20:56:43,PayPal,2246.78,Completed,TXN-2238-2238
2239,2239,2025-08-27 19:12:28,PayPal,2931.12,Completed,TXN-2239-2239
2240,2240,2026-08-02 16:20:09,Credit Card,1996.34,Completed,TXN-2240-2240
2241,2241,2024-02-18 07:44:28,Credit Card,3151.98,Completed,TXN-2241-2241
2242,2242,2026-01-25 18:25:40,PayPal,298.0,Completed,TXN-2242-2242
2243,2243,2026-07-04 11:21:08,Bank Transfer,333.85,Completed,TXN-2243-2243
2244,2244,2026-08-07 03:06:39,Bank Transfer,1608.12,Completed,TXN-2244-2244
2245,2245,2026-08-29 01:37:58,Cash on Delivery,1633.44,Completed,TXN-2245-2245
2246,2246,2026-08-31 17:58:30,Cash on Delivery,1629.17,Failed,
2247,2247,2026-01-03 21:41:26,PayPal,993.45,Completed,TXN-2247-2247
2248,2248,2026-06-30 08:41:39,Debit Card,3688.83,Failed,
2249,2249,2025-11-11 18:25:04,Credit Card,3157.21,Completed,TXN-2249-2249
2250,2250,2026-06-27 07:27:59,Credit Card,149.0,Completed,TXN-2250-2250
2251,2251,2026-03-30 02:33:25,Debit Card,4060.15,Completed,TXN-2251-2251
2252,2252,2026-08-27 17:48:42,PayPal,2405.71,Completed,TXN-2252-2252
2253,2253,2026-06-19 08:29:09,Debit Card,2915.22,Completed,TXN-2253-2253
2254,2254,2026-01-20 13:11:28,Cash on Delivery,918.07,Completed,TXN-2254-2254
2255,2255,2026-02-19 23:57:24,Bank Transfer,1080.19,Completed,TXN-2255-2255
2256,2256,2026-06-15 00:17:34,Cash on Delivery,2634.02,Completed,TXN-2256-2256
2257,2257,2024-12-08 10:06:46,Bank Transfer,403.49,Completed,TXN-2257-2257
2258,2258,2026-03-22 16:23:38,Cash on Delivery,1015.42,Completed,TXN-2258-2258
2259,2259,2026-07-25 05:47:04,Debit Card,612.23,Completed,TXN-2259-2259
2260,2260,2024-11-29 09:13:26,Bank Transfer,1895.84,Completed,TXN-2260-2260
2261,2261,2026-06-16 21:09:18,Credit Card,981.65,Completed,TXN-2261-2261
2262,2262,2026-01-05 02:49:59,Credit Card,1135.53,Completed,TXN-2262-2262
2263,2263,2026-01-12 22:42:11,Debit Card,1168.29,Completed,TXN-2263-2263
2264,2264,2026-04-29 13:08:38,Cash on Delivery,2239.01,Completed,TXN-2264-2264
2265,2265,2026-04-12 15:51:45,PayPal,164.44,Completed,TXN-2265-2265
2266,2266,2024-09-02 17:33:33,PayPal,4331.85,Completed,TXN-2266-2266
2267,2267,2026-06-22 08:46:14,Bank Transfer,2076.37,Completed,TXN-2267-2267
2268,2268,2025-01-24 23:11:24,Debit Card,851.91,Completed,TXN-2268-2268
2269,2269,2025-05-24 14:21:19,Cash on Delivery,945.94,Completed,TXN-2269-2269
2270,2270,2025-04-23 18:20:58,Bank Transfer,506.46,Completed,TXN-2270-2270
2271,2271,2025-06-14 08:40:19,PayPal,156.51,Completed,TXN-2271-2271
2272,2272,2025-06-27 20:48:33,Bank Transfer,5373.12,Completed,TXN-2272-2272
2273,2273,2026-07-17 16:26:25,Credit Card,3386.4,Completed,TXN-2273-2273
2274,2274,2026-08-19 17:01:39,PayPal,1817.69,Completed,TXN-2274-2274
2275,2275,2025-04-08 10:43:09,Debit Card,545.52,Completed,TXN-2275-2275
2276,2276,2026-06-30 05:32:27,Cash on Delivery,5864.64,Completed,TXN-2276-2276
2277,2277,2026-05-18 05:27:00,Debit Card,1139.36,Completed,TXN-2277-2277
2278,2278,2026-03-30 02:40:20,PayPal,1719.23,Completed,TXN-2278-2278
2279,2279,2026-03-27 12:33:14,Bank Transfer,4046.06,Completed,TXN-2279-2279
2280,2280,2025-06-26 14:14:26,Cash on Delivery,2244.89,Pending,
2281,2281,2026-09-01 04:16:18,Debit Card,4777.8,Completed,TXN-2281-2281
2282,2282,2026-01-27 04:33:48,Cash on Delivery,2971.58,Completed,TXN-2282-2282
2283,2283,2025-12-25 20:58:34,Debit Card,2800.95,Pending,
2284,2284,2026-07-01 04:01:43,Debit Card,1612.46,Completed,TXN-2284-2284
2285,2285,2025-07-18 04:00:35,Credit Card,1891.85,Refunded,TXN-2285-2285
2286,2286,2026-07-30 02:03:53,PayPal,1950.16,Completed,TXN-2286-2286
2287,2287,2026-08-12 07:45:10,Credit Card,1885.17,Completed,TXN-2287-2287
2288,2288,2026-03-11 03:50:09,Debit Card,3703.92,Completed,TXN-2288-2288
2289,2289,2026-08-30 07:14:43,Credit Card,2049.16,Completed,TXN-2289-2289
2290,2290,2026-08-04 09:32:13,Credit Card,2582.76,Completed,TXN-2290-2290
2291,2291,2026-06-27 08:39:02,Bank Transfer,1963.3,Completed,TXN-2291-2291
2292,2292,2026-08-07 02:58:57,Bank Transfer,1447.1,Completed,TXN-2292-2292
2293,2293,2025-10-30 06:20:27,Bank Transfer,609.4,Completed,TXN-2293-2293
2294,2294,2023-11-07 13:05:14,Cash on Delivery,2564.88,Refunded,TXN-2294-2294
2295,2295,2026-08-23 11:36:37,Debit Card,879.7,Pending,
2296,2296,2026-08-25 03:15:32,PayPal,1767.47,Completed,TXN-2296-2296
2297,2297,2024-07-21 10:31:36,Bank Transfer,1057.64,Completed,TXN-2297-2297
2298,2298,2026-03-20 19:49:56,Debit Card,704.23,Completed,TXN-2298-2298
2299,2299,2025-07-25 11:32:45,Bank Transfer,2905.21,Completed,TXN-2299-2299
2300,2300,2026-03-19 20:41:48,Credit Card,1673.19,Completed,TXN-2300-2300
2301,2301,2026-02-22 03:00:06,Cash on Delivery,2890.38,Completed,TXN-2301-2301
2302,2302,2026-02-26 17:24:56,PayPal,2590.96,Completed,TXN-2302-2302
2303,2303,2025-09-17 20:40:55,PayPal,1009.52,Pending,
2304,2304,2026-05-09 21:40:20,Cash on Delivery,2803.11,Completed,TXN-2304-2304
2305,2305,2025-08-10 14:12:08,PayPal,997.52,Completed,TXN-2305-2305
2306,2306,2026-05-20 02:52:57,Debit Card,3753.9,Completed,TXN-2306-2306
2307,2307,2026-04-18 08:44:16,Debit Card,2062.82,Completed,TXN-2307-2307
2308,2308,2026-08-31 08:16:26,Credit Card,1517.52,Completed,TXN-2308-2308
2309,2309,2026-01-31 14:36:13,Cash on Delivery,1580.2,Completed,TXN-2309-2309
2310,2310,2026-08-15 09:28:00,Debit Card,1182.92,Completed,TXN-2310-2310
2311,2311,2024-11-09 23:36:55,Debit Card,1531.17,Completed,TXN-2311-2311
2312,2312,2026-05-22 04:12:15,PayPal,2822.56,Completed,TXN-2312-2312
2313,2313,2026-06-18 03:40:37,PayPal,748.85,Pending,
2314,2314,2026-02-27 10:50:59,Bank Transfer,1958.17,Completed,TXN-2314-2314
2315,2315,2026-06-12 20:58:04,PayPal,1915.79,Completed,TXN-2315-2315
2316,2316,2026-03-14 08:32:23,Credit Card,1486.53,Completed,TXN-2316-2316
2317,2317,2024-08-06 16:30:00,Bank Transfer,3733.86,Completed,TXN-2317-2317
2318,2318,2025-12-27 21:29:15,PayPal,5324.67,Completed,TXN-2318-2318
2319,2319,2025-03-05 09:44:59,Cash on Delivery,1946.92,Completed,TXN-2319-2319
2320,2320,2025-11-02 17:33:37,Bank Transfer,4104.77,Completed,TXN-2320-2320
2321,2321,2024-08-27 13:05:59,Credit Card,958.03,Completed,TXN-2321-2321
2322,2322,2026-08-22 10:40:57,PayPal,1610.36,Completed,TXN-2322-2322
2323,2323,2024-12-14 23:53:01,PayPal,3752.18,Completed,TXN-2323-2323
2324,2324,2024-12-06 16:44:52,Debit Card,43.21,Completed,TXN-2324-2324
2325,2325,2026-07-01 18:21:46,Cash on Delivery,998.17,Completed,TXN-2325-2325
2326,2326,2026-03-31 20:49:07,Cash on Delivery,1659.18,Completed,TXN-2326-2326
2327,2327,2025-02-12 20:56:01,Cash on Delivery,3467.58,Pending,
2328,2328,2026-07-07 05:34:47,Debit Card,2144.59,Completed,TXN-2328-2328
2329,2329,2026-06-20 23:27:28,Cash on Delivery,2120.55,Completed,TXN-2329-2329
2330,2330,2026-03-09 04:59:21,Cash on Delivery,174.14,Completed,TXN-2330-2330
2331,2331,2025-12-25 14:15:30,Debit Card,295.63,Completed,TXN-2331-2331
2332,2332,2026-08-21 07:26:09,Bank Transfer,5564.85,Completed,TXN-2332-2332
2333,2333,2026-08-04 04:34:46,Bank Transfer,658.15,Completed,TXN-2333-2333
2334,2334,2026-08-06 01:31:02,Cash on Delivery,1590.04,Completed,TXN-2334-2334
2335,2335,2026-05-16 23:00:57,Debit Card,4483.53,Failed,
2336,2336,2025-07-05 10:16:05,Cash on Delivery,764.82,Completed,TXN-2336-2336
2337,2337,2026-03-18 22:33:30,Debit Card,568.71,Pending,
2338,2338,2026-04-23 00:40:19,Cash on Delivery,4070.06,Failed,
2339,2339,2025-09-14 10:07:51,Debit Card,2981.16,Completed,TXN-2339-2339
2340,2340,2025-01-12 12:21:32,Cash on Delivery,3878.77,Completed,TXN-2340-2340
2341,2341,2024-03-06 03:55:48,PayPal,2935.1,Completed,TXN-2341-2341
2342,2342,2024-10-10 23:54:00,Bank Transfer,972.92,Completed,TXN-2342-2342
2343,2343,2024-12-08 18:27:20,Debit Card,863.12,Completed,TXN-2343-2343
2344,2344,2025-12-19 04:54:47,PayPal,3813.81,Completed,TXN-2344-2344
2345,2345,2026-08-27 10:35:13,Bank Transfer,4684.59,Completed,TXN-2345-2345
2346,2346,2026-08-20 20:19:00,Bank Transfer,1438.03,Completed,TXN-2346-2346
2347,2347,2025-04-28 10:22:16,Bank Transfer,3311.3,Completed,TXN-2347-2347
2348,2348,2026-06-30 12:23:11,Debit Card,183.2,Completed,TXN-2348-2348
2349,2349,2026-08-29 07:27:23,Cash on Delivery,165.44,Completed,TXN-2349-2349
2350,2350,2026-05-01 23:23:36,Bank Transfer,1856.63,Completed,TXN-2350-2350
2351,2351,2026-07-01 22:31:15,Bank Transfer,1963.81,Completed,TXN-2351-2351
2352,2352,2026-03-27 23:48:17,Debit Card,3753.21,Completed,TXN-2352-2352
2353,2353,2026-01-26 09:45:59,Cash on Delivery,2483.36,Completed,TXN-2353-2353
2354,2354,2025-03-28 17:30:15,Bank Transfer,4587.31,Completed,TXN-2354-2354
2355,2355,2025-11-25 16:21:19,PayPal,658.15,Completed,TXN-2355-2355
2356,2356,2026-02-21 07:44:52,Credit Card,2928.45,Completed,TXN-2356-2356
2357,2357,2026-05-19 02:14:14,Bank Transfer,948.13,Completed,TXN-2357-2357
2358,2358,2026-08-07 02:07:53,Debit Card,1472.63,Completed,TXN-2358-2358
2359,2359,2025-11-19 00:03:16,Credit Card,2038.76,Completed,TXN-2359-2359
2360,2360,2026-03-25 13:45:46,Credit Card,1400.01,Completed,TXN-2360-2360
2361,2361,2025-06-25 22:46:28,Bank Transfer,1064.59,Completed,TXN-2361-2361
2362,2362,2025-05-20 02:06:00,Cash on Delivery,1727.78,Completed,TXN-2362-2362
2363,2363,2025-01-07 22:54:43,Bank Transfer,5431.89,Completed,TXN-2363-2363
2364,2364,2026-01-08 19:38:01,Credit Card,1220.52,Completed,TXN-2364-2364
2365,2365,2026-03-21 22:31:25,PayPal,4801.6,Completed,TXN-2365-2365
2366,2366,2025-12-15 02:41:37,Bank Transfer,466.83,Pending,
2367,2367,2024-08-29 06:23:06,Credit Card,366.62,Completed,TXN-2367-2367
2368,2368,2025-06-04 14:57:28,Bank Transfer,2006.87,Completed,TXN-2368-2368
2369,2369,2026-05-25 03:32:46,Bank Transfer,617.25,Completed,TXN-2369-2369
2370,2370,2024-10-04 22:16:50,Debit Card,2574.39,Completed,TXN-2370-2370
2371,2371,2026-04-25 04:11:57,Debit Card,287.02,Completed,TXN-2371-2371
2372,2372,2025-01-23 18:53:17,Cash on Delivery,1469.61,Completed,TXN-2372-2372
2373,2373,2026-07-14 12:50:02,Credit Card,207.88,Completed,TXN-2373-2373
2374,2374,2026-01-26 20:16:47,PayPal,3978.12,Completed,TXN-2374-2374
2375,2375,2025-05-22 16:15:22,Bank Transfer,819.48,Completed,TXN-2375-2375
2376,2376,2026-05-19 03:18:57,Bank Transfer,1214.56,Completed,TXN-2376-2376
2377,2377,2026-07-31 16:51:56,Credit Card,1618.08,Completed,TXN-2377-2377
2378,2378,2024-12-11 10:48:11,Debit Card,1278.04,Completed,TXN-2378-2378
2379,2379,2025-05-17 15:43:48,Cash on Delivery,2629.21,Completed,TXN-2379-2379
2380,2380,2025-09-03 14:10:11,Cash on Delivery,5016.83,Completed,TXN-2380-2380
2381,2381,2025-10-04 16:31:35,Cash on Delivery,1260.92,Completed,TXN-2381-2381
2382,2382,2026-08-01 01:52:04,Credit Card,337.22,Completed,TXN-2382-2382
2383,2383,2025-10-29 04:03:37,PayPal,1396.97,Completed,TXN-2383-2383
2384,2384,2025-07-08 03:04:43,Cash on Delivery,5359.12,Completed,TXN-2384-2384
2385,2385,2024-11-10 03:26:55,PayPal,62.52,Completed,TXN-2385-2385
2386,2386,2026-08-16 21:30:03,Cash on Delivery,3567.2,Completed,TXN-2386-2386
2387,2387,2026-08-31 19:30:57,Debit Card,2156.09,Completed,TXN-2387-2387
2388,2388,2025-05-25 03:46:59,Debit Card,1263.24,Completed,TXN-2388-2388
2389,2389,2025-10-20 09:47:28,Debit Card,2846.63,Completed,TXN-2389-2389
2390,2390,2024-07-10 06:46:44,PayPal,1266.16,Completed,TXN-2390-2390
2391,2391,2026-03-14 12:27:19,Credit Card,1255.73,Completed,TXN-2391-2391
2392,2392,2026-07-11 08:22:47,Cash on Delivery,3132.32,Completed,TXN-2392-2392
2393,2393,2025-11-14 02:37:40,PayPal,1266.16,Completed,TXN-2393-2393
2394,2394,2025-12-24 07:37:17,PayPal,457.79,Completed,TXN-2394-2394
2395,2395,2024-08-08 01:25:54,Bank Transfer,1581.42,Completed,TXN-2395-2395
2396,2396,2026-01-30 05:56:08,PayPal,854.22,Pending,
2397,2397,2025-03-11 02:58:57,Bank Transfer,2077.41,Completed,TXN-2397-2397
2398,2398,2026-06-26 06:35:36,Credit Card,673.25,Completed,TXN-2398-2398
2399,2399,2026-04-04 16:43:01,Debit Card,2982.54,Completed,TXN-2399-2399
2400,2400,2026-07-16 21:57:46,Bank Transfer,947.92,Failed,
2401,2401,2026-06-15 01:45:55,Credit Card,1794.28,Pending,
2402,2402,2026-01-01 13:33:36,Debit Card,2329.01,Completed,TXN-2402-2402
2403,2403,2026-04-14 11:27:52,Bank Transfer,3212.11,Completed,TXN-2403-2403
2404,2404,2025-12-13 16:36:26,PayPal,993.38,Completed,TXN-2404-2404
2405,2405,2026-03-08 15:27:21,Bank Transfer,4307.64,Completed,TXN-2405-2405
2406,2406,2026-08-01 21:46:12,Bank Transfer,1814.52,Completed,TXN-2406-2406
2407,2407,2026-07-06 15:08:24,Cash on Delivery,2876.25,Completed,TXN-2407-2407
2408,2408,2026-04-09 13:25:44,PayPal,1750.83,Completed,TXN-2408-2408
2409,2409,2025-05-12 19:57:29,Cash on Delivery,1003.1,Completed,TXN-2409-2409
2410,2410,2026-04-04 22:03:40,PayPal,1041.38,Failed,
2411,2411,2025-12-09 03:35:31,Cash on Delivery,2277.78,Completed,TXN-2411-2411
2412,2412,2025-07-05 17:39:33,Bank Transfer,3032.3,Completed,TXN-2412-2412
2413,2413,2024-12-07 15:04:30,Credit Card,1272.2,Completed,TXN-2413-2413
2414,2414,2026-06-26 15:17:33,Credit Card,1988.36,Completed,TXN-2414-2414
2415,2415,2025-11-13 03:36:30,Debit Card,733.3,Completed,TXN-2415-2415
2416,2416,2026-05-22 04:13:03,Debit Card,584.38,Completed,TXN-2416-2416
2417,2417,2025-11-16 00:37:26,Debit Card,433.38,Completed,TXN-2417-2417
2418,2418,2026-04-09 21:58:10,Cash on Delivery,242.15,Completed,TXN-2418-2418
2419,2419,2025-09-06 14:09:23,Credit Card,1883.78,Completed,TXN-2419-2419
2420,2420,2026-03-12 06:10:35,Cash on Delivery,1584.52,Completed,TXN-2420-2420
2421,2421,2026-08-17 08:31:23,Bank Transfer,2524.73,Completed,TXN-2421-2421
2422,2422,2025-10-27 04:02:48,Cash on Delivery,50.02,Completed,TXN-2422-2422
2423,2423,2026-08-20 07:08:19,Bank Transfer,1273.2,Completed,TXN-2423-2423
2424,2424,2025-07-05 23:44:35,Bank Transfer,2399.43,Refunded,TXN-2424-2424
2425,2425,2026-02-19 17:58:46,Credit Card,1932.94,Completed,TXN-2425-2425
2426,2426,2024-11-27 23:17:12,Credit Card,1579.48,Pending,
2427,2427,2024-09-06 21:44:10,Debit Card,4120.98,Completed,TXN-2427-2427
2428,2428,2025-10-11 16:09:47,Credit Card,1540.78,Completed,TXN-2428-2428
2429,2429,2026-06-05 08:25:03,Credit Card,1103.57,Completed,TXN-2429-2429
2430,2430,2025-11-10 11:53:33,Cash on Delivery,358.48,Pending,
2431,2431,2024-05-21 04:53:56,Cash on Delivery,470.47,Completed,TXN-2431-2431
2432,2432,2025-07-17 23:47:14,Debit Card,2150.71,Completed,TXN-2432-2432
2433,2433,2026-04-25 05:31:45,Credit Card,997.21,Completed,TXN-2433-2433
2434,2434,2025-03-25 07:48:49,Credit Card,4080.1,Completed,TXN-2434-2434
2435,2435,2026-01-04 23:31:51,PayPal,2789.87,Completed,TXN-2435-2435
2436,2436,2025-04-26 14:51:45,Cash on Delivery,3135.79,Completed,TXN-2436-2436
2437,2437,2026-08-05 07:28:30,Credit Card,3939.09,Completed,TXN-2437-2437
2438,2438,2026-08-17 09:45:11,Debit Card,2696.06,Pending,
2439,2439,2025-09-15 08:32:58,Bank Transfer,1644.2,Completed,TXN-2439-2439
2440,2440,2026-05-26 08:02:31,Credit Card,2649.48,Completed,TXN-2440-2440
2441,2441,2026-01-21 03:02:52,Credit Card,61.54,Completed,TXN-2441-2441
2442,2442,2023-11-17 00:59:41,Cash on Delivery,304.29,Completed,TXN-2442-2442
2443,2443,2025-01-11 09:09:24,Bank Transfer,1795.87,Completed,TXN-2443-2443
2444,2444,2026-05-15 21:24:09,PayPal,2466.39,Completed,TXN-2444-2444
2445,2445,2024-12-05 14:48:55,Bank Transfer,1040.74,Completed,TXN-2445-2445
2446,2446,2026-08-24 23:53:52,Cash on Delivery,1055.73,Completed,TXN-2446-2446
2447,2447,2026-07-18 07:46:38,PayPal,2071.38,Completed,TXN-2447-2447
2448,2448,2026-02-10 12:20:02,Bank Transfer,3049.63,Completed,TXN-2448-2448
2449,2449,2026-05-24 14:02:37,Bank Transfer,1762.37,Completed,TXN-2449-2449
2450,2450,2025-06-26 00:40:39,PayPal,3099.15,Completed,TXN-2450-2450
2451,2451,2026-06-21 22:32:44,PayPal,2510.86,Completed,TXN-2451-2451
2452,2452,2025-05-01 06:22:25,Debit Card,1764.64,Completed,TXN-2452-2452
2453,2453,2026-06-10 21:36:11,Bank Transfer,1039.56,Pending,
2454,2454,2026-08-25 20:52:29,PayPal,4928.35,Failed,
2455,2455,2025-10-18 05:20:29,Cash on Delivery,1961.02,Completed,TXN-2455-2455
2456,2456,2026-07-15 01:39:05,Credit Card,106.31,Completed,TXN-2456-2456
2457,2457,2026-03-03 17:18:42,PayPal,2803.52,Completed,TXN-2457-2457
2458,2458,2025-08-25 00:00:05,Debit Card,1598.63,Completed,TXN-2458-2458
2459,2459,2024-07-12 19:58:11,Cash on Delivery,1064.58,Completed,TXN-2459-2459
2460,2460,2026-01-24 22:51:48,Debit Card,2671.49,Completed,TXN-2460-2460
2461,2461,2026-04-25 18:20:00,PayPal,2395.85,Completed,TXN-2461-2461
2462,2462,2026-05-21 14:46:26,Debit Card,658.15,Completed,TXN-2462-2462
2463,2463,2025-06-06 03:36:27,Debit Card,1859.27,Completed,TXN-2463-2463
2464,2464,2025-12-05 15:31:42,Debit Card,2281.64,Pending,
2465,2465,2025-12-19 03:53:34,PayPal,507.21,Completed,TXN-2465-2465
2466,2466,2025-12-22 22:53:19,PayPal,2725.18,Completed,TXN-2466-2466
2467,2467,2025-07-28 22:32:55,Cash on Delivery,2561.17,Completed,TXN-2467-2467
2468,2468,2026-03-22 17:17:45,Cash on Delivery,1698.74,Completed,TXN-2468-2468
2469,2469,2026-04-21 11:47:13,Debit Card,2637.34,Completed,TXN-2469-2469
2470,2470,2026-08-09 13:56:43,PayPal,1960.88,Completed,TXN-2470-2470
2471,2471,2026-07-14 11:44:19,Debit Card,4142.06,Completed,TXN-2471-2471
2472,2472,2026-01-28 04:24:09,Debit Card,518.43,Completed,TXN-2472-2472
2473,2473,2025-07-01 18:18:26,PayPal,1522.33,Completed,TXN-2473-2473
2474,2474,2025-05-28 21:28:41,Cash on Delivery,818.34,Completed,TXN-2474-2474
2475,2475,2026-05-19 05:34:12,Bank Transfer,1838.24,Completed,TXN-2475-2475
2476,2476,2025-01-15 03:57:42,PayPal,2459.86,Completed,TXN-2476-2476
2477,2477,2026-08-31 05:33:36,Debit Card,298.0,Completed,TXN-2477-2477
2478,2478,2026-04-04 20:38:00,Bank Transfer,969.11,Completed,TXN-2478-2478
2479,2479,2025-06-02 05:49:35,Debit Card,392.03,Completed,TXN-2479-2479
2480,2480,2026-03-24 07:50:20,Credit Card,3728.88,Pending,
2481,2481,2026-01-21 13:08:46,PayPal,2665.1,Completed,TXN-2481-2481
2482,2482,2026-02-22 22:24:48,Bank Transfer,1666.37,Pending,
2483,2483,2025-06-12 11:16:22,PayPal,991.24,Pending,
2484,2484,2024-12-07 04:40:45,Debit Card,921.83,Completed,TXN-2484-2484
2485,2485,2025-12-02 18:17:39,Credit Card,1119.15,Completed,TXN-2485-2485
2486,2486,2026-04-19 07:08:15,Debit Card,416.18,Completed,TXN-2486-2486
2487,2487,2026-04-10 01:08:37,Credit Card,3740.61,Completed,TXN-2487-2487
2488,2488,2026-01-29 05:49:28,Cash on Delivery,2097.74,Completed,TXN-2488-2488
2489,2489,2026-03-17 02:11:40,PayPal,520.37,Completed,TXN-2489-2489
2490,2490,2026-07-06 23:45:51,PayPal,1608.75,Completed,TXN-2490-2490
2491,2491,2025-06-09 22:37:17,Debit Card,3102.55,Completed,TXN-2491-2491
2492,2492,2025-02-24 23:15:48,Credit Card,2553.01,Completed,TXN-2492-2492
2493,2493,2026-08-30 23:00:00,Credit Card,894.76,Completed,TXN-2493-2493
2494,2494,2025-02-11 13:03:04,Credit Card,4795.25,Completed,TXN-2494-2494
2495,2495,2026-06-26 22:35:55,PayPal,2029.49,Completed,TXN-2495-2495
2496,2496,2025-01-27 15:36:40,Credit Card,871.47,Completed,TXN-2496-2496
2497,2497,2026-02-26 20:17:02,Cash on Delivery,2043.75,Completed,TXN-2497-2497
2498,2498,2026-05-16 15:22:02,Debit Card,320.9,Completed,TXN-2498-2498
2499,2499,2026-07-12 10:13:40,Cash on Delivery,3701.71,Completed,TXN-2499-2499
2500,2500,2026-07-20 22:41:31,Bank Transfer,1073.82,Completed,TXN-2500-2500
2501,2501,2025-06-13 16:53:18,Cash on Delivery,846.36,Pending,
2502,2502,2026-07-14 10:42:28,Cash on Delivery,5589.33,Completed,TXN-2502-2502
2503,2503,2024-07-24 00:31:52,Bank Transfer,3929.1,Completed,TXN-2503-2503
2504,2504,2024-04-26 06:36:49,Cash on Delivery,3887.38,Completed,TXN-2504-2504
2505,2505,2025-04-13 16:02:15,PayPal,942.09,Completed,TXN-2505-2505
2506,2506,2026-07-20 09:47:05,Bank Transfer,7049.73,Completed,TXN-2506-2506
2507,2507,2025-08-13 04:03:47,Debit Card,528.59,Completed,TXN-2507-2507
2508,2508,2026-08-20 12:52:39,Cash on Delivery,535.02,Completed,TXN-2508-2508
2509,2509,2026-02-23 20:02:01,Cash on Delivery,3559.12,Completed,TXN-2509-2509
2510,2510,2026-06-30 09:03:36,Credit Card,5900.19,Completed,TXN-2510-2510
2511,2511,2026-08-31 11:32:07,Debit Card,1383.52,Completed,TXN-2511-2511
2512,2512,2024-09-30 18:08:31,Bank Transfer,1449.44,Completed,TXN-2512-2512
2513,2513,2024-09-30 23:09:38,PayPal,1818.83,Completed,TXN-2513-2513
2514,2514,2026-06-12 09:22:35,PayPal,841.55,Pending,
2515,2515,2025-01-01 05:44:50,Credit Card,2857.31,Completed,TXN-2515-2515
2516,2516,2026-06-15 20:37:53,Debit Card,1418.64,Completed,TXN-2516-2516
2517,2517,2025-11-22 09:40:15,Bank Transfer,3181.55,Completed,TXN-2517-2517
2518,2518,2025-03-20 01:15:40,PayPal,1934.84,Pending,
2519,2519,2026-01-25 02:49:50,Credit Card,3956.8,Completed,TXN-2519-2519
2520,2520,2026-01-07 10:15:38,PayPal,2972.4,Completed,TXN-2520-2520
2521,2521,2026-08-05 13:04:57,Debit Card,3290.6,Completed,TXN-2521-2521
2522,2522,2024-12-15 06:03:28,Bank Transfer,1589.06,Completed,TXN-2522-2522
2523,2523,2026-06-22 06:47:16,Credit Card,3053.82,Failed,
2524,2524,2025-06-18 04:37:51,Bank Transfer,6327.5,Completed,TXN-2524-2524
2525,2525,2026-08-21 22:00:35,Credit Card,1460.57,Completed,TXN-2525-2525
2526,2526,2025-11-08 02:38:08,Credit Card,745.0,Completed,TXN-2526-2526
2527,2527,2026-02-07 21:19:24,Credit Card,1853.7,Completed,TXN-2527-2527
2528,2528,2025-09-09 15:35:18,Bank Transfer,5914.99,Completed,TXN-2528-2528
2529,2529,2025-12-16 05:57:19,Debit Card,891.31,Completed,TXN-2529-2529
2530,2530,2025-08-01 02:40:24,PayPal,4859.91,Completed,TXN-2530-2530
2531,2531,2026-01-04 18:46:45,Cash on Delivery,1833.57,Completed,TXN-2531-2531
2532,2532,2026-05-02 03:24:58,Cash on Delivery,1146.53,Completed,TXN-2532-2532
2533,2533,2026-06-05 15:08:47,Credit Card,1423.21,Completed,TXN-2533-2533
2534,2534,2024-12-22 18:07:13,Debit Card,1989.06,Completed,TXN-2534-2534
2535,2535,2026-04-03 06:28:52,Cash on Delivery,2360.77,Completed,TXN-2535-2535
2536,2536,2024-12-06 03:34:17,Credit Card,398.67,Completed,TXN-2536-2536
2537,2537,2026-02-01 16:09:12,Debit Card,1588.4,Completed,TXN-2537-2537
2538,2538,2026-08-11 21:53:21,Credit Card,399.05,Pending,
2539,2539,2024-10-25 01:59:00,Cash on Delivery,1423.4,Completed,TXN-2539-2539
2540,2540,2025-02-12 19:05:39,Bank Transfer,3929.28,Completed,TXN-2540-2540
2541,2541,2025-10-30 13:28:37,Debit Card,1967.57,Completed,TXN-2541-2541
2542,2542,2026-06-06 14:20:27,Debit Card,4844.28,Completed,TXN-2542-2542
2543,2543,2025-01-21 01:26:31,Credit Card,793.1,Completed,TXN-2543-2543
2544,2544,2026-06-21 22:38:25,PayPal,574.04,Completed,TXN-2544-2544
2545,2545,2026-03-30 02:19:09,Credit Card,788.26,Completed,TXN-2545-2545
2546,2546,2025-11-14 02:24:30,PayPal,116.32,Completed,TXN-2546-2546
2547,2547,2026-05-09 02:24:17,Bank Transfer,89.71,Completed,TXN-2547-2547
2548,2548,2026-07-28 15:48:19,Credit Card,4511.4,Completed,TXN-2548-2548
2549,2549,2026-07-07 02:49:28,Credit Card,981.65,Completed,TXN-2549-2549
2550,2550,2026-08-21 22:05:44,Bank Transfer,6334.76,Pending,
2551,2551,2024-12-07 07:23:40,Debit Card,646.0,Completed,TXN-2551-2551
2552,2552,2026-03-27 22:20:02,Credit Card,1548.84,Completed,TXN-2552-2552
2553,2553,2024-08-23 21:28:02,Credit Card,992.57,Completed,TXN-2553-2553
2554,2554,2025-09-28 08:06:19,Bank Transfer,736.29,Completed,TXN-2554-2554
2555,2555,2024-11-01 05:24:23,Debit Card,1084.04,Completed,TXN-2555-2555
2556,2556,2026-05-12 21:02:55,Debit Card,2297.27,Failed,
2557,2557,2026-05-06 20:03:53,Bank Transfer,1676.2,Completed,TXN-2557-2557
2558,2558,2026-04-14 15:54:07,Bank Transfer,816.8,Pending,
2559,2559,2025-05-01 19:44:08,Debit Card,3529.28,Pending,
2560,2560,2026-05-02 15:15:43,PayPal,932.22,Completed,TXN-2560-2560
2561,2561,2025-05-04 18:15:35,Debit Card,2556.71,Failed,
2562,2562,2026-03-19 18:51:19,Cash on Delivery,3161.75,Completed,TXN-2562-2562
2563,2563,2026-06-17 14:41:58,PayPal,3916.7,Completed,TXN-2563-2563
2564,2564,2025-05-05 08:26:30,Cash on Delivery,4150.17,Pending,
2565,2565,2025-07-24 08:40:52,Debit Card,1071.09,Completed,TXN-2565-2565
2566,2566,2025-10-18 18:17:10,Bank Transfer,4604.05,Completed,TXN-2566-2566
2567,2567,2026-03-12 08:48:55,PayPal,3436.17,Failed,
2568,2568,2026-07-02 19:42:55,Credit Card,2225.68,Completed,TXN-2568-2568
2569,2569,2024-01-03 00:44:19,PayPal,496.07,Completed,TXN-2569-2569
2570,2570,2026-05-24 05:43:07,Credit Card,1906.04,Completed,TXN-2570-2570
2571,2571,2024-12-07 01:12:44,Debit Card,1662.41,Completed,TXN-2571-2571
2572,2572,2025-04-15 16:02:17,Credit Card,720.49,Completed,TXN-2572-2572
2573,2573,2026-03-14 12:44:18,PayPal,1432.12,Refunded,TXN-2573-2573
2574,2574,2026-03-29 13:09:26,Debit Card,2051.55,Completed,TXN-2574-2574
2575,2575,2025-08-28 18:59:52,Debit Card,1049.23,Completed,TXN-2575-2575
2576,2576,2026-02-07 05:18:50,Cash on Delivery,2279.28,Completed,TXN-2576-2576
2577,2577,2026-04-18 15:24:57,PayPal,1921.7,Pending,
2578,2578,2025-10-27 04:09:25,Bank Transfer,429.56,Completed,TXN-2578-2578
2579,2579,2026-06-02 05:14:23,Debit Card,2068.26,Completed,TXN-2579-2579
2580,2580,2026-08-09 10:09:12,Cash on Delivery,123.08,Completed,TXN-2580-2580
2581,2581,2026-06-09 17:52:02,Cash on Delivery,2660.04,Completed,TXN-2581-2581
2582,2582,2025-10-15 01:19:39,Cash on Delivery,227.28,Completed,TXN-2582-2582
2583,2583,2026-08-19 20:07:57,PayPal,818.1,Completed,TXN-2583-2583
2584,2584,2026-06-14 06:03:49,Credit Card,557.82,Completed,TXN-2584-2584
2585,2585,2025-06-27 14:40:15,PayPal,4226.78,Completed,TXN-2585-2585
2586,2586,2026-02-22 11:31:31,Bank Transfer,1258.53,Completed,TXN-2586-2586
2587,2587,2026-01-23 02:41:32,Credit Card,5303.43,Completed,TXN-2587-2587
2588,2588,2026-02-16 13:21:53,PayPal,433.91,Completed,TXN-2588-2588
2589,2589,2025-12-30 00:35:54,PayPal,2442.94,Pending,
2590,2590,2025-10-15 17:25:03,Credit Card,2347.19,Completed,TXN-2590-2590
2591,2591,2025-11-30 06:18:30,Cash on Delivery,1230.83,Completed,TXN-2591-2591
2592,2592,2024-11-23 18:20:43,Debit Card,4196.83,Completed,TXN-2592-2592
2593,2593,2024-05-24 03:43:41,Debit Card,975.38,Completed,TXN-2593-2593
2594,2594,2024-12-04 13:07:38,Cash on Delivery,1888.94,Completed,TXN-2594-2594
2595,2595,2024-10-29 13:44:44,Cash on Delivery,2956.63,Completed,TXN-2595-2595
2596,2596,2026-04-03 14:59:32,Debit Card,793.5,Pending,
2597,2597,2025-02-27 22:51:46,Bank Transfer,870.68,Completed,TXN-2597-2597
2598,2598,2026-02-06 02:25:10,Debit Card,1675.49,Completed,TXN-2598-2598
2599,2599,2026-08-28 19:32:21,Debit Card,1115.42,Refunded,TXN-2599-2599
2600,2600,2026-09-01 15:24:11,PayPal,1362.22,Pending,
2601,2601,2026-03-07 09:35:18,PayPal,1158.7,Completed,TXN-2601-2601
2602,2602,2025-12-25 23:22:02,Debit Card,2150.99,Completed,TXN-2602-2602
2603,2603,2026-06-26 11:42:23,PayPal,2356.58,Completed,TXN-2603-2603
2604,2604,2026-06-16 10:03:04,Credit Card,4231.05,Completed,TXN-2604-2604
2605,2605,2025-11-11 09:23:16,PayPal,1021.65,Completed,TXN-2605-2605
2606,2606,2025-07-11 14:31:51,PayPal,1178.54,Completed,TXN-2606-2606
2607,2607,2026-05-12 13:15:19,PayPal,2049.08,Completed,TXN-2607-2607
2608,2608,2026-05-21 17:06:44,Bank Transfer,3508.94,Completed,TXN-2608-2608
2609,2609,2026-07-12 18:33:29,Bank Transfer,2000.22,Completed,TXN-2609-2609
2610,2610,2026-07-22 11:46:59,PayPal,3824.13,Refunded,TXN-2610-2610
2611,2611,2026-04-14 14:56:24,Credit Card,32.48,Failed,
2612,2612,2026-04-12 14:16:20,Bank Transfer,3182.06,Completed,TXN-2612-2612
2613,2613,2026-03-10 06:10:12,Credit Card,4806.04,Completed,TXN-2613-2613
2614,2614,2026-04-22 11:00:44,Cash on Delivery,538.12,Pending,
2615,2615,2026-08-21 02:19:45,Bank Transfer,1564.29,Failed,
2616,2616,2026-07-11 01:23:17,Debit Card,3439.64,Completed,TXN-2616-2616
2617,2617,2025-12-25 13:04:09,PayPal,1777.76,Pending,
2618,2618,2024-11-12 07:41:50,Bank Transfer,1721.57,Completed,TXN-2618-2618
2619,2619,2026-05-30 07:21:03,Debit Card,3608.92,Completed,TXN-2619-2619
2620,2620,2026-08-31 22:22:05,Debit Card,1430.12,Completed,TXN-2620-2620
2621,2621,2025-05-24 08:05:13,Bank Transfer,1250.5,Completed,TXN-2621-2621
2622,2622,2025-11-28 11:15:39,Debit Card,1310.71,Completed,TXN-2622-2622
2623,2623,2025-08-09 05:05:18,Debit Card,2695.55,Completed,TXN-2623-2623
2624,2624,2025-10-28 09:00:40,PayPal,353.08,Pending,
2625,2625,2025-12-30 11:01:50,Credit Card,4537.16,Completed,TXN-2625-2625
2626,2626,2026-04-10 10:38:42,Cash on Delivery,1567.04,Completed,TXN-2626-2626
2627,2627,2026-08-05 05:26:57,Bank Transfer,4977.13,Completed,TXN-2627-2627
2628,2628,2026-08-18 17:34:42,Bank Transfer,3829.17,Completed,TXN-2628-2628
2629,2629,2025-12-15 09:53:26,Cash on Delivery,1271.41,Completed,TXN-2629-2629
2630,2630,2026-07-15 13:07:38,Bank Transfer,2508.54,Completed,TXN-2630-2630
2631,2631,2026-03-17 22:59:58,PayPal,3028.56,Completed,TXN-2631-2631
2632,2632,2026-06-09 08:47:29,Debit Card,1193.52,Completed,TXN-2632-2632
2633,2633,2025-01-17 22:14:40,Bank Transfer,1909.74,Pending,
2634,2634,2026-08-03 05:24:09,Debit Card,44.87,Completed,TXN-2634-2634
2635,2635,2025-09-16 10:17:39,Cash on Delivery,1942.75,Completed,TXN-2635-2635
2636,2636,2026-03-16 20:07:33,Bank Transfer,112.96,Completed,TXN-2636-2636
2637,2637,2026-07-15 04:31:30,Bank Transfer,1167.22,Completed,TXN-2637-2637
2638,2638,2026-04-23 08:00:53,PayPal,7026.06,Failed,
2639,2639,2025-11-24 05:50:52,Bank Transfer,1710.87,Completed,TXN-2639-2639
2640,2640,2026-06-14 00:24:40,PayPal,1299.07,Completed,TXN-2640-2640
2641,2641,2026-06-07 21:02:51,Bank Transfer,2331.63,Completed,TXN-2641-2641
2642,2642,2026-01-22 11:20:31,PayPal,2844.36,Completed,TXN-2642-2642
2643,2643,2024-10-20 18:52:15,Cash on Delivery,2640.87,Completed,TXN-2643-2643
2644,2644,2024-11-08 01:59:39,Debit Card,176.54,Completed,TXN-2644-2644
2645,2645,2026-07-18 15:37:07,Debit Card,1176.58,Completed,TXN-2645-2645
2646,2646,2026-07-08 05:03:22,Bank Transfer,577.1,Completed,TXN-2646-2646
2647,2647,2026-01-04 11:18:19,Credit Card,2278.23,Completed,TXN-2647-2647
2648,2648,2025-12-08 19:13:37,Bank Transfer,5044.16,Completed,TXN-2648-2648
2649,2649,2026-06-16 06:26:53,Bank Transfer,1602.97,Completed,TXN-2649-2649
2650,2650,2026-07-15 11:36:20,Bank Transfer,1186.06,Pending,
2651,2651,2025-12-08 22:44:51,PayPal,810.4,Completed,TXN-2651-2651
2652,2652,2025-11-09 09:44:57,Debit Card,212.62,Pending,
2653,2653,2025-12-01 11:46:36,Credit Card,2311.03,Completed,TXN-2653-2653
2654,2654,2024-02-23 21:35:37,Bank Transfer,4832.02,Completed,TXN-2654-2654
2655,2655,2026-08-01 08:02:10,Debit Card,1745.3,Refunded,TXN-2655-2655
2656,2656,2025-04-22 05:33:40,Bank Transfer,4033.47,Completed,TXN-2656-2656
2657,2657,2024-02-28 22:42:43,Cash on Delivery,1266.16,Completed,TXN-2657-2657
2658,2658,2025-11-18 07:14:58,Credit Card,3649.46,Completed,TXN-2658-2658
2659,2659,2026-07-04 07:53:14,PayPal,2442.07,Completed,TXN-2659-2659
2660,2660,2026-08-08 18:41:05,Debit Card,2154.48,Completed,TXN-2660-2660
2661,2661,2026-07-21 06:06:15,Credit Card,77.39,Completed,TXN-2661-2661
2662,2662,2025-07-18 05:00:03,Credit Card,1923.69,Refunded,TXN-2662-2662
2663,2663,2024-08-16 04:46:22,Cash on Delivery,930.1,Completed,TXN-2663-2663
2664,2664,2026-06-24 05:49:24,Debit Card,2194.76,Completed,TXN-2664-2664
2665,2665,2026-06-13 00:21:20,Debit Card,1553.26,Completed,TXN-2665-2665
2666,2666,2026-06-06 05:33:20,Debit Card,1724.23,Completed,TXN-2666-2666
2667,2667,2026-08-31 11:32:29,Debit Card,601.43,Completed,TXN-2667-2667
2668,2668,2026-05-12 23:58:50,PayPal,3308.48,Completed,TXN-2668-2668
2669,2669,2025-10-07 03:10:18,Credit Card,1606.86,Failed,
2670,2670,2026-05-27 17:11:30,Credit Card,1706.93,Completed,TXN-2670-2670
2671,2671,2025-06-27 10:18:13,Debit Card,677.27,Completed,TXN-2671-2671
2672,2672,2024-03-01 10:31:44,Bank Transfer,1823.97,Completed,TXN-2672-2672
2673,2673,2024-11-27 11:44:58,Debit Card,2334.8,Completed,TXN-2673-2673
2674,2674,2026-08-10 09:02:57,Bank Transfer,63.88,Completed,TXN-2674-2674
2675,2675,2026-06-05 04:52:34,Cash on Delivery,915.58,Completed,TXN-2675-2675
2676,2676,2025-07-05 19:13:03,Bank Transfer,68.38,Completed,TXN-2676-2676
2677,2677,2023-12-30 03:58:44,PayPal,603.39,Completed,TXN-2677-2677
2678,2678,2025-10-23 08:40:15,Cash on Delivery,861.06,Completed,TXN-2678-2678
2679,2679,2026-07-04 16:03:30,Credit Card,3799.36,Completed,TXN-2679-2679
2680,2680,2026-04-29 05:25:40,Cash on Delivery,3560.54,Completed,TXN-2680-2680
2681,2681,2026-08-09 20:39:04,Debit Card,1577.28,Completed,TXN-2681-2681
2682,2682,2026-03-31 05:13:47,Cash on Delivery,61.8,Completed,TXN-2682-2682
2683,2683,2026-04-18 11:12:52,Bank Transfer,2331.91,Completed,TXN-2683-2683
2684,2684,2026-04-23 23:23:35,Cash on Delivery,656.58,Failed,
2685,2685,2026-02-04 05:43:25,Debit Card,3587.61,Completed,TXN-2685-2685
2686,2686,2025-10-11 15:09:58,Debit Card,464.7,Completed,TXN-2686-2686
2687,2687,2024-05-13 10:05:03,Bank Transfer,854.22,Completed,TXN-2687-2687
2688,2688,2026-03-23 00:41:43,PayPal,437.2,Pending,
2689,2689,2026-07-05 01:37:17,Credit Card,1629.2,Completed,TXN-2689-2689
2690,2690,2025-08-18 21:18:34,PayPal,679.46,Completed,TXN-2690-2690
2691,2691,2025-02-27 22:30:01,PayPal,1304.89,Completed,TXN-2691-2691
2692,2692,2025-12-22 10:13:50,PayPal,1264.92,Completed,TXN-2692-2692
2693,2693,2026-07-09 18:05:36,PayPal,1538.61,Completed,TXN-2693-2693
2694,2694,2025-10-15 19:40:26,Debit Card,1727.02,Completed,TXN-2694-2694
2695,2695,2026-06-09 11:54:59,Bank Transfer,2362.71,Completed,TXN-2695-2695
2696,2696,2026-07-18 19:49:22,Cash on Delivery,935.97,Completed,TXN-2696-2696
2697,2697,2026-06-22 17:22:16,Credit Card,2529.82,Refunded,TXN-2697-2697
2698,2698,2026-03-11 13:23:11,Credit Card,2447.24,Pending,
2699,2699,2025-09-25 06:49:55,Credit Card,3952.36,Completed,TXN-2699-2699
2700,2700,2025-07-23 14:52:37,PayPal,1821.02,Completed,TXN-2700-2700
2701,2701,2025-07-25 18:21:57,Cash on Delivery,132.89,Pending,
2702,2702,2025-01-21 19:30:05,Bank Transfer,3594.89,Completed,TXN-2702-2702
2703,2703,2026-03-19 02:37:40,Cash on Delivery,2654.09,Completed,TXN-2703-2703
2704,2704,2025-03-23 07:56:17,Debit Card,1460.29,Completed,TXN-2704-2704
2705,2705,2025-07-13 07:01:00,Cash on Delivery,1332.81,Refunded,TXN-2705-2705
2706,2706,2026-07-31 18:03:47,Cash on Delivery,1438.7,Refunded,TXN-2706-2706
2707,2707,2024-05-16 07:26:03,Credit Card,4410.06,Completed,TXN-2707-2707
2708,2708,2026-05-18 19:28:10,PayPal,2801.84,Completed,TXN-2708-2708
2709,2709,2025-07-04 15:28:08,Cash on Delivery,2246.1,Completed,TXN-2709-2709
2710,2710,2026-08-25 20:04:31,Debit Card,2337.07,Completed,TXN-2710-2710
2711,2711,2025-04-06 01:02:11,Debit Card,1689.51,Completed,TXN-2711-2711
2712,2712,2026-08-02 03:21:22,Debit Card,1335.35,Completed,TXN-2712-2712
2713,2713,2025-07-01 15:34:36,PayPal,69.06,Completed,TXN-2713-2713
2714,2714,2025-03-18 03:45:22,Cash on Delivery,1210.32,Completed,TXN-2714-2714
2715,2715,2026-06-13 03:53:31,PayPal,760.92,Completed,TXN-2715-2715
2716,2716,2026-06-20 19:10:51,Bank Transfer,2083.24,Completed,TXN-2716-2716
2717,2717,2026-07-24 19:34:19,PayPal,3168.92,Completed,TXN-2717-2717
2718,2718,2024-02-07 06:26:27,PayPal,176.54,Completed,TXN-2718-2718
2719,2719,2026-05-03 22:34:51,Cash on Delivery,542.39,Completed,TXN-2719-2719
2720,2720,2026-07-03 08:55:04,Credit Card,2580.11,Completed,TXN-2720-2720
2721,2721,2025-10-20 20:38:25,Cash on Delivery,2571.35,Completed,TXN-2721-2721
2722,2722,2026-08-11 00:37:51,Credit Card,51.97,Completed,TXN-2722-2722
2723,2723,2026-04-20 00:16:10,Cash on Delivery,2998.97,Completed,TXN-2723-2723
2724,2724,2026-04-11 17:19:41,Credit Card,4525.29,Pending,
2725,2725,2026-08-27 11:42:38,Credit Card,3862.98,Completed,TXN-2725-2725
2726,2726,2025-09-10 11:35:43,Debit Card,4200.96,Completed,TXN-2726-2726
2727,2727,2026-08-14 06:47:40,PayPal,1895.64,Pending,
2728,2728,2026-08-16 07:55:23,Cash on Delivery,1576.97,Completed,TXN-2728-2728
2729,2729,2026-08-15 14:19:46,Cash on Delivery,894.76,Completed,TXN-2729-2729
2730,2730,2026-09-01 10:48:46,Debit Card,4631.86,Completed,TXN-2730-2730
2731,2731,2025-09-13 00:43:14,Debit Card,1677.26,Completed,TXN-2731-2731
2732,2732,2026-01-30 06:10:07,Credit Card,668.87,Completed,TXN-2732-2732
2733,2733,2026-08-29 10:06:57,PayPal,3393.07,Pending,
2734,2734,2024-11-29 03:53:01,Cash on Delivery,137.3,Completed,TXN-2734-2734
2735,2735,2024-12-25 18:42:45,Credit Card,167.71,Completed,TXN-2735-2735
2736,2736,2025-09-26 16:58:28,Cash on Delivery,855.84,Completed,TXN-2736-2736
2737,2737,2024-11-01 00:08:40,PayPal,1398.58,Completed,TXN-2737-2737
2738,2738,2026-08-04 21:44:12,Credit Card,2426.28,Pending,
2739,2739,2024-10-07 21:59:35,PayPal,913.84,Completed,TXN-2739-2739
2740,2740,2025-08-17 02:49:40,Credit Card,164.1,Completed,TXN-2740-2740
2741,2741,2026-07-17 11:29:54,Cash on Delivery,1316.3,Completed,TXN-2741-2741
2742,2742,2025-02-05 00:09:42,PayPal,3097.55,Completed,TXN-2742-2742
2743,2743,2026-08-14 09:23:48,Cash on Delivery,777.52,Completed,TXN-2743-2743
2744,2744,2026-07-17 03:58:58,PayPal,50.55,Pending,
2745,2745,2026-07-30 01:32:50,Bank Transfer,2563.69,Completed,TXN-2745-2745
2746,2746,2024-10-04 00:35:20,Credit Card,1332.8,Completed,TXN-2746-2746
2747,2747,2025-08-20 18:53:40,PayPal,2807.88,Completed,TXN-2747-2747
2748,2748,2024-10-19 13:43:55,PayPal,258.32,Pending,
2749,2749,2025-09-21 15:13:46,Bank Transfer,601.43,Completed,TXN-2749-2749
2750,2750,2026-05-20 17:29:03,Credit Card,358.48,Completed,TXN-2750-2750
2751,2751,2026-05-03 06:19:34,Debit Card,1361.47,Completed,TXN-2751-2751
2752,2752,2025-01-17 17:08:49,Debit Card,2229.6,Completed,TXN-2752-2752
2753,2753,2025-10-03 05:16:28,Bank Transfer,2020.4,Completed,TXN-2753-2753
2754,2754,2026-03-08 05:19:41,Bank Transfer,915.58,Completed,TXN-2754-2754
2755,2755,2025-08-09 04:45:13,Cash on Delivery,834.02,Completed,TXN-2755-2755
2756,2756,2026-08-21 16:20:49,Bank Transfer,1536.79,Completed,TXN-2756-2756
2757,2757,2026-03-11 08:17:44,Bank Transfer,2304.59,Pending,
2758,2758,2026-05-26 10:40:13,PayPal,4935.55,Completed,TXN-2758-2758
2759,2759,2025-07-29 19:39:24,Bank Transfer,1991.54,Completed,TXN-2759-2759
2760,2760,2026-06-07 22:43:08,PayPal,2864.33,Completed,TXN-2760-2760
2761,2761,2026-03-15 20:30:58,Cash on Delivery,4127.04,Completed,TXN-2761-2761
2762,2762,2024-10-30 13:15:19,PayPal,1585.99,Completed,TXN-2762-2762
2763,2763,2024-10-23 11:41:57,Debit Card,835.26,Completed,TXN-2763-2763
2764,2764,2024-01-01 14:07:31,PayPal,2717.85,Completed,TXN-2764-2764
2765,2765,2026-05-16 07:06:53,Bank Transfer,2041.5,Completed,TXN-2765-2765
2766,2766,2026-08-24 21:18:27,Cash on Delivery,286.78,Pending,
2767,2767,2026-03-29 06:49:17,PayPal,1989.06,Pending,
2768,2768,2024-08-20 10:47:33,PayPal,746.47,Pending,
2769,2769,2025-08-25 14:16:06,Credit Card,546.84,Completed,TXN-2769-2769
2770,2770,2026-06-06 16:59:24,PayPal,2508.48,Completed,TXN-2770-2770
2771,2771,2025-07-26 07:19:29,Cash on Delivery,1479.24,Completed,TXN-2771-2771
2772,2772,2026-04-07 22:02:03,Bank Transfer,713.66,Completed,TXN-2772-2772
2773,2773,2026-01-12 04:52:11,Cash on Delivery,4132.91,Completed,TXN-2773-2773
2774,2774,2026-04-20 11:56:35,Credit Card,896.92,Completed,TXN-2774-2774
2775,2775,2025-05-29 11:09:56,Bank Transfer,391.72,Refunded,TXN-2775-2775
2776,2776,2025-11-18 07:17:22,Bank Transfer,2987.95,Completed,TXN-2776-2776
2777,2777,2026-08-03 16:44:33,PayPal,3041.65,Completed,TXN-2777-2777
2778,2778,2024-07-02 01:57:36,Cash on Delivery,1461.8,Completed,TXN-2778-2778
2779,2779,2025-09-26 16:21:02,Bank Transfer,351.86,Completed,TXN-2779-2779
2780,2780,2025-01-24 19:58:37,PayPal,2524.26,Completed,TXN-2780-2780
2781,2781,2025-09-16 12:09:08,Credit Card,1012.79,Completed,TXN-2781-2781
2782,2782,2026-03-08 22:21:20,Debit Card,1036.46,Completed,TXN-2782-2782
2783,2783,2025-09-14 21:17:39,Bank Transfer,3345.77,Completed,TXN-2783-2783
2784,2784,2026-05-31 10:47:17,Credit Card,1197.47,Completed,TXN-2784-2784
2785,2785,2026-07-19 01:06:30,PayPal,339.73,Completed,TXN-2785-2785
2786,2786,2026-06-07 02:18:21,Bank Transfer,2390.26,Completed,TXN-2786-2786
2787,2787,2026-07-11 23:30:58,Bank Transfer,1605.69,Completed,TXN-2787-2787
2788,2788,2026-08-21 03:33:00,Cash on Delivery,3236.3,Completed,TXN-2788-2788
2789,2789,2025-02-10 05:22:30,Bank Transfer,3777.88,Refunded,TXN-2789-2789
2790,2790,2026-07-02 13:27:06,PayPal,447.86,Completed,TXN-2790-2790
2791,2791,2026-07-15 20:10:10,PayPal,3194.98,Pending,
2792,2792,2026-08-17 03:30:02,Bank Transfer,176.54,Completed,TXN-2792-2792
2793,2793,2025-11-16 14:56:20,Debit Card,3774.69,Completed,TXN-2793-2793
2794,2794,2026-02-27 13:23:39,PayPal,916.81,Completed,TXN-2794-2794
2795,2795,2025-09-27 20:35:46,Credit Card,530.04,Pending,
2796,2796,2026-08-23 16:08:37,Debit Card,382.37,Completed,TXN-2796-2796
2797,2797,2026-06-12 12:12:08,Credit Card,321.21,Completed,TXN-2797-2797
2798,2798,2026-07-01 16:04:38,Debit Card,4916.97,Completed,TXN-2798-2798
2799,2799,2025-07-29 01:19:26,Cash on Delivery,1029.38,Completed,TXN-2799-2799
2800,2800,2026-08-25 00:50:47,Credit Card,1040.74,Completed,TXN-2800-2800
2801,2801,2026-04-10 14:49:00,Bank Transfer,371.34,Completed,TXN-2801-2801
2802,2802,2025-04-12 10:19:32,Credit Card,358.48,Pending,
2803,2803,2026-04-22 09:33:45,Debit Card,1167.22,Refunded,TXN-2803-2803
2804,2804,2026-04-25 20:20:26,Credit Card,6248.54,Completed,TXN-2804-2804
2805,2805,2024-09-24 11:03:35,Bank Transfer,793.16,Completed,TXN-2805-2805
2806,2806,2024-11-20 20:29:05,Bank Transfer,2250.22,Completed,TXN-2806-2806
2807,2807,2026-03-24 05:44:33,PayPal,132.89,Completed,TXN-2807-2807
2808,2808,2024-10-10 21:07:27,Credit Card,231.57,Completed,TXN-2808-2808
2809,2809,2026-05-22 11:15:24,Cash on Delivery,1853.23,Completed,TXN-2809-2809
2810,2810,2026-05-12 06:30:06,Credit Card,972.83,Completed,TXN-2810-2810
2811,2811,2025-10-31 06:46:39,Credit Card,255.83,Completed,TXN-2811-2811
2812,2812,2026-07-06 04:24:31,Credit Card,643.25,Completed,TXN-2812-2812
2813,2813,2026-03-25 19:10:00,PayPal,7931.35,Completed,TXN-2813-2813
2814,2814,2025-01-11 13:06:07,Credit Card,2157.68,Completed,TXN-2814-2814
2815,2815,2026-07-31 04:15:23,Cash on Delivery,2460.29,Completed,TXN-2815-2815
2816,2816,2026-05-08 05:05:37,Bank Transfer,824.02,Completed,TXN-2816-2816
2817,2817,2026-02-21 14:29:09,Bank Transfer,1419.26,Completed,TXN-2817-2817
2818,2818,2024-08-11 05:06:27,Debit Card,2097.31,Completed,TXN-2818-2818
2819,2819,2026-01-22 18:55:18,Debit Card,2527.68,Pending,
2820,2820,2026-06-17 13:33:29,PayPal,435.24,Completed,TXN-2820-2820
2821,2821,2024-10-28 17:06:25,PayPal,1613.27,Pending,
2822,2822,2024-07-13 03:22:50,Debit Card,2598.67,Completed,TXN-2822-2822
2823,2823,2026-06-06 23:31:50,Credit Card,5265.16,Pending,
2824,2824,2025-08-05 18:24:20,Credit Card,931.41,Completed,TXN-2824-2824
2825,2825,2026-02-09 06:01:50,Debit Card,2998.96,Completed,TXN-2825-2825
2826,2826,2024-09-26 11:59:10,Credit Card,1752.35,Completed,TXN-2826-2826
2827,2827,2024-12-26 04:01:00,Credit Card,3769.18,Completed,TXN-2827-2827
2828,2828,2026-03-28 20:21:18,Debit Card,2377.6,Completed,TXN-2828-2828
2829,2829,2023-11-29 23:36:47,Cash on Delivery,3112.02,Pending,
2830,2830,2026-06-23 20:00:33,Bank Transfer,3007.96,Completed,TXN-2830-2830
2831,2831,2026-01-13 20:17:52,Cash on Delivery,635.84,Pending,
2832,2832,2026-08-06 15:23:46,Credit Card,1048.89,Completed,TXN-2832-2832
2833,2833,2026-08-02 21:23:55,Credit Card,1016.34,Pending,
2834,2834,2026-03-29 21:30:03,Credit Card,4753.03,Completed,TXN-2834-2834
2835,2835,2026-08-14 11:37:45,PayPal,1116.5,Completed,TXN-2835-2835
2836,2836,2024-06-16 17:22:49,PayPal,2679.36,Completed,TXN-2836-2836
2837,2837,2024-07-10 12:11:35,Debit Card,664.2,Completed,TXN-2837-2837
2838,2838,2026-01-19 08:09:00,PayPal,2454.3,Refunded,TXN-2838-2838
2839,2839,2026-02-28 15:34:18,Cash on Delivery,1319.08,Completed,TXN-2839-2839
2840,2840,2026-08-11 15:47:28,Bank Transfer,1113.96,Completed,TXN-2840-2840
2841,2841,2025-04-18 15:32:16,Cash on Delivery,2110.32,Completed,TXN-2841-2841
2842,2842,2025-02-01 22:31:37,Debit Card,1060.03,Completed,TXN-2842-2842
2843,2843,2026-06-01 21:06:01,Credit Card,2078.69,Completed,TXN-2843-2843
2844,2844,2025-06-03 04:59:34,Bank Transfer,3195.97,Completed,TXN-2844-2844
2845,2845,2026-05-08 03:39:08,Cash on Delivery,138.13,Completed,TXN-2845-2845
2846,2846,2026-05-13 06:25:57,Credit Card,581.74,Completed,TXN-2846-2846
2847,2847,2026-08-10 17:37:33,Cash on Delivery,1907.95,Refunded,TXN-2847-2847
2848,2848,2026-05-14 07:49:44,Bank Transfer,1796.57,Completed,TXN-2848-2848
2849,2849,2026-01-06 16:32:09,Bank Transfer,1937.16,Completed,TXN-2849-2849
2850,2850,2026-07-08 05:01:31,Debit Card,1757.54,Completed,TXN-2850-2850
2851,2851,2026-02-15 06:45:23,PayPal,2909.3,Completed,TXN-2851-2851
2852,2852,2026-07-20 02:31:03,Debit Card,994.78,Pending,
2853,2853,2026-03-31 01:49:31,PayPal,43.21,Completed,TXN-2853-2853
2854,2854,2026-06-25 21:07:11,PayPal,678.11,Completed,TXN-2854-2854
2855,2855,2024-05-30 21:55:53,PayPal,2541.8,Completed,TXN-2855-2855
2856,2856,2025-09-04 00:03:58,Cash on Delivery,1167.24,Refunded,TXN-2856-2856
2857,2857,2025-09-26 04:51:04,Debit Card,1851.38,Completed,TXN-2857-2857
2858,2858,2026-07-02 10:41:21,PayPal,3511.65,Completed,TXN-2858-2858
2859,2859,2025-12-25 12:41:29,Debit Card,5025.0,Completed,TXN-2859-2859
2860,2860,2025-12-31 13:39:31,Credit Card,3949.61,Refunded,TXN-2860-2860
2861,2861,2025-04-08 02:23:44,Cash on Delivery,1733.29,Completed,TXN-2861-2861
2862,2862,2026-08-12 12:26:17,Debit Card,3460.82,Completed,TXN-2862-2862
2863,2863,2026-07-20 02:42:02,Debit Card,1989.06,Completed,TXN-2863-2863
2864,2864,2026-08-07 01:32:33,Bank Transfer,2790.61,Completed,TXN-2864-2864
2865,2865,2026-08-12 06:30:45,PayPal,3338.59,Completed,TXN-2865-2865
2866,2866,2026-03-31 23:55:00,Bank Transfer,2489.71,Completed,TXN-2866-2866
2867,2867,2025-05-05 12:19:24,Bank Transfer,1723.79,Completed,TXN-2867-2867
2868,2868,2025-05-14 18:15:14,Credit Card,72.7,Pending,
2869,2869,2026-06-03 06:18:46,Debit Card,245.92,Completed,TXN-2869-2869
2870,2870,2024-05-20 17:03:04,Bank Transfer,206.74,Completed,TXN-2870-2870
2871,2871,2026-07-08 08:50:03,PayPal,1549.41,Completed,TXN-2871-2871
2872,2872,2025-02-20 08:58:22,Bank Transfer,1474.13,Completed,TXN-2872-2872
2873,2873,2025-04-29 04:17:08,Debit Card,1028.23,Completed,TXN-2873-2873
2874,2874,2025-11-20 15:30:37,PayPal,1132.71,Completed,TXN-2874-2874
2875,2875,2026-07-25 02:57:18,Debit Card,1266.38,Completed,TXN-2875-2875
2876,2876,2025-06-08 14:58:43,Credit Card,255.83,Completed,TXN-2876-2876
2877,2877,2026-08-20 10:24:58,Credit Card,456.92,Completed,TXN-2877-2877
2878,2878,2026-01-08 12:30:40,PayPal,2287.43,Completed,TXN-2878-2878
2879,2879,2026-03-14 23:22:41,Bank Transfer,1125.53,Completed,TXN-2879-2879
2880,2880,2026-08-03 23:17:17,Bank Transfer,2566.53,Completed,TXN-2880-2880
2881,2881,2025-03-10 21:31:47,PayPal,1171.41,Failed,
2882,2882,2024-12-14 02:42:30,Debit Card,2022.84,Completed,TXN-2882-2882
2883,2883,2026-05-21 10:25:54,Bank Transfer,2798.43,Completed,TXN-2883-2883
2884,2884,2026-04-26 12:02:13,Credit Card,557.91,Pending,
2885,2885,2025-07-23 01:03:40,PayPal,5153.76,Completed,TXN-2885-2885
2886,2886,2025-09-28 15:22:49,PayPal,669.37,Completed,TXN-2886-2886
2887,2887,2026-08-08 02:34:03,Credit Card,1341.82,Completed,TXN-2887-2887
2888,2888,2026-02-28 09:02:20,Bank Transfer,1209.74,Completed,TXN-2888-2888
2889,2889,2024-02-19 20:44:17,Cash on Delivery,1757.36,Completed,TXN-2889-2889
2890,2890,2026-05-06 14:57:09,Cash on Delivery,5880.03,Completed,TXN-2890-2890
2891,2891,2026-06-23 14:13:00,Bank Transfer,1480.82,Completed,TXN-2891-2891
2892,2892,2026-01-31 04:59:38,Debit Card,854.22,Completed,TXN-2892-2892
2893,2893,2026-08-17 00:19:45,Debit Card,586.27,Completed,TXN-2893-2893
2894,2894,2025-04-06 23:10:54,Credit Card,713.62,Completed,TXN-2894-2894
2895,2895,2025-09-16 11:17:49,Debit Card,459.02,Pending,
2896,2896,2026-07-03 21:53:00,Debit Card,256.02,Completed,TXN-2896-2896
2897,2897,2026-08-15 00:56:21,PayPal,2151.38,Refunded,TXN-2897-2897
2898,2898,2026-03-14 19:11:22,Debit Card,2803.45,Completed,TXN-2898-2898
2899,2899,2026-01-14 17:04:19,Debit Card,3147.04,Completed,TXN-2899-2899
2900,2900,2026-09-01 09:26:55,Cash on Delivery,1894.86,Completed,TXN-2900-2900
2901,2901,2024-08-16 14:25:55,Credit Card,2401.27,Completed,TXN-2901-2901
2902,2902,2024-06-19 21:13:06,PayPal,2509.62,Completed,TXN-2902-2902
2903,2903,2026-07-24 18:39:49,Cash on Delivery,1264.3,Completed,TXN-2903-2903
2904,2904,2025-02-28 06:54:33,PayPal,1939.0,Completed,TXN-2904-2904
2905,2905,2026-06-19 22:32:51,PayPal,4690.63,Completed,TXN-2905-2905
2906,2906,2024-11-04 13:30:53,Cash on Delivery,3050.28,Completed,TXN-2906-2906
2907,2907,2024-07-23 14:09:39,Cash on Delivery,4163.39,Completed,TXN-2907-2907
2908,2908,2026-08-30 06:52:27,PayPal,1954.13,Completed,TXN-2908-2908
2909,2909,2026-03-05 17:53:49,Cash on Delivery,3027.35,Completed,TXN-2909-2909
2910,2910,2025-09-27 19:06:42,Credit Card,1420.06,Completed,TXN-2910-2910
2911,2911,2026-06-09 08:29:08,Debit Card,662.55,Completed,TXN-2911-2911
2912,2912,2025-05-04 00:22:32,Credit Card,2162.55,Pending,
2913,2913,2026-01-01 12:45:03,Cash on Delivery,607.8,Completed,TXN-2913-2913
2914,2914,2026-06-29 01:43:54,PayPal,1184.21,Completed,TXN-2914-2914
2915,2915,2025-12-18 09:57:48,PayPal,3103.15,Completed,TXN-2915-2915
2916,2916,2026-03-23 22:36:00,Debit Card,1289.89,Completed,TXN-2916-2916
2917,2917,2026-08-06 12:41:04,PayPal,1014.59,Completed,TXN-2917-2917
2918,2918,2026-07-06 03:07:53,Cash on Delivery,3740.01,Completed,TXN-2918-2918
2919,2919,2026-07-04 15:33:35,Cash on Delivery,320.79,Completed,TXN-2919-2919
2920,2920,2025-11-09 09:55:45,Debit Card,879.37,Pending,
2921,2921,2026-03-18 00:54:42,Cash on Delivery,1467.27,Completed,TXN-2921-2921
2922,2922,2026-04-22 21:40:03,Bank Transfer,2334.24,Completed,TXN-2922-2922
2923,2923,2026-02-01 20:19:38,PayPal,1231.64,Completed,TXN-2923-2923
2924,2924,2026-06-15 11:58:07,PayPal,1708.44,Completed,TXN-2924-2924
2925,2925,2026-03-26 21:13:12,PayPal,1599.95,Completed,TXN-2925-2925
2926,2926,2026-08-26 12:35:54,Credit Card,662.55,Completed,TXN-2926-2926
2927,2927,2026-08-30 19:56:40,Debit Card,1158.62,Completed,TXN-2927-2927
2928,2928,2026-01-04 23:29:16,Credit Card,7900.79,Pending,
2929,2929,2025-12-02 02:46:58,PayPal,1917.62,Completed,TXN-2929-2929
2930,2930,2024-09-06 15:48:42,Cash on Delivery,1517.52,Completed,TXN-2930-2930
2931,2931,2026-06-09 02:12:44,Credit Card,2453.96,Failed,
2932,2932,2025-12-20 06:45:36,PayPal,658.15,Completed,TXN-2932-2932
2933,2933,2025-07-18 14:50:10,Credit Card,677.11,Completed,TXN-2933-2933
2934,2934,2025-12-27 04:34:17,Debit Card,4999.35,Completed,TXN-2934-2934
2935,2935,2026-08-31 09:04:26,Bank Transfer,1298.05,Completed,TXN-2935-2935
2936,2936,2026-04-08 14:09:40,Debit Card,4576.58,Completed,TXN-2936-2936
2937,2937,2026-03-26 09:53:00,Credit Card,1135.12,Completed,TXN-2937-2937
2938,2938,2025-07-23 01:11:43,Debit Card,803.38,Completed,TXN-2938-2938
2939,2939,2026-06-19 00:35:20,Cash on Delivery,4092.91,Completed,TXN-2939-2939
2940,2940,2026-06-25 14:09:50,Debit Card,32.48,Failed,
2941,2941,2026-08-02 10:03:47,Cash on Delivery,2824.94,Completed,TXN-2941-2941
2942,2942,2026-07-03 06:57:33,Cash on Delivery,1687.24,Pending,
2943,2943,2026-05-02 05:30:55,Debit Card,831.81,Completed,TXN-2943-2943
2944,2944,2025-01-26 06:08:51,Bank Transfer,322.74,Completed,TXN-2944-2944
2945,2945,2026-08-29 20:00:17,Debit Card,883.85,Completed,TXN-2945-2945
2946,2946,2025-01-06 19:51:46,Cash on Delivery,3252.29,Completed,TXN-2946-2946
2947,2947,2025-03-26 09:39:06,Cash on Delivery,3957.81,Failed,
2948,2948,2025-12-07 05:36:19,PayPal,1052.62,Completed,TXN-2948-2948
2949,2949,2025-04-15 08:30:53,Debit Card,1067.03,Refunded,TXN-2949-2949
2950,2950,2026-08-18 16:06:43,Cash on Delivery,2697.03,Completed,TXN-2950-2950
2951,2951,2026-02-26 01:38:44,Cash on Delivery,194.63,Pending,
2952,2952,2026-06-11 18:43:05,Bank Transfer,915.58,Completed,TXN-2952-2952
2953,2953,2026-08-14 06:09:04,Credit Card,3416.28,Completed,TXN-2953-2953
2954,2954,2024-08-07 01:07:42,Debit Card,1629.24,Completed,TXN-2954-2954
2955,2955,2026-02-22 20:18:30,PayPal,947.92,Completed,TXN-2955-2955
2956,2956,2026-06-17 15:40:33,Cash on Delivery,864.21,Completed,TXN-2956-2956
2957,2957,2025-09-01 06:51:18,PayPal,1079.75,Completed,TXN-2957-2957
2958,2958,2026-03-24 13:34:03,Credit Card,6797.47,Completed,TXN-2958-2958
2959,2959,2026-06-25 17:05:46,Credit Card,3657.08,Completed,TXN-2959-2959
2960,2960,2025-03-23 06:25:12,Bank Transfer,1625.04,Failed,
2961,2961,2026-06-14 21:03:47,PayPal,456.92,Completed,TXN-2961-2961
2962,2962,2026-02-17 10:20:58,PayPal,368.77,Completed,TXN-2962-2962
2963,2963,2025-08-26 13:28:36,Bank Transfer,1808.36,Completed,TXN-2963-2963
2964,2964,2026-08-16 03:33:37,Cash on Delivery,3669.83,Completed,TXN-2964-2964
2965,2965,2024-11-26 02:45:06,Debit Card,1342.71,Completed,TXN-2965-2965
2966,2966,2026-07-26 06:36:12,Debit Card,2661.96,Completed,TXN-2966-2966
2967,2967,2026-06-12 11:49:04,Credit Card,3450.12,Completed,TXN-2967-2967
2968,2968,2025-06-25 23:17:46,Credit Card,3579.09,Completed,TXN-2968-2968
2969,2969,2026-05-21 01:00:05,PayPal,724.73,Completed,TXN-2969-2969
2970,2970,2026-05-20 17:47:56,Debit Card,1767.47,Completed,TXN-2970-2970
2971,2971,2026-06-10 06:48:19,Cash on Delivery,6383.44,Completed,TXN-2971-2971
2972,2972,2026-08-18 06:55:25,Cash on Delivery,2568.84,Completed,TXN-2972-2972
2973,2973,2025-10-17 13:47:49,Cash on Delivery,1688.1,Completed,TXN-2973-2973
2974,2974,2025-03-15 02:11:42,Cash on Delivery,2478.07,Completed,TXN-2974-2974
2975,2975,2026-09-01 22:16:03,Bank Transfer,667.55,Completed,TXN-2975-2975
2976,2976,2026-05-20 08:06:55,PayPal,569.77,Completed,TXN-2976-2976
2977,2977,2026-04-01 02:35:17,Credit Card,5181.55,Completed,TXN-2977-2977
2978,2978,2026-06-24 06:21:08,Credit Card,1903.61,Completed,TXN-2978-2978
2979,2979,2026-01-08 07:55:58,Credit Card,2049.08,Completed,TXN-2979-2979
2980,2980,2024-08-07 20:22:40,Cash on Delivery,4011.84,Completed,TXN-2980-2980
2981,2981,2026-06-12 06:21:47,Cash on Delivery,240.9,Completed,TXN-2981-2981
2982,2982,2025-12-15 04:15:25,Cash on Delivery,1474.84,Completed,TXN-2982-2982
2983,2983,2026-02-21 10:42:03,Debit Card,2524.74,Completed,TXN-2983-2983
2984,2984,2026-08-27 13:20:55,Credit Card,1939.91,Completed,TXN-2984-2984
2985,2985,2026-07-23 11:35:11,Debit Card,2962.66,Failed,
2986,2986,2026-01-12 07:09:03,Cash on Delivery,2701.71,Completed,TXN-2986-2986
2987,2987,2026-03-23 18:09:17,Cash on Delivery,145.4,Pending,
2988,2988,2026-07-18 10:52:54,Bank Transfer,994.53,Completed,TXN-2988-2988
2989,2989,2025-07-22 18:24:23,Credit Card,1168.76,Completed,TXN-2989-2989
2990,2990,2024-04-30 16:56:01,PayPal,749.21,Completed,TXN-2990-2990
2991,2991,2026-05-07 06:41:31,Credit Card,1947.56,Completed,TXN-2991-2991
2992,2992,2026-08-28 13:18:55,Cash on Delivery,347.8,Completed,TXN-2992-2992
2993,2993,2026-02-12 02:29:54,Debit Card,1347.15,Failed,
2994,2994,2026-02-10 06:25:08,Cash on Delivery,976.3,Completed,TXN-2994-2994
2995,2995,2024-10-20 05:55:28,Credit Card,2191.54,Completed,TXN-2995-2995
2996,2996,2025-12-06 18:41:03,Cash on Delivery,184.38,Completed,TXN-2996-2996
2997,2997,2026-02-11 03:45:00,Cash on Delivery,1260.05,Pending,
2998,2998,2026-06-21 05:55:17,Cash on Delivery,1795.72,Completed,TXN-2998-2998
2999,2999,2026-02-04 10:06:37,Debit Card,1688.94,Completed,TXN-2999-2999
3000,3000,2026-03-08 05:52:22,Debit Card,947.57,Completed,TXN-3000-3000
3001,3001,2024-10-16 20:01:51,PayPal,6469.93,Completed,TXN-3001-3001
3002,3002,2026-07-28 10:08:18,Debit Card,4095.22,Pending,
3003,3003,2025-07-29 05:40:48,Bank Transfer,149.0,Completed,TXN-3003-3003
3004,3004,2026-04-03 06:10:09,Bank Transfer,1286.4,Refunded,TXN-3004-3004
3005,3005,2026-08-08 22:19:52,Debit Card,2095.92,Completed,TXN-3005-3005
3006,3006,2026-01-30 23:12:17,Debit Card,1558.54,Completed,TXN-3006-3006
3007,3007,2025-02-28 02:02:10,Bank Transfer,1316.64,Completed,TXN-3007-3007
3008,3008,2026-06-25 20:35:49,Debit Card,1869.99,Completed,TXN-3008-3008
3009,3009,2025-08-29 12:30:41,Credit Card,802.31,Refunded,TXN-3009-3009
3010,3010,2026-02-16 03:35:05,PayPal,194.63,Completed,TXN-3010-3010
3011,3011,2026-04-30 21:28:53,Cash on Delivery,3492.42,Completed,TXN-3011-3011
3012,3012,2026-05-31 18:43:46,Bank Transfer,1036.66,Failed,
3013,3013,2026-06-25 17:20:39,Debit Card,2019.04,Completed,TXN-3013-3013
3014,3014,2026-08-18 03:12:07,Cash on Delivery,2237.54,Completed,TXN-3014-3014
3015,3015,2025-04-25 17:36:57,Cash on Delivery,4224.6,Refunded,TXN-3015-3015
3016,3016,2025-10-16 06:06:22,Debit Card,2181.39,Completed,TXN-3016-3016
3017,3017,2026-08-09 23:43:35,Credit Card,1091.39,Completed,TXN-3017-3017
3018,3018,2024-08-17 16:13:26,PayPal,358.48,Pending,
3019,3019,2026-03-24 00:40:14,Bank Transfer,994.53,Pending,
3020,3020,2026-04-25 12:27:17,Debit Card,1401.32,Completed,TXN-3020-3020
3021,3021,2025-01-30 00:23:57,PayPal,3799.24,Completed,TXN-3021-3021
3022,3022,2024-06-20 10:06:24,Cash on Delivery,2515.13,Completed,TXN-3022-3022
3023,3023,2026-06-01 17:20:28,Credit Card,739.0,Completed,TXN-3023-3023
3024,3024,2025-09-16 03:59:35,Credit Card,176.54,Completed,TXN-3024-3024
3025,3025,2026-05-31 09:00:51,Credit Card,374.42,Completed,TXN-3025-3025
3026,3026,2025-01-12 12:15:01,Debit Card,978.2,Completed,TXN-3026-3026
3027,3027,2026-08-26 17:51:49,Credit Card,1092.12,Completed,TXN-3027-3027
3028,3028,2024-11-26 01:22:55,Debit Card,427.54,Failed,
3029,3029,2026-07-13 17:07:13,Credit Card,3842.91,Completed,TXN-3029-3029
3030,3030,2026-07-04 23:54:32,Cash on Delivery,5620.99,Failed,
3031,3031,2026-07-29 13:26:05,Bank Transfer,3643.97,Completed,TXN-3031-3031
3032,3032,2025-11-26 07:30:35,Cash on Delivery,2230.92,Completed,TXN-3032-3032
3033,3033,2026-07-02 01:20:14,Credit Card,658.15,Completed,TXN-3033-3033
3034,3034,2026-04-16 18:25:13,Bank Transfer,1839.39,Completed,TXN-3034-3034
3035,3035,2025-05-04 20:28:02,PayPal,4195.22,Completed,TXN-3035-3035
3036,3036,2026-08-31 06:52:26,Debit Card,2536.05,Completed,TXN-3036-3036
3037,3037,2026-03-17 06:18:27,Cash on Delivery,457.79,Completed,TXN-3037-3037
3038,3038,2026-08-08 01:30:12,PayPal,116.32,Completed,TXN-3038-3038
3039,3039,2026-05-30 02:15:19,Credit Card,457.79,Completed,TXN-3039-3039
3040,3040,2026-08-17 01:38:06,Bank Transfer,3703.52,Completed,TXN-3040-3040
3041,3041,2026-06-23 23:08:28,Cash on Delivery,3833.54,Completed,TXN-3041-3041
3042,3042,2025-05-13 15:01:57,PayPal,2169.56,Completed,TXN-3042-3042
3043,3043,2025-08-28 23:47:42,Debit Card,1706.26,Pending,
3044,3044,2025-05-24 01:34:23,Bank Transfer,645.49,Pending,
3045,3045,2025-05-10 03:49:29,PayPal,2923.28,Refunded,TXN-3045-3045
3046,3046,2024-09-08 17:30:37,Bank Transfer,2029.91,Completed,TXN-3046-3046
3047,3047,2026-06-17 08:39:37,PayPal,2619.84,Completed,TXN-3047-3047
3048,3048,2025-10-24 01:28:26,Credit Card,827.75,Completed,TXN-3048-3048
3049,3049,2026-05-02 07:05:38,Credit Card,132.89,Completed,TXN-3049-3049
3050,3050,2025-12-07 02:28:10,Bank Transfer,751.22,Pending,
3051,3051,2026-08-24 15:58:52,PayPal,2130.45,Completed,TXN-3051-3051
3052,3052,2025-09-03 15:09:27,Bank Transfer,298.0,Completed,TXN-3052-3052
3053,3053,2026-07-10 05:02:39,Bank Transfer,949.12,Failed,
3054,3054,2026-07-15 15:50:49,PayPal,2621.06,Completed,TXN-3054-3054
3055,3055,2025-09-21 16:05:29,Bank Transfer,915.58,Completed,TXN-3055-3055
3056,3056,2025-02-05 23:37:04,Bank Transfer,877.89,Completed,TXN-3056-3056
3057,3057,2024-11-10 15:42:52,Credit Card,432.86,Completed,TXN-3057-3057
3058,3058,2025-12-22 00:54:05,Credit Card,2389.99,Completed,TXN-3058-3058
3059,3059,2026-08-31 11:53:51,PayPal,717.28,Completed,TXN-3059-3059
3060,3060,2026-05-02 07:55:00,Cash on Delivery,2337.52,Pending,
3061,3061,2026-01-15 05:00:25,PayPal,2100.71,Completed,TXN-3061-3061
3062,3062,2026-03-27 01:37:59,Credit Card,4949.93,Completed,TXN-3062-3062
3063,3063,2024-10-22 04:50:03,Debit Card,774.23,Completed,TXN-3063-3063
3064,3064,2025-02-08 14:47:23,Bank Transfer,748.78,Refunded,TXN-3064-3064
3065,3065,2026-02-28 21:09:58,Bank Transfer,1761.72,Completed,TXN-3065-3065
3066,3066,2026-07-08 03:07:50,PayPal,1700.88,Completed,TXN-3066-3066
3067,3067,2026-07-07 09:20:07,Credit Card,2157.33,Completed,TXN-3067-3067
3068,3068,2024-02-18 09:35:26,Cash on Delivery,3215.4,Completed,TXN-3068-3068
3069,3069,2025-05-19 03:57:25,Cash on Delivery,758.76,Completed,TXN-3069-3069
3070,3070,2024-11-02 01:46:07,Debit Card,2435.17,Failed,
3071,3071,2026-08-05 02:20:03,Bank Transfer,389.12,Completed,TXN-3071-3071
3072,3072,2026-04-23 19:39:06,Bank Transfer,2041.85,Completed,TXN-3072-3072
3073,3073,2026-06-20 05:47:41,Cash on Delivery,809.8,Completed,TXN-3073-3073
3074,3074,2025-06-29 06:28:15,PayPal,1194.9,Completed,TXN-3074-3074
3075,3075,2025-05-22 01:53:46,Cash on Delivery,966.38,Completed,TXN-3075-3075
3076,3076,2026-06-08 13:08:56,Debit Card,6486.89,Completed,TXN-3076-3076
3077,3077,2026-06-29 05:08:40,Cash on Delivery,300.92,Completed,TXN-3077-3077
3078,3078,2025-09-24 07:20:34,Bank Transfer,1780.47,Pending,
3079,3079,2025-10-15 09:15:58,PayPal,628.46,Completed,TXN-3079-3079
3080,3080,2025-05-29 20:40:02,PayPal,1719.82,Completed,TXN-3080-3080
3081,3081,2025-06-16 02:31:03,Debit Card,3658.87,Completed,TXN-3081-3081
3082,3082,2026-07-01 10:09:08,Cash on Delivery,2209.5,Pending,
3083,3083,2026-04-13 00:19:20,Credit Card,3554.42,Completed,TXN-3083-3083
3084,3084,2025-04-16 00:18:28,PayPal,4449.95,Completed,TXN-3084-3084
3085,3085,2025-03-07 21:43:27,Credit Card,1134.56,Refunded,TXN-3085-3085
3086,3086,2026-06-24 07:59:29,PayPal,185.47,Pending,
3087,3087,2026-04-10 04:40:00,Cash on Delivery,1065.91,Pending,
3088,3088,2026-06-23 18:37:10,Bank Transfer,180.69,Completed,TXN-3088-3088
3089,3089,2026-03-01 10:30:09,PayPal,2894.31,Completed,TXN-3089-3089
3090,3090,2025-11-02 05:12:37,Credit Card,236.54,Completed,TXN-3090-3090
3091,3091,2026-05-26 05:12:29,Credit Card,141.55,Completed,TXN-3091-3091
3092,3092,2025-04-28 19:19:57,Credit Card,1884.68,Completed,TXN-3092-3092
3093,3093,2025-09-11 22:13:14,Bank Transfer,4322.76,Completed,TXN-3093-3093
3094,3094,2026-05-29 16:31:58,Cash on Delivery,856.71,Completed,TXN-3094-3094
3095,3095,2026-05-07 11:15:07,Debit Card,1239.45,Completed,TXN-3095-3095
3096,3096,2024-02-18 09:53:56,Bank Transfer,2105.61,Completed,TXN-3096-3096
3097,3097,2025-11-24 16:03:56,Cash on Delivery,165.44,Completed,TXN-3097-3097
3098,3098,2026-07-23 22:03:48,Debit Card,744.2,Pending,
3099,3099,2026-01-05 05:12:34,Bank Transfer,230.25,Failed,
3100,3100,2026-01-23 20:55:49,Cash on Delivery,1116.94,Pending,
3101,3101,2024-10-13 21:26:30,Bank Transfer,2968.63,Completed,TXN-3101-3101
3102,3102,2025-10-24 12:04:56,Credit Card,716.96,Completed,TXN-3102-3102
3103,3103,2026-07-11 23:29:14,PayPal,1544.22,Completed,TXN-3103-3103
3104,3104,2026-08-06 21:51:10,Bank Transfer,3952.93,Completed,TXN-3104-3104
3105,3105,2025-07-23 06:16:16,Debit Card,321.21,Completed,TXN-3105-3105
3106,3106,2025-08-12 04:21:35,Cash on Delivery,4708.62,Completed,TXN-3106-3106
3107,3107,2026-07-17 00:12:42,Cash on Delivery,968.09,Completed,TXN-3107-3107
3108,3108,2026-08-14 14:27:42,PayPal,272.67,Completed,TXN-3108-3108
3109,3109,2026-01-24 22:56:58,Credit Card,4394.7,Completed,TXN-3109-3109
3110,3110,2026-01-21 01:12:12,Credit Card,974.4,Completed,TXN-3110-3110
3111,3111,2026-05-30 19:59:56,Credit Card,664.27,Completed,TXN-3111-3111
3112,3112,2026-04-27 11:46:18,Bank Transfer,518.52,Completed,TXN-3112-3112
3113,3113,2026-07-08 15:37:47,Debit Card,1894.86,Completed,TXN-3113-3113
3114,3114,2026-04-18 09:26:31,Credit Card,1731.86,Completed,TXN-3114-3114
3115,3115,2026-08-12 09:32:45,Cash on Delivery,2960.66,Completed,TXN-3115-3115
3116,3116,2025-09-12 16:30:51,Debit Card,732.85,Completed,TXN-3116-3116
3117,3117,2025-08-21 23:11:14,Credit Card,358.48,Completed,TXN-3117-3117
3118,3118,2024-08-03 14:30:05,Bank Transfer,236.54,Completed,TXN-3118-3118
3119,3119,2026-08-04 00:02:04,PayPal,868.15,Completed,TXN-3119-3119
3120,3120,2026-04-22 04:39:53,Credit Card,3922.63,Completed,TXN-3120-3120
3121,3121,2026-01-14 18:04:46,PayPal,3762.2,Completed,TXN-3121-3121
3122,3122,2025-12-09 21:50:37,Bank Transfer,2936.32,Completed,TXN-3122-3122
3123,3123,2026-08-10 00:14:49,Cash on Delivery,3591.22,Failed,
3124,3124,2025-04-02 14:16:03,Credit Card,4120.43,Completed,TXN-3124-3124
3125,3125,2026-04-15 16:11:31,Bank Transfer,5289.49,Completed,TXN-3125-3125
3126,3126,2026-03-28 22:36:46,Debit Card,2411.21,Completed,TXN-3126-3126
3127,3127,2026-06-29 19:40:13,Debit Card,1884.56,Completed,TXN-3127-3127
3128,3128,2025-08-25 21:22:34,Bank Transfer,1445.49,Refunded,TXN-3128-3128
3129,3129,2026-08-25 10:59:40,PayPal,516.63,Completed,TXN-3129-3129
3130,3130,2026-06-03 13:54:25,Cash on Delivery,3112.21,Completed,TXN-3130-3130
3131,3131,2026-08-12 02:51:20,PayPal,4977.29,Completed,TXN-3131-3131
3132,3132,2025-02-03 11:59:26,Credit Card,294.07,Completed,TXN-3132-3132
3133,3133,2025-06-25 15:15:54,Debit Card,1870.56,Completed,TXN-3133-3133
3134,3134,2026-04-27 22:12:44,Bank Transfer,1099.26,Pending,
3135,3135,2025-12-30 08:35:43,PayPal,583.61,Completed,TXN-3135-3135
3136,3136,2026-08-21 06:56:44,Debit Card,4045.55,Completed,TXN-3136-3136
3137,3137,2025-02-05 03:44:18,Credit Card,1040.74,Pending,
3138,3138,2025-12-15 23:18:46,Debit Card,2699.1,Completed,TXN-3138-3138
3139,3139,2025-06-05 01:53:25,PayPal,2172.32,Completed,TXN-3139-3139
3140,3140,2026-08-10 06:03:38,Bank Transfer,2204.21,Completed,TXN-3140-3140
3141,3141,2024-10-29 00:17:26,PayPal,757.25,Completed,TXN-3141-3141
3142,3142,2026-05-04 21:08:32,Credit Card,38.5,Completed,TXN-3142-3142
3143,3143,2026-07-25 16:29:44,Bank Transfer,667.55,Completed,TXN-3143-3143
3144,3144,2025-05-03 00:04:41,Bank Transfer,1558.16,Completed,TXN-3144-3144
3145,3145,2026-08-23 13:44:38,Debit Card,4477.04,Completed,TXN-3145-3145
3146,3146,2024-08-02 23:03:24,Cash on Delivery,987.61,Completed,TXN-3146-3146
3147,3147,2026-04-26 04:07:50,Cash on Delivery,1731.78,Completed,TXN-3147-3147
3148,3148,2025-08-12 18:22:49,Bank Transfer,1370.76,Completed,TXN-3148-3148
3149,3149,2026-06-06 04:52:09,Debit Card,172.21,Pending,
3150,3150,2025-07-25 17:19:38,Credit Card,2759.73,Completed,TXN-3150-3150
3151,3151,2025-09-07 20:46:57,Cash on Delivery,1089.04,Refunded,TXN-3151-3151
3152,3152,2026-07-19 06:58:15,PayPal,1009.54,Completed,TXN-3152-3152
3153,3153,2025-03-12 15:55:36,Bank Transfer,3030.67,Completed,TXN-3153-3153
3154,3154,2025-02-02 20:20:07,PayPal,2108.39,Completed,TXN-3154-3154
3155,3155,2025-04-02 23:55:01,Credit Card,5688.09,Failed,
3156,3156,2024-03-22 07:08:14,Debit Card,1551.31,Completed,TXN-3156-3156
3157,3157,2026-05-18 09:05:03,Debit Card,3234.26,Completed,TXN-3157-3157
3158,3158,2024-12-04 19:17:33,Debit Card,1871.94,Completed,TXN-3158-3158
3159,3159,2025-10-16 06:29:42,Debit Card,584.38,Completed,TXN-3159-3159
3160,3160,2026-08-09 15:34:53,PayPal,1015.84,Completed,TXN-3160-3160
3161,3161,2026-05-29 23:25:49,Credit Card,1947.56,Completed,TXN-3161-3161
3162,3162,2025-04-17 20:06:29,Bank Transfer,347.8,Completed,TXN-3162-3162
3163,3163,2026-03-01 01:24:02,Cash on Delivery,721.79,Completed,TXN-3163-3163
3164,3164,2025-02-24 10:16:24,PayPal,457.79,Completed,TXN-3164-3164
3165,3165,2024-11-06 19:25:58,Debit Card,225.98,Completed,TXN-3165-3165
3166,3166,2026-08-27 10:09:26,PayPal,5461.13,Completed,TXN-3166-3166
3167,3167,2026-04-08 08:05:05,Debit Card,914.84,Completed,TXN-3167-3167
3168,3168,2026-05-22 04:42:56,Debit Card,1882.17,Completed,TXN-3168-3168
3169,3169,2025-06-03 19:11:27,Cash on Delivery,5028.25,Failed,
3170,3170,2024-08-27 15:40:05,Cash on Delivery,43.21,Completed,TXN-3170-3170
3171,3171,2025-12-18 05:56:24,Credit Card,4131.1,Completed,TXN-3171-3171
3172,3172,2025-04-12 16:45:05,Credit Card,2654.2,Completed,TXN-3172-3172
3173,3173,2024-09-20 01:34:41,PayPal,1173.07,Completed,TXN-3173-3173
3174,3174,2026-04-10 22:15:58,Cash on Delivery,339.73,Completed,TXN-3174-3174
3175,3175,2026-02-14 20:06:55,Cash on Delivery,1713.78,Completed,TXN-3175-3175
3176,3176,2026-01-07 05:23:07,Bank Transfer,1596.58,Completed,TXN-3176-3176
3177,3177,2024-08-29 08:47:47,Debit Card,1070.53,Failed,
3178,3178,2025-06-21 18:23:19,Debit Card,805.73,Completed,TXN-3178-3178
3179,3179,2026-08-26 20:39:49,PayPal,1405.0,Failed,
3180,3180,2026-08-14 03:58:35,Cash on Delivery,459.02,Refunded,TXN-3180-3180
3181,3181,2026-05-27 10:26:45,Cash on Delivery,1749.87,Completed,TXN-3181-3181
3182,3182,2025-01-26 12:10:53,Debit Card,1341.59,Completed,TXN-3182-3182
3183,3183,2026-03-11 22:59:50,Cash on Delivery,2615.76,Completed,TXN-3183-3183
3184,3184,2026-05-18 12:07:58,Cash on Delivery,3591.22,Completed,TXN-3184-3184
3185,3185,2026-05-16 06:20:14,PayPal,2191.31,Completed,TXN-3185-3185
3186,3186,2026-08-09 06:36:20,Debit Card,11497.16,Completed,TXN-3186-3186
3187,3187,2025-11-24 07:47:58,Bank Transfer,3221.26,Completed,TXN-3187-3187
3188,3188,2026-07-30 15:02:40,Credit Card,340.56,Completed,TXN-3188-3188
3189,3189,2025-05-07 11:16:28,Cash on Delivery,761.52,Pending,
3190,3190,2026-08-04 06:29:20,Cash on Delivery,1100.0,Completed,TXN-3190-3190
3191,3191,2026-07-17 07:31:15,Bank Transfer,3794.43,Completed,TXN-3191-3191
3192,3192,2025-03-24 02:06:51,Cash on Delivery,994.53,Pending,
3193,3193,2025-12-02 16:27:33,Bank Transfer,1020.62,Completed,TXN-3193-3193
3194,3194,2026-04-23 08:14:06,Credit Card,3118.24,Completed,TXN-3194-3194
3195,3195,2025-11-28 18:43:10,Credit Card,1737.06,Completed,TXN-3195-3195
3196,3196,2026-01-02 12:20:11,PayPal,3847.2,Completed,TXN-3196-3196
3197,3197,2026-07-09 12:38:12,Debit Card,4724.58,Completed,TXN-3197-3197
3198,3198,2025-06-23 15:43:30,Cash on Delivery,2431.13,Completed,TXN-3198-3198
3199,3199,2026-03-02 11:50:25,Bank Transfer,2061.26,Completed,TXN-3199-3199
3200,3200,2025-08-19 02:01:14,Bank Transfer,846.38,Completed,TXN-3200-3200
3201,3201,2024-03-03 18:42:20,Bank Transfer,4225.98,Completed,TXN-3201-3201
3202,3202,2026-03-19 02:33:21,Bank Transfer,2684.11,Completed,TXN-3202-3202
3203,3203,2026-05-22 06:12:57,PayPal,913.84,Completed,TXN-3203-3203
3204,3204,2025-12-16 09:22:39,Debit Card,643.08,Completed,TXN-3204-3204
3205,3205,2025-09-03 03:11:51,Debit Card,4565.0,Failed,
3206,3206,2026-07-31 10:23:11,Debit Card,2487.47,Completed,TXN-3206-3206
3207,3207,2026-04-12 08:33:02,Debit Card,7257.54,Completed,TXN-3207-3207
3208,3208,2026-07-28 15:49:35,Credit Card,1353.12,Completed,TXN-3208-3208
3209,3209,2026-05-11 08:48:56,Cash on Delivery,662.55,Completed,TXN-3209-3209
3210,3210,2026-04-24 21:18:37,Credit Card,5607.28,Completed,TXN-3210-3210
3211,3211,2025-11-10 23:14:27,Bank Transfer,1062.13,Pending,
3212,3212,2026-05-28 00:41:14,PayPal,2233.58,Completed,TXN-3212-3212
3213,3213,2025-07-12 20:07:06,Debit Card,1709.87,Completed,TXN-3213-3213
3214,3214,2025-10-05 17:10:13,Credit Card,990.0,Completed,TXN-3214-3214
3215,3215,2026-01-19 14:53:47,Bank Transfer,5809.55,Completed,TXN-3215-3215
3216,3216,2026-07-13 12:30:35,Cash on Delivery,1730.19,Completed,TXN-3216-3216
3217,3217,2026-01-12 22:09:04,Credit Card,1996.65,Completed,TXN-3217-3217
3218,3218,2025-10-21 19:20:11,PayPal,1067.07,Completed,TXN-3218-3218
3219,3219,2026-06-12 01:41:09,Bank Transfer,2853.11,Completed,TXN-3219-3219
3220,3220,2025-01-07 06:33:24,Bank Transfer,4775.9,Completed,TXN-3220-3220
3221,3221,2025-08-22 00:46:56,Bank Transfer,5199.14,Completed,TXN-3221-3221
3222,3222,2026-03-30 19:12:21,Debit Card,1103.26,Completed,TXN-3222-3222
3223,3223,2025-08-27 08:00:14,Debit Card,2112.31,Failed,
3224,3224,2025-02-08 20:37:46,Cash on Delivery,573.79,Completed,TXN-3224-3224
3225,3225,2024-12-18 21:03:25,Bank Transfer,2468.96,Completed,TXN-3225-3225
3226,3226,2026-08-31 11:16:48,Credit Card,2212.17,Completed,TXN-3226-3226
3227,3227,2025-10-27 05:33:21,Credit Card,322.74,Pending,
3228,3228,2026-08-15 22:59:51,Debit Card,2207.19,Completed,TXN-3228-3228
3229,3229,2025-04-09 15:58:46,Debit Card,4435.97,Completed,TXN-3229-3229
3230,3230,2026-04-18 23:01:42,Credit Card,4307.54,Completed,TXN-3230-3230
3231,3231,2026-07-22 09:56:32,Debit Card,5330.58,Failed,
3232,3232,2026-06-22 07:24:30,Bank Transfer,1353.23,Completed,TXN-3232-3232
3233,3233,2025-03-10 09:33:32,PayPal,1838.11,Completed,TXN-3233-3233
3234,3234,2026-08-20 03:35:46,Debit Card,4337.19,Completed,TXN-3234-3234
3235,3235,2026-06-15 21:58:11,Bank Transfer,2115.1,Completed,TXN-3235-3235
3236,3236,2026-02-12 15:15:38,Credit Card,795.57,Completed,TXN-3236-3236
3237,3237,2024-10-28 16:18:47,Cash on Delivery,43.21,Completed,TXN-3237-3237
3238,3238,2024-12-03 20:20:07,PayPal,1800.05,Completed,TXN-3238-3238
3239,3239,2025-09-05 07:53:47,Credit Card,851.91,Completed,TXN-3239-3239
3240,3240,2026-08-10 21:21:12,PayPal,2907.25,Completed,TXN-3240-3240
3241,3241,2026-02-16 05:16:32,Cash on Delivery,1601.0,Completed,TXN-3241-3241
3242,3242,2026-02-27 19:52:29,Bank Transfer,944.47,Pending,
3243,3243,2026-06-29 17:17:14,Bank Transfer,1166.82,Completed,TXN-3243-3243
3244,3244,2026-07-08 21:40:27,PayPal,994.53,Pending,
3245,3245,2025-02-08 01:14:58,PayPal,935.97,Pending,
3246,3246,2026-07-04 01:21:56,Cash on Delivery,3662.43,Completed,TXN-3246-3246
3247,3247,2026-06-07 08:36:51,PayPal,2347.49,Completed,TXN-3247-3247
3248,3248,2026-04-30 10:37:29,PayPal,325.24,Completed,TXN-3248-3248
3249,3249,2025-08-13 14:50:12,Cash on Delivery,1684.75,Failed,
3250,3250,2025-10-05 23:08:19,Debit Card,1308.58,Completed,TXN-3250-3250
3251,3251,2026-07-24 06:39:56,Credit Card,329.72,Pending,
3252,3252,2025-06-03 01:58:08,Credit Card,6631.97,Completed,TXN-3252-3252
3253,3253,2026-07-27 15:49:42,Bank Transfer,2098.86,Completed,TXN-3253-3253
3254,3254,2025-08-05 16:49:33,PayPal,272.67,Completed,TXN-3254-3254
3255,3255,2025-10-30 20:02:24,Credit Card,568.71,Completed,TXN-3255-3255
3256,3256,2025-09-15 09:57:50,PayPal,994.18,Completed,TXN-3256-3256
3257,3257,2024-05-25 13:32:19,PayPal,2376.78,Completed,TXN-3257-3257
3258,3258,2026-04-01 22:43:31,Bank Transfer,2655.38,Pending,
3259,3259,2026-07-23 05:52:23,Bank Transfer,5990.64,Pending,
3260,3260,2026-01-19 00:31:58,Cash on Delivery,677.11,Completed,TXN-3260-3260
3261,3261,2026-08-25 11:33:59,Cash on Delivery,3465.08,Completed,TXN-3261-3261
3262,3262,2025-05-18 11:16:09,Bank Transfer,2730.98,Completed,TXN-3262-3262
3263,3263,2026-02-16 12:43:40,Credit Card,930.25,Completed,TXN-3263-3263
3264,3264,2026-08-09 08:42:04,PayPal,1792.05,Completed,TXN-3264-3264
3265,3265,2026-05-17 08:21:53,Credit Card,1193.67,Completed,TXN-3265-3265
3266,3266,2026-05-07 04:33:19,Debit Card,3913.9,Refunded,TXN-3266-3266
3267,3267,2026-05-04 04:45:59,Credit Card,1980.0,Completed,TXN-3267-3267
3268,3268,2026-06-24 20:32:42,Credit Card,1394.51,Completed,TXN-3268-3268
3269,3269,2026-07-31 21:49:35,PayPal,3660.25,Completed,TXN-3269-3269
3270,3270,2026-03-31 11:18:09,Bank Transfer,4858.32,Completed,TXN-3270-3270
3271,3271,2026-02-22 18:35:19,Debit Card,2129.83,Failed,
3272,3272,2025-10-24 01:38:17,Debit Card,883.49,Completed,TXN-3272-3272
3273,3273,2025-09-22 12:02:37,PayPal,4250.22,Failed,
3274,3274,2024-09-29 12:39:23,Debit Card,202.6,Completed,TXN-3274-3274
3275,3275,2025-06-08 11:40:10,Bank Transfer,4324.06,Completed,TXN-3275-3275
3276,3276,2025-10-04 16:38:45,Credit Card,741.98,Completed,TXN-3276-3276
3277,3277,2026-03-21 15:49:20,PayPal,981.65,Completed,TXN-3277-3277
3278,3278,2024-05-08 07:45:58,Bank Transfer,34.19,Completed,TXN-3278-3278
3279,3279,2024-06-27 04:57:54,Credit Card,1242.7,Completed,TXN-3279-3279
3280,3280,2026-08-28 08:18:43,Bank Transfer,1194.9,Completed,TXN-3280-3280
3281,3281,2026-03-08 18:11:55,Bank Transfer,1407.67,Completed,TXN-3281-3281
3282,3282,2025-04-16 19:31:10,Debit Card,1671.29,Completed,TXN-3282-3282
3283,3283,2026-06-25 14:37:45,Bank Transfer,962.61,Completed,TXN-3283-3283
3284,3284,2025-05-30 12:11:18,Bank Transfer,2021.46,Completed,TXN-3284-3284
3285,3285,2026-01-30 07:18:53,Debit Card,2425.18,Completed,TXN-3285-3285
3286,3286,2026-01-12 11:24:44,Debit Card,988.34,Completed,TXN-3286-3286
3287,3287,2026-02-25 14:36:59,Bank Transfer,668.21,Refunded,TXN-3287-3287
3288,3288,2026-03-18 21:31:07,Debit Card,4708.27,Completed,TXN-3288-3288
3289,3289,2025-10-23 08:43:48,Cash on Delivery,916.86,Completed,TXN-3289-3289
3290,3290,2025-11-13 03:27:35,Cash on Delivery,4943.43,Completed,TXN-3290-3290
3291,3291,2025-06-18 12:49:21,Bank Transfer,808.26,Completed,TXN-3291-3291
3292,3292,2026-06-04 20:50:16,Debit Card,2117.39,Completed,TXN-3292-3292
3293,3293,2026-04-11 07:39:07,Debit Card,2852.24,Pending,
3294,3294,2026-01-31 16:14:49,PayPal,574.04,Completed,TXN-3294-3294
3295,3295,2026-02-14 23:15:53,Credit Card,2679.69,Completed,TXN-3295-3295
3296,3296,2026-06-17 05:55:15,Cash on Delivery,1602.56,Completed,TXN-3296-3296
3297,3297,2026-04-29 19:32:15,Cash on Delivery,1194.9,Pending,
3298,3298,2026-05-26 00:45:41,Cash on Delivery,4231.65,Completed,TXN-3298-3298
3299,3299,2026-03-01 10:32:20,Debit Card,1311.76,Completed,TXN-3299-3299
3300,3300,2026-08-20 17:22:33,Cash on Delivery,2858.01,Completed,TXN-3300-3300
3301,3301,2025-08-09 13:45:34,Bank Transfer,1068.52,Completed,TXN-3301-3301
3302,3302,2024-06-16 04:31:18,Bank Transfer,933.49,Refunded,TXN-3302-3302
3303,3303,2026-05-15 04:09:16,Credit Card,604.84,Completed,TXN-3303-3303
3304,3304,2025-07-27 04:20:30,Cash on Delivery,1497.45,Completed,TXN-3304-3304
3305,3305,2026-04-18 02:58:03,Credit Card,778.74,Completed,TXN-3305-3305
3306,3306,2025-10-14 20:49:16,Bank Transfer,709.05,Completed,TXN-3306-3306
3307,3307,2026-01-02 17:43:43,Credit Card,1516.67,Completed,TXN-3307-3307
3308,3308,2025-07-15 14:18:28,Debit Card,236.54,Completed,TXN-3308-3308
3309,3309,2024-09-01 21:34:08,Bank Transfer,835.04,Completed,TXN-3309-3309
3310,3310,2026-08-16 05:48:45,Bank Transfer,1517.52,Completed,TXN-3310-3310
3311,3311,2025-12-14 08:11:36,PayPal,1984.5,Completed,TXN-3311-3311
3312,3312,2025-05-04 18:33:29,PayPal,3075.39,Completed,TXN-3312-3312
3313,3313,2026-01-27 21:37:11,Cash on Delivery,548.07,Refunded,TXN-3313-3313
3314,3314,2026-08-15 04:11:42,PayPal,1660.61,Completed,TXN-3314-3314
3315,3315,2025-04-09 01:38:55,Debit Card,451.25,Pending,
3316,3316,2025-02-13 18:07:21,Debit Card,1495.27,Completed,TXN-3316-3316
3317,3317,2024-05-18 07:25:09,PayPal,3465.28,Completed,TXN-3317-3317
3318,3318,2024-08-31 04:35:08,Bank Transfer,973.78,Completed,TXN-3318-3318
3319,3319,2024-10-25 11:17:29,Cash on Delivery,1930.5,Completed,TXN-3319-3319
3320,3320,2026-04-13 03:24:56,PayPal,1016.34,Completed,TXN-3320-3320
3321,3321,2025-03-17 17:13:07,Cash on Delivery,1476.42,Pending,
3322,3322,2026-08-14 16:21:08,Debit Card,3356.69,Completed,TXN-3322-3322
3323,3323,2026-08-22 12:27:59,Debit Card,349.88,Completed,TXN-3323-3323
3324,3324,2026-08-02 15:21:04,PayPal,1723.07,Completed,TXN-3324-3324
3325,3325,2026-08-30 10:43:54,Cash on Delivery,1267.03,Completed,TXN-3325-3325
3326,3326,2026-06-08 16:28:50,Cash on Delivery,115.49,Completed,TXN-3326-3326
3327,3327,2026-06-06 20:01:03,PayPal,3300.45,Completed,TXN-3327-3327
3328,3328,2026-08-30 03:09:30,Debit Card,662.55,Completed,TXN-3328-3328
3329,3329,2026-07-23 12:15:31,PayPal,4124.66,Completed,TXN-3329-3329
3330,3330,2026-05-21 13:38:08,Credit Card,3791.83,Completed,TXN-3330-3330
3331,3331,2026-03-12 18:19:25,PayPal,799.14,Completed,TXN-3331-3331
3332,3332,2024-05-27 07:21:48,Debit Card,1033.91,Completed,TXN-3332-3332
3333,3333,2025-06-10 23:28:01,Cash on Delivery,6708.98,Failed,
3334,3334,2026-07-12 21:08:10,Debit Card,3220.97,Completed,TXN-3334-3334
3335,3335,2023-12-08 10:56:44,Credit Card,209.12,Completed,TXN-3335-3335
3336,3336,2026-08-17 05:48:36,Cash on Delivery,378.51,Completed,TXN-3336-3336
3337,3337,2026-05-10 02:37:40,Credit Card,279.75,Completed,TXN-3337-3337
3338,3338,2026-04-17 21:00:38,Credit Card,652.86,Completed,TXN-3338-3338
3339,3339,2025-04-06 17:17:09,Bank Transfer,1059.83,Completed,TXN-3339-3339
3340,3340,2025-05-30 22:17:48,Debit Card,4102.94,Completed,TXN-3340-3340
3341,3341,2024-03-30 10:06:20,PayPal,2796.47,Completed,TXN-3341-3341
3342,3342,2026-08-31 01:52:07,Cash on Delivery,1178.37,Completed,TXN-3342-3342
3343,3343,2025-10-15 04:05:23,Cash on Delivery,3848.5,Completed,TXN-3343-3343
3344,3344,2025-06-14 21:01:02,Cash on Delivery,2118.94,Completed,TXN-3344-3344
3345,3345,2024-11-05 17:45:33,Credit Card,2714.51,Completed,TXN-3345-3345
3346,3346,2026-03-03 07:31:06,Debit Card,521.49,Completed,TXN-3346-3346
3347,3347,2024-04-19 16:49:16,Debit Card,2737.07,Completed,TXN-3347-3347
3348,3348,2026-08-04 23:12:20,Cash on Delivery,389.43,Completed,TXN-3348-3348
3349,3349,2025-12-01 20:07:34,Debit Card,2430.71,Pending,
3350,3350,2026-04-01 01:22:27,Cash on Delivery,1009.52,Completed,TXN-3350-3350
3351,3351,2026-08-28 19:33:55,PayPal,358.48,Completed,TXN-3351-3351
3352,3352,2026-08-20 05:35:21,PayPal,2698.25,Completed,TXN-3352-3352
3353,3353,2026-04-08 10:18:37,PayPal,886.39,Completed,TXN-3353-3353
3354,3354,2025-09-03 21:46:24,Cash on Delivery,507.83,Completed,TXN-3354-3354
3355,3355,2026-03-20 07:13:36,PayPal,5597.89,Completed,TXN-3355-3355
3356,3356,2026-07-09 04:33:33,Bank Transfer,3313.6,Completed,TXN-3356-3356
3357,3357,2026-08-13 22:47:04,Bank Transfer,1989.06,Completed,TXN-3357-3357
3358,3358,2025-10-13 15:41:27,Bank Transfer,1157.28,Completed,TXN-3358-3358
3359,3359,2026-08-20 21:44:19,Credit Card,2303.29,Refunded,TXN-3359-3359
3360,3360,2026-08-23 02:27:10,Credit Card,1427.11,Completed,TXN-3360-3360
3361,3361,2025-11-07 10:52:47,Debit Card,1850.37,Completed,TXN-3361-3361
3362,3362,2026-06-01 22:06:12,PayPal,1185.0,Completed,TXN-3362-3362
3363,3363,2026-06-22 19:09:17,PayPal,1595.16,Completed,TXN-3363-3363
3364,3364,2026-04-05 03:48:06,Bank Transfer,1098.54,Pending,
3365,3365,2026-06-13 20:34:37,PayPal,7134.03,Completed,TXN-3365-3365
3366,3366,2026-08-17 11:29:02,PayPal,1689.74,Pending,
3367,3367,2025-05-07 21:57:03,PayPal,3207.01,Completed,TXN-3367-3367
3368,3368,2025-05-14 12:53:02,Debit Card,790.51,Completed,TXN-3368-3368
3369,3369,2024-12-01 12:27:47,Cash on Delivery,1382.81,Completed,TXN-3369-3369
3370,3370,2025-01-27 19:13:43,Bank Transfer,1361.19,Pending,
3371,3371,2025-07-24 10:39:54,Cash on Delivery,658.15,Completed,TXN-3371-3371
3372,3372,2026-08-13 22:51:55,Debit Card,3348.41,Completed,TXN-3372-3372
3373,3373,2024-12-01 22:12:58,PayPal,736.29,Completed,TXN-3373-3373
3374,3374,2026-04-12 14:16:55,Debit Card,845.35,Pending,
3375,3375,2024-12-12 20:34:04,Bank Transfer,206.74,Completed,TXN-3375-3375
3376,3376,2026-05-03 13:05:21,Bank Transfer,945.5,Completed,TXN-3376-3376
3377,3377,2026-08-17 20:16:15,Credit Card,1604.65,Completed,TXN-3377-3377
3378,3378,2024-06-25 04:44:21,Cash on Delivery,976.95,Completed,TXN-3378-3378
3379,3379,2026-07-20 13:41:31,Debit Card,6417.49,Completed,TXN-3379-3379
3380,3380,2026-08-30 04:34:32,Credit Card,1047.68,Completed,TXN-3380-3380
3381,3381,2026-08-15 15:24:20,Cash on Delivery,876.22,Refunded,TXN-3381-3381
3382,3382,2024-09-21 19:07:34,Bank Transfer,891.47,Completed,TXN-3382-3382
3383,3383,2025-11-07 23:11:18,PayPal,1340.74,Completed,TXN-3383-3383
3384,3384,2026-03-22 16:36:09,Cash on Delivery,583.61,Completed,TXN-3384-3384
3385,3385,2026-07-01 21:37:53,Cash on Delivery,2211.41,Completed,TXN-3385-3385
3386,3386,2026-08-01 09:25:31,PayPal,2912.45,Completed,TXN-3386-3386
3387,3387,2025-05-01 16:13:03,Cash on Delivery,327.36,Completed,TXN-3387-3387
3388,3388,2026-01-26 21:09:59,PayPal,1274.6,Completed,TXN-3388-3388
3389,3389,2026-07-02 04:50:55,Debit Card,3165.2,Completed,TXN-3389-3389
3390,3390,2026-03-01 22:41:28,Bank Transfer,1946.67,Completed,TXN-3390-3390
3391,3391,2025-10-28 17:23:23,Credit Card,662.55,Completed,TXN-3391-3391
3392,3392,2025-09-24 22:25:24,Bank Transfer,4465.17,Completed,TXN-3392-3392
3393,3393,2026-04-12 21:50:31,Cash on Delivery,217.62,Completed,TXN-3393-3393
3394,3394,2026-07-02 08:26:00,Debit Card,2124.87,Completed,TXN-3394-3394
3395,3395,2024-11-21 12:43:58,PayPal,1835.67,Completed,TXN-3395-3395
3396,3396,2026-07-13 05:05:24,Debit Card,583.61,Completed,TXN-3396-3396
3397,3397,2026-08-29 12:10:13,Debit Card,2755.78,Completed,TXN-3397-3397
3398,3398,2026-04-03 01:25:12,Bank Transfer,1084.78,Completed,TXN-3398-3398
3399,3399,2026-08-19 10:21:31,PayPal,1066.88,Completed,TXN-3399-3399
3400,3400,2026-06-01 10:46:37,Cash on Delivery,4904.44,Completed,TXN-3400-3400
3401,3401,2026-06-03 22:21:53,Credit Card,867.44,Completed,TXN-3401-3401
3402,3402,2026-03-26 19:26:34,PayPal,4295.79,Completed,TXN-3402-3402
3403,3403,2025-06-24 13:41:58,Credit Card,1537.78,Completed,TXN-3403-3403
3404,3404,2025-11-23 15:39:33,Cash on Delivery,1314.41,Pending,
3405,3405,2026-02-16 03:38:05,PayPal,1535.67,Completed,TXN-3405-3405
3406,3406,2025-11-27 01:09:03,Bank Transfer,4270.34,Completed,TXN-3406-3406
3407,3407,2024-12-09 10:31:02,Debit Card,2004.16,Completed,TXN-3407-3407
3408,3408,2025-12-20 12:08:21,Debit Card,1928.42,Pending,
3409,3409,2025-10-31 07:18:43,Bank Transfer,1118.18,Completed,TXN-3409-3409
3410,3410,2026-08-09 14:13:32,Debit Card,2132.84,Completed,TXN-3410-3410
3411,3411,2026-07-19 04:44:19,Debit Card,2886.76,Completed,TXN-3411-3411
3412,3412,2026-06-29 23:29:55,Credit Card,5009.08,Pending,
3413,3413,2026-03-07 05:35:43,Debit Card,2739.16,Completed,TXN-3413-3413
3414,3414,2026-04-29 01:09:48,Bank Transfer,3611.0,Pending,
3415,3415,2025-07-23 23:40:55,Cash on Delivery,4328.29,Completed,TXN-3415-3415
3416,3416,2026-01-03 21:59:40,PayPal,2206.29,Completed,TXN-3416-3416
3417,3417,2026-05-11 07:55:20,Bank Transfer,217.62,Completed,TXN-3417-3417
3418,3418,2026-01-14 16:31:28,PayPal,1902.98,Completed,TXN-3418-3418
3419,3419,2026-02-27 23:22:39,Cash on Delivery,1326.28,Completed,TXN-3419-3419
3420,3420,2026-05-18 22:01:57,Credit Card,1871.36,Failed,
3421,3421,2025-10-20 21:15:00,Credit Card,1368.56,Completed,TXN-3421-3421
3422,3422,2025-05-25 12:03:14,PayPal,662.95,Completed,TXN-3422-3422
3423,3423,2025-05-04 16:29:04,PayPal,4908.33,Completed,TXN-3423-3423
3424,3424,2026-07-31 23:31:06,Bank Transfer,6089.97,Completed,TXN-3424-3424
3425,3425,2026-05-24 06:27:45,Cash on Delivery,927.25,Completed,TXN-3425-3425
3426,3426,2026-01-08 16:46:26,Credit Card,5082.19,Completed,TXN-3426-3426
3427,3427,2026-07-20 16:14:42,PayPal,2055.62,Completed,TXN-3427-3427
3428,3428,2026-08-08 08:05:26,PayPal,1746.09,Completed,TXN-3428-3428
3429,3429,2024-02-03 16:07:40,Bank Transfer,1213.31,Completed,TXN-3429-3429
3430,3430,2026-03-20 22:06:47,Debit Card,3992.64,Failed,
3431,3431,2025-06-12 14:29:13,Credit Card,1861.41,Completed,TXN-3431-3431
3432,3432,2026-05-03 22:47:18,Cash on Delivery,1858.69,Completed,TXN-3432-3432
3433,3433,2025-12-11 16:35:24,Bank Transfer,2760.15,Completed,TXN-3433-3433
3434,3434,2026-06-08 08:28:33,Credit Card,1761.06,Completed,TXN-3434-3434
3435,3435,2026-02-16 06:05:09,Credit Card,3260.9,Completed,TXN-3435-3435
3436,3436,2026-01-10 13:15:34,Bank Transfer,998.0,Completed,TXN-3436-3436
3437,3437,2024-12-19 12:50:39,Credit Card,2445.63,Completed,TXN-3437-3437
3438,3438,2024-01-28 21:33:32,Debit Card,1963.18,Failed,
3439,3439,2026-05-02 05:36:33,Bank Transfer,1182.61,Completed,TXN-3439-3439
3440,3440,2026-05-24 04:13:05,Credit Card,3413.69,Completed,TXN-3440-3440
3441,3441,2025-11-20 13:37:45,Debit Card,317.77,Completed,TXN-3441-3441
3442,3442,2024-02-25 03:14:54,Debit Card,1703.84,Completed,TXN-3442-3442
3443,3443,2026-03-11 11:49:52,Bank Transfer,2858.46,Completed,TXN-3443-3443
3444,3444,2026-08-07 07:45:55,PayPal,4243.96,Pending,
3445,3445,2026-04-29 09:53:59,Bank Transfer,758.76,Completed,TXN-3445-3445
3446,3446,2026-08-15 10:08:22,Debit Card,236.54,Pending,
3447,3447,2025-04-22 02:29:42,Debit Card,2967.44,Pending,
3448,3448,2026-04-30 02:56:49,Credit Card,8004.69,Completed,TXN-3448-3448
3449,3449,2025-11-14 18:08:09,PayPal,1167.45,Completed,TXN-3449-3449
3450,3450,2024-05-17 14:50:50,Debit Card,1956.85,Completed,TXN-3450-3450
3451,3451,2026-07-19 03:13:52,Debit Card,4852.67,Completed,TXN-3451-3451
3452,3452,2026-06-24 09:47:33,Credit Card,1165.01,Completed,TXN-3452-3452
3453,3453,2026-04-02 16:10:24,Credit Card,4989.58,Completed,TXN-3453-3453
3454,3454,2026-08-29 02:22:49,Debit Card,1195.63,Pending,
3455,3455,2025-11-26 17:39:07,Credit Card,1539.56,Completed,TXN-3455-3455
3456,3456,2024-02-02 06:47:58,Debit Card,5976.26,Completed,TXN-3456-3456
3457,3457,2026-06-06 15:38:06,Cash on Delivery,4668.21,Completed,TXN-3457-3457
3458,3458,2026-04-13 04:11:52,Bank Transfer,837.23,Completed,TXN-3458-3458
3459,3459,2024-09-25 05:49:37,PayPal,3549.15,Completed,TXN-3459-3459
3460,3460,2025-03-18 05:40:44,Credit Card,1517.52,Completed,TXN-3460-3460
3461,3461,2025-02-16 04:01:00,Bank Transfer,1517.52,Completed,TXN-3461-3461
3462,3462,2026-05-14 21:44:55,Credit Card,2533.76,Failed,
3463,3463,2026-04-12 13:37:26,Bank Transfer,1192.11,Completed,TXN-3463-3463
3464,3464,2026-05-05 11:39:41,PayPal,4534.13,Completed,TXN-3464-3464
3465,3465,2026-04-26 10:40:49,Debit Card,1933.44,Refunded,TXN-3465-3465
3466,3466,2026-08-10 08:10:27,Cash on Delivery,973.78,Completed,TXN-3466-3466
3467,3467,2025-02-09 18:02:14,Debit Card,1111.28,Completed,TXN-3467-3467
3468,3468,2024-03-19 07:16:06,PayPal,4654.41,Pending,
3469,3469,2026-07-25 00:41:46,Debit Card,184.38,Pending,
3470,3470,2026-08-28 16:33:08,Debit Card,1974.45,Completed,TXN-3470-3470
3471,3471,2026-08-22 01:26:24,Debit Card,521.7,Completed,TXN-3471-3471
3472,3472,2026-02-27 23:03:57,PayPal,1694.5,Completed,TXN-3472-3472
3473,3473,2025-10-05 01:32:36,Debit Card,1708.44,Completed,TXN-3473-3473
3474,3474,2026-07-09 15:44:41,Credit Card,3067.22,Completed,TXN-3474-3474
3475,3475,2025-03-09 04:46:07,Bank Transfer,2715.95,Completed,TXN-3475-3475
3476,3476,2025-04-24 03:20:59,Credit Card,3626.64,Completed,TXN-3476-3476
3477,3477,2026-05-06 02:03:10,Debit Card,1650.63,Completed,TXN-3477-3477
3478,3478,2025-12-22 21:36:44,Bank Transfer,1284.89,Completed,TXN-3478-3478
3479,3479,2024-12-25 17:45:25,Credit Card,2440.04,Completed,TXN-3479-3479
3480,3480,2026-05-09 15:08:16,Cash on Delivery,2382.1,Completed,TXN-3480-3480
3481,3481,2026-03-09 02:53:19,Bank Transfer,603.54,Completed,TXN-3481-3481
3482,3482,2025-06-05 17:54:11,Cash on Delivery,1115.82,Completed,TXN-3482-3482
3483,3483,2026-04-25 07:40:49,Bank Transfer,930.25,Pending,
3484,3484,2026-05-16 00:30:11,Debit Card,2103.16,Completed,TXN-3484-3484
3485,3485,2026-07-29 09:02:18,Bank Transfer,4388.3,Completed,TXN-3485-3485
3486,3486,2026-07-17 19:55:06,Cash on Delivery,4303.97,Completed,TXN-3486-3486
3487,3487,2026-02-15 00:48:54,PayPal,2643.01,Completed,TXN-3487-3487
3488,3488,2024-06-27 00:50:09,Credit Card,3424.85,Completed,TXN-3488-3488
3489,3489,2025-07-22 19:18:59,Credit Card,3147.15,Refunded,TXN-3489-3489
3490,3490,2025-07-26 17:15:21,Cash on Delivery,2840.97,Completed,TXN-3490-3490
3491,3491,2026-03-29 14:51:52,Debit Card,521.06,Completed,TXN-3491-3491
3492,3492,2025-04-13 06:48:43,Cash on Delivery,5148.85,Completed,TXN-3492-3492
3493,3493,2025-12-04 08:57:49,Bank Transfer,3866.26,Completed,TXN-3493-3493
3494,3494,2026-08-26 17:41:40,Bank Transfer,1232.52,Completed,TXN-3494-3494
3495,3495,2025-04-03 12:02:45,Bank Transfer,2514.48,Completed,TXN-3495-3495
3496,3496,2026-08-19 14:09:03,Credit Card,839.15,Completed,TXN-3496-3496
3497,3497,2025-09-08 14:07:25,PayPal,3177.04,Completed,TXN-3497-3497
3498,3498,2025-10-05 02:12:36,Debit Card,758.12,Completed,TXN-3498-3498
3499,3499,2025-12-03 19:23:43,Bank Transfer,1055.24,Completed,TXN-3499-3499
3500,3500,2024-04-01 21:39:40,Debit Card,1205.7,Completed,TXN-3500-3500
3501,3501,2026-05-11 07:03:01,Bank Transfer,1076.24,Completed,TXN-3501-3501
3502,3502,2026-05-24 07:53:49,Cash on Delivery,2593.26,Completed,TXN-3502-3502
3503,3503,2024-09-05 13:06:10,Bank Transfer,1687.68,Completed,TXN-3503-3503
3504,3504,2026-04-07 08:04:29,PayPal,1060.03,Completed,TXN-3504-3504
3505,3505,2025-11-05 21:48:59,Cash on Delivery,2516.58,Completed,TXN-3505-3505
3506,3506,2025-05-08 23:21:06,Cash on Delivery,1445.09,Completed,TXN-3506-3506
3507,3507,2025-12-20 11:05:44,PayPal,1449.94,Completed,TXN-3507-3507
3508,3508,2025-12-20 00:19:34,Cash on Delivery,1490.3,Completed,TXN-3508-3508
3509,3509,2024-08-12 11:58:46,Debit Card,2565.04,Failed,
3510,3510,2024-12-03 13:00:13,Credit Card,72.7,Completed,TXN-3510-3510
3511,3511,2024-11-25 04:58:09,PayPal,3964.2,Completed,TXN-3511-3511
3512,3512,2025-04-18 17:17:22,PayPal,3338.14,Completed,TXN-3512-3512
3513,3513,2024-12-18 09:44:02,Debit Card,6908.98,Pending,
3514,3514,2025-01-25 04:10:19,PayPal,3999.67,Completed,TXN-3514-3514
3515,3515,2025-09-02 20:05:48,Bank Transfer,1700.36,Completed,TXN-3515-3515
3516,3516,2025-05-26 21:19:24,PayPal,1523.37,Failed,
3517,3517,2026-08-22 03:18:46,Cash on Delivery,908.57,Completed,TXN-3517-3517
3518,3518,2026-04-09 08:49:33,Credit Card,794.2,Completed,TXN-3518-3518
3519,3519,2026-02-19 17:59:49,Debit Card,3423.58,Completed,TXN-3519-3519
3520,3520,2024-08-23 21:04:11,Credit Card,3506.74,Completed,TXN-3520-3520
3521,3521,2026-05-31 10:57:15,Debit Card,4003.16,Completed,TXN-3521-3521
3522,3522,2026-05-13 11:03:15,PayPal,1841.66,Completed,TXN-3522-3522
3523,3523,2026-05-20 07:26:49,Credit Card,2261.36,Completed,TXN-3523-3523
3524,3524,2024-08-02 22:53:53,Bank Transfer,873.24,Completed,TXN-3524-3524
3525,3525,2026-06-01 20:53:57,Credit Card,1284.97,Completed,TXN-3525-3525
3526,3526,2026-04-24 02:19:12,Cash on Delivery,1569.91,Completed,TXN-3526-3526
3527,3527,2026-01-08 03:29:35,Credit Card,402.3,Completed,TXN-3527-3527
3528,3528,2024-11-23 06:19:11,Bank Transfer,2897.34,Completed,TXN-3528-3528
3529,3529,2024-09-27 23:05:57,PayPal,384.94,Pending,
3530,3530,2026-02-15 08:51:21,Cash on Delivery,3142.19,Completed,TXN-3530-3530
3531,3531,2025-11-26 13:27:30,PayPal,1913.29,Completed,TXN-3531-3531
3532,3532,2026-03-15 00:13:45,Credit Card,1092.93,Completed,TXN-3532-3532
3533,3533,2025-02-15 15:44:41,Bank Transfer,1088.1,Completed,TXN-3533-3533
3534,3534,2026-06-29 08:33:20,Bank Transfer,1286.51,Completed,TXN-3534-3534
3535,3535,2026-03-05 10:28:05,Credit Card,1929.76,Completed,TXN-3535-3535
3536,3536,2026-04-07 20:18:50,PayPal,1252.42,Completed,TXN-3536-3536
3537,3537,2026-05-06 18:29:20,Debit Card,982.22,Completed,TXN-3537-3537
3538,3538,2026-06-23 15:52:57,PayPal,4203.13,Completed,TXN-3538-3538
3539,3539,2026-06-30 12:55:09,PayPal,4936.57,Completed,TXN-3539-3539
3540,3540,2025-08-19 01:35:53,PayPal,2321.04,Completed,TXN-3540-3540
3541,3541,2026-08-26 01:34:46,Debit Card,557.91,Completed,TXN-3541-3541
3542,3542,2025-11-14 08:05:59,Cash on Delivery,1150.8,Completed,TXN-3542-3542
3543,3543,2026-07-31 02:30:06,Debit Card,4762.34,Completed,TXN-3543-3543
3544,3544,2026-06-14 12:10:54,Bank Transfer,923.78,Completed,TXN-3544-3544
3545,3545,2026-08-31 02:00:37,Credit Card,2125.15,Completed,TXN-3545-3545
3546,3546,2025-10-03 07:24:35,Credit Card,1757.26,Completed,TXN-3546-3546
3547,3547,2026-08-25 16:38:07,Bank Transfer,1296.81,Completed,TXN-3547-3547
3548,3548,2026-08-12 13:56:30,Bank Transfer,2579.18,Completed,TXN-3548-3548
3549,3549,2025-12-09 22:31:43,Bank Transfer,2982.54,Completed,TXN-3549-3549
3550,3550,2026-02-12 05:52:03,Credit Card,871.29,Completed,TXN-3550-3550
3551,3551,2026-03-03 06:48:31,Cash on Delivery,1091.74,Failed,
3552,3552,2025-01-05 11:53:43,Credit Card,282.66,Completed,TXN-3552-3552
3553,3553,2025-10-23 10:04:31,Credit Card,854.22,Refunded,TXN-3553-3553
3554,3554,2026-04-03 08:55:43,Bank Transfer,3836.22,Completed,TXN-3554-3554
3555,3555,2024-09-06 09:49:17,Credit Card,2884.9,Completed,TXN-3555-3555
3556,3556,2024-10-21 10:57:54,Credit Card,1485.84,Refunded,TXN-3556-3556
3557,3557,2026-08-30 00:42:17,Cash on Delivery,255.83,Pending,
3558,3558,2026-05-16 16:39:56,Debit Card,966.58,Completed,TXN-3558-3558
3559,3559,2024-09-04 07:04:53,Debit Card,4310.1,Completed,TXN-3559-3559
3560,3560,2026-02-05 21:14:14,Debit Card,2313.08,Completed,TXN-3560-3560
3561,3561,2026-07-18 13:53:52,PayPal,2707.03,Failed,
3562,3562,2026-03-18 16:45:51,Cash on Delivery,3625.62,Completed,TXN-3562-3562
3563,3563,2026-01-04 10:02:16,Bank Transfer,737.17,Completed,TXN-3563-3563
3564,3564,2025-11-09 15:01:39,Credit Card,1895.84,Completed,TXN-3564-3564
3565,3565,2026-02-19 07:29:49,PayPal,1497.32,Completed,TXN-3565-3565
3566,3566,2025-02-05 06:35:32,Cash on Delivery,774.23,Refunded,TXN-3566-3566
3567,3567,2026-06-14 11:13:00,PayPal,925.09,Completed,TXN-3567-3567
3568,3568,2026-03-16 18:15:58,Credit Card,243.97,Completed,TXN-3568-3568
3569,3569,2025-09-11 00:42:54,Bank Transfer,2217.45,Completed,TXN-3569-3569
3570,3570,2026-04-30 07:58:59,Debit Card,1547.96,Completed,TXN-3570-3570
3571,3571,2024-12-18 13:13:08,Cash on Delivery,1867.4,Completed,TXN-3571-3571
3572,3572,2026-02-13 09:25:07,Credit Card,1860.5,Completed,TXN-3572-3572
3573,3573,2026-05-09 08:36:48,Debit Card,1567.7,Completed,TXN-3573-3573
3574,3574,2026-07-05 00:18:50,PayPal,615.09,Completed,TXN-3574-3574
3575,3575,2025-09-24 09:02:03,Bank Transfer,720.82,Completed,TXN-3575-3575
3576,3576,2025-01-09 19:46:29,Bank Transfer,838.87,Completed,TXN-3576-3576
3577,3577,2026-02-11 17:44:41,Cash on Delivery,851.91,Completed,TXN-3577-3577
3578,3578,2026-07-22 08:54:46,PayPal,1194.9,Failed,
3579,3579,2025-08-15 23:19:08,Bank Transfer,1787.93,Completed,TXN-3579-3579
3580,3580,2026-05-17 17:52:12,Bank Transfer,66.35,Completed,TXN-3580-3580
3581,3581,2026-07-16 22:27:28,Bank Transfer,3720.26,Completed,TXN-3581-3581
3582,3582,2025-07-19 23:35:49,Credit Card,2760.8,Completed,TXN-3582-3582
3583,3583,2026-05-01 15:29:29,PayPal,2299.31,Completed,TXN-3583-3583
3584,3584,2026-07-06 16:58:37,PayPal,1895.84,Completed,TXN-3584-3584
3585,3585,2024-10-23 21:57:12,Credit Card,1689.78,Completed,TXN-3585-3585
3586,3586,2026-05-11 06:43:08,Debit Card,1274.06,Completed,TXN-3586-3586
3587,3587,2026-07-20 08:51:05,PayPal,1772.66,Completed,TXN-3587-3587
3588,3588,2026-08-12 16:15:27,Debit Card,1711.43,Completed,TXN-3588-3588
3589,3589,2026-03-05 19:47:22,PayPal,185.47,Completed,TXN-3589-3589
3590,3590,2025-08-26 07:29:14,Debit Card,4609.4,Completed,TXN-3590-3590
3591,3591,2024-12-05 16:26:47,PayPal,149.0,Completed,TXN-3591-3591
3592,3592,2025-05-21 02:49:24,Cash on Delivery,1409.05,Completed,TXN-3592-3592
3593,3593,2026-07-03 07:40:15,Debit Card,4879.2,Completed,TXN-3593-3593
3594,3594,2025-10-08 12:35:55,PayPal,1857.86,Completed,TXN-3594-3594
3595,3595,2024-07-08 15:51:00,Cash on Delivery,5575.5,Completed,TXN-3595-3595
3596,3596,2026-08-12 23:50:23,Debit Card,963.55,Completed,TXN-3596-3596
3597,3597,2026-08-27 14:08:44,PayPal,388.76,Completed,TXN-3597-3597
3598,3598,2024-02-16 11:17:13,Debit Card,1486.2,Failed,
3599,3599,2026-07-19 03:12:16,PayPal,1781.46,Completed,TXN-3599-3599
3600,3600,2024-11-22 17:27:55,PayPal,2589.77,Completed,TXN-3600-3600
3601,3601,2024-05-19 23:20:34,Credit Card,2817.6,Completed,TXN-3601-3601
3602,3602,2025-03-20 05:47:57,PayPal,3789.92,Completed,TXN-3602-3602
3603,3603,2026-03-19 11:23:47,Bank Transfer,1968.64,Pending,
3604,3604,2024-09-18 09:03:43,Debit Card,1653.78,Completed,TXN-3604-3604
3605,3605,2025-06-03 17:58:55,PayPal,808.51,Completed,TXN-3605-3605
3606,3606,2026-08-17 21:50:17,Credit Card,3508.28,Completed,TXN-3606-3606
3607,3607,2026-09-01 15:18:11,Debit Card,851.91,Pending,
3608,3608,2025-08-27 00:08:12,Credit Card,924.26,Completed,TXN-3608-3608
3609,3609,2026-03-13 08:30:17,PayPal,1655.88,Pending,
3610,3610,2026-08-21 11:57:21,Credit Card,248.36,Completed,TXN-3610-3610
3611,3611,2026-06-19 07:34:22,Debit Card,3072.75,Completed,TXN-3611-3611
3612,3612,2025-03-30 21:58:41,Credit Card,2019.04,Completed,TXN-3612-3612
3613,3613,2026-05-02 14:41:39,Cash on Delivery,1288.86,Completed,TXN-3613-3613
3614,3614,2024-08-15 15:36:37,Credit Card,137.06,Completed,TXN-3614-3614
3615,3615,2025-05-04 04:54:04,Cash on Delivery,370.94,Completed,TXN-3615-3615
3616,3616,2025-05-11 05:18:35,Debit Card,1036.36,Completed,TXN-3616-3616
3617,3617,2024-03-23 17:58:41,Credit Card,1240.58,Completed,TXN-3617-3617
3618,3618,2025-07-08 22:27:47,Credit Card,2712.94,Completed,TXN-3618-3618
3619,3619,2025-12-10 12:10:12,Debit Card,3303.0,Completed,TXN-3619-3619
3620,3620,2024-09-22 02:10:06,Debit Card,1555.49,Completed,TXN-3620-3620
3621,3621,2025-03-08 15:42:33,Debit Card,709.62,Pending,
3622,3622,2025-07-30 00:08:04,Debit Card,2987.69,Completed,TXN-3622-3622
3623,3623,2026-07-27 16:51:26,Cash on Delivery,2260.25,Completed,TXN-3623-3623
3624,3624,2026-08-11 13:45:44,Debit Card,1787.98,Completed,TXN-3624-3624
3625,3625,2026-08-29 08:52:00,Credit Card,882.81,Completed,TXN-3625-3625
3626,3626,2026-08-30 04:30:25,Bank Transfer,1177.05,Completed,TXN-3626-3626
3627,3627,2025-10-26 10:19:17,Debit Card,394.13,Completed,TXN-3627-3627
3628,3628,2025-10-18 15:21:16,Cash on Delivery,574.04,Completed,TXN-3628-3628
3629,3629,2025-05-07 07:56:39,Cash on Delivery,2855.79,Completed,TXN-3629-3629
3630,3630,2025-04-09 15:36:41,PayPal,4156.11,Completed,TXN-3630-3630
3631,3631,2025-07-30 17:51:27,PayPal,968.09,Pending,
3632,3632,2025-09-11 20:01:35,Bank Transfer,287.02,Completed,TXN-3632-3632
3633,3633,2026-02-05 16:44:14,Bank Transfer,2200.17,Completed,TXN-3633-3633
3634,3634,2025-01-23 19:53:29,Cash on Delivery,3978.12,Completed,TXN-3634-3634
3635,3635,2026-08-28 19:13:04,PayPal,2648.1,Completed,TXN-3635-3635
3636,3636,2025-05-21 16:13:43,Bank Transfer,4067.44,Completed,TXN-3636-3636
3637,3637,2024-04-09 00:36:58,Bank Transfer,2311.17,Completed,TXN-3637-3637
3638,3638,2026-06-16 20:11:13,Cash on Delivery,768.16,Completed,TXN-3638-3638
3639,3639,2025-06-17 07:50:38,Cash on Delivery,1193.28,Completed,TXN-3639-3639
3640,3640,2025-06-21 05:47:14,Credit Card,1787.81,Completed,TXN-3640-3640
3641,3641,2026-04-16 10:42:56,Cash on Delivery,658.15,Completed,TXN-3641-3641
3642,3642,2026-06-15 06:48:01,Cash on Delivery,3895.35,Completed,TXN-3642-3642
3643,3643,2026-08-20 02:46:13,Debit Card,946.97,Completed,TXN-3643-3643
3644,3644,2025-10-28 03:19:35,Credit Card,173.9,Completed,TXN-3644-3644
3645,3645,2025-10-17 08:39:39,Credit Card,1358.92,Completed,TXN-3645-3645
3646,3646,2026-08-28 21:41:23,Cash on Delivery,813.07,Completed,TXN-3646-3646
3647,3647,2025-10-27 02:28:36,Cash on Delivery,58.12,Completed,TXN-3647-3647
3648,3648,2025-07-08 07:34:41,PayPal,904.38,Completed,TXN-3648-3648
3649,3649,2025-08-12 00:52:38,Credit Card,1083.54,Completed,TXN-3649-3649
3650,3650,2026-05-05 18:05:44,Credit Card,1624.4,Completed,TXN-3650-3650
3651,3651,2025-10-18 18:30:39,Bank Transfer,2962.26,Completed,TXN-3651-3651
3652,3652,2024-11-30 21:35:03,Debit Card,1171.96,Completed,TXN-3652-3652
3653,3653,2026-05-20 04:41:05,PayPal,3606.72,Completed,TXN-3653-3653
3654,3654,2026-02-14 04:38:32,Cash on Delivery,609.4,Completed,TXN-3654-3654
3655,3655,2026-08-15 21:19:04,PayPal,185.47,Completed,TXN-3655-3655
3656,3656,2024-04-06 12:48:09,Debit Card,929.65,Completed,TXN-3656-3656
3657,3657,2025-09-30 14:06:53,Debit Card,3034.19,Completed,TXN-3657-3657
3658,3658,2025-06-23 23:12:48,Credit Card,6939.97,Completed,TXN-3658-3658
3659,3659,2026-08-19 21:32:47,Credit Card,4986.24,Completed,TXN-3659-3659
3660,3660,2026-02-27 05:30:46,Bank Transfer,2532.86,Completed,TXN-3660-3660
3661,3661,2025-08-05 23:55:32,Cash on Delivery,2536.76,Completed,TXN-3661-3661
3662,3662,2026-06-03 23:59:32,Bank Transfer,658.15,Completed,TXN-3662-3662
3663,3663,2026-08-04 22:26:35,Debit Card,730.34,Completed,TXN-3663-3663
3664,3664,2025-08-17 17:52:33,Cash on Delivery,492.37,Completed,TXN-3664-3664
3665,3665,2026-03-02 21:18:20,Bank Transfer,6427.63,Completed,TXN-3665-3665
3666,3666,2026-06-02 10:09:55,Cash on Delivery,927.5,Completed,TXN-3666-3666
3667,3667,2025-05-12 13:27:35,Debit Card,760.47,Completed,TXN-3667-3667
3668,3668,2026-08-08 03:05:07,PayPal,785.94,Completed,TXN-3668-3668
3669,3669,2024-04-23 13:14:57,Debit Card,854.22,Completed,TXN-3669-3669
3670,3670,2026-05-26 04:39:48,Bank Transfer,1335.76,Pending,
3671,3671,2026-01-04 11:33:08,Debit Card,914.71,Completed,TXN-3671-3671
3672,3672,2026-02-05 14:55:50,Bank Transfer,596.65,Completed,TXN-3672-3672
3673,3673,2026-03-03 18:39:07,Credit Card,584.38,Completed,TXN-3673-3673
3674,3674,2026-05-16 13:21:11,Debit Card,797.52,Completed,TXN-3674-3674
3675,3675,2026-07-10 11:56:40,PayPal,245.31,Completed,TXN-3675-3675
3676,3676,2025-06-25 23:08:06,PayPal,1880.41,Completed,TXN-3676-3676
3677,3677,2024-09-03 12:00:02,PayPal,1987.65,Completed,TXN-3677-3677
3678,3678,2024-07-09 00:29:21,Cash on Delivery,456.92,Pending,
3679,3679,2026-07-07 10:19:56,PayPal,771.35,Completed,TXN-3679-3679
3680,3680,2026-03-29 16:41:13,Debit Card,2328.47,Completed,TXN-3680-3680
3681,3681,2026-03-04 07:42:29,PayPal,351.34,Completed,TXN-3681-3681
3682,3682,2026-08-13 04:43:39,PayPal,2176.67,Failed,
3683,3683,2025-09-19 21:03:24,Cash on Delivery,1544.86,Completed,TXN-3683-3683
3684,3684,2026-07-16 03:38:46,Debit Card,2869.25,Completed,TXN-3684-3684
3685,3685,2026-04-28 22:55:11,Debit Card,3853.87,Completed,TXN-3685-3685
3686,3686,2026-03-14 04:47:53,Debit Card,818.1,Completed,TXN-3686-3686
3687,3687,2025-10-05 14:40:55,Debit Card,659.17,Completed,TXN-3687-3687
3688,3688,2026-07-13 07:50:59,Cash on Delivery,557.32,Completed,TXN-3688-3688
3689,3689,2026-04-18 15:02:33,Cash on Delivery,2948.17,Completed,TXN-3689-3689
3690,3690,2026-08-11 17:29:59,Credit Card,2069.73,Completed,TXN-3690-3690
3691,3691,2024-12-20 19:12:47,PayPal,1456.67,Completed,TXN-3691-3691
3692,3692,2026-01-13 14:40:19,Bank Transfer,5395.23,Completed,TXN-3692-3692
3693,3693,2026-07-10 02:28:56,Bank Transfer,4426.7,Completed,TXN-3693-3693
3694,3694,2025-07-03 14:24:57,Cash on Delivery,255.18,Completed,TXN-3694-3694
3695,3695,2025-08-08 05:22:08,Cash on Delivery,1387.49,Completed,TXN-3695-3695
3696,3696,2025-02-19 15:09:29,PayPal,2863.67,Completed,TXN-3696-3696
3697,3697,2024-08-31 19:52:57,Bank Transfer,4351.14,Completed,TXN-3697-3697
3698,3698,2025-11-01 06:15:20,PayPal,2064.96,Completed,TXN-3698-3698
3699,3699,2025-10-31 02:36:58,PayPal,4048.16,Refunded,TXN-3699-3699
3700,3700,2026-05-20 07:22:41,Cash on Delivery,1871.94,Completed,TXN-3700-3700
3701,3701,2024-08-27 19:32:24,PayPal,4659.69,Completed,TXN-3701-3701
3702,3702,2025-06-24 15:44:04,Bank Transfer,3761.52,Completed,TXN-3702-3702
3703,3703,2026-03-06 00:00:13,PayPal,2554.74,Completed,TXN-3703-3703
3704,3704,2025-10-13 04:56:51,PayPal,1836.97,Completed,TXN-3704-3704
3705,3705,2024-09-27 14:34:33,Bank Transfer,2808.36,Failed,
3706,3706,2025-11-13 08:42:22,Cash on Delivery,894.69,Completed,TXN-3706-3706
3707,3707,2024-03-21 02:41:52,Debit Card,2401.08,Failed,
3708,3708,2026-03-08 23:42:13,Cash on Delivery,2195.58,Completed,TXN-3708-3708
3709,3709,2026-08-08 17:17:43,Cash on Delivery,1002.95,Completed,TXN-3709-3709
3710,3710,2024-07-10 16:58:31,PayPal,3768.17,Completed,TXN-3710-3710
3711,3711,2026-08-03 09:22:31,Cash on Delivery,3581.41,Completed,TXN-3711-3711
3712,3712,2026-08-22 06:06:55,Debit Card,1387.62,Completed,TXN-3712-3712
3713,3713,2024-11-23 15:10:39,PayPal,1230.55,Completed,TXN-3713-3713
3714,3714,2026-06-03 01:28:28,PayPal,1659.23,Completed,TXN-3714-3714
3715,3715,2025-06-19 00:12:44,Debit Card,713.62,Refunded,TXN-3715-3715
3716,3716,2024-12-07 01:43:09,Debit Card,1803.97,Pending,
3717,3717,2025-12-19 22:35:17,Cash on Delivery,1814.52,Pending,
3718,3718,2025-11-26 18:22:26,PayPal,1374.2,Completed,TXN-3718-3718
3719,3719,2024-09-30 13:14:53,Credit Card,3273.47,Completed,TXN-3719-3719
3720,3720,2024-06-21 21:10:04,Credit Card,396.55,Completed,TXN-3720-3720
3721,3721,2024-06-23 06:45:09,PayPal,1736.67,Completed,TXN-3721-3721
3722,3722,2025-08-08 20:17:15,Credit Card,2264.25,Completed,TXN-3722-3722
3723,3723,2025-07-16 13:06:56,Cash on Delivery,2129.29,Completed,TXN-3723-3723
3724,3724,2025-04-04 12:32:42,Credit Card,6777.02,Completed,TXN-3724-3724
3725,3725,2026-04-20 22:07:33,Cash on Delivery,2244.0,Completed,TXN-3725-3725
3726,3726,2025-11-30 06:58:23,Credit Card,4214.47,Completed,TXN-3726-3726
3727,3727,2025-07-07 14:48:34,Bank Transfer,930.25,Completed,TXN-3727-3727
3728,3728,2026-08-19 15:52:03,Credit Card,320.79,Completed,TXN-3728-3728
3729,3729,2024-05-25 04:58:02,Cash on Delivery,2276.88,Completed,TXN-3729-3729
3730,3730,2024-02-13 03:14:48,Bank Transfer,370.94,Completed,TXN-3730-3730
3731,3731,2025-10-18 13:49:51,Cash on Delivery,1193.09,Pending,
3732,3732,2026-08-20 10:53:59,Credit Card,4166.52,Completed,TXN-3732-3732
3733,3733,2026-03-08 06:11:00,Bank Transfer,1740.34,Completed,TXN-3733-3733
3734,3734,2026-04-20 05:59:50,Cash on Delivery,236.54,Completed,TXN-3734-3734
3735,3735,2026-06-28 06:26:22,Credit Card,1101.65,Completed,TXN-3735-3735
3736,3736,2024-11-01 08:43:37,Cash on Delivery,1016.34,Completed,TXN-3736-3736
3737,3737,2025-12-01 09:35:35,Cash on Delivery,1235.42,Completed,TXN-3737-3737
3738,3738,2026-03-08 07:01:58,Cash on Delivery,1066.83,Completed,TXN-3738-3738
3739,3739,2025-02-28 14:59:05,Debit Card,1844.33,Completed,TXN-3739-3739
3740,3740,2026-03-05 10:10:36,Credit Card,1766.49,Completed,TXN-3740-3740
3741,3741,2026-07-25 18:20:46,Debit Card,665.47,Completed,TXN-3741-3741
3742,3742,2026-07-31 06:16:41,Credit Card,132.89,Completed,TXN-3742-3742
3743,3743,2026-07-11 13:02:52,Debit Card,668.87,Completed,TXN-3743-3743
3744,3744,2026-06-06 10:42:43,Bank Transfer,848.02,Completed,TXN-3744-3744
3745,3745,2025-01-19 10:34:01,Bank Transfer,4186.89,Completed,TXN-3745-3745
3746,3746,2026-05-17 14:09:40,Debit Card,2619.84,Completed,TXN-3746-3746
3747,3747,2026-08-30 10:10:52,Credit Card,935.97,Completed,TXN-3747-3747
3748,3748,2026-07-21 21:20:14,PayPal,2693.1,Completed,TXN-3748-3748
3749,3749,2024-08-27 03:51:24,PayPal,5776.82,Completed,TXN-3749-3749
3750,3750,2026-01-26 14:04:53,PayPal,1804.35,Completed,TXN-3750-3750
3751,3751,2025-11-21 19:18:51,Debit Card,3677.95,Completed,TXN-3751-3751
3752,3752,2026-06-23 15:50:22,Bank Transfer,2855.88,Completed,TXN-3752-3752
3753,3753,2026-07-04 16:53:53,Debit Card,2830.82,Completed,TXN-3753-3753
3754,3754,2026-04-14 01:41:32,Bank Transfer,2627.99,Completed,TXN-3754-3754
3755,3755,2024-10-21 01:47:35,Bank Transfer,2367.75,Failed,
3756,3756,2026-02-28 01:02:41,Debit Card,1231.97,Refunded,TXN-3756-3756
3757,3757,2026-06-10 20:43:54,PayPal,1644.62,Completed,TXN-3757-3757
3758,3758,2025-07-22 22:57:40,Credit Card,3075.76,Completed,TXN-3758-3758
3759,3759,2025-09-29 00:34:06,Credit Card,388.38,Completed,TXN-3759-3759
3760,3760,2025-08-30 20:11:58,Debit Card,736.29,Completed,TXN-3760-3760
3761,3761,2025-12-28 17:18:29,PayPal,1700.69,Completed,TXN-3761-3761
3762,3762,2025-06-12 09:53:34,Debit Card,2010.56,Pending,
3763,3763,2026-04-21 20:46:00,Bank Transfer,1236.03,Completed,TXN-3763-3763
3764,3764,2026-04-25 14:27:43,Debit Card,322.74,Completed,TXN-3764-3764
3765,3765,2026-04-21 17:25:53,Debit Card,994.53,Completed,TXN-3765-3765
3766,3766,2024-12-03 02:54:51,Cash on Delivery,424.65,Completed,TXN-3766-3766
3767,3767,2025-01-25 20:36:28,Credit Card,176.2,Completed,TXN-3767-3767
3768,3768,2026-03-16 01:20:14,Debit Card,3540.6,Completed,TXN-3768-3768
3769,3769,2026-09-01 19:32:22,Bank Transfer,1167.22,Completed,TXN-3769-3769
3770,3770,2026-05-17 14:04:37,Credit Card,204.87,Completed,TXN-3770-3770
3771,3771,2024-12-18 22:28:32,Credit Card,532.41,Completed,TXN-3771-3771
3772,3772,2025-02-28 06:07:36,PayPal,1792.35,Completed,TXN-3772-3772
3773,3773,2026-03-20 03:33:59,PayPal,1247.28,Completed,TXN-3773-3773
3774,3774,2025-05-22 09:55:09,Credit Card,2620.96,Pending,
3775,3775,2026-07-11 15:31:03,Credit Card,163.9,Completed,TXN-3775-3775
3776,3776,2026-04-02 05:04:39,Cash on Delivery,947.92,Completed,TXN-3776-3776
3777,3777,2026-06-10 04:27:10,Cash on Delivery,1042.63,Completed,TXN-3777-3777
3778,3778,2024-12-25 13:12:23,Debit Card,843.51,Completed,TXN-3778-3778
3779,3779,2026-02-14 01:45:36,Bank Transfer,305.76,Completed,TXN-3779-3779
3780,3780,2026-07-19 02:00:33,Bank Transfer,6326.38,Completed,TXN-3780-3780
3781,3781,2026-02-06 01:20:17,Credit Card,3034.88,Refunded,TXN-3781-3781
3782,3782,2026-08-07 00:38:18,Cash on Delivery,1760.58,Completed,TXN-3782-3782
3783,3783,2026-08-28 12:20:59,Debit Card,1375.02,Completed,TXN-3783-3783
3784,3784,2024-05-22 19:18:16,PayPal,118.54,Completed,TXN-3784-3784
3785,3785,2025-04-28 14:13:56,Debit Card,3341.7,Failed,
3786,3786,2025-07-05 22:30:36,PayPal,1579.3,Completed,TXN-3786-3786
3787,3787,2026-01-07 22:23:31,Credit Card,4312.42,Completed,TXN-3787-3787
3788,3788,2024-08-27 04:50:20,Bank Transfer,3484.51,Completed,TXN-3788-3788
3789,3789,2026-08-11 04:38:38,Bank Transfer,667.55,Completed,TXN-3789-3789
3790,3790,2023-12-29 00:09:29,Cash on Delivery,2430.98,Completed,TXN-3790-3790
3791,3791,2026-01-28 06:11:12,Credit Card,1209.68,Pending,
3792,3792,2026-04-07 21:55:20,Credit Card,834.62,Completed,TXN-3792-3792
3793,3793,2025-05-25 07:42:13,Bank Transfer,1531.53,Pending,
3794,3794,2026-08-15 21:09:48,Debit Card,3315.27,Completed,TXN-3794-3794
3795,3795,2024-11-14 13:36:01,Cash on Delivery,1543.04,Completed,TXN-3795-3795
3796,3796,2024-03-18 10:56:29,Debit Card,1353.83,Completed,TXN-3796-3796
3797,3797,2026-08-13 17:29:27,Bank Transfer,2845.9,Pending,
3798,3798,2025-02-17 20:02:05,PayPal,1617.25,Completed,TXN-3798-3798
3799,3799,2026-04-13 08:28:24,Debit Card,2989.71,Completed,TXN-3799-3799
3800,3800,2026-08-10 03:35:59,Bank Transfer,4576.05,Completed,TXN-3800-3800
3801,3801,2025-02-01 16:42:45,Cash on Delivery,502.14,Completed,TXN-3801-3801
3802,3802,2024-05-15 09:37:45,Credit Card,6129.74,Failed,
3803,3803,2026-06-12 12:22:14,Bank Transfer,1711.14,Completed,TXN-3803-3803
3804,3804,2026-09-01 19:02:33,Cash on Delivery,3666.82,Completed,TXN-3804-3804
3805,3805,2024-08-02 07:38:57,Credit Card,1164.67,Completed,TXN-3805-3805
3806,3806,2026-02-08 01:50:08,Cash on Delivery,818.1,Completed,TXN-3806-3806
3807,3807,2024-06-16 10:18:52,Debit Card,2346.09,Refunded,TXN-3807-3807
3808,3808,2026-08-11 19:15:40,Cash on Delivery,1366.75,Pending,
3809,3809,2026-08-28 23:44:53,Credit Card,807.82,Completed,TXN-3809-3809
3810,3810,2026-06-19 03:47:00,PayPal,347.8,Completed,TXN-3810-3810
3811,3811,2026-03-11 01:44:46,Credit Card,2266.59,Completed,TXN-3811-3811
3812,3812,2026-04-22 01:56:35,Credit Card,973.78,Completed,TXN-3812-3812
3813,3813,2026-01-11 21:06:57,Bank Transfer,1476.25,Completed,TXN-3813-3813
3814,3814,2026-08-26 03:49:31,Credit Card,3990.81,Completed,TXN-3814-3814
3815,3815,2024-05-09 14:56:01,Credit Card,1942.59,Completed,TXN-3815-3815
3816,3816,2025-08-23 14:33:36,Cash on Delivery,1016.34,Completed,TXN-3816-3816
3817,3817,2026-03-31 07:25:57,Bank Transfer,1350.2,Completed,TXN-3817-3817
3818,3818,2026-04-22 21:15:13,Credit Card,662.55,Completed,TXN-3818-3818
3819,3819,2026-06-25 18:08:38,Debit Card,1517.52,Completed,TXN-3819-3819
3820,3820,2025-01-30 19:39:51,Bank Transfer,546.07,Completed,TXN-3820-3820
3821,3821,2025-12-06 07:16:33,Cash on Delivery,1125.21,Refunded,TXN-3821-3821
3822,3822,2026-06-01 01:14:26,Bank Transfer,1142.72,Pending,
3823,3823,2025-04-20 14:39:46,Debit Card,673.78,Completed,TXN-3823-3823
3824,3824,2026-04-05 11:00:16,Credit Card,800.5,Completed,TXN-3824-3824
3825,3825,2025-04-23 03:56:58,Debit Card,3556.84,Completed,TXN-3825-3825
3826,3826,2026-08-18 21:17:38,Cash on Delivery,2364.52,Completed,TXN-3826-3826
3827,3827,2025-08-26 01:18:16,Credit Card,4848.32,Completed,TXN-3827-3827
3828,3828,2026-02-09 09:49:43,Bank Transfer,1963.3,Completed,TXN-3828-3828
3829,3829,2026-01-28 10:55:33,PayPal,2532.32,Completed,TXN-3829-3829
3830,3830,2024-11-24 12:05:49,Debit Card,4006.18,Completed,TXN-3830-3830
3831,3831,2026-05-11 13:48:53,Bank Transfer,1815.02,Completed,TXN-3831-3831
3832,3832,2026-06-24 07:06:24,PayPal,364.0,Completed,TXN-3832-3832
3833,3833,2024-08-27 01:25:18,Debit Card,962.12,Refunded,TXN-3833-3833
3834,3834,2024-10-05 09:30:09,Credit Card,716.96,Completed,TXN-3834-3834
3835,3835,2025-07-23 07:53:20,Cash on Delivery,466.89,Completed,TXN-3835-3835
3836,3836,2026-07-28 07:51:12,Debit Card,4074.46,Pending,
3837,3837,2026-08-21 19:06:41,Credit Card,413.08,Pending,
3838,3838,2025-12-22 23:54:41,Credit Card,867.82,Completed,TXN-3838-3838
3839,3839,2026-08-29 02:57:37,Bank Transfer,4133.77,Failed,
3840,3840,2026-06-26 14:59:10,Bank Transfer,882.7,Completed,TXN-3840-3840
3841,3841,2025-05-21 12:25:50,Debit Card,2953.1,Completed,TXN-3841-3841
3842,3842,2026-07-20 20:32:22,Bank Transfer,3191.87,Completed,TXN-3842-3842
3843,3843,2026-05-27 06:52:54,Bank Transfer,1613.08,Completed,TXN-3843-3843
3844,3844,2026-05-27 14:44:56,Debit Card,4911.32,Pending,
3845,3845,2026-07-23 14:12:12,Bank Transfer,2124.36,Completed,TXN-3845-3845
3846,3846,2025-07-31 17:50:02,Debit Card,3225.51,Pending,
3847,3847,2026-08-26 12:33:31,PayPal,206.74,Completed,TXN-3847-3847
3848,3848,2025-12-27 10:43:52,Debit Card,1681.92,Pending,
3849,3849,2026-01-05 11:44:01,Debit Card,959.7,Pending,
3850,3850,2026-02-09 16:42:49,Cash on Delivery,758.76,Completed,TXN-3850-3850
3851,3851,2025-09-09 23:16:30,Debit Card,913.84,Completed,TXN-3851-3851
3852,3852,2025-02-02 03:27:09,PayPal,1778.26,Pending,
3853,3853,2025-12-27 10:15:06,Credit Card,1501.66,Completed,TXN-3853-3853
3854,3854,2026-08-21 22:04:05,Bank Transfer,654.48,Completed,TXN-3854-3854
3855,3855,2025-12-10 11:48:32,PayPal,774.23,Completed,TXN-3855-3855
3856,3856,2026-08-22 08:56:25,Credit Card,478.63,Completed,TXN-3856-3856
3857,3857,2026-06-18 13:18:38,Debit Card,583.61,Completed,TXN-3857-3857
3858,3858,2025-04-26 00:06:11,Debit Card,6024.19,Completed,TXN-3858-3858
3859,3859,2026-06-22 09:23:27,Credit Card,2041.04,Completed,TXN-3859-3859
3860,3860,2025-04-14 14:59:19,Credit Card,5119.06,Completed,TXN-3860-3860
3861,3861,2025-02-03 20:07:10,PayPal,2758.46,Completed,TXN-3861-3861
3862,3862,2025-04-09 17:58:41,Credit Card,1906.21,Completed,TXN-3862-3862
3863,3863,2025-03-03 05:01:36,Bank Transfer,2963.65,Refunded,TXN-3863-3863
3864,3864,2026-08-26 22:14:03,PayPal,1122.78,Pending,
3865,3865,2024-01-18 04:25:55,Debit Card,1312.32,Completed,TXN-3865-3865
3866,3866,2026-07-20 20:01:58,Credit Card,1827.64,Completed,TXN-3866-3866
3867,3867,2024-01-12 09:10:31,Cash on Delivery,2799.53,Failed,
3868,3868,2026-05-12 16:52:19,Credit Card,1591.67,Completed,TXN-3868-3868
3869,3869,2026-05-17 11:00:56,Debit Card,298.0,Completed,TXN-3869-3869
3870,3870,2026-03-13 05:56:38,Bank Transfer,359.28,Completed,TXN-3870-3870
3871,3871,2025-03-11 20:58:12,Bank Transfer,1959.21,Completed,TXN-3871-3871
3872,3872,2025-04-03 22:25:26,Credit Card,1681.5,Completed,TXN-3872-3872
3873,3873,2026-08-05 15:39:00,Bank Transfer,2899.1,Completed,TXN-3873-3873
3874,3874,2026-07-07 12:11:06,Bank Transfer,255.83,Completed,TXN-3874-3874
3875,3875,2026-06-13 03:46:48,Cash on Delivery,952.04,Completed,TXN-3875-3875
3876,3876,2026-06-13 23:24:13,Debit Card,411.23,Completed,TXN-3876-3876
3877,3877,2024-06-14 18:56:43,PayPal,288.77,Completed,TXN-3877-3877
3878,3878,2026-01-26 22:31:52,PayPal,1444.99,Completed,TXN-3878-3878
3879,3879,2025-09-23 05:36:10,Bank Transfer,2628.97,Completed,TXN-3879-3879
3880,3880,2025-04-28 13:38:38,Debit Card,478.89,Completed,TXN-3880-3880
3881,3881,2026-03-28 03:14:09,Cash on Delivery,2613.36,Completed,TXN-3881-3881
3882,3882,2026-01-31 08:44:28,Cash on Delivery,2589.44,Completed,TXN-3882-3882
3883,3883,2026-05-28 07:51:11,Debit Card,2202.62,Completed,TXN-3883-3883
3884,3884,2026-06-23 00:04:28,PayPal,1872.64,Completed,TXN-3884-3884
3885,3885,2026-06-25 02:11:52,Bank Transfer,3461.19,Completed,TXN-3885-3885
3886,3886,2025-02-13 12:37:01,Bank Transfer,1875.53,Completed,TXN-3886-3886
3887,3887,2025-12-27 05:16:06,Bank Transfer,584.38,Failed,
3888,3888,2026-02-28 11:55:24,PayPal,1386.15,Completed,TXN-3888-3888
3889,3889,2026-05-24 06:03:25,Debit Card,664.45,Completed,TXN-3889-3889
3890,3890,2025-07-10 23:26:02,Debit Card,1549.41,Completed,TXN-3890-3890
3891,3891,2026-03-21 16:21:36,Credit Card,981.65,Completed,TXN-3891-3891
3892,3892,2026-07-11 23:11:21,Cash on Delivery,3300.11,Pending,
3893,3893,2026-02-06 11:20:56,Credit Card,1634.32,Completed,TXN-3893-3893
3894,3894,2026-08-23 23:30:51,Cash on Delivery,2855.45,Completed,TXN-3894-3894
3895,3895,2024-06-13 08:03:53,Cash on Delivery,1780.68,Completed,TXN-3895-3895
3896,3896,2025-09-30 08:27:41,Cash on Delivery,981.65,Completed,TXN-3896-3896
3897,3897,2026-06-12 11:32:45,Cash on Delivery,2318.95,Completed,TXN-3897-3897
3898,3898,2026-05-19 07:17:18,PayPal,162.7,Completed,TXN-3898-3898
3899,3899,2025-03-15 08:01:01,PayPal,3967.48,Completed,TXN-3899-3899
3900,3900,2026-04-20 02:23:07,Debit Card,1354.22,Completed,TXN-3900-3900
3901,3901,2026-02-07 15:01:40,PayPal,1005.25,Completed,TXN-3901-3901
3902,3902,2026-07-24 19:18:38,PayPal,522.71,Completed,TXN-3902-3902
3903,3903,2026-07-26 17:31:33,PayPal,4848.61,Completed,TXN-3903-3903
3904,3904,2025-07-05 17:20:50,Credit Card,2312.97,Completed,TXN-3904-3904
3905,3905,2026-04-06 00:41:32,Cash on Delivery,4178.41,Completed,TXN-3905-3905
3906,3906,2026-03-06 10:11:44,Bank Transfer,2790.75,Completed,TXN-3906-3906
3907,3907,2025-12-12 01:03:55,Credit Card,1559.01,Completed,TXN-3907-3907
3908,3908,2026-04-25 11:51:18,Cash on Delivery,485.97,Completed,TXN-3908-3908
3909,3909,2026-06-27 14:31:43,Cash on Delivery,2095.75,Completed,TXN-3909-3909
3910,3910,2025-10-30 21:44:03,PayPal,3041.4,Pending,
3911,3911,2026-08-05 10:36:06,Credit Card,3620.24,Completed,TXN-3911-3911
3912,3912,2025-03-22 00:04:37,PayPal,2749.21,Completed,TXN-3912-3912
3913,3913,2025-11-04 06:05:26,Credit Card,2518.77,Completed,TXN-3913-3913
3914,3914,2026-05-03 18:04:02,Cash on Delivery,835.26,Completed,TXN-3914-3914
3915,3915,2025-12-10 13:29:52,Bank Transfer,1313.66,Completed,TXN-3915-3915
3916,3916,2026-05-08 13:18:13,Cash on Delivery,831.83,Completed,TXN-3916-3916
3917,3917,2026-05-02 12:52:33,PayPal,3133.78,Completed,TXN-3917-3917
3918,3918,2026-08-27 01:55:35,Credit Card,2678.81,Completed,TXN-3918-3918
3919,3919,2026-08-17 16:57:54,Bank Transfer,2163.1,Completed,TXN-3919-3919
3920,3920,2025-08-31 02:21:34,Debit Card,1828.59,Pending,
3921,3921,2026-03-29 14:33:38,Bank Transfer,3261.43,Refunded,TXN-3921-3921
3922,3922,2026-06-30 10:26:04,Debit Card,1870.39,Completed,TXN-3922-3922
3923,3923,2024-09-25 14:55:43,Credit Card,2031.33,Completed,TXN-3923-3923
3924,3924,2026-01-20 10:12:36,Debit Card,2661.68,Failed,
3925,3925,2024-11-05 16:27:46,Debit Card,779.48,Completed,TXN-3925-3925
3926,3926,2025-12-27 12:14:19,Bank Transfer,1771.87,Completed,TXN-3926-3926
3927,3927,2026-06-29 11:02:16,Debit Card,584.38,Completed,TXN-3927-3927
3928,3928,2024-05-19 03:47:00,Cash on Delivery,4356.4,Pending,
3929,3929,2024-08-12 13:01:43,Credit Card,729.12,Completed,TXN-3929-3929
3930,3930,2026-05-05 00:27:58,PayPal,3291.66,Completed,TXN-3930-3930
3931,3931,2025-11-26 05:36:44,Cash on Delivery,1373.6,Completed,TXN-3931-3931
3932,3932,2026-06-16 16:01:33,Debit Card,3450.42,Completed,TXN-3932-3932
3933,3933,2025-01-23 05:39:00,Bank Transfer,129.63,Completed,TXN-3933-3933
3934,3934,2026-02-27 17:12:03,Bank Transfer,770.8,Completed,TXN-3934-3934
3935,3935,2026-07-26 05:57:02,Debit Card,6752.81,Completed,TXN-3935-3935
3936,3936,2024-10-16 12:21:41,PayPal,1871.94,Completed,TXN-3936-3936
3937,3937,2024-05-24 00:17:03,Bank Transfer,2500.87,Completed,TXN-3937-3937
3938,3938,2025-08-05 12:31:14,Bank Transfer,1649.36,Completed,TXN-3938-3938
3939,3939,2025-01-23 12:06:38,Bank Transfer,3307.87,Completed,TXN-3939-3939
3940,3940,2026-06-17 07:19:41,Bank Transfer,34.19,Completed,TXN-3940-3940
3941,3941,2026-05-07 10:19:33,Bank Transfer,2708.44,Completed,TXN-3941-3941
3942,3942,2024-12-10 15:21:11,Debit Card,1501.18,Completed,TXN-3942-3942
3943,3943,2026-03-30 11:58:54,Cash on Delivery,4193.05,Refunded,TXN-3943-3943
3944,3944,2026-01-10 19:01:32,Credit Card,1829.41,Completed,TXN-3944-3944
3945,3945,2026-08-14 06:35:56,PayPal,1084.78,Completed,TXN-3945-3945
3946,3946,2025-12-15 13:51:49,Bank Transfer,457.79,Completed,TXN-3946-3946
3947,3947,2025-12-14 15:46:16,PayPal,3373.36,Completed,TXN-3947-3947
3948,3948,2025-09-14 10:09:02,Credit Card,230.98,Completed,TXN-3948-3948
3949,3949,2025-07-24 22:00:05,Bank Transfer,4372.9,Completed,TXN-3949-3949
3950,3950,2026-04-07 23:37:33,Cash on Delivery,3114.88,Completed,TXN-3950-3950
3951,3951,2026-07-12 04:44:26,Bank Transfer,670.61,Completed,TXN-3951-3951
3952,3952,2026-07-22 19:02:27,Cash on Delivery,3768.41,Pending,
3953,3953,2026-01-11 10:43:34,Cash on Delivery,1057.42,Completed,TXN-3953-3953
3954,3954,2026-08-31 12:39:44,PayPal,976.68,Completed,TXN-3954-3954
3955,3955,2026-07-28 00:23:17,Credit Card,1016.2,Completed,TXN-3955-3955
3956,3956,2026-05-07 07:31:07,Debit Card,2912.97,Completed,TXN-3956-3956
3957,3957,2025-06-16 15:22:52,Bank Transfer,888.65,Completed,TXN-3957-3957
3958,3958,2025-04-20 11:37:07,Debit Card,2737.02,Completed,TXN-3958-3958
3959,3959,2024-06-01 06:04:49,Bank Transfer,584.38,Completed,TXN-3959-3959
3960,3960,2026-03-06 03:38:44,Credit Card,120.43,Completed,TXN-3960-3960
3961,3961,2026-07-25 11:29:14,Cash on Delivery,1390.13,Completed,TXN-3961-3961
3962,3962,2026-07-22 01:08:26,Credit Card,1510.59,Completed,TXN-3962-3962
3963,3963,2026-06-09 17:23:38,Cash on Delivery,374.42,Completed,TXN-3963-3963
3964,3964,2025-09-03 13:16:30,Credit Card,864.85,Completed,TXN-3964-3964
3965,3965,2025-10-29 16:25:53,PayPal,1062.15,Completed,TXN-3965-3965
3966,3966,2024-12-18 01:20:05,Debit Card,4185.81,Pending,
3967,3967,2026-02-16 06:42:44,Cash on Delivery,1760.58,Refunded,TXN-3967-3967
3968,3968,2026-02-09 12:13:31,Debit Card,706.29,Completed,TXN-3968-3968
3969,3969,2026-03-11 10:03:14,Cash on Delivery,1746.02,Refunded,TXN-3969-3969
3970,3970,2026-01-07 02:33:43,Cash on Delivery,5441.25,Completed,TXN-3970-3970
3971,3971,2024-12-02 10:51:16,Bank Transfer,456.92,Pending,
3972,3972,2025-03-11 22:46:18,Debit Card,1654.34,Completed,TXN-3972-3972
3973,3973,2026-04-11 19:21:48,Cash on Delivery,859.45,Failed,
3974,3974,2026-07-14 19:22:31,Credit Card,3336.63,Completed,TXN-3974-3974
3975,3975,2026-07-18 19:26:54,Credit Card,883.49,Completed,TXN-3975-3975
3976,3976,2026-08-14 02:50:07,Credit Card,4749.34,Completed,TXN-3976-3976
3977,3977,2026-08-07 07:45:55,Credit Card,109.4,Completed,TXN-3977-3977
3978,3978,2025-01-04 06:46:28,Cash on Delivery,999.31,Completed,TXN-3978-3978
3979,3979,2026-03-04 21:11:54,PayPal,301.87,Completed,TXN-3979-3979
3980,3980,2025-04-13 22:33:15,Cash on Delivery,4038.08,Completed,TXN-3980-3980
3981,3981,2025-08-01 12:20:16,Cash on Delivery,888.4,Completed,TXN-3981-3981
3982,3982,2026-05-21 20:35:29,Cash on Delivery,949.38,Completed,TXN-3982-3982
3983,3983,2026-06-13 01:27:55,Debit Card,2100.84,Completed,TXN-3983-3983
3984,3984,2026-04-18 15:23:36,Debit Card,2232.47,Completed,TXN-3984-3984
3985,3985,2025-08-26 13:22:26,Credit Card,1918.76,Completed,TXN-3985-3985
3986,3986,2025-02-14 00:51:41,Cash on Delivery,2270.6,Completed,TXN-3986-3986
3987,3987,2026-08-31 19:19:36,Bank Transfer,604.84,Completed,TXN-3987-3987
3988,3988,2024-03-14 03:01:19,Debit Card,4609.1,Pending,
3989,3989,2025-02-27 06:32:48,Debit Card,77.19,Pending,
3990,3990,2026-08-23 16:58:38,Bank Transfer,5292.34,Completed,TXN-3990-3990
3991,3991,2025-07-20 13:51:18,Bank Transfer,4582.8,Completed,TXN-3991-3991
3992,3992,2026-03-05 00:56:27,Bank Transfer,4906.03,Completed,TXN-3992-3992
3993,3993,2024-12-29 21:27:12,Cash on Delivery,3794.7,Failed,
3994,3994,2025-11-16 20:08:20,Credit Card,5663.96,Completed,TXN-3994-3994
3995,3995,2026-02-28 16:24:23,PayPal,1715.57,Completed,TXN-3995-3995
3996,3996,2026-04-16 22:03:49,Bank Transfer,1243.89,Completed,TXN-3996-3996
3997,3997,2026-08-09 23:58:20,PayPal,2011.52,Completed,TXN-3997-3997
3998,3998,2025-03-02 22:31:51,Credit Card,43.21,Completed,TXN-3998-3998
3999,3999,2026-07-17 12:42:56,Debit Card,1115.82,Completed,TXN-3999-3999
4000,4000,2026-04-05 02:17:23,PayPal,947.92,Completed,TXN-4000-4000
4001,4001,2025-02-05 18:04:56,Cash on Delivery,1910.49,Refunded,TXN-4001-4001
4002,4002,2024-10-13 01:07:42,PayPal,2461.22,Completed,TXN-4002-4002
4003,4003,2026-08-27 12:55:59,Debit Card,1470.09,Completed,TXN-4003-4003
4004,4004,2024-03-17 03:01:20,Cash on Delivery,772.96,Completed,TXN-4004-4004
4005,4005,2024-12-01 06:26:42,Credit Card,506.46,Completed,TXN-4005-4005
4006,4006,2026-05-08 04:49:35,Bank Transfer,254.2,Completed,TXN-4006-4006
4007,4007,2026-04-05 00:24:07,Bank Transfer,677.11,Failed,
4008,4008,2026-08-24 18:13:14,Cash on Delivery,1250.48,Completed,TXN-4008-4008
4009,4009,2025-09-12 03:29:33,Debit Card,604.84,Completed,TXN-4009-4009
4010,4010,2025-05-09 03:15:26,Debit Card,2344.12,Completed,TXN-4010-4010
4011,4011,2025-01-20 12:25:20,PayPal,3425.49,Completed,TXN-4011-4011
4012,4012,2025-02-25 12:54:56,Credit Card,2848.4,Completed,TXN-4012-4012
4013,4013,2026-02-04 10:04:34,Bank Transfer,1721.36,Completed,TXN-4013-4013
4014,4014,2026-06-05 21:40:36,Cash on Delivery,2042.27,Completed,TXN-4014-4014
4015,4015,2026-01-16 17:07:08,Bank Transfer,5268.77,Completed,TXN-4015-4015
4016,4016,2026-06-30 14:36:01,PayPal,963.91,Completed,TXN-4016-4016
4017,4017,2026-04-21 17:19:24,Cash on Delivery,3636.56,Failed,
4018,4018,2026-08-06 20:39:05,Debit Card,3040.72,Completed,TXN-4018-4018
4019,4019,2026-06-13 11:19:55,Cash on Delivery,1886.63,Completed,TXN-4019-4019
4020,4020,2026-07-01 23:53:39,Cash on Delivery,762.83,Completed,TXN-4020-4020
4021,4021,2025-12-19 14:17:42,PayPal,1978.88,Completed,TXN-4021-4021
4022,4022,2024-10-14 00:35:57,Bank Transfer,6000.5,Completed,TXN-4022-4022
4023,4023,2024-10-02 06:46:45,Credit Card,1277.12,Completed,TXN-4023-4023
4024,4024,2026-05-26 18:23:12,Cash on Delivery,187.56,Completed,TXN-4024-4024
4025,4025,2024-12-17 07:06:48,Debit Card,125.04,Completed,TXN-4025-4025
4026,4026,2026-05-22 09:58:35,Debit Card,1405.58,Completed,TXN-4026-4026
4027,4027,2026-07-18 02:53:23,PayPal,2763.8,Completed,TXN-4027-4027
4028,4028,2025-05-18 09:34:17,Bank Transfer,4127.29,Completed,TXN-4028-4028
4029,4029,2026-08-28 09:39:32,PayPal,1579.05,Completed,TXN-4029-4029
4030,4030,2026-05-19 06:33:20,Bank Transfer,1227.26,Completed,TXN-4030-4030
4031,4031,2025-10-21 16:34:44,Credit Card,993.45,Completed,TXN-4031-4031
4032,4032,2026-03-13 14:05:09,Credit Card,2454.05,Pending,
4033,4033,2024-12-09 13:09:16,Bank Transfer,3163.25,Completed,TXN-4033-4033
4034,4034,2026-08-23 00:53:20,Bank Transfer,221.59,Pending,
4035,4035,2026-08-22 16:47:25,PayPal,731.49,Completed,TXN-4035-4035
4036,4036,2025-12-15 06:39:24,Credit Card,848.67,Completed,TXN-4036-4036
4037,4037,2025-08-18 10:10:26,Bank Transfer,6225.86,Completed,TXN-4037-4037
4038,4038,2026-06-12 19:06:31,Bank Transfer,1329.37,Completed,TXN-4038-4038
4039,4039,2025-11-20 21:36:10,Cash on Delivery,2138.29,Completed,TXN-4039-4039
4040,4040,2026-08-02 02:02:42,Credit Card,1900.12,Completed,TXN-4040-4040
4041,4041,2025-03-14 19:32:52,PayPal,1665.23,Completed,TXN-4041-4041
4042,4042,2026-07-25 20:39:25,Cash on Delivery,722.91,Completed,TXN-4042-4042
4043,4043,2025-07-07 10:37:26,Credit Card,4834.44,Completed,TXN-4043-4043
4044,4044,2026-01-27 07:34:00,Cash on Delivery,330.45,Completed,TXN-4044-4044
4045,4045,2026-02-25 12:06:40,Bank Transfer,2735.51,Completed,TXN-4045-4045
4046,4046,2025-05-09 16:29:55,PayPal,339.73,Completed,TXN-4046-4046
4047,4047,2025-07-07 21:32:10,Bank Transfer,1892.5,Completed,TXN-4047-4047
4048,4048,2025-12-16 21:37:35,PayPal,459.02,Completed,TXN-4048-4048
4049,4049,2025-07-24 04:04:57,PayPal,894.76,Completed,TXN-4049-4049
4050,4050,2025-12-06 08:13:41,Cash on Delivery,1337.74,Completed,TXN-4050-4050
4051,4051,2026-07-25 01:23:54,Bank Transfer,320.79,Completed,TXN-4051-4051
4052,4052,2026-08-01 10:56:44,Credit Card,358.48,Completed,TXN-4052-4052
4053,4053,2025-09-14 13:57:32,Credit Card,542.39,Failed,
4054,4054,2025-05-02 11:11:35,PayPal,6327.93,Completed,TXN-4054-4054
4055,4055,2026-08-27 15:17:35,PayPal,861.06,Completed,TXN-4055-4055
4056,4056,2025-10-29 10:16:38,PayPal,141.55,Failed,
4057,4057,2026-04-26 12:27:44,Debit Card,149.0,Completed,TXN-4057-4057
4058,4058,2026-05-02 19:34:07,Bank Transfer,1539.7,Completed,TXN-4058-4058
4059,4059,2026-01-19 21:08:24,Credit Card,1207.22,Completed,TXN-4059-4059
4060,4060,2026-02-09 02:42:48,Cash on Delivery,1214.0,Completed,TXN-4060-4060
4061,4061,2025-11-12 23:05:48,Bank Transfer,981.65,Completed,TXN-4061-4061
4062,4062,2025-06-17 19:48:26,Debit Card,544.36,Pending,
4063,4063,2026-08-10 10:31:49,Cash on Delivery,4199.74,Completed,TXN-4063-4063
4064,4064,2026-07-06 04:54:22,Credit Card,2666.17,Completed,TXN-4064-4064
4065,4065,2026-06-04 07:17:44,Cash on Delivery,726.35,Completed,TXN-4065-4065
4066,4066,2026-06-20 07:01:42,Debit Card,3709.99,Completed,TXN-4066-4066
4067,4067,2025-06-28 10:50:04,Cash on Delivery,4926.55,Failed,
4068,4068,2026-03-07 01:49:07,Credit Card,745.08,Completed,TXN-4068-4068
4069,4069,2025-07-03 17:28:20,Bank Transfer,2305.05,Completed,TXN-4069-4069
4070,4070,2026-06-28 00:50:18,Credit Card,1357.63,Completed,TXN-4070-4070
4071,4071,2026-08-27 10:24:40,Debit Card,1054.37,Completed,TXN-4071-4071
4072,4072,2026-04-27 16:05:00,Credit Card,1671.64,Failed,
4073,4073,2026-07-02 21:35:38,Debit Card,1765.25,Completed,TXN-4073-4073
4074,4074,2026-05-28 03:07:04,Cash on Delivery,983.08,Completed,TXN-4074-4074
4075,4075,2025-11-15 17:44:31,Debit Card,4032.4,Completed,TXN-4075-4075
4076,4076,2024-06-02 23:22:35,Bank Transfer,1630.26,Completed,TXN-4076-4076
4077,4077,2026-05-15 05:30:37,Credit Card,530.01,Completed,TXN-4077-4077
4078,4078,2026-06-25 20:04:36,Debit Card,2716.82,Refunded,TXN-4078-4078
4079,4079,2026-08-15 13:20:02,Bank Transfer,5107.49,Completed,TXN-4079-4079
4080,4080,2026-08-10 09:52:51,PayPal,2527.95,Completed,TXN-4080-4080
4081,4081,2024-10-31 02:37:15,PayPal,6973.94,Completed,TXN-4081-4081
4082,4082,2025-10-11 03:32:55,PayPal,1778.34,Completed,TXN-4082-4082
4083,4083,2024-01-19 12:19:28,Credit Card,5937.83,Completed,TXN-4083-4083
4084,4084,2026-06-23 14:25:03,Debit Card,2145.05,Pending,
4085,4085,2026-06-20 00:36:41,Cash on Delivery,1472.71,Completed,TXN-4085-4085
4086,4086,2024-11-03 20:00:52,Bank Transfer,1317.59,Completed,TXN-4086-4086
4087,4087,2024-06-30 22:14:43,PayPal,1082.89,Completed,TXN-4087-4087
4088,4088,2025-11-02 19:22:02,Bank Transfer,679.46,Completed,TXN-4088-4088
4089,4089,2026-07-18 15:50:54,Debit Card,1357.32,Refunded,TXN-4089-4089
4090,4090,2026-07-28 15:52:50,Bank Transfer,2885.03,Completed,TXN-4090-4090
4091,4091,2026-01-26 18:17:05,Cash on Delivery,2797.29,Completed,TXN-4091-4091
4092,4092,2026-03-02 02:47:58,Credit Card,1554.39,Completed,TXN-4092-4092
4093,4093,2025-02-05 16:45:13,Credit Card,449.43,Completed,TXN-4093-4093
4094,4094,2026-07-26 23:48:42,Cash on Delivery,854.22,Completed,TXN-4094-4094
4095,4095,2026-07-17 19:22:09,Bank Transfer,2637.54,Pending,
4096,4096,2026-08-16 13:25:09,Debit Card,520.37,Pending,
4097,4097,2026-08-13 20:08:16,Credit Card,3278.98,Completed,TXN-4097-4097
4098,4098,2025-12-18 13:00:52,Bank Transfer,3423.96,Completed,TXN-4098-4098
4099,4099,2025-12-30 15:05:09,Bank Transfer,256.02,Completed,TXN-4099-4099
4100,4100,2026-06-07 17:27:45,Credit Card,4630.74,Completed,TXN-4100-4100
4101,4101,2026-07-11 03:20:18,Credit Card,2585.47,Completed,TXN-4101-4101
4102,4102,2026-02-02 18:02:46,Credit Card,704.23,Completed,TXN-4102-4102
4103,4103,2026-07-14 09:55:30,PayPal,402.25,Completed,TXN-4103-4103
4104,4104,2026-04-01 20:11:25,PayPal,881.74,Completed,TXN-4104-4104
4105,4105,2025-09-27 20:04:53,Debit Card,1186.92,Completed,TXN-4105-4105
4106,4106,2026-07-20 07:32:29,Cash on Delivery,4952.99,Completed,TXN-4106-4106
4107,4107,2026-05-26 05:15:41,Debit Card,1183.23,Completed,TXN-4107-4107
4108,4108,2026-07-22 06:24:02,Cash on Delivery,6437.66,Completed,TXN-4108-4108
4109,4109,2026-08-17 14:02:00,Bank Transfer,1689.62,Completed,TXN-4109-4109
4110,4110,2026-07-09 13:03:26,Debit Card,4833.75,Completed,TXN-4110-4110
4111,4111,2026-07-25 01:46:03,Bank Transfer,6654.75,Refunded,TXN-4111-4111
4112,4112,2026-07-09 22:29:43,Bank Transfer,1377.34,Completed,TXN-4112-4112
4113,4113,2025-11-08 20:56:24,Cash on Delivery,3434.3,Completed,TXN-4113-4113
4114,4114,2026-06-14 20:15:00,Debit Card,1099.04,Completed,TXN-4114-4114
4115,4115,2026-08-16 17:33:51,PayPal,981.65,Completed,TXN-4115-4115
4116,4116,2025-03-20 22:21:17,PayPal,2793.7,Completed,TXN-4116-4116
4117,4117,2026-05-18 17:08:50,Bank Transfer,1389.62,Completed,TXN-4117-4117
4118,4118,2026-07-26 19:31:20,Credit Card,7773.35,Completed,TXN-4118-4118
4119,4119,2026-01-15 01:57:30,Cash on Delivery,149.0,Completed,TXN-4119-4119
4120,4120,2026-08-31 21:11:58,Debit Card,561.98,Completed,TXN-4120-4120
4121,4121,2025-11-23 16:39:19,Bank Transfer,1734.39,Completed,TXN-4121-4121
4122,4122,2025-02-20 20:05:03,PayPal,3331.95,Completed,TXN-4122-4122
4123,4123,2025-09-16 06:15:15,Credit Card,1988.36,Completed,TXN-4123-4123
4124,4124,2026-04-10 23:34:26,Bank Transfer,1556.71,Failed,
4125,4125,2024-07-27 23:43:53,PayPal,389.63,Completed,TXN-4125-4125
4126,4126,2025-08-20 21:35:55,Cash on Delivery,1221.9,Completed,TXN-4126-4126
4127,4127,2026-01-20 20:15:37,PayPal,1286.16,Completed,TXN-4127-4127
4128,4128,2026-08-29 09:38:45,PayPal,2075.34,Completed,TXN-4128-4128
4129,4129,2024-10-12 13:05:52,Cash on Delivery,1989.06,Completed,TXN-4129-4129
4130,4130,2026-04-19 03:17:27,Credit Card,4777.98,Completed,TXN-4130-4130
4131,4131,2024-05-22 09:31:40,Cash on Delivery,2918.09,Completed,TXN-4131-4131
4132,4132,2024-09-21 09:27:27,Cash on Delivery,574.6,Completed,TXN-4132-4132
4133,4133,2025-06-24 16:50:49,PayPal,1248.35,Completed,TXN-4133-4133
4134,4134,2025-08-29 21:51:15,Cash on Delivery,473.08,Pending,
4135,4135,2024-09-09 14:35:56,Debit Card,520.96,Refunded,TXN-4135-4135
4136,4136,2024-11-29 10:09:10,Bank Transfer,1809.7,Completed,TXN-4136-4136
4137,4137,2025-12-20 16:21:53,Bank Transfer,2661.0,Failed,
4138,4138,2026-03-21 04:49:06,Credit Card,1913.05,Completed,TXN-4138-4138
4139,4139,2026-08-11 23:49:30,Cash on Delivery,1400.29,Completed,TXN-4139-4139
4140,4140,2025-09-03 22:50:13,Cash on Delivery,1366.09,Completed,TXN-4140-4140
4141,4141,2026-08-22 18:33:34,Bank Transfer,3969.69,Completed,TXN-4141-4141
4142,4142,2026-06-19 18:53:06,PayPal,3131.09,Pending,
4143,4143,2025-05-29 06:47:46,Cash on Delivery,1529.02,Completed,TXN-4143-4143
4144,4144,2026-07-13 19:41:55,Cash on Delivery,5317.24,Completed,TXN-4144-4144
4145,4145,2026-03-29 11:58:22,PayPal,320.79,Completed,TXN-4145-4145
4146,4146,2025-07-08 04:06:26,PayPal,1758.81,Completed,TXN-4146-4146
4147,4147,2025-11-29 06:35:15,Debit Card,2144.67,Completed,TXN-4147-4147
4148,4148,2025-05-05 09:40:14,Credit Card,1159.6,Completed,TXN-4148-4148
4149,4149,2026-08-16 07:03:10,Bank Transfer,1786.09,Completed,TXN-4149-4149
4150,4150,2025-07-19 11:33:23,Cash on Delivery,915.58,Completed,TXN-4150-4150
4151,4151,2025-07-14 08:08:25,PayPal,832.59,Completed,TXN-4151-4151
4152,4152,2025-12-24 17:52:59,PayPal,2300.24,Pending,
4153,4153,2025-10-23 09:59:35,Cash on Delivery,1290.27,Completed,TXN-4153-4153
4154,4154,2026-04-05 00:47:48,Credit Card,457.79,Completed,TXN-4154-4154
4155,4155,2024-12-06 11:22:14,Cash on Delivery,7853.26,Completed,TXN-4155-4155
4156,4156,2026-08-04 11:30:38,PayPal,9092.58,Completed,TXN-4156-4156
4157,4157,2026-01-23 18:05:18,Credit Card,3990.14,Completed,TXN-4157-4157
4158,4158,2025-02-16 12:20:32,Debit Card,1865.27,Completed,TXN-4158-4158
4159,4159,2026-01-21 13:43:43,Cash on Delivery,3676.94,Completed,TXN-4159-4159
4160,4160,2025-06-14 04:25:55,Cash on Delivery,5272.08,Completed,TXN-4160-4160
4161,4161,2026-08-15 21:29:18,Credit Card,301.73,Completed,TXN-4161-4161
4162,4162,2026-09-01 01:06:16,Cash on Delivery,1269.35,Completed,TXN-4162-4162
4163,4163,2024-09-16 13:23:35,Debit Card,520.37,Completed,TXN-4163-4163
4164,4164,2026-01-04 22:49:37,PayPal,2739.49,Completed,TXN-4164-4164
4165,4165,2024-08-09 18:12:01,Credit Card,236.54,Completed,TXN-4165-4165
4166,4166,2025-06-25 19:49:52,Cash on Delivery,2207.47,Completed,TXN-4166-4166
4167,4167,2026-01-30 16:11:06,Credit Card,1530.28,Completed,TXN-4167-4167
4168,4168,2025-02-19 23:36:56,Bank Transfer,4324.24,Completed,TXN-4168-4168
4169,4169,2026-03-23 01:49:21,PayPal,3189.8,Completed,TXN-4169-4169
4170,4170,2026-07-30 08:23:32,Bank Transfer,567.58,Completed,TXN-4170-4170
4171,4171,2025-10-31 00:03:49,Cash on Delivery,2637.98,Completed,TXN-4171-4171
4172,4172,2024-05-13 12:29:41,Debit Card,2179.24,Completed,TXN-4172-4172
4173,4173,2026-08-27 00:41:47,Debit Card,3778.52,Completed,TXN-4173-4173
4174,4174,2026-08-12 02:33:25,Credit Card,3121.44,Completed,TXN-4174-4174
4175,4175,2026-08-28 00:38:49,Cash on Delivery,1920.17,Completed,TXN-4175-4175
4176,4176,2026-06-20 08:29:05,Cash on Delivery,3002.39,Completed,TXN-4176-4176
4177,4177,2025-09-03 00:16:08,Bank Transfer,1625.12,Completed,TXN-4177-4177
4178,4178,2026-02-20 15:47:24,PayPal,1265.35,Completed,TXN-4178-4178
4179,4179,2025-12-18 19:16:53,Cash on Delivery,483.11,Completed,TXN-4179-4179
4180,4180,2025-11-27 16:05:25,Cash on Delivery,1530.47,Pending,
4181,4181,2026-09-01 16:23:52,Debit Card,1060.08,Completed,TXN-4181-4181
4182,4182,2026-04-26 03:21:08,PayPal,629.42,Completed,TXN-4182-4182
4183,4183,2026-08-10 08:07:24,Debit Card,1061.22,Refunded,TXN-4183-4183
4184,4184,2025-05-09 00:27:38,PayPal,2588.73,Completed,TXN-4184-4184
4185,4185,2026-05-05 11:32:15,Debit Card,2062.19,Failed,
4186,4186,2025-09-24 23:53:25,Bank Transfer,665.42,Refunded,TXN-4186-4186
4187,4187,2025-08-09 18:34:18,Debit Card,2732.99,Completed,TXN-4187-4187
4188,4188,2025-10-25 04:40:58,Cash on Delivery,2479.0,Completed,TXN-4188-4188
4189,4189,2026-04-10 08:10:30,Cash on Delivery,983.08,Pending,
4190,4190,2026-08-09 15:11:36,PayPal,1195.38,Completed,TXN-4190-4190
4191,4191,2025-05-09 01:28:02,Debit Card,1406.94,Completed,TXN-4191-4191
4192,4192,2026-09-01 07:42:51,PayPal,1318.34,Completed,TXN-4192-4192
4193,4193,2026-06-20 16:26:54,Credit Card,3342.12,Completed,TXN-4193-4193
4194,4194,2025-03-26 16:29:22,Credit Card,1832.78,Refunded,TXN-4194-4194
4195,4195,2026-08-24 21:43:00,PayPal,2404.01,Completed,TXN-4195-4195
4196,4196,2025-10-07 06:04:43,Bank Transfer,3195.4,Completed,TXN-4196-4196
4197,4197,2024-05-26 10:17:30,Debit Card,2476.22,Completed,TXN-4197-4197
4198,4198,2025-08-30 15:40:52,Cash on Delivery,1455.02,Completed,TXN-4198-4198
4199,4199,2025-09-17 09:41:06,PayPal,4148.79,Completed,TXN-4199-4199
4200,4200,2026-03-03 10:59:41,Cash on Delivery,3936.38,Completed,TXN-4200-4200
4201,4201,2025-11-11 23:05:48,Debit Card,4085.6,Completed,TXN-4201-4201
4202,4202,2026-02-11 10:42:26,Cash on Delivery,112.54,Completed,TXN-4202-4202
4203,4203,2026-05-19 01:01:00,Debit Card,1098.78,Pending,
4204,4204,2026-06-24 22:42:08,Bank Transfer,3770.48,Completed,TXN-4204-4204
4205,4205,2025-07-25 13:51:56,PayPal,2228.16,Completed,TXN-4205-4205
4206,4206,2026-03-04 16:51:28,Bank Transfer,1135.15,Completed,TXN-4206-4206
4207,4207,2026-03-07 00:47:20,Bank Transfer,2682.58,Completed,TXN-4207-4207
4208,4208,2026-07-22 18:03:08,Cash on Delivery,686.29,Completed,TXN-4208-4208
4209,4209,2025-07-17 11:05:57,Credit Card,1601.0,Completed,TXN-4209-4209
4210,4210,2026-05-21 17:30:43,Debit Card,989.52,Completed,TXN-4210-4210
4211,4211,2026-05-11 10:57:29,Credit Card,3354.75,Completed,TXN-4211-4211
4212,4212,2025-11-04 15:43:10,Debit Card,72.7,Completed,TXN-4212-4212
4213,4213,2026-08-21 04:00:53,PayPal,936.67,Completed,TXN-4213-4213
4214,4214,2025-01-20 23:01:42,Cash on Delivery,2912.47,Completed,TXN-4214-4214
4215,4215,2025-12-05 19:26:42,Bank Transfer,2296.69,Completed,TXN-4215-4215
4216,4216,2025-08-14 03:34:05,Cash on Delivery,1543.95,Refunded,TXN-4216-4216
4217,4217,2025-05-26 21:41:08,PayPal,1514.55,Completed,TXN-4217-4217
4218,4218,2026-07-25 12:29:58,Debit Card,2660.91,Completed,TXN-4218-4218
4219,4219,2026-01-12 14:41:23,Bank Transfer,768.32,Completed,TXN-4219-4219
4220,4220,2026-03-19 13:14:05,PayPal,2541.52,Completed,TXN-4220-4220
4221,4221,2024-08-21 20:49:53,Credit Card,1041.3,Completed,TXN-4221-4221
4222,4222,2025-12-20 13:15:20,Debit Card,5124.26,Completed,TXN-4222-4222
4223,4223,2026-08-10 10:29:48,PayPal,967.39,Pending,
4224,4224,2025-07-15 05:49:16,PayPal,4818.24,Completed,TXN-4224-4224
4225,4225,2026-03-09 08:11:07,Cash on Delivery,1016.99,Completed,TXN-4225-4225
4226,4226,2026-04-14 19:21:00,Credit Card,1360.85,Completed,TXN-4226-4226
4227,4227,2026-04-20 04:15:41,PayPal,1965.03,Completed,TXN-4227-4227
4228,4228,2026-07-09 00:30:01,Credit Card,644.56,Completed,TXN-4228-4228
4229,4229,2026-06-25 03:01:18,Debit Card,132.89,Completed,TXN-4229-4229
4230,4230,2026-02-22 01:18:31,Credit Card,3246.04,Pending,
4231,4231,2026-05-27 09:21:56,Credit Card,1363.6,Completed,TXN-4231-4231
4232,4232,2026-01-09 22:50:05,Credit Card,361.89,Completed,TXN-4232-4232
4233,4233,2025-02-16 17:58:45,Debit Card,3484.6,Completed,TXN-4233-4233
4234,4234,2026-02-11 06:43:04,Cash on Delivery,2688.37,Completed,TXN-4234-4234
4235,4235,2026-07-28 20:38:41,Cash on Delivery,2751.03,Completed,TXN-4235-4235
4236,4236,2026-02-11 17:17:01,Credit Card,836.23,Completed,TXN-4236-4236
4237,4237,2024-05-27 02:54:04,Bank Transfer,2146.82,Pending,
4238,4238,2025-04-10 13:30:42,Bank Transfer,2362.32,Completed,TXN-4238-4238
4239,4239,2026-01-16 04:41:46,Credit Card,5302.22,Failed,
4240,4240,2026-03-04 06:09:18,Bank Transfer,1952.67,Pending,
4241,4241,2025-12-30 17:33:42,Bank Transfer,173.9,Refunded,TXN-4241-4241
4242,4242,2024-10-16 16:38:37,Debit Card,1093.5,Completed,TXN-4242-4242
4243,4243,2026-06-29 16:07:35,Credit Card,1774.09,Completed,TXN-4243-4243
4244,4244,2026-01-22 21:27:53,Cash on Delivery,2630.56,Completed,TXN-4244-4244
4245,4245,2025-12-04 02:26:42,PayPal,2070.11,Completed,TXN-4245-4245
4246,4246,2026-04-30 03:35:15,Credit Card,3805.09,Completed,TXN-4246-4246
4247,4247,2026-02-19 21:57:00,Cash on Delivery,68.38,Completed,TXN-4247-4247
4248,4248,2025-05-14 23:29:35,Debit Card,1860.5,Completed,TXN-4248-4248
4249,4249,2025-06-05 13:13:49,Debit Card,502.44,Completed,TXN-4249-4249
4250,4250,2026-04-04 03:42:09,PayPal,3111.02,Completed,TXN-4250-4250
4251,4251,2026-04-11 19:07:02,Debit Card,731.07,Completed,TXN-4251-4251
4252,4252,2025-03-04 23:50:36,Credit Card,525.94,Completed,TXN-4252-4252
4253,4253,2026-06-11 12:09:43,Debit Card,3800.46,Completed,TXN-4253-4253
4254,4254,2026-08-31 01:11:28,Bank Transfer,503.83,Completed,TXN-4254-4254
4255,4255,2026-08-19 10:37:46,Bank Transfer,1472.58,Completed,TXN-4255-4255
4256,4256,2026-08-06 12:30:00,Credit Card,3110.38,Refunded,TXN-4256-4256
4257,4257,2026-08-05 20:36:14,Cash on Delivery,4112.72,Completed,TXN-4257-4257
4258,4258,2026-06-15 01:29:06,Cash on Delivery,3474.58,Pending,
4259,4259,2025-09-10 23:41:49,Debit Card,3690.49,Completed,TXN-4259-4259
4260,4260,2026-07-17 06:40:25,Cash on Delivery,1801.05,Completed,TXN-4260-4260
4261,4261,2026-08-14 14:46:42,Credit Card,744.99,Pending,
4262,4262,2026-08-12 17:20:41,Cash on Delivery,6507.49,Completed,TXN-4262-4262
4263,4263,2024-06-16 02:40:49,PayPal,1170.72,Completed,TXN-4263-4263
4264,4264,2026-08-27 16:43:39,Bank Transfer,2824.66,Completed,TXN-4264-4264
4265,4265,2026-07-13 02:15:30,Debit Card,3301.55,Completed,TXN-4265-4265
4266,4266,2026-03-14 21:48:26,Debit Card,405.2,Completed,TXN-4266-4266
4267,4267,2026-06-29 19:40:10,PayPal,2128.82,Completed,TXN-4267-4267
4268,4268,2025-01-11 07:28:07,Cash on Delivery,600.04,Completed,TXN-4268-4268
4269,4269,2026-08-10 15:56:07,PayPal,2130.62,Completed,TXN-4269-4269
4270,4270,2026-08-25 01:10:03,Cash on Delivery,1656.73,Completed,TXN-4270-4270
4271,4271,2026-06-11 18:04:34,Credit Card,1475.62,Completed,TXN-4271-4271
4272,4272,2026-06-21 07:50:36,PayPal,3940.12,Pending,
4273,4273,2025-03-23 03:32:53,PayPal,1506.84,Completed,TXN-4273-4273
4274,4274,2026-05-28 10:15:48,Bank Transfer,2944.95,Completed,TXN-4274-4274
4275,4275,2026-04-17 18:33:35,PayPal,2772.05,Completed,TXN-4275-4275
4276,4276,2026-08-23 18:08:36,Cash on Delivery,4351.86,Completed,TXN-4276-4276
4277,4277,2024-06-18 03:07:15,Credit Card,3384.32,Completed,TXN-4277-4277
4278,4278,2026-08-19 07:13:36,Cash on Delivery,2731.54,Completed,TXN-4278-4278
4279,4279,2026-03-22 14:47:59,Debit Card,2176.14,Completed,TXN-4279-4279
4280,4280,2025-08-23 13:40:55,Debit Card,838.87,Completed,TXN-4280-4280
4281,4281,2026-01-04 05:45:52,Cash on Delivery,1843.39,Refunded,TXN-4281-4281
4282,4282,2026-03-01 19:00:09,PayPal,887.45,Refunded,TXN-4282-4282
4283,4283,2025-06-25 09:08:49,PayPal,2111.86,Completed,TXN-4283-4283
4284,4284,2026-03-26 04:28:17,PayPal,425.77,Completed,TXN-4284-4284
4285,4285,2026-01-27 06:29:50,PayPal,637.84,Completed,TXN-4285-4285
4286,4286,2026-04-16 23:09:42,PayPal,5537.79,Completed,TXN-4286-4286
4287,4287,2026-05-29 11:46:28,Debit Card,816.98,Completed,TXN-4287-4287
4288,4288,2026-06-17 03:10:14,Cash on Delivery,1497.96,Completed,TXN-4288-4288
4289,4289,2026-08-22 15:58:07,Debit Card,1412.13,Completed,TXN-4289-4289
4290,4290,2026-04-04 04:31:11,Cash on Delivery,695.38,Completed,TXN-4290-4290
4291,4291,2026-02-04 08:47:27,Cash on Delivery,4182.85,Completed,TXN-4291-4291
4292,4292,2026-07-04 03:44:07,PayPal,2803.33,Completed,TXN-4292-4292
4293,4293,2024-10-29 15:28:12,PayPal,2695.03,Completed,TXN-4293-4293
4294,4294,2026-05-16 03:35:10,Debit Card,1375.78,Completed,TXN-4294-4294
4295,4295,2025-09-01 07:43:46,PayPal,491.54,Completed,TXN-4295-4295
4296,4296,2026-06-22 21:08:04,Bank Transfer,126.65,Completed,TXN-4296-4296
4297,4297,2026-08-30 23:20:37,Credit Card,2208.87,Completed,TXN-4297-4297
4298,4298,2026-08-29 14:17:56,PayPal,2257.77,Completed,TXN-4298-4298
4299,4299,2026-06-06 07:17:02,PayPal,440.54,Completed,TXN-4299-4299
4300,4300,2026-05-20 01:55:38,Debit Card,1196.78,Completed,TXN-4300-4300
4301,4301,2026-08-28 03:57:46,Credit Card,2947.24,Completed,TXN-4301-4301
4302,4302,2025-03-04 23:33:58,Bank Transfer,225.91,Completed,TXN-4302-4302
4303,4303,2026-08-25 12:56:40,Credit Card,2670.48,Refunded,TXN-4303-4303
4304,4304,2026-08-31 08:55:42,PayPal,287.02,Completed,TXN-4304-4304
4305,4305,2026-02-10 10:14:52,Credit Card,2403.29,Completed,TXN-4305-4305
4306,4306,2026-01-22 11:55:00,Bank Transfer,1652.41,Completed,TXN-4306-4306
4307,4307,2025-02-24 20:12:33,Cash on Delivery,1668.89,Completed,TXN-4307-4307
4308,4308,2025-02-17 22:57:38,PayPal,1247.44,Failed,
4309,4309,2026-05-30 01:42:08,PayPal,1307.77,Completed,TXN-4309-4309
4310,4310,2026-07-07 14:05:57,Debit Card,1532.83,Completed,TXN-4310-4310
4311,4311,2026-01-07 09:51:24,Debit Card,265.78,Completed,TXN-4311-4311
4312,4312,2026-04-14 11:45:04,Cash on Delivery,1265.1,Completed,TXN-4312-4312
4313,4313,2025-12-25 16:44:38,Cash on Delivery,882.21,Completed,TXN-4313-4313
4314,4314,2025-06-05 04:44:01,Debit Card,934.96,Completed,TXN-4314-4314
4315,4315,2025-07-08 08:03:08,PayPal,2431.95,Completed,TXN-4315-4315
4316,4316,2026-06-27 00:39:37,Cash on Delivery,2526.48,Completed,TXN-4316-4316
4317,4317,2025-07-16 22:41:26,Credit Card,352.37,Completed,TXN-4317-4317
4318,4318,2026-05-04 21:24:13,Debit Card,739.49,Completed,TXN-4318-4318
4319,4319,2025-05-21 04:35:01,PayPal,620.43,Completed,TXN-4319-4319
4320,4320,2026-06-25 15:21:10,Debit Card,1881.55,Completed,TXN-4320-4320
4321,4321,2025-08-22 14:28:10,Debit Card,1047.68,Completed,TXN-4321-4321
4322,4322,2026-01-13 05:22:55,Debit Card,3204.76,Completed,TXN-4322-4322
4323,4323,2026-03-09 17:02:04,Bank Transfer,8305.09,Completed,TXN-4323-4323
4324,4324,2026-02-12 05:41:16,Cash on Delivery,1455.09,Completed,TXN-4324-4324
4325,4325,2026-06-22 23:43:19,Bank Transfer,1282.12,Completed,TXN-4325-4325
4326,4326,2026-01-19 12:24:35,PayPal,2173.6,Completed,TXN-4326-4326
4327,4327,2024-11-17 18:17:40,Bank Transfer,1987.65,Refunded,TXN-4327-4327
4328,4328,2025-08-26 02:33:59,Cash on Delivery,507.83,Completed,TXN-4328-4328
4329,4329,2026-05-11 15:55:54,Credit Card,2041.04,Completed,TXN-4329-4329
4330,4330,2025-12-17 20:48:32,PayPal,1418.79,Completed,TXN-4330-4330
4331,4331,2026-06-16 11:12:22,Debit Card,3190.87,Completed,TXN-4331-4331
4332,4332,2026-08-28 05:04:40,Cash on Delivery,2790.29,Completed,TXN-4332-4332
4333,4333,2025-12-02 12:17:10,PayPal,853.27,Completed,TXN-4333-4333
4334,4334,2025-06-16 03:32:54,Credit Card,1342.98,Completed,TXN-4334-4334
4335,4335,2024-09-20 00:19:14,Bank Transfer,298.0,Failed,
4336,4336,2026-06-03 00:25:31,Cash on Delivery,544.36,Completed,TXN-4336-4336
4337,4337,2026-07-15 05:52:40,Bank Transfer,4058.0,Completed,TXN-4337-4337
4338,4338,2026-03-14 16:35:21,Credit Card,1239.26,Completed,TXN-4338-4338
4339,4339,2025-03-10 14:01:00,Cash on Delivery,342.85,Refunded,TXN-4339-4339
4340,4340,2026-08-01 11:21:21,PayPal,607.01,Completed,TXN-4340-4340
4341,4341,2026-06-23 17:31:17,Bank Transfer,1643.77,Completed,TXN-4341-4341
4342,4342,2026-07-08 13:18:34,Bank Transfer,2528.12,Completed,TXN-4342-4342
4343,4343,2026-01-27 02:44:45,PayPal,425.15,Refunded,TXN-4343-4343
4344,4344,2026-06-30 06:52:30,PayPal,587.09,Refunded,TXN-4344-4344
4345,4345,2024-09-05 21:47:42,PayPal,2569.98,Failed,
4346,4346,2026-05-23 15:56:10,PayPal,614.61,Completed,TXN-4346-4346
4347,4347,2025-01-29 12:57:49,Debit Card,3123.66,Completed,TXN-4347-4347
4348,4348,2025-10-05 00:37:45,Debit Card,659.91,Completed,TXN-4348-4348
4349,4349,2024-11-10 07:11:04,Debit Card,2917.51,Completed,TXN-4349-4349
4350,4350,2026-08-03 02:22:56,PayPal,1644.59,Pending,
4351,4351,2026-04-05 14:36:58,Cash on Delivery,994.18,Completed,TXN-4351-4351
4352,4352,2026-04-11 22:24:19,Credit Card,597.45,Completed,TXN-4352-4352
4353,4353,2026-06-17 05:28:30,Bank Transfer,1114.79,Pending,
4354,4354,2024-04-27 23:13:25,Debit Card,809.71,Completed,TXN-4354-4354
4355,4355,2026-03-08 01:21:11,Debit Card,2510.85,Completed,TXN-4355-4355
4356,4356,2025-10-19 09:28:47,Debit Card,800.5,Completed,TXN-4356-4356
4357,4357,2026-05-15 18:10:09,Bank Transfer,3298.07,Completed,TXN-4357-4357
4358,4358,2025-02-10 17:06:40,Bank Transfer,378.51,Refunded,TXN-4358-4358
4359,4359,2024-03-23 13:48:01,Bank Transfer,1628.03,Refunded,TXN-4359-4359
4360,4360,2024-12-26 02:52:22,Debit Card,265.78,Completed,TXN-4360-4360
4361,4361,2024-07-28 09:27:51,Bank Transfer,2218.58,Completed,TXN-4361-4361
4362,4362,2026-07-06 05:17:43,Credit Card,525.66,Completed,TXN-4362-4362
4363,4363,2026-07-20 09:06:27,PayPal,3380.9,Completed,TXN-4363-4363
4364,4364,2025-09-19 07:50:27,Bank Transfer,1477.11,Pending,
4365,4365,2026-08-26 06:08:41,PayPal,1510.19,Completed,TXN-4365-4365
4366,4366,2026-04-27 06:41:40,Bank Transfer,1301.65,Completed,TXN-4366-4366
4367,4367,2025-08-24 04:56:27,Debit Card,3537.94,Completed,TXN-4367-4367
4368,4368,2024-07-02 00:36:30,Debit Card,863.89,Pending,
4369,4369,2026-08-26 06:07:47,Credit Card,2798.83,Failed,
4370,4370,2026-03-10 16:43:26,Debit Card,2081.57,Completed,TXN-4370-4370
4371,4371,2025-06-10 05:14:39,Cash on Delivery,1855.71,Refunded,TXN-4371-4371
4372,4372,2026-04-14 05:03:28,Bank Transfer,473.08,Completed,TXN-4372-4372
4373,4373,2026-01-04 10:30:37,Debit Card,2283.37,Completed,TXN-4373-4373
4374,4374,2025-03-23 11:26:01,Cash on Delivery,860.67,Completed,TXN-4374-4374
4375,4375,2026-01-06 17:00:12,Credit Card,882.74,Completed,TXN-4375-4375
4376,4376,2025-07-03 06:21:34,Credit Card,1137.61,Completed,TXN-4376-4376
4377,4377,2025-03-20 02:30:51,Bank Transfer,1279.15,Completed,TXN-4377-4377
4378,4378,2024-04-03 03:19:48,Cash on Delivery,1706.26,Completed,TXN-4378-4378
4379,4379,2026-03-15 16:56:28,Credit Card,2004.05,Completed,TXN-4379-4379
4380,4380,2025-01-27 11:46:17,Cash on Delivery,4924.91,Pending,
4381,4381,2025-11-16 16:52:33,Debit Card,6291.89,Completed,TXN-4381-4381
4382,4382,2025-08-29 03:11:02,Credit Card,1210.32,Pending,
4383,4383,2026-07-12 15:03:24,Credit Card,584.38,Completed,TXN-4383-4383
4384,4384,2026-07-10 21:52:37,Credit Card,934.25,Completed,TXN-4384-4384
4385,4385,2026-01-09 01:38:02,Credit Card,554.43,Completed,TXN-4385-4385
4386,4386,2026-06-21 21:50:38,PayPal,125.04,Completed,TXN-4386-4386
4387,4387,2026-03-28 00:35:18,PayPal,500.13,Completed,TXN-4387-4387
4388,4388,2024-08-16 15:30:21,PayPal,633.08,Pending,
4389,4389,2025-11-09 21:44:18,Cash on Delivery,1918.09,Completed,TXN-4389-4389
4390,4390,2025-03-22 21:13:50,Credit Card,2677.6,Completed,TXN-4390-4390
4391,4391,2026-07-16 14:53:13,Cash on Delivery,3178.81,Completed,TXN-4391-4391
4392,4392,2025-08-29 13:17:09,PayPal,1263.24,Completed,TXN-4392-4392
4393,4393,2026-02-10 04:56:00,Cash on Delivery,935.97,Completed,TXN-4393-4393
4394,4394,2026-05-19 13:47:22,Bank Transfer,529.62,Completed,TXN-4394-4394
4395,4395,2025-11-17 12:19:26,PayPal,1141.38,Completed,TXN-4395-4395
4396,4396,2025-08-26 09:27:10,Credit Card,1651.92,Completed,TXN-4396-4396
4397,4397,2025-07-22 22:10:05,Debit Card,4704.86,Completed,TXN-4397-4397
4398,4398,2025-11-08 10:07:24,Cash on Delivery,424.86,Completed,TXN-4398-4398
4399,4399,2025-12-24 14:36:42,Credit Card,3559.45,Pending,
4400,4400,2024-02-14 04:40:41,Bank Transfer,2645.59,Completed,TXN-4400-4400
4401,4401,2025-07-04 02:45:21,Credit Card,1592.61,Completed,TXN-4401-4401
4402,4402,2026-05-18 12:36:42,Credit Card,788.48,Completed,TXN-4402-4402
4403,4403,2026-08-10 03:00:52,Debit Card,2284.6,Completed,TXN-4403-4403
4404,4404,2026-03-10 00:02:42,Credit Card,1524.04,Completed,TXN-4404-4404
4405,4405,2025-02-15 16:20:07,PayPal,496.72,Completed,TXN-4405-4405
4406,4406,2025-05-02 17:20:19,Bank Transfer,3664.76,Completed,TXN-4406-4406
4407,4407,2025-12-20 00:47:23,Cash on Delivery,607.35,Completed,TXN-4407-4407
4408,4408,2025-07-07 11:59:14,PayPal,1266.85,Completed,TXN-4408-4408
4409,4409,2025-12-23 04:41:08,Cash on Delivery,2280.44,Completed,TXN-4409-4409
4410,4410,2024-01-15 06:41:36,Debit Card,2899.41,Completed,TXN-4410-4410
4411,4411,2025-07-05 23:03:59,Credit Card,895.45,Completed,TXN-4411-4411
4412,4412,2026-03-01 07:47:29,Cash on Delivery,1106.56,Completed,TXN-4412-4412
4413,4413,2026-05-21 08:54:59,Bank Transfer,1881.51,Completed,TXN-4413-4413
4414,4414,2026-05-17 15:07:52,Cash on Delivery,4344.84,Pending,
4415,4415,2026-08-31 23:39:48,Credit Card,2359.05,Completed,TXN-4415-4415
4416,4416,2026-06-12 12:45:56,PayPal,6375.09,Completed,TXN-4416-4416
4417,4417,2026-01-10 11:49:19,Bank Transfer,1092.03,Completed,TXN-4417-4417
4418,4418,2026-08-01 18:19:27,Debit Card,2045.19,Completed,TXN-4418-4418
4419,4419,2026-01-10 06:55:20,Debit Card,2288.05,Refunded,TXN-4419-4419
4420,4420,2026-05-07 20:24:43,Debit Card,1376.54,Completed,TXN-4420-4420
4421,4421,2025-04-08 19:27:16,Debit Card,880.29,Completed,TXN-4421-4421
4422,4422,2026-02-28 01:38:00,Credit Card,3858.41,Completed,TXN-4422-4422
4423,4423,2026-08-29 21:25:41,PayPal,1476.42,Pending,
4424,4424,2025-10-09 02:05:04,Credit Card,1529.93,Completed,TXN-4424-4424
4425,4425,2026-08-14 14:38:03,Credit Card,486.08,Completed,TXN-4425-4425
4426,4426,2026-01-23 19:30:36,Cash on Delivery,1874.95,Pending,
4427,4427,2026-03-15 09:23:39,Credit Card,287.02,Completed,TXN-4427-4427
4428,4428,2026-07-29 01:37:22,PayPal,1254.33,Completed,TXN-4428-4428
4429,4429,2026-05-07 06:36:20,Bank Transfer,2685.56,Completed,TXN-4429-4429
4430,4430,2026-08-25 09:12:25,PayPal,4039.89,Completed,TXN-4430-4430
4431,4431,2025-03-26 05:33:20,PayPal,3306.75,Completed,TXN-4431-4431
4432,4432,2024-05-12 13:41:56,Credit Card,6350.02,Completed,TXN-4432-4432
4433,4433,2025-05-23 02:56:53,Bank Transfer,1720.74,Completed,TXN-4433-4433
4434,4434,2026-05-28 06:49:51,Cash on Delivery,643.08,Pending,
4435,4435,2026-03-05 09:46:34,Cash on Delivery,2011.06,Completed,TXN-4435-4435
4436,4436,2026-06-20 11:08:33,Credit Card,4504.35,Completed,TXN-4436-4436
4437,4437,2025-08-09 17:04:58,PayPal,72.7,Completed,TXN-4437-4437
4438,4438,2026-02-02 14:08:51,Credit Card,1665.51,Refunded,TXN-4438-4438
4439,4439,2026-04-17 15:20:49,Debit Card,1052.19,Completed,TXN-4439-4439
4440,4440,2025-12-28 17:19:45,Debit Card,6336.96,Completed,TXN-4440-4440
4441,4441,2026-01-17 19:28:21,Credit Card,1771.34,Pending,
4442,4442,2026-08-29 07:04:39,PayPal,2505.82,Completed,TXN-4442-4442
4443,4443,2026-04-06 10:07:38,PayPal,1429.84,Completed,TXN-4443-4443
4444,4444,2025-12-27 20:24:21,PayPal,1089.22,Completed,TXN-4444-4444
4445,4445,2026-05-18 16:27:59,Debit Card,1209.62,Refunded,TXN-4445-4445
4446,4446,2024-04-25 11:00:03,Debit Card,1284.91,Pending,
4447,4447,2026-07-11 06:53:20,Debit Card,3346.55,Completed,TXN-4447-4447
4448,4448,2025-07-11 20:14:49,Debit Card,658.15,Completed,TXN-4448-4448
4449,4449,2026-05-02 18:34:13,PayPal,924.79,Completed,TXN-4449-4449
4450,4450,2026-03-01 17:45:28,Credit Card,4333.24,Completed,TXN-4450-4450
4451,4451,2026-04-04 07:27:04,Debit Card,405.2,Completed,TXN-4451-4451
4452,4452,2026-06-17 12:57:15,PayPal,423.54,Completed,TXN-4452-4452
4453,4453,2025-09-30 12:40:08,Bank Transfer,3143.21,Completed,TXN-4453-4453
4454,4454,2026-04-28 10:55:02,Debit Card,1532.3,Completed,TXN-4454-4454
4455,4455,2025-05-29 09:55:38,Bank Transfer,2196.83,Completed,TXN-4455-4455
4456,4456,2026-07-31 12:46:38,Debit Card,1425.98,Completed,TXN-4456-4456
4457,4457,2026-04-17 21:55:23,Cash on Delivery,2163.49,Completed,TXN-4457-4457
4458,4458,2025-01-30 07:23:48,PayPal,960.34,Completed,TXN-4458-4458
4459,4459,2025-11-25 00:45:12,Cash on Delivery,1092.17,Pending,
4460,4460,2026-03-08 00:29:08,Debit Card,2923.7,Completed,TXN-4460-4460
4461,4461,2025-02-08 02:05:37,Credit Card,1299.22,Completed,TXN-4461-4461
4462,4462,2025-04-14 18:45:31,Debit Card,2191.44,Completed,TXN-4462-4462
4463,4463,2026-05-02 07:16:39,PayPal,1394.99,Completed,TXN-4463-4463
4464,4464,2026-06-29 12:35:52,PayPal,716.96,Pending,
4465,4465,2026-01-17 13:42:06,Cash on Delivery,989.03,Completed,TXN-4465-4465
4466,4466,2026-07-06 15:53:22,Cash on Delivery,1781.79,Completed,TXN-4466-4466
4467,4467,2025-12-29 18:23:43,PayPal,774.23,Completed,TXN-4467-4467
4468,4468,2026-05-29 16:40:23,Bank Transfer,1525.24,Completed,TXN-4468-4468
4469,4469,2026-05-08 01:52:06,Debit Card,388.76,Completed,TXN-4469-4469
4470,4470,2026-06-24 03:21:54,PayPal,851.91,Completed,TXN-4470-4470
4471,4471,2026-08-23 21:51:00,Bank Transfer,2662.52,Completed,TXN-4471-4471
4472,4472,2026-01-24 12:56:19,Credit Card,3535.17,Completed,TXN-4472-4472
4473,4473,2025-10-29 11:44:24,Credit Card,7747.15,Completed,TXN-4473-4473
4474,4474,2024-06-20 08:20:36,PayPal,7580.57,Completed,TXN-4474-4474
4475,4475,2024-12-05 03:03:23,Cash on Delivery,1857.03,Completed,TXN-4475-4475
4476,4476,2025-08-24 00:38:30,Credit Card,320.79,Completed,TXN-4476-4476
4477,4477,2025-07-06 23:32:16,PayPal,5804.17,Completed,TXN-4477-4477
4478,4478,2025-09-08 17:17:01,Credit Card,2866.52,Completed,TXN-4478-4478
4479,4479,2026-08-08 07:25:09,Debit Card,950.77,Completed,TXN-4479-4479
4480,4480,2026-07-06 19:03:28,PayPal,3867.18,Completed,TXN-4480-4480
4481,4481,2026-05-16 03:36:10,Debit Card,2150.41,Failed,
4482,4482,2026-04-03 13:13:15,Bank Transfer,3760.6,Completed,TXN-4482-4482
4483,4483,2024-06-14 17:45:04,Credit Card,1967.86,Completed,TXN-4483-4483
4484,4484,2026-01-15 10:15:42,PayPal,1453.94,Completed,TXN-4484-4484
4485,4485,2025-11-12 16:24:54,Credit Card,5640.54,Completed,TXN-4485-4485
4486,4486,2026-08-09 23:31:02,Cash on Delivery,1289.55,Completed,TXN-4486-4486
4487,4487,2026-06-19 21:01:42,PayPal,4708.93,Refunded,TXN-4487-4487
4488,4488,2025-04-01 20:51:29,Bank Transfer,1108.18,Completed,TXN-4488-4488
4489,4489,2025-12-03 23:00:54,Cash on Delivery,3383.09,Completed,TXN-4489-4489
4490,4490,2026-07-16 07:20:24,Cash on Delivery,1455.72,Completed,TXN-4490-4490
4491,4491,2026-04-10 13:45:20,Debit Card,1223.27,Completed,TXN-4491-4491
4492,4492,2026-02-17 00:17:53,Credit Card,1963.3,Completed,TXN-4492-4492
4493,4493,2025-01-13 12:52:53,Debit Card,2822.66,Completed,TXN-4493-4493
4494,4494,2026-07-09 06:29:43,Debit Card,435.24,Completed,TXN-4494-4494
4495,4495,2026-08-23 23:53:35,PayPal,1122.03,Completed,TXN-4495-4495
4496,4496,2025-09-28 03:42:51,Credit Card,1656.03,Completed,TXN-4496-4496
4497,4497,2025-05-08 18:35:34,Credit Card,2981.47,Completed,TXN-4497-4497
4498,4498,2026-06-24 21:20:33,Cash on Delivery,1258.02,Completed,TXN-4498-4498
4499,4499,2025-10-22 18:08:58,Bank Transfer,2884.59,Completed,TXN-4499-4499
4500,4500,2026-01-25 03:09:34,Bank Transfer,3353.82,Completed,TXN-4500-4500
4501,4501,2026-02-25 02:04:58,Cash on Delivery,2328.72,Completed,TXN-4501-4501
4502,4502,2024-10-26 10:30:54,Cash on Delivery,2300.75,Completed,TXN-4502-4502
4503,4503,2026-02-28 07:04:15,Debit Card,1307.03,Pending,
4504,4504,2026-05-20 18:35:48,Credit Card,1099.19,Completed,TXN-4504-4504
4505,4505,2025-03-28 16:57:22,Credit Card,1147.72,Completed,TXN-4505-4505
4506,4506,2026-06-01 08:52:47,Cash on Delivery,4929.84,Failed,
4507,4507,2024-10-11 13:05:18,Credit Card,2822.23,Completed,TXN-4507-4507
4508,4508,2026-03-26 17:37:17,PayPal,1961.98,Completed,TXN-4508-4508
4509,4509,2024-08-05 07:35:26,Bank Transfer,819.19,Completed,TXN-4509-4509
4510,4510,2025-10-29 20:29:13,Bank Transfer,2157.41,Completed,TXN-4510-4510
4511,4511,2025-04-16 09:22:54,Cash on Delivery,2733.54,Refunded,TXN-4511-4511
4512,4512,2026-06-13 04:23:31,Credit Card,788.93,Completed,TXN-4512-4512
4513,4513,2025-08-24 23:49:59,Bank Transfer,584.38,Completed,TXN-4513-4513
4514,4514,2026-07-01 16:05:57,Cash on Delivery,2404.32,Completed,TXN-4514-4514
4515,4515,2025-11-11 13:49:05,Credit Card,1548.46,Completed,TXN-4515-4515
4516,4516,2026-06-01 09:55:27,Cash on Delivery,5085.3,Completed,TXN-4516-4516
4517,4517,2026-02-20 08:53:56,Debit Card,816.04,Completed,TXN-4517-4517
4518,4518,2025-05-01 23:55:39,Credit Card,1341.28,Completed,TXN-4518-4518
4519,4519,2026-03-16 15:56:39,Cash on Delivery,1571.24,Completed,TXN-4519-4519
4520,4520,2025-11-02 16:50:29,Credit Card,1639.87,Completed,TXN-4520-4520
4521,4521,2025-04-05 06:22:52,Bank Transfer,339.73,Completed,TXN-4521-4521
4522,4522,2024-07-24 19:30:15,Debit Card,3184.99,Completed,TXN-4522-4522
4523,4523,2026-05-30 13:11:05,Debit Card,1817.06,Completed,TXN-4523-4523
4524,4524,2026-07-20 06:04:17,PayPal,880.29,Completed,TXN-4524-4524
4525,4525,2024-04-29 03:15:43,PayPal,699.58,Completed,TXN-4525-4525
4526,4526,2026-07-10 13:22:03,PayPal,74.01,Completed,TXN-4526-4526
4527,4527,2025-10-17 23:15:46,PayPal,2848.37,Completed,TXN-4527-4527
4528,4528,2026-03-23 08:55:57,Cash on Delivery,2166.91,Completed,TXN-4528-4528
4529,4529,2025-03-13 09:23:59,Debit Card,2621.39,Completed,TXN-4529-4529
4530,4530,2026-08-24 07:58:52,Cash on Delivery,2363.74,Completed,TXN-4530-4530
4531,4531,2026-06-11 22:55:47,Cash on Delivery,4889.3,Completed,TXN-4531-4531
4532,4532,2025-12-27 02:24:38,Debit Card,394.13,Completed,TXN-4532-4532
4533,4533,2025-01-20 01:42:13,Debit Card,1673.73,Refunded,TXN-4533-4533
4534,4534,2026-08-29 20:53:23,Cash on Delivery,451.08,Completed,TXN-4534-4534
4535,4535,2025-05-22 12:26:59,Cash on Delivery,4156.71,Completed,TXN-4535-4535
4536,4536,2025-02-04 19:12:42,Credit Card,1947.46,Completed,TXN-4536-4536
4537,4537,2026-03-29 21:08:25,PayPal,1873.58,Completed,TXN-4537-4537
4538,4538,2026-01-08 02:08:19,Cash on Delivery,1880.26,Completed,TXN-4538-4538
4539,4539,2025-12-24 07:14:11,PayPal,2773.5,Completed,TXN-4539-4539
4540,4540,2026-02-13 13:10:38,Credit Card,2006.61,Completed,TXN-4540-4540
4541,4541,2025-03-20 15:35:31,Bank Transfer,2411.91,Completed,TXN-4541-4541
4542,4542,2024-02-16 22:10:47,Cash on Delivery,663.11,Pending,
4543,4543,2026-06-18 07:10:13,Cash on Delivery,1009.52,Completed,TXN-4543-4543
4544,4544,2026-08-13 14:19:01,PayPal,1662.26,Completed,TXN-4544-4544
4545,4545,2026-08-14 10:28:05,Debit Card,2336.57,Completed,TXN-4545-4545
4546,4546,2026-04-05 09:43:03,Cash on Delivery,173.9,Completed,TXN-4546-4546
4547,4547,2025-09-29 05:54:11,PayPal,3088.87,Completed,TXN-4547-4547
4548,4548,2025-08-13 08:50:36,Cash on Delivery,3352.15,Completed,TXN-4548-4548
4549,4549,2024-08-18 16:33:14,Credit Card,1962.34,Completed,TXN-4549-4549
4550,4550,2026-08-07 02:07:06,Bank Transfer,4748.52,Completed,TXN-4550-4550
4551,4551,2025-12-20 09:22:32,PayPal,3048.23,Completed,TXN-4551-4551
4552,4552,2026-02-09 15:41:08,Bank Transfer,61.54,Completed,TXN-4552-4552
4553,4553,2026-05-18 00:25:47,Bank Transfer,6268.49,Completed,TXN-4553-4553
4554,4554,2025-02-08 18:11:50,Debit Card,1347.4,Completed,TXN-4554-4554
4555,4555,2025-02-05 19:43:15,Credit Card,2620.7,Completed,TXN-4555-4555
4556,4556,2024-07-22 02:33:13,PayPal,5133.37,Completed,TXN-4556-4556
4557,4557,2025-04-30 14:32:42,Cash on Delivery,3634.27,Completed,TXN-4557-4557
4558,4558,2025-12-10 19:15:02,Debit Card,2671.6,Completed,TXN-4558-4558
4559,4559,2026-06-26 21:44:42,Credit Card,3028.82,Completed,TXN-4559-4559
4560,4560,2026-08-24 11:58:38,Credit Card,4942.89,Completed,TXN-4560-4560
4561,4561,2025-09-11 20:57:39,PayPal,597.45,Completed,TXN-4561-4561
4562,4562,2024-06-10 03:19:03,Cash on Delivery,935.97,Completed,TXN-4562-4562
4563,4563,2025-03-22 23:58:55,Bank Transfer,1251.04,Completed,TXN-4563-4563
4564,4564,2025-01-09 04:04:55,PayPal,204.87,Completed,TXN-4564-4564
4565,4565,2026-08-13 22:26:54,Credit Card,568.46,Completed,TXN-4565-4565
4566,4566,2024-10-08 03:32:27,Bank Transfer,405.2,Completed,TXN-4566-4566
4567,4567,2025-12-11 10:26:52,Bank Transfer,359.28,Refunded,TXN-4567-4567
4568,4568,2026-02-04 03:48:11,Bank Transfer,457.79,Completed,TXN-4568-4568
4569,4569,2024-10-04 23:59:18,Credit Card,827.71,Completed,TXN-4569-4569
4570,4570,2025-11-21 19:02:57,PayPal,2956.83,Failed,
4571,4571,2026-06-01 22:48:50,PayPal,1610.95,Completed,TXN-4571-4571
4572,4572,2026-07-28 06:07:40,Cash on Delivery,2062.34,Completed,TXN-4572-4572
4573,4573,2025-10-31 12:28:45,Debit Card,534.38,Completed,TXN-4573-4573
4574,4574,2026-07-25 15:31:05,PayPal,1335.21,Completed,TXN-4574-4574
4575,4575,2026-01-30 02:16:09,PayPal,1233.25,Pending,
4576,4576,2026-07-22 21:43:17,Bank Transfer,2311.05,Completed,TXN-4576-4576
4577,4577,2026-04-02 22:30:00,Credit Card,2970.67,Completed,TXN-4577-4577
4578,4578,2026-06-24 12:59:42,Credit Card,1286.16,Refunded,TXN-4578-4578
4579,4579,2026-07-14 00:14:46,Debit Card,1009.52,Completed,TXN-4579-4579
4580,4580,2026-08-05 15:27:58,Debit Card,1147.87,Completed,TXN-4580-4580
4581,4581,2024-10-03 04:04:18,PayPal,1091.59,Completed,TXN-4581-4581
4582,4582,2026-08-28 21:57:20,PayPal,793.48,Completed,TXN-4582-4582
4583,4583,2026-05-17 21:38:06,Debit Card,3316.09,Completed,TXN-4583-4583
4584,4584,2025-11-01 10:52:01,PayPal,3479.12,Completed,TXN-4584-4584
4585,4585,2026-04-04 13:17:38,Debit Card,1255.75,Completed,TXN-4585-4585
4586,4586,2026-03-31 05:03:14,Credit Card,2068.84,Completed,TXN-4586-4586
4587,4587,2025-07-12 08:01:58,PayPal,626.21,Completed,TXN-4587-4587
4588,4588,2025-08-30 15:38:25,Debit Card,3245.51,Completed,TXN-4588-4588
4589,4589,2025-11-20 15:26:13,Credit Card,185.47,Completed,TXN-4589-4589
4590,4590,2026-07-12 18:19:41,Bank Transfer,3829.9,Completed,TXN-4590-4590
4591,4591,2025-12-17 15:04:51,Credit Card,2526.48,Completed,TXN-4591-4591
4592,4592,2024-07-03 04:44:49,Bank Transfer,123.08,Completed,TXN-4592-4592
4593,4593,2026-05-20 11:30:58,Cash on Delivery,185.47,Completed,TXN-4593-4593
4594,4594,2026-01-23 13:44:47,Debit Card,3206.34,Completed,TXN-4594-4594
4595,4595,2026-06-04 21:50:33,Credit Card,652.49,Completed,TXN-4595-4595
4596,4596,2026-06-17 00:29:17,PayPal,3547.53,Completed,TXN-4596-4596
4597,4597,2026-02-27 22:49:13,Bank Transfer,3076.5,Completed,TXN-4597-4597
4598,4598,2025-12-25 04:28:52,Bank Transfer,1468.63,Completed,TXN-4598-4598
4599,4599,2024-03-18 00:34:31,Credit Card,3628.33,Completed,TXN-4599-4599
4600,4600,2026-01-24 20:24:46,Cash on Delivery,2377.59,Completed,TXN-4600-4600
4601,4601,2026-08-10 12:50:07,Credit Card,4970.19,Completed,TXN-4601-4601
4602,4602,2026-08-24 15:46:15,PayPal,4273.4,Pending,
4603,4603,2026-06-26 23:18:55,Bank Transfer,800.5,Completed,TXN-4603-4603
4604,4604,2026-03-15 19:57:54,Bank Transfer,1348.76,Completed,TXN-4604-4604
4605,4605,2026-06-03 11:10:44,PayPal,2072.14,Completed,TXN-4605-4605
4606,4606,2024-11-06 08:03:13,Credit Card,855.48,Completed,TXN-4606-4606
4607,4607,2026-05-15 16:21:02,Debit Card,290.23,Completed,TXN-4607-4607
4608,4608,2026-04-01 22:56:23,Credit Card,658.15,Pending,
4609,4609,2025-10-12 05:37:30,Debit Card,2850.48,Completed,TXN-4609-4609
4610,4610,2026-08-19 14:30:27,Cash on Delivery,1263.24,Completed,TXN-4610-4610
4611,4611,2026-06-30 13:19:14,Debit Card,2087.24,Completed,TXN-4611-4611
4612,4612,2024-08-11 14:21:39,Cash on Delivery,2318.66,Completed,TXN-4612-4612
4613,4613,2025-09-06 03:44:08,Bank Transfer,584.38,Completed,TXN-4613-4613
4614,4614,2025-12-14 20:24:49,PayPal,2219.08,Completed,TXN-4614-4614
4615,4615,2025-10-13 13:50:55,Bank Transfer,1291.65,Completed,TXN-4615-4615
4616,4616,2026-04-26 05:01:27,Credit Card,1248.02,Completed,TXN-4616-4616
4617,4617,2025-05-06 11:24:17,Credit Card,449.43,Completed,TXN-4617-4617
4618,4618,2025-01-18 06:04:21,Credit Card,797.13,Completed,TXN-4618-4618
4619,4619,2025-03-18 12:25:28,Debit Card,891.86,Completed,TXN-4619-4619
4620,4620,2025-06-17 20:05:26,PayPal,388.38,Completed,TXN-4620-4620
4621,4621,2026-07-29 12:30:15,PayPal,2744.83,Completed,TXN-4621-4621
4622,4622,2024-10-14 05:09:49,Debit Card,397.6,Completed,TXN-4622-4622
4623,4623,2026-07-31 03:47:40,PayPal,509.04,Completed,TXN-4623-4623
4624,4624,2025-11-02 07:13:23,Debit Card,2688.62,Completed,TXN-4624-4624
4625,4625,2025-06-04 15:04:35,Bank Transfer,1494.12,Completed,TXN-4625-4625
4626,4626,2026-03-14 08:12:45,Credit Card,2459.2,Completed,TXN-4626-4626
4627,4627,2025-10-09 13:12:31,Bank Transfer,282.27,Failed,
4628,4628,2026-07-10 05:17:03,Credit Card,1805.03,Completed,TXN-4628-4628
4629,4629,2025-07-11 20:12:23,Debit Card,2427.49,Completed,TXN-4629-4629
4630,4630,2026-08-16 12:03:00,Debit Card,459.02,Completed,TXN-4630-4630
4631,4631,2025-07-01 02:48:32,Credit Card,942.81,Completed,TXN-4631-4631
4632,4632,2025-03-13 15:18:19,Credit Card,3117.98,Completed,TXN-4632-4632
4633,4633,2024-09-20 20:14:22,Bank Transfer,594.42,Completed,TXN-4633-4633
4634,4634,2025-12-20 23:52:16,PayPal,1350.56,Completed,TXN-4634-4634
4635,4635,2025-04-16 10:42:16,Credit Card,2926.12,Completed,TXN-4635-4635
4636,4636,2025-05-01 20:51:05,PayPal,5955.58,Completed,TXN-4636-4636
4637,4637,2026-04-27 04:23:42,Debit Card,1585.08,Pending,
4638,4638,2026-08-17 06:11:37,Cash on Delivery,1260.16,Completed,TXN-4638-4638
4639,4639,2025-03-09 15:00:36,Cash on Delivery,3843.27,Completed,TXN-4639-4639
4640,4640,2026-04-14 09:07:51,Bank Transfer,629.61,Failed,
4641,4641,2026-07-01 09:35:39,Cash on Delivery,167.71,Completed,TXN-4641-4641
4642,4642,2024-08-26 14:47:39,Cash on Delivery,1775.51,Completed,TXN-4642-4642
4643,4643,2025-01-12 21:59:02,Debit Card,833.07,Completed,TXN-4643-4643
4644,4644,2025-06-12 10:26:04,Debit Card,2053.23,Completed,TXN-4644-4644
4645,4645,2025-12-10 01:41:41,Bank Transfer,1384.11,Completed,TXN-4645-4645
4646,4646,2026-02-09 09:21:32,Credit Card,2103.52,Completed,TXN-4646-4646
4647,4647,2024-11-22 13:18:36,Credit Card,1766.97,Completed,TXN-4647-4647
4648,4648,2026-01-01 13:57:23,PayPal,1619.07,Completed,TXN-4648-4648
4649,4649,2026-03-06 08:20:40,Credit Card,4897.23,Completed,TXN-4649-4649
4650,4650,2025-11-19 19:04:54,Bank Transfer,880.29,Completed,TXN-4650-4650
4651,4651,2025-07-22 07:49:05,Credit Card,505.45,Completed,TXN-4651-4651
4652,4652,2026-05-26 22:52:04,Bank Transfer,1209.68,Completed,TXN-4652-4652
4653,4653,2026-03-16 09:19:04,Debit Card,554.43,Completed,TXN-4653-4653
4654,4654,2024-09-18 15:31:11,Bank Transfer,2041.04,Completed,TXN-4654-4654
4655,4655,2026-03-30 00:00:44,Credit Card,1979.22,Completed,TXN-4655-4655
4656,4656,2026-05-04 00:31:40,Cash on Delivery,644.49,Completed,TXN-4656-4656
4657,4657,2026-05-13 11:22:40,Bank Transfer,3859.53,Completed,TXN-4657-4657
4658,4658,2026-07-25 23:57:29,Bank Transfer,1501.77,Completed,TXN-4658-4658
4659,4659,2026-01-01 06:39:57,PayPal,2801.53,Completed,TXN-4659-4659
4660,4660,2024-12-03 02:56:15,PayPal,2128.92,Completed,TXN-4660-4660
4661,4661,2026-09-01 12:28:05,PayPal,1463.64,Completed,TXN-4661-4661
4662,4662,2024-09-14 09:44:42,PayPal,1475.32,Completed,TXN-4662-4662
4663,4663,2025-09-12 02:23:26,PayPal,1627.17,Completed,TXN-4663-4663
4664,4664,2026-01-15 12:53:26,Cash on Delivery,2412.63,Completed,TXN-4664-4664
4665,4665,2025-08-16 23:36:55,Credit Card,298.0,Completed,TXN-4665-4665
4666,4666,2026-05-25 02:38:29,PayPal,2420.55,Completed,TXN-4666-4666
4667,4667,2026-02-03 23:31:42,Debit Card,350.44,Completed,TXN-4667-4667
4668,4668,2024-06-17 05:04:58,Debit Card,508.1,Completed,TXN-4668-4668
4669,4669,2026-06-21 17:46:20,PayPal,1009.52,Completed,TXN-4669-4669
4670,4670,2026-08-30 04:52:49,Credit Card,1001.56,Failed,
4671,4671,2025-04-09 01:59:51,Bank Transfer,3456.58,Refunded,TXN-4671-4671
4672,4672,2025-08-24 01:58:09,Bank Transfer,591.03,Completed,TXN-4672-4672
4673,4673,2025-06-24 17:37:03,PayPal,1484.0,Completed,TXN-4673-4673
4674,4674,2026-01-07 13:14:13,Bank Transfer,5248.18,Completed,TXN-4674-4674
4675,4675,2025-07-06 04:39:57,Bank Transfer,5104.89,Completed,TXN-4675-4675
4676,4676,2024-09-07 18:46:06,Credit Card,5126.03,Completed,TXN-4676-4676
4677,4677,2024-10-08 10:07:08,PayPal,596.29,Completed,TXN-4677-4677
4678,4678,2026-06-26 12:19:18,Debit Card,557.91,Completed,TXN-4678-4678
4679,4679,2024-08-18 18:53:07,Cash on Delivery,4541.66,Completed,TXN-4679-4679
4680,4680,2026-02-23 19:31:58,Cash on Delivery,265.78,Completed,TXN-4680-4680
4681,4681,2026-03-14 04:14:50,PayPal,1753.14,Completed,TXN-4681-4681
4682,4682,2026-06-06 18:02:47,PayPal,116.67,Completed,TXN-4682-4682
4683,4683,2026-02-14 20:45:21,Bank Transfer,82.1,Completed,TXN-4683-4683
4684,4684,2026-06-04 06:43:29,Credit Card,918.04,Completed,TXN-4684-4684
4685,4685,2026-03-21 16:35:50,Cash on Delivery,972.25,Completed,TXN-4685-4685
4686,4686,2024-09-16 15:17:48,Debit Card,1723.58,Completed,TXN-4686-4686
4687,4687,2026-06-25 10:04:23,PayPal,3174.17,Completed,TXN-4687-4687
4688,4688,2026-07-14 03:10:52,PayPal,2736.0,Completed,TXN-4688-4688
4689,4689,2026-07-17 09:46:51,Debit Card,1814.24,Completed,TXN-4689-4689
4690,4690,2026-08-28 11:37:00,PayPal,1198.72,Pending,
4691,4691,2025-07-14 02:35:11,Cash on Delivery,1167.07,Completed,TXN-4691-4691
4692,4692,2025-10-25 14:21:40,Credit Card,2982.54,Completed,TXN-4692-4692
4693,4693,2025-03-29 16:47:12,Debit Card,456.92,Completed,TXN-4693-4693
4694,4694,2026-05-19 04:00:28,Cash on Delivery,255.83,Completed,TXN-4694-4694
4695,4695,2025-12-20 17:37:32,Bank Transfer,2977.64,Completed,TXN-4695-4695
4696,4696,2025-12-18 02:52:41,Debit Card,5336.61,Completed,TXN-4696-4696
4697,4697,2026-03-04 09:50:42,Bank Transfer,1185.85,Completed,TXN-4697-4697
4698,4698,2026-08-24 23:42:54,Credit Card,1193.46,Pending,
4699,4699,2026-07-19 17:35:15,Cash on Delivery,272.67,Refunded,TXN-4699-4699
4700,4700,2026-07-26 03:38:28,Cash on Delivery,358.48,Pending,
4701,4701,2025-09-10 16:08:10,Bank Transfer,1105.36,Pending,
4702,4702,2026-06-29 12:18:23,Debit Card,537.71,Completed,TXN-4702-4702
4703,4703,2025-04-29 03:31:19,Bank Transfer,459.02,Completed,TXN-4703-4703
4704,4704,2024-11-12 20:51:11,Debit Card,2038.33,Completed,TXN-4704-4704
4705,4705,2025-06-08 03:49:27,Cash on Delivery,788.48,Refunded,TXN-4705-4705
4706,4706,2026-01-09 18:11:19,Bank Transfer,936.67,Completed,TXN-4706-4706
4707,4707,2026-05-12 05:56:19,Debit Card,1168.36,Completed,TXN-4707-4707
4708,4708,2024-12-02 19:44:16,PayPal,1396.87,Completed,TXN-4708-4708
4709,4709,2026-08-22 01:13:31,Debit Card,1574.84,Completed,TXN-4709-4709
4710,4710,2026-08-01 15:41:52,PayPal,440.72,Refunded,TXN-4710-4710
4711,4711,2025-10-13 02:47:15,Bank Transfer,1675.16,Completed,TXN-4711-4711
4712,4712,2026-03-21 22:03:09,Bank Transfer,1316.3,Completed,TXN-4712-4712
4713,4713,2026-04-04 11:58:42,Credit Card,520.48,Pending,
4714,4714,2026-05-24 13:18:57,Debit Card,1844.19,Completed,TXN-4714-4714
4715,4715,2026-05-26 03:34:03,PayPal,4370.85,Completed,TXN-4715-4715
4716,4716,2026-04-24 06:56:30,Cash on Delivery,1576.46,Pending,
4717,4717,2026-06-19 03:32:19,Cash on Delivery,1582.04,Pending,
4718,4718,2026-08-02 09:32:53,Debit Card,1943.3,Pending,
4719,4719,2025-01-12 03:41:12,Credit Card,2967.15,Completed,TXN-4719-4719
4720,4720,2025-04-06 09:50:11,Credit Card,2858.37,Completed,TXN-4720-4720
4721,4721,2026-05-11 16:10:53,Bank Transfer,1757.25,Completed,TXN-4721-4721
4722,4722,2026-03-29 10:45:54,Cash on Delivery,2542.03,Pending,
4723,4723,2026-02-07 02:17:52,PayPal,185.32,Completed,TXN-4723-4723
4724,4724,2026-08-31 22:33:25,Debit Card,2520.83,Pending,
4725,4725,2026-07-25 07:57:14,Credit Card,3104.55,Completed,TXN-4725-4725
4726,4726,2026-03-11 11:24:21,Cash on Delivery,176.54,Completed,TXN-4726-4726
4727,4727,2026-03-31 21:04:03,Cash on Delivery,6002.42,Completed,TXN-4727-4727
4728,4728,2026-06-25 17:51:15,Debit Card,994.53,Pending,
4729,4729,2026-07-17 06:54:39,Credit Card,7654.66,Completed,TXN-4729-4729
4730,4730,2026-02-10 22:06:32,Bank Transfer,1304.43,Refunded,TXN-4730-4730
4731,4731,2026-05-19 02:56:20,Debit Card,1239.09,Completed,TXN-4731-4731
4732,4732,2025-05-01 11:55:03,Cash on Delivery,1673.58,Completed,TXN-4732-4732
4733,4733,2026-04-26 00:34:18,Cash on Delivery,5157.57,Completed,TXN-4733-4733
4734,4734,2026-08-30 16:20:53,Credit Card,1269.94,Completed,TXN-4734-4734
4735,4735,2026-06-20 15:09:20,Cash on Delivery,686.58,Completed,TXN-4735-4735
4736,4736,2025-08-12 18:46:30,Bank Transfer,1668.22,Completed,TXN-4736-4736
4737,4737,2024-11-17 00:31:50,Bank Transfer,1633.39,Completed,TXN-4737-4737
4738,4738,2026-04-04 14:44:51,Cash on Delivery,1120.34,Completed,TXN-4738-4738
4739,4739,2025-11-22 00:46:47,Credit Card,1259.61,Completed,TXN-4739-4739
4740,4740,2026-04-25 21:14:01,Cash on Delivery,347.8,Completed,TXN-4740-4740
4741,4741,2025-06-10 15:15:44,Cash on Delivery,3321.48,Completed,TXN-4741-4741
4742,4742,2026-07-06 16:04:44,Credit Card,1123.07,Completed,TXN-4742-4742
4743,4743,2026-03-09 07:57:34,Cash on Delivery,1612.36,Completed,TXN-4743-4743
4744,4744,2026-05-01 22:12:27,PayPal,804.72,Completed,TXN-4744-4744
4745,4745,2024-09-10 13:53:54,PayPal,2387.07,Completed,TXN-4745-4745
4746,4746,2024-11-14 13:01:43,Cash on Delivery,2064.75,Completed,TXN-4746-4746
4747,4747,2025-05-13 14:38:48,Credit Card,29.06,Completed,TXN-4747-4747
4748,4748,2026-07-08 11:30:25,PayPal,245.81,Completed,TXN-4748-4748
4749,4749,2025-10-19 01:06:46,PayPal,2861.36,Completed,TXN-4749-4749
4750,4750,2026-08-15 14:00:49,Credit Card,2386.73,Failed,
4751,4751,2025-12-22 02:46:43,Credit Card,1651.31,Completed,TXN-4751-4751
4752,4752,2026-05-24 02:10:28,Credit Card,1254.52,Completed,TXN-4752-4752
4753,4753,2026-03-25 20:06:25,PayPal,1775.48,Completed,TXN-4753-4753
4754,4754,2026-08-17 11:11:01,PayPal,1517.52,Completed,TXN-4754-4754
4755,4755,2026-08-07 23:56:16,Credit Card,1486.56,Completed,TXN-4755-4755
4756,4756,2024-07-13 10:34:55,Cash on Delivery,1314.82,Pending,
4757,4757,2026-06-19 14:55:18,Credit Card,2124.24,Completed,TXN-4757-4757
4758,4758,2024-07-16 14:36:49,PayPal,6556.59,Completed,TXN-4758-4758
4759,4759,2026-06-10 12:02:52,Cash on Delivery,286.78,Completed,TXN-4759-4759
4760,4760,2025-11-30 00:43:05,Credit Card,597.45,Completed,TXN-4760-4760
4761,4761,2026-08-19 15:28:24,Credit Card,7619.59,Completed,TXN-4761-4761
4762,4762,2026-04-13 15:05:05,Credit Card,845.05,Completed,TXN-4762-4762
4763,4763,2025-12-10 16:12:13,Cash on Delivery,2962.47,Completed,TXN-4763-4763
4764,4764,2026-01-04 13:06:13,Bank Transfer,457.79,Completed,TXN-4764-4764
4765,4765,2025-01-18 10:52:56,Bank Transfer,1928.42,Completed,TXN-4765-4765
4766,4766,2026-08-16 17:24:26,PayPal,173.9,Completed,TXN-4766-4766
4767,4767,2025-11-09 16:45:37,Debit Card,2679.55,Completed,TXN-4767-4767
4768,4768,2026-04-13 01:28:12,Bank Transfer,3853.78,Completed,TXN-4768-4768
4769,4769,2025-06-05 18:56:25,PayPal,3865.06,Completed,TXN-4769-4769
4770,4770,2025-10-02 13:48:21,Credit Card,5792.8,Completed,TXN-4770-4770
4771,4771,2026-08-21 15:03:42,Bank Transfer,1148.54,Completed,TXN-4771-4771
4772,4772,2025-07-15 19:10:29,Credit Card,1115.82,Completed,TXN-4772-4772
4773,4773,2025-04-06 08:27:57,Credit Card,320.79,Completed,TXN-4773-4773
4774,4774,2026-03-22 11:54:04,Cash on Delivery,1015.88,Completed,TXN-4774-4774
4775,4775,2025-12-21 09:40:44,Bank Transfer,640.66,Completed,TXN-4775-4775
4776,4776,2024-12-12 08:29:38,Credit Card,2568.98,Completed,TXN-4776-4776
4777,4777,2024-09-30 12:55:29,Credit Card,3097.19,Completed,TXN-4777-4777
4778,4778,2024-07-27 10:25:59,PayPal,1701.7,Completed,TXN-4778-4778
4779,4779,2026-08-04 22:30:26,Debit Card,1450.62,Completed,TXN-4779-4779
4780,4780,2026-07-22 04:55:13,Credit Card,647.08,Completed,TXN-4780-4780
4781,4781,2025-12-24 07:55:29,PayPal,658.15,Pending,
4782,4782,2024-04-18 20:16:11,Bank Transfer,1647.53,Completed,TXN-4782-4782
4783,4783,2026-06-26 11:43:56,Credit Card,2142.46,Completed,TXN-4783-4783
4784,4784,2026-03-07 13:18:56,Bank Transfer,1276.04,Completed,TXN-4784-4784
4785,4785,2024-12-04 19:49:04,Debit Card,798.75,Completed,TXN-4785-4785
4786,4786,2026-08-25 17:58:56,Bank Transfer,776.76,Completed,TXN-4786-4786
4787,4787,2025-03-14 03:03:05,Bank Transfer,1503.22,Completed,TXN-4787-4787
4788,4788,2025-02-28 08:37:36,Credit Card,5653.63,Completed,TXN-4788-4788
4789,4789,2026-05-29 22:11:38,Bank Transfer,2703.43,Completed,TXN-4789-4789
4790,4790,2025-09-24 04:02:31,Credit Card,1548.74,Completed,TXN-4790-4790
4791,4791,2025-10-08 04:51:41,Debit Card,5904.24,Completed,TXN-4791-4791
4792,4792,2024-10-29 05:27:32,Bank Transfer,2717.94,Failed,
4793,4793,2026-05-19 02:34:04,PayPal,2488.04,Completed,TXN-4793-4793
4794,4794,2026-04-11 23:48:08,Debit Card,1350.79,Completed,TXN-4794-4794
4795,4795,2026-07-14 03:39:36,PayPal,4449.0,Completed,TXN-4795-4795
4796,4796,2026-05-24 05:51:52,Debit Card,358.48,Completed,TXN-4796-4796
4797,4797,2025-03-07 23:31:30,Cash on Delivery,529.62,Completed,TXN-4797-4797
4798,4798,2025-04-23 06:27:38,PayPal,1263.24,Refunded,TXN-4798-4798
4799,4799,2026-08-15 23:48:20,Debit Card,609.4,Refunded,TXN-4799-4799
4800,4800,2025-05-05 10:21:29,PayPal,280.2,Completed,TXN-4800-4800
4801,4801,2026-08-25 22:45:14,Bank Transfer,2094.88,Completed,TXN-4801-4801
4802,4802,2026-06-25 19:15:26,Cash on Delivery,1448.25,Completed,TXN-4802-4802
4803,4803,2026-08-28 05:44:05,PayPal,556.41,Completed,TXN-4803-4803
4804,4804,2026-07-28 06:42:14,Bank Transfer,643.08,Completed,TXN-4804-4804
4805,4805,2026-08-28 13:10:57,Credit Card,1365.18,Pending,
4806,4806,2025-12-19 05:01:17,Bank Transfer,1316.3,Completed,TXN-4806-4806
4807,4807,2026-04-08 10:21:32,Credit Card,4131.93,Completed,TXN-4807-4807
4808,4808,2025-04-23 16:07:59,Cash on Delivery,3091.4,Completed,TXN-4808-4808
4809,4809,2026-08-25 12:17:15,Debit Card,2230.36,Completed,TXN-4809-4809
4810,4810,2026-06-21 22:03:22,PayPal,5011.54,Pending,
4811,4811,2025-08-27 08:21:43,Credit Card,223.52,Completed,TXN-4811-4811
4812,4812,2026-01-26 22:24:22,Credit Card,930.25,Completed,TXN-4812-4812
4813,4813,2026-07-27 19:41:44,Debit Card,1363.53,Completed,TXN-4813-4813
4814,4814,2025-01-09 04:04:56,Bank Transfer,202.6,Completed,TXN-4814-4814
4815,4815,2024-02-18 23:42:54,Cash on Delivery,3533.64,Completed,TXN-4815-4815
4816,4816,2026-03-19 01:33:20,Debit Card,1623.02,Completed,TXN-4816-4816
4817,4817,2024-08-07 10:51:23,Bank Transfer,2804.97,Completed,TXN-4817-4817
4818,4818,2024-12-23 06:40:51,Debit Card,574.04,Completed,TXN-4818-4818
4819,4819,2026-08-30 16:41:08,PayPal,791.79,Completed,TXN-4819-4819
4820,4820,2026-06-18 02:53:21,Credit Card,542.39,Completed,TXN-4820-4820
4821,4821,2026-01-14 15:51:30,Cash on Delivery,948.13,Completed,TXN-4821-4821
4822,4822,2026-06-17 14:58:49,Debit Card,1115.82,Completed,TXN-4822-4822
4823,4823,2026-07-24 02:35:09,Bank Transfer,549.63,Completed,TXN-4823-4823
4824,4824,2024-08-27 02:07:23,PayPal,3574.15,Completed,TXN-4824-4824
4825,4825,2025-11-11 08:46:33,Debit Card,1375.11,Completed,TXN-4825-4825
4826,4826,2026-08-23 04:39:47,Bank Transfer,1107.53,Pending,
4827,4827,2026-03-25 10:00:53,Credit Card,1871.94,Completed,TXN-4827-4827
4828,4828,2026-08-26 13:00:52,Cash on Delivery,589.66,Completed,TXN-4828-4828
4829,4829,2026-04-28 03:32:37,Cash on Delivery,1431.56,Completed,TXN-4829-4829
4830,4830,2025-01-29 03:19:03,Bank Transfer,5076.41,Completed,TXN-4830-4830
4831,4831,2026-04-04 00:23:57,Debit Card,1736.3,Completed,TXN-4831-4831
4832,4832,2026-07-29 21:23:19,Credit Card,2109.35,Completed,TXN-4832-4832
4833,4833,2026-08-24 05:43:21,Cash on Delivery,3165.55,Pending,
4834,4834,2026-08-29 23:09:56,Debit Card,6258.76,Completed,TXN-4834-4834
4835,4835,2026-04-01 10:28:06,Bank Transfer,1606.07,Refunded,TXN-4835-4835
4836,4836,2026-03-25 12:43:39,PayPal,1573.42,Pending,
4837,4837,2024-11-21 10:34:14,Bank Transfer,1737.29,Completed,TXN-4837-4837
4838,4838,2025-02-04 22:44:17,Cash on Delivery,267.57,Refunded,TXN-4838-4838
4839,4839,2026-04-21 02:19:43,Bank Transfer,424.86,Completed,TXN-4839-4839
4840,4840,2025-08-09 22:16:48,Bank Transfer,857.28,Completed,TXN-4840-4840
4841,4841,2024-11-20 03:07:01,Cash on Delivery,6013.63,Completed,TXN-4841-4841
4842,4842,2026-06-20 21:46:30,Cash on Delivery,42.62,Completed,TXN-4842-4842
4843,4843,2026-03-19 16:33:34,Credit Card,1579.54,Completed,TXN-4843-4843
4844,4844,2025-12-26 18:15:23,Debit Card,968.42,Completed,TXN-4844-4844
4845,4845,2026-05-24 14:56:35,Bank Transfer,1016.84,Completed,TXN-4845-4845
4846,4846,2026-05-29 11:34:42,Credit Card,244.86,Completed,TXN-4846-4846
4847,4847,2024-07-01 15:36:16,Credit Card,1168.76,Completed,TXN-4847-4847
4848,4848,2025-06-15 02:36:31,Credit Card,1263.24,Completed,TXN-4848-4848
4849,4849,2026-08-04 18:59:55,Bank Transfer,3903.45,Completed,TXN-4849-4849
4850,4850,2026-08-19 07:59:30,Bank Transfer,709.01,Completed,TXN-4850-4850
4851,4851,2026-05-15 06:52:36,Credit Card,1401.32,Completed,TXN-4851-4851
4852,4852,2026-08-31 09:43:56,Credit Card,635.68,Completed,TXN-4852-4852
4853,4853,2026-08-14 06:54:21,Credit Card,1027.79,Refunded,TXN-4853-4853
4854,4854,2026-08-27 22:54:43,Credit Card,4336.81,Completed,TXN-4854-4854
4855,4855,2026-05-28 13:50:54,PayPal,3531.2,Pending,
4856,4856,2026-08-17 00:30:06,PayPal,64.96,Completed,TXN-4856-4856
4857,4857,2026-05-01 01:31:47,PayPal,7426.2,Completed,TXN-4857-4857
4858,4858,2025-07-28 17:03:10,Bank Transfer,1839.13,Pending,
4859,4859,2026-05-21 16:45:51,Debit Card,1974.45,Completed,TXN-4859-4859
4860,4860,2026-04-11 15:05:55,Debit Card,892.8,Pending,
4861,4861,2026-07-16 21:34:55,PayPal,2449.26,Pending,
4862,4862,2025-12-26 00:40:55,PayPal,918.04,Completed,TXN-4862-4862
4863,4863,2026-08-01 13:22:07,Cash on Delivery,1216.45,Completed,TXN-4863-4863
4864,4864,2026-02-05 05:46:14,Cash on Delivery,3112.14,Completed,TXN-4864-4864
4865,4865,2026-06-22 04:54:16,Credit Card,1061.09,Pending,
4866,4866,2026-07-21 23:09:39,Bank Transfer,3132.6,Completed,TXN-4866-4866
4867,4867,2026-05-31 08:29:14,PayPal,3229.62,Completed,TXN-4867-4867
4868,4868,2025-09-22 22:55:09,Cash on Delivery,4751.8,Completed,TXN-4868-4868
4869,4869,2026-07-11 21:36:03,PayPal,1702.73,Completed,TXN-4869-4869
4870,4870,2024-06-11 18:57:40,PayPal,3083.92,Refunded,TXN-4870-4870
4871,4871,2024-09-30 18:06:21,Credit Card,760.09,Pending,
4872,4872,2026-06-23 14:59:55,Credit Card,2454.3,Completed,TXN-4872-4872
4873,4873,2026-04-14 00:06:45,Cash on Delivery,712.75,Completed,TXN-4873-4873
4874,4874,2025-02-18 08:33:35,Credit Card,4213.26,Completed,TXN-4874-4874
4875,4875,2026-07-13 18:41:20,PayPal,1999.53,Completed,TXN-4875-4875
4876,4876,2024-07-07 23:06:23,Cash on Delivery,2996.91,Completed,TXN-4876-4876
4877,4877,2026-01-30 13:56:16,PayPal,287.02,Completed,TXN-4877-4877
4878,4878,2026-04-02 15:56:31,Bank Transfer,854.78,Completed,TXN-4878-4878
4879,4879,2026-02-22 16:11:16,Debit Card,2193.26,Pending,
4880,4880,2026-06-28 20:32:04,Credit Card,1199.17,Completed,TXN-4880-4880
4881,4881,2026-01-06 16:48:30,Debit Card,1467.41,Completed,TXN-4881-4881
4882,4882,2025-01-24 16:47:23,Cash on Delivery,4763.58,Completed,TXN-4882-4882
4883,4883,2026-01-23 07:17:37,PayPal,1828.86,Completed,TXN-4883-4883
4884,4884,2024-12-02 01:33:56,Cash on Delivery,1451.99,Completed,TXN-4884-4884
4885,4885,2025-10-03 10:53:58,Cash on Delivery,1168.76,Completed,TXN-4885-4885
4886,4886,2023-12-18 22:12:52,Bank Transfer,1302.53,Completed,TXN-4886-4886
4887,4887,2026-04-05 21:00:11,Bank Transfer,3355.24,Completed,TXN-4887-4887
4888,4888,2026-02-09 11:58:37,Bank Transfer,1202.95,Completed,TXN-4888-4888
4889,4889,2026-07-30 19:05:41,Credit Card,914.5,Completed,TXN-4889-4889
4890,4890,2025-12-24 20:03:59,Bank Transfer,149.0,Completed,TXN-4890-4890
4891,4891,2026-01-18 11:43:05,Credit Card,86.42,Completed,TXN-4891-4891
4892,4892,2026-07-09 00:19:36,Credit Card,1212.15,Completed,TXN-4892-4892
4893,4893,2026-02-02 21:44:19,Credit Card,3070.27,Completed,TXN-4893-4893
4894,4894,2026-03-30 10:29:31,Bank Transfer,5524.77,Completed,TXN-4894-4894
4895,4895,2026-08-21 08:42:21,PayPal,597.45,Completed,TXN-4895-4895
4896,4896,2026-04-03 23:31:34,Bank Transfer,1680.64,Completed,TXN-4896-4896
4897,4897,2024-04-22 06:52:02,Cash on Delivery,112.96,Completed,TXN-4897-4897
4898,4898,2025-10-04 21:08:18,Bank Transfer,1184.67,Completed,TXN-4898-4898
4899,4899,2026-06-01 06:26:58,Debit Card,1253.57,Completed,TXN-4899-4899
4900,4900,2026-03-11 11:23:02,Bank Transfer,2441.12,Completed,TXN-4900-4900
4901,4901,2026-01-13 21:37:11,Debit Card,2626.45,Completed,TXN-4901-4901
4902,4902,2025-11-08 08:57:54,Debit Card,2981.97,Completed,TXN-4902-4902
4903,4903,2026-06-18 14:15:01,PayPal,623.3,Completed,TXN-4903-4903
4904,4904,2025-09-03 09:10:58,Cash on Delivery,2334.51,Completed,TXN-4904-4904
4905,4905,2025-03-04 00:17:02,Cash on Delivery,604.84,Refunded,TXN-4905-4905
4906,4906,2026-04-03 19:07:10,Bank Transfer,569.77,Pending,
4907,4907,2026-07-04 08:13:10,Bank Transfer,3232.13,Completed,TXN-4907-4907
4908,4908,2026-02-08 06:47:31,Bank Transfer,2004.82,Refunded,TXN-4908-4908
4909,4909,2026-04-21 20:41:04,Debit Card,788.26,Completed,TXN-4909-4909
4910,4910,2026-01-31 04:05:52,Credit Card,398.67,Completed,TXN-4910-4910
4911,4911,2024-07-16 10:11:52,PayPal,2590.63,Completed,TXN-4911-4911
4912,4912,2026-08-18 12:03:38,PayPal,995.01,Failed,
4913,4913,2026-07-24 16:14:42,Credit Card,2729.47,Completed,TXN-4913-4913
4914,4914,2026-05-20 03:38:14,Credit Card,1165.0,Completed,TXN-4914-4914
4915,4915,2026-08-20 20:21:31,Bank Transfer,905.47,Completed,TXN-4915-4915
4916,4916,2025-09-04 14:23:56,PayPal,774.23,Completed,TXN-4916-4916
4917,4917,2026-08-18 01:00:49,Bank Transfer,2015.36,Completed,TXN-4917-4917
4918,4918,2026-03-03 19:51:54,Cash on Delivery,805.73,Completed,TXN-4918-4918
4919,4919,2026-02-28 04:25:01,Debit Card,719.74,Pending,
4920,4920,2025-06-20 00:30:51,Bank Transfer,604.84,Completed,TXN-4920-4920
4921,4921,2026-08-18 08:02:19,Cash on Delivery,2030.21,Completed,TXN-4921-4921
4922,4922,2026-08-08 06:40:11,Debit Card,2078.21,Completed,TXN-4922-4922
4923,4923,2025-10-22 22:48:45,Cash on Delivery,255.83,Completed,TXN-4923-4923
4924,4924,2026-08-03 00:14:36,PayPal,658.15,Completed,TXN-4924-4924
4925,4925,2025-11-20 00:30:10,PayPal,2109.91,Completed,TXN-4925-4925
4926,4926,2025-04-30 08:14:44,PayPal,820.85,Completed,TXN-4926-4926
4927,4927,2026-05-10 08:24:49,Credit Card,320.79,Pending,
4928,4928,2025-11-27 07:14:28,Cash on Delivery,1589.24,Completed,TXN-4928-4928
4929,4929,2026-01-05 07:35:37,Debit Card,1801.41,Completed,TXN-4929-4929
4930,4930,2026-06-07 00:09:43,Bank Transfer,4163.89,Completed,TXN-4930-4930
4931,4931,2025-11-30 05:13:00,Credit Card,1453.55,Completed,TXN-4931-4931
4932,4932,2026-05-18 14:34:50,Debit Card,320.79,Completed,TXN-4932-4932
4933,4933,2026-07-27 07:12:34,Credit Card,774.23,Completed,TXN-4933-4933
4934,4934,2025-11-09 20:52:36,Credit Card,2401.24,Completed,TXN-4934-4934
4935,4935,2026-03-28 13:41:25,Credit Card,607.8,Completed,TXN-4935-4935
4936,4936,2024-12-05 18:26:26,Bank Transfer,583.61,Completed,TXN-4936-4936
4937,4937,2024-12-29 11:28:22,Credit Card,1191.64,Failed,
4938,4938,2026-08-18 22:56:56,Bank Transfer,1212.12,Completed,TXN-4938-4938
4939,4939,2025-03-28 17:43:42,Bank Transfer,1929.92,Failed,
4940,4940,2025-11-26 03:37:16,Debit Card,711.94,Pending,
4941,4941,2025-04-10 19:21:41,Cash on Delivery,2437.62,Completed,TXN-4941-4941
4942,4942,2025-12-26 03:57:29,Debit Card,2313.18,Completed,TXN-4942-4942
4943,4943,2026-03-02 08:09:22,Debit Card,2469.11,Completed,TXN-4943-4943
4944,4944,2025-05-10 14:16:04,Cash on Delivery,176.54,Completed,TXN-4944-4944
4945,4945,2025-10-22 06:37:02,Bank Transfer,4482.77,Refunded,TXN-4945-4945
4946,4946,2026-08-30 07:36:47,Credit Card,816.04,Completed,TXN-4946-4946
4947,4947,2026-06-16 09:40:14,Debit Card,1148.07,Completed,TXN-4947-4947
4948,4948,2025-12-21 04:10:56,Cash on Delivery,900.87,Completed,TXN-4948-4948
4949,4949,2025-03-16 06:36:12,PayPal,3784.49,Completed,TXN-4949-4949
4950,4950,2026-07-26 21:01:37,Credit Card,1891.49,Completed,TXN-4950-4950
4951,4951,2025-08-22 09:00:24,Debit Card,3616.51,Completed,TXN-4951-4951
4952,4952,2026-08-31 21:11:28,Bank Transfer,3872.8,Completed,TXN-4952-4952
4953,4953,2026-08-14 07:11:47,PayPal,613.34,Completed,TXN-4953-4953
4954,4954,2026-05-30 01:22:00,Debit Card,2025.28,Completed,TXN-4954-4954
4955,4955,2025-04-12 08:15:27,Credit Card,1310.23,Failed,
4956,4956,2026-02-24 15:27:15,Debit Card,2686.61,Completed,TXN-4956-4956
4957,4957,2026-06-02 13:20:49,Cash on Delivery,5116.49,Completed,TXN-4957-4957
4958,4958,2026-07-06 19:51:44,Bank Transfer,2334.44,Completed,TXN-4958-4958
4959,4959,2025-12-17 14:59:52,Debit Card,633.08,Refunded,TXN-4959-4959
4960,4960,2026-03-04 17:52:41,Debit Card,540.44,Completed,TXN-4960-4960
4961,4961,2026-07-10 20:13:20,Debit Card,939.45,Completed,TXN-4961-4961
4962,4962,2026-08-24 09:24:23,Cash on Delivery,2508.36,Completed,TXN-4962-4962
4963,4963,2026-02-13 06:53:11,PayPal,2450.53,Refunded,TXN-4963-4963
4964,4964,2025-04-22 10:15:58,Debit Card,1197.1,Completed,TXN-4964-4964
4965,4965,2026-06-24 03:55:00,Cash on Delivery,630.61,Pending,
4966,4966,2026-07-26 13:16:35,Cash on Delivery,217.62,Completed,TXN-4966-4966
4967,4967,2024-09-10 01:07:51,Debit Card,761.28,Failed,
4968,4968,2026-05-21 23:56:14,Debit Card,2980.88,Completed,TXN-4968-4968
4969,4969,2026-09-01 19:37:36,Debit Card,2790.75,Failed,
4970,4970,2026-07-23 09:57:12,Cash on Delivery,7810.54,Completed,TXN-4970-4970
4971,4971,2025-08-31 14:04:50,Cash on Delivery,1010.59,Completed,TXN-4971-4971
4972,4972,2024-10-18 00:53:14,Debit Card,1161.63,Completed,TXN-4972-4972
4973,4973,2026-08-21 00:33:19,Cash on Delivery,1733.68,Completed,TXN-4973-4973
4974,4974,2026-01-23 00:15:37,Bank Transfer,4350.71,Completed,TXN-4974-4974
4975,4975,2026-06-25 21:28:53,Credit Card,1504.45,Completed,TXN-4975-4975
4976,4976,2026-06-17 06:47:40,Debit Card,920.03,Completed,TXN-4976-4976
4977,4977,2024-08-26 12:44:44,Debit Card,1563.07,Completed,TXN-4977-4977
4978,4978,2026-08-30 03:24:47,Bank Transfer,4506.39,Completed,TXN-4978-4978
4979,4979,2026-07-10 19:49:32,PayPal,728.0,Completed,TXN-4979-4979
4980,4980,2026-07-16 12:32:25,PayPal,62.52,Completed,TXN-4980-4980
4981,4981,2025-10-22 21:52:39,Credit Card,2725.18,Completed,TXN-4981-4981
4982,4982,2026-04-25 01:19:36,Bank Transfer,947.92,Pending,
4983,4983,2024-05-24 01:33:54,Cash on Delivery,722.74,Pending,
4984,4984,2025-03-16 04:01:16,Debit Card,935.97,Completed,TXN-4984-4984
4985,4985,2025-08-25 20:17:02,Cash on Delivery,460.49,Completed,TXN-4985-4985
4986,4986,2026-05-14 12:20:55,PayPal,8924.66,Completed,TXN-4986-4986
4987,4987,2026-05-07 00:19:10,Bank Transfer,1483.04,Completed,TXN-4987-4987
4988,4988,2025-05-18 18:18:49,PayPal,4931.07,Failed,
4989,4989,2024-11-22 10:32:52,Debit Card,1663.92,Completed,TXN-4989-4989
4990,4990,2026-02-12 14:15:21,Credit Card,5568.65,Completed,TXN-4990-4990
4991,4991,2026-08-07 05:03:24,PayPal,2031.57,Completed,TXN-4991-4991
4992,4992,2026-02-01 14:17:41,Debit Card,1893.62,Completed,TXN-4992-4992
4993,4993,2025-02-12 12:28:01,Debit Card,851.28,Failed,
4994,4994,2026-08-02 17:33:03,Credit Card,597.45,Completed,TXN-4994-4994
4995,4995,2026-01-22 09:04:46,Cash on Delivery,1175.05,Failed,
4996,4996,2026-08-31 23:07:08,Credit Card,525.25,Completed,TXN-4996-4996
4997,4997,2026-02-16 19:38:31,Bank Transfer,3208.29,Refunded,TXN-4997-4997
4998,4998,2025-08-13 13:20:04,Cash on Delivery,2087.93,Completed,TXN-4998-4998
4999,4999,2026-02-14 05:55:18,Debit Card,653.35,Completed,TXN-4999-4999
5000,5000,2024-06-18 01:49:56,Bank Transfer,1748.11,Refunded,TXN-5000-5000
5001,5001,2026-08-15 07:24:20,Bank Transfer,994.53,Completed,TXN-5001-5001
5002,5002,2026-07-25 19:35:13,Bank Transfer,2421.23,Failed,
5003,5003,2026-08-18 00:33:26,PayPal,961.25,Completed,TXN-5003-5003
5004,5004,2025-07-01 10:41:06,Debit Card,3504.02,Completed,TXN-5004-5004
5005,5005,2026-08-21 18:58:29,PayPal,486.08,Completed,TXN-5005-5005
5006,5006,2024-11-02 18:05:22,Debit Card,859.48,Completed,TXN-5006-5006
5007,5007,2025-01-22 07:41:45,Debit Card,629.1,Completed,TXN-5007-5007
5008,5008,2024-08-28 00:50:56,Credit Card,2370.01,Completed,TXN-5008-5008
5009,5009,2024-03-12 10:07:41,Debit Card,202.6,Completed,TXN-5009-5009
5010,5010,2024-06-18 13:27:04,Cash on Delivery,276.8,Completed,TXN-5010-5010
5011,5011,2026-05-13 10:14:49,Credit Card,2203.35,Completed,TXN-5011-5011
5012,5012,2025-07-30 01:35:47,Cash on Delivery,176.54,Pending,
5013,5013,2026-01-26 23:51:42,PayPal,1836.19,Pending,
5014,5014,2026-01-29 16:55:01,Bank Transfer,176.22,Completed,TXN-5014-5014
5015,5015,2026-05-09 13:09:47,Cash on Delivery,1851.83,Completed,TXN-5015-5015
5016,5016,2026-05-05 15:24:38,Debit Card,617.08,Failed,
5017,5017,2024-04-20 08:14:26,Bank Transfer,8127.59,Completed,TXN-5017-5017
5018,5018,2026-05-02 07:26:19,Credit Card,5813.66,Pending,
5019,5019,2026-01-04 08:55:25,PayPal,1672.98,Completed,TXN-5019-5019
5020,5020,2026-01-23 04:18:04,Bank Transfer,3046.11,Completed,TXN-5020-5020
5021,5021,2025-10-02 05:12:10,Debit Card,4709.72,Failed,
5022,5022,2026-06-08 00:27:24,Bank Transfer,1646.6,Completed,TXN-5022-5022
5023,5023,2025-06-09 09:54:57,Bank Transfer,719.16,Failed,
5024,5024,2025-09-24 01:15:33,Cash on Delivery,347.8,Completed,TXN-5024-5024
5025,5025,2026-07-30 19:38:42,Bank Transfer,788.26,Completed,TXN-5025-5025
5026,5026,2026-04-28 14:00:22,Bank Transfer,394.64,Completed,TXN-5026-5026
5027,5027,2026-01-15 06:32:25,Cash on Delivery,2768.29,Completed,TXN-5027-5027
5028,5028,2026-08-25 20:26:48,Debit Card,2462.55,Refunded,TXN-5028-5028
5029,5029,2026-08-26 21:50:53,Bank Transfer,23.34,Completed,TXN-5029-5029
5030,5030,2025-09-21 16:58:26,PayPal,1098.5,Completed,TXN-5030-5030
5031,5031,2026-08-12 03:53:23,Cash on Delivery,523.32,Completed,TXN-5031-5031
5032,5032,2026-03-06 05:10:56,Credit Card,2510.42,Completed,TXN-5032-5032
5033,5033,2026-08-23 15:17:55,Debit Card,217.62,Pending,
5034,5034,2026-05-12 19:20:43,Debit Card,1577.95,Completed,TXN-5034-5034
5035,5035,2026-05-14 07:56:40,PayPal,3570.87,Completed,TXN-5035-5035
5036,5036,2026-02-16 21:55:35,PayPal,974.07,Completed,TXN-5036-5036
5037,5037,2026-02-14 00:15:24,Debit Card,3871.15,Completed,TXN-5037-5037
5038,5038,2025-07-21 23:42:29,Cash on Delivery,2505.64,Completed,TXN-5038-5038
5039,5039,2026-01-07 12:55:28,PayPal,3428.6,Completed,TXN-5039-5039
5040,5040,2025-09-07 22:40:17,Credit Card,1005.05,Completed,TXN-5040-5040
5041,5041,2025-09-08 20:01:33,Debit Card,3217.58,Completed,TXN-5041-5041
5042,5042,2026-08-06 01:12:27,Credit Card,4577.31,Completed,TXN-5042-5042
5043,5043,2025-12-15 12:46:50,Bank Transfer,809.73,Completed,TXN-5043-5043
5044,5044,2025-07-31 11:12:42,Debit Card,716.96,Completed,TXN-5044-5044
5045,5045,2025-12-20 14:11:28,Credit Card,287.02,Completed,TXN-5045-5045
5046,5046,2025-11-10 14:49:08,Debit Card,3936.97,Completed,TXN-5046-5046
5047,5047,2025-10-10 18:56:36,PayPal,3028.43,Completed,TXN-5047-5047
5048,5048,2025-10-19 02:49:34,Bank Transfer,1994.99,Completed,TXN-5048-5048
5049,5049,2026-02-08 18:23:01,Cash on Delivery,716.96,Completed,TXN-5049-5049
5050,5050,2024-06-24 19:03:33,Bank Transfer,457.79,Completed,TXN-5050-5050
5051,5051,2025-11-02 21:16:28,PayPal,2945.28,Pending,
5052,5052,2025-03-26 09:20:17,PayPal,644.48,Refunded,TXN-5052-5052
5053,5053,2024-09-13 19:03:47,PayPal,1009.52,Completed,TXN-5053-5053
5054,5054,2026-08-23 07:11:52,PayPal,4881.4,Completed,TXN-5054-5054
5055,5055,2026-07-29 09:55:42,Cash on Delivery,3073.38,Completed,TXN-5055-5055
5056,5056,2026-07-02 23:18:05,Bank Transfer,732.61,Pending,
5057,5057,2026-03-05 18:19:41,Bank Transfer,3654.12,Refunded,TXN-5057-5057
5058,5058,2026-08-12 05:09:22,PayPal,2443.49,Completed,TXN-5058-5058
5059,5059,2026-09-01 05:42:20,Cash on Delivery,981.65,Completed,TXN-5059-5059
5060,5060,2026-06-03 11:34:28,Bank Transfer,1077.21,Completed,TXN-5060-5060
5061,5061,2025-10-16 00:09:36,Cash on Delivery,2785.01,Pending,
5062,5062,2025-09-20 19:22:22,Debit Card,2701.57,Completed,TXN-5062-5062
5063,5063,2026-07-12 07:21:05,Debit Card,1743.95,Completed,TXN-5063-5063
5064,5064,2025-08-29 00:16:26,Debit Card,2240.94,Completed,TXN-5064-5064
5065,5065,2025-04-27 14:22:01,Bank Transfer,2108.57,Completed,TXN-5065-5065
5066,5066,2025-04-30 10:35:45,Credit Card,77.78,Completed,TXN-5066-5066
5067,5067,2025-07-01 11:24:33,PayPal,320.79,Completed,TXN-5067-5067
5068,5068,2026-06-10 02:13:47,PayPal,633.08,Completed,TXN-5068-5068
5069,5069,2025-11-28 18:37:54,Debit Card,2816.4,Completed,TXN-5069-5069
5070,5070,2025-06-30 05:45:18,Cash on Delivery,1325.1,Completed,TXN-5070-5070
5071,5071,2026-04-21 21:01:55,Debit Card,4908.65,Completed,TXN-5071-5071
5072,5072,2025-09-02 03:12:03,Bank Transfer,2016.86,Completed,TXN-5072-5072
5073,5073,2025-11-12 23:14:04,Cash on Delivery,201.27,Completed,TXN-5073-5073
5074,5074,2026-04-02 18:13:51,PayPal,4024.12,Completed,TXN-5074-5074
5075,5075,2026-07-25 08:03:21,Bank Transfer,1871.94,Completed,TXN-5075-5075
5076,5076,2026-08-03 06:07:53,Cash on Delivery,2527.37,Completed,TXN-5076-5076
5077,5077,2026-08-28 22:19:48,Credit Card,631.62,Completed,TXN-5077-5077
5078,5078,2025-08-10 14:37:56,Debit Card,243.59,Refunded,TXN-5078-5078
5079,5079,2025-09-04 19:08:46,Credit Card,1024.35,Completed,TXN-5079-5079
5080,5080,2025-01-07 15:04:22,Credit Card,1108.36,Completed,TXN-5080-5080
5081,5081,2026-08-22 15:27:29,Credit Card,785.87,Completed,TXN-5081-5081
5082,5082,2026-01-28 02:18:02,Cash on Delivery,1212.15,Completed,TXN-5082-5082
5083,5083,2026-08-17 05:04:09,Cash on Delivery,4746.7,Completed,TXN-5083-5083
5084,5084,2026-05-27 13:25:55,Credit Card,2584.18,Completed,TXN-5084-5084
5085,5085,2026-01-15 10:25:07,Credit Card,3235.46,Completed,TXN-5085-5085
5086,5086,2026-06-05 17:38:23,Cash on Delivery,542.39,Completed,TXN-5086-5086
5087,5087,2025-03-07 23:00:20,Credit Card,925.19,Completed,TXN-5087-5087
5088,5088,2026-01-05 13:13:43,PayPal,1358.92,Completed,TXN-5088-5088
5089,5089,2024-08-28 12:35:47,Credit Card,947.92,Completed,TXN-5089-5089
5090,5090,2026-07-21 15:19:12,Credit Card,450.82,Completed,TXN-5090-5090
5091,5091,2025-05-21 01:41:42,PayPal,3587.36,Completed,TXN-5091-5091
5092,5092,2026-06-19 02:38:13,Debit Card,2023.3,Pending,
5093,5093,2025-03-14 19:30:58,PayPal,2129.36,Completed,TXN-5093-5093
5094,5094,2026-06-19 06:40:25,Credit Card,959.04,Completed,TXN-5094-5094
5095,5095,2026-04-12 10:00:31,Credit Card,1320.08,Completed,TXN-5095-5095
5096,5096,2025-06-25 23:58:25,PayPal,530.85,Completed,TXN-5096-5096
5097,5097,2026-08-06 14:50:47,PayPal,3802.23,Pending,
5098,5098,2025-03-29 23:32:02,PayPal,3409.97,Completed,TXN-5098-5098
5099,5099,2026-04-28 13:23:45,Credit Card,412.01,Completed,TXN-5099-5099
5100,5100,2026-02-18 20:06:07,Debit Card,458.43,Completed,TXN-5100-5100
5101,5101,2025-12-04 13:36:20,Debit Card,1028.4,Pending,
5102,5102,2024-10-15 07:53:31,Cash on Delivery,2316.04,Completed,TXN-5102-5102
5103,5103,2026-02-11 23:54:24,PayPal,358.48,Completed,TXN-5103-5103
5104,5104,2025-02-03 11:30:28,Cash on Delivery,557.91,Completed,TXN-5104-5104
5105,5105,2024-06-10 18:20:04,Bank Transfer,991.48,Completed,TXN-5105-5105
5106,5106,2025-06-24 01:41:32,Credit Card,1590.91,Completed,TXN-5106-5106
5107,5107,2025-10-02 21:22:55,Credit Card,3734.71,Completed,TXN-5107-5107
5108,5108,2026-05-05 03:37:20,Cash on Delivery,4537.5,Completed,TXN-5108-5108
5109,5109,2026-08-17 07:41:32,Bank Transfer,5082.45,Completed,TXN-5109-5109
5110,5110,2025-07-27 07:40:16,Credit Card,935.97,Refunded,TXN-5110-5110
5111,5111,2026-05-23 17:43:01,PayPal,1911.14,Completed,TXN-5111-5111
5112,5112,2026-06-06 18:56:57,Credit Card,2843.76,Completed,TXN-5112-5112
5113,5113,2024-10-11 04:27:49,Debit Card,1914.25,Completed,TXN-5113-5113
5114,5114,2026-06-27 05:08:03,Bank Transfer,72.7,Completed,TXN-5114-5114
5115,5115,2025-09-09 05:31:56,Debit Card,1806.48,Refunded,TXN-5115-5115
5116,5116,2024-10-03 03:36:00,Debit Card,835.77,Completed,TXN-5116-5116
5117,5117,2025-07-26 08:29:17,Debit Card,1858.68,Completed,TXN-5117-5117
5118,5118,2026-07-07 01:30:16,Bank Transfer,880.18,Completed,TXN-5118-5118
5119,5119,2026-07-15 05:02:24,PayPal,862.7,Pending,
5120,5120,2026-07-13 12:44:17,Debit Card,2424.61,Completed,TXN-5120-5120
5121,5121,2026-03-27 15:02:58,Debit Card,2620.74,Completed,TXN-5121-5121
5122,5122,2026-07-24 21:14:54,Debit Card,1168.76,Completed,TXN-5122-5122
5123,5123,2024-08-30 01:29:00,Bank Transfer,1996.11,Completed,TXN-5123-5123
5124,5124,2024-12-26 17:46:13,PayPal,1233.67,Completed,TXN-5124-5124
5125,5125,2026-07-16 04:37:36,Credit Card,1959.73,Completed,TXN-5125-5125
5126,5126,2025-06-07 19:15:15,PayPal,459.02,Completed,TXN-5126-5126
5127,5127,2026-02-13 02:57:02,Cash on Delivery,1793.04,Completed,TXN-5127-5127
5128,5128,2024-09-12 23:13:42,Credit Card,1156.81,Completed,TXN-5128-5128
5129,5129,2026-03-21 11:53:56,Debit Card,796.65,Completed,TXN-5129-5129
5130,5130,2026-02-11 00:56:23,PayPal,217.62,Completed,TXN-5130-5130
5131,5131,2025-09-25 15:10:46,Bank Transfer,3047.9,Completed,TXN-5131-5131
5132,5132,2026-06-28 05:59:50,Cash on Delivery,2511.68,Completed,TXN-5132-5132
5133,5133,2024-07-22 06:04:29,Cash on Delivery,1826.52,Completed,TXN-5133-5133
5134,5134,2024-08-05 13:15:31,Bank Transfer,853.13,Pending,
5135,5135,2026-06-11 21:28:26,Debit Card,735.52,Completed,TXN-5135-5135
5136,5136,2026-05-25 21:37:21,Debit Card,2029.54,Completed,TXN-5136-5136
5137,5137,2026-06-09 19:33:11,Cash on Delivery,2494.47,Completed,TXN-5137-5137
5138,5138,2024-08-28 18:02:28,PayPal,1147.87,Pending,
5139,5139,2024-03-29 23:55:05,Cash on Delivery,1224.76,Completed,TXN-5139-5139
5140,5140,2026-03-29 18:07:48,PayPal,1864.44,Completed,TXN-5140-5140
5141,5141,2026-05-20 12:31:11,Bank Transfer,1766.97,Completed,TXN-5141-5141
5142,5142,2026-06-30 03:14:21,Credit Card,3395.43,Completed,TXN-5142-5142
5143,5143,2024-11-24 23:21:31,Credit Card,799.76,Completed,TXN-5143-5143
5144,5144,2025-06-16 13:28:50,Bank Transfer,1325.1,Completed,TXN-5144-5144
5145,5145,2024-09-14 16:44:51,Credit Card,2105.82,Completed,TXN-5145-5145
5146,5146,2026-07-23 16:30:50,PayPal,2011.8,Completed,TXN-5146-5146
5147,5147,2026-05-11 12:44:22,Bank Transfer,994.53,Completed,TXN-5147-5147
5148,5148,2026-09-01 05:21:30,Cash on Delivery,1431.19,Completed,TXN-5148-5148
5149,5149,2026-06-06 09:03:48,Debit Card,1161.66,Completed,TXN-5149-5149
5150,5150,2026-07-28 10:46:00,Cash on Delivery,2680.78,Completed,TXN-5150-5150
5151,5151,2026-01-26 12:26:28,Credit Card,2714.91,Completed,TXN-5151-5151
5152,5152,2024-10-09 11:02:23,Bank Transfer,43.21,Completed,TXN-5152-5152
5153,5153,2026-02-27 11:19:58,Debit Card,2110.92,Completed,TXN-5153-5153
5154,5154,2025-05-21 21:36:38,Bank Transfer,1266.16,Refunded,TXN-5154-5154
5155,5155,2025-07-02 08:08:51,PayPal,2656.69,Completed,TXN-5155-5155
5156,5156,2023-10-31 15:52:12,Bank Transfer,2474.06,Completed,TXN-5156-5156
5157,5157,2026-05-25 01:55:57,Debit Card,3440.19,Failed,
5158,5158,2026-07-17 01:37:28,Cash on Delivery,3726.0,Completed,TXN-5158-5158
5159,5159,2026-04-17 00:41:01,Credit Card,287.02,Completed,TXN-5159-5159
5160,5160,2026-04-22 21:26:53,Credit Card,6247.43,Completed,TXN-5160-5160
5161,5161,2026-06-06 18:02:17,Cash on Delivery,771.91,Completed,TXN-5161-5161
5162,5162,2026-05-02 14:11:22,Cash on Delivery,511.66,Completed,TXN-5162-5162
5163,5163,2026-08-23 23:46:52,Cash on Delivery,677.11,Completed,TXN-5163-5163
5164,5164,2026-03-08 06:58:40,Bank Transfer,894.76,Completed,TXN-5164-5164
5165,5165,2026-03-08 18:54:24,Credit Card,5442.8,Completed,TXN-5165-5165
5166,5166,2025-07-09 22:36:27,Debit Card,1414.81,Pending,
5167,5167,2026-07-26 09:27:11,Debit Card,1517.52,Pending,
5168,5168,2026-03-10 02:23:07,Bank Transfer,103.25,Completed,TXN-5168-5168
5169,5169,2024-07-30 07:40:25,Cash on Delivery,1891.8,Completed,TXN-5169-5169
5170,5170,2026-07-06 13:18:24,Bank Transfer,4218.04,Completed,TXN-5170-5170
5171,5171,2026-08-08 18:47:39,Cash on Delivery,347.8,Completed,TXN-5171-5171
5172,5172,2026-05-14 04:13:45,PayPal,707.75,Completed,TXN-5172-5172
5173,5173,2024-10-30 17:13:24,PayPal,1458.65,Completed,TXN-5173-5173
5174,5174,2026-07-01 22:14:12,Credit Card,5315.0,Completed,TXN-5174-5174
5175,5175,2025-11-08 01:46:19,Bank Transfer,132.89,Failed,
5176,5176,2025-05-04 20:03:10,Cash on Delivery,1508.34,Completed,TXN-5176-5176
5177,5177,2025-05-27 20:34:05,Bank Transfer,2850.26,Completed,TXN-5177-5177
5178,5178,2025-02-10 14:17:34,Bank Transfer,5647.45,Pending,
5179,5179,2025-03-25 11:54:05,PayPal,3854.95,Completed,TXN-5179-5179
5180,5180,2026-05-24 00:39:50,Credit Card,597.45,Completed,TXN-5180-5180
5181,5181,2025-04-24 02:59:44,PayPal,1894.86,Pending,
5182,5182,2026-08-22 02:04:09,Cash on Delivery,271.78,Pending,
5183,5183,2026-08-14 01:53:43,PayPal,2293.22,Completed,TXN-5183-5183
5184,5184,2024-12-12 20:05:35,Cash on Delivery,773.61,Completed,TXN-5184-5184
5185,5185,2025-02-09 20:29:19,Debit Card,1350.04,Failed,
5186,5186,2026-06-26 19:55:44,Debit Card,876.4,Completed,TXN-5186-5186
5187,5187,2026-06-17 12:19:29,Bank Transfer,2000.7,Completed,TXN-5187-5187
5188,5188,2026-04-30 05:04:21,PayPal,1621.64,Completed,TXN-5188-5188
5189,5189,2026-08-25 15:12:43,Bank Transfer,267.39,Completed,TXN-5189-5189
5190,5190,2026-07-29 11:07:32,Credit Card,1553.01,Completed,TXN-5190-5190
5191,5191,2025-06-15 19:14:16,Debit Card,1834.43,Pending,
5192,5192,2026-07-05 06:18:49,Cash on Delivery,4411.46,Completed,TXN-5192-5192
5193,5193,2025-12-02 23:00:26,Cash on Delivery,662.55,Completed,TXN-5193-5193
5194,5194,2026-08-17 08:12:50,Credit Card,1903.26,Completed,TXN-5194-5194
5195,5195,2026-05-05 23:10:45,Debit Card,542.39,Completed,TXN-5195-5195
5196,5196,2026-06-02 17:54:28,Bank Transfer,1075.62,Completed,TXN-5196-5196
5197,5197,2026-05-28 03:06:18,Debit Card,569.42,Completed,TXN-5197-5197
5198,5198,2024-04-07 16:05:13,Bank Transfer,1306.91,Completed,TXN-5198-5198
5199,5199,2026-05-01 16:24:02,PayPal,2850.79,Completed,TXN-5199-5199
5200,5200,2025-03-29 11:11:50,Bank Transfer,1671.29,Pending,
5201,5201,2026-01-06 15:43:41,Credit Card,2487.68,Completed,TXN-5201-5201
5202,5202,2024-11-27 12:46:00,Credit Card,1396.61,Completed,TXN-5202-5202
5203,5203,2025-05-04 23:14:01,Credit Card,202.6,Pending,
5204,5204,2026-08-10 23:04:04,Debit Card,1127.68,Pending,
5205,5205,2025-10-19 19:08:30,Debit Card,379.95,Pending,
5206,5206,2026-02-07 06:10:17,Cash on Delivery,68.38,Completed,TXN-5206-5206
5207,5207,2026-06-30 18:03:02,Credit Card,3401.75,Completed,TXN-5207-5207
5208,5208,2024-06-26 07:12:33,Credit Card,578.77,Completed,TXN-5208-5208
5209,5209,2026-06-07 03:50:06,Cash on Delivery,1443.8,Completed,TXN-5209-5209
5210,5210,2026-03-18 21:33:16,Credit Card,1861.94,Completed,TXN-5210-5210
5211,5211,2025-07-09 09:25:20,Credit Card,1030.54,Completed,TXN-5211-5211
5212,5212,2025-12-14 21:34:53,Credit Card,1017.21,Completed,TXN-5212-5212
5213,5213,2024-12-26 11:10:02,PayPal,2904.94,Completed,TXN-5213-5213
5214,5214,2025-08-12 00:34:31,Credit Card,2253.95,Completed,TXN-5214-5214
5215,5215,2026-04-10 02:02:11,PayPal,1322.1,Completed,TXN-5215-5215
5216,5216,2024-11-29 08:11:54,Debit Card,1929.24,Completed,TXN-5216-5216
5217,5217,2025-11-06 04:45:11,Debit Card,3515.12,Completed,TXN-5217-5217
5218,5218,2025-03-07 05:24:59,Bank Transfer,3692.51,Completed,TXN-5218-5218
5219,5219,2026-06-10 09:13:23,PayPal,1105.19,Completed,TXN-5219-5219
5220,5220,2024-10-16 21:11:01,Debit Card,990.51,Completed,TXN-5220-5220
5221,5221,2026-08-07 22:58:14,Bank Transfer,1176.35,Completed,TXN-5221-5221
5222,5222,2026-07-22 13:10:28,Bank Transfer,3641.59,Completed,TXN-5222-5222
5223,5223,2026-06-21 21:26:43,PayPal,2188.81,Completed,TXN-5223-5223
5224,5224,2024-09-14 15:48:27,Bank Transfer,2519.66,Pending,
5225,5225,2026-04-09 00:00:31,PayPal,4728.44,Completed,TXN-5225-5225
5226,5226,2026-09-01 11:56:12,PayPal,2109.79,Refunded,TXN-5226-5226
5227,5227,2026-08-08 08:15:19,PayPal,1754.76,Refunded,TXN-5227-5227
5228,5228,2026-06-01 01:27:08,PayPal,662.55,Completed,TXN-5228-5228
5229,5229,2026-03-21 20:50:47,Cash on Delivery,991.13,Completed,TXN-5229-5229
5230,5230,2026-07-13 16:29:03,PayPal,695.03,Completed,TXN-5230-5230
5231,5231,2026-03-02 10:30:32,PayPal,2077.99,Completed,TXN-5231-5231
5232,5232,2026-04-18 11:09:48,Credit Card,686.15,Completed,TXN-5232-5232
5233,5233,2025-10-31 05:43:52,Cash on Delivery,1622.19,Pending,
5234,5234,2025-01-16 19:49:48,Credit Card,981.65,Completed,TXN-5234-5234
5235,5235,2024-07-22 18:16:44,Debit Card,1883.11,Refunded,TXN-5235-5235
5236,5236,2026-07-07 23:24:52,PayPal,456.92,Completed,TXN-5236-5236
5237,5237,2026-05-22 17:13:08,PayPal,3310.69,Completed,TXN-5237-5237
5238,5238,2026-07-06 07:17:47,Credit Card,1263.24,Completed,TXN-5238-5238
5239,5239,2025-07-13 13:46:17,Cash on Delivery,604.84,Completed,TXN-5239-5239
5240,5240,2024-10-30 19:45:56,Bank Transfer,868.88,Completed,TXN-5240-5240
5241,5241,2024-04-07 23:21:14,Debit Card,2258.61,Completed,TXN-5241-5241
5242,5242,2025-12-24 01:04:46,Debit Card,2742.07,Completed,TXN-5242-5242
5243,5243,2025-08-29 13:40:34,Cash on Delivery,537.71,Pending,
5244,5244,2026-07-19 21:11:46,PayPal,1310.99,Completed,TXN-5244-5244
5245,5245,2025-10-25 06:30:14,Credit Card,1660.71,Completed,TXN-5245-5245
5246,5246,2024-10-02 07:59:45,Bank Transfer,497.42,Completed,TXN-5246-5246
5247,5247,2026-07-01 23:51:27,PayPal,2517.75,Completed,TXN-5247-5247
5248,5248,2025-11-29 11:44:00,Credit Card,2472.01,Completed,TXN-5248-5248
5249,5249,2024-09-20 17:44:23,PayPal,766.24,Completed,TXN-5249-5249
5250,5250,2026-07-12 06:40:02,Credit Card,149.0,Completed,TXN-5250-5250
5251,5251,2025-09-18 08:35:52,PayPal,2269.18,Completed,TXN-5251-5251
5252,5252,2026-08-14 01:48:48,Credit Card,3004.04,Completed,TXN-5252-5252
5253,5253,2026-05-24 18:51:25,Cash on Delivery,3953.18,Refunded,TXN-5253-5253
5254,5254,2025-03-20 02:25:33,Credit Card,2834.41,Completed,TXN-5254-5254
5255,5255,2026-08-10 04:48:35,Bank Transfer,2370.3,Completed,TXN-5255-5255
5256,5256,2026-03-10 11:55:47,Cash on Delivery,843.5,Completed,TXN-5256-5256
5257,5257,2024-07-09 12:05:16,Credit Card,3741.5,Completed,TXN-5257-5257
5258,5258,2026-03-08 14:39:12,Debit Card,1458.26,Completed,TXN-5258-5258
5259,5259,2026-08-10 06:44:58,Bank Transfer,795.62,Completed,TXN-5259-5259
5260,5260,2026-06-07 16:26:57,Debit Card,2401.84,Completed,TXN-5260-5260
5261,5261,2025-10-25 15:02:21,Debit Card,1216.89,Completed,TXN-5261-5261
5262,5262,2026-08-21 00:39:18,Bank Transfer,1395.29,Completed,TXN-5262-5262
5263,5263,2026-07-14 14:54:47,Credit Card,736.29,Completed,TXN-5263-5263
5264,5264,2025-01-01 09:23:32,Credit Card,2415.19,Completed,TXN-5264-5264
5265,5265,2026-05-07 16:14:34,Cash on Delivery,1552.65,Completed,TXN-5265-5265
5266,5266,2025-10-14 08:44:49,Bank Transfer,2840.27,Completed,TXN-5266-5266
5267,5267,2026-07-03 19:51:30,Bank Transfer,1394.8,Completed,TXN-5267-5267
5268,5268,2026-08-20 20:03:58,Bank Transfer,2831.51,Completed,TXN-5268-5268
5269,5269,2026-08-25 15:43:32,PayPal,661.11,Completed,TXN-5269-5269
5270,5270,2026-05-13 15:55:53,PayPal,659.41,Completed,TXN-5270-5270
5271,5271,2025-10-31 02:39:37,PayPal,729.75,Completed,TXN-5271-5271
5272,5272,2025-09-27 20:55:17,Cash on Delivery,1963.77,Completed,TXN-5272-5272
5273,5273,2024-06-13 05:48:02,PayPal,2659.97,Completed,TXN-5273-5273
5274,5274,2026-03-21 21:20:14,Bank Transfer,3317.84,Completed,TXN-5274-5274
5275,5275,2026-01-19 10:05:55,PayPal,4379.43,Completed,TXN-5275-5275
5276,5276,2025-04-16 01:18:56,PayPal,1025.32,Completed,TXN-5276-5276
5277,5277,2026-07-12 23:46:03,Cash on Delivery,641.58,Completed,TXN-5277-5277
5278,5278,2025-11-02 00:18:20,PayPal,2261.78,Completed,TXN-5278-5278
5279,5279,2026-06-19 09:40:41,Bank Transfer,1578.5,Completed,TXN-5279-5279
5280,5280,2026-02-15 03:23:49,Bank Transfer,1344.96,Completed,TXN-5280-5280
5281,5281,2026-06-05 02:17:24,Credit Card,3551.12,Completed,TXN-5281-5281
5282,5282,2026-05-16 08:18:29,Credit Card,2540.59,Completed,TXN-5282-5282
5283,5283,2026-06-27 20:21:42,Credit Card,2317.48,Completed,TXN-5283-5283
5284,5284,2026-08-09 15:26:32,Debit Card,2272.24,Completed,TXN-5284-5284
5285,5285,2026-08-12 12:22:39,PayPal,2085.48,Refunded,TXN-5285-5285
5286,5286,2026-07-28 06:55:54,Bank Transfer,994.53,Completed,TXN-5286-5286
5287,5287,2026-06-09 04:37:48,Bank Transfer,4622.61,Completed,TXN-5287-5287
5288,5288,2026-07-20 18:28:03,Credit Card,1772.14,Completed,TXN-5288-5288
5289,5289,2025-11-11 09:10:46,Debit Card,2105.99,Pending,
5290,5290,2025-11-26 21:28:34,Cash on Delivery,1806.81,Completed,TXN-5290-5290
5291,5291,2026-05-27 15:09:05,Bank Transfer,2649.96,Completed,TXN-5291-5291
5292,5292,2024-04-05 05:47:48,Debit Card,366.37,Completed,TXN-5292-5292
5293,5293,2024-10-01 09:14:07,PayPal,413.12,Completed,TXN-5293-5293
5294,5294,2025-06-03 21:32:53,Cash on Delivery,3447.12,Completed,TXN-5294-5294
5295,5295,2026-06-08 00:33:08,Cash on Delivery,34.19,Completed,TXN-5295-5295
5296,5296,2024-10-12 15:17:48,Bank Transfer,3332.16,Pending,
5297,5297,2025-10-09 04:46:53,Bank Transfer,2011.29,Failed,
5298,5298,2025-10-16 08:51:23,Bank Transfer,6546.89,Completed,TXN-5298-5298
5299,5299,2025-07-01 05:27:28,Bank Transfer,128.01,Completed,TXN-5299-5299
5300,5300,2024-11-05 09:07:55,Bank Transfer,1909.24,Completed,TXN-5300-5300
5301,5301,2026-04-23 09:35:40,Cash on Delivery,3100.02,Completed,TXN-5301-5301
5302,5302,2026-07-08 23:11:14,Bank Transfer,202.6,Failed,
5303,5303,2026-01-18 05:30:18,Bank Transfer,1548.6,Completed,TXN-5303-5303
5304,5304,2026-06-26 23:43:21,PayPal,2001.64,Completed,TXN-5304-5304
5305,5305,2025-05-21 09:59:28,Bank Transfer,134.1,Completed,TXN-5305-5305
5306,5306,2024-12-14 06:22:16,Cash on Delivery,2560.04,Completed,TXN-5306-5306
5307,5307,2025-03-28 22:19:46,Credit Card,2092.53,Completed,TXN-5307-5307
5308,5308,2026-08-19 10:33:56,Cash on Delivery,866.31,Completed,TXN-5308-5308
5309,5309,2024-07-01 23:55:05,Bank Transfer,2253.81,Completed,TXN-5309-5309
5310,5310,2025-06-26 05:40:04,Bank Transfer,4394.99,Completed,TXN-5310-5310
5311,5311,2025-10-23 22:29:10,Debit Card,2832.93,Completed,TXN-5311-5311
5312,5312,2026-05-10 14:37:45,Debit Card,1225.28,Completed,TXN-5312-5312
5313,5313,2026-03-06 03:28:56,Debit Card,841.5,Completed,TXN-5313-5313
5314,5314,2026-07-13 13:04:33,Bank Transfer,994.53,Completed,TXN-5314-5314
5315,5315,2026-06-18 21:57:37,PayPal,854.1,Completed,TXN-5315-5315
5316,5316,2025-12-11 18:12:32,Debit Card,132.89,Completed,TXN-5316-5316
5317,5317,2026-08-29 20:57:50,Cash on Delivery,272.67,Completed,TXN-5317-5317
5318,5318,2026-08-02 12:44:37,Debit Card,2313.3,Completed,TXN-5318-5318
5319,5319,2025-10-02 20:59:20,Credit Card,291.37,Completed,TXN-5319-5319
5320,5320,2026-03-19 07:31:11,Bank Transfer,1298.37,Completed,TXN-5320-5320
5321,5321,2026-08-14 01:26:15,Credit Card,1093.36,Completed,TXN-5321-5321
5322,5322,2025-09-20 07:52:06,Debit Card,2473.28,Completed,TXN-5322-5322
5323,5323,2025-05-04 23:43:02,Credit Card,5882.68,Completed,TXN-5323-5323
5324,5324,2026-08-29 09:25:42,Debit Card,1731.6,Completed,TXN-5324-5324
5325,5325,2026-07-29 17:38:55,Debit Card,1847.62,Completed,TXN-5325-5325
5326,5326,2026-06-17 00:45:22,Cash on Delivery,3869.54,Completed,TXN-5326-5326
5327,5327,2026-01-31 16:40:03,Cash on Delivery,27.46,Completed,TXN-5327-5327
5328,5328,2026-08-04 10:14:16,Cash on Delivery,236.54,Failed,
5329,5329,2025-11-09 23:00:10,Credit Card,951.25,Pending,
5330,5330,2026-08-30 15:50:24,Bank Transfer,2909.04,Completed,TXN-5330-5330
5331,5331,2023-12-08 16:23:52,PayPal,631.62,Completed,TXN-5331-5331
5332,5332,2024-05-16 06:42:44,PayPal,1238.04,Completed,TXN-5332-5332
5333,5333,2024-10-08 04:29:47,Credit Card,1773.97,Pending,
5334,5334,2025-11-15 03:22:03,Credit Card,1067.23,Completed,TXN-5334-5334
5335,5335,2026-05-18 07:51:09,Credit Card,619.38,Completed,TXN-5335-5335
5336,5336,2026-05-29 19:37:47,Cash on Delivery,4496.58,Completed,TXN-5336-5336
5337,5337,2026-07-27 00:08:02,PayPal,1345.3,Completed,TXN-5337-5337
5338,5338,2025-07-08 03:01:06,Bank Transfer,994.53,Completed,TXN-5338-5338
5339,5339,2026-06-10 01:40:58,Bank Transfer,2225.02,Completed,TXN-5339-5339
5340,5340,2026-02-13 12:47:20,Credit Card,1649.85,Completed,TXN-5340-5340
5341,5341,2026-06-15 05:14:30,Cash on Delivery,1639.47,Completed,TXN-5341-5341
5342,5342,2026-07-08 23:28:29,Cash on Delivery,1561.58,Completed,TXN-5342-5342
5343,5343,2026-07-09 23:50:07,Debit Card,1098.99,Completed,TXN-5343-5343
5344,5344,2025-12-31 13:55:44,Debit Card,4038.08,Completed,TXN-5344-5344
5345,5345,2025-11-13 10:39:35,Cash on Delivery,3630.94,Completed,TXN-5345-5345
5346,5346,2025-05-24 17:26:58,Cash on Delivery,4196.53,Completed,TXN-5346-5346
5347,5347,2026-07-31 06:21:43,Cash on Delivery,1329.45,Completed,TXN-5347-5347
5348,5348,2026-07-15 18:50:28,Credit Card,2158.51,Completed,TXN-5348-5348
5349,5349,2025-02-22 03:02:48,Bank Transfer,1467.61,Completed,TXN-5349-5349
5350,5350,2026-08-26 08:20:36,PayPal,2665.59,Completed,TXN-5350-5350
5351,5351,2026-05-04 03:12:16,PayPal,1944.75,Completed,TXN-5351-5351
5352,5352,2026-07-17 17:46:48,Credit Card,4401.45,Completed,TXN-5352-5352
5353,5353,2024-05-14 15:11:33,Debit Card,1892.41,Completed,TXN-5353-5353
5354,5354,2024-08-08 02:47:22,PayPal,2788.45,Failed,
5355,5355,2026-08-28 14:05:16,PayPal,2233.47,Completed,TXN-5355-5355
5356,5356,2025-04-15 17:15:00,Cash on Delivery,3520.58,Completed,TXN-5356-5356
5357,5357,2026-07-02 15:38:11,Debit Card,1208.86,Completed,TXN-5357-5357
5358,5358,2025-05-21 18:02:26,Credit Card,677.11,Pending,
5359,5359,2025-12-21 23:41:28,Credit Card,1508.73,Completed,TXN-5359-5359
5360,5360,2026-07-27 23:17:15,Bank Transfer,3310.27,Completed,TXN-5360-5360
5361,5361,2024-06-20 00:01:20,PayPal,1263.23,Completed,TXN-5361-5361
5362,5362,2025-08-11 06:30:05,Credit Card,2051.24,Refunded,TXN-5362-5362
5363,5363,2025-11-23 09:54:31,Debit Card,2796.47,Completed,TXN-5363-5363
5364,5364,2025-10-18 06:23:51,Bank Transfer,1614.2,Refunded,TXN-5364-5364
5365,5365,2026-05-13 12:39:45,Debit Card,3571.12,Completed,TXN-5365-5365
5366,5366,2026-07-28 04:24:52,Debit Card,658.23,Completed,TXN-5366-5366
5367,5367,2026-06-04 12:03:39,PayPal,1520.95,Completed,TXN-5367-5367
5368,5368,2026-06-18 09:40:18,Credit Card,812.2,Completed,TXN-5368-5368
5369,5369,2026-07-10 04:08:49,Bank Transfer,3647.43,Completed,TXN-5369-5369
5370,5370,2025-05-19 05:32:47,Cash on Delivery,617.8,Completed,TXN-5370-5370
5371,5371,2026-08-24 04:19:46,PayPal,1440.54,Completed,TXN-5371-5371
5372,5372,2025-10-01 11:03:36,Debit Card,833.99,Completed,TXN-5372-5372
5373,5373,2026-06-26 11:24:26,Credit Card,805.73,Completed,TXN-5373-5373
5374,5374,2026-06-13 18:14:28,Bank Transfer,3441.5,Completed,TXN-5374-5374
5375,5375,2025-06-28 14:09:47,Credit Card,1965.19,Completed,TXN-5375-5375
5376,5376,2025-05-12 08:22:34,Bank Transfer,604.84,Completed,TXN-5376-5376
5377,5377,2026-08-22 02:23:05,Debit Card,1291.23,Pending,
5378,5378,2025-08-09 02:01:22,Debit Card,2310.3,Completed,TXN-5378-5378
5379,5379,2025-04-30 14:18:13,Bank Transfer,1336.69,Completed,TXN-5379-5379
5380,5380,2025-01-06 12:43:58,Bank Transfer,3050.79,Failed,
5381,5381,2025-11-18 19:18:25,Credit Card,720.45,Completed,TXN-5381-5381
5382,5382,2026-04-11 00:07:29,Cash on Delivery,2140.78,Pending,
5383,5383,2025-01-14 12:48:19,Bank Transfer,2353.23,Completed,TXN-5383-5383
5384,5384,2026-08-30 04:31:40,Bank Transfer,3061.02,Completed,TXN-5384-5384
5385,5385,2025-03-01 23:22:39,Debit Card,3192.76,Pending,
5386,5386,2025-03-30 13:25:41,Debit Card,3487.75,Completed,TXN-5386-5386
5387,5387,2026-05-08 12:24:45,Credit Card,1937.9,Completed,TXN-5387-5387
5388,5388,2026-01-07 21:03:06,Credit Card,1535.09,Completed,TXN-5388-5388
5389,5389,2025-09-19 12:07:07,Cash on Delivery,1199.05,Completed,TXN-5389-5389
5390,5390,2025-02-14 18:08:09,Debit Card,2944.95,Completed,TXN-5390-5390
5391,5391,2025-05-26 00:21:48,Credit Card,543.57,Completed,TXN-5391-5391
5392,5392,2026-07-28 02:33:39,PayPal,3369.74,Completed,TXN-5392-5392
5393,5393,2026-07-16 18:15:43,PayPal,670.89,Pending,
5394,5394,2026-02-06 12:09:04,Debit Card,2364.47,Completed,TXN-5394-5394
5395,5395,2025-09-24 03:08:55,PayPal,2925.5,Completed,TXN-5395-5395
5396,5396,2024-11-10 20:58:00,PayPal,2247.83,Completed,TXN-5396-5396
5397,5397,2024-09-19 00:08:04,PayPal,511.66,Completed,TXN-5397-5397
5398,5398,2025-07-29 12:41:48,Credit Card,994.42,Completed,TXN-5398-5398
5399,5399,2026-02-10 19:20:09,Credit Card,1299.48,Completed,TXN-5399-5399
5400,5400,2025-08-26 18:18:34,PayPal,562.72,Completed,TXN-5400-5400
5401,5401,2025-04-28 10:38:21,Credit Card,1790.48,Completed,TXN-5401-5401
5402,5402,2026-04-06 02:17:31,PayPal,716.96,Completed,TXN-5402-5402
5403,5403,2026-04-24 14:33:57,Cash on Delivery,557.91,Completed,TXN-5403-5403
5404,5404,2026-06-24 13:44:01,Bank Transfer,3793.26,Completed,TXN-5404-5404
5405,5405,2025-08-02 15:08:34,Cash on Delivery,1275.8,Completed,TXN-5405-5405
5406,5406,2025-09-10 02:55:11,Cash on Delivery,3808.92,Completed,TXN-5406-5406
5407,5407,2025-10-30 05:14:23,Credit Card,897.36,Completed,TXN-5407-5407
5408,5408,2026-05-02 14:47:47,PayPal,733.03,Pending,
5409,5409,2026-08-20 23:06:45,Bank Transfer,1790.15,Failed,
5410,5410,2025-06-23 03:23:13,Debit Card,5133.82,Completed,TXN-5410-5410
5411,5411,2025-11-30 00:15:38,PayPal,3693.77,Completed,TXN-5411-5411
5412,5412,2025-04-03 20:04:55,Debit Card,2731.74,Completed,TXN-5412-5412
5413,5413,2026-05-10 20:50:29,Bank Transfer,3199.41,Completed,TXN-5413-5413
5414,5414,2026-05-16 17:27:12,Credit Card,1131.61,Completed,TXN-5414-5414
5415,5415,2026-06-10 10:55:07,Debit Card,1792.35,Completed,TXN-5415-5415
5416,5416,2025-12-09 18:25:18,Debit Card,6421.19,Completed,TXN-5416-5416
5417,5417,2026-07-18 08:58:25,Debit Card,2237.03,Completed,TXN-5417-5417
5418,5418,2026-03-25 20:39:33,Cash on Delivery,459.02,Completed,TXN-5418-5418
5419,5419,2026-08-15 18:30:24,Credit Card,2843.28,Completed,TXN-5419-5419
5420,5420,2026-04-20 22:41:45,Credit Card,1515.48,Completed,TXN-5420-5420
5421,5421,2025-02-01 01:59:16,Debit Card,2022.25,Completed,TXN-5421-5421
5422,5422,2026-09-01 09:23:51,PayPal,1978.06,Pending,
5423,5423,2025-05-02 23:18:22,Debit Card,904.56,Completed,TXN-5423-5423
5424,5424,2026-07-25 04:36:11,PayPal,1476.38,Pending,
5425,5425,2026-01-29 04:23:37,Credit Card,2433.33,Completed,TXN-5425-5425
5426,5426,2025-01-17 16:01:56,Bank Transfer,339.73,Completed,TXN-5426-5426
5427,5427,2025-09-30 21:33:42,PayPal,184.38,Completed,TXN-5427-5427
5428,5428,2026-03-27 05:51:43,Cash on Delivery,128.01,Completed,TXN-5428-5428
5429,5429,2026-08-09 18:33:01,Credit Card,918.04,Completed,TXN-5429-5429
5430,5430,2025-08-02 12:47:24,Bank Transfer,2032.84,Completed,TXN-5430-5430
5431,5431,2026-06-06 23:17:26,PayPal,777.71,Completed,TXN-5431-5431
5432,5432,2026-01-06 00:41:06,Debit Card,304.75,Completed,TXN-5432-5432
5433,5433,2026-08-04 21:51:08,Bank Transfer,2555.73,Completed,TXN-5433-5433
5434,5434,2026-02-08 14:20:33,PayPal,2000.24,Completed,TXN-5434-5434
5435,5435,2025-11-06 23:30:01,Bank Transfer,1055.24,Completed,TXN-5435-5435
5436,5436,2025-02-28 05:59:54,Cash on Delivery,1786.71,Completed,TXN-5436-5436
5437,5437,2024-12-20 14:51:10,Bank Transfer,1350.09,Completed,TXN-5437-5437
5438,5438,2026-08-05 04:42:27,PayPal,994.18,Completed,TXN-5438-5438
5439,5439,2024-10-20 07:22:25,Bank Transfer,1129.82,Completed,TXN-5439-5439
5440,5440,2026-08-17 21:23:36,Cash on Delivery,464.7,Completed,TXN-5440-5440
5441,5441,2026-09-01 10:19:36,Cash on Delivery,1381.26,Completed,TXN-5441-5441
5442,5442,2025-05-05 21:36:00,Cash on Delivery,1919.01,Completed,TXN-5442-5442
5443,5443,2025-04-25 13:02:10,Debit Card,2461.51,Completed,TXN-5443-5443
5444,5444,2025-10-23 21:19:57,PayPal,4899.18,Completed,TXN-5444-5444
5445,5445,2024-03-27 08:10:46,PayPal,2051.65,Completed,TXN-5445-5445
5446,5446,2026-08-11 23:28:10,Bank Transfer,2947.71,Completed,TXN-5446-5446
5447,5447,2026-08-18 10:18:18,Debit Card,2845.27,Completed,TXN-5447-5447
5448,5448,2026-08-09 10:19:46,Cash on Delivery,2851.09,Completed,TXN-5448-5448
5449,5449,2026-07-20 14:10:08,Bank Transfer,2731.51,Completed,TXN-5449-5449
5450,5450,2025-01-21 02:08:45,PayPal,858.09,Completed,TXN-5450-5450
5451,5451,2026-04-28 22:18:11,Cash on Delivery,880.29,Completed,TXN-5451-5451
5452,5452,2024-12-23 16:30:12,Bank Transfer,239.06,Failed,
5453,5453,2026-07-19 04:37:51,PayPal,767.49,Completed,TXN-5453-5453
5454,5454,2026-02-17 05:24:10,Debit Card,4172.01,Completed,TXN-5454-5454
5455,5455,2024-10-02 23:45:48,Credit Card,677.11,Completed,TXN-5455-5455
5456,5456,2024-12-02 14:54:41,Cash on Delivery,2381.12,Completed,TXN-5456-5456
5457,5457,2026-04-24 23:43:33,Bank Transfer,3007.13,Completed,TXN-5457-5457
5458,5458,2026-07-15 07:47:17,Credit Card,1595.37,Completed,TXN-5458-5458
5459,5459,2025-11-07 21:42:52,Bank Transfer,1242.93,Completed,TXN-5459-5459
5460,5460,2025-10-19 09:50:37,Credit Card,1963.3,Completed,TXN-5460-5460
5461,5461,2026-01-10 22:32:31,Credit Card,915.18,Pending,
5462,5462,2024-11-06 14:09:00,Bank Transfer,288.71,Failed,
5463,5463,2026-05-02 08:29:20,PayPal,3119.2,Completed,TXN-5463-5463
5464,5464,2025-12-12 13:27:58,Bank Transfer,134.1,Completed,TXN-5464-5464
5465,5465,2026-08-20 00:18:18,Bank Transfer,1706.26,Completed,TXN-5465-5465
5466,5466,2026-03-24 11:46:59,Bank Transfer,36.73,Completed,TXN-5466-5466
5467,5467,2026-08-03 01:24:03,Debit Card,2331.91,Completed,TXN-5467-5467
5468,5468,2026-06-18 20:52:15,Bank Transfer,854.22,Pending,
5469,5469,2026-02-07 15:15:39,Bank Transfer,1466.35,Failed,
5470,5470,2026-08-13 06:50:07,PayPal,1606.97,Completed,TXN-5470-5470
5471,5471,2025-09-22 15:32:43,PayPal,6343.14,Refunded,TXN-5471-5471
5472,5472,2026-01-21 06:48:05,Cash on Delivery,618.57,Completed,TXN-5472-5472
5473,5473,2025-07-26 18:16:19,PayPal,173.9,Pending,
5474,5474,2026-08-07 02:45:35,PayPal,604.84,Completed,TXN-5474-5474
5475,5475,2025-01-04 20:19:08,Cash on Delivery,861.06,Completed,TXN-5475-5475
5476,5476,2026-06-07 09:09:18,Cash on Delivery,457.79,Completed,TXN-5476-5476
5477,5477,2026-04-12 14:10:48,Credit Card,457.88,Completed,TXN-5477-5477
5478,5478,2026-08-08 02:31:47,Cash on Delivery,217.62,Completed,TXN-5478-5478
5479,5479,2025-04-03 03:12:50,Debit Card,3319.83,Completed,TXN-5479-5479
5480,5480,2026-07-14 22:25:01,Bank Transfer,743.38,Completed,TXN-5480-5480
5481,5481,2026-05-01 09:16:31,Cash on Delivery,2693.93,Completed,TXN-5481-5481
5482,5482,2024-09-20 11:20:49,Cash on Delivery,402.3,Completed,TXN-5482-5482
5483,5483,2025-07-22 19:21:33,PayPal,1549.49,Completed,TXN-5483-5483
5484,5484,2024-11-29 23:03:59,Bank Transfer,819.48,Completed,TXN-5484-5484
5485,5485,2026-05-01 22:43:21,PayPal,268.53,Completed,TXN-5485-5485
5486,5486,2025-05-21 22:04:04,Cash on Delivery,1576.86,Completed,TXN-5486-5486
5487,5487,2025-08-11 06:49:26,Credit Card,1141.48,Completed,TXN-5487-5487
5488,5488,2026-06-13 00:22:23,PayPal,1504.32,Completed,TXN-5488-5488
5489,5489,2026-05-30 04:30:03,Cash on Delivery,2421.3,Completed,TXN-5489-5489
5490,5490,2026-08-06 06:14:58,PayPal,2326.3,Completed,TXN-5490-5490
5491,5491,2026-03-18 02:17:52,Debit Card,787.11,Completed,TXN-5491-5491
5492,5492,2026-01-01 02:03:32,Debit Card,2263.99,Completed,TXN-5492-5492
5493,5493,2026-07-28 19:24:14,PayPal,719.99,Completed,TXN-5493-5493
5494,5494,2024-05-23 23:27:14,Cash on Delivery,3764.67,Completed,TXN-5494-5494
5495,5495,2025-11-12 12:09:22,Cash on Delivery,3628.48,Completed,TXN-5495-5495
5496,5496,2026-05-22 09:54:27,Cash on Delivery,320.79,Completed,TXN-5496-5496
5497,5497,2026-08-29 09:21:34,Cash on Delivery,2279.4,Failed,
5498,5498,2025-07-07 07:07:37,Bank Transfer,1393.61,Completed,TXN-5498-5498
5499,5499,2025-11-21 04:48:24,Credit Card,2304.67,Completed,TXN-5499-5499
5500,5500,2026-06-29 17:50:29,Bank Transfer,1955.04,Completed,TXN-5500-5500
5501,5501,2026-08-17 14:37:57,Credit Card,4312.97,Pending,
5502,5502,2025-11-27 19:28:57,PayPal,2818.0,Completed,TXN-5502-5502
5503,5503,2026-07-01 12:48:23,Bank Transfer,633.63,Completed,TXN-5503-5503
5504,5504,2026-06-30 00:15:22,Cash on Delivery,1092.27,Pending,
5505,5505,2026-06-06 15:47:40,Debit Card,2232.51,Completed,TXN-5505-5505
5506,5506,2026-06-24 03:06:05,Cash on Delivery,2169.26,Completed,TXN-5506-5506
5507,5507,2026-06-08 00:01:58,Bank Transfer,1266.16,Failed,
5508,5508,2026-08-04 17:51:38,Cash on Delivery,794.32,Completed,TXN-5508-5508
5509,5509,2025-08-24 01:03:38,Debit Card,2631.55,Completed,TXN-5509-5509
5510,5510,2026-06-01 23:29:39,Credit Card,1633.55,Pending,
5511,5511,2024-04-15 17:10:57,Bank Transfer,773.29,Refunded,TXN-5511-5511
5512,5512,2025-02-14 17:58:10,Credit Card,306.86,Pending,
5513,5513,2024-09-26 22:14:48,Credit Card,4351.86,Completed,TXN-5513-5513
5514,5514,2026-02-13 19:50:57,PayPal,1191.8,Completed,TXN-5514-5514
5515,5515,2026-06-23 13:57:18,Debit Card,961.99,Completed,TXN-5515-5515
5516,5516,2026-07-27 19:10:17,Credit Card,2554.62,Completed,TXN-5516-5516
5517,5517,2026-02-11 01:34:41,Credit Card,828.88,Completed,TXN-5517-5517
5518,5518,2026-05-26 17:19:01,Cash on Delivery,132.89,Completed,TXN-5518-5518
5519,5519,2026-08-14 19:20:33,PayPal,1301.74,Completed,TXN-5519-5519
5520,5520,2026-05-21 23:57:46,Bank Transfer,72.7,Completed,TXN-5520-5520
5521,5521,2026-02-17 20:31:55,PayPal,256.02,Completed,TXN-5521-5521
5522,5522,2026-04-02 17:24:58,Bank Transfer,1693.24,Completed,TXN-5522-5522
5523,5523,2026-08-06 13:24:47,Cash on Delivery,3842.14,Completed,TXN-5523-5523
5524,5524,2026-08-05 09:11:26,Bank Transfer,3669.39,Completed,TXN-5524-5524
5525,5525,2026-03-17 00:07:47,PayPal,2221.87,Completed,TXN-5525-5525
5526,5526,2026-07-23 23:56:29,PayPal,1927.16,Completed,TXN-5526-5526
5527,5527,2025-05-15 18:54:36,Bank Transfer,703.43,Completed,TXN-5527-5527
5528,5528,2025-09-09 17:11:19,Bank Transfer,931.59,Completed,TXN-5528-5528
5529,5529,2025-01-18 14:00:31,Bank Transfer,5139.84,Refunded,TXN-5529-5529
5530,5530,2025-12-05 13:01:23,Credit Card,1637.68,Completed,TXN-5530-5530
5531,5531,2026-07-19 12:16:32,PayPal,2406.13,Pending,
5532,5532,2025-04-21 01:14:26,Bank Transfer,1264.54,Pending,
5533,5533,2025-04-08 05:17:04,Bank Transfer,845.81,Completed,TXN-5533-5533
5534,5534,2026-07-09 17:23:40,Bank Transfer,515.27,Completed,TXN-5534-5534
5535,5535,2024-08-14 20:19:20,Cash on Delivery,2401.01,Completed,TXN-5535-5535
5536,5536,2025-10-12 08:41:58,Credit Card,1515.68,Completed,TXN-5536-5536
5537,5537,2025-11-11 05:09:55,Debit Card,1750.83,Completed,TXN-5537-5537
5538,5538,2025-12-22 12:59:09,PayPal,2261.94,Completed,TXN-5538-5538
5539,5539,2026-03-07 22:17:51,Debit Card,2118.25,Completed,TXN-5539-5539
5540,5540,2025-08-06 17:48:01,PayPal,1988.36,Completed,TXN-5540-5540
5541,5541,2025-10-08 04:55:03,Cash on Delivery,1837.29,Completed,TXN-5541-5541
5542,5542,2025-07-16 06:07:15,Bank Transfer,575.54,Completed,TXN-5542-5542
5543,5543,2025-05-13 06:31:30,PayPal,1108.65,Completed,TXN-5543-5543
5544,5544,2026-01-05 16:04:20,Bank Transfer,2697.43,Completed,TXN-5544-5544
5545,5545,2026-02-17 06:17:00,PayPal,459.02,Completed,TXN-5545-5545
5546,5546,2026-08-08 06:19:29,Debit Card,586.27,Completed,TXN-5546-5546
5547,5547,2026-08-25 18:40:08,PayPal,981.65,Completed,TXN-5547-5547
5548,5548,2024-02-07 05:55:51,Bank Transfer,802.68,Pending,
5549,5549,2026-07-11 07:11:18,Bank Transfer,2990.4,Completed,TXN-5549-5549
5550,5550,2026-05-03 12:14:57,Bank Transfer,706.44,Completed,TXN-5550-5550
5551,5551,2026-01-15 23:22:23,Credit Card,715.6,Completed,TXN-5551-5551
5552,5552,2025-09-19 18:21:54,Credit Card,1023.32,Completed,TXN-5552-5552
5553,5553,2026-07-07 10:25:40,Credit Card,176.54,Pending,
5554,5554,2026-05-19 19:01:49,PayPal,1118.37,Completed,TXN-5554-5554
5555,5555,2026-07-12 23:24:22,Credit Card,2177.04,Pending,
5556,5556,2025-11-27 05:30:47,Bank Transfer,2163.6,Completed,TXN-5556-5556
5557,5557,2024-10-14 05:10:06,Credit Card,1806.19,Completed,TXN-5557-5557
5558,5558,2025-12-14 09:46:23,Bank Transfer,3373.2,Completed,TXN-5558-5558
5559,5559,2024-12-23 08:24:32,PayPal,2102.21,Completed,TXN-5559-5559
5560,5560,2026-04-10 23:21:41,PayPal,1198.84,Completed,TXN-5560-5560
5561,5561,2026-02-08 20:18:47,Credit Card,2902.85,Completed,TXN-5561-5561
5562,5562,2024-12-30 06:23:54,Cash on Delivery,542.39,Completed,TXN-5562-5562
5563,5563,2026-04-07 14:03:29,Debit Card,900.19,Completed,TXN-5563-5563
5564,5564,2026-01-07 05:20:38,Bank Transfer,85.95,Completed,TXN-5564-5564
5565,5565,2026-07-29 15:57:06,PayPal,2809.85,Completed,TXN-5565-5565
5566,5566,2026-07-08 01:29:07,Debit Card,3181.17,Completed,TXN-5566-5566
5567,5567,2026-07-24 09:03:25,Credit Card,482.44,Completed,TXN-5567-5567
5568,5568,2025-02-16 04:13:19,PayPal,1432.37,Completed,TXN-5568-5568
5569,5569,2026-08-05 22:08:30,Cash on Delivery,1363.74,Completed,TXN-5569-5569
5570,5570,2025-06-23 15:48:57,Cash on Delivery,1383.56,Completed,TXN-5570-5570
5571,5571,2026-08-05 20:25:24,PayPal,279.75,Completed,TXN-5571-5571
5572,5572,2026-04-20 00:26:47,Bank Transfer,1876.76,Completed,TXN-5572-5572
5573,5573,2025-10-09 19:50:21,Debit Card,2794.16,Completed,TXN-5573-5573
5574,5574,2025-08-13 10:48:36,Debit Card,5641.26,Failed,
5575,5575,2026-03-17 14:22:01,Debit Card,848.44,Completed,TXN-5575-5575
5576,5576,2026-05-07 07:16:30,PayPal,2877.49,Refunded,TXN-5576-5576
5577,5577,2024-11-29 14:21:36,Credit Card,4263.79,Completed,TXN-5577-5577
5578,5578,2026-07-04 10:01:23,Bank Transfer,466.96,Completed,TXN-5578-5578
5579,5579,2026-08-28 23:32:29,Credit Card,846.93,Pending,
5580,5580,2025-03-30 05:33:15,Cash on Delivery,2932.65,Completed,TXN-5580-5580
5581,5581,2025-10-24 16:43:36,Debit Card,1529.32,Completed,TXN-5581-5581
5582,5582,2025-02-20 22:16:54,Debit Card,1899.24,Completed,TXN-5582-5582
5583,5583,2025-05-29 15:34:12,Debit Card,557.91,Completed,TXN-5583-5583
5584,5584,2026-06-08 12:45:21,Cash on Delivery,1201.53,Completed,TXN-5584-5584
5585,5585,2026-08-30 11:17:54,Cash on Delivery,3468.33,Completed,TXN-5585-5585
5586,5586,2026-07-17 18:27:21,Cash on Delivery,2935.07,Completed,TXN-5586-5586
5587,5587,2026-07-06 12:59:57,Credit Card,479.18,Completed,TXN-5587-5587
5588,5588,2026-02-24 20:35:59,PayPal,2928.65,Completed,TXN-5588-5588
5589,5589,2025-05-31 00:32:56,Credit Card,6368.62,Completed,TXN-5589-5589
5590,5590,2026-09-01 18:31:08,Cash on Delivery,63.88,Completed,TXN-5590-5590
5591,5591,2025-08-23 03:43:31,Debit Card,1444.27,Completed,TXN-5591-5591
5592,5592,2026-04-06 04:38:09,Debit Card,631.62,Completed,TXN-5592-5592
5593,5593,2026-08-16 03:36:59,Credit Card,3975.03,Completed,TXN-5593-5593
5594,5594,2026-06-16 15:17:27,Debit Card,1388.04,Completed,TXN-5594-5594
5595,5595,2026-02-24 14:14:18,PayPal,34.19,Completed,TXN-5595-5595
5596,5596,2026-04-17 01:57:12,Bank Transfer,2226.02,Completed,TXN-5596-5596
5597,5597,2026-07-05 20:51:07,Cash on Delivery,547.18,Completed,TXN-5597-5597
5598,5598,2026-01-12 19:01:26,Credit Card,3449.56,Completed,TXN-5598-5598
5599,5599,2024-12-10 15:15:24,Debit Card,352.37,Completed,TXN-5599-5599
5600,5600,2026-05-26 05:10:15,Cash on Delivery,2790.2,Completed,TXN-5600-5600
5601,5601,2026-04-18 23:25:34,PayPal,2209.02,Completed,TXN-5601-5601
5602,5602,2026-07-16 10:35:12,Credit Card,3577.34,Completed,TXN-5602-5602
5603,5603,2025-03-10 12:20:13,PayPal,930.25,Completed,TXN-5603-5603
5604,5604,2024-06-02 02:11:46,Cash on Delivery,950.77,Refunded,TXN-5604-5604
5605,5605,2025-05-06 22:56:54,Cash on Delivery,3977.21,Completed,TXN-5605-5605
5606,5606,2025-12-11 13:49:13,Debit Card,1045.78,Completed,TXN-5606-5606
5607,5607,2026-06-27 08:27:55,Credit Card,2894.43,Completed,TXN-5607-5607
5608,5608,2024-12-06 19:17:01,Credit Card,722.95,Pending,
5609,5609,2026-08-01 07:15:10,Credit Card,1266.16,Completed,TXN-5609-5609
5610,5610,2026-08-30 06:55:15,Cash on Delivery,217.62,Refunded,TXN-5610-5610
5611,5611,2026-07-03 13:42:54,Cash on Delivery,1720.9,Completed,TXN-5611-5611
5612,5612,2025-09-17 12:50:08,Credit Card,1778.51,Completed,TXN-5612-5612
5613,5613,2026-08-26 10:59:45,Credit Card,1187.54,Completed,TXN-5613-5613
5614,5614,2026-04-22 17:57:11,Credit Card,609.17,Completed,TXN-5614-5614
5615,5615,2026-04-21 11:31:30,Cash on Delivery,1202.51,Completed,TXN-5615-5615
5616,5616,2025-05-09 12:29:18,Cash on Delivery,464.96,Completed,TXN-5616-5616
5617,5617,2026-01-11 18:55:18,Debit Card,2687.93,Completed,TXN-5617-5617
5618,5618,2025-12-11 10:11:58,PayPal,918.47,Failed,
5619,5619,2025-08-08 11:43:22,Credit Card,1915.17,Completed,TXN-5619-5619
5620,5620,2025-11-10 00:31:29,Debit Card,625.15,Completed,TXN-5620-5620
5621,5621,2026-04-27 11:29:54,Debit Card,758.76,Completed,TXN-5621-5621
5622,5622,2026-07-02 17:54:01,Credit Card,1096.33,Completed,TXN-5622-5622
5623,5623,2026-06-23 14:26:05,Credit Card,885.07,Completed,TXN-5623-5623
5624,5624,2025-04-09 23:02:47,Cash on Delivery,1142.38,Pending,
5625,5625,2025-06-17 05:10:36,Credit Card,658.15,Completed,TXN-5625-5625
5626,5626,2025-08-16 10:07:26,Debit Card,809.31,Completed,TXN-5626-5626
5627,5627,2025-11-08 06:31:06,Bank Transfer,642.39,Completed,TXN-5627-5627
5628,5628,2026-03-13 19:04:26,PayPal,2484.92,Completed,TXN-5628-5628
5629,5629,2026-08-04 05:40:23,Debit Card,4564.84,Completed,TXN-5629-5629
5630,5630,2025-07-27 20:08:35,Debit Card,348.29,Completed,TXN-5630-5630
5631,5631,2025-08-11 06:06:57,Debit Card,778.31,Failed,
5632,5632,2025-05-16 01:41:41,PayPal,1963.3,Completed,TXN-5632-5632
5633,5633,2026-08-18 15:22:06,Bank Transfer,631.62,Completed,TXN-5633-5633
5634,5634,2025-06-30 22:14:53,PayPal,4362.21,Refunded,TXN-5634-5634
5635,5635,2026-07-20 14:16:03,Credit Card,1125.09,Completed,TXN-5635-5635
5636,5636,2024-11-21 12:31:14,PayPal,1300.34,Completed,TXN-5636-5636
5637,5637,2026-07-17 10:28:03,Credit Card,1200.89,Completed,TXN-5637-5637
5638,5638,2026-01-26 13:02:25,PayPal,3387.23,Refunded,TXN-5638-5638
5639,5639,2025-11-24 05:06:32,Credit Card,1612.45,Completed,TXN-5639-5639
5640,5640,2025-01-08 09:00:12,Credit Card,54.7,Failed,
5641,5641,2024-12-05 10:19:29,Debit Card,369.05,Completed,TXN-5641-5641
5642,5642,2026-08-31 04:24:51,Bank Transfer,2957.08,Completed,TXN-5642-5642
5643,5643,2025-08-06 13:54:17,Debit Card,1485.14,Completed,TXN-5643-5643
5644,5644,2026-08-27 05:05:54,PayPal,1063.05,Completed,TXN-5644-5644
5645,5645,2025-03-03 20:32:54,Credit Card,716.96,Completed,TXN-5645-5645
5646,5646,2026-08-15 19:42:50,Credit Card,3130.22,Completed,TXN-5646-5646
5647,5647,2025-01-16 20:30:10,Cash on Delivery,1633.07,Completed,TXN-5647-5647
5648,5648,2026-08-16 05:56:55,Cash on Delivery,704.34,Completed,TXN-5648-5648
5649,5649,2026-08-15 07:43:46,Debit Card,643.08,Completed,TXN-5649-5649
5650,5650,2025-12-22 14:12:06,PayPal,2531.28,Completed,TXN-5650-5650
5651,5651,2026-07-09 20:41:52,Debit Card,4263.39,Completed,TXN-5651-5651
5652,5652,2025-10-14 10:10:08,Cash on Delivery,1889.3,Completed,TXN-5652-5652
5653,5653,2025-11-19 12:05:07,Credit Card,1870.15,Completed,TXN-5653-5653
5654,5654,2026-01-29 04:18:06,Credit Card,1016.84,Completed,TXN-5654-5654
5655,5655,2026-08-17 07:03:03,Cash on Delivery,1182.69,Completed,TXN-5655-5655
5656,5656,2026-04-05 08:42:07,Bank Transfer,4820.04,Completed,TXN-5656-5656
5657,5657,2026-08-09 22:03:48,Cash on Delivery,661.62,Completed,TXN-5657-5657
5658,5658,2026-04-20 14:02:41,PayPal,2773.58,Completed,TXN-5658-5658
5659,5659,2026-08-01 03:21:16,Credit Card,220.53,Completed,TXN-5659-5659
5660,5660,2026-09-01 15:44:59,Credit Card,457.0,Failed,
5661,5661,2026-05-23 13:34:27,Cash on Delivery,2803.8,Completed,TXN-5661-5661
5662,5662,2025-07-05 17:17:59,Credit Card,1895.84,Pending,
5663,5663,2026-06-18 05:37:28,Debit Card,716.29,Completed,TXN-5663-5663
5664,5664,2025-11-13 17:27:59,PayPal,1120.95,Completed,TXN-5664-5664
5665,5665,2026-07-29 23:49:09,Credit Card,370.94,Completed,TXN-5665-5665
5666,5666,2026-03-13 08:38:59,Credit Card,1912.08,Completed,TXN-5666-5666
5667,5667,2025-08-28 13:17:07,Credit Card,1829.7,Completed,TXN-5667-5667
5668,5668,2025-02-27 10:51:03,PayPal,129.63,Completed,TXN-5668-5668
5669,5669,2024-05-11 03:38:15,Credit Card,2818.87,Completed,TXN-5669-5669
5670,5670,2025-04-18 15:06:14,Cash on Delivery,1652.6,Completed,TXN-5670-5670
5671,5671,2026-04-22 17:56:04,Debit Card,563.1,Completed,TXN-5671-5671
5672,5672,2025-10-01 11:08:09,Credit Card,149.0,Completed,TXN-5672-5672
5673,5673,2026-05-17 22:03:29,Credit Card,1332.15,Completed,TXN-5673-5673
5674,5674,2025-07-07 22:01:30,Credit Card,7249.68,Completed,TXN-5674-5674
5675,5675,2026-05-06 22:17:46,Debit Card,6325.45,Completed,TXN-5675-5675
5676,5676,2025-11-07 10:39:42,Credit Card,1519.36,Completed,TXN-5676-5676
5677,5677,2026-08-03 17:42:49,Cash on Delivery,4250.6,Refunded,TXN-5677-5677
5678,5678,2023-10-09 12:15:28,Credit Card,981.65,Completed,TXN-5678-5678
5679,5679,2026-08-24 14:57:38,PayPal,1091.3,Refunded,TXN-5679-5679
5680,5680,2025-08-30 08:40:12,Cash on Delivery,3535.39,Completed,TXN-5680-5680
5681,5681,2026-06-14 04:24:01,Credit Card,5369.0,Pending,
5682,5682,2026-05-02 05:33:23,Cash on Delivery,1801.48,Completed,TXN-5682-5682
5683,5683,2025-06-04 18:16:16,Credit Card,3042.79,Completed,TXN-5683-5683
5684,5684,2026-08-16 16:22:08,Cash on Delivery,2804.69,Completed,TXN-5684-5684
5685,5685,2026-01-12 08:37:48,Bank Transfer,597.45,Completed,TXN-5685-5685
5686,5686,2025-04-30 14:30:07,Bank Transfer,930.25,Completed,TXN-5686-5686
5687,5687,2026-01-19 08:33:26,Bank Transfer,2727.0,Completed,TXN-5687-5687
5688,5688,2026-05-07 03:45:26,Credit Card,922.59,Completed,TXN-5688-5688
5689,5689,2025-06-26 04:25:22,PayPal,390.17,Completed,TXN-5689-5689
5690,5690,2026-06-25 11:58:54,Debit Card,2485.46,Completed,TXN-5690-5690
5691,5691,2025-01-22 15:51:23,Bank Transfer,283.1,Completed,TXN-5691-5691
5692,5692,2026-03-18 04:29:19,Cash on Delivery,737.5,Completed,TXN-5692-5692
5693,5693,2026-06-12 23:06:53,Cash on Delivery,4204.94,Completed,TXN-5693-5693
5694,5694,2024-11-08 15:11:49,PayPal,1548.12,Completed,TXN-5694-5694
5695,5695,2026-08-21 15:18:20,Bank Transfer,1797.34,Completed,TXN-5695-5695
5696,5696,2026-07-17 01:42:25,Credit Card,1198.82,Completed,TXN-5696-5696
5697,5697,2025-10-20 09:30:14,Bank Transfer,3236.7,Completed,TXN-5697-5697
5698,5698,2025-08-05 09:15:58,Credit Card,424.86,Completed,TXN-5698-5698
5699,5699,2025-03-15 05:30:04,Cash on Delivery,1517.41,Completed,TXN-5699-5699
5700,5700,2026-08-08 09:16:54,PayPal,4216.34,Completed,TXN-5700-5700
5701,5701,2024-03-10 18:53:01,PayPal,3398.04,Completed,TXN-5701-5701
5702,5702,2026-08-19 07:45:19,Cash on Delivery,3337.26,Completed,TXN-5702-5702
5703,5703,2026-08-11 07:28:50,Cash on Delivery,1472.58,Completed,TXN-5703-5703
5704,5704,2025-10-16 22:23:13,Bank Transfer,1075.44,Completed,TXN-5704-5704
5705,5705,2025-03-11 10:35:05,PayPal,1940.62,Completed,TXN-5705-5705
5706,5706,2024-11-01 01:56:47,Debit Card,972.22,Refunded,TXN-5706-5706
5707,5707,2025-05-04 02:16:28,Debit Card,3132.41,Completed,TXN-5707-5707
5708,5708,2026-08-17 12:03:44,Bank Transfer,3352.37,Completed,TXN-5708-5708
5709,5709,2025-05-02 02:36:12,Debit Card,4073.91,Completed,TXN-5709-5709
5710,5710,2025-11-30 00:59:51,PayPal,2030.2,Completed,TXN-5710-5710
5711,5711,2025-12-31 03:53:02,Cash on Delivery,2773.76,Completed,TXN-5711-5711
5712,5712,2026-03-11 16:49:13,PayPal,2762.68,Failed,
5713,5713,2026-03-09 21:07:33,Debit Card,1577.1,Completed,TXN-5713-5713
5714,5714,2024-02-08 23:45:20,Bank Transfer,2428.71,Pending,
5715,5715,2026-08-29 06:44:28,Cash on Delivery,3035.16,Completed,TXN-5715-5715
5716,5716,2025-07-31 17:51:13,Credit Card,913.84,Completed,TXN-5716-5716
5717,5717,2026-07-22 02:27:32,Cash on Delivery,1637.11,Completed,TXN-5717-5717
5718,5718,2025-01-19 11:13:12,Debit Card,1306.52,Completed,TXN-5718-5718
5719,5719,2026-04-12 19:32:40,PayPal,1850.29,Refunded,TXN-5719-5719
5720,5720,2026-02-14 04:16:01,Bank Transfer,2376.15,Completed,TXN-5720-5720
5721,5721,2026-05-10 19:56:51,Cash on Delivery,2926.57,Completed,TXN-5721-5721
5722,5722,2026-05-07 02:54:48,PayPal,230.25,Completed,TXN-5722-5722
5723,5723,2025-12-02 14:19:13,PayPal,1351.65,Completed,TXN-5723-5723
5724,5724,2026-08-22 01:36:35,Cash on Delivery,1641.3,Completed,TXN-5724-5724
5725,5725,2026-06-19 15:56:05,Debit Card,405.2,Completed,TXN-5725-5725
5726,5726,2026-05-02 00:49:06,PayPal,384.94,Completed,TXN-5726-5726
5727,5727,2026-07-29 17:05:45,Bank Transfer,789.91,Completed,TXN-5727-5727
5728,5728,2025-12-12 12:42:26,Bank Transfer,584.38,Completed,TXN-5728-5728
5729,5729,2026-07-27 05:32:21,Debit Card,1881.02,Completed,TXN-5729-5729
5730,5730,2025-09-17 17:37:23,Cash on Delivery,994.86,Pending,
5731,5731,2026-07-27 19:43:44,Bank Transfer,229.0,Completed,TXN-5731-5731
5732,5732,2025-05-10 18:50:44,Debit Card,433.91,Completed,TXN-5732-5732
5733,5733,2026-07-25 02:33:40,Debit Card,777.81,Completed,TXN-5733-5733
5734,5734,2024-09-24 18:52:30,Credit Card,3404.44,Completed,TXN-5734-5734
5735,5735,2025-03-17 13:33:36,Bank Transfer,994.18,Completed,TXN-5735-5735
5736,5736,2026-08-03 14:14:40,Credit Card,3803.6,Completed,TXN-5736-5736
5737,5737,2026-07-15 07:33:32,PayPal,3637.42,Completed,TXN-5737-5737
5738,5738,2025-03-27 14:48:22,Credit Card,774.23,Completed,TXN-5738-5738
5739,5739,2025-07-20 09:30:16,Credit Card,1592.79,Completed,TXN-5739-5739
5740,5740,2026-06-27 16:18:05,Debit Card,1980.0,Completed,TXN-5740-5740
5741,5741,2025-03-12 22:26:16,Credit Card,3292.32,Completed,TXN-5741-5741
5742,5742,2026-04-11 14:00:52,Credit Card,2276.28,Completed,TXN-5742-5742
5743,5743,2026-03-09 18:04:01,Bank Transfer,1721.76,Completed,TXN-5743-5743
5744,5744,2026-03-14 05:38:33,Cash on Delivery,391.52,Completed,TXN-5744-5744
5745,5745,2025-06-28 03:38:42,PayPal,596.0,Completed,TXN-5745-5745
5746,5746,2024-09-22 21:37:11,Debit Card,1064.68,Refunded,TXN-5746-5746
5747,5747,2024-05-07 13:20:19,Bank Transfer,112.96,Completed,TXN-5747-5747
5748,5748,2025-07-14 02:11:58,Credit Card,1958.89,Completed,TXN-5748-5748
5749,5749,2024-11-27 09:22:40,Credit Card,1750.83,Pending,
5750,5750,2025-10-09 02:15:01,PayPal,6002.46,Failed,
5751,5751,2025-10-12 01:47:47,PayPal,390.34,Pending,
5752,5752,2026-08-27 00:35:10,Bank Transfer,457.79,Completed,TXN-5752-5752
5753,5753,2025-11-21 20:46:07,Bank Transfer,3253.22,Completed,TXN-5753-5753
5754,5754,2025-01-09 03:53:20,PayPal,2367.64,Completed,TXN-5754-5754
5755,5755,2026-06-03 00:09:52,Bank Transfer,5078.04,Completed,TXN-5755-5755
5756,5756,2025-01-20 18:11:48,Debit Card,1765.4,Completed,TXN-5756-5756
5757,5757,2024-08-31 15:32:37,Credit Card,1088.13,Pending,
5758,5758,2025-03-03 08:40:04,Credit Card,561.59,Pending,
5759,5759,2025-05-12 02:40:35,Debit Card,1929.24,Completed,TXN-5759-5759
5760,5760,2024-04-09 20:56:57,Debit Card,1922.61,Completed,TXN-5760-5760
5761,5761,2026-08-02 10:34:49,Credit Card,7062.07,Completed,TXN-5761-5761
5762,5762,2024-06-26 17:05:41,PayPal,761.6,Completed,TXN-5762-5762
5763,5763,2025-02-23 11:22:59,Cash on Delivery,889.17,Completed,TXN-5763-5763
5764,5764,2023-11-29 01:30:41,Bank Transfer,1434.87,Completed,TXN-5764-5764
5765,5765,2025-04-15 08:28:48,Bank Transfer,2441.71,Completed,TXN-5765-5765
5766,5766,2025-10-22 05:47:48,Bank Transfer,542.39,Completed,TXN-5766-5766
5767,5767,2026-03-19 22:51:08,Bank Transfer,788.26,Completed,TXN-5767-5767
5768,5768,2025-07-18 12:39:04,Credit Card,176.54,Pending,
5769,5769,2025-09-20 02:09:56,Debit Card,1410.28,Completed,TXN-5769-5769
5770,5770,2026-08-27 09:39:17,Cash on Delivery,5602.84,Completed,TXN-5770-5770
5771,5771,2025-11-02 00:09:26,Debit Card,1088.21,Completed,TXN-5771-5771
5772,5772,2026-08-30 06:10:45,Cash on Delivery,2629.21,Completed,TXN-5772-5772
5773,5773,2025-09-21 19:01:14,PayPal,1541.03,Completed,TXN-5773-5773
5774,5774,2026-07-12 14:30:55,Credit Card,3223.38,Completed,TXN-5774-5774
5775,5775,2026-03-07 13:31:21,PayPal,2572.67,Completed,TXN-5775-5775
5776,5776,2026-02-12 14:47:17,Credit Card,557.91,Completed,TXN-5776-5776
5777,5777,2026-04-01 04:58:55,Credit Card,1826.13,Completed,TXN-5777-5777
5778,5778,2024-11-06 10:40:44,Credit Card,959.91,Completed,TXN-5778-5778
5779,5779,2026-02-25 02:26:38,Bank Transfer,1549.97,Completed,TXN-5779-5779
5780,5780,2026-01-24 00:57:20,Cash on Delivery,69.06,Completed,TXN-5780-5780
5781,5781,2025-10-27 06:43:29,Cash on Delivery,4214.62,Completed,TXN-5781-5781
5782,5782,2026-06-13 20:02:09,Debit Card,3809.7,Completed,TXN-5782-5782
5783,5783,2026-06-05 10:43:41,Debit Card,4035.73,Completed,TXN-5783-5783
5784,5784,2026-09-01 03:36:23,PayPal,3550.27,Completed,TXN-5784-5784
5785,5785,2026-06-14 01:46:53,Debit Card,694.54,Completed,TXN-5785-5785
5786,5786,2024-06-04 18:54:17,PayPal,329.23,Completed,TXN-5786-5786
5787,5787,2026-07-05 07:40:06,Bank Transfer,1184.67,Completed,TXN-5787-5787
5788,5788,2025-01-03 18:42:13,Debit Card,1785.05,Completed,TXN-5788-5788
5789,5789,2025-05-19 18:35:04,Debit Card,2918.05,Completed,TXN-5789-5789
5790,5790,2025-07-01 05:12:09,Credit Card,1354.22,Completed,TXN-5790-5790
5791,5791,2026-01-24 21:28:18,Credit Card,2744.53,Completed,TXN-5791-5791
5792,5792,2025-09-22 09:50:10,Cash on Delivery,370.94,Completed,TXN-5792-5792
5793,5793,2025-09-11 13:23:44,Cash on Delivery,1018.17,Completed,TXN-5793-5793
5794,5794,2025-07-01 09:32:46,Debit Card,2366.59,Completed,TXN-5794-5794
5795,5795,2026-01-11 09:42:53,Cash on Delivery,5880.84,Completed,TXN-5795-5795
5796,5796,2026-03-31 19:05:35,Bank Transfer,837.23,Completed,TXN-5796-5796
5797,5797,2025-11-28 18:45:40,Debit Card,3392.5,Completed,TXN-5797-5797
5798,5798,2026-07-19 07:48:10,Bank Transfer,2853.34,Completed,TXN-5798-5798
5799,5799,2024-04-19 02:41:56,Bank Transfer,1105.36,Completed,TXN-5799-5799
5800,5800,2026-03-28 18:26:00,PayPal,1744.12,Completed,TXN-5800-5800
5801,5801,2026-02-15 01:05:32,Credit Card,1295.93,Completed,TXN-5801-5801
5802,5802,2025-08-07 08:18:35,Bank Transfer,1167.22,Completed,TXN-5802-5802
5803,5803,2025-08-29 07:53:54,Credit Card,677.11,Completed,TXN-5803-5803
5804,5804,2025-11-02 05:48:06,Debit Card,643.61,Completed,TXN-5804-5804
5805,5805,2026-07-29 04:16:18,Debit Card,3283.56,Completed,TXN-5805-5805
5806,5806,2025-12-12 17:18:08,Credit Card,3649.13,Completed,TXN-5806-5806
5807,5807,2026-06-02 19:20:41,Debit Card,2668.8,Completed,TXN-5807-5807
5808,5808,2026-08-21 08:21:43,Cash on Delivery,758.76,Completed,TXN-5808-5808
5809,5809,2024-11-09 11:10:03,Debit Card,4404.34,Pending,
5810,5810,2026-05-11 12:18:51,Debit Card,5193.1,Completed,TXN-5810-5810
5811,5811,2026-03-26 03:27:10,PayPal,3124.59,Completed,TXN-5811-5811
5812,5812,2026-08-14 21:06:59,Debit Card,846.9,Failed,
5813,5813,2026-02-01 17:01:52,Debit Card,981.18,Completed,TXN-5813-5813
5814,5814,2025-07-04 15:24:52,Cash on Delivery,4062.59,Completed,TXN-5814-5814
5815,5815,2026-02-10 18:35:45,Bank Transfer,1295.79,Completed,TXN-5815-5815
5816,5816,2026-08-30 06:15:23,Bank Transfer,282.65,Completed,TXN-5816-5816
5817,5817,2026-01-03 00:29:11,Bank Transfer,2957.37,Completed,TXN-5817-5817
5818,5818,2026-01-11 03:15:03,Debit Card,2556.82,Completed,TXN-5818-5818
5819,5819,2026-05-07 22:22:53,Bank Transfer,3115.17,Refunded,TXN-5819-5819
5820,5820,2025-12-11 19:46:34,Credit Card,34.65,Completed,TXN-5820-5820
5821,5821,2026-01-29 05:20:32,PayPal,782.08,Completed,TXN-5821-5821
5822,5822,2024-12-31 13:05:25,Cash on Delivery,720.82,Completed,TXN-5822-5822
5823,5823,2025-07-28 23:21:20,Credit Card,783.01,Completed,TXN-5823-5823
5824,5824,2025-12-31 14:40:36,PayPal,2176.55,Completed,TXN-5824-5824
5825,5825,2026-07-07 02:27:32,Debit Card,2801.52,Completed,TXN-5825-5825
5826,5826,2025-01-02 15:04:50,Credit Card,850.25,Completed,TXN-5826-5826
5827,5827,2026-01-07 06:20:04,Debit Card,873.65,Completed,TXN-5827-5827
5828,5828,2026-07-21 08:06:07,PayPal,321.2,Refunded,TXN-5828-5828
5829,5829,2025-05-16 02:16:50,Debit Card,2332.13,Completed,TXN-5829-5829
5830,5830,2025-08-16 05:02:52,Debit Card,5650.77,Completed,TXN-5830-5830
5831,5831,2025-11-15 06:49:44,Bank Transfer,1904.03,Completed,TXN-5831-5831
5832,5832,2026-07-29 16:08:42,Cash on Delivery,728.75,Completed,TXN-5832-5832
5833,5833,2025-12-30 21:14:00,PayPal,882.12,Failed,
5834,5834,2025-09-10 14:08:02,Debit Card,4551.5,Completed,TXN-5834-5834
5835,5835,2026-07-29 15:20:56,Cash on Delivery,674.75,Completed,TXN-5835-5835
5836,5836,2026-01-24 14:47:40,Debit Card,1482.08,Completed,TXN-5836-5836
5837,5837,2026-02-10 10:43:57,PayPal,1368.95,Completed,TXN-5837-5837
5838,5838,2025-03-20 12:08:33,Credit Card,2175.88,Completed,TXN-5838-5838
5839,5839,2026-07-05 23:22:39,Bank Transfer,291.37,Completed,TXN-5839-5839
5840,5840,2025-05-17 03:43:34,PayPal,583.61,Completed,TXN-5840-5840
5841,5841,2026-08-19 23:08:45,PayPal,394.13,Completed,TXN-5841-5841
5842,5842,2026-08-25 13:44:41,Cash on Delivery,1557.63,Refunded,TXN-5842-5842
5843,5843,2026-06-03 22:23:03,Credit Card,458.52,Completed,TXN-5843-5843
5844,5844,2026-04-09 04:23:30,PayPal,2346.08,Completed,TXN-5844-5844
5845,5845,2025-06-17 07:43:32,PayPal,1949.06,Completed,TXN-5845-5845
5846,5846,2026-05-26 01:40:04,Debit Card,457.79,Completed,TXN-5846-5846
5847,5847,2024-05-11 12:38:07,Credit Card,3155.86,Completed,TXN-5847-5847
5848,5848,2026-03-18 04:45:43,Credit Card,1258.55,Pending,
5849,5849,2026-02-05 18:04:47,Credit Card,480.48,Refunded,TXN-5849-5849
5850,5850,2025-07-26 05:16:57,Debit Card,4148.8,Completed,TXN-5850-5850
5851,5851,2026-08-28 10:48:17,Debit Card,637.84,Completed,TXN-5851-5851
5852,5852,2026-06-22 03:14:58,PayPal,2033.05,Completed,TXN-5852-5852
5853,5853,2024-12-03 05:37:50,Credit Card,3585.19,Completed,TXN-5853-5853
5854,5854,2026-07-25 15:29:20,Credit Card,1056.9,Completed,TXN-5854-5854
5855,5855,2025-10-30 14:46:02,PayPal,348.28,Completed,TXN-5855-5855
5856,5856,2026-03-05 19:51:23,Bank Transfer,339.73,Completed,TXN-5856-5856
5857,5857,2026-05-25 20:54:27,PayPal,542.39,Completed,TXN-5857-5857
5858,5858,2025-04-30 03:59:49,Cash on Delivery,1075.26,Pending,
5859,5859,2026-05-23 07:05:10,Debit Card,3313.47,Completed,TXN-5859-5859
5860,5860,2026-03-28 00:45:39,Cash on Delivery,4556.32,Completed,TXN-5860-5860
5861,5861,2026-09-01 11:40:25,Credit Card,204.87,Completed,TXN-5861-5861
5862,5862,2026-07-17 23:31:19,Cash on Delivery,3646.67,Refunded,TXN-5862-5862
5863,5863,2024-07-23 16:10:57,Bank Transfer,1564.39,Completed,TXN-5863-5863
5864,5864,2026-05-02 07:44:31,Credit Card,1886.16,Completed,TXN-5864-5864
5865,5865,2026-08-18 07:40:58,Bank Transfer,2653.86,Completed,TXN-5865-5865
5866,5866,2025-09-22 01:17:57,Debit Card,1791.68,Completed,TXN-5866-5866
5867,5867,2025-05-22 07:28:49,Credit Card,239.2,Refunded,TXN-5867-5867
5868,5868,2026-01-01 03:49:04,Credit Card,2287.29,Failed,
5869,5869,2026-02-11 07:28:21,Bank Transfer,696.81,Completed,TXN-5869-5869
5870,5870,2025-12-20 11:42:40,Cash on Delivery,3630.21,Failed,
5871,5871,2026-01-10 06:41:08,Bank Transfer,1306.62,Completed,TXN-5871-5871
5872,5872,2026-07-31 15:10:27,Debit Card,2165.87,Completed,TXN-5872-5872
5873,5873,2026-03-01 08:34:08,Credit Card,3816.66,Completed,TXN-5873-5873
5874,5874,2026-07-22 18:01:40,Cash on Delivery,1362.6,Completed,TXN-5874-5874
5875,5875,2026-07-28 16:50:41,Credit Card,313.02,Completed,TXN-5875-5875
5876,5876,2025-09-17 01:05:29,Cash on Delivery,2422.9,Completed,TXN-5876-5876
5877,5877,2025-05-15 01:32:27,Credit Card,1190.19,Completed,TXN-5877-5877
5878,5878,2025-03-02 07:08:52,Debit Card,1563.95,Completed,TXN-5878-5878
5879,5879,2026-07-04 01:47:17,PayPal,456.92,Pending,
5880,5880,2026-06-09 23:58:32,PayPal,34.19,Completed,TXN-5880-5880
5881,5881,2025-03-17 13:27:55,Cash on Delivery,416.31,Completed,TXN-5881-5881
5882,5882,2026-08-08 11:04:22,Cash on Delivery,1911.67,Completed,TXN-5882-5882
5883,5883,2026-07-08 01:04:47,Credit Card,2243.64,Completed,TXN-5883-5883
5884,5884,2026-03-31 18:08:01,Bank Transfer,1895.84,Completed,TXN-5884-5884
5885,5885,2026-05-23 16:16:18,Cash on Delivery,34.19,Pending,
5886,5886,2026-05-15 11:49:05,Debit Card,1055.98,Completed,TXN-5886-5886
5887,5887,2026-06-28 17:46:05,PayPal,2812.95,Completed,TXN-5887-5887
5888,5888,2024-05-05 00:32:29,Credit Card,3036.21,Completed,TXN-5888-5888
5889,5889,2025-10-20 00:58:26,Bank Transfer,1056.57,Completed,TXN-5889-5889
5890,5890,2026-01-07 22:53:04,PayPal,1876.81,Completed,TXN-5890-5890
5891,5891,2025-06-22 03:30:20,Bank Transfer,5934.38,Completed,TXN-5891-5891
5892,5892,2025-09-03 09:13:25,Cash on Delivery,2274.62,Completed,TXN-5892-5892
5893,5893,2026-08-27 11:02:40,PayPal,973.78,Completed,TXN-5893-5893
5894,5894,2025-04-20 23:14:25,PayPal,2542.03,Completed,TXN-5894-5894
5895,5895,2026-02-18 08:59:44,Credit Card,1438.35,Completed,TXN-5895-5895
5896,5896,2023-10-08 00:19:38,Cash on Delivery,2490.24,Completed,TXN-5896-5896
5897,5897,2025-01-02 01:55:18,Debit Card,111.63,Pending,
5898,5898,2025-06-11 20:09:44,Bank Transfer,2256.21,Completed,TXN-5898-5898
5899,5899,2025-09-09 04:45:48,PayPal,2753.83,Completed,TXN-5899-5899
5900,5900,2026-05-16 10:18:24,Debit Card,520.37,Completed,TXN-5900-5900
5901,5901,2026-02-24 05:34:05,Debit Card,7540.37,Completed,TXN-5901-5901
5902,5902,2026-07-24 08:45:56,PayPal,3154.67,Completed,TXN-5902-5902
5903,5903,2026-04-07 08:10:37,Credit Card,236.54,Completed,TXN-5903-5903
5904,5904,2026-08-06 03:50:17,Debit Card,3027.51,Pending,
5905,5905,2025-10-30 20:35:01,PayPal,34.19,Completed,TXN-5905-5905
5906,5906,2026-04-15 11:38:30,Cash on Delivery,3506.58,Completed,TXN-5906-5906
5907,5907,2026-02-02 03:33:30,PayPal,1474.42,Pending,
5908,5908,2026-09-01 17:03:33,Debit Card,1386.85,Completed,TXN-5908-5908
5909,5909,2026-05-27 02:03:29,Debit Card,3875.13,Completed,TXN-5909-5909
5910,5910,2025-12-03 12:38:28,Cash on Delivery,2923.09,Completed,TXN-5910-5910
5911,5911,2025-08-31 09:34:02,Cash on Delivery,1536.92,Completed,TXN-5911-5911
5912,5912,2026-04-10 12:56:28,Credit Card,1003.6,Completed,TXN-5912-5912
5913,5913,2026-03-13 19:10:26,Bank Transfer,2511.59,Completed,TXN-5913-5913
5914,5914,2024-12-11 13:37:38,Cash on Delivery,5004.9,Completed,TXN-5914-5914
5915,5915,2026-05-12 03:43:19,Cash on Delivery,1060.49,Completed,TXN-5915-5915
5916,5916,2026-04-10 01:52:42,Cash on Delivery,34.19,Completed,TXN-5916-5916
5917,5917,2025-12-07 15:55:40,Bank Transfer,5656.24,Failed,
5918,5918,2024-06-30 13:07:09,Cash on Delivery,1830.72,Completed,TXN-5918-5918
5919,5919,2025-08-05 01:11:48,Cash on Delivery,1082.02,Completed,TXN-5919-5919
5920,5920,2025-04-11 08:55:53,Debit Card,1414.39,Completed,TXN-5920-5920
5921,5921,2024-11-09 14:42:47,PayPal,2835.67,Completed,TXN-5921-5921
5922,5922,2026-06-16 19:10:33,Debit Card,2476.68,Pending,
5923,5923,2026-02-21 11:12:50,Cash on Delivery,917.31,Pending,
5924,5924,2025-08-30 21:06:52,Cash on Delivery,3066.68,Completed,TXN-5924-5924
5925,5925,2026-08-29 11:10:26,Credit Card,2741.78,Completed,TXN-5925-5925
5926,5926,2026-06-02 09:35:19,Debit Card,59.39,Completed,TXN-5926-5926
5927,5927,2026-05-06 00:03:20,PayPal,1749.94,Completed,TXN-5927-5927
5928,5928,2026-03-03 13:52:22,Cash on Delivery,813.07,Completed,TXN-5928-5928
5929,5929,2025-11-19 04:51:01,Debit Card,339.91,Completed,TXN-5929-5929
5930,5930,2025-03-21 00:17:06,Bank Transfer,3772.23,Refunded,TXN-5930-5930
5931,5931,2026-08-11 18:32:51,Debit Card,1106.96,Pending,
5932,5932,2026-06-02 20:19:49,Credit Card,459.02,Completed,TXN-5932-5932
5933,5933,2025-07-06 04:34:52,Debit Card,1893.01,Failed,
5934,5934,2026-04-29 07:43:54,PayPal,1043.71,Completed,TXN-5934-5934
5935,5935,2026-04-12 01:53:55,PayPal,10031.05,Completed,TXN-5935-5935
5936,5936,2026-08-13 11:06:05,PayPal,269.05,Completed,TXN-5936-5936
5937,5937,2024-11-23 20:48:22,Bank Transfer,2086.99,Completed,TXN-5937-5937
5938,5938,2026-06-24 09:18:33,PayPal,455.63,Completed,TXN-5938-5938
5939,5939,2024-03-17 00:58:47,Cash on Delivery,1523.01,Completed,TXN-5939-5939
5940,5940,2026-08-28 01:30:35,Bank Transfer,2176.6,Completed,TXN-5940-5940
5941,5941,2026-03-21 17:12:09,Debit Card,991.04,Completed,TXN-5941-5941
5942,5942,2025-05-20 19:45:49,Debit Card,994.18,Completed,TXN-5942-5942
5943,5943,2024-07-25 20:07:14,Debit Card,339.91,Completed,TXN-5943-5943
5944,5944,2025-11-21 21:03:25,Debit Card,2084.25,Pending,
5945,5945,2024-09-02 16:30:12,Credit Card,2006.14,Completed,TXN-5945-5945
5946,5946,2026-03-04 06:13:49,Debit Card,1552.45,Completed,TXN-5946-5946
5947,5947,2026-08-07 10:49:28,Credit Card,2340.81,Completed,TXN-5947-5947
5948,5948,2025-11-27 19:53:50,Bank Transfer,176.54,Pending,
5949,5949,2025-03-20 13:40:23,Cash on Delivery,1299.62,Completed,TXN-5949-5949
5950,5950,2025-07-14 11:22:28,Credit Card,985.87,Refunded,TXN-5950-5950
5951,5951,2024-05-18 16:09:21,Cash on Delivery,2362.57,Completed,TXN-5951-5951
5952,5952,2025-03-29 17:34:04,Bank Transfer,1900.48,Completed,TXN-5952-5952
5953,5953,2025-04-26 03:50:12,Credit Card,1059.09,Completed,TXN-5953-5953
5954,5954,2025-06-16 00:11:13,Bank Transfer,1202.85,Completed,TXN-5954-5954
5955,5955,2025-02-20 07:02:42,Debit Card,1486.32,Completed,TXN-5955-5955
5956,5956,2026-01-06 22:08:34,PayPal,1289.01,Completed,TXN-5956-5956
5957,5957,2026-06-20 22:28:49,Cash on Delivery,601.98,Completed,TXN-5957-5957
5958,5958,2026-05-06 06:03:47,PayPal,1445.91,Completed,TXN-5958-5958
5959,5959,2026-07-15 18:05:01,Cash on Delivery,2425.36,Completed,TXN-5959-5959
5960,5960,2026-07-28 08:34:55,Debit Card,584.38,Completed,TXN-5960-5960
5961,5961,2026-08-29 15:04:22,Cash on Delivery,2037.04,Failed,
5962,5962,2026-08-24 15:09:36,Debit Card,5678.73,Completed,TXN-5962-5962
5963,5963,2026-03-12 00:49:23,Cash on Delivery,2066.34,Pending,
5964,5964,2026-01-24 05:05:27,Debit Card,2632.09,Completed,TXN-5964-5964
5965,5965,2026-04-17 08:32:32,Cash on Delivery,2917.28,Completed,TXN-5965-5965
5966,5966,2026-08-13 01:02:19,Debit Card,895.08,Completed,TXN-5966-5966
5967,5967,2026-06-25 16:32:29,PayPal,1029.01,Pending,
5968,5968,2025-12-14 06:28:46,Bank Transfer,1758.86,Completed,TXN-5968-5968
5969,5969,2026-05-12 02:25:03,Credit Card,714.92,Completed,TXN-5969-5969
5970,5970,2026-07-16 03:18:20,Cash on Delivery,1753.14,Completed,TXN-5970-5970
5971,5971,2026-08-20 19:03:26,Credit Card,1337.38,Completed,TXN-5971-5971
5972,5972,2026-08-09 06:17:50,PayPal,982.55,Completed,TXN-5972-5972
5973,5973,2026-08-02 08:39:48,Debit Card,2041.56,Completed,TXN-5973-5973
5974,5974,2026-06-23 08:34:03,PayPal,62.52,Completed,TXN-5974-5974
5975,5975,2024-11-26 22:18:14,PayPal,854.22,Pending,
5976,5976,2025-09-26 10:49:11,Bank Transfer,1746.67,Completed,TXN-5976-5976
5977,5977,2026-06-14 02:35:29,PayPal,3057.13,Completed,TXN-5977-5977
5978,5978,2026-05-13 14:10:49,PayPal,1534.28,Completed,TXN-5978-5978
5979,5979,2025-11-03 18:03:19,Debit Card,497.76,Completed,TXN-5979-5979
5980,5980,2026-02-22 19:45:57,Debit Card,347.8,Completed,TXN-5980-5980
5981,5981,2026-07-14 17:40:28,PayPal,1903.87,Completed,TXN-5981-5981
5982,5982,2024-08-19 10:32:34,Credit Card,1663.68,Pending,
5983,5983,2026-04-10 09:57:07,Cash on Delivery,1804.76,Completed,TXN-5983-5983
5984,5984,2025-05-09 10:34:15,Cash on Delivery,405.2,Completed,TXN-5984-5984
5985,5985,2026-02-25 14:33:59,Cash on Delivery,1558.73,Completed,TXN-5985-5985
5986,5986,2026-03-23 00:13:55,Bank Transfer,1614.73,Completed,TXN-5986-5986
5987,5987,2026-08-07 21:08:46,Credit Card,662.55,Completed,TXN-5987-5987
5988,5988,2026-05-26 22:44:16,Debit Card,712.22,Refunded,TXN-5988-5988
5989,5989,2026-05-19 03:44:04,PayPal,1199.78,Completed,TXN-5989-5989
5990,5990,2025-11-20 11:55:46,PayPal,1991.39,Completed,TXN-5990-5990
5991,5991,2026-04-07 05:00:55,Bank Transfer,758.76,Completed,TXN-5991-5991
5992,5992,2024-05-27 16:55:31,PayPal,935.97,Completed,TXN-5992-5992
5993,5993,2026-03-01 05:21:31,Bank Transfer,1322.22,Refunded,TXN-5993-5993
5994,5994,2025-05-02 12:18:27,Debit Card,2950.59,Completed,TXN-5994-5994
5995,5995,2025-07-31 11:46:56,Debit Card,853.13,Completed,TXN-5995-5995
5996,5996,2024-03-13 05:37:10,PayPal,4350.53,Completed,TXN-5996-5996
5997,5997,2025-02-07 02:17:37,Bank Transfer,7869.22,Completed,TXN-5997-5997
5998,5998,2026-08-21 04:45:09,Credit Card,973.5,Completed,TXN-5998-5998
5999,5999,2026-07-22 10:50:59,Cash on Delivery,520.37,Refunded,TXN-5999-5999
6000,6000,2025-11-26 22:17:07,Bank Transfer,1393.1,Completed,TXN-6000-6000
6001,6001,2024-05-17 12:20:54,PayPal,994.53,Completed,TXN-6001-6001
6002,6002,2024-08-14 09:18:40,Bank Transfer,1841.66,Refunded,TXN-6002-6002
6003,6003,2025-07-08 21:43:29,Credit Card,774.23,Pending,
6004,6004,2025-03-25 08:27:10,Debit Card,1106.6,Pending,
6005,6005,2024-08-22 05:06:08,Debit Card,2503.78,Completed,TXN-6005-6005
6006,6006,2024-12-01 00:05:57,Debit Card,5135.64,Refunded,TXN-6006-6006
6007,6007,2025-12-26 00:53:08,Cash on Delivery,1308.61,Completed,TXN-6007-6007
6008,6008,2024-10-15 00:19:49,Credit Card,320.79,Completed,TXN-6008-6008
6009,6009,2026-05-30 06:04:52,Bank Transfer,1215.76,Completed,TXN-6009-6009
6010,6010,2025-03-05 01:53:44,Credit Card,973.78,Completed,TXN-6010-6010
6011,6011,2024-07-19 01:22:22,Bank Transfer,2607.81,Completed,TXN-6011-6011
6012,6012,2026-08-07 16:31:32,Bank Transfer,2372.14,Failed,
6013,6013,2025-02-23 08:02:29,Credit Card,2086.8,Completed,TXN-6013-6013
6014,6014,2026-02-12 12:57:05,Credit Card,204.87,Completed,TXN-6014-6014
6015,6015,2025-07-23 18:36:27,Credit Card,825.49,Completed,TXN-6015-6015
6016,6016,2024-07-20 00:13:45,Credit Card,2697.22,Completed,TXN-6016-6016
6017,6017,2026-05-16 15:47:18,Cash on Delivery,2236.75,Pending,
6018,6018,2026-04-21 20:03:38,Bank Transfer,2775.03,Pending,
6019,6019,2026-05-26 14:08:23,Debit Card,1514.63,Completed,TXN-6019-6019
6020,6020,2026-05-27 19:03:57,Cash on Delivery,1209.68,Refunded,TXN-6020-6020
6021,6021,2025-07-21 06:10:14,PayPal,5491.98,Completed,TXN-6021-6021
6022,6022,2026-08-27 02:09:47,Bank Transfer,4630.88,Completed,TXN-6022-6022
6023,6023,2025-03-12 10:58:57,Credit Card,761.52,Completed,TXN-6023-6023
6024,6024,2026-02-18 06:19:29,Debit Card,1799.75,Completed,TXN-6024-6024
6025,6025,2025-12-28 00:05:19,Cash on Delivery,1914.91,Completed,TXN-6025-6025
6026,6026,2026-02-05 11:24:34,Cash on Delivery,1115.82,Completed,TXN-6026-6026
6027,6027,2025-12-10 18:26:25,Credit Card,4411.55,Completed,TXN-6027-6027
6028,6028,2026-05-03 10:15:10,Credit Card,2637.52,Completed,TXN-6028-6028
6029,6029,2025-09-20 16:17:04,Cash on Delivery,913.84,Pending,
6030,6030,2026-08-15 10:49:07,Debit Card,788.26,Pending,
6031,6031,2025-03-14 23:57:49,Cash on Delivery,961.5,Completed,TXN-6031-6031
6032,6032,2025-11-26 09:15:10,Debit Card,459.02,Completed,TXN-6032-6032
6033,6033,2025-11-29 11:43:34,Bank Transfer,1654.52,Completed,TXN-6033-6033
6034,6034,2025-12-15 04:34:30,Cash on Delivery,4450.03,Completed,TXN-6034-6034
6035,6035,2026-04-19 08:35:45,Cash on Delivery,640.66,Failed,
6036,6036,2026-05-15 10:17:44,PayPal,2028.14,Completed,TXN-6036-6036
6037,6037,2024-02-02 02:15:28,Debit Card,915.58,Completed,TXN-6037-6037
6038,6038,2026-06-23 06:40:19,Bank Transfer,132.89,Completed,TXN-6038-6038
6039,6039,2026-03-27 01:18:52,PayPal,1391.25,Pending,
6040,6040,2026-08-08 17:37:24,Bank Transfer,2225.36,Completed,TXN-6040-6040
6041,6041,2026-04-23 13:19:47,Debit Card,490.87,Completed,TXN-6041-6041
6042,6042,2026-02-10 12:01:27,Credit Card,677.11,Completed,TXN-6042-6042
6043,6043,2024-05-04 03:15:11,Cash on Delivery,4535.16,Completed,TXN-6043-6043
6044,6044,2025-10-13 21:56:20,Credit Card,1209.68,Completed,TXN-6044-6044
6045,6045,2025-01-24 21:44:50,Bank Transfer,473.08,Completed,TXN-6045-6045
6046,6046,2025-11-09 00:01:39,Credit Card,604.84,Completed,TXN-6046-6046
6047,6047,2026-08-03 15:35:02,PayPal,583.04,Completed,TXN-6047-6047
6048,6048,2026-07-27 23:21:52,PayPal,1736.28,Completed,TXN-6048-6048
6049,6049,2025-06-28 04:10:01,PayPal,610.02,Completed,TXN-6049-6049
6050,6050,2026-06-26 19:37:04,Credit Card,2183.18,Completed,TXN-6050-6050
6051,6051,2026-02-23 10:56:33,Bank Transfer,3980.64,Completed,TXN-6051-6051
6052,6052,2026-07-20 06:40:14,Credit Card,2386.56,Completed,TXN-6052-6052
6053,6053,2024-02-08 08:44:46,Cash on Delivery,854.22,Completed,TXN-6053-6053
6054,6054,2026-08-10 22:05:54,Bank Transfer,5216.55,Completed,TXN-6054-6054
6055,6055,2026-08-17 21:49:07,Bank Transfer,814.48,Completed,TXN-6055-6055
6056,6056,2026-08-27 09:57:26,Debit Card,3048.1,Completed,TXN-6056-6056
6057,6057,2025-01-24 21:09:09,Credit Card,1325.1,Pending,
6058,6058,2025-04-24 16:52:54,Debit Card,3781.64,Completed,TXN-6058-6058
6059,6059,2025-10-30 15:46:25,Cash on Delivery,3169.37,Completed,TXN-6059-6059
6060,6060,2024-10-02 07:18:37,Bank Transfer,1639.69,Completed,TXN-6060-6060
6061,6061,2026-05-02 16:52:35,Cash on Delivery,3174.13,Completed,TXN-6061-6061
6062,6062,2024-04-21 15:11:08,Credit Card,1968.09,Completed,TXN-6062-6062
6063,6063,2026-08-19 03:02:43,Bank Transfer,3463.43,Completed,TXN-6063-6063
6064,6064,2025-12-28 02:52:25,Debit Card,6272.16,Completed,TXN-6064-6064
6065,6065,2026-04-25 22:25:42,Cash on Delivery,1627.17,Completed,TXN-6065-6065
6066,6066,2026-02-16 00:26:30,Cash on Delivery,1760.42,Completed,TXN-6066-6066
6067,6067,2026-07-07 16:49:02,PayPal,476.8,Completed,TXN-6067-6067
6068,6068,2025-02-16 11:43:35,Bank Transfer,652.86,Completed,TXN-6068-6068
6069,6069,2025-09-07 04:53:39,Bank Transfer,852.29,Completed,TXN-6069-6069
6070,6070,2026-08-08 05:49:51,Bank Transfer,568.46,Failed,
6071,6071,2026-07-10 00:52:55,PayPal,258.32,Completed,TXN-6071-6071
6072,6072,2026-05-12 00:38:16,PayPal,236.54,Completed,TXN-6072-6072
6073,6073,2026-01-23 08:06:56,Debit Card,777.12,Completed,TXN-6073-6073
6074,6074,2025-05-19 17:16:48,Cash on Delivery,3282.36,Completed,TXN-6074-6074
6075,6075,2026-05-01 23:48:40,PayPal,3632.52,Pending,
6076,6076,2026-02-01 09:30:39,Debit Card,2389.8,Completed,TXN-6076-6076
6077,6077,2026-06-01 00:04:13,Debit Card,1761.19,Completed,TXN-6077-6077
6078,6078,2026-08-30 05:57:37,Cash on Delivery,965.2,Completed,TXN-6078-6078
6079,6079,2025-05-24 05:16:32,PayPal,358.48,Completed,TXN-6079-6079
6080,6080,2026-04-30 11:24:57,Debit Card,3234.72,Completed,TXN-6080-6080
6081,6081,2026-04-09 07:04:55,Cash on Delivery,5712.64,Pending,
6082,6082,2026-07-17 08:42:19,Credit Card,2437.92,Completed,TXN-6082-6082
6083,6083,2025-03-03 03:48:28,Debit Card,353.08,Completed,TXN-6083-6083
6084,6084,2024-09-05 03:02:21,Bank Transfer,4436.07,Completed,TXN-6084-6084
6085,6085,2025-09-16 10:06:45,Cash on Delivery,3491.95,Completed,TXN-6085-6085
6086,6086,2025-07-15 11:38:04,Debit Card,425.66,Completed,TXN-6086-6086
6087,6087,2026-08-26 13:22:59,Cash on Delivery,506.46,Completed,TXN-6087-6087
6088,6088,2024-10-18 08:31:36,Credit Card,1907.72,Completed,TXN-6088-6088
6089,6089,2024-12-11 22:37:05,PayPal,2628.33,Completed,TXN-6089-6089
6090,6090,2026-05-16 08:18:41,Debit Card,1763.43,Completed,TXN-6090-6090
6091,6091,2026-02-26 23:31:55,Debit Card,1706.13,Pending,
6092,6092,2025-09-08 00:31:13,Cash on Delivery,1987.65,Completed,TXN-6092-6092
6093,6093,2025-12-05 16:06:03,PayPal,347.8,Completed,TXN-6093-6093
6094,6094,2026-02-10 01:49:14,Cash on Delivery,3203.82,Completed,TXN-6094-6094
6095,6095,2026-06-28 00:34:17,Bank Transfer,2508.69,Failed,
6096,6096,2025-05-11 23:44:57,Debit Card,132.89,Completed,TXN-6096-6096
6097,6097,2026-05-16 08:15:58,Credit Card,1548.46,Completed,TXN-6097-6097
6098,6098,2025-08-01 19:17:39,Debit Card,4728.87,Completed,TXN-6098-6098
6099,6099,2025-10-17 06:42:16,PayPal,5631.66,Completed,TXN-6099-6099
6100,6100,2026-03-17 06:11:32,Bank Transfer,5178.39,Failed,
6101,6101,2026-04-28 23:09:50,Cash on Delivery,2507.23,Completed,TXN-6101-6101
6102,6102,2026-03-04 06:43:02,Bank Transfer,1092.93,Pending,
6103,6103,2025-09-01 07:41:08,Credit Card,2823.46,Completed,TXN-6103-6103
6104,6104,2025-09-24 06:49:36,Credit Card,2322.69,Completed,TXN-6104-6104
6105,6105,2026-04-10 11:34:55,PayPal,1263.24,Completed,TXN-6105-6105
6106,6106,2026-07-30 03:36:08,Cash on Delivery,1107.07,Completed,TXN-6106-6106
6107,6107,2026-01-02 05:49:16,Bank Transfer,1638.44,Completed,TXN-6107-6107
6108,6108,2024-05-14 15:19:34,Credit Card,955.93,Completed,TXN-6108-6108
6109,6109,2026-07-11 19:05:08,Cash on Delivery,2321.42,Completed,TXN-6109-6109
6110,6110,2025-08-12 12:01:29,Bank Transfer,2213.46,Completed,TXN-6110-6110
6111,6111,2026-04-19 06:04:31,PayPal,1727.23,Completed,TXN-6111-6111
6112,6112,2026-07-30 00:24:41,Credit Card,826.24,Refunded,TXN-6112-6112
6113,6113,2025-01-23 03:57:10,Debit Card,1330.1,Completed,TXN-6113-6113
6114,6114,2026-08-12 01:03:20,PayPal,1477.74,Completed,TXN-6114-6114
6115,6115,2026-04-21 19:28:10,Cash on Delivery,2604.34,Completed,TXN-6115-6115
6116,6116,2026-07-27 16:09:40,PayPal,937.73,Completed,TXN-6116-6116
6117,6117,2026-06-01 23:55:34,Cash on Delivery,6716.14,Completed,TXN-6117-6117
6118,6118,2024-03-20 04:29:33,Cash on Delivery,1864.95,Completed,TXN-6118-6118
6119,6119,2026-07-03 22:09:47,Cash on Delivery,404.83,Completed,TXN-6119-6119
6120,6120,2026-01-24 01:52:17,Debit Card,3709.68,Completed,TXN-6120-6120
6121,6121,2024-09-07 05:40:13,Credit Card,1927.21,Completed,TXN-6121-6121
6122,6122,2026-06-17 08:21:36,Cash on Delivery,1009.52,Pending,
6123,6123,2024-06-13 19:35:47,Cash on Delivery,1239.92,Completed,TXN-6123-6123
6124,6124,2026-08-12 06:20:49,Cash on Delivery,1754.69,Completed,TXN-6124-6124
6125,6125,2026-05-16 23:07:05,PayPal,1325.1,Completed,TXN-6125-6125
6126,6126,2026-06-13 18:58:43,PayPal,525.94,Completed,TXN-6126-6126
6127,6127,2024-12-02 02:33:53,PayPal,464.59,Pending,
6128,6128,2026-08-21 01:18:58,PayPal,1978.83,Completed,TXN-6128-6128
6129,6129,2026-06-12 23:01:39,Debit Card,825.07,Completed,TXN-6129-6129
6130,6130,2026-02-20 22:27:19,PayPal,5447.5,Pending,
6131,6131,2024-11-10 00:51:33,Bank Transfer,2334.42,Completed,TXN-6131-6131
6132,6132,2025-09-19 01:12:38,PayPal,1537.94,Completed,TXN-6132-6132
6133,6133,2025-04-14 01:13:18,PayPal,854.22,Completed,TXN-6133-6133
6134,6134,2026-09-02 00:01:30,PayPal,3140.84,Completed,TXN-6134-6134
6135,6135,2026-06-01 01:13:18,Debit Card,1813.12,Completed,TXN-6135-6135
6136,6136,2024-07-21 10:51:09,PayPal,3847.45,Completed,TXN-6136-6136
6137,6137,2025-11-14 00:32:55,Bank Transfer,645.31,Completed,TXN-6137-6137
6138,6138,2026-08-22 09:27:54,Debit Card,2541.9,Completed,TXN-6138-6138
6139,6139,2026-09-01 04:53:27,Debit Card,7328.24,Completed,TXN-6139-6139
6140,6140,2025-07-24 06:22:45,Credit Card,3533.7,Completed,TXN-6140-6140
6141,6141,2026-04-22 18:51:15,Debit Card,4439.09,Completed,TXN-6141-6141
6142,6142,2026-05-03 11:34:50,PayPal,1746.09,Completed,TXN-6142-6142
6143,6143,2026-06-21 12:55:12,Credit Card,128.01,Completed,TXN-6143-6143
6144,6144,2025-12-16 21:27:45,Debit Card,1906.94,Completed,TXN-6144-6144
6145,6145,2025-08-25 07:42:56,PayPal,2180.07,Refunded,TXN-6145-6145
6146,6146,2024-11-07 19:08:56,Debit Card,3057.45,Completed,TXN-6146-6146
6147,6147,2026-03-23 02:43:47,Credit Card,374.42,Refunded,TXN-6147-6147
6148,6148,2024-11-24 04:53:20,Credit Card,973.78,Completed,TXN-6148-6148
6149,6149,2026-07-01 11:44:55,Debit Card,3587.2,Completed,TXN-6149-6149
6150,6150,2025-05-26 02:53:30,Credit Card,2512.24,Completed,TXN-6150-6150
6151,6151,2026-01-24 16:29:25,Cash on Delivery,3331.13,Completed,TXN-6151-6151
6152,6152,2026-08-02 07:34:07,Bank Transfer,735.27,Completed,TXN-6152-6152
6153,6153,2024-09-23 17:44:58,Cash on Delivery,1989.38,Completed,TXN-6153-6153
6154,6154,2025-12-22 06:23:33,Debit Card,3494.06,Pending,
6155,6155,2025-12-16 11:39:57,Debit Card,446.33,Failed,
6156,6156,2026-04-28 23:32:05,Cash on Delivery,3957.62,Completed,TXN-6156-6156
6157,6157,2025-12-03 06:41:15,Debit Card,951.27,Completed,TXN-6157-6157
6158,6158,2025-01-23 00:43:43,Debit Card,1970.52,Completed,TXN-6158-6158
6159,6159,2026-04-14 18:18:30,Debit Card,3663.25,Completed,TXN-6159-6159
6160,6160,2026-08-30 08:24:59,Debit Card,659.17,Completed,TXN-6160-6160
6161,6161,2026-02-17 20:58:22,Cash on Delivery,947.92,Completed,TXN-6161-6161
6162,6162,2026-07-21 05:11:22,Debit Card,1307.04,Completed,TXN-6162-6162
6163,6163,2025-12-14 16:30:35,Credit Card,405.2,Pending,
6164,6164,2026-06-13 21:22:01,Debit Card,533.64,Completed,TXN-6164-6164
6165,6165,2025-10-30 05:42:38,Credit Card,461.03,Completed,TXN-6165-6165
6166,6166,2025-03-03 12:17:01,Bank Transfer,1887.46,Completed,TXN-6166-6166
6167,6167,2026-08-28 16:50:58,Cash on Delivery,1060.03,Completed,TXN-6167-6167
6168,6168,2026-03-15 03:23:27,PayPal,1628.78,Completed,TXN-6168-6168
6169,6169,2026-07-22 02:45:46,PayPal,758.76,Completed,TXN-6169-6169
6170,6170,2024-10-18 03:12:43,Cash on Delivery,1354.22,Failed,
6171,6171,2025-05-26 20:34:54,Credit Card,1100.87,Pending,
6172,6172,2025-12-08 20:26:54,Credit Card,62.52,Completed,TXN-6172-6172
6173,6173,2026-06-04 16:59:59,Debit Card,2170.32,Completed,TXN-6173-6173
6174,6174,2026-08-21 15:02:33,Debit Card,394.13,Completed,TXN-6174-6174
6175,6175,2025-05-15 14:27:05,Cash on Delivery,869.24,Completed,TXN-6175-6175
6176,6176,2026-08-08 14:27:12,Debit Card,567.58,Failed,
6177,6177,2026-08-24 12:56:17,Credit Card,370.94,Completed,TXN-6177-6177
6178,6178,2026-08-13 20:17:03,PayPal,3881.96,Completed,TXN-6178-6178
6179,6179,2026-05-19 04:33:48,Credit Card,1218.87,Completed,TXN-6179-6179
6180,6180,2025-07-02 11:01:40,Credit Card,935.65,Completed,TXN-6180-6180
6181,6181,2026-01-28 13:05:23,Bank Transfer,2355.96,Pending,
6182,6182,2026-08-18 05:09:52,Debit Card,221.7,Completed,TXN-6182-6182
6183,6183,2025-08-12 02:29:02,Debit Card,3374.62,Completed,TXN-6183-6183
6184,6184,2026-03-20 06:07:54,Cash on Delivery,2988.8,Completed,TXN-6184-6184
6185,6185,2025-10-12 01:59:38,PayPal,6302.57,Completed,TXN-6185-6185
6186,6186,2026-01-03 02:44:58,Bank Transfer,413.12,Completed,TXN-6186-6186
6187,6187,2026-01-23 04:56:50,Debit Card,2541.89,Completed,TXN-6187-6187
6188,6188,2025-05-21 23:53:44,Cash on Delivery,611.7,Completed,TXN-6188-6188
6189,6189,2025-08-06 11:09:29,Cash on Delivery,403.71,Completed,TXN-6189-6189
6190,6190,2026-08-19 04:06:21,Credit Card,1930.06,Completed,TXN-6190-6190
6191,6191,2025-05-25 17:32:28,Bank Transfer,593.63,Completed,TXN-6191-6191
6192,6192,2026-08-30 22:21:42,PayPal,2210.56,Completed,TXN-6192-6192
6193,6193,2025-12-16 06:29:32,Credit Card,1610.87,Completed,TXN-6193-6193
6194,6194,2026-07-27 23:02:13,Credit Card,2111.21,Completed,TXN-6194-6194
6195,6195,2026-05-09 22:28:16,PayPal,1708.44,Failed,
6196,6196,2024-02-23 02:06:28,PayPal,2252.03,Completed,TXN-6196-6196
6197,6197,2026-09-01 07:03:49,Bank Transfer,879.71,Completed,TXN-6197-6197
6198,6198,2025-11-02 09:53:02,Bank Transfer,1782.79,Completed,TXN-6198-6198
6199,6199,2026-02-03 21:47:49,PayPal,3173.14,Completed,TXN-6199-6199
6200,6200,2025-12-28 11:32:58,Cash on Delivery,62.52,Completed,TXN-6200-6200
6201,6201,2026-07-29 09:45:15,Cash on Delivery,1101.53,Completed,TXN-6201-6201
6202,6202,2026-02-07 04:33:27,PayPal,651.12,Completed,TXN-6202-6202
6203,6203,2025-11-16 01:13:03,Debit Card,3630.02,Completed,TXN-6203-6203
6204,6204,2025-10-18 18:08:10,Credit Card,3366.71,Completed,TXN-6204-6204
6205,6205,2026-07-28 11:58:52,Bank Transfer,2733.71,Completed,TXN-6205-6205
6206,6206,2026-04-19 11:02:10,PayPal,65.43,Completed,TXN-6206-6206
6207,6207,2026-01-02 12:45:27,Bank Transfer,1656.72,Completed,TXN-6207-6207
6208,6208,2025-04-19 18:48:07,Cash on Delivery,4952.5,Completed,TXN-6208-6208
6209,6209,2026-08-03 13:47:22,Cash on Delivery,63.88,Completed,TXN-6209-6209
6210,6210,2026-04-11 18:55:12,PayPal,1054.86,Completed,TXN-6210-6210
6211,6211,2026-01-23 09:31:08,PayPal,1131.46,Completed,TXN-6211-6211
6212,6212,2026-08-29 07:32:01,Debit Card,1954.44,Completed,TXN-6212-6212
6213,6213,2026-01-06 19:26:41,Debit Card,5929.28,Completed,TXN-6213-6213
6214,6214,2026-07-16 12:22:37,Debit Card,848.34,Completed,TXN-6214-6214
6215,6215,2024-10-29 03:00:40,Bank Transfer,1376.33,Completed,TXN-6215-6215
6216,6216,2026-07-06 03:45:44,Debit Card,758.76,Completed,TXN-6216-6216
6217,6217,2025-12-17 14:19:25,Cash on Delivery,5011.43,Pending,
6218,6218,2025-02-26 00:41:22,Bank Transfer,247.07,Completed,TXN-6218-6218
6219,6219,2026-03-31 19:37:52,PayPal,997.9,Completed,TXN-6219-6219
6220,6220,2026-03-01 00:20:44,Debit Card,1601.0,Failed,
6221,6221,2024-03-17 08:32:50,PayPal,3184.51,Completed,TXN-6221-6221
6222,6222,2026-08-27 16:10:15,Bank Transfer,459.02,Failed,
6223,6223,2025-08-05 08:20:03,PayPal,1641.83,Completed,TXN-6223-6223
6224,6224,2026-08-15 22:27:43,Debit Card,1542.84,Completed,TXN-6224-6224
6225,6225,2024-07-10 07:21:25,PayPal,311.72,Completed,TXN-6225-6225
6226,6226,2026-04-27 16:32:01,Bank Transfer,1061.09,Completed,TXN-6226-6226
6227,6227,2026-03-23 09:37:42,Bank Transfer,1016.34,Completed,TXN-6227-6227
6228,6228,2024-07-04 22:24:13,Debit Card,2194.19,Completed,TXN-6228-6228
6229,6229,2026-07-04 05:30:38,PayPal,2185.86,Pending,
6230,6230,2025-12-22 10:44:44,PayPal,607.8,Completed,TXN-6230-6230
6231,6231,2024-12-08 12:41:11,Credit Card,1892.24,Completed,TXN-6231-6231
6232,6232,2026-08-17 05:44:35,PayPal,1237.48,Completed,TXN-6232-6232
6233,6233,2026-07-11 11:35:53,Debit Card,1708.44,Completed,TXN-6233-6233
6234,6234,2026-08-13 20:59:23,Cash on Delivery,1314.97,Completed,TXN-6234-6234
6235,6235,2025-04-16 10:28:50,Bank Transfer,2840.83,Completed,TXN-6235-6235
6236,6236,2026-01-17 10:39:51,Debit Card,2755.89,Completed,TXN-6236-6236
6237,6237,2026-06-23 01:43:47,Bank Transfer,204.87,Pending,
6238,6238,2026-08-24 10:05:54,Credit Card,1524.04,Completed,TXN-6238-6238
6239,6239,2026-07-27 07:28:06,PayPal,946.44,Completed,TXN-6239-6239
6240,6240,2025-12-15 00:56:42,PayPal,1266.16,Completed,TXN-6240-6240
6241,6241,2025-09-29 09:52:21,PayPal,4335.72,Completed,TXN-6241-6241
6242,6242,2026-07-24 14:26:32,Bank Transfer,2270.0,Pending,
6243,6243,2024-11-19 00:18:32,Debit Card,4054.07,Completed,TXN-6243-6243
6244,6244,2026-06-19 08:01:21,Bank Transfer,3532.72,Completed,TXN-6244-6244
6245,6245,2025-11-14 13:32:36,Credit Card,785.84,Completed,TXN-6245-6245
6246,6246,2025-09-12 17:43:56,Bank Transfer,4558.08,Completed,TXN-6246-6246
6247,6247,2025-01-18 10:55:03,Cash on Delivery,689.8,Completed,TXN-6247-6247
6248,6248,2025-12-09 19:46:04,Debit Card,232.44,Completed,TXN-6248-6248
6249,6249,2025-12-07 07:43:49,PayPal,930.25,Completed,TXN-6249-6249
6250,6250,2025-09-16 06:17:13,PayPal,4122.16,Refunded,TXN-6250-6250
6251,6251,2025-12-14 06:58:49,Bank Transfer,2152.04,Completed,TXN-6251-6251
6252,6252,2024-06-01 18:47:14,PayPal,2674.53,Pending,
6253,6253,2025-08-07 19:14:33,Credit Card,4606.41,Completed,TXN-6253-6253
6254,6254,2025-06-09 05:31:45,Cash on Delivery,1125.87,Failed,
6255,6255,2024-03-24 18:57:08,Credit Card,3376.82,Completed,TXN-6255-6255
6256,6256,2025-05-10 14:56:10,Bank Transfer,2196.77,Completed,TXN-6256-6256
6257,6257,2026-06-29 20:23:08,PayPal,2105.73,Refunded,TXN-6257-6257
6258,6258,2025-11-15 11:33:39,PayPal,973.78,Completed,TXN-6258-6258
6259,6259,2025-11-17 13:34:56,Bank Transfer,6304.67,Completed,TXN-6259-6259
6260,6260,2026-08-18 11:17:25,Credit Card,184.98,Completed,TXN-6260-6260
6261,6261,2025-05-05 07:38:09,Debit Card,3508.12,Completed,TXN-6261-6261
6262,6262,2026-08-02 10:18:39,Cash on Delivery,837.23,Completed,TXN-6262-6262
6263,6263,2025-10-23 11:13:57,Bank Transfer,287.02,Pending,
6264,6264,2025-03-24 01:41:26,Bank Transfer,4121.36,Completed,TXN-6264-6264
6265,6265,2026-03-14 06:12:35,PayPal,41.05,Completed,TXN-6265-6265
6266,6266,2026-06-28 04:04:47,Cash on Delivery,1799.39,Completed,TXN-6266-6266
6267,6267,2024-12-03 17:10:45,Credit Card,487.93,Completed,TXN-6267-6267
6268,6268,2026-08-06 13:29:17,Cash on Delivery,5741.67,Completed,TXN-6268-6268
6269,6269,2026-08-29 03:03:38,PayPal,1119.58,Completed,TXN-6269-6269
6270,6270,2025-08-07 21:52:34,Cash on Delivery,942.81,Completed,TXN-6270-6270
6271,6271,2026-07-23 18:07:25,PayPal,7777.57,Completed,TXN-6271-6271
6272,6272,2026-08-06 13:29:04,PayPal,1790.15,Completed,TXN-6272-6272
6273,6273,2026-07-06 15:26:22,Cash on Delivery,764.3,Completed,TXN-6273-6273
6274,6274,2026-04-11 13:28:29,Cash on Delivery,3507.19,Completed,TXN-6274-6274
6275,6275,2025-08-17 13:23:18,Bank Transfer,1708.44,Completed,TXN-6275-6275
6276,6276,2026-04-09 02:34:00,Debit Card,2314.26,Completed,TXN-6276-6276
6277,6277,2026-07-04 04:55:48,Cash on Delivery,2694.94,Completed,TXN-6277-6277
6278,6278,2026-08-09 20:34:59,Bank Transfer,2545.58,Completed,TXN-6278-6278
6279,6279,2026-02-20 20:18:36,Debit Card,1940.24,Completed,TXN-6279-6279
6280,6280,2025-12-31 07:59:06,Debit Card,1668.39,Pending,
6281,6281,2024-10-24 11:46:37,PayPal,2391.6,Pending,
6282,6282,2026-08-14 08:15:38,PayPal,2032.68,Completed,TXN-6282-6282
6283,6283,2026-08-13 21:29:19,Credit Card,1468.86,Failed,
6284,6284,2026-06-04 11:34:25,Bank Transfer,3933.67,Pending,
6285,6285,2026-08-13 21:26:08,PayPal,4164.18,Completed,TXN-6285-6285
6286,6286,2025-08-20 20:18:48,Cash on Delivery,3515.15,Completed,TXN-6286-6286
6287,6287,2025-03-11 22:31:01,Cash on Delivery,777.05,Completed,TXN-6287-6287
6288,6288,2026-08-15 20:32:04,Debit Card,684.57,Completed,TXN-6288-6288
6289,6289,2025-10-07 00:04:53,Debit Card,1678.67,Completed,TXN-6289-6289
6290,6290,2025-06-29 09:20:36,Cash on Delivery,1118.04,Completed,TXN-6290-6290
6291,6291,2025-12-22 02:29:21,Cash on Delivery,935.97,Completed,TXN-6291-6291
6292,6292,2026-03-21 09:31:51,Credit Card,4306.14,Completed,TXN-6292-6292
6293,6293,2025-07-23 00:24:53,Bank Transfer,1096.92,Completed,TXN-6293-6293
6294,6294,2025-12-26 21:18:37,Credit Card,448.3,Completed,TXN-6294-6294
6295,6295,2025-07-31 09:14:03,Debit Card,3565.44,Completed,TXN-6295-6295
6296,6296,2026-01-18 03:26:08,Debit Card,1680.75,Refunded,TXN-6296-6296
6297,6297,2026-03-20 21:02:22,Bank Transfer,893.74,Completed,TXN-6297-6297
6298,6298,2026-04-15 13:09:39,Cash on Delivery,447.0,Completed,TXN-6298-6298
6299,6299,2026-07-10 17:21:36,PayPal,1047.12,Failed,
6300,6300,2024-10-05 16:40:41,Cash on Delivery,2019.04,Completed,TXN-6300-6300
6301,6301,2026-04-10 08:13:14,PayPal,2695.12,Completed,TXN-6301-6301
6302,6302,2026-06-22 17:59:38,PayPal,1990.17,Failed,
6303,6303,2025-12-19 17:28:33,Credit Card,792.63,Completed,TXN-6303-6303
6304,6304,2025-02-08 10:47:00,Bank Transfer,785.32,Completed,TXN-6304-6304
6305,6305,2026-07-10 17:27:44,Cash on Delivery,5630.8,Completed,TXN-6305-6305
6306,6306,2026-05-10 21:23:59,Credit Card,2739.24,Completed,TXN-6306-6306
6307,6307,2026-03-30 12:40:11,Credit Card,1483.43,Completed,TXN-6307-6307
6308,6308,2025-12-13 05:12:26,Credit Card,1010.31,Completed,TXN-6308-6308
6309,6309,2026-01-03 00:08:13,Bank Transfer,3902.29,Completed,TXN-6309-6309
6310,6310,2025-04-16 20:04:16,PayPal,1314.97,Completed,TXN-6310-6310
6311,6311,2026-03-28 20:16:48,Credit Card,795.57,Completed,TXN-6311-6311
6312,6312,2025-02-20 06:10:02,Bank Transfer,1701.91,Completed,TXN-6312-6312
6313,6313,2025-06-21 19:37:09,PayPal,5584.39,Completed,TXN-6313-6313
6314,6314,2026-06-02 04:03:37,Cash on Delivery,1931.95,Completed,TXN-6314-6314
6315,6315,2024-10-31 16:44:44,Debit Card,4047.57,Pending,
6316,6316,2026-08-30 09:00:21,PayPal,349.97,Completed,TXN-6316-6316
6317,6317,2026-01-24 00:42:25,Bank Transfer,4692.06,Completed,TXN-6317-6317
6318,6318,2024-03-31 18:10:39,Bank Transfer,1689.01,Completed,TXN-6318-6318
6319,6319,2026-06-26 14:56:04,Cash on Delivery,1200.49,Completed,TXN-6319-6319
6320,6320,2025-04-04 01:14:43,PayPal,69.06,Completed,TXN-6320-6320
6321,6321,2026-07-27 10:18:04,Cash on Delivery,2143.98,Pending,
6322,6322,2026-08-09 19:18:29,Debit Card,1602.99,Pending,
6323,6323,2026-08-25 23:52:51,Bank Transfer,4033.3,Completed,TXN-6323-6323
6324,6324,2025-06-29 11:26:34,Credit Card,717.87,Completed,TXN-6324-6324
6325,6325,2026-08-22 15:15:23,Bank Transfer,6697.46,Completed,TXN-6325-6325
6326,6326,2025-10-17 12:06:07,Bank Transfer,2181.88,Completed,TXN-6326-6326
6327,6327,2025-08-01 04:20:20,PayPal,1426.2,Completed,TXN-6327-6327
6328,6328,2026-06-10 18:00:19,Debit Card,2895.74,Completed,TXN-6328-6328
6329,6329,2026-05-23 15:21:35,Cash on Delivery,1303.65,Refunded,TXN-6329-6329
6330,6330,2025-01-15 23:10:10,PayPal,5169.49,Completed,TXN-6330-6330
6331,6331,2026-08-26 06:20:48,Cash on Delivery,936.79,Completed,TXN-6331-6331
6332,6332,2025-11-05 01:16:43,PayPal,704.32,Completed,TXN-6332-6332
6333,6333,2024-05-12 23:50:24,Credit Card,3121.74,Completed,TXN-6333-6333
6334,6334,2026-04-10 20:32:48,Bank Transfer,1236.16,Failed,
6335,6335,2024-05-14 02:57:00,Cash on Delivery,4884.21,Completed,TXN-6335-6335
6336,6336,2025-12-25 23:15:00,PayPal,2116.97,Completed,TXN-6336-6336
6337,6337,2026-06-07 19:17:16,Credit Card,1230.65,Refunded,TXN-6337-6337
6338,6338,2026-07-06 18:30:48,Debit Card,2036.45,Pending,
6339,6339,2025-03-28 09:59:59,Cash on Delivery,1308.77,Completed,TXN-6339-6339
6340,6340,2026-04-07 22:12:17,Bank Transfer,34.19,Completed,TXN-6340-6340
6341,6341,2026-02-24 19:50:55,Cash on Delivery,7799.21,Completed,TXN-6341-6341
6342,6342,2025-12-24 17:19:20,Debit Card,851.91,Completed,TXN-6342-6342
6343,6343,2024-09-11 10:52:35,Credit Card,967.74,Completed,TXN-6343-6343
6344,6344,2026-01-29 14:37:09,PayPal,2104.19,Completed,TXN-6344-6344
6345,6345,2024-08-14 22:30:05,Debit Card,3438.84,Completed,TXN-6345-6345
6346,6346,2026-08-10 21:14:10,Credit Card,529.47,Completed,TXN-6346-6346
6347,6347,2025-11-28 04:32:31,Credit Card,973.78,Completed,TXN-6347-6347
6348,6348,2024-10-06 20:15:35,Cash on Delivery,4063.36,Completed,TXN-6348-6348
6349,6349,2026-03-20 02:47:32,PayPal,4362.79,Completed,TXN-6349-6349
6350,6350,2026-07-25 01:01:24,PayPal,695.38,Completed,TXN-6350-6350
6351,6351,2025-10-31 21:31:21,Credit Card,3028.56,Completed,TXN-6351-6351
6352,6352,2026-08-25 11:53:15,Cash on Delivery,3616.52,Completed,TXN-6352-6352
6353,6353,2025-03-23 03:19:02,Credit Card,1995.91,Completed,TXN-6353-6353
6354,6354,2026-03-08 09:35:01,Cash on Delivery,4771.42,Failed,
6355,6355,2026-08-16 09:20:42,Bank Transfer,3369.14,Completed,TXN-6355-6355
6356,6356,2026-02-10 15:07:25,PayPal,2259.83,Completed,TXN-6356-6356
6357,6357,2026-07-20 17:31:35,Cash on Delivery,502.44,Completed,TXN-6357-6357
6358,6358,2026-08-21 19:16:26,Credit Card,498.62,Refunded,TXN-6358-6358
6359,6359,2026-08-23 15:30:26,Credit Card,2087.74,Completed,TXN-6359-6359
6360,6360,2024-10-28 10:57:44,Credit Card,3866.42,Completed,TXN-6360-6360
6361,6361,2026-08-08 10:09:14,PayPal,1016.34,Completed,TXN-6361-6361
6362,6362,2026-07-24 10:19:12,Cash on Delivery,454.95,Completed,TXN-6362-6362
6363,6363,2026-07-01 19:08:38,Credit Card,1167.22,Pending,
6364,6364,2024-09-27 22:53:05,Debit Card,677.11,Completed,TXN-6364-6364
6365,6365,2026-07-16 01:42:44,Credit Card,4323.21,Completed,TXN-6365-6365
6366,6366,2025-06-27 22:00:34,Bank Transfer,631.62,Completed,TXN-6366-6366
6367,6367,2025-10-26 14:46:54,PayPal,1323.58,Completed,TXN-6367-6367
6368,6368,2025-04-27 22:09:31,Bank Transfer,1284.3,Completed,TXN-6368-6368
6369,6369,2026-07-11 13:35:29,PayPal,1202.91,Pending,
6370,6370,2025-12-13 00:19:56,Credit Card,2210.72,Completed,TXN-6370-6370
6371,6371,2026-08-26 06:12:40,Cash on Delivery,2366.56,Completed,TXN-6371-6371
6372,6372,2025-07-24 00:30:08,Bank Transfer,389.43,Completed,TXN-6372-6372
6373,6373,2026-05-13 10:56:19,Debit Card,1138.57,Completed,TXN-6373-6373
6374,6374,2026-09-01 16:33:30,Bank Transfer,981.65,Completed,TXN-6374-6374
6375,6375,2026-03-30 05:42:39,PayPal,1871.94,Refunded,TXN-6375-6375
6376,6376,2025-09-11 12:21:09,Debit Card,5672.86,Failed,
6377,6377,2026-06-16 02:23:36,Debit Card,1035.72,Completed,TXN-6377-6377
6378,6378,2026-05-06 22:13:09,Cash on Delivery,2280.31,Completed,TXN-6378-6378
6379,6379,2026-08-13 15:44:36,Cash on Delivery,6303.5,Completed,TXN-6379-6379
6380,6380,2025-10-13 07:20:01,Debit Card,633.46,Refunded,TXN-6380-6380
6381,6381,2025-10-23 21:10:56,Debit Card,1615.33,Completed,TXN-6381-6381
6382,6382,2026-08-01 14:01:03,Debit Card,1694.14,Completed,TXN-6382-6382
6383,6383,2024-10-24 10:28:02,PayPal,542.28,Completed,TXN-6383-6383
6384,6384,2023-10-23 13:59:49,PayPal,1215.26,Completed,TXN-6384-6384
6385,6385,2026-05-05 12:56:10,Cash on Delivery,633.08,Completed,TXN-6385-6385
6386,6386,2026-06-23 14:22:45,Debit Card,2041.04,Failed,
6387,6387,2025-10-25 09:22:59,Cash on Delivery,901.64,Completed,TXN-6387-6387
6388,6388,2026-03-28 15:01:45,Cash on Delivery,817.09,Completed,TXN-6388-6388
6389,6389,2025-05-07 19:59:47,Debit Card,1589.84,Completed,TXN-6389-6389
6390,6390,2025-03-01 21:47:57,Cash on Delivery,958.03,Completed,TXN-6390-6390
6391,6391,2026-03-16 02:55:16,Debit Card,3297.97,Pending,
6392,6392,2026-04-01 16:01:12,Credit Card,4664.99,Completed,TXN-6392-6392
6393,6393,2025-05-25 08:31:31,Credit Card,1625.08,Completed,TXN-6393-6393
6394,6394,2025-11-05 07:03:05,PayPal,758.76,Completed,TXN-6394-6394
6395,6395,2026-02-13 07:51:41,Cash on Delivery,994.53,Completed,TXN-6395-6395
6396,6396,2026-09-01 22:38:18,PayPal,394.13,Completed,TXN-6396-6396
6397,6397,2026-07-23 14:21:26,Credit Card,473.02,Completed,TXN-6397-6397
6398,6398,2024-08-21 02:54:49,Cash on Delivery,43.21,Completed,TXN-6398-6398
6399,6399,2025-02-11 17:09:33,Debit Card,656.03,Completed,TXN-6399-6399
6400,6400,2024-02-23 04:50:49,PayPal,2653.62,Completed,TXN-6400-6400
6401,6401,2026-06-10 20:52:04,Credit Card,2505.47,Completed,TXN-6401-6401
6402,6402,2025-05-26 23:47:30,PayPal,1348.02,Completed,TXN-6402-6402
6403,6403,2024-05-30 19:42:20,Bank Transfer,1049.67,Pending,
6404,6404,2025-04-08 19:44:50,Credit Card,2415.02,Refunded,TXN-6404-6404
6405,6405,2025-10-10 19:38:43,Credit Card,3338.59,Completed,TXN-6405-6405
6406,6406,2026-06-10 04:09:01,PayPal,2345.4,Pending,
6407,6407,2025-04-22 18:57:17,Cash on Delivery,2315.75,Completed,TXN-6407-6407
6408,6408,2026-08-16 21:57:32,PayPal,542.39,Completed,TXN-6408-6408
6409,6409,2026-02-09 03:25:38,Bank Transfer,3119.7,Completed,TXN-6409-6409
6410,6410,2024-11-16 07:21:46,Cash on Delivery,812.33,Completed,TXN-6410-6410
6411,6411,2025-01-07 12:53:32,PayPal,1273.58,Completed,TXN-6411-6411
6412,6412,2024-12-08 23:51:10,Bank Transfer,569.77,Completed,TXN-6412-6412
6413,6413,2026-02-03 10:01:11,Debit Card,1443.34,Completed,TXN-6413-6413
6414,6414,2025-10-14 03:14:44,PayPal,2345.99,Completed,TXN-6414-6414
6415,6415,2024-12-02 12:55:05,Debit Card,4147.38,Completed,TXN-6415-6415
6416,6416,2025-07-20 20:35:17,Debit Card,3064.19,Pending,
6417,6417,2025-05-06 16:14:19,PayPal,871.36,Completed,TXN-6417-6417
6418,6418,2025-12-04 10:21:08,PayPal,2462.02,Completed,TXN-6418-6418
6419,6419,2025-10-05 03:23:32,Debit Card,2710.58,Completed,TXN-6419-6419
6420,6420,2026-07-29 09:59:06,Bank Transfer,2139.74,Completed,TXN-6420-6420
6421,6421,2026-06-02 04:01:14,PayPal,5751.03,Completed,TXN-6421-6421
6422,6422,2024-10-27 08:09:33,Bank Transfer,1332.26,Completed,TXN-6422-6422
6423,6423,2024-05-06 20:13:17,Credit Card,4220.82,Completed,TXN-6423-6423
6424,6424,2025-12-25 03:11:30,Credit Card,1627.17,Completed,TXN-6424-6424
6425,6425,2026-03-04 16:13:37,Credit Card,2931.94,Completed,TXN-6425-6425
6426,6426,2026-06-22 12:52:31,Debit Card,835.26,Completed,TXN-6426-6426
6427,6427,2026-05-23 03:50:16,Cash on Delivery,2257.92,Completed,TXN-6427-6427
6428,6428,2025-05-06 12:52:22,Debit Card,459.02,Completed,TXN-6428-6428
6429,6429,2025-04-08 03:42:37,Credit Card,1991.81,Completed,TXN-6429-6429
6430,6430,2026-02-24 18:47:44,PayPal,1814.89,Pending,
6431,6431,2026-02-20 19:36:46,Debit Card,2797.76,Completed,TXN-6431-6431
6432,6432,2025-06-14 21:54:14,Credit Card,5483.45,Completed,TXN-6432-6432
6433,6433,2025-04-14 13:28:44,PayPal,583.61,Completed,TXN-6433-6433
6434,6434,2026-01-28 22:50:19,Credit Card,3032.15,Completed,TXN-6434-6434
6435,6435,2026-07-30 15:43:38,Credit Card,2895.72,Completed,TXN-6435-6435
6436,6436,2026-05-17 02:43:31,Credit Card,2893.86,Completed,TXN-6436-6436
6437,6437,2026-08-19 13:48:34,Credit Card,459.02,Completed,TXN-6437-6437
6438,6438,2025-09-25 16:54:08,Bank Transfer,2974.58,Completed,TXN-6438-6438
6439,6439,2026-07-11 12:59:18,Credit Card,2032.68,Pending,
6440,6440,2024-05-28 15:21:46,Credit Card,489.56,Completed,TXN-6440-6440
6441,6441,2026-04-09 23:51:24,PayPal,1004.88,Completed,TXN-6441-6441
6442,6442,2025-07-12 16:12:16,Cash on Delivery,614.61,Completed,TXN-6442-6442
6443,6443,2026-06-20 20:57:27,Bank Transfer,1687.52,Completed,TXN-6443-6443
6444,6444,2025-09-28 23:17:05,Debit Card,1356.83,Pending,
6445,6445,2024-08-17 12:43:39,Debit Card,601.12,Completed,TXN-6445-6445
6446,6446,2026-06-14 06:04:14,Credit Card,1562.91,Pending,
6447,6447,2025-02-27 23:15:37,Credit Card,1780.05,Refunded,TXN-6447-6447
6448,6448,2026-05-16 12:05:20,Bank Transfer,958.21,Completed,TXN-6448-6448
6449,6449,2024-01-12 17:52:58,Cash on Delivery,918.04,Completed,TXN-6449-6449
6450,6450,2025-01-25 03:46:08,Cash on Delivery,6735.67,Completed,TXN-6450-6450
6451,6451,2026-01-11 03:41:33,Cash on Delivery,1693.45,Completed,TXN-6451-6451
6452,6452,2024-12-04 11:39:47,Debit Card,3227.03,Completed,TXN-6452-6452
6453,6453,2026-08-15 19:09:02,Credit Card,2843.76,Completed,TXN-6453-6453
6454,6454,2026-06-23 01:05:19,Cash on Delivery,1817.14,Completed,TXN-6454-6454
6455,6455,2024-09-21 22:14:10,PayPal,630.82,Completed,TXN-6455-6455
6456,6456,2025-10-10 02:30:29,Credit Card,868.81,Completed,TXN-6456-6456
6457,6457,2025-10-06 09:35:45,Debit Card,287.02,Failed,
6458,6458,2025-11-28 14:52:48,Bank Transfer,4630.89,Completed,TXN-6458-6458
6459,6459,2025-09-05 18:44:06,Credit Card,1966.3,Completed,TXN-6459-6459
6460,6460,2026-01-19 18:25:39,PayPal,821.46,Completed,TXN-6460-6460
6461,6461,2025-06-26 01:12:22,PayPal,5221.68,Completed,TXN-6461-6461
6462,6462,2026-08-13 20:49:21,Debit Card,947.92,Completed,TXN-6462-6462
6463,6463,2025-08-21 10:23:22,Cash on Delivery,813.12,Completed,TXN-6463-6463
6464,6464,2025-07-12 06:48:15,Credit Card,4428.4,Completed,TXN-6464-6464
6465,6465,2025-11-08 10:51:54,PayPal,2767.86,Completed,TXN-6465-6465
6466,6466,2026-05-31 09:54:10,Bank Transfer,2035.91,Completed,TXN-6466-6466
6467,6467,2025-09-03 11:13:07,Cash on Delivery,3458.44,Completed,TXN-6467-6467
6468,6468,2026-07-09 08:43:49,Credit Card,1775.92,Completed,TXN-6468-6468
6469,6469,2026-08-01 17:06:41,PayPal,854.22,Completed,TXN-6469-6469
6470,6470,2026-06-13 05:03:38,Debit Card,2234.21,Completed,TXN-6470-6470
6471,6471,2024-07-08 13:17:14,Credit Card,337.22,Pending,
6472,6472,2026-08-26 05:25:42,Debit Card,2787.77,Completed,TXN-6472-6472
6473,6473,2025-06-17 11:15:08,Debit Card,1340.29,Pending,
6474,6474,2026-04-12 09:36:03,Bank Transfer,860.65,Pending,
6475,6475,2024-12-18 17:00:42,Cash on Delivery,4205.19,Completed,TXN-6475-6475
6476,6476,2026-08-26 19:35:28,Bank Transfer,410.55,Completed,TXN-6476-6476
6477,6477,2025-10-04 04:31:27,Credit Card,1639.4,Refunded,TXN-6477-6477
6478,6478,2026-03-05 08:53:48,Cash on Delivery,1152.2,Completed,TXN-6478-6478
6479,6479,2025-11-10 13:29:39,Bank Transfer,308.65,Completed,TXN-6479-6479
6480,6480,2025-11-15 16:26:32,Debit Card,2773.6,Completed,TXN-6480-6480
6481,6481,2025-11-29 13:28:50,Credit Card,940.54,Completed,TXN-6481-6481
6482,6482,2026-04-08 03:25:32,PayPal,825.46,Completed,TXN-6482-6482
6483,6483,2024-09-02 04:07:15,Cash on Delivery,1676.61,Completed,TXN-6483-6483
6484,6484,2025-03-01 19:47:40,PayPal,5000.67,Completed,TXN-6484-6484
6485,6485,2026-07-23 06:54:32,Credit Card,648.46,Completed,TXN-6485-6485
6486,6486,2026-05-24 21:48:32,Bank Transfer,2001.39,Completed,TXN-6486-6486
6487,6487,2026-08-31 09:57:07,Bank Transfer,2308.74,Completed,TXN-6487-6487
6488,6488,2026-07-25 21:19:40,Debit Card,494.69,Completed,TXN-6488-6488
6489,6489,2026-05-29 23:54:58,PayPal,662.55,Completed,TXN-6489-6489
6490,6490,2024-04-20 22:11:05,Credit Card,320.79,Completed,TXN-6490-6490
6491,6491,2025-02-03 11:54:58,Credit Card,439.25,Completed,TXN-6491-6491
6492,6492,2026-08-20 01:46:47,PayPal,1173.33,Completed,TXN-6492-6492
6493,6493,2026-03-25 21:43:26,Debit Card,1561.11,Completed,TXN-6493-6493
6494,6494,2025-12-21 17:59:37,Debit Card,3479.63,Completed,TXN-6494-6494
6495,6495,2024-06-02 01:39:36,Debit Card,4010.03,Completed,TXN-6495-6495
6496,6496,2026-03-15 03:24:29,Debit Card,1293.96,Completed,TXN-6496-6496
6497,6497,2026-08-09 09:56:33,Debit Card,2986.02,Completed,TXN-6497-6497
6498,6498,2026-07-29 17:05:07,Bank Transfer,3029.26,Completed,TXN-6498-6498
6499,6499,2026-02-13 20:31:36,Debit Card,3576.25,Completed,TXN-6499-6499
6500,6500,2025-05-31 16:53:58,Debit Card,1332.89,Pending,
6501,6501,2026-06-21 01:14:16,Debit Card,2773.06,Pending,
6502,6502,2026-02-01 20:09:13,PayPal,1406.84,Completed,TXN-6502-6502
6503,6503,2026-04-20 14:42:12,Debit Card,1952.6,Pending,
6504,6504,2026-07-03 18:02:31,Debit Card,1039.44,Completed,TXN-6504-6504
6505,6505,2024-09-22 12:00:42,Cash on Delivery,641.58,Completed,TXN-6505-6505
6506,6506,2024-12-06 07:21:36,Debit Card,1789.52,Completed,TXN-6506-6506
6507,6507,2025-10-10 11:13:04,Bank Transfer,1541.01,Completed,TXN-6507-6507
6508,6508,2026-08-02 19:58:16,Cash on Delivery,960.6,Completed,TXN-6508-6508
6509,6509,2025-06-21 15:58:24,PayPal,3352.87,Completed,TXN-6509-6509
6510,6510,2026-08-18 08:47:11,Credit Card,1264.82,Completed,TXN-6510-6510
6511,6511,2025-05-27 11:59:25,Credit Card,895.08,Completed,TXN-6511-6511
6512,6512,2024-11-24 07:34:35,Cash on Delivery,1977.08,Completed,TXN-6512-6512
6513,6513,2026-08-26 16:58:28,Debit Card,2293.69,Completed,TXN-6513-6513
6514,6514,2026-04-13 18:18:13,PayPal,4046.91,Completed,TXN-6514-6514
6515,6515,2024-12-18 22:27:56,Cash on Delivery,1146.74,Completed,TXN-6515-6515
6516,6516,2026-08-31 18:09:52,PayPal,62.52,Pending,
6517,6517,2026-02-19 06:50:53,Credit Card,1486.8,Completed,TXN-6517-6517
6518,6518,2026-04-29 23:13:14,Debit Card,2326.04,Failed,
6519,6519,2026-04-20 05:35:02,PayPal,166.27,Completed,TXN-6519-6519
6520,6520,2025-01-13 10:50:38,Debit Card,2614.8,Completed,TXN-6520-6520
6521,6521,2026-03-01 05:09:18,Credit Card,1329.89,Completed,TXN-6521-6521
6522,6522,2026-07-26 06:26:44,PayPal,1080.55,Completed,TXN-6522-6522
6523,6523,2026-04-10 04:48:40,PayPal,2303.05,Completed,TXN-6523-6523
6524,6524,2026-08-03 08:35:02,Debit Card,584.38,Completed,TXN-6524-6524
6525,6525,2026-07-22 17:45:09,Debit Card,1956.32,Completed,TXN-6525-6525
6526,6526,2026-01-31 16:28:00,Cash on Delivery,2473.5,Completed,TXN-6526-6526
6527,6527,2024-12-21 21:24:26,PayPal,915.58,Completed,TXN-6527-6527
6528,6528,2026-07-07 19:07:28,Debit Card,679.46,Refunded,TXN-6528-6528
6529,6529,2025-06-29 17:12:36,PayPal,427.24,Completed,TXN-6529-6529
6530,6530,2026-07-07 12:30:16,Credit Card,1818.84,Completed,TXN-6530-6530
6531,6531,2025-10-15 09:02:56,Debit Card,2658.25,Completed,TXN-6531-6531
6532,6532,2025-03-10 07:54:13,Debit Card,584.22,Completed,TXN-6532-6532
6533,6533,2026-08-23 22:08:26,Bank Transfer,1867.55,Completed,TXN-6533-6533
6534,6534,2026-01-27 23:24:38,Credit Card,1923.44,Completed,TXN-6534-6534
6535,6535,2026-05-18 15:39:56,Cash on Delivery,1237.92,Failed,
6536,6536,2025-11-27 04:56:56,Cash on Delivery,2986.26,Failed,
6537,6537,2026-05-21 00:02:21,Credit Card,1370.76,Completed,TXN-6537-6537
6538,6538,2025-11-24 20:57:52,Cash on Delivery,805.73,Completed,TXN-6538-6538
6539,6539,2026-01-02 15:30:09,PayPal,4141.61,Completed,TXN-6539-6539
6540,6540,2026-04-01 22:10:55,Bank Transfer,1476.25,Completed,TXN-6540-6540
6541,6541,2025-09-07 04:40:35,Credit Card,62.52,Refunded,TXN-6541-6541
6542,6542,2026-08-31 20:41:40,Credit Card,925.57,Completed,TXN-6542-6542
6543,6543,2025-12-20 09:09:54,PayPal,4673.81,Completed,TXN-6543-6543
6544,6544,2026-07-26 11:57:50,Debit Card,7262.42,Completed,TXN-6544-6544
6545,6545,2026-08-01 04:49:55,Bank Transfer,457.79,Completed,TXN-6545-6545
6546,6546,2026-03-07 17:37:20,Credit Card,3860.08,Completed,TXN-6546-6546
6547,6547,2026-02-02 07:36:24,Bank Transfer,6534.63,Completed,TXN-6547-6547
6548,6548,2026-04-03 14:22:31,PayPal,1256.78,Completed,TXN-6548-6548
6549,6549,2025-02-15 21:12:30,Credit Card,919.69,Completed,TXN-6549-6549
6550,6550,2025-03-24 05:54:25,Bank Transfer,2545.94,Completed,TXN-6550-6550
6551,6551,2026-08-07 14:47:31,Debit Card,1611.7,Completed,TXN-6551-6551
6552,6552,2026-05-30 02:38:48,Credit Card,1122.0,Completed,TXN-6552-6552
6553,6553,2026-02-23 11:59:24,Bank Transfer,1662.1,Completed,TXN-6553-6553
6554,6554,2025-11-13 08:32:15,Debit Card,3578.32,Refunded,TXN-6554-6554
6555,6555,2024-10-26 04:55:21,Bank Transfer,2177.03,Completed,TXN-6555-6555
6556,6556,2026-02-20 05:42:02,Credit Card,658.15,Completed,TXN-6556-6556
6557,6557,2025-07-12 21:00:38,Credit Card,3105.39,Completed,TXN-6557-6557
6558,6558,2026-04-21 04:37:07,Bank Transfer,2508.83,Pending,
6559,6559,2026-04-20 22:42:13,Cash on Delivery,6590.41,Completed,TXN-6559-6559
6560,6560,2026-03-24 19:03:10,Cash on Delivery,237.43,Completed,TXN-6560-6560
6561,6561,2026-04-18 06:52:12,Cash on Delivery,1796.18,Completed,TXN-6561-6561
6562,6562,2024-11-24 21:42:39,Debit Card,2122.36,Completed,TXN-6562-6562
6563,6563,2026-08-07 19:40:58,Cash on Delivery,1650.89,Completed,TXN-6563-6563
6564,6564,2026-01-27 18:02:26,Debit Card,1931.8,Completed,TXN-6564-6564
6565,6565,2025-10-30 04:43:48,Debit Card,2338.79,Completed,TXN-6565-6565
6566,6566,2026-02-13 21:43:04,Credit Card,255.83,Pending,
6567,6567,2026-07-12 02:11:35,Bank Transfer,1151.09,Completed,TXN-6567-6567
6568,6568,2024-06-22 21:25:06,Cash on Delivery,2395.43,Completed,TXN-6568-6568
6569,6569,2026-08-18 12:30:32,Debit Card,3049.02,Completed,TXN-6569-6569
6570,6570,2024-11-08 13:34:46,Bank Transfer,80.74,Completed,TXN-6570-6570
6571,6571,2026-08-03 23:38:09,Credit Card,4407.48,Completed,TXN-6571-6571
6572,6572,2025-01-16 10:31:47,Debit Card,511.66,Pending,
6573,6573,2024-12-20 21:52:46,Credit Card,3393.98,Completed,TXN-6573-6573
6574,6574,2025-02-01 07:50:25,Debit Card,195.86,Completed,TXN-6574-6574
6575,6575,2025-11-09 19:36:53,Cash on Delivery,3728.62,Pending,
6576,6576,2025-10-11 08:28:28,PayPal,4287.35,Pending,
6577,6577,2026-08-09 03:42:43,Credit Card,2778.54,Completed,TXN-6577-6577
6578,6578,2024-05-17 23:37:52,PayPal,1054.34,Completed,TXN-6578-6578
6579,6579,2025-12-12 06:17:49,Bank Transfer,3395.59,Completed,TXN-6579-6579
6580,6580,2026-08-21 08:03:25,Cash on Delivery,1799.64,Completed,TXN-6580-6580
6581,6581,2026-01-25 01:34:03,Cash on Delivery,1548.46,Refunded,TXN-6581-6581
6582,6582,2025-07-03 15:48:10,PayPal,532.42,Failed,
6583,6583,2026-04-05 06:38:07,Cash on Delivery,3498.57,Refunded,TXN-6583-6583
6584,6584,2026-08-27 18:27:16,Debit Card,1850.18,Pending,
6585,6585,2026-02-19 04:25:41,Bank Transfer,2692.66,Refunded,TXN-6585-6585
6586,6586,2026-08-22 02:55:16,Cash on Delivery,1621.24,Completed,TXN-6586-6586
6587,6587,2026-05-14 14:51:43,Debit Card,1590.76,Completed,TXN-6587-6587
6588,6588,2026-04-27 23:19:33,Credit Card,1841.66,Completed,TXN-6588-6588
6589,6589,2026-08-30 16:18:13,Debit Card,374.03,Completed,TXN-6589-6589
6590,6590,2025-05-21 15:23:36,Credit Card,953.4,Completed,TXN-6590-6590
6591,6591,2026-02-02 19:51:03,Credit Card,1497.27,Completed,TXN-6591-6591
6592,6592,2025-12-21 14:23:54,Credit Card,1433.89,Completed,TXN-6592-6592
6593,6593,2026-03-05 05:40:33,Debit Card,287.02,Pending,
6594,6594,2024-11-06 06:41:12,Credit Card,148.38,Completed,TXN-6594-6594
6595,6595,2026-03-07 10:16:03,Bank Transfer,1788.88,Pending,
6596,6596,2026-07-28 02:27:32,Cash on Delivery,574.6,Completed,TXN-6596-6596
6597,6597,2026-07-06 17:40:18,Debit Card,1600.47,Completed,TXN-6597-6597
6598,6598,2025-06-30 13:10:34,PayPal,1606.97,Completed,TXN-6598-6598
6599,6599,2024-08-07 21:58:58,Credit Card,3309.87,Completed,TXN-6599-6599
6600,6600,2026-08-23 09:05:42,Debit Card,5529.62,Completed,TXN-6600-6600
6601,6601,2026-03-11 19:54:33,Bank Transfer,187.56,Completed,TXN-6601-6601
6602,6602,2025-12-20 05:59:08,Credit Card,542.39,Completed,TXN-6602-6602
6603,6603,2026-06-25 13:42:29,Bank Transfer,469.1,Completed,TXN-6603-6603
6604,6604,2025-02-08 07:47:45,Bank Transfer,92.58,Completed,TXN-6604-6604
6605,6605,2026-07-13 00:15:56,Credit Card,682.88,Completed,TXN-6605-6605
6606,6606,2024-05-07 07:13:04,PayPal,1527.7,Completed,TXN-6606-6606
6607,6607,2026-07-26 21:15:51,Bank Transfer,1447.11,Completed,TXN-6607-6607
6608,6608,2024-10-22 01:20:05,PayPal,597.45,Completed,TXN-6608-6608
6609,6609,2025-02-02 21:25:30,Bank Transfer,3584.89,Pending,
6610,6610,2026-07-30 00:18:42,Debit Card,462.13,Completed,TXN-6610-6610
6611,6611,2026-04-28 14:56:21,Debit Card,4739.6,Pending,
6612,6612,2026-04-29 23:26:10,Bank Transfer,4122.6,Completed,TXN-6612-6612
6613,6613,2025-08-20 15:52:52,Debit Card,3366.1,Completed,TXN-6613-6613
6614,6614,2025-05-26 08:50:30,PayPal,3042.58,Completed,TXN-6614-6614
6615,6615,2026-04-27 14:24:49,Cash on Delivery,1142.38,Completed,TXN-6615-6615
6616,6616,2025-06-22 19:48:01,Cash on Delivery,1798.12,Completed,TXN-6616-6616
6617,6617,2026-07-20 16:29:41,Cash on Delivery,339.73,Completed,TXN-6617-6617
6618,6618,2026-08-07 21:47:56,PayPal,994.18,Completed,TXN-6618-6618
6619,6619,2025-01-11 12:26:13,Credit Card,2644.42,Completed,TXN-6619-6619
6620,6620,2024-05-22 08:16:12,Bank Transfer,1311.76,Completed,TXN-6620-6620
6621,6621,2025-01-09 17:51:46,PayPal,1156.82,Completed,TXN-6621-6621
6622,6622,2024-05-12 21:57:00,Cash on Delivery,927.22,Completed,TXN-6622-6622
6623,6623,2025-10-23 01:49:43,Cash on Delivery,1194.99,Pending,
6624,6624,2026-08-07 05:38:31,Bank Transfer,570.47,Pending,
6625,6625,2024-05-31 02:45:32,PayPal,651.99,Completed,TXN-6625-6625
6626,6626,2025-05-11 02:49:48,Debit Card,3018.66,Completed,TXN-6626-6626
6627,6627,2026-08-09 21:04:20,PayPal,1771.97,Completed,TXN-6627-6627
6628,6628,2025-09-16 11:05:47,Credit Card,2178.0,Completed,TXN-6628-6628
6629,6629,2026-04-28 22:51:46,Credit Card,976.3,Completed,TXN-6629-6629
6630,6630,2026-04-23 15:12:14,Cash on Delivery,1367.47,Completed,TXN-6630-6630
6631,6631,2026-04-23 01:02:21,Debit Card,3603.82,Completed,TXN-6631-6631
6632,6632,2026-06-02 17:39:31,Cash on Delivery,837.23,Completed,TXN-6632-6632
6633,6633,2024-09-16 11:36:37,PayPal,6923.28,Completed,TXN-6633-6633
6634,6634,2025-12-02 22:27:39,Credit Card,1816.09,Completed,TXN-6634-6634
6635,6635,2026-05-29 21:37:33,Credit Card,930.7,Completed,TXN-6635-6635
6636,6636,2025-05-18 03:50:22,Bank Transfer,844.17,Completed,TXN-6636-6636
6637,6637,2026-08-25 01:42:27,Credit Card,4191.74,Pending,
6638,6638,2026-03-07 03:17:00,Cash on Delivery,1017.33,Completed,TXN-6638-6638
6639,6639,2025-04-30 16:16:49,Credit Card,2775.94,Completed,TXN-6639-6639
6640,6640,2026-05-25 13:55:57,Bank Transfer,2070.41,Refunded,TXN-6640-6640
6641,6641,2026-08-09 00:08:41,PayPal,457.79,Pending,
6642,6642,2024-08-14 11:07:54,Debit Card,741.88,Completed,TXN-6642-6642
6643,6643,2026-03-02 13:45:22,PayPal,3254.38,Completed,TXN-6643-6643
6644,6644,2025-10-31 12:02:34,Cash on Delivery,2573.03,Failed,
6645,6645,2026-03-04 07:47:30,Credit Card,818.1,Completed,TXN-6645-6645
6646,6646,2026-08-29 10:25:31,Debit Card,1263.24,Completed,TXN-6646-6646
6647,6647,2025-04-16 07:31:06,Credit Card,1010.18,Completed,TXN-6647-6647
6648,6648,2026-05-26 12:40:18,PayPal,3193.11,Completed,TXN-6648-6648
6649,6649,2026-05-19 15:33:35,Cash on Delivery,1954.35,Completed,TXN-6649-6649
6650,6650,2024-11-13 17:47:27,PayPal,72.27,Completed,TXN-6650-6650
6651,6651,2026-05-01 23:19:54,Bank Transfer,588.66,Completed,TXN-6651-6651
6652,6652,2026-07-06 20:08:25,PayPal,255.83,Completed,TXN-6652-6652
6653,6653,2025-02-17 15:15:24,PayPal,1963.3,Completed,TXN-6653-6653
6654,6654,2026-05-09 14:21:23,Debit Card,413.67,Completed,TXN-6654-6654
6655,6655,2026-08-03 04:59:28,PayPal,1605.9,Completed,TXN-6655-6655
6656,6656,2025-03-12 13:18:57,Bank Transfer,2639.02,Pending,
6657,6657,2026-08-13 04:14:33,PayPal,473.08,Completed,TXN-6657-6657
6658,6658,2025-07-25 12:17:54,Credit Card,447.0,Completed,TXN-6658-6658
6659,6659,2025-08-22 16:40:45,Cash on Delivery,1638.99,Pending,
6660,6660,2026-06-12 22:19:08,Bank Transfer,202.6,Pending,
6661,6661,2026-05-17 08:05:46,Credit Card,3246.78,Completed,TXN-6661-6661
6662,6662,2025-11-23 09:30:56,Cash on Delivery,255.83,Completed,TXN-6662-6662
6663,6663,2026-01-23 14:11:04,Bank Transfer,1314.22,Completed,TXN-6663-6663
6664,6664,2025-12-20 04:23:42,Bank Transfer,217.62,Pending,
6665,6665,2026-04-06 02:02:27,Debit Card,2586.49,Completed,TXN-6665-6665
6666,6666,2026-06-19 20:34:54,Credit Card,3525.83,Completed,TXN-6666-6666
6667,6667,2026-05-27 00:08:42,Bank Transfer,1186.08,Refunded,TXN-6667-6667
6668,6668,2025-01-18 13:22:42,Credit Card,5798.2,Completed,TXN-6668-6668
6669,6669,2025-12-27 15:18:00,Debit Card,2195.58,Completed,TXN-6669-6669
6670,6670,2026-02-24 22:17:21,Bank Transfer,2768.91,Completed,TXN-6670-6670
6671,6671,2026-08-11 21:11:45,Bank Transfer,1067.75,Completed,TXN-6671-6671
6672,6672,2025-10-10 02:46:19,Cash on Delivery,1445.29,Completed,TXN-6672-6672
6673,6673,2026-07-01 10:19:32,PayPal,4895.85,Completed,TXN-6673-6673
6674,6674,2026-07-11 08:56:47,PayPal,2654.05,Completed,TXN-6674-6674
6675,6675,2025-07-10 09:44:44,Debit Card,1059.76,Completed,TXN-6675-6675
6676,6676,2026-08-14 22:40:28,Cash on Delivery,891.47,Completed,TXN-6676-6676
6677,6677,2025-01-24 17:37:23,Cash on Delivery,7405.8,Completed,TXN-6677-6677
6678,6678,2025-12-16 06:38:36,Credit Card,1960.57,Completed,TXN-6678-6678
6679,6679,2026-08-31 21:58:40,PayPal,2596.13,Completed,TXN-6679-6679
6680,6680,2024-04-13 19:46:53,Cash on Delivery,972.13,Completed,TXN-6680-6680
6681,6681,2024-09-29 09:39:53,Bank Transfer,3144.23,Completed,TXN-6681-6681
6682,6682,2025-11-12 04:20:18,Credit Card,631.62,Completed,TXN-6682-6682
6683,6683,2026-04-16 04:43:10,Bank Transfer,1467.08,Completed,TXN-6683-6683
6684,6684,2025-11-19 03:16:03,Debit Card,1968.65,Completed,TXN-6684-6684
6685,6685,2026-07-13 13:54:09,Bank Transfer,932.57,Completed,TXN-6685-6685
6686,6686,2026-02-20 17:47:31,Debit Card,4621.2,Completed,TXN-6686-6686
6687,6687,2026-08-24 16:09:36,Bank Transfer,3304.31,Failed,
6688,6688,2025-12-24 18:36:35,Cash on Delivery,406.59,Completed,TXN-6688-6688
6689,6689,2025-04-15 18:33:15,Cash on Delivery,1637.23,Completed,TXN-6689-6689
6690,6690,2025-12-04 07:50:06,Bank Transfer,710.76,Completed,TXN-6690-6690
6691,6691,2026-07-13 13:55:17,Debit Card,251.22,Completed,TXN-6691-6691
6692,6692,2025-01-12 06:35:01,Bank Transfer,2225.06,Failed,
6693,6693,2026-06-23 12:31:44,Debit Card,4808.4,Completed,TXN-6693-6693
6694,6694,2026-08-28 11:09:48,Cash on Delivery,633.08,Completed,TXN-6694-6694
6695,6695,2025-07-23 15:00:25,PayPal,2300.86,Completed,TXN-6695-6695
6696,6696,2024-09-03 05:04:16,PayPal,217.62,Completed,TXN-6696-6696
6697,6697,2026-03-13 21:58:13,Cash on Delivery,3995.56,Completed,TXN-6697-6697
6698,6698,2025-05-11 09:40:17,Bank Transfer,2268.02,Failed,
6699,6699,2026-08-01 08:46:03,Debit Card,2464.15,Completed,TXN-6699-6699
6700,6700,2025-07-18 03:49:44,Bank Transfer,823.33,Completed,TXN-6700-6700
6701,6701,2025-12-21 00:17:21,Credit Card,688.74,Completed,TXN-6701-6701
6702,6702,2026-02-02 21:14:03,Credit Card,502.12,Completed,TXN-6702-6702
6703,6703,2024-06-07 04:36:34,PayPal,1547.0,Refunded,TXN-6703-6703
6704,6704,2026-02-18 21:32:58,Bank Transfer,3451.14,Completed,TXN-6704-6704
6705,6705,2025-07-14 19:38:17,PayPal,3337.44,Completed,TXN-6705-6705
6706,6706,2024-05-24 14:52:37,Cash on Delivery,2867.86,Completed,TXN-6706-6706
6707,6707,2026-04-19 21:27:05,Credit Card,1213.49,Completed,TXN-6707-6707
6708,6708,2024-06-21 05:11:29,PayPal,1202.51,Completed,TXN-6708-6708
6709,6709,2026-05-28 20:02:00,Cash on Delivery,738.86,Completed,TXN-6709-6709
6710,6710,2025-07-23 20:11:44,Cash on Delivery,7416.35,Completed,TXN-6710-6710
6711,6711,2026-03-13 08:24:38,Debit Card,2918.51,Completed,TXN-6711-6711
6712,6712,2025-03-15 22:38:21,Credit Card,1014.58,Completed,TXN-6712-6712
6713,6713,2026-06-30 20:40:37,Credit Card,224.71,Completed,TXN-6713-6713
6714,6714,2025-11-08 09:51:11,Credit Card,3505.16,Completed,TXN-6714-6714
6715,6715,2026-04-17 13:01:59,Debit Card,1009.54,Completed,TXN-6715-6715
6716,6716,2024-01-13 03:21:45,Cash on Delivery,1092.61,Completed,TXN-6716-6716
6717,6717,2026-05-11 00:36:28,Credit Card,861.31,Completed,TXN-6717-6717
6718,6718,2026-08-11 08:22:33,Cash on Delivery,7274.82,Completed,TXN-6718-6718
6719,6719,2026-05-08 14:32:30,Credit Card,1212.65,Completed,TXN-6719-6719
6720,6720,2025-04-10 12:20:55,PayPal,1742.04,Completed,TXN-6720-6720
6721,6721,2024-08-09 16:10:23,PayPal,1520.28,Failed,
6722,6722,2025-09-25 23:55:13,PayPal,2790.75,Completed,TXN-6722-6722
6723,6723,2026-06-03 00:14:31,Debit Card,3456.0,Completed,TXN-6723-6723
6724,6724,2025-09-03 02:40:40,Bank Transfer,2094.42,Completed,TXN-6724-6724
6725,6725,2024-09-24 18:06:54,Credit Card,2161.39,Completed,TXN-6725-6725
6726,6726,2026-02-05 06:20:39,Debit Card,1160.34,Completed,TXN-6726-6726
6727,6727,2026-07-20 08:29:28,Bank Transfer,2102.57,Completed,TXN-6727-6727
6728,6728,2025-05-16 12:17:28,Bank Transfer,913.65,Completed,TXN-6728-6728
6729,6729,2026-07-26 10:30:27,Credit Card,743.94,Completed,TXN-6729-6729
6730,6730,2025-08-20 22:29:10,Credit Card,3653.67,Completed,TXN-6730-6730
6731,6731,2025-03-23 12:43:46,PayPal,5830.2,Completed,TXN-6731-6731
6732,6732,2025-11-22 01:28:06,Debit Card,2400.91,Completed,TXN-6732-6732
6733,6733,2026-04-07 11:53:58,Debit Card,2823.76,Refunded,TXN-6733-6733
6734,6734,2026-05-11 07:15:34,PayPal,989.58,Completed,TXN-6734-6734
6735,6735,2026-05-18 00:32:55,Bank Transfer,1922.55,Failed,
6736,6736,2026-07-05 14:44:11,Credit Card,176.54,Pending,
6737,6737,2026-04-02 18:46:37,Credit Card,4248.75,Completed,TXN-6737-6737
6738,6738,2026-07-24 16:32:53,Cash on Delivery,173.9,Refunded,TXN-6738-6738
6739,6739,2026-07-08 21:19:20,Credit Card,2547.16,Pending,
6740,6740,2026-05-18 10:00:24,PayPal,2353.47,Completed,TXN-6740-6740
6741,6741,2026-01-06 21:46:09,PayPal,1791.63,Completed,TXN-6741-6741
6742,6742,2024-04-24 23:07:46,Credit Card,979.78,Completed,TXN-6742-6742
6743,6743,2024-06-12 15:05:09,Credit Card,1635.76,Completed,TXN-6743-6743
6744,6744,2023-12-20 20:23:00,Debit Card,2787.23,Refunded,TXN-6744-6744
6745,6745,2025-09-14 13:46:58,PayPal,3219.81,Completed,TXN-6745-6745
6746,6746,2026-08-21 06:25:35,Bank Transfer,859.16,Completed,TXN-6746-6746
6747,6747,2026-04-30 16:47:04,Cash on Delivery,82.06,Completed,TXN-6747-6747
6748,6748,2026-06-23 10:51:54,Cash on Delivery,2189.98,Completed,TXN-6748-6748
6749,6749,2026-03-09 23:55:28,Debit Card,1615.44,Completed,TXN-6749-6749
6750,6750,2025-04-05 09:31:25,Bank Transfer,1364.71,Refunded,TXN-6750-6750
6751,6751,2026-06-20 08:50:50,Credit Card,435.24,Completed,TXN-6751-6751
6752,6752,2025-08-14 07:48:59,Debit Card,1040.01,Completed,TXN-6752-6752
6753,6753,2026-01-04 03:13:58,Cash on Delivery,613.34,Completed,TXN-6753-6753
6754,6754,2025-10-17 23:16:35,Cash on Delivery,358.48,Completed,TXN-6754-6754
6755,6755,2026-07-21 00:50:17,Cash on Delivery,3917.48,Completed,TXN-6755-6755
6756,6756,2025-09-02 02:42:34,PayPal,633.08,Refunded,TXN-6756-6756
6757,6757,2026-01-14 23:28:12,Credit Card,819.96,Completed,TXN-6757-6757
6758,6758,2025-09-16 06:11:37,PayPal,3101.54,Completed,TXN-6758-6758
6759,6759,2025-05-02 17:44:34,PayPal,4037.08,Completed,TXN-6759-6759
6760,6760,2026-08-31 20:53:47,Debit Card,1454.71,Completed,TXN-6760-6760
6761,6761,2025-10-08 05:23:43,Credit Card,1317.1,Completed,TXN-6761-6761
6762,6762,2024-10-02 02:05:33,Credit Card,1508.08,Completed,TXN-6762-6762
6763,6763,2026-08-30 19:25:40,Bank Transfer,4082.22,Completed,TXN-6763-6763
6764,6764,2026-06-18 12:52:54,PayPal,2033.78,Completed,TXN-6764-6764
6765,6765,2025-07-03 15:40:10,Bank Transfer,1183.0,Completed,TXN-6765-6765
6766,6766,2026-05-20 22:34:08,PayPal,1271.78,Completed,TXN-6766-6766
6767,6767,2025-05-29 19:17:33,Credit Card,111.63,Completed,TXN-6767-6767
6768,6768,2025-11-18 17:09:50,Debit Card,204.87,Completed,TXN-6768-6768
6769,6769,2026-03-15 11:32:15,PayPal,2252.28,Completed,TXN-6769-6769
6770,6770,2026-08-01 22:12:15,Bank Transfer,1092.1,Completed,TXN-6770-6770
6771,6771,2026-03-07 01:58:03,Bank Transfer,769.9,Completed,TXN-6771-6771
6772,6772,2026-05-26 02:56:00,Credit Card,1189.16,Completed,TXN-6772-6772
6773,6773,2025-10-07 09:03:05,Bank Transfer,4200.82,Completed,TXN-6773-6773
6774,6774,2025-09-26 21:18:30,Cash on Delivery,544.36,Refunded,TXN-6774-6774
6775,6775,2026-01-29 20:43:47,Cash on Delivery,8800.19,Completed,TXN-6775-6775
6776,6776,2026-08-12 17:21:12,Debit Card,742.85,Completed,TXN-6776-6776
6777,6777,2025-10-12 11:52:25,Debit Card,561.47,Pending,
6778,6778,2025-10-12 12:48:56,Cash on Delivery,705.77,Completed,TXN-6778-6778
6779,6779,2025-04-23 20:46:01,Credit Card,1505.9,Completed,TXN-6779-6779
6780,6780,2026-08-06 10:31:51,PayPal,1218.33,Refunded,TXN-6780-6780
6781,6781,2025-10-09 23:37:46,Bank Transfer,3555.17,Completed,TXN-6781-6781
6782,6782,2026-04-14 10:31:06,Credit Card,6670.59,Completed,TXN-6782-6782
6783,6783,2026-02-20 09:22:33,Credit Card,3195.8,Completed,TXN-6783-6783
6784,6784,2025-11-21 04:15:18,Bank Transfer,527.69,Completed,TXN-6784-6784
6785,6785,2026-05-25 08:08:48,PayPal,1284.78,Completed,TXN-6785-6785
6786,6786,2026-08-24 03:51:30,Debit Card,736.2,Completed,TXN-6786-6786
6787,6787,2026-01-17 20:50:00,Bank Transfer,2070.35,Completed,TXN-6787-6787
6788,6788,2026-01-28 12:51:11,Credit Card,270.49,Completed,TXN-6788-6788
6789,6789,2025-06-06 02:58:11,Credit Card,227.28,Completed,TXN-6789-6789
6790,6790,2026-07-14 09:19:23,PayPal,2893.12,Completed,TXN-6790-6790
6791,6791,2024-11-25 10:17:34,Bank Transfer,2420.65,Completed,TXN-6791-6791
6792,6792,2026-06-21 11:47:11,Credit Card,3595.84,Completed,TXN-6792-6792
6793,6793,2026-08-25 01:46:37,Bank Transfer,662.55,Completed,TXN-6793-6793
6794,6794,2025-01-30 01:02:15,PayPal,232.35,Completed,TXN-6794-6794
6795,6795,2026-07-25 06:21:53,Debit Card,2532.38,Completed,TXN-6795-6795
6796,6796,2026-04-19 04:29:42,Cash on Delivery,658.15,Completed,TXN-6796-6796
6797,6797,2025-07-18 07:51:04,Bank Transfer,4112.74,Pending,
6798,6798,2025-01-15 19:01:06,Credit Card,1170.54,Completed,TXN-6798-6798
6799,6799,2026-07-18 04:14:47,Debit Card,1517.1,Completed,TXN-6799-6799
6800,6800,2025-02-07 03:57:29,Debit Card,1191.4,Pending,
6801,6801,2025-10-03 23:13:02,Bank Transfer,2130.45,Completed,TXN-6801-6801
6802,6802,2026-05-16 16:52:30,Credit Card,1684.75,Completed,TXN-6802-6802
6803,6803,2025-05-25 12:41:06,Debit Card,2864.76,Completed,TXN-6803-6803
6804,6804,2025-06-27 06:54:32,Credit Card,2864.79,Completed,TXN-6804-6804
6805,6805,2025-07-16 20:14:31,Credit Card,2456.69,Failed,
6806,6806,2026-06-10 13:09:21,Cash on Delivery,625.5,Pending,
6807,6807,2026-05-18 04:45:13,Bank Transfer,2544.22,Completed,TXN-6807-6807
6808,6808,2024-03-13 15:13:07,Bank Transfer,1132.85,Completed,TXN-6808-6808
6809,6809,2025-04-30 19:22:14,PayPal,935.97,Completed,TXN-6809-6809
6810,6810,2026-06-04 09:49:38,Credit Card,3452.87,Completed,TXN-6810-6810
6811,6811,2025-11-05 12:52:18,Credit Card,2211.08,Completed,TXN-6811-6811
6812,6812,2026-03-28 16:42:13,Bank Transfer,564.13,Completed,TXN-6812-6812
6813,6813,2025-09-16 15:32:52,Credit Card,4362.34,Completed,TXN-6813-6813
6814,6814,2025-11-19 14:09:47,Debit Card,508.1,Failed,
6815,6815,2026-08-03 10:05:19,Cash on Delivery,4887.64,Completed,TXN-6815-6815
6816,6816,2026-08-04 11:30:11,Cash on Delivery,1482.21,Completed,TXN-6816-6816
6817,6817,2026-06-23 15:41:18,Bank Transfer,1565.77,Completed,TXN-6817-6817
6818,6818,2025-05-13 13:10:22,Debit Card,742.24,Completed,TXN-6818-6818
6819,6819,2026-05-26 11:04:44,Cash on Delivery,452.95,Completed,TXN-6819-6819
6820,6820,2025-01-25 04:06:30,Credit Card,3184.28,Completed,TXN-6820-6820
6821,6821,2025-11-25 03:35:41,Bank Transfer,6178.25,Completed,TXN-6821-6821
6822,6822,2026-05-16 06:18:57,Debit Card,1988.36,Completed,TXN-6822-6822
6823,6823,2026-07-20 12:24:45,PayPal,2595.99,Pending,
6824,6824,2026-01-21 17:22:24,Debit Card,583.61,Completed,TXN-6824-6824
6825,6825,2026-08-01 11:41:06,Cash on Delivery,192.47,Completed,TXN-6825-6825
6826,6826,2026-07-17 08:11:11,PayPal,1722.39,Completed,TXN-6826-6826
6827,6827,2026-07-12 11:01:33,Bank Transfer,558.66,Completed,TXN-6827-6827
6828,6828,2025-12-23 03:07:29,Debit Card,578.77,Completed,TXN-6828-6828
6829,6829,2026-08-04 09:51:18,Bank Transfer,2694.14,Completed,TXN-6829-6829
6830,6830,2024-06-01 05:29:08,PayPal,1072.26,Completed,TXN-6830-6830
6831,6831,2026-07-30 13:44:39,Bank Transfer,1987.65,Pending,
6832,6832,2024-04-19 00:08:53,Debit Card,348.28,Refunded,TXN-6832-6832
6833,6833,2026-02-23 12:48:18,Credit Card,3661.39,Completed,TXN-6833-6833
6834,6834,2025-07-25 14:08:16,Debit Card,5002.01,Completed,TXN-6834-6834
6835,6835,2026-05-25 06:35:00,Cash on Delivery,459.02,Completed,TXN-6835-6835
6836,6836,2025-06-27 15:49:48,Bank Transfer,1951.35,Failed,
6837,6837,2026-03-30 20:53:35,Credit Card,304.75,Pending,
6838,6838,2026-04-04 01:52:46,Credit Card,992.14,Completed,TXN-6838-6838
6839,6839,2026-02-27 14:05:11,PayPal,1451.45,Completed,TXN-6839-6839
6840,6840,2026-01-31 06:38:06,Cash on Delivery,2092.44,Completed,TXN-6840-6840
6841,6841,2026-03-17 04:54:59,Credit Card,798.22,Completed,TXN-6841-6841
6842,6842,2026-07-11 00:52:03,Debit Card,1152.89,Completed,TXN-6842-6842
6843,6843,2025-08-02 02:09:56,Credit Card,502.12,Completed,TXN-6843-6843
6844,6844,2026-08-25 23:58:03,Debit Card,1966.9,Completed,TXN-6844-6844
6845,6845,2025-01-29 00:02:58,Cash on Delivery,2190.14,Completed,TXN-6845-6845
6846,6846,2025-04-09 21:38:04,Credit Card,212.89,Completed,TXN-6846-6846
6847,6847,2026-08-11 09:04:51,Debit Card,1001.58,Completed,TXN-6847-6847
6848,6848,2026-01-22 03:42:55,Bank Transfer,1950.08,Completed,TXN-6848-6848
6849,6849,2025-08-02 07:55:31,Credit Card,3657.91,Completed,TXN-6849-6849
6850,6850,2026-08-14 09:18:52,Debit Card,313.1,Completed,TXN-6850-6850
6851,6851,2025-09-11 21:28:15,Debit Card,2801.43,Completed,TXN-6851-6851
6852,6852,2025-09-16 20:55:41,Debit Card,1105.6,Completed,TXN-6852-6852
6853,6853,2024-07-20 01:21:24,Debit Card,994.18,Completed,TXN-6853-6853
6854,6854,2025-05-12 22:17:23,Credit Card,2104.37,Completed,TXN-6854-6854
6855,6855,2026-07-26 13:57:32,Debit Card,1440.31,Completed,TXN-6855-6855
6856,6856,2025-08-28 19:02:50,Cash on Delivery,1013.0,Completed,TXN-6856-6856
6857,6857,2026-08-14 04:26:00,Bank Transfer,164.1,Completed,TXN-6857-6857
6858,6858,2026-04-24 12:12:38,Cash on Delivery,370.94,Completed,TXN-6858-6858
6859,6859,2026-08-23 06:00:37,Credit Card,4857.58,Completed,TXN-6859-6859
6860,6860,2025-02-23 04:25:35,Cash on Delivery,4021.75,Completed,TXN-6860-6860
6861,6861,2026-01-19 04:46:03,Cash on Delivery,3542.4,Failed,
6862,6862,2026-03-22 09:20:50,Bank Transfer,2085.96,Pending,
6863,6863,2025-02-18 08:43:34,Cash on Delivery,2899.27,Completed,TXN-6863-6863
6864,6864,2025-07-16 19:55:33,PayPal,641.58,Completed,TXN-6864-6864
6865,6865,2026-08-15 23:12:21,Credit Card,2197.97,Pending,
6866,6866,2026-01-25 22:26:15,Cash on Delivery,2900.69,Completed,TXN-6866-6866
6867,6867,2025-02-11 20:12:03,Cash on Delivery,236.54,Completed,TXN-6867-6867
6868,6868,2025-04-23 08:51:16,Bank Transfer,4038.08,Completed,TXN-6868-6868
6869,6869,2024-12-29 02:54:27,Bank Transfer,843.09,Completed,TXN-6869-6869
6870,6870,2026-02-05 22:20:43,Cash on Delivery,4822.22,Completed,TXN-6870-6870
6871,6871,2026-08-10 09:56:48,Cash on Delivery,2776.74,Completed,TXN-6871-6871
6872,6872,2025-03-06 10:35:31,Debit Card,2569.09,Completed,TXN-6872-6872
6873,6873,2026-01-02 07:17:22,Credit Card,808.59,Completed,TXN-6873-6873
6874,6874,2026-03-20 20:07:22,Credit Card,1740.41,Completed,TXN-6874-6874
6875,6875,2026-04-22 08:17:42,Credit Card,3158.1,Completed,TXN-6875-6875
6876,6876,2025-01-04 08:49:28,PayPal,1796.38,Completed,TXN-6876-6876
6877,6877,2024-03-14 06:02:39,PayPal,2022.09,Completed,TXN-6877-6877
6878,6878,2026-05-16 07:44:04,Bank Transfer,1082.25,Completed,TXN-6878-6878
6879,6879,2025-05-19 03:53:07,PayPal,74.45,Completed,TXN-6879-6879
6880,6880,2025-03-21 07:42:26,Bank Transfer,1201.85,Completed,TXN-6880-6880
6881,6881,2026-08-06 11:18:20,PayPal,5166.57,Completed,TXN-6881-6881
6882,6882,2025-02-18 20:29:59,PayPal,358.48,Completed,TXN-6882-6882
6883,6883,2026-02-01 09:51:57,Debit Card,1200.99,Completed,TXN-6883-6883
6884,6884,2025-05-05 12:05:55,Bank Transfer,2090.08,Completed,TXN-6884-6884
6885,6885,2026-04-18 12:24:48,Cash on Delivery,2061.79,Completed,TXN-6885-6885
6886,6886,2025-05-08 14:13:58,Bank Transfer,6719.36,Completed,TXN-6886-6886
6887,6887,2025-02-11 01:34:05,Credit Card,181.48,Completed,TXN-6887-6887
6888,6888,2026-05-04 03:31:04,Bank Transfer,72.7,Completed,TXN-6888-6888
6889,6889,2026-03-08 01:38:41,Cash on Delivery,969.93,Completed,TXN-6889-6889
6890,6890,2026-02-05 16:31:11,PayPal,320.79,Completed,TXN-6890-6890
6891,6891,2026-07-03 13:42:38,PayPal,776.2,Completed,TXN-6891-6891
6892,6892,2024-10-12 22:00:06,Cash on Delivery,4375.62,Completed,TXN-6892-6892
6893,6893,2025-11-06 06:49:01,Credit Card,2173.8,Completed,TXN-6893-6893
6894,6894,2026-08-13 07:22:11,Bank Transfer,563.35,Completed,TXN-6894-6894
6895,6895,2025-01-07 04:31:16,Cash on Delivery,4252.21,Completed,TXN-6895-6895
6896,6896,2025-08-03 05:09:18,Debit Card,557.91,Completed,TXN-6896-6896
6897,6897,2026-08-23 17:31:38,Bank Transfer,2464.12,Pending,
6898,6898,2026-07-23 09:09:41,Cash on Delivery,1189.3,Pending,
6899,6899,2026-06-08 18:37:54,Bank Transfer,334.84,Completed,TXN-6899-6899
6900,6900,2025-03-16 17:28:26,Cash on Delivery,2360.82,Completed,TXN-6900-6900
6901,6901,2025-07-13 20:19:15,Cash on Delivery,490.38,Completed,TXN-6901-6901
6902,6902,2025-10-17 22:05:34,Cash on Delivery,409.74,Completed,TXN-6902-6902
6903,6903,2026-08-12 19:53:01,PayPal,3756.09,Completed,TXN-6903-6903
6904,6904,2024-08-09 08:53:08,Credit Card,456.92,Completed,TXN-6904-6904
6905,6905,2026-05-27 20:40:37,Cash on Delivery,1517.52,Completed,TXN-6905-6905
6906,6906,2026-05-18 20:48:59,Cash on Delivery,818.1,Completed,TXN-6906-6906
6907,6907,2025-09-25 17:03:22,Credit Card,4582.11,Completed,TXN-6907-6907
6908,6908,2026-04-04 18:38:38,PayPal,2508.69,Completed,TXN-6908-6908
6909,6909,2026-09-01 21:21:49,Bank Transfer,1382.54,Completed,TXN-6909-6909
6910,6910,2024-11-13 08:59:48,Credit Card,7269.13,Completed,TXN-6910-6910
6911,6911,2025-12-19 10:45:53,Bank Transfer,569.31,Completed,TXN-6911-6911
6912,6912,2025-10-09 16:34:25,Bank Transfer,5609.8,Completed,TXN-6912-6912
6913,6913,2025-11-16 21:27:19,PayPal,6264.39,Completed,TXN-6913-6913
6914,6914,2026-08-12 16:17:08,PayPal,5572.82,Completed,TXN-6914-6914
6915,6915,2026-03-17 22:17:56,Bank Transfer,3831.06,Completed,TXN-6915-6915
6916,6916,2026-08-01 08:38:48,Bank Transfer,1393.61,Completed,TXN-6916-6916
6917,6917,2026-05-05 03:52:08,Cash on Delivery,952.23,Completed,TXN-6917-6917
6918,6918,2026-05-09 17:24:14,Cash on Delivery,544.36,Completed,TXN-6918-6918
6919,6919,2026-07-13 10:15:13,Debit Card,3775.56,Completed,TXN-6919-6919
6920,6920,2026-03-23 06:49:20,Credit Card,362.33,Completed,TXN-6920-6920
6921,6921,2024-12-15 06:49:47,Debit Card,643.08,Completed,TXN-6921-6921
6922,6922,2025-07-01 12:33:24,PayPal,1383.09,Completed,TXN-6922-6922
6923,6923,2024-09-28 18:54:55,Credit Card,1826.75,Completed,TXN-6923-6923
6924,6924,2026-08-26 05:36:21,Bank Transfer,308.65,Completed,TXN-6924-6924
6925,6925,2024-12-03 16:00:14,Credit Card,1425.61,Completed,TXN-6925-6925
6926,6926,2024-12-21 17:14:31,Bank Transfer,671.34,Completed,TXN-6926-6926
6927,6927,2025-06-13 17:26:24,Debit Card,930.25,Completed,TXN-6927-6927
6928,6928,2026-02-18 00:55:07,PayPal,2814.38,Completed,TXN-6928-6928
6929,6929,2026-02-26 21:28:06,Credit Card,2876.06,Completed,TXN-6929-6929
6930,6930,2026-01-19 16:02:21,Cash on Delivery,2235.15,Completed,TXN-6930-6930
6931,6931,2026-07-05 23:16:59,Credit Card,5225.94,Failed,
6932,6932,2025-09-27 18:56:48,PayPal,2983.59,Completed,TXN-6932-6932
6933,6933,2025-01-07 13:47:01,Credit Card,3879.57,Completed,TXN-6933-6933
6934,6934,2025-05-24 18:01:59,Bank Transfer,1711.5,Completed,TXN-6934-6934
6935,6935,2026-06-14 10:11:19,Debit Card,936.96,Completed,TXN-6935-6935
6936,6936,2025-05-04 02:23:04,Cash on Delivery,2613.46,Pending,
6937,6937,2026-07-18 22:36:03,Credit Card,1708.44,Completed,TXN-6937-6937
6938,6938,2026-01-25 05:10:09,Cash on Delivery,1312.11,Refunded,TXN-6938-6938
6939,6939,2026-03-18 16:35:08,PayPal,583.61,Completed,TXN-6939-6939
6940,6940,2026-08-09 22:23:25,Debit Card,2325.23,Completed,TXN-6940-6940
6941,6941,2025-08-26 19:41:18,PayPal,1988.45,Completed,TXN-6941-6941
6942,6942,2026-03-13 17:56:20,Debit Card,973.78,Completed,TXN-6942-6942
6943,6943,2026-08-06 11:33:58,Cash on Delivery,2775.72,Completed,TXN-6943-6943
6944,6944,2025-08-23 10:30:48,Debit Card,2029.53,Completed,TXN-6944-6944
6945,6945,2025-09-02 21:41:08,Debit Card,598.76,Completed,TXN-6945-6945
6946,6946,2025-10-22 21:56:48,Bank Transfer,604.84,Completed,TXN-6946-6946
6947,6947,2025-11-12 21:45:16,Cash on Delivery,1378.01,Completed,TXN-6947-6947
6948,6948,2024-10-29 17:44:16,Debit Card,2091.82,Completed,TXN-6948-6948
6949,6949,2026-07-04 18:05:59,Debit Card,659.17,Failed,
6950,6950,2025-11-15 03:39:07,Debit Card,1890.45,Completed,TXN-6950-6950
6951,6951,2026-02-20 14:59:06,Debit Card,156.51,Failed,
6952,6952,2026-08-23 02:59:49,Cash on Delivery,2734.69,Completed,TXN-6952-6952
6953,6953,2025-11-12 07:23:24,Cash on Delivery,1072.04,Completed,TXN-6953-6953
6954,6954,2025-09-06 10:35:22,Debit Card,3051.0,Completed,TXN-6954-6954
6955,6955,2026-05-02 15:31:53,Debit Card,425.77,Completed,TXN-6955-6955
6956,6956,2025-03-02 01:36:45,Credit Card,900.87,Pending,
6957,6957,2024-10-06 15:27:18,PayPal,2188.87,Completed,TXN-6957-6957
6958,6958,2025-12-11 17:58:26,Credit Card,2268.97,Completed,TXN-6958-6958
6959,6959,2026-07-29 03:00:47,PayPal,3168.43,Completed,TXN-6959-6959
6960,6960,2024-02-23 20:49:55,Debit Card,2430.55,Completed,TXN-6960-6960
6961,6961,2025-06-20 12:08:51,PayPal,1117.82,Completed,TXN-6961-6961
6962,6962,2026-01-28 02:42:12,PayPal,554.43,Completed,TXN-6962-6962
6963,6963,2026-06-30 06:12:46,Debit Card,2296.51,Completed,TXN-6963-6963
6964,6964,2025-07-21 22:56:26,Cash on Delivery,3895.46,Completed,TXN-6964-6964
6965,6965,2026-03-21 13:49:32,Cash on Delivery,367.22,Completed,TXN-6965-6965
6966,6966,2025-12-25 15:39:08,Debit Card,1607.95,Completed,TXN-6966-6966
6967,6967,2026-07-22 22:31:13,Cash on Delivery,4932.26,Refunded,TXN-6967-6967
6968,6968,2025-01-16 05:22:36,PayPal,2425.52,Completed,TXN-6968-6968
6969,6969,2024-09-14 21:24:45,PayPal,1009.52,Completed,TXN-6969-6969
6970,6970,2025-07-28 11:07:12,Cash on Delivery,3838.71,Completed,TXN-6970-6970
6971,6971,2025-10-23 21:42:38,Credit Card,1298.41,Completed,TXN-6971-6971
6972,6972,2025-04-23 03:35:36,Cash on Delivery,1126.82,Completed,TXN-6972-6972
6973,6973,2026-07-16 21:37:39,Debit Card,317.77,Completed,TXN-6973-6973
6974,6974,2026-08-29 01:31:50,Cash on Delivery,907.36,Completed,TXN-6974-6974
6975,6975,2024-09-26 16:08:30,Bank Transfer,658.32,Pending,
6976,6976,2026-06-07 21:04:21,Debit Card,1133.75,Completed,TXN-6976-6976
6977,6977,2025-12-03 23:21:57,Debit Card,1942.59,Completed,TXN-6977-6977
6978,6978,2025-12-20 20:35:34,Bank Transfer,1557.72,Completed,TXN-6978-6978
6979,6979,2026-08-20 02:27:00,Cash on Delivery,2371.24,Completed,TXN-6979-6979
6980,6980,2025-12-11 11:46:39,PayPal,520.37,Completed,TXN-6980-6980
6981,6981,2026-02-28 06:50:36,Credit Card,3031.69,Completed,TXN-6981-6981
6982,6982,2026-05-12 03:58:35,Bank Transfer,473.08,Completed,TXN-6982-6982
6983,6983,2026-02-06 00:15:23,Bank Transfer,800.5,Completed,TXN-6983-6983
6984,6984,2025-09-24 13:39:38,Cash on Delivery,4866.88,Completed,TXN-6984-6984
6985,6985,2026-07-05 20:49:24,Debit Card,1036.5,Completed,TXN-6985-6985
6986,6986,2025-08-26 03:48:27,Debit Card,918.04,Pending,
6987,6987,2026-04-10 08:46:15,Debit Card,916.98,Completed,TXN-6987-6987
6988,6988,2026-08-25 02:23:50,Credit Card,981.65,Pending,
6989,6989,2025-12-04 12:17:38,PayPal,631.62,Completed,TXN-6989-6989
6990,6990,2026-02-08 02:21:36,Bank Transfer,1681.38,Completed,TXN-6990-6990
6991,6991,2026-06-20 12:16:27,PayPal,604.84,Refunded,TXN-6991-6991
6992,6992,2025-04-10 00:22:18,Credit Card,894.03,Completed,TXN-6992-6992
6993,6993,2026-03-30 18:34:14,Debit Card,555.16,Completed,TXN-6993-6993
6994,6994,2026-09-01 01:48:21,Cash on Delivery,3632.89,Completed,TXN-6994-6994
6995,6995,2026-07-05 08:48:36,Cash on Delivery,758.76,Completed,TXN-6995-6995
6996,6996,2026-01-08 03:07:55,PayPal,3086.72,Completed,TXN-6996-6996
6997,6997,2025-04-25 13:08:36,Bank Transfer,1435.87,Completed,TXN-6997-6997
6998,6998,2026-08-17 01:14:39,Cash on Delivery,1535.46,Completed,TXN-6998-6998
6999,6999,2026-05-28 05:19:23,Cash on Delivery,2739.18,Completed,TXN-6999-6999
7000,7000,2026-05-20 22:16:17,Bank Transfer,855.08,Completed,TXN-7000-7000
7001,7001,2026-08-30 01:36:18,Credit Card,1645.45,Completed,TXN-7001-7001
7002,7002,2025-09-15 12:54:21,Cash on Delivery,147.81,Completed,TXN-7002-7002
7003,7003,2026-06-18 20:20:13,Credit Card,2562.66,Completed,TXN-7003-7003
7004,7004,2025-01-02 10:36:50,PayPal,6151.17,Completed,TXN-7004-7004
7005,7005,2025-12-23 22:51:53,Credit Card,5659.7,Completed,TXN-7005-7005
7006,7006,2026-02-05 18:09:19,Debit Card,1101.12,Completed,TXN-7006-7006
7007,7007,2025-10-13 22:57:46,Debit Card,529.62,Completed,TXN-7007-7007
7008,7008,2026-06-12 01:59:23,Cash on Delivery,2927.76,Completed,TXN-7008-7008
7009,7009,2026-04-11 15:27:32,Debit Card,100.03,Completed,TXN-7009-7009
7010,7010,2025-12-14 12:27:51,Bank Transfer,2359.09,Failed,
7011,7011,2025-03-02 15:57:02,Debit Card,2616.65,Completed,TXN-7011-7011
7012,7012,2024-06-08 01:41:11,PayPal,1646.57,Completed,TXN-7012-7012
7013,7013,2026-05-09 02:02:30,Bank Transfer,713.2,Completed,TXN-7013-7013
7014,7014,2024-10-29 17:24:28,Credit Card,837.23,Refunded,TXN-7014-7014
7015,7015,2026-01-27 12:10:49,PayPal,658.15,Completed,TXN-7015-7015
7016,7016,2025-04-22 13:28:21,Debit Card,614.61,Completed,TXN-7016-7016
7017,7017,2026-03-11 07:05:25,Debit Card,538.45,Completed,TXN-7017-7017
7018,7018,2025-09-10 10:47:59,Credit Card,172.84,Completed,TXN-7018-7018
7019,7019,2025-02-17 18:23:38,PayPal,2511.65,Completed,TXN-7019-7019
7020,7020,2025-12-22 18:11:58,PayPal,3599.3,Completed,TXN-7020-7020
7021,7021,2025-09-08 19:56:32,Debit Card,2558.91,Failed,
7022,7022,2025-06-12 02:59:19,Debit Card,1313.52,Completed,TXN-7022-7022
7023,7023,2025-03-26 09:48:49,Bank Transfer,1220.59,Completed,TXN-7023-7023
7024,7024,2025-09-14 08:27:18,Bank Transfer,1410.38,Completed,TXN-7024-7024
7025,7025,2026-03-08 16:18:49,Cash on Delivery,1718.7,Completed,TXN-7025-7025
7026,7026,2026-07-16 10:46:55,Cash on Delivery,3534.12,Failed,
7027,7027,2024-09-10 15:11:48,Debit Card,1076.47,Completed,TXN-7027-7027
7028,7028,2024-12-23 23:52:28,PayPal,4304.21,Completed,TXN-7028-7028
7029,7029,2026-08-07 12:27:37,Cash on Delivery,2158.32,Completed,TXN-7029-7029
7030,7030,2025-11-14 15:24:42,PayPal,62.52,Completed,TXN-7030-7030
7031,7031,2025-04-14 10:23:03,PayPal,2115.62,Completed,TXN-7031-7031
7032,7032,2026-08-07 19:28:07,PayPal,1669.96,Completed,TXN-7032-7032
7033,7033,2025-05-14 11:30:23,Debit Card,2312.62,Pending,
7034,7034,2025-01-27 00:25:52,PayPal,7737.75,Completed,TXN-7034-7034
7035,7035,2026-05-04 21:18:30,PayPal,1415.55,Completed,TXN-7035-7035
7036,7036,2026-03-26 20:08:28,Credit Card,1473.87,Completed,TXN-7036-7036
7037,7037,2025-06-06 08:30:55,Bank Transfer,118.54,Completed,TXN-7037-7037
7038,7038,2026-03-01 19:34:14,PayPal,3187.95,Completed,TXN-7038-7038
7039,7039,2024-04-16 22:09:50,Bank Transfer,2820.99,Completed,TXN-7039-7039
7040,7040,2026-07-01 05:45:32,Credit Card,149.0,Completed,TXN-7040-7040
7041,7041,2024-11-08 17:39:30,Cash on Delivery,3546.54,Completed,TXN-7041-7041
7042,7042,2026-01-27 06:59:54,Cash on Delivery,2646.96,Completed,TXN-7042-7042
7043,7043,2026-05-28 13:32:05,Bank Transfer,2615.75,Pending,
7044,7044,2026-01-13 01:34:33,PayPal,1584.37,Completed,TXN-7044-7044
7045,7045,2026-02-17 10:27:55,PayPal,1662.07,Completed,TXN-7045-7045
7046,7046,2024-04-22 10:14:17,Debit Card,1988.36,Completed,TXN-7046-7046
7047,7047,2026-04-17 03:49:23,Bank Transfer,1791.41,Completed,TXN-7047-7047
7048,7048,2026-02-18 18:15:38,Bank Transfer,246.21,Completed,TXN-7048-7048
7049,7049,2025-09-26 16:46:30,Bank Transfer,2317.86,Completed,TXN-7049-7049
7050,7050,2026-07-06 09:27:36,Cash on Delivery,3648.35,Pending,
7051,7051,2025-01-26 02:55:21,Bank Transfer,7730.9,Completed,TXN-7051-7051
7052,7052,2024-09-05 10:19:35,Cash on Delivery,1240.7,Failed,
7053,7053,2025-07-16 10:37:11,Bank Transfer,2514.65,Completed,TXN-7053-7053
7054,7054,2026-01-17 22:32:16,Debit Card,1923.15,Completed,TXN-7054-7054
7055,7055,2025-02-22 05:43:27,PayPal,459.02,Completed,TXN-7055-7055
7056,7056,2024-09-10 12:24:59,Credit Card,1245.61,Completed,TXN-7056-7056
7057,7057,2026-07-15 08:45:01,PayPal,1432.38,Completed,TXN-7057-7057
7058,7058,2026-02-16 17:22:36,Bank Transfer,1135.35,Completed,TXN-7058-7058
7059,7059,2026-02-07 12:06:33,Debit Card,935.97,Completed,TXN-7059-7059
7060,7060,2026-01-13 02:18:16,Bank Transfer,4868.19,Pending,
7061,7061,2026-04-17 22:45:11,PayPal,2781.71,Completed,TXN-7061-7061
7062,7062,2025-06-02 14:02:50,PayPal,2026.36,Completed,TXN-7062-7062
7063,7063,2026-02-11 02:07:06,Cash on Delivery,227.28,Completed,TXN-7063-7063
7064,7064,2026-01-02 07:49:34,Credit Card,1756.49,Completed,TXN-7064-7064
7065,7065,2026-08-08 16:16:19,Bank Transfer,1923.74,Completed,TXN-7065-7065
7066,7066,2025-10-24 17:51:39,Credit Card,583.61,Completed,TXN-7066-7066
7067,7067,2025-09-24 16:08:12,Debit Card,320.79,Completed,TXN-7067-7067
7068,7068,2025-03-09 13:08:03,Debit Card,1016.34,Failed,
7069,7069,2025-10-22 08:29:02,PayPal,4096.94,Completed,TXN-7069-7069
7070,7070,2026-03-11 22:00:24,Debit Card,449.43,Pending,
7071,7071,2025-12-25 23:02:36,PayPal,3375.39,Completed,TXN-7071-7071
7072,7072,2023-10-27 01:35:57,Bank Transfer,436.07,Completed,TXN-7072-7072
7073,7073,2026-08-21 10:44:38,Cash on Delivery,2205.7,Pending,
7074,7074,2026-06-29 21:52:27,Bank Transfer,994.53,Completed,TXN-7074-7074
7075,7075,2026-03-03 02:29:47,Debit Card,975.78,Completed,TXN-7075-7075
7076,7076,2026-01-21 15:00:02,Credit Card,1365.77,Completed,TXN-7076-7076
7077,7077,2026-07-29 16:26:07,PayPal,2008.05,Completed,TXN-7077-7077
7078,7078,2026-08-12 11:45:27,Cash on Delivery,1987.44,Completed,TXN-7078-7078
7079,7079,2025-07-08 07:30:44,Credit Card,800.5,Failed,
7080,7080,2026-04-28 06:34:24,Credit Card,3903.67,Completed,TXN-7080-7080
7081,7081,2025-12-09 00:03:46,Cash on Delivery,947.92,Completed,TXN-7081-7081
7082,7082,2025-05-09 21:20:01,Cash on Delivery,1611.97,Failed,
7083,7083,2026-08-28 18:45:10,Debit Card,863.89,Failed,
7084,7084,2024-12-28 02:30:35,Debit Card,1104.75,Completed,TXN-7084-7084
7085,7085,2024-04-12 21:54:19,Cash on Delivery,1111.92,Completed,TXN-7085-7085
7086,7086,2026-08-08 13:59:44,Bank Transfer,811.51,Refunded,TXN-7086-7086
7087,7087,2026-01-18 01:45:56,PayPal,2448.12,Completed,TXN-7087-7087
7088,7088,2026-01-30 11:47:47,Bank Transfer,2720.34,Failed,
7089,7089,2024-12-11 21:07:41,Cash on Delivery,1363.88,Completed,TXN-7089-7089
7090,7090,2025-06-03 07:42:57,Cash on Delivery,597.45,Completed,TXN-7090-7090
7091,7091,2026-08-08 01:06:21,PayPal,1397.02,Completed,TXN-7091-7091
7092,7092,2026-06-02 07:35:15,Credit Card,1542.57,Completed,TXN-7092-7092
7093,7093,2025-07-20 06:31:04,Debit Card,1128.26,Completed,TXN-7093-7093
7094,7094,2025-10-14 12:35:07,Debit Card,1431.84,Completed,TXN-7094-7094
7095,7095,2025-12-26 04:59:14,Debit Card,335.43,Pending,
7096,7096,2025-07-02 05:30:21,PayPal,4850.89,Completed,TXN-7096-7096
7097,7097,2024-04-30 18:59:43,Cash on Delivery,1513.76,Completed,TXN-7097-7097
7098,7098,2026-06-09 22:38:26,Cash on Delivery,3235.8,Completed,TXN-7098-7098
7099,7099,2026-07-11 16:50:43,Credit Card,2242.5,Completed,TXN-7099-7099
7100,7100,2026-03-08 19:37:04,Credit Card,847.54,Completed,TXN-7100-7100
7101,7101,2026-01-12 19:45:25,Credit Card,1565.08,Completed,TXN-7101-7101
7102,7102,2024-04-13 10:34:50,PayPal,2477.46,Completed,TXN-7102-7102
7103,7103,2026-05-07 23:14:36,Bank Transfer,4625.93,Completed,TXN-7103-7103
7104,7104,2025-02-25 07:27:48,Cash on Delivery,2679.0,Pending,
7105,7105,2026-07-05 04:47:36,Credit Card,1812.84,Completed,TXN-7105-7105
7106,7106,2026-07-11 12:44:17,Cash on Delivery,1401.84,Completed,TXN-7106-7106
7107,7107,2024-02-08 21:31:17,PayPal,2511.87,Completed,TXN-7107-7107
7108,7108,2025-02-28 08:58:19,PayPal,5620.99,Completed,TXN-7108-7108
7109,7109,2026-08-03 01:50:04,PayPal,1771.8,Completed,TXN-7109-7109
7110,7110,2025-11-18 23:09:26,Credit Card,742.29,Completed,TXN-7110-7110
7111,7111,2026-04-21 02:56:27,Debit Card,3374.05,Completed,TXN-7111-7111
7112,7112,2026-08-24 23:31:37,PayPal,849.72,Completed,TXN-7112-7112
7113,7113,2026-02-23 04:38:49,Debit Card,4180.55,Completed,TXN-7113-7113
7114,7114,2025-01-15 21:08:17,Cash on Delivery,2185.38,Completed,TXN-7114-7114
7115,7115,2025-12-28 10:25:56,Bank Transfer,2308.91,Completed,TXN-7115-7115
7116,7116,2024-12-01 10:48:19,Debit Card,2233.93,Completed,TXN-7116-7116
7117,7117,2026-06-29 22:01:01,PayPal,43.21,Completed,TXN-7117-7117
7118,7118,2024-11-22 03:27:29,Bank Transfer,1211.95,Completed,TXN-7118-7118
7119,7119,2026-08-07 00:20:47,Cash on Delivery,658.15,Completed,TXN-7119-7119
7120,7120,2026-07-14 14:24:31,Credit Card,3248.89,Completed,TXN-7120-7120
7121,7121,2026-08-18 14:23:24,PayPal,521.49,Completed,TXN-7121-7121
7122,7122,2025-06-15 19:53:23,Credit Card,1563.36,Completed,TXN-7122-7122
7123,7123,2026-05-08 18:51:49,Debit Card,768.8,Completed,TXN-7123-7123
7124,7124,2026-06-25 04:34:11,Bank Transfer,211.52,Completed,TXN-7124-7124
7125,7125,2026-08-31 19:43:09,Debit Card,120.68,Pending,
7126,7126,2026-05-22 04:59:16,Credit Card,542.39,Completed,TXN-7126-7126
7127,7127,2026-08-20 19:29:47,Bank Transfer,4901.48,Completed,TXN-7127-7127
7128,7128,2026-05-20 00:43:18,Debit Card,1736.32,Completed,TXN-7128-7128
7129,7129,2026-07-11 16:49:01,Bank Transfer,804.36,Completed,TXN-7129-7129
7130,7130,2026-07-30 02:30:31,Bank Transfer,1821.02,Completed,TXN-7130-7130
7131,7131,2026-02-23 11:46:10,PayPal,1055.24,Failed,
7132,7132,2026-08-08 15:00:17,Debit Card,822.45,Completed,TXN-7132-7132
7133,7133,2026-07-31 01:57:08,Cash on Delivery,3258.06,Completed,TXN-7133-7133
7134,7134,2026-04-19 20:45:12,Bank Transfer,358.48,Completed,TXN-7134-7134
7135,7135,2024-07-05 01:24:16,Debit Card,4258.05,Completed,TXN-7135-7135
7136,7136,2024-12-31 11:42:52,Debit Card,3930.86,Completed,TXN-7136-7136
7137,7137,2026-04-06 02:17:58,Cash on Delivery,522.8,Completed,TXN-7137-7137
7138,7138,2024-03-31 19:17:29,Cash on Delivery,2535.93,Completed,TXN-7138-7138
7139,7139,2026-05-27 21:02:45,Cash on Delivery,4859.22,Completed,TXN-7139-7139
7140,7140,2025-05-06 01:24:23,Credit Card,134.1,Completed,TXN-7140-7140
7141,7141,2026-06-06 14:18:22,Cash on Delivery,3245.97,Completed,TXN-7141-7141
7142,7142,2024-11-05 20:27:01,Credit Card,935.97,Completed,TXN-7142-7142
7143,7143,2026-07-20 21:12:56,PayPal,1580.71,Refunded,TXN-7143-7143
7144,7144,2025-11-24 20:55:21,PayPal,436.59,Completed,TXN-7144-7144
7145,7145,2025-06-13 19:47:47,Cash on Delivery,2566.21,Refunded,TXN-7145-7145
7146,7146,2025-07-04 22:20:57,Cash on Delivery,4956.4,Completed,TXN-7146-7146
7147,7147,2026-05-29 09:19:32,Credit Card,6492.75,Failed,
7148,7148,2025-11-10 17:43:30,PayPal,65.43,Completed,TXN-7148-7148
7149,7149,2026-06-28 06:49:13,Bank Transfer,3532.37,Completed,TXN-7149-7149
7150,7150,2025-01-27 14:51:30,PayPal,152.57,Completed,TXN-7150-7150
7151,7151,2024-05-09 13:14:40,Credit Card,2149.14,Failed,
7152,7152,2025-12-23 01:37:17,Cash on Delivery,34.19,Pending,
7153,7153,2025-10-14 02:14:37,Bank Transfer,185.47,Completed,TXN-7153-7153
7154,7154,2026-02-13 05:31:02,Bank Transfer,1106.61,Completed,TXN-7154-7154
7155,7155,2026-04-02 21:07:06,Debit Card,4455.59,Completed,TXN-7155-7155
7156,7156,2026-05-07 04:04:39,Cash on Delivery,786.15,Completed,TXN-7156-7156
7157,7157,2025-02-18 06:06:55,Credit Card,2389.13,Pending,
7158,7158,2025-12-31 12:26:30,Bank Transfer,1877.72,Completed,TXN-7158-7158
7159,7159,2025-10-25 20:37:13,Debit Card,2416.56,Completed,TXN-7159-7159
7160,7160,2026-07-05 01:48:51,PayPal,869.62,Completed,TXN-7160-7160
7161,7161,2026-01-23 07:56:44,PayPal,1251.93,Pending,
7162,7162,2024-02-08 18:53:22,Bank Transfer,3542.14,Completed,TXN-7162-7162
7163,7163,2025-09-03 11:36:34,Credit Card,3392.05,Completed,TXN-7163-7163
7164,7164,2024-08-25 17:18:14,Cash on Delivery,1263.24,Completed,TXN-7164-7164
7165,7165,2026-04-16 22:03:51,Bank Transfer,2289.32,Completed,TXN-7165-7165
7166,7166,2025-10-30 21:15:19,Debit Card,858.12,Completed,TXN-7166-7166
7167,7167,2026-08-28 10:14:35,Debit Card,4376.89,Completed,TXN-7167-7167
7168,7168,2026-02-11 17:46:52,PayPal,1743.01,Completed,TXN-7168-7168
7169,7169,2026-04-25 23:18:27,PayPal,2031.33,Pending,
7170,7170,2026-06-11 14:09:17,Cash on Delivery,577.41,Completed,TXN-7170-7170
7171,7171,2026-08-16 13:53:27,Bank Transfer,3739.62,Completed,TXN-7171-7171
7172,7172,2026-08-14 09:31:43,Credit Card,769.71,Completed,TXN-7172-7172
7173,7173,2026-09-01 15:21:46,Debit Card,1914.79,Completed,TXN-7173-7173
7174,7174,2026-02-20 02:34:57,Debit Card,1901.99,Completed,TXN-7174-7174
7175,7175,2025-03-11 23:57:55,Cash on Delivery,2311.32,Pending,
7176,7176,2024-07-14 23:11:24,Cash on Delivery,2085.83,Completed,TXN-7176-7176
7177,7177,2026-08-25 01:07:57,Bank Transfer,1718.04,Failed,
7178,7178,2026-07-31 00:21:43,Bank Transfer,584.38,Completed,TXN-7178-7178
7179,7179,2025-08-10 17:10:07,PayPal,587.42,Completed,TXN-7179-7179
7180,7180,2025-11-14 22:30:14,Bank Transfer,2131.51,Completed,TXN-7180-7180
7181,7181,2026-03-21 08:44:09,Cash on Delivery,1548.94,Completed,TXN-7181-7181
7182,7182,2025-09-09 10:49:19,Cash on Delivery,1627.38,Completed,TXN-7182-7182
7183,7183,2025-05-06 21:21:01,Cash on Delivery,2733.94,Completed,TXN-7183-7183
7184,7184,2026-05-06 10:59:34,Debit Card,5283.22,Completed,TXN-7184-7184
7185,7185,2026-05-05 08:02:51,Debit Card,2322.69,Completed,TXN-7185-7185
7186,7186,2026-07-17 00:04:43,Bank Transfer,1692.91,Completed,TXN-7186-7186
7187,7187,2025-09-26 21:42:08,Cash on Delivery,1008.43,Completed,TXN-7187-7187
7188,7188,2026-01-16 04:55:55,Bank Transfer,224.71,Completed,TXN-7188-7188
7189,7189,2024-11-25 10:57:16,Debit Card,138.13,Completed,TXN-7189-7189
7190,7190,2026-07-09 07:29:09,PayPal,2320.68,Completed,TXN-7190-7190
7191,7191,2026-07-24 04:27:35,Debit Card,3912.6,Failed,
7192,7192,2024-05-19 08:07:08,Debit Card,62.52,Completed,TXN-7192-7192
7193,7193,2026-06-27 04:52:38,Credit Card,1239.03,Completed,TXN-7193-7193
7194,7194,2026-03-21 10:55:48,Credit Card,3786.22,Refunded,TXN-7194-7194
7195,7195,2026-09-01 08:15:52,Credit Card,1266.16,Pending,
7196,7196,2025-03-08 15:37:04,Debit Card,1061.63,Completed,TXN-7196-7196
7197,7197,2026-07-08 14:47:47,Debit Card,1091.15,Completed,TXN-7197-7197
7198,7198,2024-08-31 23:46:07,Credit Card,947.92,Completed,TXN-7198-7198
7199,7199,2025-08-10 23:03:30,Bank Transfer,2552.72,Refunded,TXN-7199-7199
7200,7200,2026-07-20 17:04:57,Cash on Delivery,1399.14,Completed,TXN-7200-7200
7201,7201,2026-04-22 04:42:03,PayPal,1669.13,Completed,TXN-7201-7201
7202,7202,2026-08-20 23:39:24,Bank Transfer,457.79,Completed,TXN-7202-7202
7203,7203,2026-07-16 04:59:32,Credit Card,1841.93,Completed,TXN-7203-7203
7204,7204,2025-10-19 21:51:47,Debit Card,1269.6,Completed,TXN-7204-7204
7205,7205,2025-03-05 10:14:39,PayPal,1515.19,Pending,
7206,7206,2026-02-16 14:04:15,Credit Card,202.6,Completed,TXN-7206-7206
7207,7207,2026-05-01 16:36:42,Cash on Delivery,866.58,Completed,TXN-7207-7207
7208,7208,2026-08-20 13:41:01,PayPal,1601.0,Pending,
7209,7209,2026-03-07 17:23:14,Credit Card,1913.78,Completed,TXN-7209-7209
7210,7210,2025-08-14 22:10:19,Credit Card,2643.91,Completed,TXN-7210-7210
7211,7211,2025-11-07 01:52:55,Debit Card,2907.1,Completed,TXN-7211-7211
7212,7212,2025-03-16 20:33:42,Bank Transfer,507.83,Completed,TXN-7212-7212
7213,7213,2025-12-19 20:17:52,Cash on Delivery,2456.08,Completed,TXN-7213-7213
7214,7214,2026-03-03 12:40:51,Bank Transfer,3638.3,Completed,TXN-7214-7214
7215,7215,2026-04-25 14:43:51,Debit Card,1000.97,Pending,
7216,7216,2025-10-03 20:44:05,Bank Transfer,4003.67,Completed,TXN-7216-7216
7217,7217,2026-03-06 13:08:39,Bank Transfer,1949.38,Completed,TXN-7217-7217
7218,7218,2024-04-01 06:51:29,Debit Card,2634.94,Completed,TXN-7218-7218
7219,7219,2025-08-12 07:34:36,Bank Transfer,947.92,Completed,TXN-7219-7219
7220,7220,2026-01-29 09:11:03,Bank Transfer,2452.05,Completed,TXN-7220-7220
7221,7221,2025-03-16 19:54:56,Credit Card,807.62,Completed,TXN-7221-7221
7222,7222,2026-03-02 03:02:24,Bank Transfer,577.42,Completed,TXN-7222-7222
7223,7223,2026-03-17 22:07:20,PayPal,3564.72,Completed,TXN-7223-7223
7224,7224,2026-05-22 15:27:51,PayPal,520.31,Completed,TXN-7224-7224
7225,7225,2026-08-22 17:57:41,PayPal,623.75,Completed,TXN-7225-7225
7226,7226,2025-09-09 20:34:40,Debit Card,1037.38,Completed,TXN-7226-7226
7227,7227,2025-02-15 22:30:49,Debit Card,301.7,Completed,TXN-7227-7227
7228,7228,2026-07-25 11:18:42,Credit Card,1009.52,Completed,TXN-7228-7228
7229,7229,2025-04-01 22:12:12,Bank Transfer,1378.12,Failed,
7230,7230,2024-05-26 12:13:57,Debit Card,924.36,Completed,TXN-7230-7230
7231,7231,2026-05-08 06:29:24,Credit Card,1884.98,Pending,
7232,7232,2026-05-24 22:07:49,Bank Transfer,2222.49,Completed,TXN-7232-7232
7233,7233,2025-10-29 16:47:04,PayPal,1497.74,Completed,TXN-7233-7233
7234,7234,2025-10-30 01:44:38,Debit Card,2733.74,Completed,TXN-7234-7234
7235,7235,2025-12-27 23:16:08,PayPal,707.49,Pending,
7236,7236,2026-01-19 02:08:28,Bank Transfer,5203.66,Completed,TXN-7236-7236
7237,7237,2026-05-03 13:53:09,Bank Transfer,265.78,Pending,
7238,7238,2024-02-12 17:48:14,Credit Card,1343.23,Completed,TXN-7238-7238
7239,7239,2026-08-21 07:07:21,Bank Transfer,599.0,Completed,TXN-7239-7239
7240,7240,2026-04-18 13:13:54,Bank Transfer,3167.12,Completed,TXN-7240-7240
7241,7241,2025-11-02 14:20:11,PayPal,932.62,Completed,TXN-7241-7241
7242,7242,2025-10-29 02:48:06,Credit Card,3688.6,Completed,TXN-7242-7242
7243,7243,2024-01-03 14:42:46,Cash on Delivery,2587.94,Completed,TXN-7243-7243
7244,7244,2025-11-20 06:14:31,Debit Card,557.91,Completed,TXN-7244-7244
7245,7245,2026-08-20 16:46:23,Bank Transfer,2458.12,Completed,TXN-7245-7245
7246,7246,2026-03-21 05:51:04,Cash on Delivery,6346.22,Completed,TXN-7246-7246
7247,7247,2026-08-22 06:32:08,Bank Transfer,2037.76,Refunded,TXN-7247-7247
7248,7248,2025-03-08 04:44:14,PayPal,4729.1,Completed,TXN-7248-7248
7249,7249,2024-03-18 14:49:17,Bank Transfer,3100.87,Completed,TXN-7249-7249
7250,7250,2024-07-14 10:22:15,PayPal,1716.68,Completed,TXN-7250-7250
7251,7251,2026-03-02 02:00:04,Bank Transfer,2049.17,Completed,TXN-7251-7251
7252,7252,2026-07-04 03:23:35,PayPal,3484.18,Completed,TXN-7252-7252
7253,7253,2026-07-15 07:00:16,Cash on Delivery,6160.12,Completed,TXN-7253-7253
7254,7254,2025-05-09 08:59:35,Debit Card,5097.05,Completed,TXN-7254-7254
7255,7255,2026-02-24 08:18:28,Debit Card,1548.46,Completed,TXN-7255-7255
7256,7256,2025-10-29 06:18:44,Cash on Delivery,1075.43,Completed,TXN-7256-7256
7257,7257,2025-02-25 08:17:12,Cash on Delivery,2087.57,Completed,TXN-7257-7257
7258,7258,2024-11-21 15:00:24,Debit Card,291.37,Completed,TXN-7258-7258
7259,7259,2025-03-08 02:03:08,Credit Card,236.54,Completed,TXN-7259-7259
7260,7260,2025-07-13 13:17:00,Credit Card,1566.58,Completed,TXN-7260-7260
7261,7261,2025-07-23 03:30:28,Bank Transfer,4529.54,Completed,TXN-7261-7261
7262,7262,2026-05-07 08:01:45,Cash on Delivery,3969.93,Completed,TXN-7262-7262
7263,7263,2025-12-19 02:04:07,Credit Card,631.62,Completed,TXN-7263-7263
7264,7264,2026-06-12 05:04:13,PayPal,2903.03,Completed,TXN-7264-7264
7265,7265,2026-01-18 05:47:52,PayPal,778.24,Completed,TXN-7265-7265
7266,7266,2026-05-16 18:18:24,Cash on Delivery,3840.3,Completed,TXN-7266-7266
7267,7267,2026-06-18 19:26:02,Debit Card,1118.71,Completed,TXN-7267-7267
7268,7268,2026-08-02 04:08:30,Credit Card,2425.01,Completed,TXN-7268-7268
7269,7269,2025-12-15 12:28:50,Cash on Delivery,4158.36,Completed,TXN-7269-7269
7270,7270,2026-01-08 08:28:40,Bank Transfer,4256.98,Completed,TXN-7270-7270
7271,7271,2025-10-10 03:55:54,PayPal,4676.86,Completed,TXN-7271-7271
7272,7272,2024-09-22 00:27:01,Bank Transfer,1092.9,Completed,TXN-7272-7272
7273,7273,2025-03-09 00:00:11,Cash on Delivery,981.65,Completed,TXN-7273-7273
7274,7274,2024-06-13 11:48:14,PayPal,2209.34,Completed,TXN-7274-7274
7275,7275,2026-06-17 21:06:03,PayPal,6782.21,Completed,TXN-7275-7275
7276,7276,2024-07-27 06:20:18,Bank Transfer,3162.62,Completed,TXN-7276-7276
7277,7277,2026-07-07 06:09:18,Credit Card,2922.96,Completed,TXN-7277-7277
7278,7278,2024-02-04 08:36:26,Credit Card,1645.85,Completed,TXN-7278-7278
7279,7279,2024-09-24 19:59:48,Debit Card,9984.43,Completed,TXN-7279-7279
7280,7280,2026-05-03 06:10:53,Debit Card,358.48,Pending,
7281,7281,2025-12-02 16:35:00,Debit Card,1075.41,Pending,
7282,7282,2025-03-10 08:06:32,Debit Card,93.82,Completed,TXN-7282-7282
7283,7283,2026-05-20 07:50:24,Debit Card,965.52,Completed,TXN-7283-7283
7284,7284,2026-04-12 15:08:01,Cash on Delivery,4334.9,Completed,TXN-7284-7284
7285,7285,2026-04-26 14:36:00,Debit Card,1113.07,Completed,TXN-7285-7285
7286,7286,2025-11-26 22:54:20,Cash on Delivery,4307.11,Completed,TXN-7286-7286
7287,7287,2026-08-04 18:25:44,PayPal,106.31,Completed,TXN-7287-7287
7288,7288,2026-05-25 11:25:57,PayPal,2828.59,Completed,TXN-7288-7288
7289,7289,2026-06-30 02:46:06,Debit Card,1439.78,Completed,TXN-7289-7289
7290,7290,2026-08-22 01:18:33,Bank Transfer,2538.0,Completed,TXN-7290-7290
7291,7291,2025-02-18 20:07:05,PayPal,477.96,Completed,TXN-7291-7291
7292,7292,2024-08-26 18:24:10,Credit Card,994.18,Completed,TXN-7292-7292
7293,7293,2026-07-27 00:00:33,Bank Transfer,3135.31,Completed,TXN-7293-7293
7294,7294,2024-04-07 14:02:18,Credit Card,596.0,Completed,TXN-7294-7294
7295,7295,2026-08-07 23:32:07,Cash on Delivery,991.13,Completed,TXN-7295-7295
7296,7296,2026-04-04 13:05:50,Credit Card,320.79,Completed,TXN-7296-7296
7297,7297,2026-07-11 07:40:08,Credit Card,62.52,Completed,TXN-7297-7297
7298,7298,2026-08-02 23:27:35,Cash on Delivery,1719.03,Completed,TXN-7298-7298
7299,7299,2026-08-31 19:20:19,Bank Transfer,1601.0,Completed,TXN-7299-7299
7300,7300,2026-08-25 20:58:11,PayPal,3680.94,Completed,TXN-7300-7300
7301,7301,2026-03-12 21:27:02,Bank Transfer,1238.77,Completed,TXN-7301-7301
7302,7302,2024-08-17 09:44:04,Bank Transfer,1627.87,Completed,TXN-7302-7302
7303,7303,2026-05-03 02:41:43,Debit Card,3867.71,Failed,
7304,7304,2026-06-22 21:20:34,Cash on Delivery,1766.1,Pending,
7305,7305,2026-02-07 22:46:44,Debit Card,1179.24,Completed,TXN-7305-7305
7306,7306,2025-10-08 16:59:30,PayPal,2729.43,Completed,TXN-7306-7306
7307,7307,2026-07-20 15:04:21,Credit Card,1955.77,Completed,TXN-7307-7307
7308,7308,2025-10-28 02:11:39,Debit Card,5005.93,Completed,TXN-7308-7308
7309,7309,2026-04-11 00:58:04,PayPal,1231.49,Completed,TXN-7309-7309
7310,7310,2026-07-31 03:42:39,PayPal,2189.28,Completed,TXN-7310-7310
7311,7311,2026-04-03 22:43:52,Bank Transfer,1350.4,Pending,
7312,7312,2026-08-10 12:31:05,PayPal,3771.65,Completed,TXN-7312-7312
7313,7313,2025-05-25 20:34:14,Cash on Delivery,3259.9,Completed,TXN-7313-7313
7314,7314,2025-11-06 08:02:35,Debit Card,658.15,Completed,TXN-7314-7314
7315,7315,2024-01-09 04:35:47,Cash on Delivery,2982.54,Refunded,TXN-7315-7315
7316,7316,2025-03-19 05:29:19,Credit Card,1827.96,Completed,TXN-7316-7316
7317,7317,2026-03-15 16:53:22,Cash on Delivery,4538.86,Completed,TXN-7317-7317
7318,7318,2025-06-26 06:16:27,Debit Card,1766.97,Completed,TXN-7318-7318
7319,7319,2026-03-31 13:34:55,Bank Transfer,1963.3,Completed,TXN-7319-7319
7320,7320,2026-05-19 23:43:13,PayPal,1020.52,Completed,TXN-7320-7320
7321,7321,2024-02-28 22:40:27,Bank Transfer,459.02,Completed,TXN-7321-7321
7322,7322,2024-12-31 10:11:18,Credit Card,2804.78,Completed,TXN-7322-7322
7323,7323,2025-09-19 18:06:50,Credit Card,1731.03,Completed,TXN-7323-7323
7324,7324,2025-09-08 00:07:41,Credit Card,1846.33,Completed,TXN-7324-7324
7325,7325,2026-08-28 14:44:11,PayPal,3811.79,Completed,TXN-7325-7325
7326,7326,2025-02-23 06:29:55,PayPal,1315.99,Completed,TXN-7326-7326
7327,7327,2024-09-21 09:56:35,Cash on Delivery,706.92,Pending,
7328,7328,2024-04-24 03:34:27,PayPal,1209.68,Completed,TXN-7328-7328
7329,7329,2025-06-04 17:59:30,Debit Card,1130.94,Completed,TXN-7329-7329
7330,7330,2025-04-30 16:43:31,Cash on Delivery,1438.64,Completed,TXN-7330-7330
7331,7331,2025-04-29 03:54:41,Bank Transfer,941.49,Refunded,TXN-7331-7331
7332,7332,2026-02-03 21:19:31,Debit Card,256.63,Completed,TXN-7332-7332
7333,7333,2023-09-16 17:43:25,Bank Transfer,1823.53,Completed,TXN-7333-7333
7334,7334,2026-05-26 21:27:09,Bank Transfer,1600.62,Completed,TXN-7334-7334
7335,7335,2026-07-29 06:16:51,Credit Card,5615.52,Completed,TXN-7335-7335
7336,7336,2025-09-06 22:43:08,Cash on Delivery,1669.88,Completed,TXN-7336-7336
7337,7337,2025-03-14 01:21:54,Debit Card,353.08,Completed,TXN-7337-7337
7338,7338,2025-12-06 09:11:31,Cash on Delivery,2691.08,Failed,
7339,7339,2026-06-02 03:46:03,PayPal,5249.88,Completed,TXN-7339-7339
7340,7340,2026-08-16 05:49:27,Bank Transfer,1333.01,Refunded,TXN-7340-7340
7341,7341,2026-07-20 14:24:28,Credit Card,1773.6,Completed,TXN-7341-7341
7342,7342,2025-11-05 13:36:44,Bank Transfer,422.79,Completed,TXN-7342-7342
7343,7343,2026-01-05 07:03:31,Debit Card,355.4,Refunded,TXN-7343-7343
7344,7344,2024-05-14 05:37:38,PayPal,930.25,Completed,TXN-7344-7344
7345,7345,2026-07-10 07:39:16,Bank Transfer,1708.44,Completed,TXN-7345-7345
7346,7346,2025-06-20 15:42:40,Credit Card,861.06,Completed,TXN-7346-7346
7347,7347,2026-08-11 23:43:53,Bank Transfer,597.45,Completed,TXN-7347-7347
7348,7348,2025-08-14 09:33:31,Cash on Delivery,2108.48,Completed,TXN-7348-7348
7349,7349,2026-04-27 14:17:18,Cash on Delivery,1142.29,Pending,
7350,7350,2025-11-28 17:23:46,Bank Transfer,358.48,Failed,
7351,7351,2026-06-02 16:31:22,PayPal,2025.81,Completed,TXN-7351-7351
7352,7352,2026-08-22 19:51:04,Cash on Delivery,1040.74,Completed,TXN-7352-7352
7353,7353,2026-08-13 00:45:03,PayPal,1052.79,Completed,TXN-7353-7353
7354,7354,2026-08-04 08:13:07,Debit Card,2447.71,Completed,TXN-7354-7354
7355,7355,2025-10-19 17:55:24,PayPal,72.7,Completed,TXN-7355-7355
7356,7356,2026-04-30 22:03:31,Debit Card,2491.23,Completed,TXN-7356-7356
7357,7357,2026-08-17 21:15:35,Debit Card,184.38,Completed,TXN-7357-7357
7358,7358,2025-12-01 12:47:21,PayPal,2791.57,Failed,
7359,7359,2026-04-10 11:16:25,Credit Card,1694.81,Completed,TXN-7359-7359
7360,7360,2026-01-31 23:47:28,Cash on Delivery,3258.95,Completed,TXN-7360-7360
7361,7361,2025-03-02 12:25:45,Debit Card,3212.62,Completed,TXN-7361-7361
7362,7362,2025-10-16 12:42:53,Debit Card,994.53,Completed,TXN-7362-7362
7363,7363,2026-08-08 18:48:50,Credit Card,2818.98,Completed,TXN-7363-7363
7364,7364,2026-08-07 07:07:56,PayPal,1442.38,Completed,TXN-7364-7364
7365,7365,2026-02-23 09:13:24,Bank Transfer,1316.3,Pending,
7366,7366,2025-09-22 14:24:41,Bank Transfer,3406.93,Completed,TXN-7366-7366
7367,7367,2026-06-16 01:46:39,Cash on Delivery,1553.26,Completed,TXN-7367-7367
7368,7368,2026-06-03 05:35:11,Bank Transfer,4135.01,Completed,TXN-7368-7368
7369,7369,2025-07-21 20:58:52,Bank Transfer,3427.01,Completed,TXN-7369-7369
7370,7370,2025-12-12 03:30:33,Credit Card,630.86,Completed,TXN-7370-7370
7371,7371,2024-12-13 07:09:38,Debit Card,1823.79,Pending,
7372,7372,2025-11-14 04:44:51,PayPal,2994.97,Completed,TXN-7372-7372
7373,7373,2026-02-02 17:30:34,Bank Transfer,2417.28,Completed,TXN-7373-7373
7374,7374,2026-04-05 10:09:40,Debit Card,2874.09,Completed,TXN-7374-7374
7375,7375,2026-08-25 14:15:28,Cash on Delivery,677.11,Completed,TXN-7375-7375
7376,7376,2025-05-19 20:08:06,Cash on Delivery,4615.37,Completed,TXN-7376-7376
7377,7377,2026-05-08 13:49:50,Cash on Delivery,2570.7,Completed,TXN-7377-7377
7378,7378,2026-08-11 08:33:21,PayPal,358.48,Pending,
7379,7379,2026-06-18 02:56:51,Credit Card,645.9,Completed,TXN-7379-7379
7380,7380,2026-08-19 07:59:16,Credit Card,2042.78,Refunded,TXN-7380-7380
7381,7381,2026-03-19 00:54:16,Debit Card,394.13,Completed,TXN-7381-7381
7382,7382,2024-08-11 16:12:24,Credit Card,68.38,Completed,TXN-7382-7382
7383,7383,2026-02-01 19:03:03,Cash on Delivery,935.97,Completed,TXN-7383-7383
7384,7384,2025-09-28 03:28:42,Bank Transfer,440.18,Completed,TXN-7384-7384
7385,7385,2026-01-07 14:05:01,Bank Transfer,2482.41,Pending,
7386,7386,2026-08-31 19:04:39,Bank Transfer,1865.13,Completed,TXN-7386-7386
7387,7387,2026-07-20 09:41:24,Cash on Delivery,590.68,Completed,TXN-7387-7387
7388,7388,2026-05-05 17:50:51,PayPal,459.02,Completed,TXN-7388-7388
7389,7389,2026-01-17 19:55:34,PayPal,1559.63,Completed,TXN-7389-7389
7390,7390,2025-11-06 23:43:59,Credit Card,2660.54,Completed,TXN-7390-7390
7391,7391,2026-07-14 17:57:40,Cash on Delivery,1162.6,Completed,TXN-7391-7391
7392,7392,2025-12-02 10:54:31,Credit Card,415.13,Completed,TXN-7392-7392
7393,7393,2024-10-16 17:04:32,Cash on Delivery,1997.7,Completed,TXN-7393-7393
7394,7394,2026-04-25 16:10:36,Bank Transfer,752.83,Completed,TXN-7394-7394
7395,7395,2025-10-24 21:08:36,PayPal,758.76,Completed,TXN-7395-7395
7396,7396,2025-08-08 10:12:56,Cash on Delivery,944.8,Completed,TXN-7396-7396
7397,7397,2025-07-07 10:40:27,PayPal,2394.7,Completed,TXN-7397-7397
7398,7398,2025-11-05 02:21:25,PayPal,1370.76,Completed,TXN-7398-7398
7399,7399,2026-03-08 16:53:18,Debit Card,441.37,Completed,TXN-7399-7399
7400,7400,2026-08-01 16:29:18,Cash on Delivery,4840.79,Completed,TXN-7400-7400
7401,7401,2026-04-28 16:22:20,PayPal,2676.07,Completed,TXN-7401-7401
7402,7402,2026-03-21 05:29:17,Cash on Delivery,3059.78,Completed,TXN-7402-7402
7403,7403,2026-03-27 07:07:11,Credit Card,1073.02,Completed,TXN-7403-7403
7404,7404,2024-10-10 02:18:21,Bank Transfer,1987.83,Completed,TXN-7404-7404
7405,7405,2024-07-06 23:12:27,Credit Card,4762.71,Completed,TXN-7405-7405
7406,7406,2025-08-23 19:00:35,Debit Card,3284.44,Completed,TXN-7406-7406
7407,7407,2026-05-29 22:36:52,Credit Card,662.55,Completed,TXN-7407-7407
7408,7408,2026-07-31 22:33:00,Credit Card,3511.83,Completed,TXN-7408-7408
7409,7409,2026-06-10 02:43:27,Debit Card,818.1,Completed,TXN-7409-7409
7410,7410,2026-03-15 14:27:53,Debit Card,1664.66,Completed,TXN-7410-7410
7411,7411,2025-06-02 03:56:32,Cash on Delivery,1377.89,Completed,TXN-7411-7411
7412,7412,2026-08-23 06:22:26,Bank Transfer,1871.94,Pending,
7413,7413,2026-06-02 07:15:19,Credit Card,662.55,Refunded,TXN-7413-7413
7414,7414,2025-06-05 01:17:02,Cash on Delivery,918.38,Completed,TXN-7414-7414
7415,7415,2026-06-05 17:40:25,PayPal,2604.87,Completed,TXN-7415-7415
7416,7416,2026-02-22 19:42:15,Bank Transfer,1045.72,Completed,TXN-7416-7416
7417,7417,2026-05-22 09:10:56,PayPal,59.05,Completed,TXN-7417-7417
7418,7418,2026-08-16 02:55:11,PayPal,8300.17,Completed,TXN-7418-7418
7419,7419,2026-01-09 18:50:16,Cash on Delivery,1009.52,Completed,TXN-7419-7419
7420,7420,2025-06-19 17:13:04,Bank Transfer,1467.36,Pending,
7421,7421,2026-03-30 16:20:37,Cash on Delivery,1174.21,Completed,TXN-7421-7421
7422,7422,2025-04-17 04:31:54,Credit Card,835.04,Completed,TXN-7422-7422
7423,7423,2024-11-27 18:17:34,PayPal,3607.49,Pending,
7424,7424,2025-12-17 03:43:11,Cash on Delivery,4937.62,Completed,TXN-7424-7424
7425,7425,2025-12-05 10:32:29,PayPal,5988.05,Completed,TXN-7425-7425
7426,7426,2025-09-27 20:46:05,Cash on Delivery,2139.93,Completed,TXN-7426-7426
7427,7427,2026-05-01 21:38:05,Bank Transfer,1454.22,Completed,TXN-7427-7427
7428,7428,2026-06-27 23:34:39,Credit Card,3559.72,Completed,TXN-7428-7428
7429,7429,2025-02-12 02:25:52,Bank Transfer,3745.98,Completed,TXN-7429-7429
7430,7430,2025-11-13 17:09:17,Debit Card,2167.47,Completed,TXN-7430-7430
7431,7431,2025-05-31 15:58:02,Bank Transfer,1243.12,Completed,TXN-7431-7431
7432,7432,2026-08-29 10:31:15,Bank Transfer,631.62,Completed,TXN-7432-7432
7433,7433,2025-05-10 01:59:25,Cash on Delivery,3895.65,Pending,
7434,7434,2026-08-09 07:42:04,PayPal,1955.49,Completed,TXN-7434-7434
7435,7435,2026-01-29 23:04:00,Credit Card,320.79,Pending,
7436,7436,2024-12-14 18:17:56,Cash on Delivery,1697.07,Completed,TXN-7436-7436
7437,7437,2026-08-29 18:09:02,Cash on Delivery,4330.47,Completed,TXN-7437-7437
7438,7438,2026-08-01 11:36:18,Cash on Delivery,3349.57,Completed,TXN-7438-7438
7439,7439,2025-10-03 00:30:45,PayPal,129.63,Completed,TXN-7439-7439
7440,7440,2026-04-26 08:16:21,Credit Card,5993.12,Completed,TXN-7440-7440
7441,7441,2026-07-06 01:29:27,Bank Transfer,2039.06,Completed,TXN-7441-7441
7442,7442,2024-11-12 06:05:22,Cash on Delivery,409.74,Completed,TXN-7442-7442
7443,7443,2026-08-22 12:16:31,PayPal,4522.49,Completed,TXN-7443-7443
7444,7444,2025-11-08 01:16:57,Credit Card,409.74,Completed,TXN-7444-7444
7445,7445,2026-08-29 12:12:24,Bank Transfer,511.66,Completed,TXN-7445-7445
7446,7446,2026-08-16 02:59:51,Cash on Delivery,733.38,Completed,TXN-7446-7446
7447,7447,2026-02-20 22:23:48,Cash on Delivery,1726.29,Completed,TXN-7447-7447
7448,7448,2025-11-14 10:05:08,Credit Card,134.1,Completed,TXN-7448-7448
7449,7449,2026-03-06 11:19:41,Credit Card,1282.62,Completed,TXN-7449-7449
7450,7450,2025-05-03 18:58:50,Credit Card,139.12,Pending,
7451,7451,2026-06-10 01:21:04,PayPal,2624.67,Completed,TXN-7451-7451
7452,7452,2026-06-22 09:33:14,Debit Card,2306.06,Completed,TXN-7452-7452
7453,7453,2024-11-08 04:48:23,Credit Card,2551.2,Completed,TXN-7453-7453
7454,7454,2026-05-31 11:13:55,Bank Transfer,1943.52,Completed,TXN-7454-7454
7455,7455,2024-09-01 04:55:47,Bank Transfer,643.08,Completed,TXN-7455-7455
7456,7456,2026-05-14 17:01:31,Bank Transfer,2014.7,Completed,TXN-7456-7456
7457,7457,2026-08-02 23:17:55,Cash on Delivery,617.25,Completed,TXN-7457-7457
7458,7458,2025-12-26 09:15:41,Bank Transfer,942.89,Failed,
7459,7459,2026-06-08 19:44:01,Cash on Delivery,1657.06,Completed,TXN-7459-7459
7460,7460,2026-06-21 14:09:24,PayPal,322.74,Completed,TXN-7460-7460
7461,7461,2026-03-25 21:14:44,Bank Transfer,800.5,Completed,TXN-7461-7461
7462,7462,2026-05-09 19:58:31,PayPal,1414.76,Pending,
7463,7463,2026-04-24 19:32:24,Debit Card,572.23,Completed,TXN-7463-7463
7464,7464,2025-05-17 00:45:52,Bank Transfer,1804.6,Completed,TXN-7464-7464
7465,7465,2026-05-11 22:11:07,Cash on Delivery,1018.54,Completed,TXN-7465-7465
7466,7466,2026-01-17 20:54:05,Cash on Delivery,2164.16,Completed,TXN-7466-7466
7467,7467,2026-03-23 20:14:45,Bank Transfer,1210.57,Pending,
7468,7468,2026-05-28 01:09:59,PayPal,1603.31,Completed,TXN-7468-7468
7469,7469,2026-06-02 06:54:10,Cash on Delivery,819.14,Completed,TXN-7469-7469
7470,7470,2026-08-16 07:55:31,Credit Card,413.9,Completed,TXN-7470-7470
7471,7471,2026-04-18 11:52:35,PayPal,574.04,Failed,
7472,7472,2025-03-10 11:17:39,Debit Card,969.49,Completed,TXN-7472-7472
7473,7473,2026-07-29 10:52:13,Debit Card,758.76,Completed,TXN-7473-7473
7474,7474,2024-09-26 06:05:18,Debit Card,2141.6,Completed,TXN-7474-7474
7475,7475,2026-04-04 04:10:59,Bank Transfer,309.24,Completed,TXN-7475-7475
7476,7476,2025-01-23 10:57:02,Debit Card,1317.29,Completed,TXN-7476-7476
7477,7477,2026-01-12 09:25:08,Credit Card,3201.56,Completed,TXN-7477-7477
7478,7478,2026-03-14 14:20:30,Bank Transfer,3175.28,Completed,TXN-7478-7478
7479,7479,2025-03-19 09:03:42,PayPal,1773.59,Completed,TXN-7479-7479
7480,7480,2025-07-27 14:18:06,PayPal,333.85,Completed,TXN-7480-7480
7481,7481,2026-06-23 07:15:17,Bank Transfer,1647.16,Completed,TXN-7481-7481
7482,7482,2026-06-20 15:42:00,Bank Transfer,2106.07,Completed,TXN-7482-7482
7483,7483,2026-08-23 09:51:22,Credit Card,2589.75,Completed,TXN-7483-7483
7484,7484,2026-08-22 07:01:16,Bank Transfer,597.45,Completed,TXN-7484-7484
7485,7485,2025-05-25 15:05:32,Credit Card,173.9,Completed,TXN-7485-7485
7486,7486,2024-08-03 17:58:53,PayPal,994.53,Refunded,TXN-7486-7486
7487,7487,2024-05-25 13:41:59,PayPal,1634.28,Completed,TXN-7487-7487
7488,7488,2025-06-08 15:07:02,Credit Card,2334.49,Completed,TXN-7488-7488
7489,7489,2026-06-12 19:12:14,PayPal,2383.42,Completed,TXN-7489-7489
7490,7490,2026-04-15 22:26:15,Debit Card,2932.89,Completed,TXN-7490-7490
7491,7491,2025-03-20 16:12:52,PayPal,1179.56,Completed,TXN-7491-7491
7492,7492,2026-05-11 18:20:09,Credit Card,4401.1,Pending,
7493,7493,2025-04-13 20:12:38,PayPal,1111.12,Completed,TXN-7493-7493
7494,7494,2025-06-25 18:04:59,Debit Card,2711.43,Failed,
7495,7495,2026-08-13 08:59:43,Credit Card,3219.88,Completed,TXN-7495-7495
7496,7496,2025-05-21 17:50:10,PayPal,1638.32,Completed,TXN-7496-7496
7497,7497,2026-08-01 02:31:53,Cash on Delivery,2335.49,Completed,TXN-7497-7497
7498,7498,2025-05-06 23:27:11,Credit Card,3654.21,Completed,TXN-7498-7498
7499,7499,2026-08-24 09:38:21,Bank Transfer,973.78,Completed,TXN-7499-7499
7500,7500,2025-06-09 00:46:54,Credit Card,1542.84,Completed,TXN-7500-7500
7501,7501,2025-03-18 04:53:13,Bank Transfer,1037.94,Completed,TXN-7501-7501
7502,7502,2026-06-14 16:10:45,Cash on Delivery,5213.19,Completed,TXN-7502-7502
7503,7503,2024-08-01 21:10:09,Credit Card,748.85,Completed,TXN-7503-7503
7504,7504,2024-03-10 07:16:16,PayPal,72.7,Completed,TXN-7504-7504
7505,7505,2025-03-17 21:34:48,Bank Transfer,907.33,Completed,TXN-7505-7505
7506,7506,2025-08-02 16:10:40,Debit Card,1871.94,Completed,TXN-7506-7506
7507,7507,2026-06-24 06:20:32,Debit Card,820.78,Completed,TXN-7507-7507
7508,7508,2026-04-01 12:41:04,Credit Card,389.25,Completed,TXN-7508-7508
7509,7509,2025-06-05 02:25:02,Credit Card,377.08,Completed,TXN-7509-7509
7510,7510,2025-07-12 11:45:48,Credit Card,968.39,Completed,TXN-7510-7510
7511,7511,2025-10-26 23:54:37,Debit Card,1665.48,Completed,TXN-7511-7511
7512,7512,2026-08-11 08:55:49,Cash on Delivery,1025.38,Completed,TXN-7512-7512
7513,7513,2025-06-19 09:32:07,Bank Transfer,1520.42,Pending,
7514,7514,2025-06-09 13:55:07,Credit Card,597.45,Completed,TXN-7514-7514
7515,7515,2026-04-28 04:22:10,Debit Card,1780.38,Completed,TXN-7515-7515
7516,7516,2026-06-05 18:15:28,Cash on Delivery,4214.83,Completed,TXN-7516-7516
7517,7517,2026-04-29 18:03:52,Bank Transfer,1281.19,Completed,TXN-7517-7517
7518,7518,2024-07-13 15:51:21,Credit Card,2009.97,Completed,TXN-7518-7518
7519,7519,2024-12-04 03:34:44,Credit Card,3035.04,Completed,TXN-7519-7519
7520,7520,2025-05-22 14:25:44,Debit Card,1010.77,Completed,TXN-7520-7520
7521,7521,2024-12-05 16:31:32,PayPal,3264.32,Completed,TXN-7521-7521
7522,7522,2025-04-04 17:05:32,PayPal,3932.45,Completed,TXN-7522-7522
7523,7523,2026-08-25 23:28:07,Cash on Delivery,812.81,Completed,TXN-7523-7523
7524,7524,2025-07-21 18:57:36,Bank Transfer,809.31,Completed,TXN-7524-7524
7525,7525,2026-06-14 14:11:39,PayPal,2754.11,Completed,TXN-7525-7525
7526,7526,2025-04-12 20:14:17,PayPal,3619.38,Completed,TXN-7526-7526
7527,7527,2026-04-18 14:34:47,Cash on Delivery,5913.34,Completed,TXN-7527-7527
7528,7528,2026-02-04 08:38:34,PayPal,607.97,Completed,TXN-7528-7528
7529,7529,2024-05-23 16:07:27,PayPal,542.39,Completed,TXN-7529-7529
7530,7530,2026-06-15 09:18:38,PayPal,3324.7,Completed,TXN-7530-7530
7531,7531,2025-11-08 00:39:59,Cash on Delivery,1158.35,Completed,TXN-7531-7531
7532,7532,2026-05-01 22:48:24,PayPal,2004.7,Completed,TXN-7532-7532
7533,7533,2026-08-06 21:46:52,Debit Card,1974.97,Pending,
7534,7534,2026-08-23 18:32:34,Cash on Delivery,236.54,Completed,TXN-7534-7534
7535,7535,2026-02-12 09:29:36,Credit Card,6427.65,Pending,
7536,7536,2025-01-15 19:54:43,Bank Transfer,897.44,Completed,TXN-7536-7536
7537,7537,2026-05-05 19:21:03,Credit Card,3758.48,Completed,TXN-7537-7537
7538,7538,2025-02-20 21:04:58,Bank Transfer,1918.09,Completed,TXN-7538-7538
7539,7539,2025-04-16 04:36:28,Bank Transfer,1415.11,Pending,
7540,7540,2025-08-25 15:31:29,Bank Transfer,2714.52,Completed,TXN-7540-7540
7541,7541,2026-06-25 03:28:13,Bank Transfer,2525.35,Completed,TXN-7541-7541
7542,7542,2026-03-18 09:43:39,Cash on Delivery,1198.53,Completed,TXN-7542-7542
7543,7543,2026-05-03 22:26:28,Bank Transfer,1603.2,Completed,TXN-7543-7543
7544,7544,2026-07-09 04:20:53,Cash on Delivery,1035.59,Completed,TXN-7544-7544
7545,7545,2026-08-27 04:31:30,Cash on Delivery,928.8,Completed,TXN-7545-7545
7546,7546,2026-07-04 22:26:02,Cash on Delivery,3316.85,Completed,TXN-7546-7546
7547,7547,2025-06-18 04:19:44,Credit Card,358.48,Completed,TXN-7547-7547
7548,7548,2026-05-28 09:02:27,Bank Transfer,1253.8,Completed,TXN-7548-7548
7549,7549,2025-07-17 17:57:43,Cash on Delivery,6603.74,Completed,TXN-7549-7549
7550,7550,2025-11-06 19:03:10,Cash on Delivery,1918.94,Completed,TXN-7550-7550
7551,7551,2025-06-04 00:50:58,Bank Transfer,2035.54,Completed,TXN-7551-7551
7552,7552,2026-06-07 22:49:11,Debit Card,374.42,Completed,TXN-7552-7552
7553,7553,2026-03-20 11:35:15,Cash on Delivery,1769.99,Completed,TXN-7553-7553
7554,7554,2025-04-18 21:05:26,Bank Transfer,1299.97,Completed,TXN-7554-7554
7555,7555,2026-02-19 02:04:16,Bank Transfer,620.22,Completed,TXN-7555-7555
7556,7556,2025-05-09 08:01:20,Bank Transfer,592.34,Completed,TXN-7556-7556
7557,7557,2026-05-13 03:11:39,PayPal,2044.92,Completed,TXN-7557-7557
7558,7558,2025-11-03 17:09:09,Credit Card,1016.34,Completed,TXN-7558-7558
7559,7559,2024-11-06 11:25:22,PayPal,1973.53,Pending,
7560,7560,2026-07-06 08:49:35,Bank Transfer,1069.6,Completed,TXN-7560-7560
7561,7561,2026-03-17 04:03:00,Debit Card,2297.43,Completed,TXN-7561-7561
7562,7562,2025-01-16 04:14:32,Cash on Delivery,1636.2,Completed,TXN-7562-7562
7563,7563,2026-06-02 20:36:03,Credit Card,5952.91,Completed,TXN-7563-7563
7564,7564,2026-03-19 22:49:08,Debit Card,884.9,Completed,TXN-7564-7564
7565,7565,2025-12-13 00:45:29,Credit Card,840.02,Failed,
7566,7566,2026-01-10 18:17:45,Cash on Delivery,5132.6,Pending,
7567,7567,2024-04-21 22:10:33,PayPal,339.73,Completed,TXN-7567-7567
7568,7568,2026-08-17 23:47:48,Credit Card,304.75,Completed,TXN-7568-7568
7569,7569,2026-05-17 19:34:31,Bank Transfer,1399.4,Completed,TXN-7569-7569
7570,7570,2026-02-27 01:22:43,Debit Card,994.18,Completed,TXN-7570-7570
7571,7571,2024-10-16 09:43:01,Bank Transfer,435.24,Completed,TXN-7571-7571
7572,7572,2026-05-21 10:59:09,PayPal,658.15,Pending,
7573,7573,2024-04-20 23:28:27,Credit Card,3985.21,Completed,TXN-7573-7573
7574,7574,2025-12-03 17:25:27,Cash on Delivery,387.27,Completed,TXN-7574-7574
7575,7575,2025-04-02 03:37:21,Credit Card,5484.94,Pending,
7576,7576,2024-05-02 20:29:41,Bank Transfer,3956.21,Completed,TXN-7576-7576
7577,7577,2025-07-15 23:39:04,PayPal,1951.24,Completed,TXN-7577-7577
7578,7578,2026-07-24 10:28:21,Cash on Delivery,1404.27,Completed,TXN-7578-7578
7579,7579,2025-01-25 07:03:46,PayPal,391.72,Completed,TXN-7579-7579
7580,7580,2026-03-16 08:15:05,Bank Transfer,2878.25,Completed,TXN-7580-7580
7581,7581,2025-03-19 10:53:38,Bank Transfer,2811.08,Completed,TXN-7581-7581
7582,7582,2025-06-06 22:20:36,Bank Transfer,3008.42,Completed,TXN-7582-7582
7583,7583,2026-02-20 21:10:35,Credit Card,1763.87,Pending,
7584,7584,2026-05-18 16:03:30,Cash on Delivery,1306.69,Completed,TXN-7584-7584
7585,7585,2026-08-30 21:51:51,Debit Card,5678.54,Completed,TXN-7585-7585
7586,7586,2025-05-16 01:29:27,Credit Card,2138.7,Completed,TXN-7586-7586
7587,7587,2026-02-14 16:48:43,Cash on Delivery,908.57,Completed,TXN-7587-7587
7588,7588,2026-01-14 16:53:34,Bank Transfer,1517.52,Completed,TXN-7588-7588
7589,7589,2025-01-23 16:18:24,Credit Card,597.45,Failed,
7590,7590,2026-07-08 06:17:06,PayPal,520.37,Completed,TXN-7590-7590
7591,7591,2026-08-23 09:43:42,Bank Transfer,3592.84,Failed,
7592,7592,2025-05-31 11:20:22,Cash on Delivery,2490.19,Completed,TXN-7592-7592
7593,7593,2026-03-20 23:25:58,Debit Card,286.78,Completed,TXN-7593-7593
7594,7594,2026-06-08 10:07:31,Credit Card,3437.51,Failed,
7595,7595,2026-06-27 15:36:51,Debit Card,6540.57,Completed,TXN-7595-7595
7596,7596,2026-02-18 11:37:08,Cash on Delivery,895.73,Completed,TXN-7596-7596
7597,7597,2024-09-04 02:03:09,Debit Card,2558.33,Refunded,TXN-7597-7597
7598,7598,2026-06-28 15:51:25,Debit Card,1756.42,Failed,
7599,7599,2026-05-01 20:33:27,PayPal,2368.56,Completed,TXN-7599-7599
7600,7600,2024-11-20 22:45:12,Credit Card,168.8,Completed,TXN-7600-7600
7601,7601,2025-04-05 20:56:48,Bank Transfer,1514.3,Completed,TXN-7601-7601
7602,7602,2026-08-26 13:36:54,Credit Card,6182.91,Completed,TXN-7602-7602
7603,7603,2025-10-09 13:24:05,Cash on Delivery,994.18,Completed,TXN-7603-7603
7604,7604,2026-03-02 07:06:16,PayPal,1062.05,Completed,TXN-7604-7604
7605,7605,2026-07-12 14:28:40,Cash on Delivery,367.22,Completed,TXN-7605-7605
7606,7606,2026-05-06 13:58:37,Debit Card,118.79,Completed,TXN-7606-7606
7607,7607,2026-03-10 09:43:18,Credit Card,3246.58,Completed,TXN-7607-7607
7608,7608,2024-09-05 05:41:57,PayPal,1164.59,Completed,TXN-7608-7608
7609,7609,2025-04-17 14:31:10,Cash on Delivery,2046.07,Completed,TXN-7609-7609
7610,7610,2025-05-31 16:35:33,Cash on Delivery,3235.62,Completed,TXN-7610-7610
7611,7611,2026-09-01 04:22:52,Debit Card,995.6,Completed,TXN-7611-7611
7612,7612,2025-04-05 18:41:55,Debit Card,2265.7,Completed,TXN-7612-7612
7613,7613,2025-07-21 17:11:26,Bank Transfer,1118.58,Completed,TXN-7613-7613
7614,7614,2023-10-14 11:20:54,Bank Transfer,670.43,Completed,TXN-7614-7614
7615,7615,2025-08-07 05:26:00,Debit Card,1462.14,Completed,TXN-7615-7615
7616,7616,2026-05-19 20:06:31,Cash on Delivery,1600.98,Completed,TXN-7616-7616
7617,7617,2025-06-08 22:29:13,PayPal,6015.06,Refunded,TXN-7617-7617
7618,7618,2026-06-29 18:02:13,Cash on Delivery,1378.7,Completed,TXN-7618-7618
7619,7619,2025-11-28 17:51:53,Cash on Delivery,1047.61,Completed,TXN-7619-7619
7620,7620,2026-07-01 18:16:17,Cash on Delivery,2161.75,Refunded,TXN-7620-7620
7621,7621,2026-05-17 20:44:30,PayPal,3700.58,Completed,TXN-7621-7621
7622,7622,2025-05-18 05:21:14,Credit Card,556.41,Pending,
7623,7623,2025-12-04 20:16:42,Credit Card,2069.61,Completed,TXN-7623-7623
7624,7624,2026-04-22 07:07:40,Cash on Delivery,4878.65,Completed,TXN-7624-7624
7625,7625,2025-09-02 13:58:05,PayPal,1768.8,Completed,TXN-7625-7625
7626,7626,2026-06-22 09:25:49,Debit Card,851.91,Completed,TXN-7626-7626
7627,7627,2026-04-27 06:25:27,PayPal,1367.79,Pending,
7628,7628,2026-03-05 16:48:22,Cash on Delivery,1040.74,Completed,TXN-7628-7628
7629,7629,2025-10-23 20:43:35,Cash on Delivery,2860.54,Completed,TXN-7629-7629
7630,7630,2025-01-17 10:22:20,Debit Card,1325.1,Completed,TXN-7630-7630
7631,7631,2024-09-07 20:00:51,Credit Card,745.78,Completed,TXN-7631-7631
7632,7632,2026-04-22 18:16:13,Cash on Delivery,2808.74,Completed,TXN-7632-7632
7633,7633,2025-10-05 09:35:54,Cash on Delivery,2592.72,Completed,TXN-7633-7633
7634,7634,2026-07-29 13:51:41,Debit Card,6954.57,Completed,TXN-7634-7634
7635,7635,2026-07-19 21:55:42,Credit Card,330.46,Failed,
7636,7636,2025-08-30 23:51:32,Credit Card,1856.12,Completed,TXN-7636-7636
7637,7637,2025-11-20 07:40:16,Credit Card,4547.03,Completed,TXN-7637-7637
7638,7638,2026-07-20 11:25:38,Credit Card,952.61,Completed,TXN-7638-7638
7639,7639,2026-03-05 12:42:00,Bank Transfer,2526.4,Completed,TXN-7639-7639
7640,7640,2025-07-29 19:59:13,PayPal,3948.64,Completed,TXN-7640-7640
7641,7641,2026-08-04 09:45:05,PayPal,290.8,Completed,TXN-7641-7641
7642,7642,2026-08-13 19:19:19,Bank Transfer,935.97,Completed,TXN-7642-7642
7643,7643,2025-09-18 06:03:53,Debit Card,644.95,Completed,TXN-7643-7643
7644,7644,2025-09-02 00:20:19,PayPal,1483.28,Completed,TXN-7644-7644
7645,7645,2025-02-06 17:56:51,PayPal,4888.18,Completed,TXN-7645-7645
7646,7646,2026-02-27 10:02:44,Bank Transfer,1115.82,Completed,TXN-7646-7646
7647,7647,2026-06-01 15:18:52,Credit Card,882.1,Completed,TXN-7647-7647
7648,7648,2024-12-22 18:20:14,PayPal,182.34,Completed,TXN-7648-7648
7649,7649,2026-05-28 02:47:44,Cash on Delivery,3890.95,Completed,TXN-7649-7649
7650,7650,2024-12-17 14:56:32,Credit Card,2945.36,Completed,TXN-7650-7650
7651,7651,2025-12-15 19:19:04,Credit Card,3274.4,Completed,TXN-7651-7651
7652,7652,2025-12-12 16:37:52,PayPal,1134.85,Completed,TXN-7652-7652
7653,7653,2025-01-17 12:29:36,Credit Card,1889.29,Completed,TXN-7653-7653
7654,7654,2025-10-17 15:15:49,PayPal,1471.86,Completed,TXN-7654-7654
7655,7655,2026-07-31 08:49:35,Bank Transfer,868.25,Completed,TXN-7655-7655
7656,7656,2026-03-16 21:26:58,Cash on Delivery,555.57,Completed,TXN-7656-7656
7657,7657,2026-06-17 13:32:08,Credit Card,2692.73,Refunded,TXN-7657-7657
7658,7658,2026-06-01 22:41:36,Debit Card,34.19,Completed,TXN-7658-7658
7659,7659,2026-02-11 20:00:23,Debit Card,4472.74,Completed,TXN-7659-7659
7660,7660,2026-08-04 03:01:45,Cash on Delivery,3664.31,Refunded,TXN-7660-7660
7661,7661,2026-06-02 21:45:58,Debit Card,1099.97,Completed,TXN-7661-7661
7662,7662,2026-08-07 05:17:27,Credit Card,2032.68,Completed,TXN-7662-7662
7663,7663,2026-07-03 01:03:45,PayPal,5741.61,Completed,TXN-7663-7663
7664,7664,2026-08-31 20:26:16,Bank Transfer,5621.39,Completed,TXN-7664-7664
7665,7665,2026-07-13 04:22:01,Bank Transfer,1164.57,Completed,TXN-7665-7665
7666,7666,2024-01-13 19:17:12,Credit Card,356.11,Pending,
7667,7667,2025-01-30 08:11:52,Bank Transfer,4587.07,Failed,
7668,7668,2026-04-24 13:19:43,Cash on Delivery,344.31,Pending,
7669,7669,2024-10-25 22:44:46,PayPal,1800.3,Completed,TXN-7669-7669
7670,7670,2026-06-19 20:18:29,Debit Card,2428.4,Completed,TXN-7670-7670
7671,7671,2026-06-22 05:46:31,Debit Card,1980.0,Completed,TXN-7671-7671
7672,7672,2025-07-09 09:22:13,Cash on Delivery,1169.99,Completed,TXN-7672-7672
7673,7673,2026-08-22 11:45:31,Debit Card,2843.76,Completed,TXN-7673-7673
7674,7674,2025-05-08 09:57:03,Cash on Delivery,3358.24,Completed,TXN-7674-7674
7675,7675,2025-07-26 23:14:31,Bank Transfer,1967.96,Completed,TXN-7675-7675
7676,7676,2026-08-17 04:40:00,Debit Card,5710.02,Pending,
7677,7677,2025-04-29 09:47:30,Credit Card,1601.0,Completed,TXN-7677-7677
7678,7678,2025-02-18 04:56:29,Bank Transfer,862.17,Completed,TXN-7678-7678
7679,7679,2026-04-23 20:58:08,Debit Card,1422.67,Completed,TXN-7679-7679
7680,7680,2026-02-28 01:54:42,Credit Card,525.94,Completed,TXN-7680-7680
7681,7681,2026-02-11 17:20:01,PayPal,818.1,Completed,TXN-7681-7681
7682,7682,2026-07-27 01:18:23,Cash on Delivery,1665.18,Pending,
7683,7683,2026-07-18 19:35:58,Debit Card,374.59,Completed,TXN-7683-7683
7684,7684,2026-03-27 03:20:57,Bank Transfer,176.54,Completed,TXN-7684-7684
7685,7685,2026-01-06 15:01:33,Debit Card,2356.39,Completed,TXN-7685-7685
7686,7686,2024-11-18 01:31:54,Bank Transfer,2445.47,Pending,
7687,7687,2026-02-11 13:25:51,Credit Card,1020.52,Completed,TXN-7687-7687
7688,7688,2026-02-19 06:58:28,Bank Transfer,434.07,Failed,
7689,7689,2026-06-17 09:16:46,Bank Transfer,1105.5,Completed,TXN-7689-7689
7690,7690,2025-12-09 11:07:15,PayPal,1452.69,Completed,TXN-7690-7690
7691,7691,2025-05-04 15:49:25,Credit Card,2031.33,Completed,TXN-7691-7691
7692,7692,2026-01-31 13:14:13,Cash on Delivery,803.9,Completed,TXN-7692-7692
7693,7693,2026-05-13 19:36:30,PayPal,2505.19,Completed,TXN-7693-7693
7694,7694,2026-05-26 05:40:21,PayPal,2957.96,Completed,TXN-7694-7694
7695,7695,2026-09-01 21:44:44,Credit Card,662.55,Completed,TXN-7695-7695
7696,7696,2025-04-02 09:14:14,Debit Card,3444.17,Completed,TXN-7696-7696
7697,7697,2025-08-12 05:24:57,Bank Transfer,2801.1,Completed,TXN-7697-7697
7698,7698,2024-07-27 05:54:40,Debit Card,1338.9,Completed,TXN-7698-7698
7699,7699,2025-01-25 20:22:45,Debit Card,1973.62,Completed,TXN-7699-7699
7700,7700,2026-08-29 15:37:08,Cash on Delivery,3275.97,Completed,TXN-7700-7700
7701,7701,2026-06-04 14:20:28,Cash on Delivery,4474.88,Completed,TXN-7701-7701
7702,7702,2026-04-11 19:43:57,Debit Card,829.25,Completed,TXN-7702-7702
7703,7703,2026-08-14 16:30:38,Bank Transfer,940.45,Completed,TXN-7703-7703
7704,7704,2026-02-03 10:56:11,PayPal,1259.53,Refunded,TXN-7704-7704
7705,7705,2026-06-17 22:15:52,Cash on Delivery,1698.71,Completed,TXN-7705-7705
7706,7706,2026-05-20 04:03:23,Bank Transfer,4431.78,Completed,TXN-7706-7706
7707,7707,2026-01-31 13:18:39,Cash on Delivery,2215.42,Completed,TXN-7707-7707
7708,7708,2025-05-30 11:51:29,Bank Transfer,72.7,Completed,TXN-7708-7708
7709,7709,2025-12-18 08:55:28,Cash on Delivery,3967.19,Completed,TXN-7709-7709
7710,7710,2026-05-12 19:15:50,Cash on Delivery,2871.94,Pending,
7711,7711,2025-03-09 08:02:57,Credit Card,3459.01,Pending,
7712,7712,2026-07-23 09:52:03,Debit Card,4117.17,Completed,TXN-7712-7712
7713,7713,2026-04-02 18:49:28,Credit Card,2317.34,Completed,TXN-7713-7713
7714,7714,2025-12-30 21:21:54,Credit Card,665.55,Completed,TXN-7714-7714
7715,7715,2025-06-27 04:31:18,Bank Transfer,1092.85,Completed,TXN-7715-7715
7716,7716,2024-12-29 14:23:32,Debit Card,2557.98,Completed,TXN-7716-7716
7717,7717,2026-08-31 09:06:51,Credit Card,3555.23,Completed,TXN-7717-7717
7718,7718,2026-05-08 18:18:17,Bank Transfer,287.02,Failed,
7719,7719,2026-05-01 12:40:53,PayPal,2376.04,Completed,TXN-7719-7719
7720,7720,2026-08-06 14:23:57,Bank Transfer,176.54,Completed,TXN-7720-7720
7721,7721,2026-07-04 21:51:49,Debit Card,1458.48,Completed,TXN-7721-7721
7722,7722,2025-05-24 12:09:44,Bank Transfer,6599.98,Pending,
7723,7723,2026-03-17 08:49:51,Bank Transfer,411.23,Completed,TXN-7723-7723
7724,7724,2025-04-27 17:45:47,Credit Card,3953.67,Completed,TXN-7724-7724
7725,7725,2025-12-16 21:45:59,Bank Transfer,2459.05,Completed,TXN-7725-7725
7726,7726,2026-06-04 19:55:37,Credit Card,1618.54,Completed,TXN-7726-7726
7727,7727,2025-07-22 11:26:48,Debit Card,539.93,Completed,TXN-7727-7727
7728,7728,2026-08-15 18:14:43,Debit Card,1493.31,Failed,
7729,7729,2025-10-22 06:47:46,Credit Card,148.71,Completed,TXN-7729-7729
7730,7730,2026-04-22 23:20:37,PayPal,1375.92,Completed,TXN-7730-7730
7731,7731,2024-01-04 09:05:06,PayPal,1190.1,Completed,TXN-7731-7731
7732,7732,2026-08-12 01:29:56,PayPal,1896.5,Completed,TXN-7732-7732
7733,7733,2026-06-17 03:30:25,Cash on Delivery,1738.27,Failed,
7734,7734,2026-07-24 18:23:20,Credit Card,1174.34,Completed,TXN-7734-7734
7735,7735,2026-08-03 10:32:25,Debit Card,2518.94,Completed,TXN-7735-7735
7736,7736,2026-08-21 06:39:54,Debit Card,1726.37,Pending,
7737,7737,2025-01-04 14:37:27,PayPal,3754.01,Completed,TXN-7737-7737
7738,7738,2026-04-08 03:47:29,Cash on Delivery,2300.64,Completed,TXN-7738-7738
7739,7739,2025-12-16 15:57:05,PayPal,1183.03,Completed,TXN-7739-7739
7740,7740,2025-11-18 08:34:39,Bank Transfer,2988.96,Completed,TXN-7740-7740
7741,7741,2026-08-18 01:06:24,Cash on Delivery,2414.36,Completed,TXN-7741-7741
7742,7742,2026-03-06 08:58:54,Debit Card,1690.69,Completed,TXN-7742-7742
7743,7743,2024-10-14 02:24:38,Credit Card,1322.9,Completed,TXN-7743-7743
7744,7744,2025-01-27 18:27:33,PayPal,1270.15,Pending,
7745,7745,2025-04-01 06:29:16,PayPal,4260.3,Failed,
7746,7746,2026-08-14 16:31:29,Debit Card,690.74,Completed,TXN-7746-7746
7747,7747,2026-05-04 07:47:02,PayPal,900.52,Completed,TXN-7747-7747
7748,7748,2025-07-26 07:49:26,Credit Card,1162.63,Completed,TXN-7748-7748
7749,7749,2024-09-07 05:29:51,Debit Card,2872.59,Completed,TXN-7749-7749
7750,7750,2024-10-07 23:01:11,Credit Card,1644.78,Completed,TXN-7750-7750
7751,7751,2026-05-22 07:57:29,Cash on Delivery,144.27,Pending,
7752,7752,2026-05-20 13:41:13,Bank Transfer,2075.29,Completed,TXN-7752-7752
7753,7753,2026-07-21 17:16:31,Cash on Delivery,514.46,Completed,TXN-7753-7753
7754,7754,2026-02-11 23:44:08,Debit Card,4176.73,Completed,TXN-7754-7754
7755,7755,2026-06-24 19:25:08,Bank Transfer,4515.45,Completed,TXN-7755-7755
7756,7756,2025-11-04 04:36:51,Credit Card,4509.65,Failed,
7757,7757,2026-08-04 02:21:17,Debit Card,6363.79,Completed,TXN-7757-7757
7758,7758,2025-12-02 01:36:53,Bank Transfer,2322.69,Completed,TXN-7758-7758
7759,7759,2025-12-17 04:58:09,Cash on Delivery,125.04,Completed,TXN-7759-7759
7760,7760,2025-12-31 07:58:37,PayPal,818.1,Completed,TXN-7760-7760
7761,7761,2026-07-09 15:14:07,Cash on Delivery,3473.74,Completed,TXN-7761-7761
7762,7762,2024-10-13 12:55:10,Debit Card,818.1,Completed,TXN-7762-7762
7763,7763,2026-01-12 07:56:54,Credit Card,769.52,Completed,TXN-7763-7763
7764,7764,2026-03-15 20:26:03,Bank Transfer,2215.31,Completed,TXN-7764-7764
7765,7765,2026-08-20 02:21:06,PayPal,2974.18,Completed,TXN-7765-7765
7766,7766,2025-06-03 16:24:00,Bank Transfer,1576.54,Completed,TXN-7766-7766
7767,7767,2026-06-30 02:37:02,Bank Transfer,1149.41,Completed,TXN-7767-7767
7768,7768,2025-05-09 23:17:34,Bank Transfer,574.6,Completed,TXN-7768-7768
7769,7769,2024-12-01 10:12:06,Credit Card,245.18,Failed,
7770,7770,2025-08-16 02:35:28,Bank Transfer,2523.29,Completed,TXN-7770-7770
7771,7771,2025-03-04 14:52:25,Cash on Delivery,851.91,Completed,TXN-7771-7771
7772,7772,2024-12-01 20:45:48,Debit Card,3605.1,Pending,
7773,7773,2025-09-27 02:12:27,Credit Card,236.54,Completed,TXN-7773-7773
7774,7774,2026-07-10 19:47:27,Credit Card,5441.69,Completed,TXN-7774-7774
7775,7775,2026-03-28 14:03:45,Bank Transfer,358.48,Completed,TXN-7775-7775
7776,7776,2026-08-15 08:27:12,Cash on Delivery,781.93,Completed,TXN-7776-7776
7777,7777,2026-02-08 08:28:00,Cash on Delivery,969.49,Completed,TXN-7777-7777
7778,7778,2024-06-12 09:44:37,PayPal,82.72,Completed,TXN-7778-7778
7779,7779,2025-03-29 10:11:33,Cash on Delivery,73.33,Completed,TXN-7779-7779
7780,7780,2026-05-31 00:38:39,Credit Card,3020.2,Completed,TXN-7780-7780
7781,7781,2025-09-28 10:53:52,Cash on Delivery,2469.88,Completed,TXN-7781-7781
7782,7782,2026-06-15 05:44:17,Debit Card,813.07,Completed,TXN-7782-7782
7783,7783,2025-10-04 00:51:59,Credit Card,176.2,Completed,TXN-7783-7783
7784,7784,2026-01-02 08:08:21,Bank Transfer,748.25,Completed,TXN-7784-7784
7785,7785,2026-02-27 21:29:44,PayPal,1960.34,Completed,TXN-7785-7785
7786,7786,2026-02-13 11:46:16,Debit Card,950.75,Completed,TXN-7786-7786
7787,7787,2025-01-11 20:57:06,Credit Card,1249.14,Completed,TXN-7787-7787
7788,7788,2025-09-23 06:05:20,Cash on Delivery,930.25,Completed,TXN-7788-7788
7789,7789,2026-05-20 16:49:57,Cash on Delivery,2917.05,Completed,TXN-7789-7789
7790,7790,2026-06-18 19:35:01,PayPal,2570.21,Completed,TXN-7790-7790
7791,7791,2025-01-31 17:51:59,PayPal,1164.76,Completed,TXN-7791-7791
7792,7792,2025-08-28 17:29:34,Credit Card,1768.41,Completed,TXN-7792-7792
7793,7793,2025-07-29 13:38:25,PayPal,828.55,Completed,TXN-7793-7793
7794,7794,2026-07-22 00:37:18,Credit Card,619.38,Completed,TXN-7794-7794
7795,7795,2025-09-21 23:36:50,Bank Transfer,5955.32,Completed,TXN-7795-7795
7796,7796,2026-03-16 23:21:14,Cash on Delivery,2403.02,Completed,TXN-7796-7796
7797,7797,2025-03-12 16:30:11,PayPal,818.99,Completed,TXN-7797-7797
7798,7798,2026-07-06 23:44:27,Bank Transfer,2132.43,Pending,
7799,7799,2026-05-17 10:09:44,PayPal,5189.1,Completed,TXN-7799-7799
7800,7800,2026-03-29 06:32:46,Bank Transfer,862.94,Completed,TXN-7800-7800
7801,7801,2025-07-10 11:05:14,Cash on Delivery,859.45,Completed,TXN-7801-7801
7802,7802,2025-04-01 06:20:14,PayPal,77.19,Failed,
7803,7803,2026-08-13 10:30:53,Cash on Delivery,2673.16,Completed,TXN-7803-7803
7804,7804,2025-11-29 15:34:43,Bank Transfer,258.17,Completed,TXN-7804-7804
7805,7805,2025-03-04 01:22:16,Debit Card,5047.6,Pending,
7806,7806,2024-10-31 07:22:43,Debit Card,2530.5,Pending,
7807,7807,2026-08-29 15:56:19,Credit Card,918.04,Completed,TXN-7807-7807
7808,7808,2025-10-02 02:20:49,PayPal,1987.33,Completed,TXN-7808-7808
7809,7809,2026-03-27 17:36:30,PayPal,4062.39,Completed,TXN-7809-7809
7810,7810,2025-12-11 19:24:14,Cash on Delivery,3128.05,Completed,TXN-7810-7810
7811,7811,2026-06-05 07:05:43,Cash on Delivery,1440.93,Completed,TXN-7811-7811
7812,7812,2025-03-17 19:23:06,Credit Card,2823.77,Pending,
7813,7813,2025-10-12 11:45:07,Bank Transfer,4173.38,Completed,TXN-7813-7813
7814,7814,2026-02-14 16:04:17,PayPal,5945.38,Completed,TXN-7814-7814
7815,7815,2024-10-05 22:47:07,Bank Transfer,597.45,Completed,TXN-7815-7815
7816,7816,2023-12-23 02:04:00,Bank Transfer,2417.12,Completed,TXN-7816-7816
7817,7817,2026-08-31 14:12:41,Cash on Delivery,1875.53,Completed,TXN-7817-7817
7818,7818,2025-02-13 21:53:29,PayPal,792.26,Completed,TXN-7818-7818
7819,7819,2025-07-20 06:17:07,Cash on Delivery,632.23,Completed,TXN-7819-7819
7820,7820,2026-03-18 08:24:56,PayPal,3362.21,Completed,TXN-7820-7820
7821,7821,2025-11-09 17:55:36,Bank Transfer,72.7,Completed,TXN-7821-7821
7822,7822,2026-08-29 14:12:49,PayPal,43.21,Completed,TXN-7822-7822
7823,7823,2025-12-18 21:09:08,Credit Card,2742.7,Completed,TXN-7823-7823
7824,7824,2025-12-06 18:48:00,PayPal,2549.73,Completed,TXN-7824-7824
7825,7825,2025-04-26 15:56:03,Cash on Delivery,3342.33,Completed,TXN-7825-7825
7826,7826,2026-01-17 19:53:39,Debit Card,62.52,Completed,TXN-7826-7826
7827,7827,2026-03-23 02:26:17,Bank Transfer,1195.09,Completed,TXN-7827-7827
7828,7828,2026-02-11 15:50:31,PayPal,3138.16,Pending,
7829,7829,2024-10-02 11:52:40,PayPal,4641.64,Completed,TXN-7829-7829
7830,7830,2025-10-04 02:44:03,Credit Card,3061.3,Pending,
7831,7831,2026-04-26 03:56:44,Cash on Delivery,4221.34,Completed,TXN-7831-7831
7832,7832,2024-09-17 07:25:25,Cash on Delivery,1753.36,Completed,TXN-7832-7832
7833,7833,2025-09-25 20:31:29,Bank Transfer,3023.16,Completed,TXN-7833-7833
7834,7834,2026-03-09 11:24:30,Bank Transfer,3426.5,Pending,
7835,7835,2025-12-03 18:20:07,PayPal,4946.79,Completed,TXN-7835-7835
7836,7836,2025-05-22 02:32:32,Debit Card,1332.26,Completed,TXN-7836-7836
7837,7837,2026-08-10 06:38:32,Debit Card,1880.44,Completed,TXN-7837-7837
7838,7838,2025-12-02 22:40:24,Debit Card,5436.21,Completed,TXN-7838-7838
7839,7839,2026-05-18 04:13:45,Credit Card,880.29,Completed,TXN-7839-7839
7840,7840,2026-06-19 20:15:16,Debit Card,696.81,Failed,
7841,7841,2026-04-01 16:00:09,Cash on Delivery,3471.2,Completed,TXN-7841-7841
7842,7842,2025-06-19 15:27:55,Credit Card,2264.01,Completed,TXN-7842-7842
7843,7843,2026-07-13 03:01:18,Cash on Delivery,630.61,Completed,TXN-7843-7843
7844,7844,2026-01-26 14:31:30,PayPal,520.37,Completed,TXN-7844-7844
7845,7845,2024-09-24 08:18:02,Credit Card,31.94,Completed,TXN-7845-7845
7846,7846,2024-02-27 05:56:02,Credit Card,3304.72,Completed,TXN-7846-7846
7847,7847,2026-04-14 02:38:36,Cash on Delivery,132.89,Completed,TXN-7847-7847
7848,7848,2024-05-03 01:19:11,Cash on Delivery,1286.16,Completed,TXN-7848-7848
7849,7849,2025-07-21 23:08:41,Bank Transfer,3644.82,Completed,TXN-7849-7849
7850,7850,2026-01-22 06:52:13,Cash on Delivery,1210.39,Completed,TXN-7850-7850
7851,7851,2026-03-22 21:46:38,Cash on Delivery,2891.12,Completed,TXN-7851-7851
7852,7852,2026-07-06 22:52:24,Cash on Delivery,5221.96,Completed,TXN-7852-7852
7853,7853,2024-10-08 15:08:46,Debit Card,3244.61,Completed,TXN-7853-7853
7854,7854,2026-02-09 21:48:48,Cash on Delivery,1967.72,Completed,TXN-7854-7854
7855,7855,2026-04-29 05:14:40,Debit Card,496.86,Completed,TXN-7855-7855
7856,7856,2024-12-15 02:58:32,Debit Card,8190.32,Completed,TXN-7856-7856
7857,7857,2024-09-09 16:52:54,Bank Transfer,1080.81,Completed,TXN-7857-7857
7858,7858,2026-06-15 17:58:31,Credit Card,1210.39,Pending,
7859,7859,2026-06-07 12:13:07,Cash on Delivery,225.91,Completed,TXN-7859-7859
7860,7860,2026-02-08 22:26:21,Cash on Delivery,1005.16,Completed,TXN-7860-7860
7861,7861,2025-01-02 02:34:27,Cash on Delivery,1499.17,Completed,TXN-7861-7861
7862,7862,2026-07-01 21:59:27,Cash on Delivery,2562.07,Completed,TXN-7862-7862
7863,7863,2026-04-15 22:00:27,Credit Card,1369.95,Completed,TXN-7863-7863
7864,7864,2025-05-25 07:44:00,Debit Card,206.74,Completed,TXN-7864-7864
7865,7865,2024-10-31 10:19:01,Debit Card,3879.28,Completed,TXN-7865-7865
7866,7866,2025-07-04 21:14:27,Bank Transfer,883.74,Pending,
7867,7867,2026-08-17 14:53:35,Credit Card,890.22,Completed,TXN-7867-7867
7868,7868,2026-08-19 13:02:04,Cash on Delivery,5727.59,Completed,TXN-7868-7868
7869,7869,2025-08-11 06:20:43,PayPal,567.58,Completed,TXN-7869-7869
7870,7870,2025-04-23 04:31:20,Credit Card,457.79,Completed,TXN-7870-7870
7871,7871,2026-04-09 07:29:53,Cash on Delivery,985.49,Completed,TXN-7871-7871
7872,7872,2026-04-12 03:13:14,PayPal,2391.07,Completed,TXN-7872-7872
7873,7873,2025-12-28 13:17:58,Bank Transfer,2904.69,Completed,TXN-7873-7873
7874,7874,2026-01-29 03:34:37,PayPal,5544.49,Completed,TXN-7874-7874
7875,7875,2025-11-08 15:34:18,PayPal,176.2,Completed,TXN-7875-7875
7876,7876,2025-06-18 16:02:32,PayPal,1926.01,Completed,TXN-7876-7876
7877,7877,2025-03-07 10:35:31,Credit Card,2174.53,Completed,TXN-7877-7877
7878,7878,2026-01-10 15:03:05,Bank Transfer,1538.05,Completed,TXN-7878-7878
7879,7879,2026-05-25 10:16:10,Debit Card,3016.78,Completed,TXN-7879-7879
7880,7880,2024-12-19 13:15:55,Cash on Delivery,560.63,Completed,TXN-7880-7880
7881,7881,2025-02-11 02:11:44,Cash on Delivery,1455.81,Completed,TXN-7881-7881
7882,7882,2026-01-17 11:59:23,PayPal,959.77,Completed,TXN-7882-7882
7883,7883,2025-08-15 09:22:26,Debit Card,994.53,Completed,TXN-7883-7883
7884,7884,2026-07-26 20:30:17,Bank Transfer,144.27,Refunded,TXN-7884-7884
7885,7885,2026-08-28 00:39:16,Cash on Delivery,1421.79,Completed,TXN-7885-7885
7886,7886,2025-10-26 19:16:37,Bank Transfer,2955.01,Failed,
7887,7887,2025-08-21 08:25:54,Cash on Delivery,4099.48,Completed,TXN-7887-7887
7888,7888,2026-07-22 09:23:14,Credit Card,2919.31,Completed,TXN-7888-7888
7889,7889,2025-12-01 19:21:56,PayPal,3235.92,Pending,
7890,7890,2026-01-12 12:07:26,Debit Card,731.81,Completed,TXN-7890-7890
7891,7891,2026-06-19 10:22:48,Bank Transfer,2245.91,Completed,TXN-7891-7891
7892,7892,2026-08-05 23:07:05,PayPal,1059.55,Completed,TXN-7892-7892
7893,7893,2025-04-26 10:06:31,Debit Card,5601.27,Completed,TXN-7893-7893
7894,7894,2026-02-26 02:39:42,Debit Card,779.02,Completed,TXN-7894-7894
7895,7895,2026-01-14 08:25:36,PayPal,643.85,Completed,TXN-7895-7895
7896,7896,2026-07-09 06:52:56,Credit Card,1236.03,Completed,TXN-7896-7896
7897,7897,2026-07-23 16:42:39,Cash on Delivery,1674.45,Completed,TXN-7897-7897
7898,7898,2026-01-13 20:18:54,PayPal,218.1,Completed,TXN-7898-7898
7899,7899,2026-08-04 01:29:52,Credit Card,2632.38,Completed,TXN-7899-7899
7900,7900,2026-01-24 13:35:18,Debit Card,457.79,Completed,TXN-7900-7900
7901,7901,2024-02-13 18:36:33,PayPal,3047.26,Completed,TXN-7901-7901
7902,7902,2024-07-03 04:00:52,Credit Card,5217.25,Completed,TXN-7902-7902
7903,7903,2023-11-22 16:38:10,Cash on Delivery,4054.79,Completed,TXN-7903-7903
7904,7904,2026-04-22 10:33:34,PayPal,1160.45,Completed,TXN-7904-7904
7905,7905,2026-05-12 04:52:31,Cash on Delivery,748.02,Completed,TXN-7905-7905
7906,7906,2024-11-12 20:47:46,Debit Card,72.7,Completed,TXN-7906-7906
7907,7907,2026-08-23 19:09:25,Credit Card,1306.07,Completed,TXN-7907-7907
7908,7908,2024-12-12 21:34:43,Credit Card,1094.81,Completed,TXN-7908-7908
7909,7909,2026-02-12 16:53:12,Debit Card,1167.19,Completed,TXN-7909-7909
7910,7910,2026-04-25 20:26:23,Debit Card,149.0,Completed,TXN-7910-7910
7911,7911,2026-06-21 12:03:39,Bank Transfer,1670.26,Completed,TXN-7911-7911
7912,7912,2025-10-25 04:05:28,Debit Card,427.29,Completed,TXN-7912-7912
7913,7913,2025-04-04 14:30:14,Bank Transfer,125.04,Completed,TXN-7913-7913
7914,7914,2024-04-02 16:01:05,PayPal,915.58,Completed,TXN-7914-7914
7915,7915,2025-11-11 18:18:17,PayPal,1449.0,Completed,TXN-7915-7915
7916,7916,2026-08-03 01:41:11,Bank Transfer,2574.94,Completed,TXN-7916-7916
7917,7917,2026-07-29 00:04:52,Debit Card,5439.74,Completed,TXN-7917-7917
7918,7918,2026-07-10 05:47:25,PayPal,2650.2,Completed,TXN-7918-7918
7919,7919,2026-08-27 07:51:37,Debit Card,2937.08,Completed,TXN-7919-7919
7920,7920,2026-08-17 23:58:31,Debit Card,3873.92,Completed,TXN-7920-7920
7921,7921,2026-05-19 15:56:37,Cash on Delivery,994.53,Completed,TXN-7921-7921
7922,7922,2025-10-06 14:53:28,Debit Card,2806.66,Completed,TXN-7922-7922
7923,7923,2026-08-19 20:25:20,Credit Card,3583.86,Completed,TXN-7923-7923
7924,7924,2025-11-07 07:29:44,PayPal,4889.06,Pending,
7925,7925,2026-01-31 06:13:11,Cash on Delivery,4696.83,Completed,TXN-7925-7925
7926,7926,2025-05-18 12:18:14,Bank Transfer,641.58,Pending,
7927,7927,2025-05-25 13:15:04,Credit Card,4082.08,Completed,TXN-7927-7927
7928,7928,2026-01-12 09:29:59,PayPal,1822.58,Completed,TXN-7928-7928
7929,7929,2026-07-22 22:26:19,Credit Card,685.14,Completed,TXN-7929-7929
7930,7930,2025-11-09 01:54:29,Debit Card,1968.83,Pending,
7931,7931,2025-02-16 01:17:05,Cash on Delivery,4978.3,Completed,TXN-7931-7931
7932,7932,2026-07-01 15:17:31,Credit Card,1188.96,Completed,TXN-7932-7932
7933,7933,2024-09-23 16:56:43,Debit Card,5000.38,Completed,TXN-7933-7933
7934,7934,2025-10-14 17:31:45,Credit Card,1476.03,Completed,TXN-7934-7934
7935,7935,2026-04-06 03:24:29,Debit Card,2377.28,Completed,TXN-7935-7935
7936,7936,2026-02-20 12:12:20,Debit Card,557.91,Completed,TXN-7936-7936
7937,7937,2026-08-27 05:02:05,Bank Transfer,2235.27,Completed,TXN-7937-7937
7938,7938,2026-08-30 17:15:22,Cash on Delivery,1963.3,Completed,TXN-7938-7938
7939,7939,2026-08-12 10:12:00,Credit Card,2104.29,Completed,TXN-7939-7939
7940,7940,2026-07-27 20:39:12,Debit Card,633.08,Completed,TXN-7940-7940
7941,7941,2026-02-21 00:38:44,Debit Card,3642.4,Completed,TXN-7941-7941
7942,7942,2025-01-10 22:07:38,Debit Card,365.54,Completed,TXN-7942-7942
7943,7943,2025-08-06 00:50:06,Debit Card,1872.74,Completed,TXN-7943-7943
7944,7944,2024-03-12 18:54:53,Debit Card,2576.86,Completed,TXN-7944-7944
7945,7945,2026-03-18 09:13:11,Debit Card,3898.34,Completed,TXN-7945-7945
7946,7946,2026-05-15 11:01:10,PayPal,272.6,Completed,TXN-7946-7946
7947,7947,2025-10-15 01:53:14,Credit Card,652.86,Completed,TXN-7947-7947
7948,7948,2025-10-17 03:07:20,Bank Transfer,774.23,Completed,TXN-7948-7948
7949,7949,2025-06-17 05:57:33,Bank Transfer,4395.49,Completed,TXN-7949-7949
7950,7950,2026-06-28 20:31:03,Bank Transfer,6828.34,Completed,TXN-7950-7950
7951,7951,2025-09-04 19:34:38,PayPal,597.45,Completed,TXN-7951-7951
7952,7952,2026-08-23 03:51:30,Bank Transfer,1040.74,Completed,TXN-7952-7952
7953,7953,2025-09-04 08:17:05,Credit Card,5852.83,Completed,TXN-7953-7953
7954,7954,2026-06-15 12:11:43,Debit Card,1966.72,Completed,TXN-7954-7954
7955,7955,2024-04-18 05:45:14,Credit Card,3585.34,Completed,TXN-7955-7955
7956,7956,2026-06-22 04:37:20,Cash on Delivery,1506.32,Completed,TXN-7956-7956
7957,7957,2024-06-17 23:16:44,Credit Card,948.42,Completed,TXN-7957-7957
7958,7958,2025-04-20 05:27:34,Bank Transfer,202.6,Completed,TXN-7958-7958
7959,7959,2026-03-05 04:11:43,Bank Transfer,1618.63,Failed,
7960,7960,2025-06-16 16:13:08,Debit Card,2322.95,Completed,TXN-7960-7960
7961,7961,2025-08-28 08:52:56,Debit Card,935.97,Completed,TXN-7961-7961
7962,7962,2026-03-12 20:46:19,Bank Transfer,3199.9,Completed,TXN-7962-7962
7963,7963,2026-07-17 16:05:01,Cash on Delivery,1136.44,Completed,TXN-7963-7963
7964,7964,2026-08-28 02:05:04,PayPal,204.55,Completed,TXN-7964-7964
7965,7965,2026-01-10 14:21:07,Debit Card,1605.23,Completed,TXN-7965-7965
7966,7966,2024-11-04 23:36:38,Bank Transfer,1347.53,Completed,TXN-7966-7966
7967,7967,2025-03-04 23:25:09,Credit Card,1332.57,Completed,TXN-7967-7967
7968,7968,2025-12-23 07:13:22,Debit Card,2098.21,Completed,TXN-7968-7968
7969,7969,2026-08-11 19:27:55,Debit Card,1406.36,Completed,TXN-7969-7969
7970,7970,2026-06-21 21:41:54,Bank Transfer,4009.39,Pending,
7971,7971,2026-08-09 03:20:41,PayPal,2825.1,Failed,
7972,7972,2025-06-23 21:18:41,Debit Card,158.89,Completed,TXN-7972-7972
7973,7973,2026-03-26 06:19:04,Debit Card,2303.99,Failed,
7974,7974,2026-01-31 19:30:44,Credit Card,1206.38,Completed,TXN-7974-7974
7975,7975,2025-08-04 03:59:47,PayPal,1199.88,Completed,TXN-7975-7975
7976,7976,2025-01-21 17:52:39,PayPal,1209.68,Completed,TXN-7976-7976
7977,7977,2025-08-12 07:43:03,Cash on Delivery,791.04,Completed,TXN-7977-7977
7978,7978,2025-06-06 06:19:14,Debit Card,1517.56,Completed,TXN-7978-7978
7979,7979,2026-07-28 11:58:23,Credit Card,164.1,Refunded,TXN-7979-7979
7980,7980,2026-04-15 11:49:09,Debit Card,3055.12,Refunded,TXN-7980-7980
7981,7981,2026-05-02 19:10:51,Credit Card,4004.97,Completed,TXN-7981-7981
7982,7982,2026-08-22 14:55:22,Credit Card,4175.51,Completed,TXN-7982-7982
7983,7983,2026-05-27 23:54:34,Credit Card,829.41,Pending,
7984,7984,2024-08-25 16:05:23,PayPal,767.49,Completed,TXN-7984-7984
7985,7985,2025-02-21 20:45:42,PayPal,575.03,Completed,TXN-7985-7985
7986,7986,2024-12-25 16:51:22,PayPal,511.66,Refunded,TXN-7986-7986
7987,7987,2025-03-08 03:08:44,Bank Transfer,900.52,Completed,TXN-7987-7987
7988,7988,2026-04-28 13:11:02,PayPal,918.04,Completed,TXN-7988-7988
7989,7989,2026-06-09 18:04:33,PayPal,441.78,Completed,TXN-7989-7989
7990,7990,2026-07-09 11:46:45,Credit Card,431.17,Completed,TXN-7990-7990
7991,7991,2026-07-11 09:44:17,Debit Card,287.02,Pending,
7992,7992,2025-09-08 18:16:29,PayPal,1102.04,Completed,TXN-7992-7992
7993,7993,2025-12-13 08:45:12,PayPal,2655.76,Completed,TXN-7993-7993
7994,7994,2026-06-25 19:11:41,Bank Transfer,795.62,Completed,TXN-7994-7994
7995,7995,2025-08-07 09:16:50,PayPal,1922.01,Completed,TXN-7995-7995
7996,7996,2026-08-12 12:01:31,Credit Card,2279.92,Completed,TXN-7996-7996
7997,7997,2026-04-25 09:58:09,Bank Transfer,4743.07,Completed,TXN-7997-7997
7998,7998,2026-08-21 13:38:41,Credit Card,1708.44,Completed,TXN-7998-7998
7999,7999,2026-02-07 10:08:13,Debit Card,1135.32,Completed,TXN-7999-7999
8000,8000,2026-06-21 22:45:24,Bank Transfer,2276.15,Completed,TXN-8000-8000
8001,8001,2026-08-16 06:12:05,Credit Card,5360.0,Completed,TXN-8001-8001
8002,8002,2024-11-20 17:45:13,Debit Card,3412.51,Completed,TXN-8002-8002
8003,8003,2024-08-12 09:53:40,PayPal,2898.49,Completed,TXN-8003-8003
8004,8004,2026-07-03 09:02:05,Credit Card,806.58,Completed,TXN-8004-8004
8005,8005,2026-08-27 06:22:37,Debit Card,2712.99,Refunded,TXN-8005-8005
8006,8006,2026-07-22 05:48:16,Debit Card,434.07,Completed,TXN-8006-8006
8007,8007,2026-08-20 20:37:01,Credit Card,1318.73,Failed,
8008,8008,2025-03-28 16:42:45,PayPal,1645.76,Pending,
8009,8009,2026-05-20 23:59:43,Credit Card,1161.63,Completed,TXN-8009-8009
8010,8010,2025-10-28 04:45:30,Debit Card,856.0,Failed,
8011,8011,2025-11-04 10:38:06,Bank Transfer,4618.07,Completed,TXN-8011-8011
8012,8012,2026-04-25 00:54:38,Credit Card,2334.05,Completed,TXN-8012-8012
8013,8013,2025-05-17 03:02:16,Credit Card,922.84,Refunded,TXN-8013-8013
8014,8014,2025-11-18 15:55:40,Credit Card,2331.59,Pending,
8015,8015,2025-11-28 01:09:59,Credit Card,994.18,Completed,TXN-8015-8015
8016,8016,2026-06-26 14:30:45,Cash on Delivery,410.44,Completed,TXN-8016-8016
8017,8017,2025-09-18 12:17:38,Credit Card,1495.38,Completed,TXN-8017-8017
8018,8018,2025-10-27 11:23:45,Cash on Delivery,4495.36,Completed,TXN-8018-8018
8019,8019,2025-02-04 05:11:38,Debit Card,449.18,Completed,TXN-8019-8019
8020,8020,2026-03-07 19:19:04,Cash on Delivery,3705.59,Completed,TXN-8020-8020
8021,8021,2025-12-24 11:51:01,PayPal,1925.97,Completed,TXN-8021-8021
8022,8022,2025-09-23 15:09:58,Cash on Delivery,3554.42,Completed,TXN-8022-8022
8023,8023,2026-05-20 23:53:02,Debit Card,2985.87,Completed,TXN-8023-8023
8024,8024,2026-08-27 17:22:40,Credit Card,385.89,Completed,TXN-8024-8024
8025,8025,2025-05-09 19:54:53,Bank Transfer,537.71,Completed,TXN-8025-8025
8026,8026,2026-05-22 23:55:10,Bank Transfer,1828.86,Completed,TXN-8026-8026
8027,8027,2023-09-28 18:07:59,Credit Card,176.54,Completed,TXN-8027-8027
8028,8028,2026-03-01 21:55:47,Bank Transfer,2323.42,Completed,TXN-8028-8028
8029,8029,2025-12-26 08:55:23,Credit Card,2579.92,Completed,TXN-8029-8029
8030,8030,2025-04-08 01:19:18,PayPal,1967.06,Completed,TXN-8030-8030
8031,8031,2026-03-27 18:08:24,Credit Card,457.79,Completed,TXN-8031-8031
8032,8032,2025-07-18 11:28:27,Cash on Delivery,619.82,Completed,TXN-8032-8032
8033,8033,2025-09-01 00:42:24,PayPal,1015.05,Completed,TXN-8033-8033
8034,8034,2025-07-13 21:50:45,PayPal,1028.93,Completed,TXN-8034-8034
8035,8035,2026-03-29 19:13:40,Debit Card,3746.49,Completed,TXN-8035-8035
8036,8036,2026-07-15 10:31:36,Credit Card,765.07,Completed,TXN-8036-8036
8037,8037,2026-02-08 21:25:23,PayPal,392.67,Completed,TXN-8037-8037
8038,8038,2024-10-02 13:23:10,PayPal,1981.57,Completed,TXN-8038-8038
8039,8039,2024-08-22 22:55:46,Debit Card,1247.6,Completed,TXN-8039-8039
8040,8040,2024-07-08 07:41:15,Cash on Delivery,1769.11,Pending,
8041,8041,2026-04-05 00:40:24,PayPal,2372.14,Completed,TXN-8041-8041
8042,8042,2025-07-05 03:07:26,PayPal,2264.32,Completed,TXN-8042-8042
8043,8043,2026-01-04 22:36:00,Bank Transfer,777.68,Failed,
8044,8044,2026-07-02 02:11:07,Cash on Delivery,583.61,Completed,TXN-8044-8044
8045,8045,2026-08-10 19:40:56,PayPal,4826.13,Failed,
8046,8046,2026-06-14 03:51:42,PayPal,406.96,Completed,TXN-8046-8046
8047,8047,2026-06-25 23:53:37,Credit Card,2577.43,Refunded,TXN-8047-8047
8048,8048,2026-03-27 02:54:10,Cash on Delivery,1106.3,Completed,TXN-8048-8048
8049,8049,2025-04-18 07:43:21,Credit Card,1672.36,Failed,
8050,8050,2026-08-03 12:54:37,Bank Transfer,3523.13,Completed,TXN-8050-8050
8051,8051,2026-04-07 22:28:51,PayPal,3976.05,Pending,
8052,8052,2025-06-30 03:18:47,Credit Card,2532.32,Completed,TXN-8052-8052
8053,8053,2026-05-12 04:24:44,PayPal,1548.46,Completed,TXN-8053-8053
8054,8054,2025-12-31 19:42:28,Bank Transfer,507.48,Completed,TXN-8054-8054
8055,8055,2025-03-12 05:40:08,Credit Card,1888.94,Refunded,TXN-8055-8055
8056,8056,2025-09-09 08:16:43,Debit Card,4401.17,Completed,TXN-8056-8056
8057,8057,2026-01-23 22:18:33,Cash on Delivery,527.02,Completed,TXN-8057-8057
8058,8058,2026-05-03 01:10:06,Credit Card,62.52,Completed,TXN-8058-8058
8059,8059,2026-08-02 18:22:42,PayPal,5064.04,Completed,TXN-8059-8059
8060,8060,2026-05-16 09:13:58,Credit Card,1848.39,Completed,TXN-8060-8060
8061,8061,2024-12-17 04:25:51,Credit Card,1674.45,Completed,TXN-8061-8061
8062,8062,2025-03-28 12:31:54,Debit Card,265.78,Completed,TXN-8062-8062
8063,8063,2025-11-18 19:49:04,Bank Transfer,1102.67,Completed,TXN-8063-8063
8064,8064,2025-03-04 08:55:36,Credit Card,1886.14,Completed,TXN-8064-8064
8065,8065,2026-08-26 00:09:22,Credit Card,1218.8,Completed,TXN-8065-8065
8066,8066,2025-08-01 16:34:03,PayPal,423.7,Pending,
8067,8067,2025-02-19 01:00:07,Debit Card,774.23,Completed,TXN-8067-8067
8068,8068,2026-04-20 01:52:43,PayPal,1267.52,Completed,TXN-8068-8068
8069,8069,2024-09-15 13:24:22,Credit Card,966.7,Completed,TXN-8069-8069
8070,8070,2026-08-24 04:39:45,PayPal,1879.03,Completed,TXN-8070-8070
8071,8071,2025-12-14 05:37:35,Credit Card,1115.94,Completed,TXN-8071-8071
8072,8072,2026-08-14 20:06:27,Bank Transfer,1896.5,Completed,TXN-8072-8072
8073,8073,2026-08-30 23:56:16,PayPal,875.53,Completed,TXN-8073-8073
8074,8074,2025-10-29 05:19:52,Debit Card,1620.11,Pending,
8075,8075,2026-04-25 10:12:52,Credit Card,2291.73,Completed,TXN-8075-8075
8076,8076,2025-05-23 07:24:50,PayPal,930.25,Completed,TXN-8076-8076
8077,8077,2026-03-23 18:45:29,Bank Transfer,1002.26,Completed,TXN-8077-8077
8078,8078,2025-10-22 07:06:45,Bank Transfer,764.6,Completed,TXN-8078-8078
8079,8079,2025-07-06 10:17:22,Debit Card,3096.49,Completed,TXN-8079-8079
8080,8080,2026-02-21 22:19:54,PayPal,305.76,Completed,TXN-8080-8080
8081,8081,2026-07-16 18:46:22,Debit Card,6811.13,Completed,TXN-8081-8081
8082,8082,2026-06-04 08:56:56,Cash on Delivery,894.76,Completed,TXN-8082-8082
8083,8083,2026-08-16 23:33:28,Debit Card,1455.75,Completed,TXN-8083-8083
8084,8084,2025-04-20 22:36:07,Cash on Delivery,1138.46,Completed,TXN-8084-8084
8085,8085,2025-09-12 08:42:51,Bank Transfer,125.04,Completed,TXN-8085-8085
8086,8086,2025-10-17 15:44:17,Credit Card,781.65,Completed,TXN-8086-8086
8087,8087,2026-01-27 19:38:22,Debit Card,800.5,Completed,TXN-8087-8087
8088,8088,2025-01-19 11:58:54,Cash on Delivery,150.06,Completed,TXN-8088-8088
8089,8089,2024-03-12 18:27:02,Credit Card,1030.54,Completed,TXN-8089-8089
8090,8090,2026-02-07 22:43:31,Bank Transfer,996.56,Pending,
8091,8091,2026-07-27 10:35:54,PayPal,3272.4,Completed,TXN-8091-8091
8092,8092,2026-06-15 15:25:27,Bank Transfer,3793.31,Completed,TXN-8092-8092
8093,8093,2024-12-21 04:36:04,Bank Transfer,880.29,Completed,TXN-8093-8093
8094,8094,2026-02-18 03:27:14,Credit Card,287.02,Completed,TXN-8094-8094
8095,8095,2024-09-22 07:37:20,Debit Card,1573.62,Completed,TXN-8095-8095
8096,8096,2026-08-18 22:42:45,Credit Card,527.53,Completed,TXN-8096-8096
8097,8097,2026-03-18 05:37:26,Debit Card,8184.68,Completed,TXN-8097-8097
8098,8098,2026-08-27 03:25:05,Credit Card,2677.56,Refunded,TXN-8098-8098
8099,8099,2025-09-02 04:37:19,Credit Card,525.25,Completed,TXN-8099-8099
8100,8100,2026-07-14 17:54:53,Debit Card,459.02,Completed,TXN-8100-8100
8101,8101,2026-07-13 07:28:19,PayPal,1089.43,Completed,TXN-8101-8101
8102,8102,2026-03-19 07:17:20,Bank Transfer,217.62,Completed,TXN-8102-8102
8103,8103,2026-02-24 11:15:12,Credit Card,1669.88,Completed,TXN-8103-8103
8104,8104,2025-09-09 02:01:08,Debit Card,7417.1,Completed,TXN-8104-8104
8105,8105,2025-11-30 14:40:30,Cash on Delivery,557.91,Completed,TXN-8105-8105
8106,8106,2024-05-02 14:39:27,Bank Transfer,4466.08,Completed,TXN-8106-8106
8107,8107,2026-06-14 01:38:26,Bank Transfer,5027.57,Completed,TXN-8107-8107
8108,8108,2024-05-27 13:27:50,Bank Transfer,2726.42,Completed,TXN-8108-8108
8109,8109,2025-05-12 10:32:59,Cash on Delivery,59.39,Completed,TXN-8109-8109
8110,8110,2026-02-08 01:30:30,Debit Card,4363.84,Completed,TXN-8110-8110
8111,8111,2026-02-16 07:54:20,Credit Card,320.79,Completed,TXN-8111-8111
8112,8112,2026-01-29 05:06:08,Debit Card,1621.63,Completed,TXN-8112-8112
8113,8113,2026-01-08 00:59:13,Credit Card,1013.17,Completed,TXN-8113-8113
8114,8114,2025-04-05 20:05:55,Debit Card,1227.07,Completed,TXN-8114-8114
8115,8115,2026-07-24 14:02:14,Credit Card,374.42,Completed,TXN-8115-8115
8116,8116,2026-03-27 19:02:20,Debit Card,439.68,Completed,TXN-8116-8116
8117,8117,2023-12-08 00:08:20,Credit Card,3793.8,Completed,TXN-8117-8117
8118,8118,2025-10-30 17:58:26,Cash on Delivery,1750.83,Completed,TXN-8118-8118
8119,8119,2026-03-06 19:07:22,Cash on Delivery,1675.66,Completed,TXN-8119-8119
8120,8120,2026-08-05 21:35:30,PayPal,132.89,Completed,TXN-8120-8120
8121,8121,2024-10-26 02:32:53,Cash on Delivery,1541.79,Completed,TXN-8121-8121
8122,8122,2024-04-15 21:16:45,Debit Card,1582.98,Completed,TXN-8122-8122
8123,8123,2025-10-18 07:45:56,PayPal,2469.78,Completed,TXN-8123-8123
8124,8124,2026-07-25 16:32:26,Debit Card,1063.32,Completed,TXN-8124-8124
8125,8125,2026-08-01 17:42:17,PayPal,459.02,Pending,
8126,8126,2026-03-02 11:12:54,Debit Card,1480.6,Completed,TXN-8126-8126
8127,8127,2026-07-23 09:37:49,Credit Card,583.61,Completed,TXN-8127-8127
8128,8128,2026-03-19 16:29:48,Credit Card,757.74,Completed,TXN-8128-8128
8129,8129,2025-02-28 02:04:51,PayPal,3051.85,Completed,TXN-8129-8129
8130,8130,2026-07-12 04:56:30,Credit Card,3336.48,Completed,TXN-8130-8130
8131,8131,2026-04-19 02:02:56,Credit Card,1989.06,Completed,TXN-8131-8131
8132,8132,2026-05-28 03:07:55,Credit Card,3562.61,Completed,TXN-8132-8132
8133,8133,2026-08-02 05:41:47,Credit Card,5174.52,Completed,TXN-8133-8133
8134,8134,2026-03-28 15:22:15,Cash on Delivery,1548.56,Completed,TXN-8134-8134
8135,8135,2025-02-20 00:07:11,PayPal,2083.2,Completed,TXN-8135-8135
8136,8136,2026-02-03 07:21:13,Debit Card,2198.5,Completed,TXN-8136-8136
8137,8137,2024-06-28 04:55:40,Credit Card,5333.32,Pending,
8138,8138,2026-07-22 20:03:53,PayPal,2647.79,Completed,TXN-8138-8138
8139,8139,2025-09-29 09:15:26,Debit Card,658.15,Completed,TXN-8139-8139
8140,8140,2026-06-18 01:08:15,Bank Transfer,236.54,Completed,TXN-8140-8140
8141,8141,2025-12-02 01:40:37,Cash on Delivery,653.22,Completed,TXN-8141-8141
8142,8142,2026-07-25 22:06:30,Debit Card,131.33,Completed,TXN-8142-8142
8143,8143,2026-05-19 13:57:28,Bank Transfer,2483.62,Completed,TXN-8143-8143
8144,8144,2026-08-06 09:27:19,Debit Card,3141.24,Completed,TXN-8144-8144
8145,8145,2025-07-30 04:52:06,Cash on Delivery,2311.26,Pending,
8146,8146,2024-05-09 15:23:44,Credit Card,298.0,Pending,
8147,8147,2026-07-12 03:07:01,Cash on Delivery,941.08,Completed,TXN-8147-8147
8148,8148,2026-02-26 04:43:57,Bank Transfer,932.55,Completed,TXN-8148-8148
8149,8149,2026-07-06 19:18:50,Credit Card,364.68,Completed,TXN-8149-8149
8150,8150,2024-01-21 07:59:21,Cash on Delivery,435.68,Completed,TXN-8150-8150
8151,8151,2025-03-31 08:07:30,Debit Card,1681.79,Completed,TXN-8151-8151
8152,8152,2024-12-09 18:39:45,Debit Card,30.77,Completed,TXN-8152-8152
8153,8153,2026-01-12 23:28:18,Bank Transfer,994.53,Completed,TXN-8153-8153
8154,8154,2026-02-15 03:40:36,Credit Card,2222.06,Completed,TXN-8154-8154
8155,8155,2026-06-12 05:12:27,Cash on Delivery,604.84,Completed,TXN-8155-8155
8156,8156,2025-04-06 20:33:43,PayPal,125.04,Completed,TXN-8156-8156
8157,8157,2026-07-14 23:02:27,Credit Card,981.65,Completed,TXN-8157-8157
8158,8158,2026-08-31 01:13:05,Cash on Delivery,1967.73,Completed,TXN-8158-8158
8159,8159,2025-07-10 01:24:16,Credit Card,62.52,Completed,TXN-8159-8159
8160,8160,2024-04-02 04:58:07,Cash on Delivery,4474.57,Completed,TXN-8160-8160
8161,8161,2024-09-27 21:58:58,Bank Transfer,1019.19,Completed,TXN-8161-8161
8162,8162,2024-09-18 15:14:49,PayPal,398.67,Completed,TXN-8162-8162
8163,8163,2026-01-19 02:40:19,Debit Card,1452.75,Completed,TXN-8163-8163
8164,8164,2026-06-09 19:37:57,Debit Card,1263.24,Completed,TXN-8164-8164
8165,8165,2025-04-21 01:57:24,Debit Card,5191.94,Completed,TXN-8165-8165
8166,8166,2026-02-22 11:33:18,Debit Card,3391.54,Pending,
8167,8167,2026-07-07 15:03:18,Cash on Delivery,1477.65,Completed,TXN-8167-8167
8168,8168,2026-03-08 07:14:22,Bank Transfer,1179.04,Completed,TXN-8168-8168
8169,8169,2025-09-16 15:04:33,Debit Card,720.82,Completed,TXN-8169-8169
8170,8170,2026-08-07 18:31:33,Bank Transfer,1245.23,Pending,
8171,8171,2025-06-16 00:53:27,Debit Card,777.19,Completed,TXN-8171-8171
8172,8172,2025-05-19 07:39:50,PayPal,520.37,Completed,TXN-8172-8172
8173,8173,2026-06-08 00:44:22,Debit Card,1502.96,Completed,TXN-8173-8173
8174,8174,2026-03-06 11:47:37,PayPal,5750.95,Completed,TXN-8174-8174
8175,8175,2025-11-08 18:38:29,Debit Card,301.36,Completed,TXN-8175-8175
8176,8176,2024-09-11 11:22:47,Bank Transfer,6525.07,Completed,TXN-8176-8176
8177,8177,2026-08-16 08:08:21,Bank Transfer,3603.09,Completed,TXN-8177-8177
8178,8178,2026-06-14 08:13:35,Cash on Delivery,4192.16,Completed,TXN-8178-8178
8179,8179,2026-08-29 21:56:07,Cash on Delivery,2360.68,Completed,TXN-8179-8179
8180,8180,2026-06-18 07:53:20,PayPal,1583.13,Completed,TXN-8180-8180
8181,8181,2025-04-19 02:19:42,Bank Transfer,760.92,Completed,TXN-8181-8181
8182,8182,2026-06-26 08:01:39,PayPal,1055.23,Completed,TXN-8182-8182
8183,8183,2026-06-06 08:00:25,Bank Transfer,4001.32,Completed,TXN-8183-8183
8184,8184,2026-08-20 00:53:23,Bank Transfer,2043.44,Completed,TXN-8184-8184
8185,8185,2026-06-02 10:47:54,Credit Card,1168.76,Completed,TXN-8185-8185
8186,8186,2025-02-10 20:08:19,Bank Transfer,234.62,Completed,TXN-8186-8186
8187,8187,2024-03-30 10:41:52,Debit Card,626.68,Pending,
8188,8188,2026-01-05 14:22:14,Debit Card,1188.49,Completed,TXN-8188-8188
8189,8189,2025-07-12 01:25:14,Cash on Delivery,5383.4,Completed,TXN-8189-8189
8190,8190,2026-07-31 05:12:44,Credit Card,2011.09,Completed,TXN-8190-8190
8191,8191,2026-01-09 22:38:18,Debit Card,583.61,Completed,TXN-8191-8191
8192,8192,2025-04-27 01:51:29,Cash on Delivery,1339.44,Completed,TXN-8192-8192
8193,8193,2026-04-05 01:13:56,Bank Transfer,2103.45,Completed,TXN-8193-8193
8194,8194,2026-05-21 09:34:11,PayPal,5427.67,Completed,TXN-8194-8194
8195,8195,2026-08-17 22:49:13,Credit Card,358.48,Completed,TXN-8195-8195
8196,8196,2026-07-11 01:50:49,PayPal,130.86,Completed,TXN-8196-8196
8197,8197,2025-06-26 10:05:31,Debit Card,4251.69,Completed,TXN-8197-8197
8198,8198,2026-07-24 02:07:53,Bank Transfer,5783.86,Completed,TXN-8198-8198
8199,8199,2026-03-07 12:35:02,PayPal,1482.05,Completed,TXN-8199-8199
8200,8200,2026-02-27 06:24:08,Bank Transfer,5997.65,Refunded,TXN-8200-8200
8201,8201,2026-08-18 14:55:35,Debit Card,176.1,Completed,TXN-8201-8201
8202,8202,2026-07-16 08:56:12,Bank Transfer,2098.55,Completed,TXN-8202-8202
8203,8203,2026-04-22 08:06:29,Bank Transfer,2947.04,Completed,TXN-8203-8203
8204,8204,2026-01-06 22:06:30,Credit Card,627.13,Completed,TXN-8204-8204
8205,8205,2026-08-21 14:10:27,Credit Card,613.34,Completed,TXN-8205-8205
8206,8206,2026-05-08 18:36:35,Cash on Delivery,813.91,Completed,TXN-8206-8206
8207,8207,2026-01-16 00:07:45,Credit Card,758.76,Failed,
8208,8208,2026-04-08 11:11:11,PayPal,2510.48,Completed,TXN-8208-8208
8209,8209,2026-08-05 00:41:05,Bank Transfer,4952.29,Pending,
8210,8210,2026-08-03 10:08:06,Cash on Delivery,2040.39,Completed,TXN-8210-8210
8211,8211,2026-01-23 03:26:04,Bank Transfer,973.78,Failed,
8212,8212,2025-09-15 13:27:29,PayPal,2284.15,Completed,TXN-8212-8212
8213,8213,2026-08-20 06:49:37,Debit Card,34.19,Failed,
8214,8214,2026-02-27 00:25:20,Credit Card,2874.84,Pending,
8215,8215,2026-07-12 11:21:18,Cash on Delivery,287.02,Completed,TXN-8215-8215
8216,8216,2026-03-05 07:14:44,Cash on Delivery,4026.85,Completed,TXN-8216-8216
8217,8217,2023-10-11 07:59:10,Cash on Delivery,269.05,Completed,TXN-8217-8217
8218,8218,2025-04-25 14:55:54,Credit Card,434.07,Completed,TXN-8218-8218
8219,8219,2026-05-25 07:27:12,Debit Card,281.89,Failed,
8220,8220,2026-03-21 03:43:43,PayPal,1571.99,Completed,TXN-8220-8220
8221,8221,2025-08-28 20:02:18,Debit Card,2099.59,Completed,TXN-8221-8221
8222,8222,2025-08-28 02:01:35,Debit Card,1844.33,Completed,TXN-8222-8222
8223,8223,2025-02-17 19:08:26,PayPal,202.6,Completed,TXN-8223-8223
8224,8224,2026-08-19 10:44:45,Cash on Delivery,1786.99,Completed,TXN-8224-8224
8225,8225,2026-08-15 23:23:09,Credit Card,994.18,Completed,TXN-8225-8225
8226,8226,2025-07-27 17:09:53,Credit Card,2660.9,Completed,TXN-8226-8226
8227,8227,2026-05-23 15:09:16,Credit Card,1994.62,Completed,TXN-8227-8227
8228,8228,2026-09-01 17:06:07,Bank Transfer,1651.87,Completed,TXN-8228-8228
8229,8229,2025-08-08 07:53:26,Credit Card,963.11,Pending,
8230,8230,2025-11-12 03:35:50,Bank Transfer,253.3,Completed,TXN-8230-8230
8231,8231,2025-01-30 07:12:15,Credit Card,3109.37,Completed,TXN-8231-8231
8232,8232,2026-04-02 04:56:40,Cash on Delivery,4589.86,Completed,TXN-8232-8232
8233,8233,2026-03-23 02:25:06,Bank Transfer,765.32,Completed,TXN-8233-8233
8234,8234,2026-01-04 16:26:46,Cash on Delivery,1670.83,Refunded,TXN-8234-8234
8235,8235,2024-10-27 10:54:19,Debit Card,3345.73,Completed,TXN-8235-8235
8236,8236,2026-08-11 18:08:14,Debit Card,2806.97,Completed,TXN-8236-8236
8237,8237,2025-03-27 11:26:30,Bank Transfer,237.08,Completed,TXN-8237-8237
8238,8238,2025-12-19 01:24:10,Cash on Delivery,3074.28,Completed,TXN-8238-8238
8239,8239,2026-03-28 14:34:08,PayPal,677.11,Completed,TXN-8239-8239
8240,8240,2024-07-05 13:25:42,Cash on Delivery,3090.61,Completed,TXN-8240-8240
8241,8241,2026-06-21 18:59:51,Bank Transfer,1566.62,Completed,TXN-8241-8241
8242,8242,2024-05-21 06:05:13,Bank Transfer,2135.06,Completed,TXN-8242-8242
8243,8243,2025-11-11 06:39:42,Cash on Delivery,3479.25,Completed,TXN-8243-8243
8244,8244,2026-03-04 18:03:28,PayPal,2541.54,Completed,TXN-8244-8244
8245,8245,2026-07-15 23:23:17,Credit Card,3329.13,Completed,TXN-8245-8245
8246,8246,2025-05-17 10:49:21,PayPal,1228.09,Completed,TXN-8246-8246
8247,8247,2026-05-05 08:11:36,Credit Card,165.2,Completed,TXN-8247-8247
8248,8248,2026-08-23 11:59:47,Debit Card,398.67,Failed,
8249,8249,2026-02-28 20:01:15,Bank Transfer,204.87,Completed,TXN-8249-8249
8250,8250,2025-02-09 14:07:53,PayPal,1471.72,Completed,TXN-8250-8250
8251,8251,2026-08-11 03:46:12,Bank Transfer,6162.85,Completed,TXN-8251-8251
8252,8252,2025-09-24 17:05:00,PayPal,1290.68,Completed,TXN-8252-8252
8253,8253,2026-04-26 03:40:24,Bank Transfer,456.92,Completed,TXN-8253-8253
8254,8254,2025-01-07 08:08:51,Debit Card,839.0,Completed,TXN-8254-8254
8255,8255,2026-07-12 00:35:53,PayPal,2740.36,Pending,
8256,8256,2026-05-17 20:38:51,Debit Card,6715.48,Completed,TXN-8256-8256
8257,8257,2026-03-22 13:36:35,Credit Card,1251.15,Pending,
8258,8258,2024-11-12 18:25:52,Debit Card,646.87,Completed,TXN-8258-8258
8259,8259,2026-07-26 00:05:47,Bank Transfer,2667.51,Completed,TXN-8259-8259
8260,8260,2026-02-25 21:00:14,Bank Transfer,1873.34,Completed,TXN-8260-8260
8261,8261,2026-03-26 00:48:15,Bank Transfer,625.24,Completed,TXN-8261-8261
8262,8262,2026-07-23 06:00:46,Credit Card,6256.17,Completed,TXN-8262-8262
8263,8263,2025-06-04 08:12:49,Debit Card,2963.84,Completed,TXN-8263-8263
8264,8264,2026-04-02 01:08:41,PayPal,4530.65,Pending,
8265,8265,2025-04-02 19:03:59,Credit Card,681.15,Completed,TXN-8265-8265
8266,8266,2026-07-19 04:08:16,Cash on Delivery,1527.52,Completed,TXN-8266-8266
8267,8267,2024-05-17 10:58:09,PayPal,2775.21,Completed,TXN-8267-8267
8268,8268,2026-05-07 08:04:34,Cash on Delivery,3733.23,Completed,TXN-8268-8268
8269,8269,2025-11-21 12:53:50,PayPal,2519.25,Completed,TXN-8269-8269
8270,8270,2025-12-13 03:53:26,Bank Transfer,3283.37,Completed,TXN-8270-8270
8271,8271,2025-03-27 19:32:52,Bank Transfer,583.61,Completed,TXN-8271-8271
8272,8272,2026-07-28 17:48:32,Credit Card,4893.6,Completed,TXN-8272-8272
8273,8273,2026-06-06 13:34:42,Credit Card,1047.03,Pending,
8274,8274,2026-08-14 10:44:59,Debit Card,2165.9,Completed,TXN-8274-8274
8275,8275,2026-03-01 19:58:24,Bank Transfer,542.39,Completed,TXN-8275-8275
8276,8276,2025-04-15 23:13:03,PayPal,677.11,Completed,TXN-8276-8276
8277,8277,2025-11-16 13:33:17,Cash on Delivery,1487.18,Completed,TXN-8277-8277
8278,8278,2025-07-22 05:26:48,Credit Card,2142.46,Completed,TXN-8278-8278
8279,8279,2025-08-22 19:02:34,Cash on Delivery,1287.66,Completed,TXN-8279-8279
8280,8280,2026-02-28 18:19:01,Bank Transfer,643.08,Failed,
8281,8281,2024-08-19 12:49:06,Bank Transfer,3737.29,Completed,TXN-8281-8281
8282,8282,2026-08-29 22:58:45,Bank Transfer,1541.78,Completed,TXN-8282-8282
8283,8283,2025-11-16 18:58:50,Bank Transfer,1141.52,Completed,TXN-8283-8283
8284,8284,2026-02-27 10:41:13,Cash on Delivery,597.45,Completed,TXN-8284-8284
8285,8285,2026-01-14 06:52:55,Cash on Delivery,4300.16,Completed,TXN-8285-8285
8286,8286,2026-09-01 14:13:56,Credit Card,3766.35,Completed,TXN-8286-8286
8287,8287,2025-12-27 05:44:44,Debit Card,2004.26,Completed,TXN-8287-8287
8288,8288,2025-03-23 15:45:28,Debit Card,6332.19,Pending,
8289,8289,2025-01-28 16:03:56,PayPal,1763.71,Pending,
8290,8290,2024-12-20 05:06:22,Cash on Delivery,83.37,Refunded,TXN-8290-8290
8291,8291,2026-06-27 03:58:23,Bank Transfer,1433.92,Completed,TXN-8291-8291
8292,8292,2026-08-10 21:12:56,Debit Card,575.51,Completed,TXN-8292-8292
8293,8293,2026-01-04 14:32:48,PayPal,3511.08,Completed,TXN-8293-8293
8294,8294,2026-09-01 16:20:54,Credit Card,641.58,Refunded,TXN-8294-8294
8295,8295,2025-11-24 14:27:38,Bank Transfer,3183.98,Pending,
8296,8296,2026-01-19 01:49:04,Bank Transfer,4731.6,Completed,TXN-8296-8296
8297,8297,2026-05-09 23:04:01,Debit Card,2526.06,Completed,TXN-8297-8297
8298,8298,2024-07-10 09:37:54,Bank Transfer,1586.72,Completed,TXN-8298-8298
8299,8299,2025-09-19 05:11:29,PayPal,851.91,Completed,TXN-8299-8299
8300,8300,2024-09-04 09:24:35,Bank Transfer,1126.11,Completed,TXN-8300-8300
8301,8301,2026-08-08 01:06:10,Credit Card,818.1,Completed,TXN-8301-8301
8302,8302,2026-01-01 07:34:07,PayPal,875.59,Refunded,TXN-8302-8302
8303,8303,2026-03-28 21:19:16,PayPal,1458.65,Completed,TXN-8303-8303
8304,8304,2026-01-24 11:44:36,Cash on Delivery,358.48,Completed,TXN-8304-8304
8305,8305,2025-04-28 14:51:25,Credit Card,2017.66,Completed,TXN-8305-8305
8306,8306,2026-05-22 06:22:40,Debit Card,2573.15,Completed,TXN-8306-8306
8307,8307,2025-01-07 13:32:33,PayPal,1609.71,Completed,TXN-8307-8307
8308,8308,2025-11-21 04:37:18,Cash on Delivery,1405.76,Completed,TXN-8308-8308
8309,8309,2025-10-07 05:17:23,Cash on Delivery,2800.8,Failed,
8310,8310,2026-07-05 12:52:15,Credit Card,1472.58,Completed,TXN-8310-8310
8311,8311,2025-07-12 15:06:35,PayPal,2172.61,Refunded,TXN-8311-8311
8312,8312,2025-06-06 13:57:08,Bank Transfer,3856.16,Refunded,TXN-8312-8312
8313,8313,2026-04-18 09:28:57,PayPal,1983.74,Completed,TXN-8313-8313
8314,8314,2024-06-28 04:46:44,Debit Card,675.89,Completed,TXN-8314-8314
8315,8315,2026-06-09 07:01:54,Bank Transfer,1392.31,Completed,TXN-8315-8315
8316,8316,2026-08-14 08:51:55,Credit Card,3217.32,Completed,TXN-8316-8316
8317,8317,2025-12-09 03:36:54,Credit Card,774.23,Completed,TXN-8317-8317
8318,8318,2026-03-06 03:56:58,Credit Card,5727.93,Completed,TXN-8318-8318
8319,8319,2024-11-21 14:30:00,Cash on Delivery,955.13,Refunded,TXN-8319-8319
8320,8320,2026-01-29 03:32:05,Cash on Delivery,229.62,Completed,TXN-8320-8320
8321,8321,2024-01-17 17:44:54,Cash on Delivery,973.78,Completed,TXN-8321-8321
8322,8322,2024-11-08 20:05:42,Bank Transfer,446.33,Failed,
8323,8323,2026-07-17 06:22:52,PayPal,3188.25,Pending,
8324,8324,2026-06-15 18:07:46,Cash on Delivery,1839.26,Completed,TXN-8324-8324
8325,8325,2024-08-06 08:14:41,Cash on Delivery,5787.95,Completed,TXN-8325-8325
8326,8326,2026-01-31 04:33:36,Debit Card,702.76,Completed,TXN-8326-8326
8327,8327,2025-01-19 08:36:44,Debit Card,973.78,Completed,TXN-8327-8327
8328,8328,2026-08-10 14:35:06,PayPal,4328.11,Completed,TXN-8328-8328
8329,8329,2026-09-01 22:49:48,Cash on Delivery,2964.65,Completed,TXN-8329-8329
8330,8330,2026-04-26 18:51:09,Cash on Delivery,334.84,Refunded,TXN-8330-8330
8331,8331,2024-04-03 15:07:43,Credit Card,1284.48,Completed,TXN-8331-8331
8332,8332,2025-07-12 16:29:25,Bank Transfer,2032.68,Completed,TXN-8332-8332
8333,8333,2026-03-25 18:35:31,PayPal,1297.32,Completed,TXN-8333-8333
8334,8334,2025-08-18 11:00:59,Credit Card,1653.88,Completed,TXN-8334-8334
8335,8335,2025-07-19 22:32:43,Debit Card,1688.88,Completed,TXN-8335-8335
8336,8336,2025-05-26 10:58:29,PayPal,1175.1,Completed,TXN-8336-8336
8337,8337,2026-08-27 10:06:25,Credit Card,1698.39,Completed,TXN-8337-8337
8338,8338,2026-01-30 14:33:40,Bank Transfer,320.79,Pending,
8339,8339,2024-11-28 21:59:37,Bank Transfer,320.79,Completed,TXN-8339-8339
8340,8340,2026-07-04 13:59:37,PayPal,2448.1,Completed,TXN-8340-8340
8341,8341,2026-05-02 22:47:01,Bank Transfer,62.33,Completed,TXN-8341-8341
8342,8342,2024-09-09 04:54:42,Bank Transfer,1830.75,Completed,TXN-8342-8342
8343,8343,2026-02-09 23:32:06,Credit Card,2712.71,Completed,TXN-8343-8343
8344,8344,2025-08-16 09:37:22,Bank Transfer,1780.0,Completed,TXN-8344-8344
8345,8345,2026-04-13 07:43:26,PayPal,949.4,Completed,TXN-8345-8345
8346,8346,2026-08-04 21:41:15,Debit Card,1686.63,Failed,
8347,8347,2025-07-22 03:17:33,Bank Transfer,1071.58,Completed,TXN-8347-8347
8348,8348,2026-06-14 20:58:58,Bank Transfer,573.53,Completed,TXN-8348-8348
8349,8349,2024-09-30 07:42:48,PayPal,2587.73,Completed,TXN-8349-8349
8350,8350,2025-01-06 15:59:48,Bank Transfer,5235.52,Refunded,TXN-8350-8350
8351,8351,2024-08-09 21:02:29,Debit Card,520.37,Completed,TXN-8351-8351
8352,8352,2024-03-26 15:22:42,PayPal,994.18,Completed,TXN-8352-8352
8353,8353,2026-07-01 23:46:29,PayPal,409.74,Completed,TXN-8353-8353
8354,8354,2026-05-27 11:01:18,Bank Transfer,914.71,Completed,TXN-8354-8354
8355,8355,2026-08-25 12:26:54,Bank Transfer,691.78,Completed,TXN-8355-8355
8356,8356,2025-04-18 17:04:45,Credit Card,1362.35,Completed,TXN-8356-8356
8357,8357,2025-05-10 02:46:00,PayPal,2339.35,Completed,TXN-8357-8357
8358,8358,2025-06-22 07:52:55,Debit Card,1295.02,Completed,TXN-8358-8358
8359,8359,2024-07-14 08:49:46,Credit Card,923.93,Completed,TXN-8359-8359
8360,8360,2025-12-02 19:05:51,Cash on Delivery,2236.86,Completed,TXN-8360-8360
8361,8361,2026-08-23 18:10:21,Credit Card,992.59,Completed,TXN-8361-8361
8362,8362,2025-08-18 08:14:56,Cash on Delivery,4715.98,Completed,TXN-8362-8362
8363,8363,2026-08-17 17:38:37,Debit Card,1899.05,Completed,TXN-8363-8363
8364,8364,2026-01-25 11:42:53,Cash on Delivery,1839.23,Completed,TXN-8364-8364
8365,8365,2025-11-02 12:21:59,Bank Transfer,2428.32,Completed,TXN-8365-8365
8366,8366,2026-04-08 04:40:23,Debit Card,1699.05,Completed,TXN-8366-8366
8367,8367,2026-07-06 04:37:39,PayPal,904.38,Completed,TXN-8367-8367
8368,8368,2026-01-15 02:32:09,Debit Card,2995.98,Refunded,TXN-8368-8368
8369,8369,2026-03-19 00:06:50,Debit Card,4447.64,Completed,TXN-8369-8369
8370,8370,2026-05-17 21:17:49,Cash on Delivery,1877.18,Completed,TXN-8370-8370
8371,8371,2026-08-04 07:56:49,Credit Card,1455.49,Completed,TXN-8371-8371
8372,8372,2026-08-26 09:30:28,PayPal,633.08,Completed,TXN-8372-8372
8373,8373,2026-06-02 02:13:04,Credit Card,3906.45,Completed,TXN-8373-8373
8374,8374,2025-03-22 11:54:34,Cash on Delivery,38.89,Completed,TXN-8374-8374
8375,8375,2024-05-30 10:45:02,Cash on Delivery,2730.29,Completed,TXN-8375-8375
8376,8376,2026-08-23 08:29:48,Cash on Delivery,2247.94,Completed,TXN-8376-8376
8377,8377,2026-01-24 22:06:40,Cash on Delivery,2630.04,Refunded,TXN-8377-8377
8378,8378,2026-07-22 00:34:41,PayPal,4489.66,Completed,TXN-8378-8378
8379,8379,2025-04-29 12:58:15,Cash on Delivery,112.54,Completed,TXN-8379-8379
8380,8380,2026-08-28 10:57:20,PayPal,1955.49,Completed,TXN-8380-8380
8381,8381,2025-08-19 19:30:43,Bank Transfer,2195.97,Completed,TXN-8381-8381
8382,8382,2023-12-25 07:36:12,Credit Card,202.6,Refunded,TXN-8382-8382
8383,8383,2026-05-06 02:02:29,Debit Card,4131.51,Completed,TXN-8383-8383
8384,8384,2026-06-06 15:08:51,PayPal,1803.71,Completed,TXN-8384-8384
8385,8385,2026-08-31 12:42:03,Bank Transfer,4184.12,Completed,TXN-8385-8385
8386,8386,2026-03-12 07:56:58,Bank Transfer,1278.73,Completed,TXN-8386-8386
8387,8387,2026-07-18 14:17:10,Debit Card,1248.83,Completed,TXN-8387-8387
8388,8388,2025-11-28 03:43:07,Credit Card,3055.59,Completed,TXN-8388-8388
8389,8389,2024-11-05 08:57:59,PayPal,452.27,Completed,TXN-8389-8389
8390,8390,2026-05-14 10:06:25,Bank Transfer,777.19,Completed,TXN-8390-8390
8391,8391,2026-06-20 08:43:41,Debit Card,3414.05,Refunded,TXN-8391-8391
8392,8392,2026-02-05 01:06:10,Bank Transfer,1912.57,Completed,TXN-8392-8392
8393,8393,2026-05-04 05:35:58,Credit Card,62.52,Completed,TXN-8393-8393
8394,8394,2024-02-01 00:59:55,Credit Card,173.9,Completed,TXN-8394-8394
8395,8395,2026-04-08 03:58:24,Debit Card,679.46,Pending,
8396,8396,2026-04-04 04:05:06,Debit Card,1722.15,Completed,TXN-8396-8396
8397,8397,2025-07-01 11:20:33,PayPal,1722.31,Completed,TXN-8397-8397
8398,8398,2024-12-11 02:55:20,Bank Transfer,1958.94,Pending,
8399,8399,2025-12-06 13:01:38,Debit Card,3763.19,Completed,TXN-8399-8399
8400,8400,2026-05-05 05:02:03,PayPal,5092.91,Completed,TXN-8400-8400
8401,8401,2026-01-12 02:22:24,Debit Card,1619.46,Completed,TXN-8401-8401
8402,8402,2024-11-05 04:02:07,Debit Card,2560.39,Completed,TXN-8402-8402
8403,8403,2026-05-10 14:13:07,Cash on Delivery,1262.76,Completed,TXN-8403-8403
8404,8404,2026-05-28 12:32:47,Cash on Delivery,483.48,Completed,TXN-8404-8404
8405,8405,2026-01-24 12:00:12,Credit Card,759.51,Completed,TXN-8405-8405
8406,8406,2026-08-03 09:38:53,Cash on Delivery,2667.71,Completed,TXN-8406-8406
8407,8407,2025-01-09 00:45:26,PayPal,2514.81,Pending,
8408,8408,2025-08-22 13:56:23,PayPal,411.23,Completed,TXN-8408-8408
8409,8409,2025-04-25 22:56:58,Debit Card,1977.46,Completed,TXN-8409-8409
8410,8410,2023-12-07 05:52:05,Debit Card,1447.87,Refunded,TXN-8410-8410
8411,8411,2026-08-25 13:50:45,PayPal,4500.91,Completed,TXN-8411-8411
8412,8412,2026-03-14 13:13:41,Credit Card,1449.36,Completed,TXN-8412-8412
8413,8413,2024-05-30 09:16:36,Bank Transfer,1750.38,Completed,TXN-8413-8413
8414,8414,2025-09-09 04:29:43,Bank Transfer,927.43,Completed,TXN-8414-8414
8415,8415,2026-06-05 09:06:06,PayPal,2290.51,Completed,TXN-8415-8415
8416,8416,2025-10-15 23:44:26,Debit Card,1542.7,Pending,
8417,8417,2026-05-14 13:30:51,Bank Transfer,3234.36,Completed,TXN-8417-8417
8418,8418,2026-07-28 04:45:18,Cash on Delivery,3370.62,Completed,TXN-8418-8418
8419,8419,2024-04-05 10:48:23,Credit Card,1214.56,Completed,TXN-8419-8419
8420,8420,2026-06-12 17:24:33,PayPal,3757.41,Completed,TXN-8420-8420
8421,8421,2025-12-23 07:09:49,Credit Card,217.62,Completed,TXN-8421-8421
8422,8422,2025-08-08 22:06:08,Credit Card,1432.12,Completed,TXN-8422-8422
8423,8423,2023-12-21 01:20:46,Credit Card,889.94,Completed,TXN-8423-8423
8424,8424,2025-04-13 01:55:57,Cash on Delivery,2766.0,Completed,TXN-8424-8424
8425,8425,2026-05-26 04:13:39,Credit Card,3423.83,Completed,TXN-8425-8425
8426,8426,2026-06-01 04:00:57,Credit Card,974.98,Completed,TXN-8426-8426
8427,8427,2026-05-06 13:05:40,Bank Transfer,4660.22,Failed,
8428,8428,2026-08-03 08:53:47,Credit Card,97.44,Failed,
8429,8429,2025-11-25 00:35:15,Cash on Delivery,338.76,Completed,TXN-8429-8429
8430,8430,2025-02-28 13:40:25,Bank Transfer,2790.9,Completed,TXN-8430-8430
8431,8431,2025-12-17 13:36:44,Bank Transfer,5015.31,Completed,TXN-8431-8431
8432,8432,2025-04-20 02:27:52,Bank Transfer,2303.9,Completed,TXN-8432-8432
8433,8433,2026-08-26 06:38:46,Bank Transfer,1706.94,Pending,
8434,8434,2024-07-26 05:21:12,Bank Transfer,627.77,Completed,TXN-8434-8434
8435,8435,2023-10-07 02:33:13,PayPal,1990.28,Completed,TXN-8435-8435
8436,8436,2026-04-28 02:00:53,Cash on Delivery,1655.43,Completed,TXN-8436-8436
8437,8437,2026-04-30 13:46:24,PayPal,706.16,Completed,TXN-8437-8437
8438,8438,2026-07-18 11:41:29,Credit Card,2418.96,Pending,
8439,8439,2025-04-29 10:26:01,Credit Card,4154.79,Completed,TXN-8439-8439
8440,8440,2026-06-10 15:23:58,Cash on Delivery,553.6,Pending,
8441,8441,2026-07-25 05:59:57,Bank Transfer,32.48,Completed,TXN-8441-8441
8442,8442,2026-08-26 19:14:00,PayPal,1764.64,Refunded,TXN-8442-8442
8443,8443,2026-07-05 12:31:31,Debit Card,4683.16,Completed,TXN-8443-8443
8444,8444,2026-05-14 06:53:48,Bank Transfer,2044.84,Completed,TXN-8444-8444
8445,8445,2026-05-27 07:28:02,Bank Transfer,2671.22,Completed,TXN-8445-8445
8446,8446,2025-12-01 18:15:08,Debit Card,4118.26,Completed,TXN-8446-8446
8447,8447,2026-02-28 18:54:40,Debit Card,261.68,Completed,TXN-8447-8447
8448,8448,2025-11-09 13:25:17,Debit Card,1207.53,Failed,
8449,8449,2026-05-23 19:12:29,Credit Card,2604.14,Completed,TXN-8449-8449
8450,8450,2024-12-13 22:47:19,Bank Transfer,1722.36,Completed,TXN-8450-8450
8451,8451,2026-08-24 23:53:18,Debit Card,2368.63,Completed,TXN-8451-8451
8452,8452,2025-08-16 12:38:08,Cash on Delivery,5752.03,Completed,TXN-8452-8452
8453,8453,2025-11-14 13:30:39,Credit Card,1564.13,Completed,TXN-8453-8453
8454,8454,2026-07-23 01:54:33,Debit Card,6356.61,Refunded,TXN-8454-8454
8455,8455,2026-02-12 20:36:44,Cash on Delivery,3523.22,Completed,TXN-8455-8455
8456,8456,2025-10-28 20:33:50,PayPal,947.92,Pending,
8457,8457,2026-01-03 14:05:15,PayPal,2251.49,Completed,TXN-8457-8457
8458,8458,2026-06-10 16:47:02,Debit Card,1286.81,Completed,TXN-8458-8458
8459,8459,2024-11-26 18:26:46,Bank Transfer,947.92,Completed,TXN-8459-8459
8460,8460,2026-03-25 03:31:37,Debit Card,1942.04,Completed,TXN-8460-8460
8461,8461,2024-06-13 18:52:39,Credit Card,2477.74,Completed,TXN-8461-8461
8462,8462,2024-12-13 13:55:15,PayPal,760.92,Completed,TXN-8462-8462
8463,8463,2026-01-03 11:20:03,PayPal,2185.86,Completed,TXN-8463-8463
8464,8464,2026-08-12 22:00:47,PayPal,236.54,Completed,TXN-8464-8464
8465,8465,2024-03-20 07:34:26,Credit Card,3617.08,Completed,TXN-8465-8465
8466,8466,2026-04-26 17:40:45,Bank Transfer,217.62,Completed,TXN-8466-8466
8467,8467,2025-10-02 23:43:24,Debit Card,3913.12,Completed,TXN-8467-8467
8468,8468,2025-12-18 12:21:03,Debit Card,2135.94,Completed,TXN-8468-8468
8469,8469,2024-06-08 05:19:06,PayPal,1926.86,Completed,TXN-8469-8469
8470,8470,2024-10-21 04:27:06,PayPal,1578.65,Completed,TXN-8470-8470
8471,8471,2025-06-06 10:57:28,Credit Card,1153.82,Completed,TXN-8471-8471
8472,8472,2025-06-19 06:32:46,Credit Card,2083.86,Completed,TXN-8472-8472
8473,8473,2026-07-21 14:13:53,Credit Card,4445.69,Completed,TXN-8473-8473
8474,8474,2026-03-05 17:56:59,Bank Transfer,4004.32,Completed,TXN-8474-8474
8475,8475,2024-07-11 09:28:06,Bank Transfer,631.62,Completed,TXN-8475-8475
8476,8476,2026-05-28 00:32:52,Cash on Delivery,4654.53,Completed,TXN-8476-8476
8477,8477,2025-01-30 20:53:33,Credit Card,1656.55,Completed,TXN-8477-8477
8478,8478,2026-07-20 13:13:08,PayPal,353.08,Completed,TXN-8478-8478
8479,8479,2026-08-30 05:09:31,Credit Card,913.84,Completed,TXN-8479-8479
8480,8480,2025-12-28 20:35:24,Credit Card,132.89,Completed,TXN-8480-8480
8481,8481,2026-03-24 23:34:01,Debit Card,994.18,Pending,
8482,8482,2026-08-26 09:26:07,Cash on Delivery,935.97,Completed,TXN-8482-8482
8483,8483,2025-09-21 06:53:43,Debit Card,1416.89,Completed,TXN-8483-8483
8484,8484,2026-07-11 17:55:25,Credit Card,3409.23,Completed,TXN-8484-8484
8485,8485,2026-08-04 13:31:29,Credit Card,964.21,Completed,TXN-8485-8485
8486,8486,2026-08-30 17:43:11,Credit Card,4421.44,Completed,TXN-8486-8486
8487,8487,2024-05-29 23:20:34,Debit Card,2098.68,Completed,TXN-8487-8487
8488,8488,2026-04-18 21:11:51,Credit Card,7673.18,Completed,TXN-8488-8488
8489,8489,2024-06-08 19:20:42,Bank Transfer,2843.76,Completed,TXN-8489-8489
8490,8490,2024-12-29 15:04:37,PayPal,767.49,Completed,TXN-8490-8490
8491,8491,2026-07-06 23:42:26,Cash on Delivery,542.39,Refunded,TXN-8491-8491
8492,8492,2026-06-24 15:47:33,Debit Card,731.81,Refunded,TXN-8492-8492
8493,8493,2026-02-10 20:30:03,Debit Card,4628.21,Completed,TXN-8493-8493
8494,8494,2025-02-21 21:38:55,Cash on Delivery,1677.12,Completed,TXN-8494-8494
8495,8495,2026-05-13 16:36:51,Cash on Delivery,1513.08,Completed,TXN-8495-8495
8496,8496,2026-08-09 04:38:54,Debit Card,1707.35,Completed,TXN-8496-8496
8497,8497,2026-02-21 10:46:51,Debit Card,62.52,Completed,TXN-8497-8497
8498,8498,2026-06-17 07:39:59,Credit Card,459.02,Pending,
8499,8499,2026-01-24 18:21:00,Debit Card,2542.99,Completed,TXN-8499-8499
8500,8500,2025-04-24 18:18:45,Cash on Delivery,4371.77,Completed,TXN-8500-8500
8501,8501,2026-09-01 02:46:52,Bank Transfer,2527.12,Completed,TXN-8501-8501
8502,8502,2026-01-21 11:31:31,Credit Card,961.36,Pending,
8503,8503,2025-02-03 00:13:58,PayPal,425.78,Completed,TXN-8503-8503
8504,8504,2024-03-16 23:35:20,Debit Card,855.15,Completed,TXN-8504-8504
8505,8505,2026-04-12 22:47:32,Bank Transfer,4636.81,Completed,TXN-8505-8505
8506,8506,2025-12-09 02:05:33,Cash on Delivery,2434.79,Completed,TXN-8506-8506
8507,8507,2025-02-22 21:09:52,Debit Card,503.95,Completed,TXN-8507-8507
8508,8508,2026-01-03 10:18:23,Debit Card,1193.28,Completed,TXN-8508-8508
8509,8509,2024-09-30 10:06:21,Bank Transfer,488.15,Completed,TXN-8509-8509
8510,8510,2026-01-12 20:43:06,Debit Card,3574.96,Completed,TXN-8510-8510
8511,8511,2026-07-22 15:36:48,Bank Transfer,255.18,Pending,
8512,8512,2025-06-27 04:44:04,Credit Card,1138.93,Completed,TXN-8512-8512
8513,8513,2026-08-30 15:59:35,PayPal,2170.57,Completed,TXN-8513-8513
8514,8514,2025-08-27 21:56:51,Bank Transfer,2031.33,Pending,
8515,8515,2025-04-19 11:26:01,Credit Card,2117.56,Completed,TXN-8515-8515
8516,8516,2026-05-25 18:31:01,Bank Transfer,1678.67,Completed,TXN-8516-8516
8517,8517,2025-10-09 06:37:18,Credit Card,731.4,Completed,TXN-8517-8517
8518,8518,2025-11-01 19:12:56,PayPal,1075.44,Pending,
8519,8519,2025-10-31 13:57:41,Debit Card,3388.49,Completed,TXN-8519-8519
8520,8520,2024-07-05 06:41:31,Cash on Delivery,2010.12,Completed,TXN-8520-8520
8521,8521,2026-04-25 22:47:39,Cash on Delivery,3721.0,Completed,TXN-8521-8521
8522,8522,2025-11-06 13:25:09,Cash on Delivery,570.67,Completed,TXN-8522-8522
8523,8523,2026-07-27 14:18:54,Bank Transfer,3708.02,Completed,TXN-8523-8523
8524,8524,2026-08-03 08:47:29,PayPal,792.83,Completed,TXN-8524-8524
8525,8525,2026-06-26 08:58:20,Cash on Delivery,304.24,Completed,TXN-8525-8525
8526,8526,2026-05-21 22:47:29,PayPal,658.15,Completed,TXN-8526-8526
8527,8527,2026-01-11 12:12:14,Bank Transfer,947.92,Completed,TXN-8527-8527
8528,8528,2026-02-22 12:52:26,PayPal,880.29,Completed,TXN-8528-8528
8529,8529,2026-06-13 11:33:05,PayPal,935.97,Completed,TXN-8529-8529
8530,8530,2025-06-14 05:49:18,Credit Card,1511.29,Completed,TXN-8530-8530
8531,8531,2025-06-07 16:22:28,PayPal,965.52,Refunded,TXN-8531-8531
8532,8532,2025-08-18 18:02:10,PayPal,2427.94,Completed,TXN-8532-8532
8533,8533,2025-10-28 21:27:16,Credit Card,1725.93,Completed,TXN-8533-8533
8534,8534,2026-05-13 04:53:30,Cash on Delivery,1714.11,Completed,TXN-8534-8534
8535,8535,2025-10-11 04:23:45,Cash on Delivery,3286.94,Completed,TXN-8535-8535
8536,8536,2026-07-10 15:05:23,Cash on Delivery,287.02,Completed,TXN-8536-8536
8537,8537,2026-04-05 09:46:35,Credit Card,3536.41,Completed,TXN-8537-8537
8538,8538,2026-08-15 20:08:20,Bank Transfer,1963.16,Completed,TXN-8538-8538
8539,8539,2025-09-11 12:23:09,PayPal,565.24,Completed,TXN-8539-8539
8540,8540,2026-03-08 10:05:52,Credit Card,788.26,Completed,TXN-8540-8540
8541,8541,2025-04-22 16:36:04,Credit Card,2991.09,Completed,TXN-8541-8541
8542,8542,2025-05-05 12:55:52,PayPal,3202.0,Completed,TXN-8542-8542
8543,8543,2025-08-26 23:29:09,Debit Card,2507.25,Failed,
8544,8544,2023-12-25 00:32:54,Cash on Delivery,2004.38,Failed,
8545,8545,2026-08-17 17:54:20,Bank Transfer,2261.46,Completed,TXN-8545-8545
8546,8546,2026-03-16 22:17:32,PayPal,994.53,Completed,TXN-8546-8546
8547,8547,2024-07-02 02:22:16,Credit Card,1887.43,Completed,TXN-8547-8547
8548,8548,2026-01-22 08:14:18,Bank Transfer,3627.59,Completed,TXN-8548-8548
8549,8549,2026-07-05 20:42:24,Credit Card,251.81,Completed,TXN-8549-8549
8550,8550,2026-03-28 08:28:59,Credit Card,2041.04,Pending,
8551,8551,2026-06-24 06:13:23,Cash on Delivery,2712.59,Pending,
8552,8552,2025-11-27 03:12:23,Bank Transfer,1602.79,Completed,TXN-8552-8552
8553,8553,2026-08-07 17:53:27,PayPal,3290.75,Refunded,TXN-8553-8553
8554,8554,2026-01-15 06:41:11,Credit Card,1261.15,Completed,TXN-8554-8554
8555,8555,2026-08-17 07:57:57,PayPal,801.72,Completed,TXN-8555-8555
8556,8556,2026-04-09 23:01:37,Cash on Delivery,305.76,Completed,TXN-8556-8556
8557,8557,2025-05-22 20:56:44,Debit Card,3112.32,Completed,TXN-8557-8557
8558,8558,2026-07-29 13:24:40,Credit Card,662.55,Completed,TXN-8558-8558
8559,8559,2025-10-29 10:01:26,Cash on Delivery,599.0,Completed,TXN-8559-8559
8560,8560,2025-07-16 22:36:11,Credit Card,2494.26,Completed,TXN-8560-8560
8561,8561,2025-12-26 12:57:45,Credit Card,716.96,Completed,TXN-8561-8561
8562,8562,2025-03-10 07:25:22,Credit Card,2520.78,Completed,TXN-8562-8562
8563,8563,2026-06-09 03:31:01,Bank Transfer,1328.55,Pending,
8564,8564,2025-09-28 13:18:34,PayPal,2907.66,Completed,TXN-8564-8564
8565,8565,2025-09-24 02:08:13,Cash on Delivery,3951.9,Completed,TXN-8565-8565
8566,8566,2026-02-14 07:47:06,Cash on Delivery,2773.32,Completed,TXN-8566-8566
8567,8567,2026-06-02 03:49:28,Cash on Delivery,1880.49,Completed,TXN-8567-8567
8568,8568,2026-05-17 12:31:28,PayPal,994.18,Completed,TXN-8568-8568
8569,8569,2026-08-06 05:08:16,PayPal,793.87,Refunded,TXN-8569-8569
8570,8570,2026-03-14 19:29:49,PayPal,1369.46,Pending,
8571,8571,2026-06-11 07:59:50,PayPal,574.6,Pending,
8572,8572,2024-12-14 10:28:01,Cash on Delivery,1468.63,Completed,TXN-8572-8572
8573,8573,2026-08-01 16:58:41,Bank Transfer,2166.34,Completed,TXN-8573-8573
8574,8574,2024-09-24 20:02:39,Cash on Delivery,2287.06,Completed,TXN-8574-8574
8575,8575,2024-02-12 11:58:42,PayPal,5123.78,Completed,TXN-8575-8575
8576,8576,2026-07-15 23:37:01,PayPal,2344.85,Completed,TXN-8576-8576
8577,8577,2025-11-21 23:52:30,Debit Card,576.9,Completed,TXN-8577-8577
8578,8578,2026-05-22 04:05:21,Credit Card,2488.01,Completed,TXN-8578-8578
8579,8579,2026-07-09 17:54:00,Credit Card,1555.48,Completed,TXN-8579-8579
8580,8580,2026-08-17 13:21:17,Bank Transfer,2436.28,Completed,TXN-8580-8580
8581,8581,2026-07-31 06:16:37,PayPal,3491.51,Completed,TXN-8581-8581
8582,8582,2026-08-25 17:07:58,Bank Transfer,3025.27,Refunded,TXN-8582-8582
8583,8583,2025-12-25 09:15:58,Debit Card,3506.39,Completed,TXN-8583-8583
8584,8584,2025-06-16 20:37:17,Bank Transfer,975.92,Completed,TXN-8584-8584
8585,8585,2025-08-13 12:47:05,Debit Card,5550.2,Completed,TXN-8585-8585
8586,8586,2025-12-14 22:59:24,Bank Transfer,4326.54,Completed,TXN-8586-8586
8587,8587,2026-08-19 12:40:55,Credit Card,616.19,Completed,TXN-8587-8587
8588,8588,2025-01-16 19:38:53,Cash on Delivery,434.07,Completed,TXN-8588-8588
8589,8589,2026-06-29 03:45:32,Bank Transfer,1156.75,Completed,TXN-8589-8589
8590,8590,2025-12-01 10:14:57,Debit Card,473.08,Pending,
8591,8591,2026-08-11 12:43:46,PayPal,658.15,Completed,TXN-8591-8591
8592,8592,2025-11-12 06:54:36,Credit Card,1002.28,Completed,TXN-8592-8592
8593,8593,2026-04-20 23:57:36,Credit Card,3319.2,Completed,TXN-8593-8593
8594,8594,2026-07-29 00:57:41,Debit Card,1812.28,Completed,TXN-8594-8594
8595,8595,2025-03-27 19:54:52,Bank Transfer,6237.55,Pending,
8596,8596,2026-08-02 18:23:27,Debit Card,150.06,Completed,TXN-8596-8596
8597,8597,2026-05-29 11:22:00,Credit Card,1409.19,Completed,TXN-8597-8597
8598,8598,2026-08-26 11:10:11,Debit Card,1911.65,Refunded,TXN-8598-8598
8599,8599,2026-06-17 10:58:59,PayPal,304.75,Completed,TXN-8599-8599
8600,8600,2025-06-29 23:44:59,PayPal,1945.0,Completed,TXN-8600-8600
8601,8601,2025-08-15 12:44:10,PayPal,1579.75,Completed,TXN-8601-8601
8602,8602,2025-05-26 01:04:23,Cash on Delivery,1412.29,Pending,
8603,8603,2026-03-09 21:11:47,Credit Card,3414.89,Pending,
8604,8604,2026-06-07 18:11:17,Bank Transfer,973.36,Completed,TXN-8604-8604
8605,8605,2026-01-02 21:40:27,Cash on Delivery,1510.37,Completed,TXN-8605-8605
8606,8606,2025-08-16 07:40:47,Bank Transfer,1766.34,Completed,TXN-8606-8606
8607,8607,2026-05-13 04:01:29,Cash on Delivery,869.8,Completed,TXN-8607-8607
8608,8608,2026-06-25 11:09:52,Credit Card,1650.42,Refunded,TXN-8608-8608
8609,8609,2026-04-01 05:34:34,Credit Card,2932.52,Completed,TXN-8609-8609
8610,8610,2026-07-11 19:52:53,Bank Transfer,204.87,Completed,TXN-8610-8610
8611,8611,2026-04-11 22:19:41,Debit Card,3308.74,Completed,TXN-8611-8611
8612,8612,2026-04-27 03:56:29,Bank Transfer,854.22,Completed,TXN-8612-8612
8613,8613,2026-08-18 02:15:20,Credit Card,1475.46,Completed,TXN-8613-8613
8614,8614,2025-06-09 21:30:58,Cash on Delivery,5790.33,Completed,TXN-8614-8614
8615,8615,2026-05-08 17:57:42,Bank Transfer,604.84,Completed,TXN-8615-8615
8616,8616,2025-12-02 21:53:01,Bank Transfer,382.24,Completed,TXN-8616-8616
8617,8617,2025-03-30 23:25:47,Credit Card,882.86,Completed,TXN-8617-8617
8618,8618,2026-08-28 07:27:55,Bank Transfer,2640.7,Completed,TXN-8618-8618
8619,8619,2026-03-15 14:36:12,Debit Card,1644.57,Failed,
8620,8620,2026-04-17 08:55:21,Credit Card,2200.57,Completed,TXN-8620-8620
8621,8621,2024-11-01 19:04:57,Cash on Delivery,2266.36,Completed,TXN-8621-8621
8622,8622,2025-07-03 15:36:43,Bank Transfer,4360.3,Pending,
8623,8623,2025-05-23 20:10:28,Credit Card,692.83,Completed,TXN-8623-8623
8624,8624,2026-05-08 14:06:29,Debit Card,1775.91,Completed,TXN-8624-8624
8625,8625,2025-12-24 16:22:55,PayPal,1760.58,Refunded,TXN-8625-8625
8626,8626,2025-06-27 22:41:59,PayPal,1710.45,Pending,
8627,8627,2025-11-24 11:52:33,Cash on Delivery,1084.78,Completed,TXN-8627-8627
8628,8628,2025-05-08 20:03:01,Cash on Delivery,914.48,Completed,TXN-8628-8628
8629,8629,2026-01-18 07:34:40,Credit Card,890.76,Completed,TXN-8629-8629
8630,8630,2026-03-06 13:50:18,PayPal,1708.26,Pending,
8631,8631,2026-06-10 23:32:52,Cash on Delivery,390.17,Completed,TXN-8631-8631
8632,8632,2026-01-03 00:21:47,Credit Card,2178.31,Completed,TXN-8632-8632
8633,8633,2026-06-17 11:27:19,Debit Card,2169.56,Completed,TXN-8633-8633
8634,8634,2026-08-30 08:58:11,Bank Transfer,1194.9,Completed,TXN-8634-8634
8635,8635,2025-02-14 18:04:45,Credit Card,937.7,Completed,TXN-8635-8635
8636,8636,2026-06-22 13:12:37,Debit Card,3402.45,Completed,TXN-8636-8636
8637,8637,2026-08-31 04:22:08,PayPal,1015.67,Completed,TXN-8637-8637
8638,8638,2026-04-22 10:58:19,Credit Card,1108.96,Completed,TXN-8638-8638
8639,8639,2025-07-01 17:43:17,Bank Transfer,2647.52,Completed,TXN-8639-8639
8640,8640,2026-07-02 23:22:18,Credit Card,2154.65,Completed,TXN-8640-8640
8641,8641,2026-04-16 20:16:51,Bank Transfer,2602.53,Completed,TXN-8641-8641
8642,8642,2025-06-12 01:47:11,PayPal,641.58,Completed,TXN-8642-8642
8643,8643,2024-06-19 19:38:06,Cash on Delivery,774.23,Completed,TXN-8643-8643
8644,8644,2026-01-13 03:17:04,Debit Card,2317.29,Completed,TXN-8644-8644
8645,8645,2025-03-31 18:47:17,Credit Card,1976.17,Refunded,TXN-8645-8645
8646,8646,2025-05-08 00:32:41,PayPal,4928.31,Completed,TXN-8646-8646
8647,8647,2025-05-26 19:53:49,PayPal,173.9,Completed,TXN-8647-8647
8648,8648,2024-07-27 22:35:05,Credit Card,4923.69,Completed,TXN-8648-8648
8649,8649,2026-02-09 14:57:16,Debit Card,4893.5,Completed,TXN-8649-8649
8650,8650,2026-05-12 21:17:55,PayPal,756.91,Completed,TXN-8650-8650
8651,8651,2026-07-31 07:55:26,Cash on Delivery,935.97,Completed,TXN-8651-8651
8652,8652,2025-09-24 14:30:01,Debit Card,761.16,Pending,
8653,8653,2025-12-11 20:57:19,Bank Transfer,4433.33,Pending,
8654,8654,2026-08-09 11:46:30,Debit Card,3022.69,Completed,TXN-8654-8654
8655,8655,2023-12-21 01:43:00,Credit Card,913.94,Completed,TXN-8655-8655
8656,8656,2024-12-19 00:25:54,PayPal,2165.95,Completed,TXN-8656-8656
8657,8657,2026-03-12 13:54:40,PayPal,935.97,Completed,TXN-8657-8657
8658,8658,2024-10-13 03:35:23,Debit Card,1266.16,Completed,TXN-8658-8658
8659,8659,2026-07-12 22:51:44,Bank Transfer,9753.54,Completed,TXN-8659-8659
8660,8660,2026-06-27 16:20:31,Credit Card,1761.23,Completed,TXN-8660-8660
8661,8661,2025-02-24 08:40:19,Bank Transfer,5317.03,Completed,TXN-8661-8661
8662,8662,2025-09-28 04:18:51,Credit Card,777.19,Completed,TXN-8662-8662
8663,8663,2025-05-31 07:47:07,Bank Transfer,3281.76,Pending,
8664,8664,2026-06-12 19:15:42,Bank Transfer,2877.28,Completed,TXN-8664-8664
8665,8665,2024-12-24 09:50:31,PayPal,1300.65,Completed,TXN-8665-8665
8666,8666,2026-08-09 05:55:01,PayPal,4175.55,Completed,TXN-8666-8666
8667,8667,2026-08-27 06:32:05,Debit Card,5946.44,Completed,TXN-8667-8667
8668,8668,2026-08-24 06:16:40,PayPal,3529.13,Completed,TXN-8668-8668
8669,8669,2025-08-13 07:42:35,Cash on Delivery,306.47,Completed,TXN-8669-8669
8670,8670,2026-06-10 17:18:56,PayPal,3957.17,Completed,TXN-8670-8670
8671,8671,2024-09-14 14:11:09,Credit Card,1856.29,Completed,TXN-8671-8671
8672,8672,2025-11-10 01:05:18,PayPal,911.18,Completed,TXN-8672-8672
8673,8673,2026-06-23 07:46:33,Debit Card,1709.32,Completed,TXN-8673-8673
8674,8674,2024-11-20 02:51:12,Debit Card,925.9,Completed,TXN-8674-8674
8675,8675,2025-06-24 16:14:21,Bank Transfer,997.72,Completed,TXN-8675-8675
8676,8676,2026-06-20 04:34:29,Debit Card,3672.99,Completed,TXN-8676-8676
8677,8677,2026-06-05 18:20:17,Debit Card,899.08,Completed,TXN-8677-8677
8678,8678,2026-08-12 10:17:27,PayPal,3687.29,Completed,TXN-8678-8678
8679,8679,2025-04-25 11:24:57,PayPal,890.52,Completed,TXN-8679-8679
8680,8680,2026-02-07 19:59:15,Cash on Delivery,459.02,Completed,TXN-8680-8680
8681,8681,2025-08-20 21:24:22,Cash on Delivery,1260.72,Completed,TXN-8681-8681
8682,8682,2026-02-02 03:45:50,PayPal,3226.92,Completed,TXN-8682-8682
8683,8683,2026-07-28 06:29:42,Credit Card,2628.87,Completed,TXN-8683-8683
8684,8684,2026-05-16 05:50:22,Credit Card,412.01,Completed,TXN-8684-8684
8685,8685,2026-05-26 08:21:35,Cash on Delivery,2748.03,Completed,TXN-8685-8685
8686,8686,2025-03-29 23:18:38,Cash on Delivery,1325.1,Completed,TXN-8686-8686
8687,8687,2026-04-16 01:40:02,Cash on Delivery,2738.2,Completed,TXN-8687-8687
8688,8688,2026-02-20 09:07:03,Bank Transfer,968.09,Completed,TXN-8688-8688
8689,8689,2025-11-23 10:38:23,Credit Card,4496.22,Completed,TXN-8689-8689
8690,8690,2025-10-16 01:26:52,Credit Card,409.58,Completed,TXN-8690-8690
8691,8691,2026-07-04 00:35:03,Bank Transfer,752.95,Completed,TXN-8691-8691
8692,8692,2025-06-13 07:53:13,Debit Card,2925.3,Completed,TXN-8692-8692
8693,8693,2026-04-16 14:14:05,Bank Transfer,4270.13,Failed,
8694,8694,2026-01-26 01:56:19,Debit Card,1767.27,Completed,TXN-8694-8694
8695,8695,2026-08-07 04:58:36,Debit Card,2865.54,Completed,TXN-8695-8695
8696,8696,2025-08-08 18:04:29,Cash on Delivery,5037.38,Completed,TXN-8696-8696
8697,8697,2026-06-12 05:39:17,Cash on Delivery,1169.74,Pending,
8698,8698,2025-12-01 00:05:07,Debit Card,2348.67,Completed,TXN-8698-8698
8699,8699,2026-02-10 20:32:07,Bank Transfer,2370.65,Completed,TXN-8699-8699
8700,8700,2025-10-05 18:39:57,Credit Card,1488.33,Completed,TXN-8700-8700
8701,8701,2026-08-02 06:35:18,Bank Transfer,1867.4,Completed,TXN-8701-8701
8702,8702,2025-01-05 07:19:32,Bank Transfer,1426.74,Completed,TXN-8702-8702
8703,8703,2026-05-20 00:18:22,Credit Card,4048.99,Completed,TXN-8703-8703
8704,8704,2024-01-31 11:43:20,Bank Transfer,1587.35,Completed,TXN-8704-8704
8705,8705,2026-02-25 10:10:55,PayPal,2273.11,Completed,TXN-8705-8705
8706,8706,2026-06-19 00:03:43,Cash on Delivery,707.6,Completed,TXN-8706-8706
8707,8707,2024-02-18 07:02:30,PayPal,1726.01,Completed,TXN-8707-8707
8708,8708,2026-07-27 21:58:01,Debit Card,3901.86,Completed,TXN-8708-8708
8709,8709,2025-10-11 02:30:56,Cash on Delivery,2405.12,Completed,TXN-8709-8709
8710,8710,2026-06-22 02:33:55,Cash on Delivery,895.1,Completed,TXN-8710-8710
8711,8711,2025-03-05 10:36:24,Bank Transfer,3044.79,Completed,TXN-8711-8711
8712,8712,2024-06-13 06:36:19,Cash on Delivery,1012.41,Completed,TXN-8712-8712
8713,8713,2026-03-28 16:27:34,PayPal,2476.44,Completed,TXN-8713-8713
8714,8714,2024-04-14 16:56:18,Credit Card,1184.01,Completed,TXN-8714-8714
8715,8715,2023-10-13 13:48:36,Debit Card,2789.47,Pending,
8716,8716,2025-11-01 20:54:44,Credit Card,1407.3,Completed,TXN-8716-8716
8717,8717,2025-11-23 03:23:56,PayPal,1447.87,Pending,
8718,8718,2026-08-26 13:09:56,Cash on Delivery,3521.1,Completed,TXN-8718-8718
8719,8719,2026-01-07 23:34:39,PayPal,865.67,Refunded,TXN-8719-8719
8720,8720,2024-07-10 10:31:25,Credit Card,841.38,Completed,TXN-8720-8720
8721,8721,2025-08-20 20:37:40,Credit Card,847.04,Completed,TXN-8721-8721
8722,8722,2026-07-30 03:30:26,Cash on Delivery,4233.86,Completed,TXN-8722-8722
8723,8723,2026-04-01 20:59:45,PayPal,3165.55,Completed,TXN-8723-8723
8724,8724,2026-08-24 02:10:33,Cash on Delivery,645.49,Completed,TXN-8724-8724
8725,8725,2026-07-03 12:07:19,PayPal,2487.72,Completed,TXN-8725-8725
8726,8726,2026-06-27 06:01:49,Debit Card,826.11,Completed,TXN-8726-8726
8727,8727,2025-12-31 09:26:43,Credit Card,1206.77,Completed,TXN-8727-8727
8728,8728,2026-08-31 22:51:04,PayPal,2503.28,Completed,TXN-8728-8728
8729,8729,2025-09-07 07:21:09,Bank Transfer,2886.38,Completed,TXN-8729-8729
8730,8730,2026-09-01 06:14:21,Bank Transfer,897.64,Completed,TXN-8730-8730
8731,8731,2026-04-17 14:50:08,PayPal,662.55,Completed,TXN-8731-8731
8732,8732,2026-03-26 15:57:05,Credit Card,2454.3,Completed,TXN-8732-8732
8733,8733,2024-05-11 20:26:29,Debit Card,1929.68,Completed,TXN-8733-8733
8734,8734,2026-02-01 12:06:37,Bank Transfer,4882.46,Completed,TXN-8734-8734
8735,8735,2026-07-10 11:24:52,Credit Card,149.0,Completed,TXN-8735-8735
8736,8736,2025-05-12 08:30:09,Credit Card,1347.62,Failed,
8737,8737,2026-08-18 08:25:42,Bank Transfer,320.79,Completed,TXN-8737-8737
8738,8738,2026-03-08 02:32:18,Debit Card,1158.97,Pending,
8739,8739,2025-07-18 21:46:30,Debit Card,396.64,Pending,
8740,8740,2024-09-20 00:30:25,Debit Card,2005.83,Completed,TXN-8740-8740
8741,8741,2026-06-21 05:29:48,Cash on Delivery,2843.76,Completed,TXN-8741-8741
8742,8742,2026-06-03 16:49:46,Debit Card,944.47,Completed,TXN-8742-8742
8743,8743,2025-05-26 11:46:13,Credit Card,1580.4,Completed,TXN-8743-8743
8744,8744,2026-07-27 13:44:39,Bank Transfer,2702.79,Completed,TXN-8744-8744
8745,8745,2026-03-14 17:50:37,Cash on Delivery,891.65,Completed,TXN-8745-8745
8746,8746,2025-06-27 04:01:33,Cash on Delivery,1429.77,Completed,TXN-8746-8746
8747,8747,2025-12-17 13:30:13,Bank Transfer,2168.04,Completed,TXN-8747-8747
8748,8748,2026-06-01 16:49:41,PayPal,34.19,Failed,
8749,8749,2025-08-28 18:25:33,Cash on Delivery,3016.98,Completed,TXN-8749-8749
8750,8750,2025-11-14 21:05:55,Credit Card,927.59,Failed,
8751,8751,2024-10-27 01:54:55,Cash on Delivery,887.04,Completed,TXN-8751-8751
8752,8752,2026-02-19 15:44:06,Credit Card,3769.78,Completed,TXN-8752-8752
8753,8753,2024-10-26 19:06:56,PayPal,757.54,Pending,
8754,8754,2026-05-30 23:23:28,Cash on Delivery,1356.25,Completed,TXN-8754-8754
8755,8755,2026-05-08 14:06:44,Cash on Delivery,1528.0,Completed,TXN-8755-8755
8756,8756,2024-05-30 06:21:00,Debit Card,2419.89,Completed,TXN-8756-8756
8757,8757,2026-06-15 17:38:37,Debit Card,1141.92,Completed,TXN-8757-8757
8758,8758,2026-06-16 04:38:08,PayPal,1953.51,Pending,
8759,8759,2025-11-27 05:34:54,Cash on Delivery,1893.15,Completed,TXN-8759-8759
8760,8760,2026-03-24 13:46:46,Credit Card,1617.42,Completed,TXN-8760-8760
8761,8761,2025-11-14 00:55:38,Debit Card,1342.38,Completed,TXN-8761-8761
8762,8762,2026-05-26 22:14:13,PayPal,230.25,Pending,
8763,8763,2025-12-22 12:03:09,PayPal,774.23,Completed,TXN-8763-8763
8764,8764,2024-08-11 20:04:56,PayPal,1256.88,Completed,TXN-8764-8764
8765,8765,2026-03-17 14:02:58,Cash on Delivery,1321.46,Completed,TXN-8765-8765
8766,8766,2025-06-28 12:38:08,Debit Card,3112.83,Completed,TXN-8766-8766
8767,8767,2024-08-24 20:51:25,Bank Transfer,1655.96,Completed,TXN-8767-8767
8768,8768,2026-08-01 23:37:14,Credit Card,218.1,Refunded,TXN-8768-8768
8769,8769,2025-06-13 17:31:18,PayPal,1050.64,Completed,TXN-8769-8769
8770,8770,2025-09-17 10:57:38,Debit Card,4100.16,Completed,TXN-8770-8770
8771,8771,2025-03-01 22:13:01,Bank Transfer,2179.41,Pending,
8772,8772,2026-05-11 14:52:34,Bank Transfer,788.26,Completed,TXN-8772-8772
8773,8773,2024-09-19 10:00:52,Debit Card,2263.86,Completed,TXN-8773-8773
8774,8774,2026-08-27 08:00:11,Credit Card,1263.24,Completed,TXN-8774-8774
8775,8775,2026-04-12 00:51:20,Bank Transfer,1433.92,Completed,TXN-8775-8775
8776,8776,2025-10-07 13:45:41,Bank Transfer,2058.83,Completed,TXN-8776-8776
8777,8777,2025-06-10 10:37:02,Debit Card,1102.1,Completed,TXN-8777-8777
8778,8778,2024-10-20 20:07:28,PayPal,2498.49,Pending,
8779,8779,2025-12-13 16:41:25,Cash on Delivery,173.9,Completed,TXN-8779-8779
8780,8780,2025-08-24 07:40:10,PayPal,1947.56,Completed,TXN-8780-8780
8781,8781,2025-02-18 14:54:13,Cash on Delivery,334.47,Completed,TXN-8781-8781
8782,8782,2026-06-22 06:57:39,Bank Transfer,854.22,Completed,TXN-8782-8782
8783,8783,2026-08-15 23:34:51,Bank Transfer,457.79,Completed,TXN-8783-8783
8784,8784,2026-04-10 23:00:59,PayPal,4168.81,Completed,TXN-8784-8784
8785,8785,2025-04-27 13:01:53,Credit Card,3960.99,Refunded,TXN-8785-8785
8786,8786,2026-08-07 03:42:47,Debit Card,2041.4,Pending,
8787,8787,2026-08-28 05:56:34,PayPal,1732.22,Completed,TXN-8787-8787
8788,8788,2026-08-10 06:38:42,Bank Transfer,1418.1,Pending,
8789,8789,2026-01-07 02:00:33,Credit Card,2446.55,Completed,TXN-8789-8789
8790,8790,2026-05-03 13:45:15,Debit Card,3640.04,Pending,
8791,8791,2026-04-16 06:15:54,Bank Transfer,3247.75,Completed,TXN-8791-8791
8792,8792,2025-03-21 16:23:21,Credit Card,1115.82,Completed,TXN-8792-8792
8793,8793,2026-08-30 00:32:35,Bank Transfer,3255.86,Completed,TXN-8793-8793
8794,8794,2026-03-30 06:09:43,Debit Card,4581.21,Completed,TXN-8794-8794
8795,8795,2026-06-06 01:35:59,Cash on Delivery,788.26,Refunded,TXN-8795-8795
8796,8796,2026-07-12 14:55:12,Credit Card,4784.82,Completed,TXN-8796-8796
8797,8797,2024-11-24 11:31:24,Cash on Delivery,4977.22,Pending,
8798,8798,2024-08-25 05:14:03,Credit Card,4288.97,Completed,TXN-8798-8798
8799,8799,2026-01-25 01:38:00,PayPal,2062.45,Completed,TXN-8799-8799
8800,8800,2025-06-30 22:16:23,Bank Transfer,361.52,Completed,TXN-8800-8800
8801,8801,2026-04-12 10:17:34,Debit Card,56.27,Completed,TXN-8801-8801
8802,8802,2025-02-14 03:46:50,Debit Card,358.48,Completed,TXN-8802-8802
8803,8803,2025-04-03 13:42:39,PayPal,2740.6,Completed,TXN-8803-8803
8804,8804,2025-11-01 01:13:00,Cash on Delivery,204.87,Completed,TXN-8804-8804
8805,8805,2026-07-07 09:22:48,Bank Transfer,320.79,Pending,
8806,8806,2026-07-22 14:14:28,Debit Card,2453.0,Completed,TXN-8806-8806
8807,8807,2025-09-18 04:07:17,Cash on Delivery,1213.03,Refunded,TXN-8807-8807
8808,8808,2026-03-07 12:13:43,Debit Card,2998.7,Completed,TXN-8808-8808
8809,8809,2026-06-17 16:24:53,Bank Transfer,1601.0,Refunded,TXN-8809-8809
8810,8810,2025-10-02 23:49:42,Bank Transfer,2023.78,Completed,TXN-8810-8810
8811,8811,2026-08-08 16:25:59,PayPal,2571.62,Completed,TXN-8811-8811
8812,8812,2026-04-17 02:45:56,Bank Transfer,852.75,Completed,TXN-8812-8812
8813,8813,2026-08-29 19:47:18,Cash on Delivery,2542.51,Completed,TXN-8813-8813
8814,8814,2026-03-22 04:32:03,Cash on Delivery,1258.36,Pending,
8815,8815,2026-02-07 16:02:32,Bank Transfer,2712.15,Completed,TXN-8815-8815
8816,8816,2025-09-21 13:52:49,PayPal,3960.29,Completed,TXN-8816-8816
8817,8817,2025-12-17 06:03:53,Debit Card,6583.1,Completed,TXN-8817-8817
8818,8818,2024-07-23 23:45:57,Credit Card,3025.13,Completed,TXN-8818-8818
8819,8819,2025-07-27 12:33:47,Credit Card,3119.9,Completed,TXN-8819-8819
8820,8820,2026-07-05 09:41:05,PayPal,2158.56,Completed,TXN-8820-8820
8821,8821,2024-12-17 19:47:37,Credit Card,1929.3,Completed,TXN-8821-8821
8822,8822,2025-09-15 06:38:59,Cash on Delivery,694.67,Pending,
8823,8823,2026-07-08 17:02:40,Bank Transfer,2628.78,Completed,TXN-8823-8823
8824,8824,2026-07-21 09:13:56,PayPal,230.25,Completed,TXN-8824-8824
8825,8825,2026-08-12 13:22:10,Bank Transfer,839.44,Completed,TXN-8825-8825
8826,8826,2026-08-22 19:38:30,Cash on Delivery,4972.65,Completed,TXN-8826-8826
8827,8827,2025-11-27 10:28:38,PayPal,1985.3,Completed,TXN-8827-8827
8828,8828,2026-06-21 05:10:08,PayPal,643.08,Completed,TXN-8828-8828
8829,8829,2026-07-17 19:43:28,Credit Card,1600.77,Completed,TXN-8829-8829
8830,8830,2026-08-29 04:58:59,Debit Card,173.9,Completed,TXN-8830-8830
8831,8831,2026-05-03 02:38:21,Credit Card,2637.3,Failed,
8832,8832,2026-08-08 20:39:43,Credit Card,1127.81,Completed,TXN-8832-8832
8833,8833,2025-05-31 05:11:31,PayPal,851.91,Completed,TXN-8833-8833
8834,8834,2026-05-26 03:58:48,PayPal,102.57,Completed,TXN-8834-8834
8835,8835,2025-09-17 18:50:31,Cash on Delivery,391.52,Completed,TXN-8835-8835
8836,8836,2025-08-22 09:20:19,PayPal,2097.98,Failed,
8837,8837,2026-01-13 12:34:27,Debit Card,1956.72,Refunded,TXN-8837-8837
8838,8838,2025-03-09 12:10:07,Debit Card,2973.29,Completed,TXN-8838-8838
8839,8839,2026-03-11 00:17:40,Credit Card,1636.2,Completed,TXN-8839-8839
8840,8840,2026-07-07 02:56:52,Debit Card,69.06,Completed,TXN-8840-8840
8841,8841,2025-08-10 22:12:50,PayPal,2873.68,Completed,TXN-8841-8841
8842,8842,2026-08-07 22:21:14,Debit Card,138.13,Completed,TXN-8842-8842
8843,8843,2024-03-21 17:27:52,Bank Transfer,1893.01,Completed,TXN-8843-8843
8844,8844,2026-04-18 19:40:04,Cash on Delivery,1060.62,Completed,TXN-8844-8844
8845,8845,2026-07-12 05:47:26,Debit Card,2458.58,Completed,TXN-8845-8845
8846,8846,2026-03-25 16:27:20,Credit Card,394.13,Completed,TXN-8846-8846
8847,8847,2025-09-15 16:44:30,Cash on Delivery,1281.89,Completed,TXN-8847-8847
8848,8848,2023-10-20 01:54:49,Debit Card,4320.55,Completed,TXN-8848-8848
8849,8849,2025-04-07 12:05:38,Bank Transfer,5002.26,Pending,
8850,8850,2025-11-16 17:07:50,PayPal,679.46,Completed,TXN-8850-8850
8851,8851,2025-04-20 01:08:14,PayPal,720.38,Completed,TXN-8851-8851
8852,8852,2024-08-30 03:12:45,Credit Card,2094.31,Completed,TXN-8852-8852
8853,8853,2025-02-01 08:35:40,PayPal,861.06,Completed,TXN-8853-8853
8854,8854,2026-08-07 06:02:45,Bank Transfer,229.62,Failed,
8855,8855,2025-09-02 02:08:20,Bank Transfer,994.53,Completed,TXN-8855-8855
8856,8856,2024-05-05 10:46:02,PayPal,2195.4,Failed,
8857,8857,2026-05-06 17:12:54,Credit Card,1920.72,Refunded,TXN-8857-8857
8858,8858,2025-04-23 16:38:52,Bank Transfer,1194.9,Completed,TXN-8858-8858
8859,8859,2025-03-12 14:52:38,Credit Card,940.13,Completed,TXN-8859-8859
8860,8860,2025-10-05 23:33:42,Cash on Delivery,1043.92,Completed,TXN-8860-8860
8861,8861,2025-01-16 03:42:56,Debit Card,1538.79,Completed,TXN-8861-8861
8862,8862,2026-01-27 13:20:35,PayPal,1431.57,Completed,TXN-8862-8862
8863,8863,2025-07-07 21:31:20,Credit Card,2135.13,Completed,TXN-8863-8863
8864,8864,2026-05-21 17:10:19,Credit Card,2693.49,Refunded,TXN-8864-8864
8865,8865,2026-08-02 05:56:07,Bank Transfer,473.08,Completed,TXN-8865-8865
8866,8866,2026-08-08 00:52:30,Cash on Delivery,8045.77,Completed,TXN-8866-8866
8867,8867,2024-11-16 16:37:58,Bank Transfer,1856.15,Completed,TXN-8867-8867
8868,8868,2026-02-22 16:40:07,Credit Card,800.5,Completed,TXN-8868-8868
8869,8869,2026-03-20 08:37:04,PayPal,1439.78,Failed,
8870,8870,2025-02-02 10:55:11,Bank Transfer,1115.12,Completed,TXN-8870-8870
8871,8871,2025-05-01 08:58:49,Bank Transfer,1966.55,Completed,TXN-8871-8871
8872,8872,2025-11-29 04:27:34,Cash on Delivery,1820.78,Completed,TXN-8872-8872
8873,8873,2025-05-17 07:40:56,Cash on Delivery,894.69,Completed,TXN-8873-8873
8874,8874,2025-08-14 02:06:19,Bank Transfer,3893.09,Completed,TXN-8874-8874
8875,8875,2024-12-13 10:13:28,PayPal,1199.47,Completed,TXN-8875-8875
8876,8876,2025-01-17 11:18:58,Debit Card,520.37,Completed,TXN-8876-8876
8877,8877,2026-07-29 16:47:05,Bank Transfer,2294.91,Completed,TXN-8877-8877
8878,8878,2025-11-01 22:21:03,Credit Card,1685.54,Completed,TXN-8878-8878
8879,8879,2026-05-11 06:01:20,Debit Card,1097.79,Pending,
8880,8880,2026-08-30 23:20:47,Bank Transfer,994.18,Completed,TXN-8880-8880
8881,8881,2025-02-25 03:08:39,PayPal,1450.83,Completed,TXN-8881-8881
8882,8882,2025-09-12 03:54:49,Bank Transfer,1354.22,Completed,TXN-8882-8882
8883,8883,2026-02-05 01:22:02,Bank Transfer,3367.59,Completed,TXN-8883-8883
8884,8884,2024-11-14 08:05:57,Debit Card,1020.93,Failed,
8885,8885,2025-07-15 16:39:57,Debit Card,3860.1,Completed,TXN-8885-8885
8886,8886,2025-03-14 18:55:29,Debit Card,958.03,Completed,TXN-8886-8886
8887,8887,2026-07-06 23:34:25,PayPal,753.66,Completed,TXN-8887-8887
8888,8888,2026-07-30 20:05:15,Bank Transfer,760.49,Completed,TXN-8888-8888
8889,8889,2026-03-20 04:13:55,Cash on Delivery,1540.52,Completed,TXN-8889-8889
8890,8890,2025-06-17 00:53:01,Cash on Delivery,5288.82,Completed,TXN-8890-8890
8891,8891,2026-01-23 23:15:30,Debit Card,1895.84,Refunded,TXN-8891-8891
8892,8892,2026-04-16 07:03:22,Credit Card,3722.92,Completed,TXN-8892-8892
8893,8893,2025-12-11 13:13:46,PayPal,1266.16,Completed,TXN-8893-8893
8894,8894,2025-06-12 12:53:10,Cash on Delivery,2562.66,Completed,TXN-8894-8894
8895,8895,2026-03-04 06:11:02,PayPal,2265.23,Completed,TXN-8895-8895
8896,8896,2026-07-29 03:22:06,PayPal,149.0,Completed,TXN-8896-8896
8897,8897,2025-12-05 06:29:16,Credit Card,1330.1,Completed,TXN-8897-8897
8898,8898,2026-07-06 20:29:29,Bank Transfer,2174.99,Completed,TXN-8898-8898
8899,8899,2025-06-11 02:51:19,Debit Card,1551.0,Completed,TXN-8899-8899
8900,8900,2026-08-12 09:58:45,PayPal,2562.66,Completed,TXN-8900-8900
8901,8901,2025-07-21 00:12:19,PayPal,7486.86,Completed,TXN-8901-8901
8902,8902,2026-06-01 15:48:07,Cash on Delivery,1866.76,Completed,TXN-8902-8902
8903,8903,2024-01-24 10:33:52,PayPal,1020.52,Completed,TXN-8903-8903
8904,8904,2026-02-07 17:59:47,Bank Transfer,1064.68,Completed,TXN-8904-8904
8905,8905,2026-08-26 21:19:54,Bank Transfer,1298.1,Completed,TXN-8905-8905
8906,8906,2026-05-31 20:22:53,Cash on Delivery,670.43,Completed,TXN-8906-8906
8907,8907,2024-06-04 04:40:05,Bank Transfer,520.37,Failed,
8908,8908,2026-06-13 19:05:50,Bank Transfer,2020.75,Completed,TXN-8908-8908
8909,8909,2026-07-02 06:14:55,Credit Card,4289.94,Pending,
8910,8910,2025-11-06 16:11:29,Credit Card,795.44,Completed,TXN-8910-8910
8911,8911,2026-08-03 17:45:15,Cash on Delivery,709.43,Completed,TXN-8911-8911
8912,8912,2025-06-18 01:22:00,PayPal,3814.9,Completed,TXN-8912-8912
8913,8913,2026-06-05 20:25:32,PayPal,3324.98,Pending,
8914,8914,2025-10-31 23:41:35,Bank Transfer,4011.52,Completed,TXN-8914-8914
8915,8915,2024-12-17 00:53:55,Credit Card,981.1,Completed,TXN-8915-8915
8916,8916,2026-05-02 11:54:29,Credit Card,3145.42,Completed,TXN-8916-8916
8917,8917,2026-04-09 09:50:30,Debit Card,925.09,Completed,TXN-8917-8917
8918,8918,2026-08-27 14:34:46,Debit Card,1181.83,Completed,TXN-8918-8918
8919,8919,2026-03-08 16:36:52,Bank Transfer,1088.37,Completed,TXN-8919-8919
8920,8920,2026-08-23 02:20:31,Debit Card,3863.58,Completed,TXN-8920-8920
8921,8921,2024-04-17 07:09:02,PayPal,2769.69,Completed,TXN-8921-8921
8922,8922,2026-01-31 05:14:15,Bank Transfer,461.82,Completed,TXN-8922-8922
8923,8923,2026-08-12 01:18:57,Bank Transfer,185.47,Completed,TXN-8923-8923
8924,8924,2026-08-13 17:36:23,Debit Card,2248.53,Completed,TXN-8924-8924
8925,8925,2025-01-02 18:35:41,Debit Card,1829.41,Completed,TXN-8925-8925
8926,8926,2026-07-18 19:09:27,Credit Card,217.62,Completed,TXN-8926-8926
8927,8927,2026-01-03 23:12:03,Debit Card,1983.3,Completed,TXN-8927-8927
8928,8928,2025-09-15 19:41:03,PayPal,7842.5,Refunded,TXN-8928-8928
8929,8929,2026-08-15 20:16:42,Debit Card,937.18,Completed,TXN-8929-8929
8930,8930,2026-08-27 01:08:32,PayPal,2723.32,Refunded,TXN-8930-8930
8931,8931,2026-02-19 02:16:57,PayPal,1400.47,Pending,
8932,8932,2025-06-11 00:40:20,Bank Transfer,763.91,Completed,TXN-8932-8932
8933,8933,2026-08-09 20:15:25,PayPal,2843.76,Completed,TXN-8933-8933
8934,8934,2026-03-09 13:11:59,Credit Card,4230.44,Completed,TXN-8934-8934
8935,8935,2026-08-27 04:38:24,Debit Card,4010.21,Pending,
8936,8936,2024-05-25 10:47:22,Credit Card,206.29,Completed,TXN-8936-8936
8937,8937,2026-07-30 21:36:56,Credit Card,813.07,Failed,
8938,8938,2025-09-07 20:21:25,Credit Card,643.08,Completed,TXN-8938-8938
8939,8939,2024-01-31 05:55:48,Bank Transfer,1285.44,Refunded,TXN-8939-8939
8940,8940,2026-08-23 09:02:20,PayPal,822.3,Completed,TXN-8940-8940
8941,8941,2026-05-03 22:55:02,Debit Card,10186.84,Completed,TXN-8941-8941
8942,8942,2025-11-03 06:34:36,Bank Transfer,961.56,Completed,TXN-8942-8942
8943,8943,2023-12-30 10:50:22,Credit Card,1809.37,Completed,TXN-8943-8943
8944,8944,2025-07-06 18:58:46,Debit Card,2744.88,Completed,TXN-8944-8944
8945,8945,2025-11-23 00:35:07,Cash on Delivery,488.15,Completed,TXN-8945-8945
8946,8946,2025-09-10 09:20:36,Debit Card,1040.74,Completed,TXN-8946-8946
8947,8947,2025-06-13 18:23:50,Debit Card,1871.94,Completed,TXN-8947-8947
8948,8948,2026-08-11 02:56:34,Debit Card,1542.34,Pending,
8949,8949,2026-08-16 22:20:54,Cash on Delivery,2798.38,Completed,TXN-8949-8949
8950,8950,2025-01-01 19:50:53,Credit Card,1075.41,Completed,TXN-8950-8950
8951,8951,2025-11-14 19:28:27,Debit Card,781.74,Completed,TXN-8951-8951
8952,8952,2025-04-20 02:40:42,Bank Transfer,4091.83,Refunded,TXN-8952-8952
8953,8953,2026-05-31 09:17:01,Credit Card,1383.18,Completed,TXN-8953-8953
8954,8954,2026-03-18 23:22:22,Cash on Delivery,4104.81,Failed,
8955,8955,2026-01-22 19:15:58,Credit Card,2301.18,Completed,TXN-8955-8955
8956,8956,2026-05-21 07:12:33,Credit Card,6209.58,Pending,
8957,8957,2025-01-24 02:10:49,Debit Card,659.17,Completed,TXN-8957-8957
8958,8958,2026-08-07 10:36:58,Debit Card,1294.14,Completed,TXN-8958-8958
8959,8959,2026-07-23 03:33:59,PayPal,816.42,Completed,TXN-8959-8959
8960,8960,2026-09-01 01:10:56,Cash on Delivery,2069.64,Completed,TXN-8960-8960
8961,8961,2024-05-09 14:19:17,Bank Transfer,2868.57,Completed,TXN-8961-8961
8962,8962,2024-03-12 19:20:00,Bank Transfer,1020.52,Completed,TXN-8962-8962
8963,8963,2025-12-02 16:51:18,Credit Card,1172.52,Completed,TXN-8963-8963
8964,8964,2026-07-10 10:51:39,Cash on Delivery,176.54,Pending,
8965,8965,2026-02-15 02:06:27,Bank Transfer,1738.1,Completed,TXN-8965-8965
8966,8966,2025-07-22 04:48:00,Credit Card,304.75,Completed,TXN-8966-8966
8967,8967,2026-05-06 05:05:43,Debit Card,6472.39,Pending,
8968,8968,2025-04-30 17:00:12,Debit Card,987.12,Completed,TXN-8968-8968
8969,8969,2025-02-18 08:43:08,Debit Card,532.68,Completed,TXN-8969-8969
8970,8970,2026-02-16 01:13:13,Debit Card,1116.5,Completed,TXN-8970-8970
8971,8971,2026-04-19 02:28:57,Credit Card,448.76,Completed,TXN-8971-8971
8972,8972,2026-06-20 07:33:17,Bank Transfer,3531.57,Completed,TXN-8972-8972
8973,8973,2025-05-10 17:02:52,Cash on Delivery,1112.39,Completed,TXN-8973-8973
8974,8974,2025-12-31 08:30:46,Debit Card,953.44,Completed,TXN-8974-8974
8975,8975,2026-05-19 16:11:03,Debit Card,2656.01,Completed,TXN-8975-8975
8976,8976,2026-07-20 12:06:26,Cash on Delivery,981.77,Completed,TXN-8976-8976
8977,8977,2025-10-28 20:05:32,Debit Card,736.37,Completed,TXN-8977-8977
8978,8978,2026-08-21 02:55:54,PayPal,1723.72,Completed,TXN-8978-8978
8979,8979,2025-08-09 04:32:29,PayPal,817.5,Completed,TXN-8979-8979
8980,8980,2026-05-26 00:31:27,Debit Card,704.39,Completed,TXN-8980-8980
8981,8981,2024-05-01 01:51:38,PayPal,1780.85,Pending,
8982,8982,2025-07-22 05:13:25,Cash on Delivery,720.45,Completed,TXN-8982-8982
8983,8983,2026-03-19 09:11:39,Credit Card,915.58,Completed,TXN-8983-8983
8984,8984,2025-12-26 10:49:13,Cash on Delivery,633.08,Completed,TXN-8984-8984
8985,8985,2024-03-17 21:56:14,Cash on Delivery,4554.6,Completed,TXN-8985-8985
8986,8986,2025-11-26 10:27:59,Bank Transfer,44.87,Completed,TXN-8986-8986
8987,8987,2024-11-24 14:32:14,Bank Transfer,984.88,Completed,TXN-8987-8987
8988,8988,2026-07-05 18:59:28,Debit Card,2483.91,Completed,TXN-8988-8988
8989,8989,2026-03-27 18:36:59,Credit Card,3829.91,Completed,TXN-8989-8989
8990,8990,2025-10-12 11:56:31,Debit Card,1126.33,Completed,TXN-8990-8990
8991,8991,2026-08-24 03:38:19,Debit Card,1893.56,Completed,TXN-8991-8991
8992,8992,2026-02-20 07:28:02,Credit Card,1041.57,Completed,TXN-8992-8992
8993,8993,2026-05-16 04:17:11,PayPal,2471.11,Completed,TXN-8993-8993
8994,8994,2026-08-29 17:16:48,Bank Transfer,1522.86,Completed,TXN-8994-8994
8995,8995,2026-05-25 23:24:21,Debit Card,1666.89,Completed,TXN-8995-8995
8996,8996,2026-07-02 10:12:13,PayPal,2784.84,Completed,TXN-8996-8996
8997,8997,2026-04-21 18:35:58,Debit Card,3845.22,Completed,TXN-8997-8997
8998,8998,2025-12-04 00:14:41,Cash on Delivery,2758.49,Completed,TXN-8998-8998
8999,8999,2026-07-17 07:34:20,Credit Card,1574.53,Completed,TXN-8999-8999
9000,9000,2025-09-07 11:47:09,Credit Card,658.15,Completed,TXN-9000-9000
9001,9001,2026-08-02 18:12:50,Cash on Delivery,2420.62,Completed,TXN-9001-9001
9002,9002,2025-09-20 03:45:14,PayPal,434.9,Completed,TXN-9002-9002
9003,9003,2026-06-29 09:22:31,Cash on Delivery,5427.04,Completed,TXN-9003-9003
9004,9004,2024-06-04 09:27:43,Credit Card,902.38,Completed,TXN-9004-9004
9005,9005,2026-07-20 01:23:06,Bank Transfer,3547.9,Completed,TXN-9005-9005
9006,9006,2026-05-08 14:18:08,Bank Transfer,930.25,Completed,TXN-9006-9006
9007,9007,2026-05-13 00:06:07,Bank Transfer,268.2,Failed,
9008,9008,2026-07-17 08:02:56,Cash on Delivery,800.5,Completed,TXN-9008-9008
9009,9009,2025-09-20 06:36:04,Debit Card,3520.22,Completed,TXN-9009-9009
9010,9010,2026-05-11 12:00:56,Debit Card,3555.99,Completed,TXN-9010-9010
9011,9011,2025-08-01 02:34:22,Bank Transfer,1009.52,Completed,TXN-9011-9011
9012,9012,2026-03-25 04:31:10,Credit Card,1871.94,Completed,TXN-9012-9012
9013,9013,2025-11-12 12:50:01,Credit Card,1864.44,Completed,TXN-9013-9013
9014,9014,2025-04-20 09:55:34,Bank Transfer,1139.0,Completed,TXN-9014-9014
9015,9015,2026-06-16 03:19:33,Bank Transfer,2861.58,Completed,TXN-9015-9015
9016,9016,2026-08-28 01:56:51,Cash on Delivery,6618.62,Completed,TXN-9016-9016
9017,9017,2026-05-12 15:11:51,Debit Card,1204.09,Completed,TXN-9017-9017
9018,9018,2023-11-27 10:37:32,Cash on Delivery,1677.9,Completed,TXN-9018-9018
9019,9019,2025-11-10 18:00:41,PayPal,528.43,Completed,TXN-9019-9019
9020,9020,2026-08-27 15:03:05,Credit Card,1894.49,Completed,TXN-9020-9020
9021,9021,2025-08-06 20:58:26,Bank Transfer,1491.37,Completed,TXN-9021-9021
9022,9022,2026-07-19 13:48:07,Debit Card,3135.18,Completed,TXN-9022-9022
9023,9023,2026-03-01 10:51:09,Credit Card,1308.96,Completed,TXN-9023-9023
9024,9024,2025-08-01 03:36:50,PayPal,2260.4,Completed,TXN-9024-9024
9025,9025,2023-10-22 03:59:37,PayPal,4006.69,Completed,TXN-9025-9025
9026,9026,2024-10-08 09:56:30,Debit Card,557.91,Completed,TXN-9026-9026
9027,9027,2024-10-05 12:21:30,Bank Transfer,1947.56,Completed,TXN-9027-9027
9028,9028,2026-06-23 09:32:49,Credit Card,712.29,Completed,TXN-9028-9028
9029,9029,2026-07-25 23:48:40,Bank Transfer,576.9,Completed,TXN-9029-9029
9030,9030,2026-08-29 07:40:13,PayPal,935.97,Completed,TXN-9030-9030
9031,9031,2024-09-21 22:32:04,Cash on Delivery,5905.55,Completed,TXN-9031-9031
9032,9032,2026-03-23 19:27:02,Bank Transfer,1734.77,Completed,TXN-9032-9032
9033,9033,2025-06-15 20:55:46,Credit Card,2728.33,Completed,TXN-9033-9033
9034,9034,2026-07-28 16:31:56,PayPal,2284.6,Completed,TXN-9034-9034
9035,9035,2026-05-25 14:32:58,Cash on Delivery,2543.52,Completed,TXN-9035-9035
9036,9036,2025-05-10 06:08:48,Bank Transfer,1698.8,Completed,TXN-9036-9036
9037,9037,2026-07-09 06:24:06,Bank Transfer,3310.17,Completed,TXN-9037-9037
9038,9038,2026-06-06 13:59:16,PayPal,461.22,Completed,TXN-9038-9038
9039,9039,2025-08-12 19:30:00,Debit Card,5023.61,Completed,TXN-9039-9039
9040,9040,2025-10-22 07:41:18,Cash on Delivery,1347.24,Completed,TXN-9040-9040
9041,9041,2026-02-02 04:05:30,Bank Transfer,4847.67,Completed,TXN-9041-9041
9042,9042,2026-02-04 05:29:04,PayPal,769.08,Completed,TXN-9042-9042
9043,9043,2026-06-12 23:19:22,Credit Card,2334.44,Completed,TXN-9043-9043
9044,9044,2025-12-21 02:39:19,Bank Transfer,68.38,Completed,TXN-9044-9044
9045,9045,2026-08-28 23:20:31,PayPal,2744.73,Completed,TXN-9045-9045
9046,9046,2026-06-17 23:42:57,Debit Card,196.81,Completed,TXN-9046-9046
9047,9047,2025-10-30 22:30:43,Debit Card,2874.27,Pending,
9048,9048,2024-11-20 01:36:41,Debit Card,1062.76,Completed,TXN-9048-9048
9049,9049,2026-01-08 18:56:07,Bank Transfer,2306.39,Pending,
9050,9050,2026-05-13 12:44:38,Debit Card,917.3,Completed,TXN-9050-9050
9051,9051,2026-04-18 18:31:37,Bank Transfer,4467.76,Completed,TXN-9051-9051
9052,9052,2026-06-19 05:51:59,PayPal,2172.37,Completed,TXN-9052-9052
9053,9053,2026-08-07 19:02:20,Credit Card,1196.56,Completed,TXN-9053-9053
9054,9054,2026-04-05 18:13:55,PayPal,990.08,Completed,TXN-9054-9054
9055,9055,2025-12-02 11:43:11,Bank Transfer,2775.27,Completed,TXN-9055-9055
9056,9056,2026-08-31 11:33:05,Bank Transfer,2433.81,Completed,TXN-9056-9056
9057,9057,2025-06-19 23:01:26,Debit Card,1548.46,Completed,TXN-9057-9057
9058,9058,2026-06-04 16:28:36,Bank Transfer,287.02,Completed,TXN-9058-9058
9059,9059,2025-01-23 15:19:00,Debit Card,2726.08,Completed,TXN-9059-9059
9060,9060,2026-02-20 14:33:06,Debit Card,1656.03,Failed,
9061,9061,2025-05-10 19:44:21,PayPal,5657.08,Completed,TXN-9061-9061
9062,9062,2026-01-18 07:54:15,Credit Card,61.54,Failed,
9063,9063,2026-07-26 20:25:24,Cash on Delivery,2794.09,Completed,TXN-9063-9063
9064,9064,2026-04-19 05:24:38,Cash on Delivery,1564.48,Completed,TXN-9064-9064
9065,9065,2025-10-28 06:19:54,Debit Card,3877.85,Completed,TXN-9065-9065
9066,9066,2025-12-31 04:14:40,Debit Card,4637.44,Failed,
9067,9067,2026-03-15 19:45:57,Bank Transfer,202.6,Completed,TXN-9067-9067
9068,9068,2025-07-01 04:10:39,Bank Transfer,440.74,Completed,TXN-9068-9068
9069,9069,2024-04-21 03:06:45,PayPal,673.6,Completed,TXN-9069-9069
9070,9070,2026-02-01 22:07:34,Credit Card,1401.38,Completed,TXN-9070-9070
9071,9071,2026-07-16 04:05:18,Bank Transfer,1116.13,Completed,TXN-9071-9071
9072,9072,2026-03-04 00:15:39,Cash on Delivery,1540.87,Pending,
9073,9073,2025-09-02 13:54:04,Cash on Delivery,2006.38,Completed,TXN-9073-9073
9074,9074,2024-11-25 19:36:31,Cash on Delivery,1211.72,Completed,TXN-9074-9074
9075,9075,2026-02-23 06:42:37,PayPal,2341.45,Completed,TXN-9075-9075
9076,9076,2026-05-26 12:31:53,PayPal,2136.71,Completed,TXN-9076-9076
9077,9077,2026-02-05 20:50:36,Credit Card,149.0,Completed,TXN-9077-9077
9078,9078,2026-06-28 21:12:06,Bank Transfer,1876.86,Refunded,TXN-9078-9078
9079,9079,2024-04-22 14:51:33,PayPal,1963.3,Pending,
9080,9080,2025-05-05 12:07:58,Cash on Delivery,2536.05,Refunded,TXN-9080-9080
9081,9081,2025-11-28 03:07:40,Bank Transfer,1250.0,Completed,TXN-9081-9081
9082,9082,2026-02-14 09:51:14,Credit Card,2088.88,Completed,TXN-9082-9082
9083,9083,2026-02-23 06:25:33,Credit Card,176.54,Completed,TXN-9083-9083
9084,9084,2026-05-30 13:14:12,Debit Card,1894.86,Completed,TXN-9084-9084
9085,9085,2025-07-20 21:52:05,Cash on Delivery,900.52,Completed,TXN-9085-9085
9086,9086,2026-08-29 08:01:43,Credit Card,2532.14,Completed,TXN-9086-9086
9087,9087,2025-09-21 09:40:40,Credit Card,1370.76,Completed,TXN-9087-9087
9088,9088,2025-12-14 12:01:14,Credit Card,2869.62,Completed,TXN-9088-9088
9089,9089,2025-07-08 17:43:49,Cash on Delivery,2544.63,Completed,TXN-9089-9089
9090,9090,2026-03-20 21:51:56,Bank Transfer,5015.32,Completed,TXN-9090-9090
9091,9091,2026-08-18 01:07:34,PayPal,4473.69,Completed,TXN-9091-9091
9092,9092,2026-08-01 20:38:31,Bank Transfer,3032.95,Completed,TXN-9092-9092
9093,9093,2025-02-17 10:24:16,Cash on Delivery,2681.61,Failed,
9094,9094,2025-11-16 16:52:09,Debit Card,2635.17,Completed,TXN-9094-9094
9095,9095,2026-05-18 15:01:44,PayPal,520.37,Pending,
9096,9096,2026-06-28 23:51:42,Credit Card,2483.65,Completed,TXN-9096-9096
9097,9097,2024-01-20 03:59:10,Credit Card,1831.16,Completed,TXN-9097-9097
9098,9098,2025-04-06 08:53:05,PayPal,1306.07,Completed,TXN-9098-9098
9099,9099,2024-06-27 05:20:59,Bank Transfer,43.21,Completed,TXN-9099-9099
9100,9100,2026-07-03 22:44:43,PayPal,236.54,Completed,TXN-9100-9100
9101,9101,2025-05-22 20:33:52,PayPal,272.07,Completed,TXN-9101-9101
9102,9102,2026-08-21 23:49:34,Bank Transfer,2164.62,Completed,TXN-9102-9102
9103,9103,2026-04-11 05:42:34,Bank Transfer,2100.64,Completed,TXN-9103-9103
9104,9104,2025-04-21 06:47:12,Debit Card,333.85,Completed,TXN-9104-9104
9105,9105,2026-07-10 06:59:32,PayPal,2047.7,Pending,
9106,9106,2026-01-19 10:18:37,Debit Card,3105.05,Pending,
9107,9107,2026-08-01 16:30:14,Debit Card,149.0,Completed,TXN-9107-9107
9108,9108,2025-06-06 00:04:01,Cash on Delivery,5635.31,Completed,TXN-9108-9108
9109,9109,2026-08-01 09:51:43,PayPal,2316.71,Completed,TXN-9109-9109
9110,9110,2024-07-24 11:53:37,PayPal,2474.05,Completed,TXN-9110-9110
9111,9111,2026-07-17 06:06:22,Credit Card,4603.0,Completed,TXN-9111-9111
9112,9112,2025-07-25 04:19:15,Cash on Delivery,4544.83,Completed,TXN-9112-9112
9113,9113,2025-12-03 06:00:40,Cash on Delivery,4607.39,Pending,
9114,9114,2025-06-15 18:31:28,Bank Transfer,610.49,Completed,TXN-9114-9114
9115,9115,2026-08-28 07:31:25,Credit Card,930.25,Completed,TXN-9115-9115
9116,9116,2026-05-07 21:53:22,Bank Transfer,338.48,Completed,TXN-9116-9116
9117,9117,2025-08-19 17:06:34,Credit Card,1405.71,Pending,
9118,9118,2026-05-26 07:08:02,PayPal,6528.93,Completed,TXN-9118-9118
9119,9119,2026-03-15 11:46:43,PayPal,353.08,Completed,TXN-9119-9119
9120,9120,2025-11-02 06:47:07,PayPal,4213.48,Completed,TXN-9120-9120
9121,9121,2026-01-03 12:03:46,Cash on Delivery,4332.25,Pending,
9122,9122,2025-03-07 11:32:12,Debit Card,1253.6,Completed,TXN-9122-9122
9123,9123,2025-10-08 05:43:30,Credit Card,3866.27,Completed,TXN-9123-9123
9124,9124,2026-05-13 13:12:19,Cash on Delivery,1326.28,Pending,
9125,9125,2026-08-22 07:29:35,Bank Transfer,723.78,Completed,TXN-9125-9125
9126,9126,2026-03-16 13:46:25,PayPal,335.43,Completed,TXN-9126-9126
9127,9127,2025-10-10 13:55:15,Bank Transfer,3428.16,Completed,TXN-9127-9127
9128,9128,2025-07-14 12:43:09,PayPal,459.02,Completed,TXN-9128-9128
9129,9129,2026-08-12 10:17:47,Bank Transfer,557.91,Completed,TXN-9129-9129
9130,9130,2026-05-23 20:17:47,Debit Card,1402.94,Completed,TXN-9130-9130
9131,9131,2025-02-25 06:58:56,Bank Transfer,1842.95,Completed,TXN-9131-9131
9132,9132,2026-04-10 04:53:12,Credit Card,892.28,Completed,TXN-9132-9132
9133,9133,2025-02-28 17:19:35,PayPal,2718.0,Pending,
9134,9134,2026-07-02 08:11:16,Cash on Delivery,818.1,Completed,TXN-9134-9134
9135,9135,2025-10-24 18:26:06,Bank Transfer,597.45,Completed,TXN-9135-9135
9136,9136,2026-02-06 12:31:07,Bank Transfer,287.02,Completed,TXN-9136-9136
9137,9137,2026-03-30 22:18:24,Cash on Delivery,723.12,Completed,TXN-9137-9137
9138,9138,2026-05-01 05:40:13,Bank Transfer,2376.75,Completed,TXN-9138-9138
9139,9139,2026-07-01 12:21:08,Debit Card,895.08,Completed,TXN-9139-9139
9140,9140,2026-08-29 16:11:57,PayPal,3275.5,Pending,
9141,9141,2025-08-28 03:25:15,PayPal,2665.47,Completed,TXN-9141-9141
9142,9142,2026-01-19 21:47:49,Bank Transfer,229.0,Completed,TXN-9142-9142
9143,9143,2026-01-01 13:39:57,PayPal,1286.16,Completed,TXN-9143-9143
9144,9144,2024-03-05 01:27:20,Credit Card,1802.14,Completed,TXN-9144-9144
9145,9145,2025-10-28 02:42:35,PayPal,2526.57,Completed,TXN-9145-9145
9146,9146,2026-05-25 23:39:09,Cash on Delivery,427.63,Completed,TXN-9146-9146
9147,9147,2026-06-04 23:35:06,Debit Card,1093.24,Completed,TXN-9147-9147
9148,9148,2025-09-10 05:43:55,Credit Card,2747.6,Refunded,TXN-9148-9148
9149,9149,2026-08-05 15:57:28,Bank Transfer,56.27,Completed,TXN-9149-9149
9150,9150,2025-05-04 22:11:09,Cash on Delivery,658.15,Completed,TXN-9150-9150
9151,9151,2026-07-07 19:40:16,Cash on Delivery,1010.06,Pending,
9152,9152,2026-04-11 14:26:14,Credit Card,2063.1,Completed,TXN-9152-9152
9153,9153,2026-07-10 03:45:24,Bank Transfer,1016.34,Pending,
9154,9154,2026-06-12 08:17:20,PayPal,4526.46,Completed,TXN-9154-9154
9155,9155,2026-03-23 09:14:23,Bank Transfer,1010.07,Refunded,TXN-9155-9155
9156,9156,2026-07-16 13:37:38,Credit Card,2281.62,Completed,TXN-9156-9156
9157,9157,2025-05-22 23:43:31,Bank Transfer,2514.05,Completed,TXN-9157-9157
9158,9158,2025-08-20 01:15:18,Cash on Delivery,4518.28,Completed,TXN-9158-9158
9159,9159,2025-12-21 01:41:33,Credit Card,3675.35,Completed,TXN-9159-9159
9160,9160,2025-06-02 22:10:39,Cash on Delivery,3064.78,Completed,TXN-9160-9160
9161,9161,2024-07-30 21:45:00,PayPal,6615.32,Completed,TXN-9161-9161
9162,9162,2026-02-08 06:32:44,Cash on Delivery,1194.42,Completed,TXN-9162-9162
9163,9163,2024-11-13 15:31:42,PayPal,2123.48,Completed,TXN-9163-9163
9164,9164,2025-11-30 23:54:31,PayPal,3302.63,Completed,TXN-9164-9164
9165,9165,2026-07-23 23:31:44,Credit Card,978.8,Failed,
9166,9166,2025-07-23 09:52:45,Debit Card,2562.82,Completed,TXN-9166-9166
9167,9167,2026-06-18 21:23:31,PayPal,915.0,Completed,TXN-9167-9167
9168,9168,2025-09-26 22:29:25,Debit Card,2873.57,Completed,TXN-9168-9168
9169,9169,2026-08-21 23:18:42,Bank Transfer,1561.11,Completed,TXN-9169-9169
9170,9170,2025-07-09 14:10:45,PayPal,2095.47,Completed,TXN-9170-9170
9171,9171,2025-11-03 00:23:11,PayPal,2007.26,Completed,TXN-9171-9171
9172,9172,2026-03-12 20:33:46,Bank Transfer,4182.19,Completed,TXN-9172-9172
9173,9173,2024-11-26 04:26:48,PayPal,1981.43,Completed,TXN-9173-9173
9174,9174,2025-02-15 18:15:31,Bank Transfer,758.23,Refunded,TXN-9174-9174
9175,9175,2025-12-13 04:45:52,Bank Transfer,212.89,Completed,TXN-9175-9175
9176,9176,2024-11-25 07:39:41,Credit Card,1462.02,Completed,TXN-9176-9176
9177,9177,2026-06-02 19:31:01,PayPal,520.37,Completed,TXN-9177-9177
9178,9178,2026-04-17 08:50:29,Cash on Delivery,1095.02,Completed,TXN-9178-9178
9179,9179,2025-02-22 09:06:33,Credit Card,5283.98,Completed,TXN-9179-9179
9180,9180,2025-08-29 18:34:03,PayPal,1900.12,Completed,TXN-9180-9180
9181,9181,2026-01-26 13:49:24,Cash on Delivery,202.6,Completed,TXN-9181-9181
9182,9182,2026-09-01 12:21:27,Cash on Delivery,649.24,Completed,TXN-9182-9182
9183,9183,2026-04-27 03:01:35,Cash on Delivery,1075.44,Completed,TXN-9183-9183
9184,9184,2026-08-11 12:40:24,Bank Transfer,1137.25,Completed,TXN-9184-9184
9185,9185,2026-03-07 14:23:30,Debit Card,994.18,Completed,TXN-9185-9185
9186,9186,2025-07-02 04:29:15,Debit Card,2284.31,Completed,TXN-9186-9186
9187,9187,2026-07-12 21:43:57,PayPal,1975.31,Completed,TXN-9187-9187
9188,9188,2026-04-27 08:22:54,Debit Card,643.25,Completed,TXN-9188-9188
9189,9189,2025-11-25 17:29:29,Credit Card,774.23,Completed,TXN-9189-9189
9190,9190,2026-07-27 20:29:32,Debit Card,734.16,Pending,
9191,9191,2025-02-19 02:02:25,Debit Card,3110.22,Completed,TXN-9191-9191
9192,9192,2026-08-17 10:24:14,Credit Card,3785.89,Completed,TXN-9192-9192
9193,9193,2026-07-29 01:43:15,Debit Card,1729.84,Completed,TXN-9193-9193
9194,9194,2026-09-01 06:28:24,Debit Card,2476.83,Completed,TXN-9194-9194
9195,9195,2025-04-27 13:04:59,Cash on Delivery,4817.8,Completed,TXN-9195-9195
9196,9196,2025-06-17 18:53:19,Credit Card,149.0,Pending,
9197,9197,2026-08-24 01:37:05,Bank Transfer,976.7,Refunded,TXN-9197-9197
9198,9198,2023-12-08 06:34:17,Cash on Delivery,2461.35,Completed,TXN-9198-9198
9199,9199,2026-07-24 06:02:07,Bank Transfer,2902.27,Completed,TXN-9199-9199
9200,9200,2025-10-21 15:45:17,Credit Card,1997.99,Completed,TXN-9200-9200
9201,9201,2024-12-05 16:10:27,Debit Card,3416.88,Completed,TXN-9201-9201
9202,9202,2026-07-03 06:40:57,Debit Card,4326.84,Completed,TXN-9202-9202
9203,9203,2026-05-14 20:16:03,Bank Transfer,4637.22,Completed,TXN-9203-9203
9204,9204,2026-08-01 12:49:03,PayPal,2401.5,Completed,TXN-9204-9204
9205,9205,2026-04-24 02:43:10,Bank Transfer,1098.37,Completed,TXN-9205-9205
9206,9206,2025-12-05 16:51:42,Bank Transfer,4902.14,Completed,TXN-9206-9206
9207,9207,2023-11-06 21:18:54,Bank Transfer,1688.62,Failed,
9208,9208,2026-03-21 19:05:00,Bank Transfer,2270.29,Completed,TXN-9208-9208
9209,9209,2025-12-20 12:11:47,Credit Card,662.55,Completed,TXN-9209-9209
9210,9210,2025-11-23 00:45:25,Debit Card,382.94,Completed,TXN-9210-9210
9211,9211,2026-08-02 22:53:24,PayPal,62.52,Completed,TXN-9211-9211
9212,9212,2026-03-27 18:13:29,Credit Card,2643.6,Completed,TXN-9212-9212
9213,9213,2024-07-08 07:09:32,Debit Card,2372.16,Completed,TXN-9213-9213
9214,9214,2025-07-21 05:17:31,Debit Card,1523.04,Refunded,TXN-9214-9214
9215,9215,2025-09-01 09:35:02,Credit Card,223.46,Failed,
9216,9216,2025-12-07 12:34:19,Credit Card,3760.17,Completed,TXN-9216-9216
9217,9217,2026-07-24 10:05:07,PayPal,3243.69,Completed,TXN-9217-9217
9218,9218,2026-04-08 17:27:52,Credit Card,1892.02,Completed,TXN-9218-9218
9219,9219,2026-05-28 04:53:33,Credit Card,5490.02,Completed,TXN-9219-9219
9220,9220,2026-05-29 23:11:26,Bank Transfer,2790.15,Completed,TXN-9220-9220
9221,9221,2026-07-13 16:27:41,PayPal,2128.56,Completed,TXN-9221-9221
9222,9222,2025-11-03 12:41:51,Bank Transfer,664.24,Completed,TXN-9222-9222
9223,9223,2025-05-02 11:15:13,Debit Card,2750.92,Completed,TXN-9223-9223
9224,9224,2026-08-28 13:09:44,Cash on Delivery,2179.0,Completed,TXN-9224-9224
9225,9225,2024-10-19 10:33:05,Cash on Delivery,1539.53,Completed,TXN-9225-9225
9226,9226,2026-07-31 03:36:59,Cash on Delivery,2469.61,Pending,
9227,9227,2026-07-31 17:50:51,Debit Card,2953.6,Pending,
9228,9228,2025-09-20 01:14:43,Credit Card,2844.42,Completed,TXN-9228-9228
9229,9229,2026-07-14 08:40:14,PayPal,888.35,Completed,TXN-9229-9229
9230,9230,2025-08-23 14:21:36,Bank Transfer,6686.98,Completed,TXN-9230-9230
9231,9231,2025-05-27 02:56:16,Cash on Delivery,1042.16,Completed,TXN-9231-9231
9232,9232,2026-04-26 17:55:54,Bank Transfer,949.72,Completed,TXN-9232-9232
9233,9233,2026-05-29 05:20:04,Credit Card,2783.14,Completed,TXN-9233-9233
9234,9234,2026-08-29 17:16:34,PayPal,489.62,Completed,TXN-9234-9234
9235,9235,2026-04-17 20:18:13,Credit Card,3427.71,Completed,TXN-9235-9235
9236,9236,2025-09-20 17:32:45,Cash on Delivery,2854.12,Completed,TXN-9236-9236
9237,9237,2026-03-19 03:21:57,PayPal,643.08,Refunded,TXN-9237-9237
9238,9238,2025-05-17 03:40:58,PayPal,2614.33,Completed,TXN-9238-9238
9239,9239,2026-05-26 15:15:46,Bank Transfer,1571.37,Completed,TXN-9239-9239
9240,9240,2026-05-30 13:54:23,Bank Transfer,609.5,Completed,TXN-9240-9240
9241,9241,2024-11-28 07:01:17,Cash on Delivery,471.88,Failed,
9242,9242,2026-07-28 15:27:38,Cash on Delivery,1390.23,Completed,TXN-9242-9242
9243,9243,2025-11-10 03:56:36,PayPal,1159.54,Pending,
9244,9244,2025-04-06 16:08:51,Cash on Delivery,5825.64,Completed,TXN-9244-9244
9245,9245,2026-01-01 14:43:13,Cash on Delivery,2365.59,Completed,TXN-9245-9245
9246,9246,2024-11-06 13:41:49,Cash on Delivery,1079.77,Refunded,TXN-9246-9246
9247,9247,2026-06-15 12:42:17,Cash on Delivery,1113.59,Completed,TXN-9247-9247
9248,9248,2026-05-25 13:35:09,PayPal,576.9,Completed,TXN-9248-9248
9249,9249,2026-07-19 09:47:35,PayPal,2070.03,Completed,TXN-9249-9249
9250,9250,2024-10-16 17:57:38,Credit Card,824.86,Completed,TXN-9250-9250
9251,9251,2024-08-07 02:11:44,Bank Transfer,2364.17,Refunded,TXN-9251-9251
9252,9252,2025-08-07 09:00:50,Debit Card,255.83,Completed,TXN-9252-9252
9253,9253,2026-02-15 10:39:40,Debit Card,1051.68,Completed,TXN-9253-9253
9254,9254,2026-08-28 05:42:13,PayPal,633.08,Pending,
9255,9255,2026-07-23 22:17:28,Cash on Delivery,3809.34,Completed,TXN-9255-9255
9256,9256,2024-03-17 02:07:54,Cash on Delivery,880.29,Completed,TXN-9256-9256
9257,9257,2026-04-23 07:50:08,Bank Transfer,981.65,Completed,TXN-9257-9257
9258,9258,2025-12-20 02:30:06,Debit Card,6181.48,Completed,TXN-9258-9258
9259,9259,2024-12-10 18:41:52,PayPal,2398.68,Completed,TXN-9259-9259
9260,9260,2026-07-14 14:22:08,Cash on Delivery,2384.56,Completed,TXN-9260-9260
9261,9261,2026-04-03 03:11:24,PayPal,1720.2,Completed,TXN-9261-9261
9262,9262,2025-07-16 11:53:21,Cash on Delivery,3166.5,Completed,TXN-9262-9262
9263,9263,2026-05-02 16:48:36,Credit Card,855.01,Completed,TXN-9263-9263
9264,9264,2026-05-18 05:35:39,Debit Card,2652.12,Pending,
9265,9265,2025-06-27 04:39:13,Cash on Delivery,941.58,Completed,TXN-9265-9265
9266,9266,2024-11-30 21:26:21,Bank Transfer,1668.36,Completed,TXN-9266-9266
9267,9267,2025-02-13 21:50:09,PayPal,703.24,Refunded,TXN-9267-9267
9268,9268,2026-08-24 03:11:48,Debit Card,3549.28,Completed,TXN-9268-9268
9269,9269,2026-01-24 02:23:24,Debit Card,2863.2,Completed,TXN-9269-9269
9270,9270,2025-12-01 02:51:04,PayPal,3043.6,Completed,TXN-9270-9270
9271,9271,2025-09-06 00:34:36,Cash on Delivery,3807.96,Pending,
9272,9272,2024-12-09 00:58:31,Debit Card,5157.97,Completed,TXN-9272-9272
9273,9273,2026-07-01 23:54:42,Credit Card,2409.17,Completed,TXN-9273-9273
9274,9274,2026-07-12 08:34:33,Credit Card,1564.77,Completed,TXN-9274-9274
9275,9275,2026-03-05 08:40:57,Cash on Delivery,3887.43,Completed,TXN-9275-9275
9276,9276,2026-05-09 21:51:03,Credit Card,672.12,Pending,
9277,9277,2026-01-26 10:58:37,Bank Transfer,3390.95,Completed,TXN-9277-9277
9278,9278,2026-07-25 08:38:35,Cash on Delivery,1316.3,Completed,TXN-9278-9278
9279,9279,2025-07-09 08:38:49,Debit Card,2461.27,Completed,TXN-9279-9279
9280,9280,2026-07-28 10:27:24,PayPal,3036.92,Completed,TXN-9280-9280
9281,9281,2025-06-29 14:35:21,Credit Card,885.2,Completed,TXN-9281-9281
9282,9282,2026-01-01 16:58:10,Debit Card,2493.17,Completed,TXN-9282-9282
9283,9283,2026-06-23 20:02:31,PayPal,1900.14,Completed,TXN-9283-9283
9284,9284,2026-01-18 22:52:23,Cash on Delivery,4865.5,Completed,TXN-9284-9284
9285,9285,2026-05-17 18:31:52,PayPal,614.31,Completed,TXN-9285-9285
9286,9286,2025-06-13 17:30:23,Bank Transfer,649.62,Completed,TXN-9286-9286
9287,9287,2026-01-18 08:11:37,Cash on Delivery,532.67,Completed,TXN-9287-9287
9288,9288,2026-07-07 22:59:28,PayPal,1383.63,Completed,TXN-9288-9288
9289,9289,2026-06-27 10:31:32,Credit Card,1633.96,Completed,TXN-9289-9289
9290,9290,2024-11-14 18:56:19,Debit Card,1703.82,Completed,TXN-9290-9290
9291,9291,2025-12-21 01:38:28,PayPal,3352.73,Completed,TXN-9291-9291
9292,9292,2026-02-01 23:15:57,PayPal,237.08,Completed,TXN-9292-9292
9293,9293,2026-05-26 15:48:45,Bank Transfer,930.36,Completed,TXN-9293-9293
9294,9294,2026-07-18 11:20:32,Cash on Delivery,775.53,Completed,TXN-9294-9294
9295,9295,2026-04-16 22:53:38,Cash on Delivery,4023.78,Completed,TXN-9295-9295
9296,9296,2025-08-13 11:41:06,Cash on Delivery,1551.71,Failed,
9297,9297,2025-03-29 04:37:51,Bank Transfer,2664.28,Pending,
9298,9298,2024-01-08 23:39:56,PayPal,347.8,Completed,TXN-9298-9298
9299,9299,2025-10-14 05:02:36,Bank Transfer,4334.99,Completed,TXN-9299-9299
9300,9300,2026-04-14 17:06:39,Credit Card,826.96,Failed,
9301,9301,2026-01-07 06:56:35,PayPal,5145.08,Completed,TXN-9301-9301
9302,9302,2026-01-29 22:05:28,Debit Card,1153.17,Completed,TXN-9302-9302
9303,9303,2025-02-04 22:37:55,Bank Transfer,1724.87,Completed,TXN-9303-9303
9304,9304,2026-01-26 11:03:00,Debit Card,4407.59,Completed,TXN-9304-9304
9305,9305,2025-08-11 00:49:39,Credit Card,1009.52,Completed,TXN-9305-9305
9306,9306,2026-07-06 03:52:53,Credit Card,4755.46,Completed,TXN-9306-9306
9307,9307,2026-06-29 05:21:59,PayPal,890.56,Completed,TXN-9307-9307
9308,9308,2026-07-31 19:30:27,Debit Card,2454.3,Completed,TXN-9308-9308
9309,9309,2025-12-06 11:07:29,Debit Card,1421.54,Completed,TXN-9309-9309
9310,9310,2026-03-09 22:56:53,PayPal,287.02,Completed,TXN-9310-9310
9311,9311,2024-12-23 04:23:51,Credit Card,3320.09,Completed,TXN-9311-9311
9312,9312,2026-07-25 10:20:57,Bank Transfer,514.3,Completed,TXN-9312-9312
9313,9313,2026-02-24 11:17:32,Credit Card,3753.51,Completed,TXN-9313-9313
9314,9314,2026-09-01 18:00:30,Bank Transfer,178.18,Completed,TXN-9314-9314
9315,9315,2026-04-25 23:24:23,Credit Card,923.07,Pending,
9316,9316,2024-09-25 18:02:54,Debit Card,1587.86,Completed,TXN-9316-9316
9317,9317,2025-11-09 07:37:48,PayPal,4118.01,Completed,TXN-9317-9317
9318,9318,2026-06-23 14:39:19,Bank Transfer,2202.8,Completed,TXN-9318-9318
9319,9319,2025-01-20 10:30:56,Debit Card,1477.69,Completed,TXN-9319-9319
9320,9320,2026-01-25 18:32:33,Cash on Delivery,2496.08,Completed,TXN-9320-9320
9321,9321,2026-08-22 02:26:33,Cash on Delivery,682.88,Completed,TXN-9321-9321
9322,9322,2024-04-12 22:10:35,Credit Card,1741.77,Completed,TXN-9322-9322
9323,9323,2025-07-19 06:32:41,Credit Card,339.73,Completed,TXN-9323-9323
9324,9324,2025-12-17 22:29:33,PayPal,804.25,Pending,
9325,9325,2026-06-10 03:53:52,Bank Transfer,557.91,Completed,TXN-9325-9325
9326,9326,2025-05-26 06:27:55,Cash on Delivery,2069.81,Completed,TXN-9326-9326
9327,9327,2026-08-07 00:35:49,PayPal,3968.82,Completed,TXN-9327-9327
9328,9328,2026-08-29 21:39:10,Debit Card,6030.8,Completed,TXN-9328-9328
9329,9329,2024-10-04 12:35:17,Bank Transfer,1942.94,Completed,TXN-9329-9329
9330,9330,2025-06-02 01:20:02,Bank Transfer,1110.86,Completed,TXN-9330-9330
9331,9331,2025-06-09 23:05:08,Cash on Delivery,2265.3,Completed,TXN-9331-9331
9332,9332,2024-11-25 04:57:45,Cash on Delivery,690.74,Completed,TXN-9332-9332
9333,9333,2026-07-17 19:53:23,PayPal,1123.97,Completed,TXN-9333-9333
9334,9334,2024-08-14 05:14:31,Debit Card,936.67,Completed,TXN-9334-9334
9335,9335,2026-08-12 12:55:09,Cash on Delivery,2348.74,Refunded,TXN-9335-9335
9336,9336,2026-05-14 09:55:56,Bank Transfer,2935.55,Completed,TXN-9336-9336
9337,9337,2025-12-26 23:48:19,Debit Card,2373.41,Refunded,TXN-9337-9337
9338,9338,2026-07-03 19:25:50,Cash on Delivery,874.37,Completed,TXN-9338-9338
9339,9339,2026-05-24 09:22:52,Bank Transfer,658.15,Completed,TXN-9339-9339
9340,9340,2026-03-27 10:28:20,Credit Card,720.45,Completed,TXN-9340-9340
9341,9341,2026-04-18 17:22:30,Debit Card,5250.03,Completed,TXN-9341-9341
9342,9342,2026-05-17 07:47:38,Debit Card,1054.32,Completed,TXN-9342-9342
9343,9343,2026-01-13 17:39:02,Debit Card,1632.9,Completed,TXN-9343-9343
9344,9344,2025-03-19 13:34:56,Bank Transfer,1168.76,Completed,TXN-9344-9344
9345,9345,2025-10-19 13:13:27,Debit Card,2170.79,Completed,TXN-9345-9345
9346,9346,2026-05-25 08:35:20,Credit Card,521.7,Completed,TXN-9346-9346
9347,9347,2026-03-17 01:27:05,Debit Card,982.11,Completed,TXN-9347-9347
9348,9348,2026-05-24 03:09:02,Cash on Delivery,1860.5,Completed,TXN-9348-9348
9349,9349,2026-07-10 11:10:13,Cash on Delivery,5808.52,Completed,TXN-9349-9349
9350,9350,2026-07-23 04:03:24,Bank Transfer,1321.58,Completed,TXN-9350-9350
9351,9351,2026-04-27 16:06:31,Credit Card,3614.29,Pending,
9352,9352,2026-05-27 15:19:01,Cash on Delivery,265.78,Completed,TXN-9352-9352
9353,9353,2024-10-18 07:51:20,Debit Card,1423.27,Completed,TXN-9353-9353
9354,9354,2026-07-04 03:51:09,Cash on Delivery,947.92,Completed,TXN-9354-9354
9355,9355,2024-08-14 02:58:40,Cash on Delivery,2475.45,Failed,
9356,9356,2025-04-08 17:16:55,Bank Transfer,2398.77,Completed,TXN-9356-9356
9357,9357,2025-05-07 19:03:05,Credit Card,3189.71,Completed,TXN-9357-9357
9358,9358,2026-07-17 00:06:11,Debit Card,1233.26,Completed,TXN-9358-9358
9359,9359,2025-08-10 01:10:08,Bank Transfer,1979.8,Completed,TXN-9359-9359
9360,9360,2026-03-01 19:16:40,Debit Card,1060.03,Completed,TXN-9360-9360
9361,9361,2026-01-04 15:30:41,Bank Transfer,716.87,Completed,TXN-9361-9361
9362,9362,2025-12-10 14:42:28,Bank Transfer,716.96,Pending,
9363,9363,2025-11-19 04:21:39,Credit Card,2233.17,Completed,TXN-9363-9363
9364,9364,2026-01-07 15:25:38,Debit Card,1353.12,Completed,TXN-9364-9364
9365,9365,2026-01-23 01:36:44,PayPal,1040.33,Completed,TXN-9365-9365
9366,9366,2025-08-29 00:11:35,Cash on Delivery,2309.4,Completed,TXN-9366-9366
9367,9367,2025-09-15 06:57:14,Credit Card,2844.74,Completed,TXN-9367-9367
9368,9368,2026-06-24 02:41:01,Cash on Delivery,161.49,Completed,TXN-9368-9368
9369,9369,2025-03-30 01:36:43,PayPal,2972.82,Completed,TXN-9369-9369
9370,9370,2025-04-27 21:47:19,Bank Transfer,2557.64,Refunded,TXN-9370-9370
9371,9371,2026-06-24 19:37:46,Credit Card,4940.03,Completed,TXN-9371-9371
9372,9372,2026-05-23 07:29:56,Credit Card,973.78,Completed,TXN-9372-9372
9373,9373,2026-08-01 03:39:00,Credit Card,1260.72,Completed,TXN-9373-9373
9374,9374,2025-09-04 21:09:29,PayPal,1422.68,Completed,TXN-9374-9374
9375,9375,2024-11-17 08:18:27,Cash on Delivery,291.37,Completed,TXN-9375-9375
9376,9376,2024-06-29 16:51:45,Bank Transfer,2821.86,Completed,TXN-9376-9376
9377,9377,2024-12-30 14:55:28,Credit Card,633.08,Completed,TXN-9377-9377
9378,9378,2026-04-23 13:16:31,Credit Card,4197.54,Completed,TXN-9378-9378
9379,9379,2026-01-01 10:51:05,PayPal,4679.98,Pending,
9380,9380,2024-06-17 02:29:55,Debit Card,459.02,Completed,TXN-9380-9380
9381,9381,2026-08-21 22:03:25,Debit Card,1430.17,Completed,TXN-9381-9381
9382,9382,2024-10-17 21:51:11,Bank Transfer,514.46,Failed,
9383,9383,2024-06-13 15:09:53,Bank Transfer,2574.48,Completed,TXN-9383-9383
9384,9384,2025-08-08 00:10:20,Credit Card,1952.64,Completed,TXN-9384-9384
9385,9385,2025-12-31 08:53:31,Bank Transfer,1851.8,Completed,TXN-9385-9385
9386,9386,2025-11-13 07:12:39,Credit Card,1286.16,Completed,TXN-9386-9386
9387,9387,2026-08-13 07:15:15,Debit Card,5485.12,Completed,TXN-9387-9387
9388,9388,2024-10-15 02:04:34,PayPal,1064.84,Completed,TXN-9388-9388
9389,9389,2026-04-23 05:57:19,Cash on Delivery,1939.24,Refunded,TXN-9389-9389
9390,9390,2025-12-21 07:41:28,PayPal,223.46,Completed,TXN-9390-9390
9391,9391,2025-05-16 16:32:39,Cash on Delivery,1256.04,Completed,TXN-9391-9391
9392,9392,2025-04-18 03:15:30,Debit Card,2528.69,Completed,TXN-9392-9392
9393,9393,2026-09-01 10:23:33,Cash on Delivery,4504.23,Failed,
9394,9394,2024-04-15 04:11:18,Cash on Delivery,520.37,Completed,TXN-9394-9394
9395,9395,2025-11-29 15:49:57,PayPal,1330.84,Completed,TXN-9395-9395
9396,9396,2025-04-28 12:58:05,PayPal,2607.64,Completed,TXN-9396-9396
9397,9397,2026-05-25 04:57:50,Credit Card,1178.47,Completed,TXN-9397-9397
9398,9398,2025-12-17 07:13:28,Credit Card,795.5,Completed,TXN-9398-9398
9399,9399,2024-10-05 20:09:14,Credit Card,2845.82,Completed,TXN-9399-9399
9400,9400,2024-07-16 08:52:49,PayPal,1056.83,Completed,TXN-9400-9400
9401,9401,2024-12-12 19:54:44,Bank Transfer,658.15,Completed,TXN-9401-9401
9402,9402,2026-02-03 01:28:06,Debit Card,1855.1,Completed,TXN-9402-9402
9403,9403,2025-12-13 09:42:36,Bank Transfer,3976.4,Pending,
9404,9404,2026-04-22 05:45:08,Bank Transfer,2441.02,Completed,TXN-9404-9404
9405,9405,2026-05-26 11:55:56,Bank Transfer,1601.0,Completed,TXN-9405-9405
9406,9406,2025-03-12 15:39:00,PayPal,3783.22,Completed,TXN-9406-9406
9407,9407,2026-01-17 15:01:22,Cash on Delivery,720.82,Completed,TXN-9407-9407
9408,9408,2026-06-01 10:57:44,PayPal,2621.63,Completed,TXN-9408-9408
9409,9409,2025-11-03 16:51:23,PayPal,977.81,Completed,TXN-9409-9409
9410,9410,2026-08-26 00:05:07,Debit Card,3489.91,Completed,TXN-9410-9410
9411,9411,2026-07-25 08:29:43,Bank Transfer,631.62,Completed,TXN-9411-9411
9412,9412,2024-12-17 14:57:40,Bank Transfer,1016.34,Completed,TXN-9412-9412
9413,9413,2026-07-29 04:36:47,PayPal,2148.04,Completed,TXN-9413-9413
9414,9414,2025-05-14 20:55:56,Cash on Delivery,1681.93,Completed,TXN-9414-9414
9415,9415,2026-02-09 18:27:28,Bank Transfer,947.92,Completed,TXN-9415-9415
9416,9416,2025-04-05 05:12:18,Cash on Delivery,520.37,Completed,TXN-9416-9416
9417,9417,2026-05-15 06:42:55,Bank Transfer,211.16,Completed,TXN-9417-9417
9418,9418,2026-05-30 15:56:56,Credit Card,1266.16,Completed,TXN-9418-9418
9419,9419,2026-08-15 04:25:01,Debit Card,3922.05,Completed,TXN-9419-9419
9420,9420,2026-08-19 00:12:43,Cash on Delivery,3855.27,Completed,TXN-9420-9420
9421,9421,2023-10-24 01:54:53,Bank Transfer,3402.06,Completed,TXN-9421-9421
9422,9422,2026-08-07 20:49:07,Cash on Delivery,3539.81,Completed,TXN-9422-9422
9423,9423,2026-06-24 00:58:22,PayPal,2010.66,Completed,TXN-9423-9423
9424,9424,2026-04-19 03:07:37,Debit Card,353.08,Completed,TXN-9424-9424
9425,9425,2026-06-25 04:45:24,PayPal,670.43,Completed,TXN-9425-9425
9426,9426,2025-04-26 16:59:58,Credit Card,1396.3,Completed,TXN-9426-9426
9427,9427,2025-06-05 21:36:37,PayPal,5138.39,Completed,TXN-9427-9427
9428,9428,2026-01-04 23:04:24,Credit Card,788.97,Pending,
9429,9429,2025-11-12 13:21:20,Debit Card,527.64,Completed,TXN-9429-9429
9430,9430,2026-08-09 17:18:00,Cash on Delivery,1402.48,Completed,TXN-9430-9430
9431,9431,2026-02-12 10:49:15,Credit Card,1988.36,Failed,
9432,9432,2025-10-26 04:02:59,PayPal,2259.4,Completed,TXN-9432-9432
9433,9433,2026-04-12 23:27:02,Bank Transfer,4934.17,Completed,TXN-9433-9433
9434,9434,2026-03-13 12:23:22,Credit Card,891.94,Failed,
9435,9435,2024-09-24 15:06:16,PayPal,1694.76,Completed,TXN-9435-9435
9436,9436,2026-03-09 06:41:17,PayPal,2897.57,Completed,TXN-9436-9436
9437,9437,2026-04-05 03:14:03,Bank Transfer,2710.28,Completed,TXN-9437-9437
9438,9438,2026-02-02 21:18:36,Bank Transfer,3981.27,Refunded,TXN-9438-9438
9439,9439,2026-03-29 17:43:57,Debit Card,641.58,Completed,TXN-9439-9439
9440,9440,2026-06-02 09:24:36,Bank Transfer,3146.78,Completed,TXN-9440-9440
9441,9441,2026-07-15 16:25:15,Bank Transfer,7845.34,Refunded,TXN-9441-9441
9442,9442,2026-03-30 04:05:11,Credit Card,2360.0,Completed,TXN-9442-9442
9443,9443,2026-08-22 02:22:56,Cash on Delivery,5536.93,Completed,TXN-9443-9443
9444,9444,2026-02-28 12:17:28,Debit Card,2956.64,Completed,TXN-9444-9444
9445,9445,2026-06-25 11:10:30,Cash on Delivery,2032.15,Completed,TXN-9445-9445
9446,9446,2026-08-30 19:44:59,Cash on Delivery,215.81,Refunded,TXN-9446-9446
9447,9447,2026-04-27 04:55:20,Credit Card,1841.58,Refunded,TXN-9447-9447
9448,9448,2026-04-08 02:02:10,PayPal,714.85,Completed,TXN-9448-9448
9449,9449,2025-10-12 00:46:16,Debit Card,7681.31,Completed,TXN-9449-9449
9450,9450,2026-01-16 23:06:06,PayPal,1516.8,Completed,TXN-9450-9450
9451,9451,2025-06-06 00:59:34,Bank Transfer,1448.25,Completed,TXN-9451-9451
9452,9452,2026-08-27 05:54:40,PayPal,1485.52,Completed,TXN-9452-9452
9453,9453,2026-02-19 00:42:45,Debit Card,658.15,Completed,TXN-9453-9453
9454,9454,2025-04-20 04:26:49,Bank Transfer,696.63,Completed,TXN-9454-9454
9455,9455,2026-08-30 16:14:03,Credit Card,5790.75,Completed,TXN-9455-9455
9456,9456,2026-02-23 15:51:07,Bank Transfer,6275.19,Completed,TXN-9456-9456
9457,9457,2024-11-16 07:33:03,Credit Card,3295.43,Completed,TXN-9457-9457
9458,9458,2026-05-16 12:12:16,Credit Card,6974.5,Completed,TXN-9458-9458
9459,9459,2026-08-12 23:08:15,PayPal,313.52,Completed,TXN-9459-9459
9460,9460,2024-05-03 05:02:21,Bank Transfer,1445.38,Completed,TXN-9460-9460
9461,9461,2026-08-28 18:09:03,PayPal,3193.59,Completed,TXN-9461-9461
9462,9462,2026-07-30 22:31:21,Cash on Delivery,1929.24,Completed,TXN-9462-9462
9463,9463,2026-05-02 13:55:18,Cash on Delivery,962.37,Completed,TXN-9463-9463
9464,9464,2026-04-16 23:33:35,Credit Card,267.39,Completed,TXN-9464-9464
9465,9465,2026-06-06 11:08:37,Debit Card,1673.73,Completed,TXN-9465-9465
9466,9466,2025-07-19 06:26:16,Credit Card,643.08,Completed,TXN-9466-9466
9467,9467,2026-08-26 08:57:20,Cash on Delivery,3246.92,Completed,TXN-9467-9467
9468,9468,2025-05-23 10:23:34,Debit Card,1703.82,Completed,TXN-9468-9468
9469,9469,2026-04-02 08:44:48,Credit Card,578.77,Pending,
9470,9470,2026-07-08 17:24:05,PayPal,994.18,Completed,TXN-9470-9470
9471,9471,2025-10-20 11:22:38,Cash on Delivery,2487.57,Completed,TXN-9471-9471
9472,9472,2024-04-29 20:44:08,Cash on Delivery,3915.46,Completed,TXN-9472-9472
9473,9473,2026-01-18 00:37:03,Cash on Delivery,2781.35,Completed,TXN-9473-9473
9474,9474,2026-07-11 05:56:39,Credit Card,973.78,Completed,TXN-9474-9474
9475,9475,2025-10-25 07:04:33,Debit Card,1958.78,Completed,TXN-9475-9475
9476,9476,2026-08-31 23:24:08,PayPal,1261.78,Completed,TXN-9476-9476
9477,9477,2026-07-29 11:03:07,Credit Card,988.7,Completed,TXN-9477-9477
9478,9478,2026-08-05 12:51:15,Cash on Delivery,1744.64,Pending,
9479,9479,2024-03-25 14:41:47,Debit Card,2430.12,Completed,TXN-9479-9479
9480,9480,2026-02-20 18:56:09,Debit Card,5234.21,Pending,
9481,9481,2025-09-10 15:02:11,Bank Transfer,825.26,Completed,TXN-9481-9481
9482,9482,2026-05-29 23:47:06,Cash on Delivery,309.24,Completed,TXN-9482-9482
9483,9483,2024-08-28 07:48:32,Debit Card,1111.82,Refunded,TXN-9483-9483
9484,9484,2025-02-28 07:17:06,Cash on Delivery,3756.65,Completed,TXN-9484-9484
9485,9485,2025-09-01 21:32:25,PayPal,935.97,Completed,TXN-9485-9485
9486,9486,2026-06-06 00:50:47,Cash on Delivery,1999.08,Completed,TXN-9486-9486
9487,9487,2026-04-24 16:01:14,Credit Card,1488.47,Completed,TXN-9487-9487
9488,9488,2026-07-09 07:59:13,Credit Card,2840.89,Completed,TXN-9488-9488
9489,9489,2026-08-22 13:59:46,Debit Card,613.99,Completed,TXN-9489-9489
9490,9490,2026-03-15 21:35:17,Credit Card,320.79,Completed,TXN-9490-9490
9491,9491,2026-04-03 00:27:38,Bank Transfer,5899.51,Completed,TXN-9491-9491
9492,9492,2025-09-10 04:23:38,Credit Card,1068.86,Completed,TXN-9492-9492
9493,9493,2026-03-24 16:33:43,PayPal,1092.32,Completed,TXN-9493-9493
9494,9494,2026-05-08 19:53:24,Cash on Delivery,758.76,Refunded,TXN-9494-9494
9495,9495,2026-07-12 00:00:28,Debit Card,1008.8,Completed,TXN-9495-9495
9496,9496,2026-02-17 10:51:10,PayPal,2046.06,Pending,
9497,9497,2026-02-06 01:36:18,PayPal,1005.37,Completed,TXN-9497-9497
9498,9498,2025-04-25 12:02:54,Credit Card,2816.91,Completed,TXN-9498-9498
9499,9499,2026-03-22 18:34:16,Bank Transfer,5549.24,Pending,
9500,9500,2025-02-16 12:51:22,Cash on Delivery,89.71,Completed,TXN-9500-9500
9501,9501,2026-06-24 19:47:20,Credit Card,514.04,Completed,TXN-9501-9501
9502,9502,2024-09-27 20:19:42,Bank Transfer,1202.71,Completed,TXN-9502-9502
9503,9503,2026-04-17 00:38:00,Debit Card,3008.17,Completed,TXN-9503-9503
9504,9504,2026-08-04 20:26:18,Debit Card,594.15,Completed,TXN-9504-9504
9505,9505,2026-08-14 03:05:58,Credit Card,277.57,Completed,TXN-9505-9505
9506,9506,2025-01-16 14:15:55,Debit Card,915.58,Completed,TXN-9506-9506
9507,9507,2026-02-10 04:16:20,Credit Card,1715.49,Completed,TXN-9507-9507
9508,9508,2026-01-14 23:24:28,Bank Transfer,557.91,Pending,
9509,9509,2026-07-18 11:57:50,Cash on Delivery,948.3,Refunded,TXN-9509-9509
9510,9510,2025-11-04 06:02:57,Bank Transfer,935.97,Completed,TXN-9510-9510
9511,9511,2025-07-20 20:16:01,Debit Card,2080.77,Completed,TXN-9511-9511
9512,9512,2025-12-07 12:46:21,Bank Transfer,3699.47,Completed,TXN-9512-9512
9513,9513,2026-08-18 04:58:08,Bank Transfer,4618.99,Completed,TXN-9513-9513
9514,9514,2025-11-02 13:38:38,Debit Card,1383.09,Completed,TXN-9514-9514
9515,9515,2026-04-04 05:19:16,Bank Transfer,887.53,Completed,TXN-9515-9515
9516,9516,2024-12-14 10:48:46,Debit Card,1532.83,Completed,TXN-9516-9516
9517,9517,2025-10-08 22:47:43,Cash on Delivery,451.83,Failed,
9518,9518,2026-06-23 03:59:11,Credit Card,2026.72,Completed,TXN-9518-9518
9519,9519,2024-02-19 17:45:33,Cash on Delivery,2944.95,Completed,TXN-9519-9519
9520,9520,2026-04-06 04:36:59,PayPal,626.77,Completed,TXN-9520-9520
9521,9521,2026-07-31 07:39:07,Debit Card,1095.02,Completed,TXN-9521-9521
9522,9522,2026-05-05 06:29:11,PayPal,3606.32,Completed,TXN-9522-9522
9523,9523,2025-11-26 16:19:09,Debit Card,459.02,Completed,TXN-9523-9523
9524,9524,2025-07-13 06:24:18,Bank Transfer,979.83,Completed,TXN-9524-9524
9525,9525,2026-08-14 07:30:36,Credit Card,339.73,Completed,TXN-9525-9525
9526,9526,2026-05-27 16:43:02,Cash on Delivery,272.67,Completed,TXN-9526-9526
9527,9527,2025-12-24 01:06:18,PayPal,2284.21,Completed,TXN-9527-9527
9528,9528,2025-07-21 05:34:33,Credit Card,1942.75,Completed,TXN-9528-9528
9529,9529,2025-05-31 01:43:03,Credit Card,1669.51,Pending,
9530,9530,2026-02-15 16:01:55,Bank Transfer,735.52,Completed,TXN-9530-9530
9531,9531,2026-08-20 05:44:16,Cash on Delivery,466.89,Pending,
9532,9532,2026-03-21 15:30:59,Bank Transfer,1338.86,Completed,TXN-9532-9532
9533,9533,2026-04-24 03:20:25,PayPal,511.66,Failed,
9534,9534,2026-07-10 20:05:14,Credit Card,102.57,Completed,TXN-9534-9534
9535,9535,2025-09-23 19:18:16,Cash on Delivery,2278.68,Completed,TXN-9535-9535
9536,9536,2024-02-05 00:21:34,Bank Transfer,5973.66,Completed,TXN-9536-9536
9537,9537,2026-05-16 21:04:13,Debit Card,3836.14,Completed,TXN-9537-9537
9538,9538,2026-07-11 20:31:41,Bank Transfer,1287.33,Completed,TXN-9538-9538
9539,9539,2025-05-30 14:35:36,Bank Transfer,157.65,Completed,TXN-9539-9539
9540,9540,2025-12-16 03:39:40,PayPal,396.64,Completed,TXN-9540-9540
9541,9541,2026-08-02 12:16:02,Bank Transfer,4140.43,Completed,TXN-9541-9541
9542,9542,2026-05-27 19:21:40,Bank Transfer,1809.6,Completed,TXN-9542-9542
9543,9543,2025-07-09 18:36:38,Debit Card,716.96,Pending,
9544,9544,2026-03-14 09:35:23,Credit Card,2512.44,Completed,TXN-9544-9544
9545,9545,2025-04-28 22:05:20,Bank Transfer,1963.3,Completed,TXN-9545-9545
9546,9546,2026-07-10 03:08:08,Credit Card,578.77,Completed,TXN-9546-9546
9547,9547,2024-02-07 03:56:28,Credit Card,4550.74,Completed,TXN-9547-9547
9548,9548,2026-07-18 11:55:51,Credit Card,3506.81,Refunded,TXN-9548-9548
9549,9549,2025-10-17 07:24:33,Bank Transfer,202.6,Completed,TXN-9549-9549
9550,9550,2026-03-25 10:19:36,Bank Transfer,2463.11,Completed,TXN-9550-9550
9551,9551,2026-07-31 16:00:25,PayPal,550.64,Completed,TXN-9551-9551
9552,9552,2026-03-14 16:02:49,Debit Card,1526.25,Completed,TXN-9552-9552
9553,9553,2025-03-20 15:58:29,Cash on Delivery,1696.17,Completed,TXN-9553-9553
9554,9554,2026-06-28 04:56:11,Cash on Delivery,2200.13,Completed,TXN-9554-9554
9555,9555,2026-07-29 17:57:07,Debit Card,1928.55,Pending,
9556,9556,2026-04-04 09:51:29,Bank Transfer,1678.84,Completed,TXN-9556-9556
9557,9557,2025-12-05 13:26:13,Cash on Delivery,3240.56,Completed,TXN-9557-9557
9558,9558,2025-09-19 18:19:35,PayPal,1610.56,Completed,TXN-9558-9558
9559,9559,2026-07-25 04:49:07,Bank Transfer,5449.06,Completed,TXN-9559-9559
9560,9560,2026-01-11 18:00:29,Cash on Delivery,1528.16,Completed,TXN-9560-9560
9561,9561,2026-08-31 04:40:20,Credit Card,1515.89,Completed,TXN-9561-9561
9562,9562,2026-01-22 07:00:30,Credit Card,739.74,Completed,TXN-9562-9562
9563,9563,2026-03-28 18:02:47,Cash on Delivery,542.39,Completed,TXN-9563-9563
9564,9564,2026-02-04 10:44:55,PayPal,2383.26,Completed,TXN-9564-9564
9565,9565,2024-11-01 22:02:17,Credit Card,2897.98,Completed,TXN-9565-9565
9566,9566,2025-02-05 00:24:59,Bank Transfer,5528.81,Completed,TXN-9566-9566
9567,9567,2026-08-25 11:31:51,PayPal,3048.38,Completed,TXN-9567-9567
9568,9568,2026-08-16 07:05:22,Cash on Delivery,2783.22,Completed,TXN-9568-9568
9569,9569,2025-05-21 17:36:09,Debit Card,4219.93,Completed,TXN-9569-9569
9570,9570,2026-08-10 11:37:52,PayPal,2467.31,Completed,TXN-9570-9570
9571,9571,2026-01-11 10:22:22,Credit Card,916.22,Completed,TXN-9571-9571
9572,9572,2025-02-28 09:59:23,Credit Card,1832.65,Completed,TXN-9572-9572
9573,9573,2026-02-17 06:57:50,Debit Card,1084.78,Completed,TXN-9573-9573
9574,9574,2026-05-09 05:20:29,Cash on Delivery,1209.68,Completed,TXN-9574-9574
9575,9575,2026-08-16 05:21:45,PayPal,1595.01,Completed,TXN-9575-9575
9576,9576,2026-07-27 15:16:35,PayPal,2112.7,Failed,
9577,9577,2024-06-23 18:30:03,Debit Card,1715.0,Completed,TXN-9577-9577
9578,9578,2026-04-05 16:50:59,Bank Transfer,1231.22,Completed,TXN-9578-9578
9579,9579,2024-04-11 16:42:46,Credit Card,2267.81,Completed,TXN-9579-9579
9580,9580,2024-10-21 18:39:49,Credit Card,2044.79,Completed,TXN-9580-9580
9581,9581,2026-08-25 14:33:54,PayPal,4810.04,Completed,TXN-9581-9581
9582,9582,2026-01-13 05:31:34,PayPal,1750.83,Completed,TXN-9582-9582
9583,9583,2025-12-24 16:43:09,PayPal,1927.56,Completed,TXN-9583-9583
9584,9584,2025-09-04 01:00:26,Cash on Delivery,928.6,Completed,TXN-9584-9584
9585,9585,2026-09-01 23:54:31,Credit Card,542.39,Completed,TXN-9585-9585
9586,9586,2025-12-08 11:46:18,Cash on Delivery,1881.58,Completed,TXN-9586-9586
9587,9587,2026-01-20 18:40:22,Debit Card,1324.87,Completed,TXN-9587-9587
9588,9588,2024-09-03 17:16:01,Bank Transfer,865.62,Completed,TXN-9588-9588
9589,9589,2026-06-22 15:16:02,Credit Card,3247.41,Completed,TXN-9589-9589
9590,9590,2026-06-25 15:06:12,PayPal,1261.11,Completed,TXN-9590-9590
9591,9591,2026-04-06 11:36:03,Debit Card,1701.65,Completed,TXN-9591-9591
9592,9592,2026-08-09 00:36:37,Debit Card,3048.68,Completed,TXN-9592-9592
9593,9593,2024-08-23 06:51:28,Bank Transfer,6877.41,Completed,TXN-9593-9593
9594,9594,2026-05-09 07:31:20,Credit Card,3786.03,Completed,TXN-9594-9594
9595,9595,2025-08-09 20:34:38,Credit Card,420.22,Completed,TXN-9595-9595
9596,9596,2025-04-10 03:55:32,PayPal,2637.07,Completed,TXN-9596-9596
9597,9597,2026-07-16 00:41:28,Credit Card,1449.69,Pending,
9598,9598,2026-08-13 07:07:39,Bank Transfer,236.54,Refunded,TXN-9598-9598
9599,9599,2026-06-13 21:19:10,Credit Card,369.27,Completed,TXN-9599-9599
9600,9600,2025-02-27 11:30:30,Credit Card,1967.99,Failed,
9601,9601,2025-12-03 03:22:45,Debit Card,1078.91,Completed,TXN-9601-9601
9602,9602,2024-05-15 16:20:37,Bank Transfer,658.1,Completed,TXN-9602-9602
9603,9603,2026-04-29 02:07:24,Bank Transfer,1944.9,Completed,TXN-9603-9603
9604,9604,2024-10-02 05:57:55,Cash on Delivery,2961.26,Completed,TXN-9604-9604
9605,9605,2026-02-14 07:26:43,Cash on Delivery,619.31,Pending,
9606,9606,2024-06-09 22:52:57,Debit Card,2193.23,Completed,TXN-9606-9606
9607,9607,2024-01-07 04:46:37,PayPal,2123.31,Completed,TXN-9607-9607
9608,9608,2025-12-18 18:57:46,Debit Card,1070.41,Completed,TXN-9608-9608
9609,9609,2026-08-31 15:30:49,Debit Card,1095.0,Completed,TXN-9609-9609
9610,9610,2026-03-17 01:17:34,Cash on Delivery,1870.58,Completed,TXN-9610-9610
9611,9611,2024-02-14 16:55:16,Credit Card,185.33,Failed,
9612,9612,2026-02-19 17:22:26,Debit Card,1723.78,Completed,TXN-9612-9612
9613,9613,2025-05-17 22:37:34,Bank Transfer,2214.46,Completed,TXN-9613-9613
9614,9614,2025-11-19 21:56:13,PayPal,3646.19,Completed,TXN-9614-9614
9615,9615,2024-09-16 09:13:17,Cash on Delivery,2185.8,Completed,TXN-9615-9615
9616,9616,2026-01-21 14:22:59,Cash on Delivery,1415.16,Completed,TXN-9616-9616
9617,9617,2024-04-18 17:11:05,Debit Card,1627.48,Completed,TXN-9617-9617
9618,9618,2026-08-17 11:22:52,PayPal,1023.69,Completed,TXN-9618-9618
9619,9619,2025-06-16 00:49:07,PayPal,1517.92,Completed,TXN-9619-9619
9620,9620,2025-10-31 18:32:03,Bank Transfer,3786.57,Completed,TXN-9620-9620
9621,9621,2026-08-13 05:25:28,Bank Transfer,3680.38,Completed,TXN-9621-9621
9622,9622,2026-07-12 11:22:27,PayPal,7823.49,Completed,TXN-9622-9622
9623,9623,2026-05-02 08:14:20,Debit Card,1433.62,Completed,TXN-9623-9623
9624,9624,2024-06-24 19:45:41,PayPal,313.93,Completed,TXN-9624-9624
9625,9625,2026-04-24 05:47:57,Credit Card,1257.42,Completed,TXN-9625-9625
9626,9626,2026-05-29 15:36:39,Credit Card,987.83,Completed,TXN-9626-9626
9627,9627,2024-10-06 03:00:42,Credit Card,2344.33,Completed,TXN-9627-9627
9628,9628,2025-11-26 19:44:08,Bank Transfer,2001.57,Completed,TXN-9628-9628
9629,9629,2026-06-19 00:15:06,Bank Transfer,1444.06,Completed,TXN-9629-9629
9630,9630,2026-07-02 20:48:03,Debit Card,1150.65,Completed,TXN-9630-9630
9631,9631,2026-08-15 18:28:32,PayPal,532.41,Completed,TXN-9631-9631
9632,9632,2026-08-26 22:35:29,Debit Card,758.64,Completed,TXN-9632-9632
9633,9633,2026-08-03 06:11:03,PayPal,994.18,Failed,
9634,9634,2026-03-07 12:15:13,Credit Card,1893.74,Completed,TXN-9634-9634
9635,9635,2026-07-19 08:11:12,Credit Card,1020.52,Completed,TXN-9635-9635
9636,9636,2026-08-05 15:18:13,Debit Card,3319.15,Completed,TXN-9636-9636
9637,9637,2026-08-03 10:33:57,Bank Transfer,1034.84,Failed,
9638,9638,2025-09-11 03:28:41,Debit Card,2755.74,Completed,TXN-9638-9638
9639,9639,2025-10-20 10:11:15,Credit Card,981.65,Completed,TXN-9639-9639
9640,9640,2025-12-01 08:02:41,Credit Card,4082.08,Pending,
9641,9641,2023-12-13 22:39:23,Bank Transfer,3371.87,Completed,TXN-9641-9641
9642,9642,2026-08-23 14:47:09,Debit Card,321.99,Completed,TXN-9642-9642
9643,9643,2026-06-19 19:52:12,Credit Card,255.83,Completed,TXN-9643-9643
9644,9644,2026-07-15 19:56:05,PayPal,320.79,Completed,TXN-9644-9644
9645,9645,2025-12-18 14:17:51,Bank Transfer,2316.26,Completed,TXN-9645-9645
9646,9646,2026-03-30 03:13:25,Bank Transfer,1134.9,Completed,TXN-9646-9646
9647,9647,2025-11-14 01:16:13,Cash on Delivery,2020.76,Completed,TXN-9647-9647
9648,9648,2026-07-04 06:08:55,Credit Card,4142.66,Completed,TXN-9648-9648
9649,9649,2025-08-09 02:45:50,Debit Card,394.13,Completed,TXN-9649-9649
9650,9650,2026-05-31 22:49:26,Debit Card,204.87,Completed,TXN-9650-9650
9651,9651,2024-06-04 11:26:59,PayPal,2560.03,Completed,TXN-9651-9651
9652,9652,2026-08-17 16:59:42,Debit Card,1879.96,Completed,TXN-9652-9652
9653,9653,2026-02-24 14:30:08,Debit Card,7010.9,Failed,
9654,9654,2024-03-19 15:22:56,Credit Card,1088.32,Completed,TXN-9654-9654
9655,9655,2026-03-30 01:17:11,PayPal,2292.0,Completed,TXN-9655-9655
9656,9656,2025-05-22 00:06:34,Debit Card,5060.22,Failed,
9657,9657,2026-02-05 20:32:24,Cash on Delivery,1426.06,Completed,TXN-9657-9657
9658,9658,2023-12-29 08:11:46,PayPal,4906.07,Completed,TXN-9658-9658
9659,9659,2026-06-16 05:25:45,Credit Card,217.62,Completed,TXN-9659-9659
9660,9660,2024-11-05 14:58:48,PayPal,1798.84,Completed,TXN-9660-9660
9661,9661,2026-03-31 15:56:27,Debit Card,3991.1,Completed,TXN-9661-9661
9662,9662,2026-03-31 15:52:15,Credit Card,2934.61,Completed,TXN-9662-9662
9663,9663,2025-11-10 08:29:47,Cash on Delivery,2983.59,Completed,TXN-9663-9663
9664,9664,2025-10-07 20:33:34,PayPal,1776.26,Completed,TXN-9664-9664
9665,9665,2025-07-24 16:21:32,Credit Card,4155.16,Completed,TXN-9665-9665
9666,9666,2025-11-14 22:14:55,Bank Transfer,1316.3,Refunded,TXN-9666-9666
9667,9667,2026-08-23 00:16:42,PayPal,3077.47,Completed,TXN-9667-9667
9668,9668,2026-07-01 12:43:01,Debit Card,3989.72,Completed,TXN-9668-9668
9669,9669,2026-05-28 03:00:16,Debit Card,317.29,Completed,TXN-9669-9669
9670,9670,2025-08-01 12:50:56,Debit Card,2303.74,Completed,TXN-9670-9670
9671,9671,2024-04-05 21:05:24,Bank Transfer,5214.1,Completed,TXN-9671-9671
9672,9672,2025-11-07 21:47:47,Cash on Delivery,890.19,Completed,TXN-9672-9672
9673,9673,2026-01-08 12:19:14,PayPal,132.89,Completed,TXN-9673-9673
9674,9674,2026-01-06 07:29:55,Debit Card,290.8,Completed,TXN-9674-9674
9675,9675,2026-07-28 00:29:18,Cash on Delivery,145.4,Completed,TXN-9675-9675
9676,9676,2024-08-27 01:53:46,Bank Transfer,1566.02,Completed,TXN-9676-9676
9677,9677,2025-06-28 19:29:43,PayPal,1115.82,Completed,TXN-9677-9677
9678,9678,2025-02-10 15:07:42,Cash on Delivery,935.97,Completed,TXN-9678-9678
9679,9679,2026-06-21 21:24:15,PayPal,3740.98,Pending,
9680,9680,2026-07-13 16:29:10,PayPal,3991.25,Completed,TXN-9680-9680
9681,9681,2026-08-14 01:25:44,Credit Card,930.25,Completed,TXN-9681-9681
9682,9682,2025-07-12 08:04:54,Bank Transfer,5220.52,Completed,TXN-9682-9682
9683,9683,2026-08-11 17:19:49,Bank Transfer,1666.04,Completed,TXN-9683-9683
9684,9684,2026-06-09 06:26:39,Debit Card,4980.52,Pending,
9685,9685,2025-08-03 05:15:14,Cash on Delivery,1449.77,Completed,TXN-9685-9685
9686,9686,2024-07-24 18:43:05,Cash on Delivery,994.53,Refunded,TXN-9686-9686
9687,9687,2026-08-28 22:41:08,Cash on Delivery,501.88,Completed,TXN-9687-9687
9688,9688,2026-08-12 12:09:22,Cash on Delivery,1179.94,Completed,TXN-9688-9688
9689,9689,2025-12-17 21:11:25,Debit Card,2567.52,Refunded,TXN-9689-9689
9690,9690,2026-08-01 20:48:03,Debit Card,773.76,Completed,TXN-9690-9690
9691,9691,2026-04-29 06:09:09,Cash on Delivery,435.24,Completed,TXN-9691-9691
9692,9692,2025-11-08 14:56:52,Debit Card,716.76,Completed,TXN-9692-9692
9693,9693,2026-04-17 07:10:46,PayPal,1408.53,Completed,TXN-9693-9693
9694,9694,2024-02-04 17:59:29,Bank Transfer,2005.13,Completed,TXN-9694-9694
9695,9695,2026-02-02 16:25:29,Bank Transfer,1671.8,Failed,
9696,9696,2026-07-06 16:53:16,Debit Card,785.96,Completed,TXN-9696-9696
9697,9697,2025-09-16 07:47:01,Credit Card,2065.37,Completed,TXN-9697-9697
9698,9698,2025-07-04 07:24:29,Credit Card,3145.5,Completed,TXN-9698-9698
9699,9699,2025-05-06 01:15:22,Bank Transfer,1185.47,Completed,TXN-9699-9699
9700,9700,2025-09-03 07:09:39,Credit Card,4592.99,Pending,
9701,9701,2026-04-03 01:08:37,Bank Transfer,5437.98,Completed,TXN-9701-9701
9702,9702,2025-11-17 12:46:40,Bank Transfer,1317.98,Completed,TXN-9702-9702
9703,9703,2026-08-30 20:21:08,Cash on Delivery,2257.72,Completed,TXN-9703-9703
9704,9704,2026-02-12 00:44:18,Cash on Delivery,639.61,Completed,TXN-9704-9704
9705,9705,2026-05-10 23:39:18,Credit Card,915.75,Completed,TXN-9705-9705
9706,9706,2026-08-12 01:42:57,Cash on Delivery,1950.79,Completed,TXN-9706-9706
9707,9707,2025-09-25 17:13:34,Bank Transfer,3238.58,Completed,TXN-9707-9707
9708,9708,2026-08-28 00:14:11,Cash on Delivery,1040.69,Completed,TXN-9708-9708
9709,9709,2026-08-31 06:16:58,Credit Card,265.78,Completed,TXN-9709-9709
9710,9710,2026-06-05 12:10:40,Bank Transfer,4565.36,Pending,
9711,9711,2026-06-25 06:11:40,Bank Transfer,3804.93,Completed,TXN-9711-9711
9712,9712,2024-04-13 11:23:54,Credit Card,4065.96,Completed,TXN-9712-9712
9713,9713,2026-03-28 13:18:32,Credit Card,800.5,Pending,
9714,9714,2025-05-06 01:18:43,Debit Card,473.08,Pending,
9715,9715,2026-05-25 02:27:50,Bank Transfer,1307.8,Completed,TXN-9715-9715
9716,9716,2025-08-25 16:05:49,PayPal,1891.92,Completed,TXN-9716-9716
9717,9717,2025-09-10 14:37:05,Cash on Delivery,1601.0,Completed,TXN-9717-9717
9718,9718,2025-02-27 13:44:05,Bank Transfer,1650.02,Completed,TXN-9718-9718
9719,9719,2026-04-24 21:29:00,Debit Card,3350.66,Pending,
9720,9720,2025-08-19 14:52:53,Cash on Delivery,917.02,Completed,TXN-9720-9720
9721,9721,2025-05-27 00:35:45,Cash on Delivery,660.86,Pending,
9722,9722,2026-08-05 04:05:12,Debit Card,1318.89,Completed,TXN-9722-9722
9723,9723,2025-03-06 21:45:41,Cash on Delivery,935.97,Completed,TXN-9723-9723
9724,9724,2026-01-30 22:03:00,PayPal,1041.78,Completed,TXN-9724-9724
9725,9725,2026-08-04 06:06:55,Credit Card,1074.48,Completed,TXN-9725-9725
9726,9726,2026-08-22 00:00:19,PayPal,3466.99,Completed,TXN-9726-9726
9727,9727,2026-07-25 11:36:52,Bank Transfer,1924.43,Completed,TXN-9727-9727
9728,9728,2024-11-11 16:04:34,Debit Card,999.81,Completed,TXN-9728-9728
9729,9729,2024-11-04 09:04:13,Debit Card,2266.18,Completed,TXN-9729-9729
9730,9730,2026-08-22 07:13:01,PayPal,3464.61,Completed,TXN-9730-9730
9731,9731,2025-01-12 01:08:28,Debit Card,1009.52,Pending,
9732,9732,2026-06-26 09:56:08,Bank Transfer,2646.51,Refunded,TXN-9732-9732
9733,9733,2025-07-18 16:03:09,Cash on Delivery,2612.31,Completed,TXN-9733-9733
9734,9734,2025-12-23 06:18:50,Bank Transfer,836.23,Refunded,TXN-9734-9734
9735,9735,2026-08-28 01:06:32,Bank Transfer,456.92,Completed,TXN-9735-9735
9736,9736,2025-02-11 14:22:26,Credit Card,758.76,Completed,TXN-9736-9736
9737,9737,2026-02-13 01:49:03,Debit Card,1165.43,Completed,TXN-9737-9737
9738,9738,2026-02-17 02:51:20,Cash on Delivery,4223.89,Pending,
9739,9739,2026-07-04 16:17:44,Bank Transfer,125.04,Completed,TXN-9739-9739
9740,9740,2026-04-26 11:25:20,Credit Card,1754.07,Completed,TXN-9740-9740
9741,9741,2026-01-19 02:29:23,Cash on Delivery,2389.87,Completed,TXN-9741-9741
9742,9742,2026-08-07 05:03:00,Debit Card,4454.62,Completed,TXN-9742-9742
9743,9743,2025-01-31 17:24:27,Bank Transfer,2294.35,Refunded,TXN-9743-9743
9744,9744,2026-07-09 14:56:00,Cash on Delivery,2430.27,Completed,TXN-9744-9744
9745,9745,2023-11-28 21:41:43,Cash on Delivery,2189.91,Completed,TXN-9745-9745
9746,9746,2026-08-30 09:46:24,Bank Transfer,3368.86,Refunded,TXN-9746-9746
9747,9747,2026-03-20 23:53:36,PayPal,1601.0,Completed,TXN-9747-9747
9748,9748,2024-10-15 05:56:10,Cash on Delivery,2687.42,Completed,TXN-9748-9748
9749,9749,2025-09-23 21:30:26,Cash on Delivery,4315.88,Completed,TXN-9749-9749
9750,9750,2024-12-24 09:15:03,Debit Card,4685.66,Pending,
9751,9751,2026-01-07 12:54:03,Debit Card,1924.06,Completed,TXN-9751-9751
9752,9752,2024-11-26 11:24:39,Cash on Delivery,495.07,Completed,TXN-9752-9752
9753,9753,2026-03-27 22:27:15,PayPal,1780.47,Refunded,TXN-9753-9753
9754,9754,2024-03-24 11:03:40,Credit Card,1996.12,Completed,TXN-9754-9754
9755,9755,2025-05-15 01:09:08,Credit Card,607.8,Pending,
9756,9756,2024-11-09 21:08:22,Debit Card,716.96,Completed,TXN-9756-9756
9757,9757,2026-05-06 21:35:11,PayPal,2635.33,Failed,
9758,9758,2024-03-02 14:06:37,Credit Card,736.46,Completed,TXN-9758-9758
9759,9759,2024-12-26 00:19:41,Credit Card,679.46,Completed,TXN-9759-9759
9760,9760,2025-03-01 18:09:28,Credit Card,1956.87,Completed,TXN-9760-9760
9761,9761,2026-05-06 18:19:39,Credit Card,5060.87,Refunded,TXN-9761-9761
9762,9762,2025-04-26 06:32:39,PayPal,2722.37,Completed,TXN-9762-9762
9763,9763,2025-10-28 14:32:39,Cash on Delivery,1231.15,Completed,TXN-9763-9763
9764,9764,2025-09-04 01:42:41,Debit Card,5047.22,Completed,TXN-9764-9764
9765,9765,2024-10-28 09:56:05,PayPal,1034.61,Completed,TXN-9765-9765
9766,9766,2026-08-14 07:40:07,Credit Card,1333.04,Completed,TXN-9766-9766
9767,9767,2024-08-07 08:06:38,Bank Transfer,185.47,Completed,TXN-9767-9767
9768,9768,2026-01-19 13:17:33,Cash on Delivery,3157.61,Pending,
9769,9769,2025-08-18 09:19:30,PayPal,4620.75,Completed,TXN-9769-9769
9770,9770,2026-07-16 01:32:51,Credit Card,1454.85,Completed,TXN-9770-9770
9771,9771,2025-06-27 09:03:05,Cash on Delivery,3844.7,Completed,TXN-9771-9771
9772,9772,2025-07-27 01:09:49,PayPal,3514.28,Completed,TXN-9772-9772
9773,9773,2026-02-10 08:40:57,Cash on Delivery,4387.37,Completed,TXN-9773-9773
9774,9774,2026-07-10 09:15:14,Debit Card,1328.03,Completed,TXN-9774-9774
9775,9775,2026-05-19 16:16:36,PayPal,1203.41,Completed,TXN-9775-9775
9776,9776,2026-08-18 04:45:11,Cash on Delivery,447.0,Completed,TXN-9776-9776
9777,9777,2026-08-12 05:18:26,Credit Card,2384.9,Completed,TXN-9777-9777
9778,9778,2024-04-26 15:50:33,Cash on Delivery,3512.93,Completed,TXN-9778-9778
9779,9779,2024-12-20 10:53:03,Credit Card,3110.95,Completed,TXN-9779-9779
9780,9780,2026-06-27 00:35:36,Credit Card,1521.96,Pending,
9781,9781,2026-04-06 21:33:06,PayPal,757.98,Refunded,TXN-9781-9781
9782,9782,2026-07-07 15:04:08,PayPal,2451.26,Completed,TXN-9782-9782
9783,9783,2026-08-02 05:01:14,Cash on Delivery,3623.39,Completed,TXN-9783-9783
9784,9784,2025-06-07 03:27:46,Bank Transfer,1656.4,Completed,TXN-9784-9784
9785,9785,2025-08-10 23:06:28,Debit Card,1312.0,Pending,
9786,9786,2026-06-04 23:20:06,Credit Card,2802.54,Completed,TXN-9786-9786
9787,9787,2026-07-20 22:48:25,Credit Card,1764.2,Completed,TXN-9787-9787
9788,9788,2026-07-15 07:34:31,Cash on Delivery,1832.55,Completed,TXN-9788-9788
9789,9789,2026-08-17 13:08:09,Debit Card,3676.13,Completed,TXN-9789-9789
9790,9790,2025-08-30 05:58:56,Credit Card,1347.92,Completed,TXN-9790-9790
9791,9791,2023-12-13 08:11:23,Credit Card,4909.99,Completed,TXN-9791-9791
9792,9792,2025-09-27 16:34:49,PayPal,796.98,Completed,TXN-9792-9792
9793,9793,2026-02-19 09:02:13,Bank Transfer,119.2,Pending,
9794,9794,2026-08-21 00:33:24,Debit Card,1009.52,Refunded,TXN-9794-9794
9795,9795,2026-06-08 21:32:58,Cash on Delivery,1931.05,Completed,TXN-9795-9795
9796,9796,2026-03-11 22:41:07,Debit Card,530.01,Completed,TXN-9796-9796
9797,9797,2026-07-22 06:06:42,Bank Transfer,584.38,Completed,TXN-9797-9797
9798,9798,2026-07-24 11:07:44,Cash on Delivery,1854.7,Completed,TXN-9798-9798
9799,9799,2026-08-27 00:03:47,Debit Card,2574.78,Completed,TXN-9799-9799
9800,9800,2026-05-31 03:50:18,Debit Card,966.47,Completed,TXN-9800-9800
9801,9801,2025-04-04 09:27:28,Debit Card,5297.1,Completed,TXN-9801-9801
9802,9802,2026-04-30 19:03:25,Credit Card,950.04,Completed,TXN-9802-9802
9803,9803,2025-09-30 09:18:50,Bank Transfer,320.79,Completed,TXN-9803-9803
9804,9804,2025-03-06 09:35:03,Debit Card,1894.86,Completed,TXN-9804-9804
9805,9805,2026-06-21 19:21:30,PayPal,3143.52,Completed,TXN-9805-9805
9806,9806,2025-07-05 14:14:27,Debit Card,236.54,Completed,TXN-9806-9806
9807,9807,2026-04-27 09:13:11,Credit Card,2959.44,Completed,TXN-9807-9807
9808,9808,2025-11-21 01:36:34,Cash on Delivery,287.02,Completed,TXN-9808-9808
9809,9809,2026-08-12 06:32:25,Cash on Delivery,317.67,Completed,TXN-9809-9809
9810,9810,2026-01-07 00:25:07,PayPal,1552.52,Completed,TXN-9810-9810
9811,9811,2026-08-19 21:06:58,Credit Card,1581.66,Completed,TXN-9811-9811
9812,9812,2025-05-09 04:21:18,Cash on Delivery,998.17,Completed,TXN-9812-9812
9813,9813,2025-07-13 09:32:13,Bank Transfer,1125.41,Completed,TXN-9813-9813
9814,9814,2025-05-17 08:17:33,Debit Card,1904.07,Pending,
9815,9815,2024-12-23 20:42:37,Bank Transfer,394.13,Pending,
9816,9816,2026-08-31 07:44:58,Debit Card,2412.28,Completed,TXN-9816-9816
9817,9817,2026-08-08 15:03:07,PayPal,751.22,Completed,TXN-9817-9817
9818,9818,2025-03-10 07:31:23,Bank Transfer,4385.67,Completed,TXN-9818-9818
9819,9819,2025-10-08 20:31:04,Bank Transfer,2081.37,Completed,TXN-9819-9819
9820,9820,2026-03-10 13:07:22,Credit Card,2484.82,Failed,
9821,9821,2025-05-04 21:02:33,Debit Card,1814.72,Completed,TXN-9821-9821
9822,9822,2026-05-05 10:35:47,PayPal,818.1,Completed,TXN-9822-9822
9823,9823,2025-12-15 19:38:36,Debit Card,505.3,Completed,TXN-9823-9823
9824,9824,2025-10-21 15:46:19,Debit Card,1475.72,Completed,TXN-9824-9824
9825,9825,2025-08-10 15:33:52,PayPal,739.63,Pending,
9826,9826,2026-05-02 12:30:16,Bank Transfer,3056.84,Completed,TXN-9826-9826
9827,9827,2025-12-29 22:07:43,Cash on Delivery,1158.36,Completed,TXN-9827-9827
9828,9828,2024-08-27 02:55:42,Bank Transfer,286.6,Completed,TXN-9828-9828
9829,9829,2025-10-18 02:26:17,Credit Card,542.39,Failed,
9830,9830,2025-06-08 10:00:31,Cash on Delivery,6005.17,Completed,TXN-9830-9830
9831,9831,2026-07-05 21:34:26,Debit Card,1209.81,Completed,TXN-9831-9831
9832,9832,2025-09-11 16:12:17,Cash on Delivery,1182.39,Pending,
9833,9833,2026-04-04 05:37:52,Credit Card,3621.54,Completed,TXN-9833-9833
9834,9834,2026-04-28 23:31:18,Cash on Delivery,2183.12,Completed,TXN-9834-9834
9835,9835,2026-07-12 18:17:06,Cash on Delivery,4687.81,Completed,TXN-9835-9835
9836,9836,2024-12-29 12:08:54,Cash on Delivery,2167.24,Completed,TXN-9836-9836
9837,9837,2026-04-12 22:43:08,Bank Transfer,1265.37,Completed,TXN-9837-9837
9838,9838,2026-05-02 13:19:47,Credit Card,1958.2,Completed,TXN-9838-9838
9839,9839,2026-04-28 13:08:53,Cash on Delivery,1403.71,Completed,TXN-9839-9839
9840,9840,2026-01-21 08:39:15,Debit Card,1483.88,Completed,TXN-9840-9840
9841,9841,2026-08-18 00:33:20,Cash on Delivery,593.99,Refunded,TXN-9841-9841
9842,9842,2026-05-02 19:25:56,Cash on Delivery,450.79,Completed,TXN-9842-9842
9843,9843,2025-01-21 20:32:55,Bank Transfer,1742.29,Completed,TXN-9843-9843
9844,9844,2026-07-27 02:53:50,Credit Card,4972.65,Failed,
9845,9845,2026-07-06 22:36:13,Bank Transfer,2135.66,Completed,TXN-9845-9845
9846,9846,2026-01-15 04:19:42,PayPal,1708.44,Completed,TXN-9846-9846
9847,9847,2025-12-13 23:33:35,Credit Card,597.45,Completed,TXN-9847-9847
9848,9848,2026-06-29 20:31:33,Cash on Delivery,930.25,Completed,TXN-9848-9848
9849,9849,2026-08-30 21:30:11,PayPal,3272.26,Completed,TXN-9849-9849
9850,9850,2025-08-16 16:16:54,PayPal,3852.12,Completed,TXN-9850-9850
9851,9851,2026-08-23 06:49:26,PayPal,1636.2,Completed,TXN-9851-9851
9852,9852,2026-04-22 20:07:20,PayPal,81.35,Completed,TXN-9852-9852
9853,9853,2026-08-31 09:47:42,Credit Card,1987.62,Failed,
9854,9854,2025-05-31 20:59:44,Cash on Delivery,6070.39,Completed,TXN-9854-9854
9855,9855,2025-09-17 21:41:24,Debit Card,888.8,Completed,TXN-9855-9855
9856,9856,2024-02-16 16:31:27,Bank Transfer,809.31,Completed,TXN-9856-9856
9857,9857,2025-12-23 23:26:32,Cash on Delivery,6262.68,Completed,TXN-9857-9857
9858,9858,2026-05-06 10:44:08,PayPal,457.79,Completed,TXN-9858-9858
9859,9859,2026-08-01 02:05:31,Debit Card,2470.85,Completed,TXN-9859-9859
9860,9860,2025-09-16 09:11:33,Bank Transfer,662.55,Completed,TXN-9860-9860
9861,9861,2024-01-14 05:54:14,Bank Transfer,145.4,Pending,
9862,9862,2026-07-25 20:35:13,Debit Card,1412.63,Completed,TXN-9862-9862
9863,9863,2026-03-10 01:55:09,Debit Card,434.07,Failed,
9864,9864,2026-02-21 05:45:29,Bank Transfer,1016.34,Pending,
9865,9865,2025-02-25 04:37:37,Bank Transfer,1101.12,Completed,TXN-9865-9865
9866,9866,2026-08-02 19:19:57,Cash on Delivery,5002.37,Completed,TXN-9866-9866
9867,9867,2026-02-05 06:19:01,Credit Card,1278.81,Pending,
9868,9868,2024-01-04 18:55:03,Credit Card,758.76,Completed,TXN-9868-9868
9869,9869,2026-02-10 13:12:20,Cash on Delivery,388.76,Completed,TXN-9869-9869
9870,9870,2026-04-05 10:26:57,Bank Transfer,1989.06,Completed,TXN-9870-9870
9871,9871,2026-08-17 06:44:16,Bank Transfer,2322.69,Completed,TXN-9871-9871
9872,9872,2026-07-19 06:30:51,Cash on Delivery,2106.47,Completed,TXN-9872-9872
9873,9873,2025-08-18 06:19:56,Debit Card,653.31,Pending,
9874,9874,2026-08-11 13:19:16,Debit Card,5280.96,Pending,
9875,9875,2025-12-10 00:22:59,Credit Card,1846.82,Completed,TXN-9875-9875
9876,9876,2025-03-05 10:40:01,Credit Card,542.39,Completed,TXN-9876-9876
9877,9877,2026-09-01 04:35:45,Debit Card,3579.8,Completed,TXN-9877-9877
9878,9878,2024-09-11 17:55:49,PayPal,176.54,Completed,TXN-9878-9878
9879,9879,2025-02-02 04:37:38,PayPal,2276.28,Pending,
9880,9880,2025-12-30 22:10:54,Debit Card,2474.94,Completed,TXN-9880-9880
9881,9881,2025-02-02 12:28:36,Credit Card,2462.15,Completed,TXN-9881-9881
9882,9882,2026-01-20 12:07:26,Bank Transfer,1936.5,Pending,
9883,9883,2026-07-27 03:57:18,PayPal,1877.94,Refunded,TXN-9883-9883
9884,9884,2025-03-18 14:32:11,Bank Transfer,1792.35,Completed,TXN-9884-9884
9885,9885,2026-07-20 06:38:30,Cash on Delivery,1279.26,Completed,TXN-9885-9885
9886,9886,2025-05-22 04:21:58,Credit Card,457.79,Completed,TXN-9886-9886
9887,9887,2026-08-31 19:39:11,Cash on Delivery,1208.33,Completed,TXN-9887-9887
9888,9888,2026-01-22 03:55:33,PayPal,2725.7,Completed,TXN-9888-9888
9889,9889,2026-03-31 08:04:28,Bank Transfer,2457.01,Completed,TXN-9889-9889
9890,9890,2026-07-17 20:32:43,Credit Card,607.8,Completed,TXN-9890-9890
9891,9891,2026-06-25 20:03:08,PayPal,1002.96,Completed,TXN-9891-9891
9892,9892,2026-08-14 09:52:12,Cash on Delivery,7113.65,Completed,TXN-9892-9892
9893,9893,2025-08-23 12:46:14,Cash on Delivery,1662.44,Completed,TXN-9893-9893
9894,9894,2026-07-19 06:42:48,PayPal,4713.95,Refunded,TXN-9894-9894
9895,9895,2026-07-22 02:22:35,Credit Card,3627.08,Completed,TXN-9895-9895
9896,9896,2026-08-20 21:23:37,Cash on Delivery,2640.87,Completed,TXN-9896-9896
9897,9897,2026-06-20 22:55:38,Cash on Delivery,4020.41,Completed,TXN-9897-9897
9898,9898,2026-07-18 23:37:45,Bank Transfer,5002.07,Completed,TXN-9898-9898
9899,9899,2025-03-15 23:09:08,PayPal,2068.96,Completed,TXN-9899-9899
9900,9900,2026-08-24 19:34:47,Bank Transfer,3512.63,Refunded,TXN-9900-9900
9901,9901,2024-09-03 04:54:23,Cash on Delivery,4246.7,Completed,TXN-9901-9901
9902,9902,2026-03-14 04:28:58,PayPal,2048.24,Completed,TXN-9902-9902
9903,9903,2026-07-05 07:26:47,Cash on Delivery,1407.31,Completed,TXN-9903-9903
9904,9904,2026-02-10 20:15:32,PayPal,2320.97,Completed,TXN-9904-9904
9905,9905,2025-02-25 02:08:54,Debit Card,393.05,Completed,TXN-9905-9905
9906,9906,2026-05-22 09:59:38,Cash on Delivery,809.35,Completed,TXN-9906-9906
9907,9907,2024-06-09 08:06:49,Credit Card,774.23,Completed,TXN-9907-9907
9908,9908,2026-09-01 12:02:57,Bank Transfer,818.1,Completed,TXN-9908-9908
9909,9909,2024-07-27 06:36:14,PayPal,729.84,Pending,
9910,9910,2026-04-22 23:44:53,Debit Card,1540.77,Completed,TXN-9910-9910
9911,9911,2025-12-27 16:59:13,Bank Transfer,1794.09,Completed,TXN-9911-9911
9912,9912,2026-03-10 16:06:09,Debit Card,7243.2,Completed,TXN-9912-9912
9913,9913,2026-06-16 19:35:45,Debit Card,2344.02,Completed,TXN-9913-9913
9914,9914,2026-07-30 15:44:02,PayPal,3762.69,Refunded,TXN-9914-9914
9915,9915,2026-05-16 21:33:07,PayPal,4149.98,Pending,
9916,9916,2026-05-14 02:38:01,Debit Card,1931.58,Completed,TXN-9916-9916
9917,9917,2026-05-18 02:05:18,Cash on Delivery,1334.72,Completed,TXN-9917-9917
9918,9918,2026-04-04 11:07:42,Credit Card,761.52,Failed,
9919,9919,2026-06-28 12:39:16,Bank Transfer,1699.97,Completed,TXN-9919-9919
9920,9920,2025-02-13 19:20:23,Bank Transfer,600.04,Completed,TXN-9920-9920
9921,9921,2024-09-19 04:22:27,PayPal,796.19,Completed,TXN-9921-9921
9922,9922,2025-10-24 09:02:02,Cash on Delivery,3174.18,Completed,TXN-9922-9922
9923,9923,2026-03-12 18:47:04,PayPal,1002.95,Failed,
9924,9924,2026-08-07 05:25:37,PayPal,3291.78,Completed,TXN-9924-9924
9925,9925,2025-11-04 18:26:21,Cash on Delivery,176.54,Completed,TXN-9925-9925
9926,9926,2026-02-06 00:35:02,Debit Card,947.92,Completed,TXN-9926-9926
9927,9927,2025-08-18 13:24:06,Credit Card,62.52,Completed,TXN-9927-9927
9928,9928,2026-03-26 09:06:05,PayPal,1834.58,Completed,TXN-9928-9928
9929,9929,2026-03-03 06:40:17,Debit Card,7780.56,Completed,TXN-9929-9929
9930,9930,2026-08-10 12:51:04,Bank Transfer,1863.27,Completed,TXN-9930-9930
9931,9931,2024-12-20 13:38:33,Bank Transfer,559.43,Pending,
9932,9932,2026-06-09 01:56:58,Cash on Delivery,1664.79,Completed,TXN-9932-9932
9933,9933,2025-11-26 05:57:53,PayPal,298.0,Completed,TXN-9933-9933
9934,9934,2026-02-18 14:01:08,Bank Transfer,293.79,Completed,TXN-9934-9934
9935,9935,2026-07-30 06:49:02,Debit Card,3555.93,Completed,TXN-9935-9935
9936,9936,2026-05-10 13:13:46,PayPal,159.43,Completed,TXN-9936-9936
9937,9937,2025-06-26 13:35:23,Bank Transfer,2058.9,Completed,TXN-9937-9937
9938,9938,2025-06-13 01:42:42,Credit Card,677.11,Pending,
9939,9939,2026-03-16 18:27:16,Cash on Delivery,3094.25,Pending,
9940,9940,2026-08-27 07:59:21,Credit Card,4400.84,Completed,TXN-9940-9940
9941,9941,2025-05-24 11:57:09,Bank Transfer,1400.1,Completed,TXN-9941-9941
9942,9942,2025-10-01 12:12:07,Bank Transfer,83.37,Completed,TXN-9942-9942
9943,9943,2025-07-30 10:48:53,Cash on Delivery,2310.75,Completed,TXN-9943-9943
9944,9944,2025-11-25 10:16:53,Bank Transfer,2581.6,Completed,TXN-9944-9944
9945,9945,2026-04-08 01:04:07,Cash on Delivery,818.1,Completed,TXN-9945-9945
9946,9946,2025-08-25 23:00:52,Cash on Delivery,1275.7,Completed,TXN-9946-9946
9947,9947,2025-09-14 03:10:43,Debit Card,882.56,Completed,TXN-9947-9947
9948,9948,2024-12-09 23:35:20,Debit Card,3548.57,Completed,TXN-9948-9948
9949,9949,2024-09-12 19:58:47,PayPal,607.8,Completed,TXN-9949-9949
9950,9950,2026-05-22 14:30:56,Bank Transfer,5481.36,Completed,TXN-9950-9950
9951,9951,2026-08-26 06:00:34,Credit Card,1282.01,Completed,TXN-9951-9951
9952,9952,2026-04-20 20:38:54,Cash on Delivery,5284.99,Completed,TXN-9952-9952
9953,9953,2026-03-16 09:40:07,PayPal,1060.03,Completed,TXN-9953-9953
9954,9954,2025-06-03 14:18:18,Bank Transfer,141.55,Completed,TXN-9954-9954
9955,9955,2025-06-01 13:39:38,Bank Transfer,742.37,Completed,TXN-9955-9955
9956,9956,2026-02-25 06:20:30,Debit Card,3197.58,Completed,TXN-9956-9956
9957,9957,2024-06-17 17:50:27,Cash on Delivery,6207.78,Completed,TXN-9957-9957
9958,9958,2026-08-27 19:49:59,PayPal,4227.51,Completed,TXN-9958-9958
9959,9959,2025-10-05 14:51:40,Bank Transfer,6475.18,Completed,TXN-9959-9959
9960,9960,2025-04-18 02:26:32,Debit Card,5351.84,Pending,
9961,9961,2026-06-26 00:57:19,PayPal,176.54,Completed,TXN-9961-9961
9962,9962,2026-06-27 10:32:39,Debit Card,1013.11,Completed,TXN-9962-9962
9963,9963,2024-10-28 10:07:04,Credit Card,5195.68,Pending,
9964,9964,2026-03-03 22:49:14,Bank Transfer,858.09,Completed,TXN-9964-9964
9965,9965,2025-03-02 20:48:03,PayPal,3096.25,Completed,TXN-9965-9965
9966,9966,2026-02-09 09:30:01,Credit Card,3876.75,Completed,TXN-9966-9966
9967,9967,2026-01-31 20:11:39,Credit Card,2738.67,Completed,TXN-9967-9967
9968,9968,2025-11-13 03:39:13,Credit Card,3439.53,Completed,TXN-9968-9968
9969,9969,2025-12-21 15:05:08,Bank Transfer,400.09,Completed,TXN-9969-9969
9970,9970,2026-08-30 13:26:59,Credit Card,2309.18,Completed,TXN-9970-9970
9971,9971,2025-03-29 08:12:24,Cash on Delivery,2744.34,Completed,TXN-9971-9971
9972,9972,2026-07-08 10:43:29,Credit Card,3718.65,Completed,TXN-9972-9972
9973,9973,2026-04-09 09:00:16,Debit Card,3843.93,Completed,TXN-9973-9973
9974,9974,2026-05-18 23:10:32,Cash on Delivery,2562.66,Completed,TXN-9974-9974
9975,9975,2026-05-19 18:46:10,Cash on Delivery,461.03,Completed,TXN-9975-9975
9976,9976,2025-07-17 08:01:53,Bank Transfer,4357.93,Completed,TXN-9976-9976
9977,9977,2026-03-06 15:56:47,Bank Transfer,3859.27,Completed,TXN-9977-9977
9978,9978,2026-05-04 00:01:16,Credit Card,2476.35,Completed,TXN-9978-9978
9979,9979,2025-02-25 21:37:14,PayPal,536.88,Completed,TXN-9979-9979
9980,9980,2026-08-28 07:48:12,Credit Card,4431.18,Completed,TXN-9980-9980
9981,9981,2025-11-21 16:12:25,Cash on Delivery,4506.63,Completed,TXN-9981-9981
9982,9982,2026-06-13 20:24:22,Bank Transfer,2170.74,Completed,TXN-9982-9982
9983,9983,2025-05-27 16:33:05,Debit Card,1088.9,Completed,TXN-9983-9983
9984,9984,2024-07-16 14:56:58,Credit Card,3962.92,Completed,TXN-9984-9984
9985,9985,2026-02-27 14:26:18,Bank Transfer,1876.86,Completed,TXN-9985-9985
9986,9986,2026-01-06 17:57:20,Bank Transfer,640.4,Completed,TXN-9986-9986
9987,9987,2025-01-21 14:23:23,PayPal,3354.18,Completed,TXN-9987-9987
9988,9988,2026-06-01 12:11:39,Credit Card,1329.37,Completed,TXN-9988-9988
9989,9989,2024-09-28 12:10:07,Debit Card,1060.87,Completed,TXN-9989-9989
9990,9990,2026-01-28 02:07:05,Bank Transfer,4679.85,Completed,TXN-9990-9990
9991,9991,2025-12-05 03:37:19,Bank Transfer,1730.0,Completed,TXN-9991-9991
9992,9992,2026-07-24 05:01:18,Bank Transfer,6190.05,Completed,TXN-9992-9992
9993,9993,2025-09-15 02:50:38,Debit Card,2059.91,Completed,TXN-9993-9993
9994,9994,2026-07-29 00:37:20,Debit Card,1895.84,Completed,TXN-9994-9994
9995,9995,2026-03-01 17:23:33,Debit Card,775.53,Completed,TXN-9995-9995
9996,9996,2025-12-18 19:39:06,Bank Transfer,2265.97,Completed,TXN-9996-9996
9997,9997,2025-10-29 12:52:47,Cash on Delivery,4640.2,Completed,TXN-9997-9997
9998,9998,2026-06-12 22:26:54,Bank Transfer,4497.1,Completed,TXN-9998-9998
9999,9999,2025-12-21 01:52:50,Credit Card,853.15,Completed,TXN-9999-9999
10000,10000,2024-10-26 05:01:23,Bank Transfer,1235.31,Completed,TXN-10000-10000
10001,10001,2026-07-29 05:03:58,Cash on Delivery,2105.33,Completed,TXN-10001-10001
10002,10002,2026-07-05 08:56:16,Cash on Delivery,1227.83,Completed,TXN-10002-10002
10003,10003,2026-06-20 19:39:46,Debit Card,2365.34,Completed,TXN-10003-10003
10004,10004,2025-07-17 05:47:06,Bank Transfer,1192.48,Completed,TXN-10004-10004
10005,10005,2026-07-22 23:32:53,Bank Transfer,2222.69,Refunded,TXN-10005-10005
10006,10006,2026-01-14 19:40:56,PayPal,167.71,Completed,TXN-10006-10006
10007,10007,2026-01-23 03:24:38,Bank Transfer,366.23,Completed,TXN-10007-10007
10008,10008,2026-08-09 08:04:03,Debit Card,2270.46,Completed,TXN-10008-10008
10009,10009,2026-08-09 16:13:38,Cash on Delivery,2704.08,Completed,TXN-10009-10009
10010,10010,2024-09-29 10:09:58,Credit Card,1704.58,Completed,TXN-10010-10010
10011,10011,2024-11-09 19:48:52,PayPal,1071.23,Completed,TXN-10011-10011
10012,10012,2024-06-19 10:22:23,Credit Card,1394.07,Pending,
10013,10013,2026-03-13 17:06:19,Credit Card,3397.57,Completed,TXN-10013-10013
10014,10014,2026-05-11 10:41:10,Credit Card,130.86,Completed,TXN-10014-10014
10015,10015,2025-07-25 06:28:37,Debit Card,1118.18,Completed,TXN-10015-10015
10016,10016,2025-09-01 21:28:12,PayPal,675.28,Completed,TXN-10016-10016
10017,10017,2024-07-09 06:02:54,Cash on Delivery,411.81,Completed,TXN-10017-10017
10018,10018,2026-06-18 14:35:16,PayPal,2691.0,Completed,TXN-10018-10018
10019,10019,2025-12-14 11:27:26,PayPal,2027.6,Completed,TXN-10019-10019
10020,10020,2026-01-16 02:44:18,Cash on Delivery,2929.51,Pending,
10021,10021,2026-03-19 17:15:53,Credit Card,1810.1,Completed,TXN-10021-10021
10022,10022,2026-05-12 17:43:47,PayPal,460.92,Completed,TXN-10022-10022
10023,10023,2026-04-14 18:59:03,Cash on Delivery,3100.58,Completed,TXN-10023-10023
10024,10024,2025-12-16 16:32:09,Credit Card,737.53,Completed,TXN-10024-10024
10025,10025,2026-01-24 11:28:58,PayPal,388.38,Completed,TXN-10025-10025
10026,10026,2026-03-11 03:25:10,Debit Card,1855.46,Refunded,TXN-10026-10026
10027,10027,2024-10-05 03:17:25,PayPal,676.23,Completed,TXN-10027-10027
10028,10028,2026-03-29 19:33:11,Bank Transfer,378.77,Completed,TXN-10028-10028
10029,10029,2026-08-31 06:06:57,PayPal,1140.2,Completed,TXN-10029-10029
10030,10030,2026-08-26 15:44:32,Bank Transfer,2227.51,Completed,TXN-10030-10030
10031,10031,2026-05-27 09:22:37,Cash on Delivery,2434.66,Completed,TXN-10031-10031
10032,10032,2026-08-02 10:31:37,Bank Transfer,1403.65,Completed,TXN-10032-10032
10033,10033,2026-08-15 19:34:00,PayPal,800.5,Completed,TXN-10033-10033
10034,10034,2025-06-15 12:59:33,Debit Card,1305.81,Pending,
10035,10035,2026-06-09 12:38:09,Debit Card,892.38,Pending,
10036,10036,2026-06-08 17:31:29,Debit Card,1736.32,Completed,TXN-10036-10036
10037,10037,2024-08-11 18:21:17,Bank Transfer,3076.01,Completed,TXN-10037-10037
10038,10038,2026-08-14 06:16:30,Credit Card,3650.37,Completed,TXN-10038-10038
10039,10039,2026-07-27 13:44:49,Bank Transfer,709.62,Completed,TXN-10039-10039
10040,10040,2025-12-30 09:29:20,Credit Card,4131.95,Completed,TXN-10040-10040
10041,10041,2026-07-31 23:41:58,Credit Card,4086.67,Completed,TXN-10041-10041
10042,10042,2025-05-18 09:06:31,Bank Transfer,576.62,Completed,TXN-10042-10042
10043,10043,2024-09-27 02:55:00,Bank Transfer,5295.66,Completed,TXN-10043-10043
10044,10044,2026-08-28 01:14:19,Debit Card,1557.4,Pending,
10045,10045,2025-04-25 00:55:21,Cash on Delivery,3277.71,Completed,TXN-10045-10045
10046,10046,2025-03-11 01:34:51,Bank Transfer,1070.53,Completed,TXN-10046-10046
10047,10047,2026-05-13 18:57:02,Bank Transfer,776.9,Completed,TXN-10047-10047
10048,10048,2026-08-24 15:51:11,Cash on Delivery,1497.6,Completed,TXN-10048-10048
10049,10049,2025-07-16 22:40:25,Credit Card,930.25,Pending,
10050,10050,2026-04-30 12:57:20,Credit Card,370.94,Completed,TXN-10050-10050
10051,10051,2026-08-07 17:09:46,Bank Transfer,1988.71,Completed,TXN-10051-10051
10052,10052,2025-01-28 20:39:14,Cash on Delivery,1368.31,Completed,TXN-10052-10052
10053,10053,2026-08-23 21:17:05,Credit Card,4271.1,Failed,
10054,10054,2026-04-29 09:33:58,Debit Card,2803.23,Completed,TXN-10054-10054
10055,10055,2026-07-18 07:18:12,Cash on Delivery,503.95,Completed,TXN-10055-10055
10056,10056,2026-03-31 23:42:58,Credit Card,2856.21,Completed,TXN-10056-10056
10057,10057,2025-02-20 06:07:39,PayPal,1780.29,Completed,TXN-10057-10057
10058,10058,2026-07-27 23:36:16,Debit Card,3124.17,Completed,TXN-10058-10058
10059,10059,2025-10-14 18:43:20,Credit Card,4314.52,Completed,TXN-10059-10059
10060,10060,2026-01-05 11:06:42,Credit Card,1040.74,Completed,TXN-10060-10060
10061,10061,2026-06-05 10:20:50,Credit Card,3247.52,Refunded,TXN-10061-10061
10062,10062,2025-02-27 02:17:43,Cash on Delivery,883.08,Completed,TXN-10062-10062
10063,10063,2026-04-02 10:16:34,Credit Card,2702.23,Completed,TXN-10063-10063
10064,10064,2026-06-17 01:41:51,Bank Transfer,2575.24,Completed,TXN-10064-10064
10065,10065,2026-03-02 09:23:17,Debit Card,195.86,Completed,TXN-10065-10065
10066,10066,2026-07-13 19:49:48,PayPal,2644.32,Completed,TXN-10066-10066
10067,10067,2025-11-17 03:00:40,Debit Card,3880.46,Completed,TXN-10067-10067
10068,10068,2026-03-05 05:25:25,PayPal,1009.52,Completed,TXN-10068-10068
10069,10069,2026-08-03 14:30:06,Credit Card,1350.19,Completed,TXN-10069-10069
10070,10070,2024-09-10 08:18:52,Bank Transfer,642.77,Completed,TXN-10070-10070
10071,10071,2025-11-26 04:57:26,Bank Transfer,1968.54,Completed,TXN-10071-10071
10072,10072,2026-04-02 09:42:57,Bank Transfer,1174.34,Completed,TXN-10072-10072
10073,10073,2026-08-31 20:53:03,Debit Card,1394.94,Completed,TXN-10073-10073
10074,10074,2026-03-26 09:23:37,Credit Card,5023.42,Completed,TXN-10074-10074
10075,10075,2024-12-11 04:49:04,Credit Card,2413.92,Failed,
10076,10076,2026-06-14 11:13:41,Bank Transfer,470.74,Completed,TXN-10076-10076
10077,10077,2026-06-13 21:48:08,Credit Card,1622.15,Completed,TXN-10077-10077
10078,10078,2024-01-13 05:55:31,Bank Transfer,944.8,Completed,TXN-10078-10078
10079,10079,2026-08-29 11:55:00,PayPal,1025.53,Completed,TXN-10079-10079
10080,10080,2026-04-23 08:01:51,Bank Transfer,3080.3,Completed,TXN-10080-10080
10081,10081,2026-03-06 10:45:03,Debit Card,5136.63,Completed,TXN-10081-10081
10082,10082,2026-03-27 05:09:31,Debit Card,413.12,Completed,TXN-10082-10082
10083,10083,2026-01-12 20:44:43,Credit Card,1511.02,Completed,TXN-10083-10083
10084,10084,2026-05-07 10:32:31,Credit Card,1699.09,Completed,TXN-10084-10084
10085,10085,2026-05-14 06:40:04,Bank Transfer,2492.36,Completed,TXN-10085-10085
10086,10086,2024-10-16 04:34:25,PayPal,2783.84,Completed,TXN-10086-10086
10087,10087,2025-01-15 22:06:34,PayPal,3726.8,Completed,TXN-10087-10087
10088,10088,2026-05-16 04:17:47,PayPal,6153.21,Completed,TXN-10088-10088
10089,10089,2025-09-19 06:52:34,Credit Card,1090.89,Completed,TXN-10089-10089
10090,10090,2025-04-01 16:16:06,Credit Card,1422.3,Pending,
10091,10091,2025-12-05 02:35:03,PayPal,935.97,Completed,TXN-10091-10091
10092,10092,2026-08-23 01:58:45,Cash on Delivery,394.13,Completed,TXN-10092-10092
10093,10093,2026-06-06 08:41:17,Debit Card,209.21,Completed,TXN-10093-10093
10094,10094,2026-03-05 07:56:35,Cash on Delivery,176.54,Completed,TXN-10094-10094
10095,10095,2025-11-18 00:52:55,Credit Card,1581.42,Completed,TXN-10095-10095
10096,10096,2025-07-04 03:44:15,Bank Transfer,4928.95,Failed,
10097,10097,2024-04-08 13:44:55,PayPal,5833.47,Completed,TXN-10097-10097
10098,10098,2026-05-08 13:06:12,Bank Transfer,132.89,Completed,TXN-10098-10098
10099,10099,2026-01-21 19:13:58,Credit Card,3406.67,Completed,TXN-10099-10099
10100,10100,2026-05-29 14:59:57,Bank Transfer,1948.04,Completed,TXN-10100-10100
10101,10101,2026-08-08 05:15:22,PayPal,3438.46,Completed,TXN-10101-10101
10102,10102,2026-08-04 14:16:30,Bank Transfer,2797.7,Completed,TXN-10102-10102
10103,10103,2024-11-22 11:57:07,Debit Card,343.3,Completed,TXN-10103-10103
10104,10104,2026-04-22 19:11:26,PayPal,413.12,Completed,TXN-10104-10104
10105,10105,2026-03-24 06:59:30,Cash on Delivery,557.91,Completed,TXN-10105-10105
10106,10106,2026-04-18 13:38:08,PayPal,2348.65,Completed,TXN-10106-10106
10107,10107,2026-01-20 19:48:18,Cash on Delivery,1009.52,Completed,TXN-10107-10107
10108,10108,2026-08-08 05:12:02,Cash on Delivery,2898.18,Completed,TXN-10108-10108
10109,10109,2024-11-20 22:25:10,Credit Card,3162.91,Completed,TXN-10109-10109
10110,10110,2026-06-23 23:47:32,Credit Card,839.44,Completed,TXN-10110-10110
10111,10111,2024-08-28 16:11:25,Credit Card,3620.57,Completed,TXN-10111-10111
10112,10112,2025-12-15 23:02:41,Cash on Delivery,4199.38,Completed,TXN-10112-10112
10113,10113,2026-01-09 12:25:05,PayPal,3914.45,Pending,
10114,10114,2026-06-11 04:05:15,Credit Card,2482.13,Completed,TXN-10114-10114
10115,10115,2024-11-09 14:34:26,Bank Transfer,2034.86,Completed,TXN-10115-10115
10116,10116,2025-09-06 05:32:40,PayPal,2566.58,Pending,
10117,10117,2025-10-05 11:15:53,Credit Card,2972.81,Completed,TXN-10117-10117
10118,10118,2025-04-18 09:45:02,Bank Transfer,625.24,Completed,TXN-10118-10118
10119,10119,2026-07-02 11:25:45,Credit Card,1117.17,Completed,TXN-10119-10119
10120,10120,2026-01-16 08:38:52,PayPal,1874.58,Completed,TXN-10120-10120
10121,10121,2026-05-28 05:22:44,PayPal,2235.88,Completed,TXN-10121-10121
10122,10122,2026-01-24 05:55:13,Debit Card,1047.68,Completed,TXN-10122-10122
10123,10123,2025-03-24 20:32:23,PayPal,68.38,Completed,TXN-10123-10123
10124,10124,2026-08-15 08:39:29,Credit Card,50.02,Completed,TXN-10124-10124
10125,10125,2025-12-24 03:01:08,Credit Card,3607.68,Completed,TXN-10125-10125
10126,10126,2026-01-27 06:40:18,Bank Transfer,4930.61,Completed,TXN-10126-10126
10127,10127,2026-07-18 05:50:58,Credit Card,4648.01,Completed,TXN-10127-10127
10128,10128,2026-08-16 07:13:34,Bank Transfer,4675.7,Completed,TXN-10128-10128
10129,10129,2025-09-10 12:56:10,PayPal,2045.72,Completed,TXN-10129-10129
10130,10130,2025-02-09 02:49:25,PayPal,5277.76,Completed,TXN-10130-10130
10131,10131,2026-04-25 10:46:28,Debit Card,2790.75,Completed,TXN-10131-10131
10132,10132,2026-05-16 05:28:21,Cash on Delivery,2153.75,Completed,TXN-10132-10132
10133,10133,2026-08-31 14:08:20,Credit Card,3449.07,Completed,TXN-10133-10133
10134,10134,2026-02-26 16:56:29,Bank Transfer,1963.3,Completed,TXN-10134-10134
10135,10135,2026-02-03 12:12:38,PayPal,2478.96,Completed,TXN-10135-10135
10136,10136,2026-07-03 20:06:53,PayPal,1636.2,Completed,TXN-10136-10136
10137,10137,2026-09-01 04:49:03,Credit Card,668.25,Pending,
10138,10138,2025-05-31 15:33:06,Cash on Delivery,1047.71,Completed,TXN-10138-10138
10139,10139,2026-05-21 11:01:31,Debit Card,3657.16,Completed,TXN-10139-10139
10140,10140,2026-07-20 08:15:20,Credit Card,3742.9,Completed,TXN-10140-10140
10141,10141,2026-04-15 04:08:28,Debit Card,3093.68,Refunded,TXN-10141-10141
10142,10142,2025-12-04 15:14:41,Bank Transfer,1286.16,Completed,TXN-10142-10142
10143,10143,2026-03-16 14:43:59,Debit Card,4127.88,Completed,TXN-10143-10143
10144,10144,2026-04-08 18:28:21,Debit Card,1848.6,Completed,TXN-10144-10144
10145,10145,2025-06-05 09:11:08,Credit Card,1964.26,Completed,TXN-10145-10145
10146,10146,2024-06-09 22:41:59,Cash on Delivery,2848.79,Completed,TXN-10146-10146
10147,10147,2025-07-28 08:09:12,Bank Transfer,394.13,Completed,TXN-10147-10147
10148,10148,2025-10-22 05:00:37,Debit Card,998.49,Completed,TXN-10148-10148
10149,10149,2024-05-25 06:51:40,Bank Transfer,1269.98,Completed,TXN-10149-10149
10150,10150,2024-07-22 00:06:25,Bank Transfer,3470.23,Completed,TXN-10150-10150
10151,10151,2025-04-29 04:49:20,PayPal,1301.19,Completed,TXN-10151-10151
10152,10152,2026-04-09 02:06:27,Credit Card,3266.82,Completed,TXN-10152-10152
10153,10153,2024-10-08 09:33:48,Credit Card,1664.97,Completed,TXN-10153-10153
10154,10154,2025-02-10 16:56:54,Bank Transfer,3087.91,Completed,TXN-10154-10154
10155,10155,2025-11-26 14:00:39,Bank Transfer,461.03,Completed,TXN-10155-10155
10156,10156,2025-11-18 02:44:13,PayPal,4079.34,Completed,TXN-10156-10156
10157,10157,2025-12-27 19:15:55,Bank Transfer,100.03,Completed,TXN-10157-10157
10158,10158,2026-07-22 05:03:30,Cash on Delivery,745.0,Pending,
10159,10159,2025-05-17 04:28:14,Debit Card,2943.72,Completed,TXN-10159-10159
10160,10160,2025-01-13 16:32:54,Bank Transfer,5749.66,Completed,TXN-10160-10160
10161,10161,2026-07-04 16:30:25,PayPal,1074.94,Completed,TXN-10161-10161
10162,10162,2024-03-12 13:45:52,Cash on Delivery,1664.9,Completed,TXN-10162-10162
10163,10163,2025-05-31 08:12:05,Bank Transfer,420.11,Completed,TXN-10163-10163
10164,10164,2026-02-06 22:14:28,Bank Transfer,5377.85,Completed,TXN-10164-10164
10165,10165,2025-10-17 14:27:23,Credit Card,569.77,Completed,TXN-10165-10165
10166,10166,2025-03-07 21:49:14,Debit Card,1831.05,Completed,TXN-10166-10166
10167,10167,2024-03-26 13:52:23,Cash on Delivery,1479.36,Completed,TXN-10167-10167
10168,10168,2025-02-24 08:09:37,Bank Transfer,1354.54,Completed,TXN-10168-10168
10169,10169,2024-04-22 22:03:02,Cash on Delivery,1246.06,Completed,TXN-10169-10169
10170,10170,2026-01-10 11:43:05,Debit Card,2817.28,Completed,TXN-10170-10170
10171,10171,2026-02-22 08:54:10,PayPal,5817.97,Completed,TXN-10171-10171
10172,10172,2025-08-28 17:03:47,Cash on Delivery,4012.04,Completed,TXN-10172-10172
10173,10173,2026-05-30 20:17:37,Bank Transfer,6911.7,Completed,TXN-10173-10173
10174,10174,2026-01-13 12:24:56,Debit Card,1573.33,Completed,TXN-10174-10174
10175,10175,2026-05-03 21:10:11,Credit Card,2396.79,Completed,TXN-10175-10175
10176,10176,2026-08-21 21:26:26,Debit Card,1369.78,Completed,TXN-10176-10176
10177,10177,2026-07-02 02:01:43,Debit Card,3028.56,Pending,
10178,10178,2025-07-30 19:33:06,Debit Card,340.56,Completed,TXN-10178-10178
10179,10179,2026-03-22 17:58:09,Debit Card,3689.97,Pending,
10180,10180,2026-06-07 23:46:11,Bank Transfer,1976.74,Completed,TXN-10180-10180
10181,10181,2026-03-04 03:03:48,Bank Transfer,4813.5,Completed,TXN-10181-10181
10182,10182,2025-09-09 03:51:19,PayPal,1760.58,Completed,TXN-10182-10182
10183,10183,2024-10-06 15:55:49,Cash on Delivery,1590.35,Completed,TXN-10183-10183
10184,10184,2026-07-03 07:08:28,Bank Transfer,641.58,Refunded,TXN-10184-10184
10185,10185,2026-05-10 05:35:40,Bank Transfer,2459.87,Pending,
10186,10186,2024-07-19 04:15:02,Credit Card,2367.92,Completed,TXN-10186-10186
10187,10187,2025-08-25 18:29:27,Credit Card,1659.27,Completed,TXN-10187-10187
10188,10188,2026-02-13 08:47:30,Bank Transfer,1574.25,Completed,TXN-10188-10188
10189,10189,2026-02-28 10:21:24,Bank Transfer,2764.74,Completed,TXN-10189-10189
10190,10190,2026-02-22 02:22:10,Credit Card,2925.57,Completed,TXN-10190-10190
10191,10191,2026-08-23 13:24:58,Cash on Delivery,2788.55,Completed,TXN-10191-10191
10192,10192,2025-09-16 02:43:03,PayPal,948.08,Completed,TXN-10192-10192
10193,10193,2025-08-14 15:54:04,Credit Card,1331.1,Completed,TXN-10193-10193
10194,10194,2026-05-07 16:23:07,Credit Card,305.76,Failed,
10195,10195,2026-07-10 04:39:03,Debit Card,2669.1,Completed,TXN-10195-10195
10196,10196,2026-07-22 23:22:52,Credit Card,3066.77,Completed,TXN-10196-10196
10197,10197,2026-06-12 18:06:47,Debit Card,523.39,Completed,TXN-10197-10197
10198,10198,2025-09-29 10:32:55,Debit Card,1705.34,Completed,TXN-10198-10198
10199,10199,2025-07-01 16:30:11,Debit Card,1908.83,Completed,TXN-10199-10199
10200,10200,2025-02-27 20:00:10,Credit Card,545.34,Completed,TXN-10200-10200
10201,10201,2026-06-06 08:18:32,Credit Card,1149.36,Failed,
10202,10202,2026-08-11 02:09:48,Debit Card,1316.3,Completed,TXN-10202-10202
10203,10203,2026-08-31 02:45:37,Credit Card,3365.82,Completed,TXN-10203-10203
10204,10204,2025-09-21 16:23:14,Bank Transfer,5487.06,Completed,TXN-10204-10204
10205,10205,2026-01-19 17:29:57,Credit Card,4570.5,Completed,TXN-10205-10205
10206,10206,2026-07-11 04:21:04,PayPal,2225.47,Completed,TXN-10206-10206
10207,10207,2026-05-27 03:12:59,Credit Card,1234.36,Completed,TXN-10207-10207
10208,10208,2026-03-17 18:02:39,Debit Card,3520.87,Completed,TXN-10208-10208
10209,10209,2025-01-19 07:04:59,Cash on Delivery,1859.69,Completed,TXN-10209-10209
10210,10210,2024-03-11 14:12:16,Debit Card,798.63,Refunded,TXN-10210-10210
10211,10211,2026-05-30 15:09:00,Cash on Delivery,920.83,Completed,TXN-10211-10211
10212,10212,2026-03-20 15:21:15,Credit Card,1880.06,Completed,TXN-10212-10212
10213,10213,2025-05-25 05:13:13,Credit Card,686.58,Failed,
10214,10214,2025-12-28 15:53:35,Debit Card,1093.39,Completed,TXN-10214-10214
10215,10215,2026-03-01 08:36:15,Cash on Delivery,1438.22,Completed,TXN-10215-10215
10216,10216,2025-12-30 09:18:08,Cash on Delivery,981.65,Completed,TXN-10216-10216
10217,10217,2026-08-13 19:52:49,Credit Card,2515.2,Completed,TXN-10217-10217
10218,10218,2024-11-08 11:11:12,Bank Transfer,255.83,Completed,TXN-10218-10218
10219,10219,2026-07-27 08:35:14,Cash on Delivery,1053.5,Pending,
10220,10220,2025-10-18 23:34:15,Cash on Delivery,2761.95,Completed,TXN-10220-10220
10221,10221,2026-09-01 09:19:06,PayPal,1673.35,Completed,TXN-10221-10221
10222,10222,2026-05-15 01:41:27,PayPal,1056.58,Completed,TXN-10222-10222
10223,10223,2024-11-18 05:26:10,Debit Card,2384.49,Completed,TXN-10223-10223
10224,10224,2025-11-28 13:55:19,Bank Transfer,4401.98,Completed,TXN-10224-10224
10225,10225,2025-03-29 11:45:26,Credit Card,1307.14,Completed,TXN-10225-10225
10226,10226,2024-11-29 13:54:53,Debit Card,2863.74,Completed,TXN-10226-10226
10227,10227,2025-12-11 03:10:19,Credit Card,2103.93,Completed,TXN-10227-10227
10228,10228,2026-01-22 12:21:00,Cash on Delivery,1135.15,Completed,TXN-10228-10228
10229,10229,2026-04-26 12:32:07,Debit Card,2176.55,Pending,
10230,10230,2026-01-13 01:07:36,Bank Transfer,1143.06,Completed,TXN-10230-10230
10231,10231,2025-12-06 07:08:06,Cash on Delivery,1318.03,Refunded,TXN-10231-10231
10232,10232,2025-12-25 14:05:29,Credit Card,2972.42,Completed,TXN-10232-10232
10233,10233,2026-05-09 14:20:39,Credit Card,1011.19,Completed,TXN-10233-10233
10234,10234,2026-07-17 06:05:51,Bank Transfer,2055.95,Completed,TXN-10234-10234
10235,10235,2025-10-15 11:42:39,PayPal,520.37,Completed,TXN-10235-10235
10236,10236,2026-08-21 09:23:33,PayPal,2735.37,Completed,TXN-10236-10236
10237,10237,2026-08-23 17:22:32,Debit Card,931.8,Completed,TXN-10237-10237
10238,10238,2026-05-16 03:45:29,Cash on Delivery,2737.88,Completed,TXN-10238-10238
10239,10239,2025-02-05 17:41:31,Debit Card,3544.83,Completed,TXN-10239-10239
10240,10240,2024-09-22 16:38:33,PayPal,2508.69,Pending,
10241,10241,2025-11-11 14:11:03,Debit Card,810.62,Completed,TXN-10241-10241
10242,10242,2025-11-10 07:53:07,PayPal,994.18,Completed,TXN-10242-10242
10243,10243,2026-06-23 00:51:30,PayPal,1037.67,Completed,TXN-10243-10243
10244,10244,2026-01-22 19:13:36,PayPal,1785.1,Completed,TXN-10244-10244
10245,10245,2025-04-19 15:59:01,PayPal,223.28,Completed,TXN-10245-10245
10246,10246,2025-10-15 18:13:41,Credit Card,1289.77,Completed,TXN-10246-10246
10247,10247,2025-06-12 04:12:30,Credit Card,6162.57,Failed,
10248,10248,2025-01-10 11:37:55,PayPal,2271.12,Completed,TXN-10248-10248
10249,10249,2025-06-06 11:54:29,PayPal,541.69,Completed,TXN-10249-10249
10250,10250,2026-04-08 02:14:45,Bank Transfer,3006.32,Completed,TXN-10250-10250
10251,10251,2026-01-26 07:28:52,PayPal,365.95,Pending,
10252,10252,2025-06-11 15:48:41,PayPal,298.87,Completed,TXN-10252-10252
10253,10253,2025-09-28 03:05:21,Bank Transfer,662.55,Pending,
10254,10254,2025-07-09 03:29:09,Debit Card,1261.9,Completed,TXN-10254-10254
10255,10255,2025-12-14 21:31:46,Bank Transfer,735.49,Completed,TXN-10255-10255
10256,10256,2024-09-03 09:12:16,PayPal,1047.61,Completed,TXN-10256-10256
10257,10257,2026-03-16 17:37:39,Bank Transfer,1771.95,Completed,TXN-10257-10257
10258,10258,2026-05-23 14:09:26,Credit Card,2511.95,Completed,TXN-10258-10258
10259,10259,2026-04-11 02:22:56,PayPal,537.33,Pending,
10260,10260,2026-07-17 09:36:37,Cash on Delivery,488.15,Pending,
10261,10261,2025-07-28 18:00:36,Bank Transfer,3328.92,Completed,TXN-10261-10261
10262,10262,2025-04-04 06:31:56,Cash on Delivery,1448.26,Completed,TXN-10262-10262
10263,10263,2026-03-03 12:58:55,Debit Card,2584.59,Completed,TXN-10263-10263
10264,10264,2025-09-10 20:22:43,Credit Card,141.55,Completed,TXN-10264-10264
10265,10265,2026-06-24 22:22:16,Cash on Delivery,5341.81,Completed,TXN-10265-10265
10266,10266,2024-07-16 20:28:26,Cash on Delivery,1499.78,Completed,TXN-10266-10266
10267,10267,2026-09-01 08:07:56,Bank Transfer,2924.15,Failed,
10268,10268,2025-12-01 23:39:28,PayPal,2329.99,Completed,TXN-10268-10268
10269,10269,2024-02-18 04:01:25,Debit Card,1929.5,Failed,
10270,10270,2024-10-21 18:19:05,Credit Card,136.76,Completed,TXN-10270-10270
10271,10271,2025-10-29 14:01:17,Cash on Delivery,287.02,Completed,TXN-10271-10271
10272,10272,2026-08-12 18:48:26,Bank Transfer,480.01,Completed,TXN-10272-10272
10273,10273,2026-02-18 10:53:48,Bank Transfer,1193.53,Completed,TXN-10273-10273
10274,10274,2025-01-12 14:19:31,PayPal,1788.34,Completed,TXN-10274-10274
10275,10275,2026-08-12 22:01:57,Credit Card,3862.09,Completed,TXN-10275-10275
10276,10276,2026-07-22 10:50:14,Bank Transfer,1896.89,Completed,TXN-10276-10276
10277,10277,2024-11-12 15:30:28,PayPal,5384.93,Completed,TXN-10277-10277
10278,10278,2026-05-14 18:42:46,PayPal,2374.02,Completed,TXN-10278-10278
10279,10279,2026-06-20 10:58:37,PayPal,1048.79,Completed,TXN-10279-10279
10280,10280,2026-03-29 02:51:10,Debit Card,3703.79,Completed,TXN-10280-10280
10281,10281,2026-01-26 22:59:22,Credit Card,459.02,Completed,TXN-10281-10281
10282,10282,2026-08-06 04:28:13,Debit Card,2367.34,Completed,TXN-10282-10282
10283,10283,2026-03-24 06:23:25,PayPal,3147.55,Pending,
10284,10284,2024-11-17 16:22:46,Credit Card,6936.61,Completed,TXN-10284-10284
10285,10285,2026-08-28 01:19:37,PayPal,2313.93,Completed,TXN-10285-10285
10286,10286,2025-05-16 16:19:02,Bank Transfer,3027.46,Completed,TXN-10286-10286
10287,10287,2026-02-06 13:51:25,Bank Transfer,1084.02,Refunded,TXN-10287-10287
10288,10288,2025-10-20 16:37:51,Cash on Delivery,2476.14,Completed,TXN-10288-10288
10289,10289,2026-01-24 12:02:23,PayPal,520.37,Completed,TXN-10289-10289
10290,10290,2026-07-08 17:44:43,PayPal,4319.11,Pending,
10291,10291,2026-08-31 03:25:15,Cash on Delivery,3248.16,Completed,TXN-10291-10291
10292,10292,2025-05-10 06:42:37,Bank Transfer,61.8,Completed,TXN-10292-10292
10293,10293,2025-09-26 01:38:08,Credit Card,62.52,Completed,TXN-10293-10293
10294,10294,2025-12-19 13:44:13,Credit Card,132.89,Completed,TXN-10294-10294
10295,10295,2025-06-05 16:31:48,Cash on Delivery,716.96,Completed,TXN-10295-10295
10296,10296,2026-06-30 22:18:46,Bank Transfer,768.32,Pending,
10297,10297,2026-03-21 03:44:06,Cash on Delivery,305.76,Completed,TXN-10297-10297
10298,10298,2024-11-28 12:16:21,Cash on Delivery,320.79,Pending,
10299,10299,2025-11-17 19:25:31,Cash on Delivery,2843.69,Completed,TXN-10299-10299
10300,10300,2026-08-08 08:35:41,Cash on Delivery,2328.55,Failed,
10301,10301,2026-07-22 07:41:21,Bank Transfer,2193.72,Completed,TXN-10301-10301
10302,10302,2026-08-03 03:01:14,Cash on Delivery,1047.68,Completed,TXN-10302-10302
10303,10303,2026-08-08 02:24:01,Debit Card,2075.88,Completed,TXN-10303-10303
10304,10304,2025-03-07 14:28:50,Bank Transfer,1321.12,Completed,TXN-10304-10304
10305,10305,2026-08-18 22:34:17,Credit Card,669.18,Completed,TXN-10305-10305
10306,10306,2025-10-16 23:58:33,PayPal,320.79,Failed,
10307,10307,2026-07-01 22:45:21,Debit Card,1703.82,Refunded,TXN-10307-10307
10308,10308,2025-02-24 21:26:08,Credit Card,760.47,Refunded,TXN-10308-10308
10309,10309,2026-08-27 16:02:53,Bank Transfer,4162.81,Completed,TXN-10309-10309
10310,10310,2026-05-24 12:58:24,Cash on Delivery,8007.38,Completed,TXN-10310-10310
10311,10311,2026-05-31 02:28:23,Bank Transfer,1419.79,Completed,TXN-10311-10311
10312,10312,2025-01-13 07:25:57,Bank Transfer,639.67,Completed,TXN-10312-10312
10313,10313,2026-04-16 04:54:46,PayPal,1055.95,Completed,TXN-10313-10313
10314,10314,2025-11-30 05:45:38,Credit Card,1635.18,Completed,TXN-10314-10314
10315,10315,2025-11-29 04:07:51,Credit Card,4797.44,Completed,TXN-10315-10315
10316,10316,2026-06-29 01:10:21,Debit Card,947.92,Completed,TXN-10316-10316
10317,10317,2026-08-14 13:23:59,Debit Card,574.04,Completed,TXN-10317-10317
10318,10318,2025-07-22 05:09:04,Credit Card,2041.04,Completed,TXN-10318-10318
10319,10319,2026-07-20 02:38:39,Credit Card,1716.44,Pending,
10320,10320,2026-04-10 15:57:28,Debit Card,1194.9,Completed,TXN-10320-10320
10321,10321,2024-09-15 17:15:47,Cash on Delivery,1296.36,Failed,
10322,10322,2026-05-18 05:12:05,Bank Transfer,2062.25,Completed,TXN-10322-10322
10323,10323,2025-12-05 20:44:33,Bank Transfer,1595.56,Completed,TXN-10323-10323
10324,10324,2026-03-06 15:45:22,Debit Card,3990.2,Refunded,TXN-10324-10324
10325,10325,2026-06-28 00:57:39,PayPal,1896.6,Completed,TXN-10325-10325
10326,10326,2025-05-27 03:44:07,Debit Card,567.58,Completed,TXN-10326-10326
10327,10327,2025-05-05 16:39:25,Bank Transfer,4523.27,Completed,TXN-10327-10327
10328,10328,2026-01-21 03:26:01,Bank Transfer,869.8,Completed,TXN-10328-10328
10329,10329,2026-08-13 15:53:15,Bank Transfer,1549.58,Pending,
10330,10330,2025-10-07 02:05:46,Cash on Delivery,800.87,Completed,TXN-10330-10330
10331,10331,2025-10-30 09:33:54,Cash on Delivery,3019.1,Completed,TXN-10331-10331
10332,10332,2025-03-24 13:25:03,Credit Card,1760.58,Completed,TXN-10332-10332
10333,10333,2026-08-30 23:57:08,PayPal,2168.68,Completed,TXN-10333-10333
10334,10334,2024-11-29 07:42:37,Credit Card,4537.06,Completed,TXN-10334-10334
10335,10335,2026-04-28 13:43:12,Bank Transfer,1509.51,Completed,TXN-10335-10335
10336,10336,2026-08-30 05:05:46,Bank Transfer,3602.03,Completed,TXN-10336-10336
10337,10337,2025-09-09 06:27:47,PayPal,1586.05,Completed,TXN-10337-10337
10338,10338,2025-09-23 01:51:10,Bank Transfer,748.05,Pending,
10339,10339,2026-04-01 10:10:02,Credit Card,546.47,Failed,
10340,10340,2025-10-22 05:44:41,Bank Transfer,948.13,Completed,TXN-10340-10340
10341,10341,2026-08-14 06:54:15,Debit Card,854.22,Completed,TXN-10341-10341
10342,10342,2024-12-04 20:46:45,Cash on Delivery,1205.76,Completed,TXN-10342-10342
10343,10343,2025-02-08 11:47:21,Credit Card,2323.21,Completed,TXN-10343-10343
10344,10344,2025-06-08 22:18:02,Credit Card,236.54,Completed,TXN-10344-10344
10345,10345,2025-12-04 00:37:58,Bank Transfer,1096.89,Completed,TXN-10345-10345
10346,10346,2026-07-27 04:20:16,PayPal,3028.56,Completed,TXN-10346-10346
10347,10347,2025-10-02 13:36:19,Cash on Delivery,1599.71,Completed,TXN-10347-10347
10348,10348,2025-02-14 20:14:27,Credit Card,1817.14,Completed,TXN-10348-10348
10349,10349,2026-05-15 22:58:30,Cash on Delivery,1362.56,Completed,TXN-10349-10349
10350,10350,2026-03-09 01:51:30,Cash on Delivery,204.87,Refunded,TXN-10350-10350
10351,10351,2024-10-18 05:09:46,Debit Card,1340.46,Completed,TXN-10351-10351
10352,10352,2025-09-11 13:51:20,Credit Card,1101.65,Completed,TXN-10352-10352
10353,10353,2026-05-03 15:43:55,Credit Card,557.91,Refunded,TXN-10353-10353
10354,10354,2025-12-14 13:51:49,Bank Transfer,3456.19,Completed,TXN-10354-10354
10355,10355,2024-09-02 14:03:35,Credit Card,3103.82,Completed,TXN-10355-10355
10356,10356,2025-12-08 19:43:01,Credit Card,118.54,Completed,TXN-10356-10356
10357,10357,2024-09-06 02:45:57,Debit Card,218.1,Completed,TXN-10357-10357
10358,10358,2026-08-11 01:51:50,Cash on Delivery,1918.5,Completed,TXN-10358-10358
10359,10359,2026-07-03 09:55:46,Debit Card,665.42,Pending,
10360,10360,2025-10-24 23:25:29,Cash on Delivery,1354.22,Completed,TXN-10360-10360
10361,10361,2024-11-27 09:02:44,PayPal,1689.01,Completed,TXN-10361-10361
10362,10362,2024-12-15 03:45:35,Cash on Delivery,5738.91,Completed,TXN-10362-10362
10363,10363,2026-08-12 17:26:08,PayPal,913.84,Completed,TXN-10363-10363
10364,10364,2026-03-19 17:43:31,Debit Card,1760.0,Completed,TXN-10364-10364
10365,10365,2026-08-31 08:17:37,PayPal,2602.5,Completed,TXN-10365-10365
10366,10366,2026-08-01 00:19:59,Debit Card,1562.91,Completed,TXN-10366-10366
10367,10367,2026-03-01 23:09:06,Debit Card,685.28,Completed,TXN-10367-10367
10368,10368,2024-12-26 16:16:21,Cash on Delivery,7022.84,Completed,TXN-10368-10368
10369,10369,2025-07-26 11:38:59,PayPal,1721.25,Completed,TXN-10369-10369
10370,10370,2026-05-27 02:04:52,Debit Card,812.02,Refunded,TXN-10370-10370
10371,10371,2024-12-05 08:04:31,Cash on Delivery,865.26,Pending,
10372,10372,2025-10-20 21:16:47,Credit Card,1853.2,Completed,TXN-10372-10372
10373,10373,2025-06-30 09:44:10,Cash on Delivery,230.25,Completed,TXN-10373-10373
10374,10374,2026-08-23 10:01:01,PayPal,2381.83,Completed,TXN-10374-10374
10375,10375,2026-02-14 08:15:56,PayPal,62.52,Completed,TXN-10375-10375
10376,10376,2025-03-04 06:24:08,PayPal,850.53,Completed,TXN-10376-10376
10377,10377,2026-07-07 00:23:51,Credit Card,5232.69,Pending,
10378,10378,2024-06-17 19:52:03,Credit Card,1209.68,Completed,TXN-10378-10378
10379,10379,2026-01-09 04:30:37,Bank Transfer,584.38,Failed,
10380,10380,2024-08-23 19:00:29,Bank Transfer,561.07,Completed,TXN-10380-10380
10381,10381,2026-01-27 03:09:55,Credit Card,2471.76,Completed,TXN-10381-10381
10382,10382,2025-03-23 20:16:18,Cash on Delivery,2515.45,Completed,TXN-10382-10382
10383,10383,2026-03-14 11:10:49,Debit Card,217.62,Failed,
10384,10384,2026-03-29 06:30:34,PayPal,3838.85,Completed,TXN-10384-10384
10385,10385,2024-03-02 21:31:07,Credit Card,3935.07,Completed,TXN-10385-10385
10386,10386,2026-04-01 14:40:19,PayPal,413.12,Completed,TXN-10386-10386
10387,10387,2026-06-03 13:55:15,Cash on Delivery,3840.03,Completed,TXN-10387-10387
10388,10388,2026-08-15 01:45:12,Credit Card,1079.05,Completed,TXN-10388-10388
10389,10389,2026-07-24 21:07:12,Credit Card,1643.69,Pending,
10390,10390,2026-04-24 15:43:55,Cash on Delivery,43.21,Completed,TXN-10390-10390
10391,10391,2025-07-16 16:52:26,Credit Card,3852.0,Completed,TXN-10391-10391
10392,10392,2024-08-11 09:31:13,Cash on Delivery,1753.14,Completed,TXN-10392-10392
10393,10393,2025-04-14 11:59:49,Cash on Delivery,1325.1,Completed,TXN-10393-10393
10394,10394,2026-08-23 17:56:37,Bank Transfer,1926.25,Completed,TXN-10394-10394
10395,10395,2025-07-02 01:37:39,PayPal,3867.48,Completed,TXN-10395-10395
10396,10396,2026-01-29 13:31:57,Credit Card,283.1,Completed,TXN-10396-10396
10397,10397,2026-08-30 23:42:57,PayPal,6632.11,Refunded,TXN-10397-10397
10398,10398,2025-07-20 06:59:58,Cash on Delivery,2907.31,Completed,TXN-10398-10398
10399,10399,2025-02-28 04:09:16,Cash on Delivery,4599.69,Completed,TXN-10399-10399
10400,10400,2026-08-11 21:26:43,PayPal,2546.54,Completed,TXN-10400-10400
10401,10401,2023-11-14 03:49:04,Credit Card,2412.0,Completed,TXN-10401-10401
10402,10402,2025-11-19 00:34:01,Bank Transfer,811.58,Completed,TXN-10402-10402
10403,10403,2025-12-08 17:34:35,Bank Transfer,658.32,Failed,
10404,10404,2025-07-11 08:24:50,Bank Transfer,929.17,Completed,TXN-10404-10404
10405,10405,2026-07-19 11:44:48,Credit Card,1224.8,Completed,TXN-10405-10405
10406,10406,2026-01-02 07:29:35,Cash on Delivery,4187.71,Completed,TXN-10406-10406
10407,10407,2026-08-20 09:21:07,Cash on Delivery,2750.27,Completed,TXN-10407-10407
10408,10408,2025-02-24 09:46:35,Bank Transfer,1857.2,Completed,TXN-10408-10408
10409,10409,2025-07-08 05:47:32,Credit Card,1468.04,Completed,TXN-10409-10409
10410,10410,2024-04-30 08:53:39,Cash on Delivery,3143.02,Failed,
10411,10411,2026-09-01 05:12:35,Cash on Delivery,3580.73,Completed,TXN-10411-10411
10412,10412,2025-10-25 08:24:32,Debit Card,1366.49,Completed,TXN-10412-10412
10413,10413,2025-10-21 03:26:04,PayPal,1211.35,Completed,TXN-10413-10413
10414,10414,2026-08-25 01:10:49,Cash on Delivery,1399.8,Pending,
10415,10415,2026-03-18 00:30:10,Bank Transfer,456.92,Completed,TXN-10415-10415
10416,10416,2025-12-15 22:38:59,PayPal,4970.9,Completed,TXN-10416-10416
10417,10417,2025-09-10 03:38:03,Debit Card,62.52,Completed,TXN-10417-10417
10418,10418,2024-10-30 08:06:19,Credit Card,2590.59,Pending,
10419,10419,2026-01-06 15:34:40,Debit Card,8523.37,Completed,TXN-10419-10419
10420,10420,2025-07-19 04:24:52,Bank Transfer,2777.8,Pending,
10421,10421,2025-03-23 03:31:26,Debit Card,1180.83,Completed,TXN-10421-10421
10422,10422,2024-08-28 10:58:12,Cash on Delivery,992.14,Completed,TXN-10422-10422
10423,10423,2025-01-18 06:05:27,PayPal,709.62,Completed,TXN-10423-10423
10424,10424,2024-11-04 02:23:21,Bank Transfer,2427.67,Completed,TXN-10424-10424
10425,10425,2026-08-23 01:13:42,PayPal,1546.46,Completed,TXN-10425-10425
10426,10426,2025-02-22 04:36:25,Cash on Delivery,6260.97,Completed,TXN-10426-10426
10427,10427,2024-06-12 23:43:35,Credit Card,1289.87,Completed,TXN-10427-10427
10428,10428,2026-06-06 07:55:58,Credit Card,3057.76,Completed,TXN-10428-10428
10429,10429,2026-08-21 20:27:57,Bank Transfer,892.72,Refunded,TXN-10429-10429
10430,10430,2025-10-22 01:12:05,Debit Card,2982.54,Completed,TXN-10430-10430
10431,10431,2026-07-08 08:29:34,Debit Card,1964.43,Refunded,TXN-10431-10431
10432,10432,2025-08-30 17:16:53,Cash on Delivery,2533.22,Completed,TXN-10432-10432
10433,10433,2024-06-20 21:44:18,Debit Card,3248.25,Completed,TXN-10433-10433
10434,10434,2025-12-25 05:44:15,Debit Card,1019.19,Completed,TXN-10434-10434
10435,10435,2026-08-27 22:10:04,Bank Transfer,1296.41,Pending,
10436,10436,2026-05-08 00:42:47,Cash on Delivery,2757.47,Completed,TXN-10436-10436
10437,10437,2025-02-12 09:48:53,PayPal,1799.86,Completed,TXN-10437-10437
10438,10438,2025-06-28 10:54:28,Bank Transfer,34.19,Completed,TXN-10438-10438
10439,10439,2025-05-11 02:41:28,Bank Transfer,3554.72,Completed,TXN-10439-10439
10440,10440,2026-07-31 04:26:14,Debit Card,1889.3,Completed,TXN-10440-10440
10441,10441,2025-05-07 20:29:30,Cash on Delivery,1969.26,Pending,
10442,10442,2026-04-18 12:34:17,Credit Card,3912.59,Completed,TXN-10442-10442
10443,10443,2025-02-01 01:34:10,Debit Card,918.04,Refunded,TXN-10443-10443
10444,10444,2026-06-26 19:19:34,Credit Card,538.12,Pending,
10445,10445,2026-05-28 17:56:48,Debit Card,1627.17,Completed,TXN-10445-10445
10446,10446,2026-01-09 01:50:37,Debit Card,1669.29,Pending,
10447,10447,2025-11-24 07:28:03,PayPal,2082.27,Completed,TXN-10447-10447
10448,10448,2024-09-28 02:54:10,Cash on Delivery,494.35,Completed,TXN-10448-10448
10449,10449,2025-10-13 21:25:59,PayPal,2458.38,Completed,TXN-10449-10449
10450,10450,2025-05-03 08:01:49,Cash on Delivery,3009.91,Completed,TXN-10450-10450
10451,10451,2026-07-31 09:45:19,Cash on Delivery,1924.96,Refunded,TXN-10451-10451
10452,10452,2025-04-04 12:07:30,PayPal,557.91,Pending,
10453,10453,2026-08-23 14:18:04,Bank Transfer,6491.13,Completed,TXN-10453-10453
10454,10454,2026-06-21 18:35:41,PayPal,574.04,Completed,TXN-10454-10454
10455,10455,2025-04-25 16:22:56,Cash on Delivery,658.15,Completed,TXN-10455-10455
10456,10456,2026-04-15 08:38:39,Debit Card,610.93,Completed,TXN-10456-10456
10457,10457,2026-06-22 04:39:14,PayPal,6173.14,Completed,TXN-10457-10457
10458,10458,2026-08-14 00:48:36,PayPal,930.25,Completed,TXN-10458-10458
10459,10459,2025-11-06 16:45:00,Bank Transfer,1943.47,Completed,TXN-10459-10459
10460,10460,2026-02-17 12:30:04,Credit Card,391.52,Completed,TXN-10460-10460
10461,10461,2026-07-14 10:53:00,Credit Card,3196.31,Completed,TXN-10461-10461
10462,10462,2026-04-28 19:15:44,Bank Transfer,4106.9,Completed,TXN-10462-10462
10463,10463,2026-06-24 05:20:55,Debit Card,2294.2,Completed,TXN-10463-10463
10464,10464,2024-06-18 11:33:59,PayPal,1727.29,Completed,TXN-10464-10464
10465,10465,2023-10-25 21:18:10,PayPal,557.91,Completed,TXN-10465-10465
10466,10466,2025-06-25 11:15:40,PayPal,2747.26,Completed,TXN-10466-10466
10467,10467,2026-01-15 19:09:25,Bank Transfer,6627.04,Completed,TXN-10467-10467
10468,10468,2024-10-17 14:19:27,PayPal,973.78,Completed,TXN-10468-10468
10469,10469,2026-03-17 04:42:17,Credit Card,2842.43,Completed,TXN-10469-10469
10470,10470,2026-08-15 08:20:36,Bank Transfer,2302.78,Pending,
10471,10471,2026-04-13 10:12:19,Debit Card,851.03,Completed,TXN-10471-10471
10472,10472,2026-01-24 19:32:44,Cash on Delivery,1693.45,Completed,TXN-10472-10472
10473,10473,2026-06-10 10:48:01,Credit Card,3061.32,Completed,TXN-10473-10473
10474,10474,2026-03-26 16:12:09,Bank Transfer,5939.41,Completed,TXN-10474-10474
10475,10475,2026-06-27 10:12:57,Bank Transfer,1407.32,Completed,TXN-10475-10475
10476,10476,2025-02-12 22:30:54,Credit Card,1009.52,Completed,TXN-10476-10476
10477,10477,2025-08-11 22:01:44,Cash on Delivery,1808.2,Completed,TXN-10477-10477
10478,10478,2025-08-08 11:36:13,Debit Card,1115.82,Completed,TXN-10478-10478
10479,10479,2024-05-03 15:49:46,Credit Card,3733.11,Completed,TXN-10479-10479
10480,10480,2026-08-27 08:18:23,PayPal,1611.45,Completed,TXN-10480-10480
10481,10481,2026-05-13 00:31:55,Cash on Delivery,3399.06,Pending,
10482,10482,2026-05-27 15:23:07,Debit Card,1678.89,Completed,TXN-10482-10482
10483,10483,2026-01-21 08:47:52,Credit Card,1368.0,Completed,TXN-10483-10483
10484,10484,2026-07-31 03:45:17,Bank Transfer,6046.46,Pending,
10485,10485,2026-07-18 09:52:48,Cash on Delivery,3219.08,Completed,TXN-10485-10485
10486,10486,2024-12-27 03:08:10,Bank Transfer,358.48,Completed,TXN-10486-10486
10487,10487,2024-09-03 12:02:48,Debit Card,2383.37,Completed,TXN-10487-10487
10488,10488,2025-07-22 01:35:34,Debit Card,7271.03,Completed,TXN-10488-10488
10489,10489,2025-05-24 01:11:24,Debit Card,2162.47,Pending,
10490,10490,2026-08-21 02:09:59,Bank Transfer,1147.87,Completed,TXN-10490-10490
10491,10491,2025-01-12 00:19:56,PayPal,1744.78,Completed,TXN-10491-10491
10492,10492,2026-03-24 11:47:25,PayPal,3800.86,Pending,
10493,10493,2026-05-20 06:22:29,Cash on Delivery,1772.42,Completed,TXN-10493-10493
10494,10494,2026-06-01 17:22:49,Debit Card,2031.82,Completed,TXN-10494-10494
10495,10495,2025-06-17 23:54:26,Cash on Delivery,2022.07,Pending,
10496,10496,2026-02-11 03:14:06,Bank Transfer,1179.94,Completed,TXN-10496-10496
10497,10497,2026-01-05 00:55:10,Cash on Delivery,2434.7,Completed,TXN-10497-10497
10498,10498,2026-01-31 13:56:26,Debit Card,3442.9,Completed,TXN-10498-10498
10499,10499,2026-07-10 22:39:24,PayPal,1785.14,Completed,TXN-10499-10499
10500,10500,2026-06-22 01:50:47,Debit Card,743.81,Completed,TXN-10500-10500
10501,10501,2026-05-29 10:30:27,Credit Card,1708.25,Completed,TXN-10501-10501
10502,10502,2026-02-21 18:25:38,Bank Transfer,4234.85,Completed,TXN-10502-10502
10503,10503,2024-07-06 03:50:09,Credit Card,38.89,Completed,TXN-10503-10503
10504,10504,2025-03-05 08:49:45,Debit Card,914.71,Completed,TXN-10504-10504
10505,10505,2026-06-25 05:13:32,Cash on Delivery,3713.61,Completed,TXN-10505-10505
10506,10506,2025-12-01 01:56:14,Credit Card,255.83,Completed,TXN-10506-10506
10507,10507,2025-10-16 16:29:39,Cash on Delivery,2131.76,Completed,TXN-10507-10507
10508,10508,2025-06-12 07:21:24,Credit Card,555.57,Completed,TXN-10508-10508
10509,10509,2025-03-20 06:24:37,Debit Card,1120.0,Refunded,TXN-10509-10509
10510,10510,2025-12-26 01:09:24,Debit Card,4768.56,Completed,TXN-10510-10510
10511,10511,2025-02-15 02:36:22,Cash on Delivery,1163.84,Completed,TXN-10511-10511
10512,10512,2026-06-09 09:22:22,Credit Card,1071.32,Completed,TXN-10512-10512
10513,10513,2025-12-17 15:58:10,Bank Transfer,2217.21,Completed,TXN-10513-10513
10514,10514,2026-08-30 10:20:48,Credit Card,1394.94,Completed,TXN-10514-10514
10515,10515,2026-08-02 02:12:29,Credit Card,1156.8,Completed,TXN-10515-10515
10516,10516,2025-08-12 07:08:27,Debit Card,2080.32,Completed,TXN-10516-10516
10517,10517,2026-09-01 14:07:36,PayPal,1451.97,Completed,TXN-10517-10517
10518,10518,2026-05-29 03:52:00,Credit Card,394.13,Completed,TXN-10518-10518
10519,10519,2026-05-05 15:56:15,Bank Transfer,604.84,Pending,
10520,10520,2026-08-30 03:22:45,Credit Card,4919.84,Completed,TXN-10520-10520
10521,10521,2026-01-01 01:19:41,PayPal,3105.9,Completed,TXN-10521-10521
10522,10522,2026-08-06 03:21:00,Cash on Delivery,2154.03,Completed,TXN-10522-10522
10523,10523,2026-09-01 17:58:18,PayPal,1540.54,Completed,TXN-10523-10523
10524,10524,2026-08-08 22:49:16,Bank Transfer,2060.66,Completed,TXN-10524-10524
10525,10525,2026-06-28 17:43:44,Bank Transfer,3373.34,Completed,TXN-10525-10525
10526,10526,2025-07-18 23:00:11,Debit Card,1329.76,Completed,TXN-10526-10526
10527,10527,2026-03-03 08:37:46,Debit Card,3584.13,Completed,TXN-10527-10527
10528,10528,2024-11-30 21:15:55,Bank Transfer,929.25,Pending,
10529,10529,2026-07-06 14:48:26,Credit Card,1548.46,Completed,TXN-10529-10529
10530,10530,2025-01-25 01:17:27,Cash on Delivery,118.79,Completed,TXN-10530-10530
10531,10531,2026-01-13 05:02:58,PayPal,2531.94,Completed,TXN-10531-10531
10532,10532,2026-06-19 06:40:07,Debit Card,3615.26,Completed,TXN-10532-10532
10533,10533,2026-05-14 18:21:37,Debit Card,129.63,Completed,TXN-10533-10533
10534,10534,2026-07-24 06:20:11,Cash on Delivery,1272.17,Completed,TXN-10534-10534
10535,10535,2025-08-27 09:49:50,Credit Card,4041.95,Completed,TXN-10535-10535
10536,10536,2025-02-20 04:46:24,Credit Card,921.15,Completed,TXN-10536-10536
10537,10537,2026-05-31 19:38:28,Debit Card,3225.56,Completed,TXN-10537-10537
10538,10538,2025-12-05 09:52:24,Bank Transfer,532.41,Pending,
10539,10539,2024-03-09 19:18:57,Credit Card,930.25,Pending,
10540,10540,2026-06-02 06:20:36,Credit Card,2401.5,Completed,TXN-10540-10540
10541,10541,2026-03-20 17:10:54,Bank Transfer,6382.18,Completed,TXN-10541-10541
10542,10542,2025-11-24 09:07:20,PayPal,822.15,Completed,TXN-10542-10542
10543,10543,2026-02-20 23:40:07,Cash on Delivery,2999.32,Completed,TXN-10543-10543
10544,10544,2026-06-01 15:05:06,Cash on Delivery,2001.51,Completed,TXN-10544-10544
10545,10545,2026-06-22 21:36:33,Bank Transfer,3324.94,Completed,TXN-10545-10545
10546,10546,2025-06-04 21:19:46,Credit Card,994.18,Completed,TXN-10546-10546
10547,10547,2026-08-31 16:50:32,Bank Transfer,353.08,Completed,TXN-10547-10547
10548,10548,2025-02-02 18:40:23,Bank Transfer,4789.0,Completed,TXN-10548-10548
10549,10549,2026-05-24 05:40:21,Bank Transfer,837.1,Failed,
10550,10550,2025-12-11 04:10:15,Debit Card,779.49,Completed,TXN-10550-10550
10551,10551,2025-01-31 23:46:06,Debit Card,2116.1,Completed,TXN-10551-10551
10552,10552,2026-06-12 19:57:55,PayPal,2275.87,Completed,TXN-10552-10552
10553,10553,2025-06-15 00:49:59,Cash on Delivery,2639.01,Completed,TXN-10553-10553
10554,10554,2025-02-22 20:05:16,Bank Transfer,3700.62,Completed,TXN-10554-10554
10555,10555,2026-08-22 09:53:23,Debit Card,2656.58,Completed,TXN-10555-10555
10556,10556,2024-12-16 02:05:09,PayPal,1468.54,Completed,TXN-10556-10556
10557,10557,2024-08-21 21:41:44,Credit Card,27.46,Completed,TXN-10557-10557
10558,10558,2025-08-13 07:36:52,PayPal,2234.75,Completed,TXN-10558-10558
10559,10559,2026-08-26 10:03:13,Bank Transfer,845.68,Completed,TXN-10559-10559
10560,10560,2024-04-29 07:54:42,PayPal,2283.82,Completed,TXN-10560-10560
10561,10561,2025-09-02 21:08:23,Bank Transfer,1825.69,Failed,
10562,10562,2026-03-27 21:14:26,PayPal,2033.22,Completed,TXN-10562-10562
10563,10563,2026-05-21 09:22:48,Bank Transfer,3743.4,Completed,TXN-10563-10563
10564,10564,2025-11-30 20:36:56,PayPal,4353.18,Completed,TXN-10564-10564
10565,10565,2026-04-09 08:49:22,PayPal,930.25,Completed,TXN-10565-10565
10566,10566,2025-03-11 13:37:28,Credit Card,530.01,Completed,TXN-10566-10566
10567,10567,2025-04-23 20:40:54,PayPal,1403.12,Completed,TXN-10567-10567
10568,10568,2026-07-28 01:33:43,Bank Transfer,1935.96,Completed,TXN-10568-10568
10569,10569,2026-07-05 20:12:16,Credit Card,1008.51,Completed,TXN-10569-10569
10570,10570,2025-03-17 03:08:04,Debit Card,2103.19,Refunded,TXN-10570-10570
10571,10571,2025-07-17 17:51:14,PayPal,4577.36,Completed,TXN-10571-10571
10572,10572,2026-06-06 11:43:02,Bank Transfer,5976.95,Completed,TXN-10572-10572
10573,10573,2024-10-01 12:10:47,Credit Card,1588.4,Completed,TXN-10573-10573
10574,10574,2026-07-21 20:49:56,Debit Card,1155.04,Completed,TXN-10574-10574
10575,10575,2025-11-14 23:07:21,Bank Transfer,658.15,Pending,
10576,10576,2025-06-24 11:16:12,Cash on Delivery,1162.11,Completed,TXN-10576-10576
10577,10577,2026-08-31 16:16:59,Credit Card,2225.08,Completed,TXN-10577-10577
10578,10578,2026-08-15 12:35:38,Bank Transfer,662.55,Completed,TXN-10578-10578
10579,10579,2025-09-10 21:45:47,Cash on Delivery,2116.11,Completed,TXN-10579-10579
10580,10580,2026-03-24 00:21:51,Credit Card,813.77,Completed,TXN-10580-10580
10581,10581,2025-11-04 12:55:07,PayPal,662.55,Completed,TXN-10581-10581
10582,10582,2026-03-01 00:33:29,Bank Transfer,507.44,Completed,TXN-10582-10582
10583,10583,2025-08-02 17:57:43,Bank Transfer,4477.38,Completed,TXN-10583-10583
10584,10584,2025-05-20 14:42:41,Bank Transfer,2396.23,Completed,TXN-10584-10584
10585,10585,2026-08-20 22:57:47,Debit Card,1802.44,Completed,TXN-10585-10585
10586,10586,2025-01-08 03:13:51,Cash on Delivery,2496.95,Failed,
10587,10587,2026-01-04 13:49:07,Credit Card,1013.3,Completed,TXN-10587-10587
10588,10588,2024-07-06 03:03:21,Credit Card,869.18,Completed,TXN-10588-10588
10589,10589,2024-03-25 18:01:48,Bank Transfer,474.22,Completed,TXN-10589-10589
10590,10590,2026-05-31 12:06:38,PayPal,1233.27,Completed,TXN-10590-10590
10591,10591,2026-06-13 16:19:19,Debit Card,2832.56,Completed,TXN-10591-10591
10592,10592,2024-02-24 03:50:21,Credit Card,1199.49,Pending,
10593,10593,2025-11-22 09:59:52,Debit Card,3542.77,Completed,TXN-10593-10593
10594,10594,2026-08-17 08:45:45,Credit Card,1791.18,Failed,
10595,10595,2024-03-13 16:08:34,Credit Card,503.14,Completed,TXN-10595-10595
10596,10596,2025-10-15 18:18:24,Credit Card,1581.66,Completed,TXN-10596-10596
10597,10597,2025-04-26 23:19:47,Credit Card,1892.72,Completed,TXN-10597-10597
10598,10598,2026-04-29 17:53:42,Bank Transfer,1345.46,Completed,TXN-10598-10598
10599,10599,2025-03-04 11:33:30,PayPal,255.83,Completed,TXN-10599-10599
10600,10600,2026-06-30 23:36:47,Credit Card,1667.57,Completed,TXN-10600-10600
10601,10601,2026-02-15 23:34:29,Bank Transfer,7208.97,Completed,TXN-10601-10601
10602,10602,2026-08-19 12:30:33,Credit Card,2983.59,Completed,TXN-10602-10602
10603,10603,2025-05-05 04:02:31,PayPal,542.39,Completed,TXN-10603-10603
10604,10604,2026-07-15 22:14:16,Debit Card,6575.72,Completed,TXN-10604-10604
10605,10605,2026-03-20 22:10:44,Credit Card,1723.24,Completed,TXN-10605-10605
10606,10606,2025-09-02 21:05:03,Bank Transfer,584.38,Completed,TXN-10606-10606
10607,10607,2025-12-01 02:52:55,Credit Card,1978.1,Completed,TXN-10607-10607
10608,10608,2025-09-16 09:42:15,Cash on Delivery,394.13,Completed,TXN-10608-10608
10609,10609,2026-08-13 10:33:29,Debit Card,4698.85,Completed,TXN-10609-10609
10610,10610,2026-06-27 23:01:38,Credit Card,129.63,Completed,TXN-10610-10610
10611,10611,2026-05-13 07:06:38,PayPal,3658.84,Completed,TXN-10611-10611
10612,10612,2025-01-24 23:48:45,Debit Card,3036.8,Pending,
10613,10613,2026-02-26 01:56:11,Cash on Delivery,412.59,Completed,TXN-10613-10613
10614,10614,2025-08-23 03:28:03,Debit Card,220.27,Completed,TXN-10614-10614
10615,10615,2026-06-03 11:31:51,Credit Card,1042.18,Completed,TXN-10615-10615
10616,10616,2026-08-06 08:03:41,Bank Transfer,1306.69,Completed,TXN-10616-10616
10617,10617,2026-03-02 01:41:42,Debit Card,677.11,Failed,
10618,10618,2026-08-18 00:47:41,Debit Card,3388.94,Completed,TXN-10618-10618
10619,10619,2025-05-03 22:08:18,Bank Transfer,176.54,Completed,TXN-10619-10619
10620,10620,2024-05-08 21:52:52,PayPal,2415.41,Completed,TXN-10620-10620
10621,10621,2026-02-08 08:13:23,Cash on Delivery,2902.96,Completed,TXN-10621-10621
10622,10622,2025-07-25 13:45:10,Credit Card,357.54,Completed,TXN-10622-10622
10623,10623,2024-12-02 20:17:58,PayPal,5818.51,Completed,TXN-10623-10623
10624,10624,2026-05-15 00:07:03,Cash on Delivery,631.62,Completed,TXN-10624-10624
10625,10625,2026-04-24 17:18:11,Credit Card,633.08,Completed,TXN-10625-10625
10626,10626,2024-12-09 09:01:52,Bank Transfer,2682.24,Completed,TXN-10626-10626
10627,10627,2026-07-07 14:44:10,Credit Card,1621.06,Completed,TXN-10627-10627
10628,10628,2025-09-24 22:13:36,Debit Card,431.88,Completed,TXN-10628-10628
10629,10629,2024-10-31 06:00:22,PayPal,1325.37,Completed,TXN-10629-10629
10630,10630,2026-01-08 00:45:23,Bank Transfer,2705.48,Completed,TXN-10630-10630
10631,10631,2026-05-13 19:24:30,Bank Transfer,1515.5,Completed,TXN-10631-10631
10632,10632,2026-08-31 03:52:26,PayPal,800.5,Completed,TXN-10632-10632
10633,10633,2026-07-20 23:57:13,Cash on Delivery,1549.6,Completed,TXN-10633-10633
10634,10634,2026-08-24 16:23:07,PayPal,1270.53,Completed,TXN-10634-10634
10635,10635,2026-05-05 07:04:55,Cash on Delivery,1252.88,Completed,TXN-10635-10635
10636,10636,2024-05-21 12:06:29,Cash on Delivery,2322.69,Completed,TXN-10636-10636
10637,10637,2026-02-04 06:14:03,PayPal,2861.8,Completed,TXN-10637-10637
10638,10638,2024-01-11 15:56:50,PayPal,339.73,Completed,TXN-10638-10638
10639,10639,2025-06-12 17:48:46,Cash on Delivery,1166.28,Completed,TXN-10639-10639
10640,10640,2026-08-24 08:24:03,PayPal,6189.19,Completed,TXN-10640-10640
10641,10641,2026-07-16 06:30:43,PayPal,1976.42,Completed,TXN-10641-10641
10642,10642,2024-02-16 18:10:04,Credit Card,889.17,Completed,TXN-10642-10642
10643,10643,2026-07-07 22:31:32,Credit Card,4104.78,Completed,TXN-10643-10643
10644,10644,2026-06-22 06:57:34,Debit Card,1523.01,Completed,TXN-10644-10644
10645,10645,2025-10-03 15:16:36,Credit Card,681.53,Completed,TXN-10645-10645
10646,10646,2025-09-01 11:50:10,Credit Card,2184.55,Completed,TXN-10646-10646
10647,10647,2026-07-31 14:35:02,Debit Card,339.73,Completed,TXN-10647-10647
10648,10648,2026-03-20 13:54:37,Credit Card,2220.94,Completed,TXN-10648-10648
10649,10649,2026-08-06 14:56:57,Cash on Delivery,1496.89,Completed,TXN-10649-10649
10650,10650,2026-09-01 12:17:05,Cash on Delivery,6803.42,Completed,TXN-10650-10650
10651,10651,2026-08-28 13:46:19,Cash on Delivery,3172.24,Failed,
10652,10652,2025-09-05 14:32:29,PayPal,1689.16,Completed,TXN-10652-10652
10653,10653,2026-08-19 23:08:39,PayPal,679.46,Completed,TXN-10653-10653
10654,10654,2026-01-08 23:35:52,Cash on Delivery,1558.53,Completed,TXN-10654-10654
10655,10655,2025-11-20 02:41:40,Debit Card,633.08,Failed,
10656,10656,2024-11-20 21:44:59,Bank Transfer,389.12,Pending,
10657,10657,2026-07-06 05:22:53,Debit Card,604.84,Failed,
10658,10658,2026-06-23 04:40:34,Cash on Delivery,3323.14,Completed,TXN-10658-10658
10659,10659,2025-02-03 10:53:12,PayPal,3173.61,Completed,TXN-10659-10659
10660,10660,2026-08-25 02:30:39,PayPal,631.62,Completed,TXN-10660-10660
10661,10661,2025-08-23 17:40:32,PayPal,1552.56,Completed,TXN-10661-10661
10662,10662,2026-06-30 08:30:35,PayPal,1246.9,Completed,TXN-10662-10662
10663,10663,2026-03-01 15:59:36,Credit Card,5704.86,Completed,TXN-10663-10663
10664,10664,2025-10-12 04:44:55,Debit Card,3741.44,Completed,TXN-10664-10664
10665,10665,2025-05-30 01:10:08,Bank Transfer,3105.46,Completed,TXN-10665-10665
10666,10666,2026-05-05 22:04:25,PayPal,2820.66,Completed,TXN-10666-10666
10667,10667,2025-06-17 12:58:17,Cash on Delivery,3033.64,Completed,TXN-10667-10667
10668,10668,2026-07-01 10:42:51,Bank Transfer,831.47,Completed,TXN-10668-10668
10669,10669,2026-01-24 09:50:00,PayPal,2285.26,Completed,TXN-10669-10669
10670,10670,2026-06-28 13:03:09,PayPal,1207.99,Completed,TXN-10670-10670
10671,10671,2026-01-24 15:44:54,Bank Transfer,1088.1,Completed,TXN-10671-10671
10672,10672,2025-09-22 00:07:18,PayPal,1639.9,Refunded,TXN-10672-10672
10673,10673,2026-04-09 14:50:12,Credit Card,2481.72,Completed,TXN-10673-10673
10674,10674,2024-11-02 08:44:42,Bank Transfer,994.18,Completed,TXN-10674-10674
10675,10675,2026-08-26 14:39:14,PayPal,1848.75,Completed,TXN-10675-10675
10676,10676,2025-05-27 16:22:50,PayPal,612.67,Completed,TXN-10676-10676
10677,10677,2025-06-07 07:03:55,Credit Card,6960.19,Completed,TXN-10677-10677
10678,10678,2025-02-10 20:55:58,Cash on Delivery,323.15,Completed,TXN-10678-10678
10679,10679,2026-07-01 14:37:55,Debit Card,172.21,Completed,TXN-10679-10679
10680,10680,2026-02-03 22:37:41,Bank Transfer,1871.94,Completed,TXN-10680-10680
10681,10681,2026-05-01 06:40:28,Cash on Delivery,1780.63,Completed,TXN-10681-10681
10682,10682,2026-03-17 16:25:39,Bank Transfer,718.82,Completed,TXN-10682-10682
10683,10683,2024-08-14 08:19:39,Debit Card,333.85,Completed,TXN-10683-10683
10684,10684,2026-04-27 08:42:58,Debit Card,542.39,Completed,TXN-10684-10684
10685,10685,2026-05-12 19:13:55,Cash on Delivery,591.48,Completed,TXN-10685-10685
10686,10686,2025-09-23 13:52:24,Debit Card,1002.68,Refunded,TXN-10686-10686
10687,10687,2026-06-27 14:39:41,Bank Transfer,4919.58,Completed,TXN-10687-10687
10688,10688,2025-03-04 13:03:13,Debit Card,2562.66,Completed,TXN-10688-10688
10689,10689,2026-07-16 13:55:11,Bank Transfer,3996.51,Completed,TXN-10689-10689
10690,10690,2025-07-12 17:41:02,Debit Card,2161.51,Completed,TXN-10690-10690
10691,10691,2025-01-19 01:49:49,Bank Transfer,3464.04,Failed,
10692,10692,2025-10-24 04:53:51,PayPal,1126.0,Completed,TXN-10692-10692
10693,10693,2025-05-04 21:01:41,Cash on Delivery,2657.86,Refunded,TXN-10693-10693
10694,10694,2026-08-29 19:40:51,Credit Card,34.19,Completed,TXN-10694-10694
10695,10695,2026-02-28 06:53:09,Bank Transfer,483.75,Pending,
10696,10696,2024-12-23 21:03:07,PayPal,2138.32,Refunded,TXN-10696-10696
10697,10697,2025-01-23 22:10:33,Credit Card,811.95,Completed,TXN-10697-10697
10698,10698,2026-05-04 01:39:50,Debit Card,952.68,Completed,TXN-10698-10698
10699,10699,2025-12-09 12:40:25,Cash on Delivery,660.39,Completed,TXN-10699-10699
10700,10700,2026-04-25 23:43:17,Credit Card,4903.36,Completed,TXN-10700-10700
10701,10701,2026-01-07 02:14:17,Debit Card,2553.32,Completed,TXN-10701-10701
10702,10702,2026-02-08 08:55:47,Bank Transfer,2456.38,Completed,TXN-10702-10702
10703,10703,2025-07-20 14:32:45,Debit Card,1016.34,Pending,
10704,10704,2024-03-13 14:41:45,Cash on Delivery,4105.85,Completed,TXN-10704-10704
10705,10705,2025-09-08 10:30:36,Cash on Delivery,1753.14,Completed,TXN-10705-10705
10706,10706,2026-05-27 18:08:01,Credit Card,4241.37,Completed,TXN-10706-10706
10707,10707,2026-07-01 20:56:04,Debit Card,854.22,Completed,TXN-10707-10707
10708,10708,2026-02-28 11:26:06,Credit Card,2587.79,Completed,TXN-10708-10708
10709,10709,2025-08-25 21:55:02,Debit Card,1902.48,Completed,TXN-10709-10709
10710,10710,2025-06-29 03:42:12,Debit Card,614.61,Completed,TXN-10710-10710
10711,10711,2025-04-22 08:57:06,PayPal,3814.79,Completed,TXN-10711-10711
10712,10712,2026-07-10 09:55:39,Cash on Delivery,3742.31,Completed,TXN-10712-10712
10713,10713,2025-02-24 23:30:57,PayPal,683.38,Completed,TXN-10713-10713
10714,10714,2026-08-29 06:23:23,Cash on Delivery,1515.11,Completed,TXN-10714-10714
10715,10715,2026-07-08 01:20:13,Cash on Delivery,1519.42,Completed,TXN-10715-10715
10716,10716,2026-02-10 10:36:28,Debit Card,3236.81,Completed,TXN-10716-10716
10717,10717,2026-05-10 03:31:43,Credit Card,134.1,Completed,TXN-10717-10717
10718,10718,2025-02-08 02:11:00,Credit Card,2339.04,Completed,TXN-10718-10718
10719,10719,2024-10-08 23:15:25,Bank Transfer,2497.95,Completed,TXN-10719-10719
10720,10720,2024-08-02 11:11:15,Debit Card,582.6,Completed,TXN-10720-10720
10721,10721,2025-11-11 16:08:37,Debit Card,2183.99,Completed,TXN-10721-10721
10722,10722,2026-03-16 17:46:54,Cash on Delivery,3482.8,Failed,
10723,10723,2026-04-18 10:11:58,PayPal,4597.97,Completed,TXN-10723-10723
10724,10724,2026-03-11 01:37:04,Cash on Delivery,5409.99,Completed,TXN-10724-10724
10725,10725,2026-06-06 01:11:35,Cash on Delivery,1551.79,Failed,
10726,10726,2026-03-07 04:29:19,PayPal,535.25,Completed,TXN-10726-10726
10727,10727,2026-06-18 22:51:18,PayPal,3602.26,Completed,TXN-10727-10727
10728,10728,2026-05-25 08:03:38,Cash on Delivery,3162.45,Completed,TXN-10728-10728
10729,10729,2026-03-25 00:18:01,Bank Transfer,1895.84,Completed,TXN-10729-10729
10730,10730,2025-02-15 01:09:21,PayPal,1603.81,Completed,TXN-10730-10730
10731,10731,2024-08-22 23:38:24,Credit Card,1402.3,Completed,TXN-10731-10731
10732,10732,2026-04-26 08:37:33,Credit Card,2408.34,Completed,TXN-10732-10732
10733,10733,2024-08-21 16:32:25,Cash on Delivery,1893.83,Completed,TXN-10733-10733
10734,10734,2025-11-04 04:51:42,PayPal,4179.02,Refunded,TXN-10734-10734
10735,10735,2025-11-16 22:34:38,Debit Card,3631.28,Completed,TXN-10735-10735
10736,10736,2025-12-08 21:35:18,PayPal,1328.45,Completed,TXN-10736-10736
10737,10737,2026-06-27 00:25:57,PayPal,1265.78,Completed,TXN-10737-10737
10738,10738,2026-08-26 00:56:11,Debit Card,597.45,Completed,TXN-10738-10738
10739,10739,2026-07-30 11:43:48,PayPal,2807.91,Pending,
10740,10740,2025-04-07 13:21:37,Debit Card,5827.57,Pending,
10741,10741,2026-08-24 04:54:55,Bank Transfer,2709.47,Completed,TXN-10741-10741
10742,10742,2025-10-24 05:49:42,Debit Card,994.53,Completed,TXN-10742-10742
10743,10743,2026-08-17 16:09:18,Bank Transfer,1689.81,Completed,TXN-10743-10743
10744,10744,2026-07-25 21:22:39,Debit Card,3394.23,Completed,TXN-10744-10744
10745,10745,2026-07-08 08:03:19,PayPal,1200.98,Completed,TXN-10745-10745
10746,10746,2025-05-12 05:58:32,Credit Card,2231.64,Completed,TXN-10746-10746
10747,10747,2024-05-17 12:00:22,Debit Card,2308.07,Completed,TXN-10747-10747
10748,10748,2026-06-17 16:05:27,Cash on Delivery,4651.25,Completed,TXN-10748-10748
10749,10749,2026-04-04 06:01:17,Bank Transfer,1325.1,Pending,
10750,10750,2025-07-06 09:46:58,Debit Card,3167.53,Refunded,TXN-10750-10750
10751,10751,2026-02-04 04:02:08,Debit Card,3712.68,Completed,TXN-10751-10751
10752,10752,2025-06-01 11:00:52,Cash on Delivery,2650.8,Completed,TXN-10752-10752
10753,10753,2026-02-17 14:51:14,Credit Card,1656.1,Completed,TXN-10753-10753
10754,10754,2026-02-14 03:40:37,Cash on Delivery,1301.14,Completed,TXN-10754-10754
10755,10755,2026-08-15 12:26:52,Cash on Delivery,930.25,Failed,
10756,10756,2026-07-14 19:49:59,PayPal,5410.84,Completed,TXN-10756-10756
10757,10757,2026-02-21 01:31:08,Debit Card,1708.44,Completed,TXN-10757-10757
10758,10758,2025-12-16 15:25:52,Bank Transfer,810.94,Pending,
10759,10759,2026-07-17 14:55:46,PayPal,2227.72,Completed,TXN-10759-10759
10760,10760,2026-03-31 19:05:46,Debit Card,1037.05,Completed,TXN-10760-10760
10761,10761,2024-09-15 10:09:03,Credit Card,192.47,Completed,TXN-10761-10761
10762,10762,2025-10-10 04:31:55,Debit Card,1280.8,Completed,TXN-10762-10762
10763,10763,2026-03-27 17:29:02,Cash on Delivery,460.49,Completed,TXN-10763-10763
10764,10764,2026-08-19 12:18:27,Debit Card,2325.18,Completed,TXN-10764-10764
10765,10765,2026-08-19 06:07:20,Debit Card,1947.56,Completed,TXN-10765-10765
10766,10766,2025-05-30 23:14:49,Cash on Delivery,403.62,Completed,TXN-10766-10766
10767,10767,2024-02-09 13:28:08,Credit Card,2011.08,Completed,TXN-10767-10767
10768,10768,2025-05-16 21:29:46,Bank Transfer,2434.3,Completed,TXN-10768-10768
10769,10769,2024-04-12 15:38:06,Cash on Delivery,1973.33,Completed,TXN-10769-10769
10770,10770,2026-07-11 11:30:34,Debit Card,2114.19,Pending,
10771,10771,2026-03-06 13:42:01,Bank Transfer,457.79,Pending,
10772,10772,2024-05-01 08:03:09,Credit Card,835.26,Completed,TXN-10772-10772
10773,10773,2026-03-23 19:11:29,PayPal,405.2,Completed,TXN-10773-10773
10774,10774,2025-09-04 09:00:00,Cash on Delivery,575.54,Completed,TXN-10774-10774
10775,10775,2026-07-04 23:55:32,Credit Card,4404.94,Completed,TXN-10775-10775
10776,10776,2025-02-28 19:19:29,Bank Transfer,1924.78,Completed,TXN-10776-10776
10777,10777,2026-05-27 12:51:16,Debit Card,969.49,Completed,TXN-10777-10777
10778,10778,2026-08-18 01:06:39,Cash on Delivery,2634.33,Completed,TXN-10778-10778
10779,10779,2025-09-26 21:15:58,PayPal,652.95,Completed,TXN-10779-10779
10780,10780,2026-08-20 15:20:17,Credit Card,1231.82,Completed,TXN-10780-10780
10781,10781,2024-07-16 22:10:52,Bank Transfer,584.38,Failed,
10782,10782,2024-12-14 04:40:39,Debit Card,2763.2,Completed,TXN-10782-10782
10783,10783,2026-07-01 08:45:22,Bank Transfer,229.0,Completed,TXN-10783-10783
10784,10784,2026-06-30 08:38:46,PayPal,3049.02,Completed,TXN-10784-10784
10785,10785,2025-04-11 00:54:23,PayPal,3166.34,Failed,
10786,10786,2026-05-25 15:48:07,PayPal,1888.94,Completed,TXN-10786-10786
10787,10787,2026-02-21 22:39:14,Debit Card,1115.82,Completed,TXN-10787-10787
10788,10788,2025-07-22 05:04:56,Credit Card,240.93,Completed,TXN-10788-10788
10789,10789,2026-01-13 06:40:17,Credit Card,185.47,Completed,TXN-10789-10789
10790,10790,2026-05-08 02:51:31,Bank Transfer,3009.01,Completed,TXN-10790-10790
10791,10791,2026-04-01 12:20:29,Credit Card,508.1,Pending,
10792,10792,2026-04-03 13:27:15,Debit Card,1860.71,Pending,
10793,10793,2024-04-29 00:50:15,PayPal,1891.13,Completed,TXN-10793-10793
10794,10794,2025-07-28 01:14:56,Credit Card,2140.32,Completed,TXN-10794-10794
10795,10795,2025-11-29 16:29:02,Bank Transfer,3849.62,Completed,TXN-10795-10795
10796,10796,2026-02-14 06:55:55,PayPal,3607.53,Completed,TXN-10796-10796
10797,10797,2026-06-22 02:04:12,Debit Card,2019.04,Completed,TXN-10797-10797
10798,10798,2025-09-07 13:00:32,Debit Card,870.9,Completed,TXN-10798-10798
10799,10799,2026-07-17 23:15:35,Cash on Delivery,411.23,Completed,TXN-10799-10799
10800,10800,2026-03-12 17:26:35,Bank Transfer,157.53,Completed,TXN-10800-10800
10801,10801,2026-08-02 02:54:02,Credit Card,488.15,Failed,
10802,10802,2025-04-13 01:53:37,Debit Card,493.21,Completed,TXN-10802-10802
10803,10803,2026-08-20 08:31:11,Credit Card,2656.09,Completed,TXN-10803-10803
10804,10804,2025-12-08 06:20:08,Debit Card,610.07,Completed,TXN-10804-10804
10805,10805,2026-07-12 19:03:48,PayPal,377.56,Completed,TXN-10805-10805
10806,10806,2025-09-13 00:50:25,Credit Card,777.18,Completed,TXN-10806-10806
10807,10807,2026-08-10 17:09:59,Debit Card,1276.17,Completed,TXN-10807-10807
10808,10808,2025-11-21 04:01:57,Debit Card,1137.26,Failed,
10809,10809,2026-03-06 20:46:04,Bank Transfer,1343.14,Pending,
10810,10810,2025-06-10 04:24:15,Debit Card,584.38,Pending,
10811,10811,2025-10-13 14:17:18,Debit Card,3700.13,Completed,TXN-10811-10811
10812,10812,2025-04-19 06:54:35,Debit Card,3451.32,Pending,
10813,10813,2025-11-28 11:01:13,Bank Transfer,1202.51,Completed,TXN-10813-10813
10814,10814,2026-07-06 20:14:31,PayPal,5273.3,Completed,TXN-10814-10814
10815,10815,2026-04-30 12:12:13,Debit Card,1128.65,Completed,TXN-10815-10815
10816,10816,2026-05-01 04:36:12,Cash on Delivery,990.0,Completed,TXN-10816-10816
10817,10817,2026-05-11 11:22:05,Cash on Delivery,6676.73,Completed,TXN-10817-10817
10818,10818,2024-09-09 04:24:31,Bank Transfer,2453.66,Completed,TXN-10818-10818
10819,10819,2026-04-18 19:46:30,Cash on Delivery,1029.56,Completed,TXN-10819-10819
10820,10820,2025-04-29 23:04:22,Cash on Delivery,1034.85,Completed,TXN-10820-10820
10821,10821,2026-08-06 20:17:00,Debit Card,584.38,Completed,TXN-10821-10821
10822,10822,2025-06-19 14:05:57,Bank Transfer,2164.92,Completed,TXN-10822-10822
10823,10823,2026-01-11 10:40:13,Credit Card,1860.79,Completed,TXN-10823-10823
10824,10824,2025-12-12 18:20:58,Cash on Delivery,679.46,Completed,TXN-10824-10824
10825,10825,2025-09-09 17:56:08,PayPal,1938.99,Completed,TXN-10825-10825
10826,10826,2025-05-29 08:19:21,Debit Card,2609.98,Refunded,TXN-10826-10826
10827,10827,2026-08-09 04:32:37,Credit Card,2939.75,Completed,TXN-10827-10827
10828,10828,2024-05-13 10:28:22,PayPal,2177.34,Completed,TXN-10828-10828
10829,10829,2025-12-12 07:08:00,PayPal,1941.18,Completed,TXN-10829-10829
10830,10830,2025-05-23 13:32:50,Bank Transfer,456.92,Completed,TXN-10830-10830
10831,10831,2026-09-01 11:40:20,PayPal,1178.65,Completed,TXN-10831-10831
10832,10832,2026-08-26 17:41:00,Bank Transfer,2319.43,Completed,TXN-10832-10832
10833,10833,2026-08-16 00:46:07,Debit Card,132.89,Completed,TXN-10833-10833
10834,10834,2026-01-18 20:36:31,Debit Card,1740.62,Completed,TXN-10834-10834
10835,10835,2026-01-19 18:12:07,Credit Card,542.07,Completed,TXN-10835-10835
10836,10836,2025-06-18 12:49:17,Cash on Delivery,421.0,Completed,TXN-10836-10836
10837,10837,2026-02-19 08:37:54,PayPal,3660.07,Completed,TXN-10837-10837
10838,10838,2026-07-06 23:37:19,Debit Card,3106.88,Completed,TXN-10838-10838
10839,10839,2026-01-04 03:09:44,Bank Transfer,3134.31,Failed,
10840,10840,2026-08-04 02:03:57,Debit Card,1624.76,Completed,TXN-10840-10840
10841,10841,2025-11-25 22:32:34,Cash on Delivery,242.07,Completed,TXN-10841-10841
10842,10842,2024-09-29 11:56:04,Cash on Delivery,3017.12,Completed,TXN-10842-10842
10843,10843,2025-03-10 12:43:18,Cash on Delivery,1160.54,Refunded,TXN-10843-10843
10844,10844,2024-11-02 23:51:49,PayPal,2141.52,Completed,TXN-10844-10844
10845,10845,2026-08-10 22:12:09,Cash on Delivery,774.23,Completed,TXN-10845-10845
10846,10846,2026-01-18 05:30:09,Bank Transfer,1830.9,Completed,TXN-10846-10846
10847,10847,2026-01-04 19:48:47,Bank Transfer,2877.07,Completed,TXN-10847-10847
10848,10848,2025-12-28 16:06:37,Credit Card,1168.76,Failed,
10849,10849,2026-03-03 15:26:32,PayPal,2953.45,Completed,TXN-10849-10849
10850,10850,2025-06-01 10:15:42,Debit Card,154.78,Completed,TXN-10850-10850
10851,10851,2026-02-09 12:37:20,Debit Card,4724.18,Completed,TXN-10851-10851
10852,10852,2026-01-19 12:44:40,Credit Card,252.49,Completed,TXN-10852-10852
10853,10853,2026-08-28 22:30:34,Credit Card,1084.78,Refunded,TXN-10853-10853
10854,10854,2024-12-07 19:02:05,Credit Card,2438.03,Completed,TXN-10854-10854
10855,10855,2024-12-26 06:44:28,Credit Card,1548.66,Completed,TXN-10855-10855
10856,10856,2026-07-13 05:29:22,Cash on Delivery,805.96,Completed,TXN-10856-10856
10857,10857,2026-01-18 01:16:19,Credit Card,4148.29,Completed,TXN-10857-10857
10858,10858,2026-05-17 01:38:10,Debit Card,203.92,Completed,TXN-10858-10858
10859,10859,2024-07-02 01:15:59,Credit Card,1828.86,Completed,TXN-10859-10859
10860,10860,2025-11-07 08:10:47,Cash on Delivery,255.83,Completed,TXN-10860-10860
10861,10861,2026-05-20 20:23:27,Credit Card,1686.45,Completed,TXN-10861-10861
10862,10862,2026-07-06 18:04:37,Cash on Delivery,330.45,Completed,TXN-10862-10862
10863,10863,2026-07-20 20:44:12,Cash on Delivery,3281.51,Completed,TXN-10863-10863
10864,10864,2026-07-25 11:06:54,Bank Transfer,734.88,Completed,TXN-10864-10864
10865,10865,2025-09-01 18:24:41,Debit Card,4167.57,Pending,
10866,10866,2024-04-16 07:19:32,Bank Transfer,1565.31,Completed,TXN-10866-10866
10867,10867,2026-01-25 18:46:22,Debit Card,3459.54,Completed,TXN-10867-10867
10868,10868,2025-08-22 11:51:58,Bank Transfer,3417.62,Pending,
10869,10869,2024-12-07 19:00:19,Bank Transfer,204.87,Completed,TXN-10869-10869
10870,10870,2026-07-31 01:40:34,Debit Card,394.13,Completed,TXN-10870-10870
10871,10871,2026-04-14 06:03:05,Bank Transfer,253.3,Completed,TXN-10871-10871
10872,10872,2026-05-10 15:26:30,Debit Card,1201.75,Completed,TXN-10872-10872
10873,10873,2025-07-03 16:36:00,Credit Card,1943.79,Completed,TXN-10873-10873
10874,10874,2024-08-12 17:14:08,Debit Card,3029.01,Completed,TXN-10874-10874
10875,10875,2025-12-01 05:45:31,Bank Transfer,3217.7,Completed,TXN-10875-10875
10876,10876,2024-10-01 03:00:48,Bank Transfer,2840.13,Completed,TXN-10876-10876
10877,10877,2026-08-25 15:05:11,Credit Card,662.95,Completed,TXN-10877-10877
10878,10878,2026-05-14 16:38:53,PayPal,251.81,Pending,
10879,10879,2025-04-08 14:20:16,Credit Card,34.19,Completed,TXN-10879-10879
10880,10880,2025-11-12 10:17:10,Bank Transfer,994.53,Completed,TXN-10880-10880
10881,10881,2025-08-08 06:22:51,Debit Card,3956.2,Completed,TXN-10881-10881
10882,10882,2026-04-19 09:39:49,Debit Card,520.37,Completed,TXN-10882-10882
10883,10883,2026-06-28 01:30:02,Credit Card,5145.95,Completed,TXN-10883-10883
10884,10884,2026-05-26 20:33:14,Credit Card,2765.98,Pending,
10885,10885,2024-10-02 08:56:03,PayPal,4240.68,Completed,TXN-10885-10885
10886,10886,2026-08-08 21:37:21,Debit Card,1896.52,Completed,TXN-10886-10886
10887,10887,2026-04-06 16:13:24,PayPal,1185.72,Completed,TXN-10887-10887
10888,10888,2026-02-15 00:07:21,Cash on Delivery,925.39,Completed,TXN-10888-10888
10889,10889,2025-10-18 20:49:06,Credit Card,331.59,Completed,TXN-10889-10889
10890,10890,2025-11-12 16:49:25,Credit Card,3327.79,Completed,TXN-10890-10890
10891,10891,2026-05-01 01:17:16,Bank Transfer,2668.68,Completed,TXN-10891-10891
10892,10892,2026-02-22 01:26:53,Cash on Delivery,1346.32,Completed,TXN-10892-10892
10893,10893,2025-08-06 20:27:00,Credit Card,2175.33,Completed,TXN-10893-10893
10894,10894,2026-09-01 17:44:42,Debit Card,2967.56,Pending,
10895,10895,2025-07-08 06:57:41,Cash on Delivery,1461.81,Completed,TXN-10895-10895
10896,10896,2026-08-17 12:47:16,Cash on Delivery,2868.97,Completed,TXN-10896-10896
10897,10897,2026-08-20 17:30:50,Bank Transfer,1551.42,Completed,TXN-10897-10897
10898,10898,2025-12-24 04:36:31,Debit Card,3205.99,Completed,TXN-10898-10898
10899,10899,2026-06-09 19:42:17,Credit Card,485.98,Completed,TXN-10899-10899
10900,10900,2023-11-29 23:42:32,Bank Transfer,2005.05,Completed,TXN-10900-10900
10901,10901,2026-05-23 21:40:11,Bank Transfer,2916.29,Pending,
10902,10902,2026-06-30 03:56:30,Debit Card,2294.72,Completed,TXN-10902-10902
10903,10903,2026-07-30 17:43:35,Cash on Delivery,2570.61,Pending,
10904,10904,2026-08-15 22:08:07,Debit Card,4791.42,Completed,TXN-10904-10904
10905,10905,2025-04-20 16:14:22,Debit Card,1263.24,Completed,TXN-10905-10905
10906,10906,2026-04-19 22:32:44,Cash on Delivery,1020.52,Pending,
10907,10907,2026-08-31 12:58:01,PayPal,819.48,Pending,
10908,10908,2025-08-31 17:05:21,Bank Transfer,633.08,Completed,TXN-10908-10908
10909,10909,2026-05-10 14:20:43,Debit Card,3543.26,Completed,TXN-10909-10909
10910,10910,2025-05-23 09:24:46,Debit Card,5200.63,Failed,
10911,10911,2024-09-17 00:05:48,PayPal,1726.3,Completed,TXN-10911-10911
10912,10912,2026-08-07 02:46:56,Cash on Delivery,2158.43,Pending,
10913,10913,2026-03-11 09:16:30,Cash on Delivery,2619.98,Completed,TXN-10913-10913
10914,10914,2025-04-19 08:33:48,PayPal,2074.09,Completed,TXN-10914-10914
10915,10915,2026-08-17 05:16:14,Debit Card,2019.04,Completed,TXN-10915-10915
10916,10916,2025-05-08 12:48:01,Cash on Delivery,2902.09,Completed,TXN-10916-10916
10917,10917,2025-03-29 12:34:36,Debit Card,1584.42,Completed,TXN-10917-10917
10918,10918,2024-09-19 04:45:43,Cash on Delivery,3592.27,Failed,
10919,10919,2026-07-13 12:17:30,Cash on Delivery,341.6,Completed,TXN-10919-10919
10920,10920,2023-12-27 06:15:18,Credit Card,3816.57,Completed,TXN-10920-10920
10921,10921,2026-08-22 10:13:57,Cash on Delivery,1013.85,Pending,
10922,10922,2026-07-12 10:46:36,Debit Card,1515.07,Completed,TXN-10922-10922
10923,10923,2026-06-17 09:04:40,Cash on Delivery,1024.35,Completed,TXN-10923-10923
10924,10924,2026-05-12 19:15:31,Cash on Delivery,2151.76,Completed,TXN-10924-10924
10925,10925,2025-05-12 14:17:43,Cash on Delivery,1234.44,Completed,TXN-10925-10925
10926,10926,2026-08-25 12:59:43,Bank Transfer,565.71,Pending,
10927,10927,2024-04-19 03:04:38,PayPal,2012.11,Completed,TXN-10927-10927
10928,10928,2024-04-30 02:54:14,Credit Card,1108.86,Completed,TXN-10928-10928
10929,10929,2025-08-07 00:41:25,Debit Card,1194.9,Completed,TXN-10929-10929
10930,10930,2026-02-17 03:02:09,Bank Transfer,1201.08,Failed,
10931,10931,2026-07-20 08:26:57,Bank Transfer,1636.2,Completed,TXN-10931-10931
10932,10932,2026-08-06 03:13:31,Cash on Delivery,2970.82,Completed,TXN-10932-10932
10933,10933,2026-02-05 20:22:00,PayPal,1054.37,Completed,TXN-10933-10933
10934,10934,2025-04-02 14:26:25,PayPal,287.02,Completed,TXN-10934-10934
10935,10935,2025-03-21 09:11:19,Bank Transfer,2250.77,Failed,
10936,10936,2026-08-10 17:48:10,PayPal,3047.46,Completed,TXN-10936-10936
10937,10937,2025-06-26 08:49:36,Cash on Delivery,1009.52,Pending,
10938,10938,2026-03-02 21:40:25,Bank Transfer,3064.05,Completed,TXN-10938-10938
10939,10939,2026-03-29 02:29:28,Credit Card,6041.7,Completed,TXN-10939-10939
10940,10940,2026-04-13 22:41:03,Debit Card,6759.04,Completed,TXN-10940-10940
10941,10941,2025-10-21 08:00:53,PayPal,1514.31,Completed,TXN-10941-10941
10942,10942,2026-06-02 01:26:23,Credit Card,3871.03,Completed,TXN-10942-10942
10943,10943,2026-03-02 17:15:07,Cash on Delivery,7998.14,Completed,TXN-10943-10943
10944,10944,2026-06-26 11:57:42,Credit Card,2211.82,Completed,TXN-10944-10944
10945,10945,2026-06-16 09:32:28,Debit Card,1347.56,Pending,
10946,10946,2025-12-08 01:09:57,Bank Transfer,1604.58,Pending,
10947,10947,2026-03-21 04:47:16,PayPal,681.02,Completed,TXN-10947-10947
10948,10948,2026-05-10 12:45:09,Debit Card,1875.75,Pending,
10949,10949,2026-07-28 17:59:44,Bank Transfer,2957.38,Completed,TXN-10949-10949
10950,10950,2025-02-27 03:02:42,Credit Card,814.23,Completed,TXN-10950-10950
10951,10951,2026-03-27 04:45:32,Debit Card,1084.11,Completed,TXN-10951-10951
10952,10952,2025-03-11 08:25:36,PayPal,2541.37,Completed,TXN-10952-10952
10953,10953,2025-08-26 11:15:54,Credit Card,5501.22,Completed,TXN-10953-10953
10954,10954,2025-01-05 03:38:56,Debit Card,1802.31,Completed,TXN-10954-10954
10955,10955,2024-09-24 00:33:56,Cash on Delivery,4002.5,Completed,TXN-10955-10955
10956,10956,2026-02-04 19:13:28,Debit Card,1929.05,Completed,TXN-10956-10956
10957,10957,2025-01-28 05:51:56,Credit Card,201.11,Completed,TXN-10957-10957
10958,10958,2026-08-31 07:37:20,Bank Transfer,2273.2,Pending,
10959,10959,2026-03-31 13:31:13,PayPal,2063.51,Pending,
10960,10960,2026-08-03 12:19:26,PayPal,1828.59,Failed,
10961,10961,2026-03-31 10:27:12,PayPal,3825.05,Completed,TXN-10961-10961
10962,10962,2026-05-05 03:36:49,Credit Card,473.08,Failed,
10963,10963,2025-11-18 19:38:23,Bank Transfer,818.1,Completed,TXN-10963-10963
10964,10964,2026-08-29 23:49:07,Cash on Delivery,1016.63,Completed,TXN-10964-10964
10965,10965,2026-07-25 14:10:42,Debit Card,1940.58,Completed,TXN-10965-10965
10966,10966,2026-03-21 21:15:51,PayPal,5055.31,Refunded,TXN-10966-10966
10967,10967,2026-07-29 13:26:04,Debit Card,2257.42,Completed,TXN-10967-10967
10968,10968,2026-08-13 01:42:16,Cash on Delivery,610.93,Pending,
10969,10969,2026-03-13 18:55:26,Cash on Delivery,3311.79,Completed,TXN-10969-10969
10970,10970,2024-12-10 12:39:15,Bank Transfer,351.74,Completed,TXN-10970-10970
10971,10971,2026-08-20 05:53:52,PayPal,204.87,Completed,TXN-10971-10971
10972,10972,2024-01-20 12:38:46,Credit Card,735.97,Completed,TXN-10972-10972
10973,10973,2026-03-17 18:52:25,PayPal,1874.47,Completed,TXN-10973-10973
10974,10974,2025-06-21 10:29:50,Bank Transfer,1453.36,Completed,TXN-10974-10974
10975,10975,2025-09-11 08:48:51,Bank Transfer,1492.91,Completed,TXN-10975-10975
10976,10976,2026-03-06 09:27:43,Credit Card,320.79,Completed,TXN-10976-10976
10977,10977,2026-06-01 21:51:27,Cash on Delivery,255.83,Completed,TXN-10977-10977
10978,10978,2024-08-23 06:24:46,Bank Transfer,1520.95,Completed,TXN-10978-10978
10979,10979,2026-01-26 02:09:14,Debit Card,1212.63,Completed,TXN-10979-10979
10980,10980,2026-03-30 19:24:45,Cash on Delivery,65.43,Completed,TXN-10980-10980
10981,10981,2025-10-10 08:28:05,Credit Card,3319.32,Pending,
10982,10982,2026-01-03 10:58:35,Cash on Delivery,3541.67,Completed,TXN-10982-10982
10983,10983,2025-12-23 02:12:42,Cash on Delivery,1417.31,Completed,TXN-10983-10983
10984,10984,2026-07-25 15:33:28,Cash on Delivery,2019.04,Completed,TXN-10984-10984
10985,10985,2025-01-09 12:43:09,Cash on Delivery,785.01,Completed,TXN-10985-10985
10986,10986,2026-01-08 14:28:02,Credit Card,2966.9,Completed,TXN-10986-10986
10987,10987,2025-01-04 06:51:53,PayPal,492.37,Completed,TXN-10987-10987
10988,10988,2026-03-11 15:09:09,Debit Card,1290.87,Completed,TXN-10988-10988
10989,10989,2026-03-01 00:03:01,Debit Card,465.24,Completed,TXN-10989-10989
10990,10990,2025-03-12 20:25:38,PayPal,2579.18,Completed,TXN-10990-10990
10991,10991,2026-08-07 05:29:14,PayPal,145.4,Completed,TXN-10991-10991
10992,10992,2025-06-26 09:23:23,Credit Card,1876.86,Completed,TXN-10992-10992
10993,10993,2023-12-23 10:45:54,Bank Transfer,2685.37,Completed,TXN-10993-10993
10994,10994,2024-10-17 14:02:10,Credit Card,918.47,Completed,TXN-10994-10994
10995,10995,2026-06-14 01:26:12,PayPal,1417.02,Completed,TXN-10995-10995
10996,10996,2024-04-25 13:01:15,Debit Card,2647.12,Completed,TXN-10996-10996
10997,10997,2026-08-27 13:37:28,Debit Card,1654.04,Completed,TXN-10997-10997
10998,10998,2024-10-01 14:13:14,Cash on Delivery,2491.3,Completed,TXN-10998-10998
10999,10999,2026-08-08 05:02:37,Credit Card,2569.93,Completed,TXN-10999-10999
11000,11000,2026-06-08 10:01:25,Credit Card,2345.2,Completed,TXN-11000-11000
11001,11001,2026-03-04 18:37:30,PayPal,1741.48,Completed,TXN-11001-11001
11002,11002,2026-08-05 06:34:45,Debit Card,1608.23,Completed,TXN-11002-11002
11003,11003,2026-03-18 21:51:59,Cash on Delivery,1789.1,Completed,TXN-11003-11003
11004,11004,2025-06-23 03:43:20,Debit Card,1769.25,Completed,TXN-11004-11004
11005,11005,2025-11-08 11:26:05,Cash on Delivery,1936.01,Completed,TXN-11005-11005
11006,11006,2026-04-07 01:51:13,Credit Card,1462.7,Completed,TXN-11006-11006
11007,11007,2025-05-19 05:42:41,Credit Card,4943.26,Completed,TXN-11007-11007
11008,11008,2026-04-09 15:34:11,Debit Card,4042.77,Completed,TXN-11008-11008
11009,11009,2024-08-03 09:45:03,Cash on Delivery,1436.19,Completed,TXN-11009-11009
11010,11010,2026-06-16 14:42:42,Cash on Delivery,1280.97,Completed,TXN-11010-11010
11011,11011,2025-11-29 22:32:52,Debit Card,625.24,Completed,TXN-11011-11011
11012,11012,2025-04-27 03:18:33,Cash on Delivery,72.7,Completed,TXN-11012-11012
11013,11013,2025-09-28 23:17:32,Cash on Delivery,3706.77,Completed,TXN-11013-11013
11014,11014,2026-06-12 08:17:53,PayPal,1421.96,Completed,TXN-11014-11014
11015,11015,2026-08-03 09:19:47,Bank Transfer,3072.1,Completed,TXN-11015-11015
11016,11016,2026-07-04 04:24:02,Debit Card,577.42,Completed,TXN-11016-11016
11017,11017,2026-08-12 07:08:01,Debit Card,6725.54,Failed,
11018,11018,2026-08-25 07:06:34,Bank Transfer,502.49,Refunded,TXN-11018-11018
11019,11019,2026-08-27 00:52:24,Debit Card,2410.44,Completed,TXN-11019-11019
11020,11020,2026-08-10 06:36:31,PayPal,2054.75,Completed,TXN-11020-11020
11021,11021,2024-07-16 11:03:40,PayPal,3851.01,Completed,TXN-11021-11021
11022,11022,2025-03-29 11:55:08,Credit Card,659.17,Completed,TXN-11022-11022
11023,11023,2026-06-16 09:30:52,Credit Card,5149.63,Completed,TXN-11023-11023
11024,11024,2026-05-20 16:14:43,PayPal,2585.28,Completed,TXN-11024-11024
11025,11025,2025-02-23 16:06:29,PayPal,815.78,Completed,TXN-11025-11025
11026,11026,2025-01-14 14:18:44,Credit Card,4004.49,Completed,TXN-11026-11026
11027,11027,2026-03-29 09:45:41,Bank Transfer,196.9,Completed,TXN-11027-11027
11028,11028,2026-06-28 19:29:22,Cash on Delivery,2647.43,Pending,
11029,11029,2026-02-09 07:23:06,Bank Transfer,1683.44,Pending,
11030,11030,2025-12-25 17:12:24,Debit Card,583.61,Completed,TXN-11030-11030
11031,11031,2026-03-22 15:05:46,Debit Card,1282.82,Completed,TXN-11031-11031
11032,11032,2025-12-27 23:37:53,Cash on Delivery,2693.12,Completed,TXN-11032-11032
11033,11033,2025-05-09 01:02:21,Credit Card,2328.86,Completed,TXN-11033-11033
11034,11034,2025-11-14 14:30:00,Bank Transfer,430.5,Completed,TXN-11034-11034
11035,11035,2025-08-23 18:55:17,PayPal,480.22,Completed,TXN-11035-11035
11036,11036,2024-12-10 08:47:22,PayPal,451.83,Completed,TXN-11036-11036
11037,11037,2026-08-01 21:45:08,Bank Transfer,1056.07,Completed,TXN-11037-11037
11038,11038,2024-03-23 08:39:31,Cash on Delivery,935.97,Failed,
11039,11039,2026-08-28 02:19:15,Debit Card,1725.01,Completed,TXN-11039-11039
11040,11040,2024-06-21 04:36:43,Cash on Delivery,529.62,Completed,TXN-11040-11040
11041,11041,2026-05-14 14:18:33,Cash on Delivery,1474.06,Pending,
11042,11042,2026-05-09 05:11:33,Bank Transfer,1373.48,Completed,TXN-11042-11042
11043,11043,2024-06-29 21:23:30,PayPal,1997.18,Completed,TXN-11043-11043
11044,11044,2026-08-25 10:40:19,Credit Card,1227.63,Completed,TXN-11044-11044
11045,11045,2023-11-30 16:55:02,Debit Card,3078.97,Completed,TXN-11045-11045
11046,11046,2025-10-30 05:11:42,Debit Card,6452.42,Completed,TXN-11046-11046
11047,11047,2026-03-30 06:37:03,Cash on Delivery,1939.4,Completed,TXN-11047-11047
11048,11048,2026-03-04 22:54:06,Cash on Delivery,944.8,Completed,TXN-11048-11048
11049,11049,2025-07-06 06:14:23,Bank Transfer,3969.88,Completed,TXN-11049-11049
11050,11050,2026-06-20 23:13:15,Credit Card,1916.42,Completed,TXN-11050-11050
11051,11051,2025-06-11 07:20:49,Debit Card,775.09,Completed,TXN-11051-11051
11052,11052,2026-01-19 17:39:45,Bank Transfer,567.58,Completed,TXN-11052-11052
11053,11053,2025-01-04 14:41:34,Cash on Delivery,2917.44,Completed,TXN-11053-11053
11054,11054,2026-07-20 21:37:46,Debit Card,3596.81,Completed,TXN-11054-11054
11055,11055,2026-04-25 01:52:45,Bank Transfer,3258.58,Pending,
11056,11056,2025-08-15 20:33:07,Credit Card,2283.72,Completed,TXN-11056-11056
11057,11057,2026-04-17 08:36:21,Credit Card,1127.05,Completed,TXN-11057-11057
11058,11058,2026-08-31 11:01:59,Debit Card,1590.69,Refunded,TXN-11058-11058
11059,11059,2025-11-08 20:28:30,Bank Transfer,1581.0,Completed,TXN-11059-11059
11060,11060,2025-02-06 07:57:02,PayPal,3541.75,Completed,TXN-11060-11060
11061,11061,2026-07-28 13:07:56,Debit Card,2038.43,Failed,
11062,11062,2026-07-02 01:05:26,Debit Card,3545.38,Completed,TXN-11062-11062
11063,11063,2025-12-09 00:20:55,Cash on Delivery,4476.62,Failed,
11064,11064,2026-01-13 06:45:27,Bank Transfer,959.62,Completed,TXN-11064-11064
11065,11065,2026-03-05 19:02:02,Debit Card,1044.07,Completed,TXN-11065-11065
11066,11066,2026-02-10 02:45:06,Credit Card,3072.67,Completed,TXN-11066-11066
11067,11067,2026-08-05 12:39:17,Bank Transfer,5081.7,Completed,TXN-11067-11067
11068,11068,2025-10-05 18:48:25,Cash on Delivery,1955.79,Completed,TXN-11068-11068
11069,11069,2024-07-15 23:16:55,Bank Transfer,2641.83,Completed,TXN-11069-11069
11070,11070,2026-07-29 10:22:24,Cash on Delivery,7183.15,Pending,
11071,11071,2025-01-29 04:42:39,PayPal,1871.94,Completed,TXN-11071-11071
11072,11072,2025-08-12 23:25:34,Cash on Delivery,4842.91,Failed,
11073,11073,2025-09-04 09:59:25,Debit Card,775.96,Completed,TXN-11073-11073
11074,11074,2026-08-26 16:36:49,Bank Transfer,1543.07,Completed,TXN-11074-11074
11075,11075,2026-04-29 15:38:35,PayPal,4004.05,Completed,TXN-11075-11075
11076,11076,2026-08-19 01:20:37,Bank Transfer,1599.37,Completed,TXN-11076-11076
11077,11077,2026-01-28 06:58:57,Debit Card,1836.29,Completed,TXN-11077-11077
11078,11078,2026-01-02 07:51:53,Bank Transfer,1909.76,Completed,TXN-11078-11078
11079,11079,2026-08-16 20:55:31,Credit Card,1020.52,Pending,
11080,11080,2025-12-27 17:10:21,PayPal,1772.25,Refunded,TXN-11080-11080
11081,11081,2026-05-04 07:00:50,PayPal,6327.52,Pending,
11082,11082,2025-11-04 13:25:38,Credit Card,1708.79,Completed,TXN-11082-11082
11083,11083,2025-09-17 00:44:10,Credit Card,1916.95,Completed,TXN-11083-11083
11084,11084,2026-01-21 14:44:09,Bank Transfer,2024.41,Completed,TXN-11084-11084
11085,11085,2025-07-12 09:09:48,PayPal,994.18,Completed,TXN-11085-11085
11086,11086,2024-07-07 12:18:30,Cash on Delivery,202.6,Completed,TXN-11086-11086
11087,11087,2025-01-17 00:02:48,Bank Transfer,1354.21,Completed,TXN-11087-11087
11088,11088,2026-04-16 13:17:05,Cash on Delivery,217.62,Pending,
11089,11089,2026-03-02 00:34:52,PayPal,2346.74,Completed,TXN-11089-11089
11090,11090,2025-07-20 18:19:51,Debit Card,5068.95,Refunded,TXN-11090-11090
11091,11091,2025-11-29 00:03:02,Credit Card,557.91,Completed,TXN-11091-11091
11092,11092,2024-11-09 14:14:12,Bank Transfer,679.46,Completed,TXN-11092-11092
11093,11093,2024-11-23 08:17:13,PayPal,2168.28,Completed,TXN-11093-11093
11094,11094,2025-10-10 17:04:38,Cash on Delivery,2010.52,Completed,TXN-11094-11094
11095,11095,2026-07-27 17:24:58,Cash on Delivery,249.31,Completed,TXN-11095-11095
11096,11096,2024-02-21 12:25:39,Debit Card,4713.05,Pending,
11097,11097,2026-06-06 11:04:07,Cash on Delivery,1653.6,Completed,TXN-11097-11097
11098,11098,2026-04-20 15:18:19,Debit Card,2337.69,Completed,TXN-11098-11098
11099,11099,2024-07-24 13:10:34,Bank Transfer,2422.85,Completed,TXN-11099-11099
11100,11100,2026-03-17 16:26:39,Debit Card,1691.8,Completed,TXN-11100-11100
11101,11101,2024-04-06 11:01:00,Debit Card,3109.16,Completed,TXN-11101-11101
11102,11102,2026-05-24 03:05:28,Credit Card,1807.52,Completed,TXN-11102-11102
11103,11103,2024-05-01 10:49:24,Credit Card,1979.32,Completed,TXN-11103-11103
11104,11104,2024-10-10 04:23:25,PayPal,1897.23,Completed,TXN-11104-11104
11105,11105,2024-08-03 04:56:47,Credit Card,2646.3,Completed,TXN-11105-11105
11106,11106,2024-12-04 01:45:43,Cash on Delivery,916.31,Completed,TXN-11106-11106
11107,11107,2025-05-29 00:26:31,Debit Card,1084.78,Completed,TXN-11107-11107
11108,11108,2025-01-29 18:00:21,PayPal,2186.99,Completed,TXN-11108-11108
11109,11109,2025-07-29 09:01:54,Debit Card,633.08,Failed,
11110,11110,2025-11-22 10:59:47,Debit Card,881.42,Completed,TXN-11110-11110
11111,11111,2025-07-11 14:00:19,Cash on Delivery,305.76,Completed,TXN-11111-11111
11112,11112,2025-10-15 18:18:49,Cash on Delivery,1689.04,Completed,TXN-11112-11112
11113,11113,2026-07-05 00:22:36,PayPal,2153.2,Completed,TXN-11113-11113
11114,11114,2026-06-20 08:12:28,Cash on Delivery,889.97,Completed,TXN-11114-11114
11115,11115,2026-06-24 16:20:46,PayPal,272.67,Completed,TXN-11115-11115
11116,11116,2026-03-30 22:16:54,Bank Transfer,163.93,Completed,TXN-11116-11116
11117,11117,2026-04-15 08:59:54,Bank Transfer,2940.33,Completed,TXN-11117-11117
11118,11118,2025-11-04 06:02:59,Cash on Delivery,3816.05,Completed,TXN-11118-11118
11119,11119,2023-12-22 16:22:26,PayPal,1858.94,Completed,TXN-11119-11119
11120,11120,2024-10-21 08:02:19,Credit Card,1384.08,Completed,TXN-11120-11120
11121,11121,2025-12-26 19:57:25,Credit Card,521.7,Completed,TXN-11121-11121
11122,11122,2026-01-14 00:58:24,PayPal,1110.32,Completed,TXN-11122-11122
11123,11123,2026-03-28 18:30:27,Debit Card,844.93,Completed,TXN-11123-11123
11124,11124,2026-01-09 19:52:32,Credit Card,341.98,Completed,TXN-11124-11124
11125,11125,2024-11-05 08:45:14,Bank Transfer,1871.94,Completed,TXN-11125-11125
11126,11126,2024-09-08 22:19:07,Cash on Delivery,4308.89,Completed,TXN-11126-11126
11127,11127,2026-08-23 16:19:00,PayPal,1652.47,Completed,TXN-11127-11127
11128,11128,2025-06-07 22:59:38,Debit Card,854.22,Completed,TXN-11128-11128
11129,11129,2025-12-26 19:38:28,Cash on Delivery,4277.16,Completed,TXN-11129-11129
11130,11130,2026-06-04 02:37:54,PayPal,34.19,Completed,TXN-11130-11130
11131,11131,2025-12-26 15:29:19,Debit Card,5845.85,Completed,TXN-11131-11131
11132,11132,2025-08-24 03:43:48,PayPal,378.51,Failed,
11133,11133,2025-12-09 08:37:28,Debit Card,716.96,Completed,TXN-11133-11133
11134,11134,2026-01-08 16:38:59,Cash on Delivery,2381.89,Completed,TXN-11134-11134
11135,11135,2026-07-29 19:22:20,Credit Card,3004.06,Completed,TXN-11135-11135
11136,11136,2026-05-09 14:20:25,Cash on Delivery,1903.44,Pending,
11137,11137,2025-12-10 06:03:09,Cash on Delivery,3157.68,Completed,TXN-11137-11137
11138,11138,2026-06-03 16:15:51,Debit Card,2134.03,Completed,TXN-11138-11138
11139,11139,2026-09-01 15:11:09,PayPal,1482.68,Failed,
11140,11140,2024-10-14 13:35:06,Credit Card,3061.56,Completed,TXN-11140-11140
11141,11141,2026-06-21 10:49:04,PayPal,3538.02,Completed,TXN-11141-11141
11142,11142,2025-04-03 22:13:42,Debit Card,494.35,Completed,TXN-11142-11142
11143,11143,2026-01-29 00:28:57,Cash on Delivery,1084.78,Completed,TXN-11143-11143
11144,11144,2026-07-30 13:47:28,Bank Transfer,2877.81,Completed,TXN-11144-11144
11145,11145,2026-01-31 21:08:49,Credit Card,7116.38,Completed,TXN-11145-11145
11146,11146,2024-08-05 20:56:20,Cash on Delivery,1250.18,Completed,TXN-11146-11146
11147,11147,2026-04-06 06:27:22,Credit Card,2712.18,Completed,TXN-11147-11147
11148,11148,2025-09-29 03:36:11,Credit Card,3734.06,Completed,TXN-11148-11148
11149,11149,2025-09-05 14:24:16,Cash on Delivery,3595.26,Completed,TXN-11149-11149
11150,11150,2025-01-20 10:59:46,Credit Card,802.35,Completed,TXN-11150-11150
11151,11151,2024-12-21 22:28:16,Bank Transfer,2642.63,Pending,
11152,11152,2025-01-18 14:35:21,Cash on Delivery,2629.23,Failed,
11153,11153,2024-09-20 16:40:18,Debit Card,1016.34,Completed,TXN-11153-11153
11154,11154,2026-07-18 07:46:22,Bank Transfer,542.39,Completed,TXN-11154-11154
11155,11155,2026-07-01 09:43:16,Cash on Delivery,683.06,Completed,TXN-11155-11155
11156,11156,2026-05-26 04:11:28,PayPal,34.19,Completed,TXN-11156-11156
11157,11157,2024-08-28 13:00:55,PayPal,1151.77,Completed,TXN-11157-11157
11158,11158,2025-12-07 05:50:04,Credit Card,1591.25,Completed,TXN-11158-11158
11159,11159,2026-06-29 14:58:27,Cash on Delivery,3392.8,Completed,TXN-11159-11159
11160,11160,2024-07-23 08:57:09,Debit Card,145.4,Refunded,TXN-11160-11160
11161,11161,2026-06-13 17:53:55,Bank Transfer,1578.14,Completed,TXN-11161-11161
11162,11162,2026-08-11 17:37:19,Credit Card,1850.4,Completed,TXN-11162-11162
11163,11163,2025-08-01 08:12:51,Cash on Delivery,1147.32,Completed,TXN-11163-11163
11164,11164,2025-11-18 21:17:13,Cash on Delivery,2555.73,Pending,
11165,11165,2024-10-01 03:20:23,Debit Card,522.42,Completed,TXN-11165-11165
11166,11166,2026-08-30 07:04:58,PayPal,2561.53,Completed,TXN-11166-11166
11167,11167,2026-08-10 14:53:25,Credit Card,1894.86,Completed,TXN-11167-11167
11168,11168,2025-12-09 20:48:11,Bank Transfer,810.4,Completed,TXN-11168-11168
11169,11169,2026-08-02 02:19:09,Bank Transfer,530.01,Completed,TXN-11169-11169
11170,11170,2025-10-02 16:41:06,Cash on Delivery,727.66,Completed,TXN-11170-11170
11171,11171,2025-07-15 21:48:15,Credit Card,1818.4,Completed,TXN-11171-11171
11172,11172,2026-03-28 03:02:29,Credit Card,785.87,Pending,
11173,11173,2026-05-30 11:28:49,PayPal,1513.33,Completed,TXN-11173-11173
11174,11174,2025-01-17 09:55:50,Bank Transfer,1940.99,Completed,TXN-11174-11174
11175,11175,2025-05-14 07:36:04,Cash on Delivery,6250.88,Completed,TXN-11175-11175
11176,11176,2025-08-06 23:27:40,Bank Transfer,4724.69,Completed,TXN-11176-11176
11177,11177,2026-06-15 16:27:41,PayPal,1212.7,Completed,TXN-11177-11177
11178,11178,2026-06-08 14:34:45,Bank Transfer,1263.24,Completed,TXN-11178-11178
11179,11179,2025-08-02 07:04:17,Credit Card,1918.63,Failed,
11180,11180,2026-01-23 13:17:56,PayPal,236.54,Completed,TXN-11180-11180
11181,11181,2025-07-09 10:23:32,Bank Transfer,3658.44,Failed,
11182,11182,2026-05-18 04:15:17,Bank Transfer,473.08,Completed,TXN-11182-11182
11183,11183,2025-08-31 04:54:19,Debit Card,1802.25,Completed,TXN-11183-11183
11184,11184,2025-05-22 20:39:22,Debit Card,4601.63,Failed,
11185,11185,2026-07-10 14:24:05,PayPal,1017.24,Completed,TXN-11185-11185
11186,11186,2025-12-24 14:54:49,Debit Card,2801.1,Completed,TXN-11186-11186
11187,11187,2026-02-18 15:11:14,Cash on Delivery,643.08,Completed,TXN-11187-11187
11188,11188,2024-11-23 08:53:19,Bank Transfer,1106.84,Completed,TXN-11188-11188
11189,11189,2026-03-25 01:05:24,Debit Card,597.45,Completed,TXN-11189-11189
11190,11190,2026-04-18 17:52:01,Credit Card,2032.68,Failed,
11191,11191,2024-09-10 17:23:56,PayPal,2076.53,Completed,TXN-11191-11191
11192,11192,2025-07-07 07:44:32,Cash on Delivery,3085.51,Pending,
11193,11193,2026-07-31 18:25:09,Credit Card,3347.22,Completed,TXN-11193-11193
11194,11194,2026-08-18 04:08:02,Debit Card,1988.36,Completed,TXN-11194-11194
11195,11195,2025-08-04 09:41:33,Bank Transfer,711.21,Pending,
11196,11196,2026-03-27 11:26:04,Debit Card,3703.07,Completed,TXN-11196-11196
11197,11197,2026-05-28 17:21:50,PayPal,6372.51,Completed,TXN-11197-11197
11198,11198,2026-07-23 01:34:34,Debit Card,3363.93,Completed,TXN-11198-11198
11199,11199,2024-07-27 15:58:53,Bank Transfer,176.54,Completed,TXN-11199-11199
11200,11200,2026-07-16 10:45:12,Bank Transfer,1017.94,Completed,TXN-11200-11200
11201,11201,2026-08-10 11:36:41,Credit Card,2876.84,Pending,
11202,11202,2025-03-15 05:57:08,Bank Transfer,1135.15,Completed,TXN-11202-11202
11203,11203,2026-07-18 17:08:09,Cash on Delivery,2526.18,Completed,TXN-11203-11203
11204,11204,2025-06-26 07:30:09,Bank Transfer,5686.01,Completed,TXN-11204-11204
11205,11205,2026-08-03 15:34:34,Cash on Delivery,919.63,Completed,TXN-11205-11205
11206,11206,2026-06-02 03:20:07,Credit Card,758.76,Refunded,TXN-11206-11206
11207,11207,2024-08-05 03:30:50,Bank Transfer,3120.08,Completed,TXN-11207-11207
11208,11208,2026-07-09 08:23:53,Debit Card,3503.36,Completed,TXN-11208-11208
11209,11209,2026-06-11 12:05:28,Bank Transfer,2569.78,Completed,TXN-11209-11209
11210,11210,2026-04-29 08:43:27,Bank Transfer,5697.88,Completed,TXN-11210-11210
11211,11211,2026-03-27 08:14:57,Cash on Delivery,879.71,Completed,TXN-11211-11211
11212,11212,2026-08-10 15:34:49,Bank Transfer,916.31,Completed,TXN-11212-11212
11213,11213,2026-05-15 18:47:36,Credit Card,2371.74,Failed,
11214,11214,2025-08-27 01:47:17,Credit Card,2715.72,Completed,TXN-11214-11214
11215,11215,2024-06-17 20:48:27,Debit Card,643.08,Completed,TXN-11215-11215
11216,11216,2024-12-14 03:32:56,Cash on Delivery,2965.82,Completed,TXN-11216-11216
11217,11217,2026-08-08 19:46:39,PayPal,2215.02,Failed,
11218,11218,2025-09-07 14:53:03,Credit Card,7290.7,Completed,TXN-11218-11218
11219,11219,2025-09-04 12:22:03,Credit Card,1471.44,Completed,TXN-11219-11219
11220,11220,2026-08-22 08:30:18,PayPal,1639.93,Completed,TXN-11220-11220
11221,11221,2024-10-25 06:06:47,Bank Transfer,132.89,Completed,TXN-11221-11221
11222,11222,2026-08-20 01:38:48,Bank Transfer,2418.03,Completed,TXN-11222-11222
11223,11223,2026-06-18 21:33:45,Cash on Delivery,1625.89,Completed,TXN-11223-11223
11224,11224,2025-10-17 07:29:02,Debit Card,3957.58,Pending,
11225,11225,2026-08-22 11:29:04,PayPal,1797.21,Completed,TXN-11225-11225
11226,11226,2026-07-04 16:05:07,Cash on Delivery,2013.88,Completed,TXN-11226-11226
11227,11227,2025-05-28 15:46:45,Credit Card,2205.26,Completed,TXN-11227-11227
11228,11228,2025-09-05 08:18:25,Bank Transfer,1831.03,Pending,
11229,11229,2026-03-21 18:44:33,PayPal,298.0,Failed,
11230,11230,2024-03-12 20:57:15,Debit Card,3606.93,Completed,TXN-11230-11230
11231,11231,2025-03-18 07:13:41,Credit Card,931.69,Completed,TXN-11231-11231
11232,11232,2026-03-31 14:12:24,Credit Card,3896.42,Completed,TXN-11232-11232
11233,11233,2026-05-20 04:15:41,Bank Transfer,3765.81,Pending,
11234,11234,2025-10-24 15:35:57,Bank Transfer,2564.27,Completed,TXN-11234-11234
11235,11235,2024-11-30 01:15:39,Bank Transfer,6459.68,Completed,TXN-11235-11235
11236,11236,2026-03-12 02:13:39,Debit Card,2129.78,Completed,TXN-11236-11236
11237,11237,2025-11-30 19:44:38,Credit Card,658.15,Completed,TXN-11237-11237
11238,11238,2025-10-31 16:10:13,PayPal,1354.1,Completed,TXN-11238-11238
11239,11239,2025-12-26 12:24:49,PayPal,1269.02,Completed,TXN-11239-11239
11240,11240,2026-08-15 07:39:44,Credit Card,659.54,Completed,TXN-11240-11240
11241,11241,2026-02-23 17:08:34,PayPal,358.48,Refunded,TXN-11241-11241
11242,11242,2026-03-01 23:12:43,PayPal,2065.4,Completed,TXN-11242-11242
11243,11243,2025-09-22 06:42:34,Debit Card,1425.13,Pending,
11244,11244,2024-09-28 04:29:38,Bank Transfer,126.65,Completed,TXN-11244-11244
11245,11245,2025-02-24 22:13:29,Credit Card,597.45,Completed,TXN-11245-11245
11246,11246,2026-08-29 23:11:26,Credit Card,2059.74,Completed,TXN-11246-11246
11247,11247,2026-08-12 10:43:17,Credit Card,477.96,Completed,TXN-11247-11247
11248,11248,2026-08-24 03:23:53,Bank Transfer,4560.62,Completed,TXN-11248-11248
11249,11249,2026-06-08 17:11:24,Bank Transfer,1902.88,Completed,TXN-11249-11249
11250,11250,2025-06-20 03:47:33,Cash on Delivery,628.11,Completed,TXN-11250-11250
11251,11251,2026-08-04 00:26:00,Cash on Delivery,1316.19,Completed,TXN-11251-11251
11252,11252,2026-02-25 20:09:37,Bank Transfer,653.31,Completed,TXN-11252-11252
11253,11253,2026-03-30 20:02:32,Cash on Delivery,3448.83,Completed,TXN-11253-11253
11254,11254,2026-04-22 09:22:16,Credit Card,6273.44,Completed,TXN-11254-11254
11255,11255,2026-07-25 00:42:53,Credit Card,1954.58,Completed,TXN-11255-11255
11256,11256,2026-03-01 22:40:12,PayPal,1231.65,Completed,TXN-11256-11256
11257,11257,2026-07-07 08:04:37,PayPal,6185.9,Completed,TXN-11257-11257
11258,11258,2026-08-24 19:36:20,PayPal,119.2,Completed,TXN-11258-11258
11259,11259,2026-01-13 14:38:41,Bank Transfer,658.38,Refunded,TXN-11259-11259
11260,11260,2025-04-21 07:34:22,Credit Card,1605.59,Completed,TXN-11260-11260
11261,11261,2026-04-06 12:18:08,PayPal,851.91,Completed,TXN-11261-11261
11262,11262,2025-08-25 11:37:28,Debit Card,1666.56,Completed,TXN-11262-11262
11263,11263,2026-08-13 19:17:19,Debit Card,2583.13,Failed,
11264,11264,2025-03-12 10:48:12,Debit Card,2677.6,Pending,
11265,11265,2026-03-15 15:30:40,Bank Transfer,3430.06,Completed,TXN-11265-11265
11266,11266,2025-05-14 06:17:43,Credit Card,865.93,Completed,TXN-11266-11266
11267,11267,2025-11-16 10:14:36,Cash on Delivery,7041.96,Completed,TXN-11267-11267
11268,11268,2026-08-06 08:22:22,Debit Card,2256.26,Completed,TXN-11268-11268
11269,11269,2026-08-09 17:10:06,PayPal,3654.44,Completed,TXN-11269-11269
11270,11270,2024-10-26 21:16:05,Credit Card,913.84,Completed,TXN-11270-11270
11271,11271,2026-03-05 03:37:31,PayPal,1016.34,Completed,TXN-11271-11271
11272,11272,2024-11-12 22:48:10,Debit Card,1154.92,Pending,
11273,11273,2025-09-16 15:48:29,Bank Transfer,1383.38,Completed,TXN-11273-11273
11274,11274,2025-10-08 02:37:21,Debit Card,2838.61,Completed,TXN-11274-11274
11275,11275,2025-09-20 00:57:03,PayPal,847.78,Completed,TXN-11275-11275
11276,11276,2026-08-24 18:11:23,Bank Transfer,2633.84,Completed,TXN-11276-11276
11277,11277,2024-12-26 21:06:56,Cash on Delivery,2476.11,Completed,TXN-11277-11277
11278,11278,2026-08-11 23:30:55,Credit Card,5862.53,Completed,TXN-11278-11278
11279,11279,2025-03-09 08:53:34,PayPal,2483.95,Completed,TXN-11279-11279
11280,11280,2025-10-30 23:17:41,Bank Transfer,204.66,Completed,TXN-11280-11280
11281,11281,2026-04-14 22:36:08,Debit Card,4513.36,Completed,TXN-11281-11281
11282,11282,2026-02-13 22:40:10,Bank Transfer,230.25,Completed,TXN-11282-11282
11283,11283,2026-04-26 20:12:33,PayPal,1153.8,Completed,TXN-11283-11283
11284,11284,2026-01-15 12:24:50,Credit Card,3353.79,Completed,TXN-11284-11284
11285,11285,2025-12-30 22:46:03,Cash on Delivery,3302.99,Completed,TXN-11285-11285
11286,11286,2026-04-27 15:12:06,Debit Card,1108.32,Completed,TXN-11286-11286
11287,11287,2026-08-22 08:29:12,PayPal,1935.53,Completed,TXN-11287-11287
11288,11288,2026-05-27 16:19:48,Credit Card,173.9,Failed,
11289,11289,2026-08-10 15:35:45,Credit Card,102.57,Completed,TXN-11289-11289
11290,11290,2025-06-13 06:54:57,Cash on Delivery,3272.35,Completed,TXN-11290-11290
11291,11291,2025-07-19 16:17:26,PayPal,684.3,Completed,TXN-11291-11291
11292,11292,2026-04-26 16:03:43,Credit Card,320.79,Pending,
11293,11293,2026-04-09 12:25:26,Bank Transfer,2508.83,Completed,TXN-11293-11293
11294,11294,2025-08-27 21:41:41,Debit Card,3075.22,Completed,TXN-11294-11294
11295,11295,2026-03-25 01:47:39,Credit Card,5300.5,Completed,TXN-11295-11295
11296,11296,2026-07-12 11:21:31,Cash on Delivery,4845.53,Refunded,TXN-11296-11296
11297,11297,2025-06-14 17:00:14,PayPal,1861.88,Completed,TXN-11297-11297
11298,11298,2026-01-27 13:29:16,Cash on Delivery,3646.27,Completed,TXN-11298-11298
11299,11299,2025-09-19 13:18:54,Bank Transfer,1574.73,Completed,TXN-11299-11299
11300,11300,2026-08-08 05:07:29,Cash on Delivery,1182.73,Completed,TXN-11300-11300
11301,11301,2025-03-01 17:24:57,PayPal,920.83,Completed,TXN-11301-11301
11302,11302,2025-06-05 06:38:41,Cash on Delivery,1583.18,Completed,TXN-11302-11302
11303,11303,2026-07-12 18:34:24,Credit Card,716.96,Completed,TXN-11303-11303
11304,11304,2026-06-22 19:42:00,Credit Card,5683.35,Completed,TXN-11304-11304
11305,11305,2024-05-04 12:12:07,Credit Card,1335.07,Completed,TXN-11305-11305
11306,11306,2026-04-30 16:37:20,Credit Card,2285.73,Pending,
11307,11307,2026-05-19 03:41:09,Cash on Delivery,2322.69,Completed,TXN-11307-11307
11308,11308,2025-09-20 02:57:50,Credit Card,3175.11,Failed,
11309,11309,2026-03-04 08:30:08,PayPal,3350.96,Completed,TXN-11309-11309
11310,11310,2025-03-30 04:52:32,Credit Card,4252.12,Completed,TXN-11310-11310
11311,11311,2024-09-30 17:56:23,Cash on Delivery,1487.96,Completed,TXN-11311-11311
11312,11312,2025-06-15 17:16:04,Credit Card,2526.99,Failed,
11313,11313,2026-08-01 20:12:02,Cash on Delivery,810.4,Completed,TXN-11313-11313
11314,11314,2026-04-18 02:36:54,Debit Card,930.25,Completed,TXN-11314-11314
11315,11315,2026-07-21 07:23:07,Bank Transfer,2048.2,Completed,TXN-11315-11315
11316,11316,2026-08-05 04:48:25,PayPal,1040.74,Completed,TXN-11316-11316
11317,11317,2026-06-15 05:24:04,Cash on Delivery,976.38,Completed,TXN-11317-11317
11318,11318,2026-01-21 13:41:55,Bank Transfer,2428.25,Completed,TXN-11318-11318
11319,11319,2024-08-11 06:16:58,Cash on Delivery,1735.14,Refunded,TXN-11319-11319
11320,11320,2026-04-01 01:29:33,Credit Card,1272.12,Completed,TXN-11320-11320
11321,11321,2025-12-29 00:25:15,Debit Card,1708.44,Completed,TXN-11321-11321
11322,11322,2024-08-04 19:19:54,Debit Card,1250.48,Completed,TXN-11322-11322
11323,11323,2024-11-10 06:24:47,PayPal,3635.89,Completed,TXN-11323-11323
11324,11324,2026-02-14 19:03:50,PayPal,2976.87,Completed,TXN-11324-11324
11325,11325,2026-03-31 01:09:54,Debit Card,2430.11,Completed,TXN-11325-11325
11326,11326,2026-03-25 03:11:21,Credit Card,2892.46,Completed,TXN-11326-11326
11327,11327,2025-05-23 19:40:52,Cash on Delivery,2308.44,Completed,TXN-11327-11327
11328,11328,2026-06-21 14:12:06,Debit Card,1831.69,Completed,TXN-11328-11328
11329,11329,2026-01-18 00:26:02,Bank Transfer,2148.38,Completed,TXN-11329-11329
11330,11330,2026-08-05 13:59:01,Bank Transfer,3580.64,Completed,TXN-11330-11330
11331,11331,2025-02-27 03:59:25,Debit Card,411.02,Completed,TXN-11331-11331
11332,11332,2025-12-12 19:51:35,Cash on Delivery,808.16,Completed,TXN-11332-11332
11333,11333,2026-06-29 17:12:35,Cash on Delivery,2675.32,Completed,TXN-11333-11333
11334,11334,2026-03-10 18:37:26,Bank Transfer,1165.15,Completed,TXN-11334-11334
11335,11335,2026-06-09 23:34:30,Bank Transfer,1179.94,Completed,TXN-11335-11335
11336,11336,2025-03-09 04:34:18,Bank Transfer,1115.82,Completed,TXN-11336-11336
11337,11337,2025-01-17 23:43:18,Bank Transfer,685.36,Completed,TXN-11337-11337
11338,11338,2026-01-10 18:47:48,Credit Card,2295.79,Completed,TXN-11338-11338
11339,11339,2024-10-31 11:53:50,Bank Transfer,4436.61,Completed,TXN-11339-11339
11340,11340,2026-08-16 04:05:26,Debit Card,3546.77,Completed,TXN-11340-11340
11341,11341,2026-04-06 15:17:38,Debit Card,3611.34,Refunded,TXN-11341-11341
11342,11342,2025-01-15 18:29:57,PayPal,2502.73,Completed,TXN-11342-11342
11343,11343,2026-05-08 08:55:51,Credit Card,2199.2,Completed,TXN-11343-11343
11344,11344,2024-09-22 18:34:21,Debit Card,747.51,Completed,TXN-11344-11344
11345,11345,2025-10-16 08:53:49,PayPal,774.23,Completed,TXN-11345-11345
11346,11346,2024-12-02 01:35:09,Cash on Delivery,1544.93,Completed,TXN-11346-11346
11347,11347,2026-05-11 14:33:15,PayPal,2061.94,Completed,TXN-11347-11347
11348,11348,2026-07-08 01:35:08,Bank Transfer,398.67,Completed,TXN-11348-11348
11349,11349,2026-05-14 19:44:14,Debit Card,748.85,Completed,TXN-11349-11349
11350,11350,2025-11-14 13:21:53,Debit Card,4938.02,Completed,TXN-11350-11350
11351,11351,2025-01-31 19:42:40,Bank Transfer,447.27,Completed,TXN-11351-11351
11352,11352,2025-08-04 01:02:00,PayPal,591.15,Completed,TXN-11352-11352
11353,11353,2026-02-15 01:24:56,PayPal,1009.52,Completed,TXN-11353-11353
11354,11354,2026-07-14 21:51:50,Credit Card,2473.14,Completed,TXN-11354-11354
11355,11355,2025-10-30 04:37:16,Credit Card,631.62,Completed,TXN-11355-11355
11356,11356,2026-06-15 01:49:35,Bank Transfer,2081.37,Completed,TXN-11356-11356
11357,11357,2025-08-04 15:11:24,PayPal,2300.88,Completed,TXN-11357-11357
11358,11358,2026-04-13 02:38:54,PayPal,1310.94,Pending,
11359,11359,2025-03-06 02:00:33,PayPal,3264.6,Completed,TXN-11359-11359
11360,11360,2026-07-26 00:03:02,Bank Transfer,459.02,Completed,TXN-11360-11360
11361,11361,2025-07-28 20:49:01,Debit Card,973.78,Completed,TXN-11361-11361
11362,11362,2025-11-10 22:22:03,Cash on Delivery,2631.61,Pending,
11363,11363,2025-10-29 20:51:04,Bank Transfer,2041.04,Completed,TXN-11363-11363
11364,11364,2026-04-14 10:26:39,Debit Card,3625.57,Completed,TXN-11364-11364
11365,11365,2026-07-02 18:56:18,Debit Card,2093.28,Completed,TXN-11365-11365
11366,11366,2026-05-06 02:41:02,Bank Transfer,1963.3,Completed,TXN-11366-11366
11367,11367,2025-03-31 05:54:57,Debit Card,158.89,Completed,TXN-11367-11367
11368,11368,2025-12-06 05:40:01,PayPal,224.71,Pending,
11369,11369,2026-01-23 19:21:20,Cash on Delivery,1153.92,Completed,TXN-11369-11369
11370,11370,2026-07-21 12:28:39,Credit Card,532.42,Completed,TXN-11370-11370
11371,11371,2026-06-24 11:27:31,Cash on Delivery,1058.97,Completed,TXN-11371-11371
11372,11372,2026-08-09 11:59:16,Credit Card,941.97,Completed,TXN-11372-11372
11373,11373,2026-08-30 20:33:08,Debit Card,4587.28,Completed,TXN-11373-11373
11374,11374,2024-11-27 13:49:32,Bank Transfer,2625.24,Completed,TXN-11374-11374
11375,11375,2025-09-04 20:34:03,PayPal,1443.13,Completed,TXN-11375-11375
11376,11376,2025-01-03 23:24:40,Debit Card,405.2,Completed,TXN-11376-11376
11377,11377,2025-11-27 18:33:34,Credit Card,1742.5,Completed,TXN-11377-11377
11378,11378,2026-05-10 05:16:49,Debit Card,2225.57,Completed,TXN-11378-11378
11379,11379,2026-08-23 00:10:36,Cash on Delivery,353.08,Refunded,TXN-11379-11379
11380,11380,2026-06-25 23:41:42,Credit Card,2028.86,Completed,TXN-11380-11380
11381,11381,2026-08-21 22:15:50,Debit Card,944.47,Pending,
11382,11382,2025-04-03 20:37:03,PayPal,874.96,Pending,
11383,11383,2026-02-18 03:42:43,Credit Card,2484.62,Completed,TXN-11383-11383
11384,11384,2024-12-14 17:29:45,Credit Card,1194.3,Completed,TXN-11384-11384
11385,11385,2026-03-27 14:15:32,Debit Card,1384.04,Completed,TXN-11385-11385
11386,11386,2024-10-24 17:34:09,Credit Card,2454.6,Completed,TXN-11386-11386
11387,11387,2025-01-21 05:26:43,Bank Transfer,648.38,Completed,TXN-11387-11387
11388,11388,2026-08-09 21:04:53,Bank Transfer,4517.3,Completed,TXN-11388-11388
11389,11389,2026-05-30 09:09:53,PayPal,326.42,Completed,TXN-11389-11389
11390,11390,2025-06-29 03:46:10,Cash on Delivery,2818.45,Completed,TXN-11390-11390
11391,11391,2025-02-06 13:52:01,Debit Card,1209.68,Failed,
11392,11392,2026-05-21 13:51:57,Bank Transfer,744.2,Completed,TXN-11392-11392
11393,11393,2026-07-04 19:23:54,Bank Transfer,1092.15,Completed,TXN-11393-11393
11394,11394,2026-02-16 06:32:37,Debit Card,447.0,Completed,TXN-11394-11394
11395,11395,2026-07-13 03:26:34,Credit Card,2708.2,Completed,TXN-11395-11395
11396,11396,2026-08-12 11:21:02,PayPal,1944.84,Failed,
11397,11397,2025-11-23 20:00:48,Credit Card,854.76,Completed,TXN-11397-11397
11398,11398,2026-08-26 08:41:23,Bank Transfer,4541.68,Completed,TXN-11398-11398
11399,11399,2026-07-07 18:03:26,Cash on Delivery,813.79,Refunded,TXN-11399-11399
11400,11400,2024-08-05 20:13:38,Credit Card,6493.5,Completed,TXN-11400-11400
11401,11401,2026-06-27 11:32:24,Debit Card,4007.3,Completed,TXN-11401-11401
11402,11402,2025-11-16 05:31:28,PayPal,4565.92,Completed,TXN-11402-11402
11403,11403,2024-05-27 22:17:17,Debit Card,1357.88,Completed,TXN-11403-11403
11404,11404,2026-01-09 01:26:53,Cash on Delivery,3198.97,Completed,TXN-11404-11404
11405,11405,2024-02-06 19:14:19,Bank Transfer,3604.78,Completed,TXN-11405-11405
11406,11406,2026-03-28 16:09:37,PayPal,1178.9,Pending,
11407,11407,2025-08-14 13:50:03,PayPal,2107.97,Completed,TXN-11407-11407
11408,11408,2025-01-25 22:13:23,Cash on Delivery,1024.86,Pending,
11409,11409,2025-08-26 17:15:25,Bank Transfer,1469.59,Completed,TXN-11409-11409
11410,11410,2024-12-08 22:59:35,Credit Card,836.11,Pending,
11411,11411,2025-08-02 22:33:25,Credit Card,1176.66,Completed,TXN-11411-11411
11412,11412,2026-03-11 07:41:54,Credit Card,851.91,Completed,TXN-11412-11412
11413,11413,2026-07-26 23:13:30,Credit Card,1767.75,Completed,TXN-11413-11413
11414,11414,2026-05-02 21:11:54,Bank Transfer,2270.4,Pending,
11415,11415,2026-04-29 16:39:41,PayPal,405.13,Completed,TXN-11415-11415
11416,11416,2025-04-13 20:13:41,Bank Transfer,4564.03,Completed,TXN-11416-11416
11417,11417,2026-07-06 16:37:08,Cash on Delivery,1435.54,Completed,TXN-11417-11417
11418,11418,2026-08-06 16:52:31,Debit Card,1881.58,Completed,TXN-11418-11418
11419,11419,2026-05-12 22:34:04,Bank Transfer,1633.08,Completed,TXN-11419-11419
11420,11420,2025-03-16 02:03:10,PayPal,1908.65,Completed,TXN-11420-11420
11421,11421,2026-06-15 02:43:53,Cash on Delivery,1708.44,Completed,TXN-11421-11421
11422,11422,2025-02-21 20:43:00,Cash on Delivery,5592.91,Completed,TXN-11422-11422
11423,11423,2025-05-27 19:06:47,PayPal,3369.51,Pending,
11424,11424,2025-11-23 07:53:59,Debit Card,1973.08,Completed,TXN-11424-11424
11425,11425,2026-06-03 21:20:46,Bank Transfer,285.18,Completed,TXN-11425-11425
11426,11426,2026-07-03 18:12:01,Cash on Delivery,866.32,Completed,TXN-11426-11426
11427,11427,2026-04-24 04:00:27,PayPal,1475.62,Pending,
11428,11428,2026-04-04 22:47:19,Credit Card,583.61,Completed,TXN-11428-11428
11429,11429,2024-11-13 09:51:17,PayPal,3976.64,Completed,TXN-11429-11429
11430,11430,2026-06-11 01:28:02,Credit Card,677.11,Failed,
11431,11431,2026-06-22 08:23:02,Credit Card,1744.46,Completed,TXN-11431-11431
11432,11432,2026-02-09 09:20:03,Credit Card,932.57,Completed,TXN-11432-11432
11433,11433,2026-08-24 08:17:49,Cash on Delivery,4096.14,Completed,TXN-11433-11433
11434,11434,2026-06-19 23:17:31,Debit Card,2457.85,Completed,TXN-11434-11434
11435,11435,2024-11-16 10:01:49,Credit Card,72.7,Completed,TXN-11435-11435
11436,11436,2025-06-08 08:20:37,Cash on Delivery,1627.17,Completed,TXN-11436-11436
11437,11437,2025-05-04 21:30:29,Credit Card,2489.01,Completed,TXN-11437-11437
11438,11438,2025-06-01 01:12:14,Cash on Delivery,816.39,Completed,TXN-11438-11438
11439,11439,2026-01-15 22:57:27,Cash on Delivery,3843.87,Completed,TXN-11439-11439
11440,11440,2025-05-09 01:10:24,PayPal,5239.39,Completed,TXN-11440-11440
11441,11441,2024-09-21 02:12:59,PayPal,5142.93,Completed,TXN-11441-11441
11442,11442,2026-02-19 07:02:21,Bank Transfer,1321.47,Completed,TXN-11442-11442
11443,11443,2026-04-27 10:14:33,Cash on Delivery,1899.24,Completed,TXN-11443-11443
11444,11444,2025-11-24 21:14:41,Debit Card,2464.58,Completed,TXN-11444-11444
11445,11445,2026-06-27 08:51:17,PayPal,2221.14,Completed,TXN-11445-11445
11446,11446,2026-08-31 00:33:58,Cash on Delivery,600.04,Completed,TXN-11446-11446
11447,11447,2026-08-24 17:17:02,Credit Card,1780.27,Completed,TXN-11447-11447
11448,11448,2026-08-31 09:38:30,PayPal,86.42,Completed,TXN-11448-11448
11449,11449,2026-06-15 09:28:55,Debit Card,2840.02,Completed,TXN-11449-11449
11450,11450,2025-03-21 13:01:58,Debit Card,3667.23,Completed,TXN-11450-11450
11451,11451,2025-08-16 09:00:46,Debit Card,1028.37,Completed,TXN-11451-11451
11452,11452,2025-06-29 18:05:47,Credit Card,1127.43,Completed,TXN-11452-11452
11453,11453,2026-05-01 23:45:41,Cash on Delivery,1750.22,Completed,TXN-11453-11453
11454,11454,2026-07-08 05:51:58,Bank Transfer,594.34,Completed,TXN-11454-11454
11455,11455,2026-04-27 14:41:43,Debit Card,5834.19,Completed,TXN-11455-11455
11456,11456,2026-02-28 13:25:08,PayPal,900.88,Completed,TXN-11456-11456
11457,11457,2024-11-04 19:58:34,PayPal,6561.97,Completed,TXN-11457-11457
11458,11458,2025-02-20 03:27:05,Bank Transfer,1244.91,Completed,TXN-11458-11458
11459,11459,2025-09-07 01:39:44,PayPal,1070.32,Completed,TXN-11459-11459
11460,11460,2026-06-19 11:22:40,Credit Card,473.08,Completed,TXN-11460-11460
11461,11461,2026-08-20 17:42:21,Debit Card,604.84,Completed,TXN-11461-11461
11462,11462,2025-02-12 00:47:55,Credit Card,946.15,Completed,TXN-11462-11462
11463,11463,2026-06-18 09:15:53,Cash on Delivery,1888.14,Completed,TXN-11463-11463
11464,11464,2026-08-28 11:59:16,PayPal,2651.73,Pending,
11465,11465,2024-10-20 19:38:07,Bank Transfer,2386.56,Completed,TXN-11465-11465
11466,11466,2025-08-19 22:38:52,Bank Transfer,3822.19,Completed,TXN-11466-11466
11467,11467,2026-06-23 04:34:20,Bank Transfer,3062.71,Completed,TXN-11467-11467
11468,11468,2026-06-28 01:36:01,PayPal,647.92,Completed,TXN-11468-11468
11469,11469,2026-08-21 09:51:47,Debit Card,1226.86,Pending,
11470,11470,2026-06-30 12:56:21,Bank Transfer,2732.1,Completed,TXN-11470-11470
11471,11471,2025-10-06 06:04:09,PayPal,1594.38,Pending,
11472,11472,2026-02-10 05:01:31,Bank Transfer,4101.59,Completed,TXN-11472-11472
11473,11473,2025-05-23 14:21:20,Credit Card,408.71,Completed,TXN-11473-11473
11474,11474,2026-08-24 01:40:33,Debit Card,2891.31,Completed,TXN-11474-11474
11475,11475,2024-06-23 01:17:57,Debit Card,1784.68,Completed,TXN-11475-11475
11476,11476,2025-10-19 12:20:29,Bank Transfer,2025.84,Refunded,TXN-11476-11476
11477,11477,2026-08-26 14:57:24,PayPal,1826.52,Completed,TXN-11477-11477
11478,11478,2025-03-27 15:37:40,Bank Transfer,369.52,Completed,TXN-11478-11478
11479,11479,2026-04-04 16:43:13,Bank Transfer,1736.72,Completed,TXN-11479-11479
11480,11480,2026-07-17 18:36:48,Debit Card,2542.02,Completed,TXN-11480-11480
11481,11481,2025-08-23 13:28:27,Credit Card,4866.61,Completed,TXN-11481-11481
11482,11482,2026-03-15 00:34:46,PayPal,794.8,Completed,TXN-11482-11482
11483,11483,2026-03-02 03:22:42,PayPal,3239.07,Completed,TXN-11483-11483
11484,11484,2025-10-27 19:17:55,Credit Card,1265.7,Completed,TXN-11484-11484
11485,11485,2025-05-31 17:22:57,Credit Card,1833.48,Completed,TXN-11485-11485
11486,11486,2024-12-17 01:56:35,Debit Card,1014.18,Completed,TXN-11486-11486
11487,11487,2024-01-01 09:26:02,Debit Card,2123.92,Completed,TXN-11487-11487
11488,11488,2025-07-09 13:12:54,Cash on Delivery,1952.46,Completed,TXN-11488-11488
11489,11489,2025-03-06 04:14:10,Debit Card,167.71,Completed,TXN-11489-11489
11490,11490,2026-03-07 10:00:34,PayPal,3664.76,Completed,TXN-11490-11490
11491,11491,2025-05-10 12:51:37,Bank Transfer,4544.89,Completed,TXN-11491-11491
11492,11492,2024-06-21 08:26:09,Credit Card,1494.27,Refunded,TXN-11492-11492
11493,11493,2024-12-17 22:35:42,PayPal,1893.73,Completed,TXN-11493-11493
11494,11494,2024-10-27 19:01:45,Cash on Delivery,2589.74,Pending,
11495,11495,2025-01-25 16:38:23,Bank Transfer,2462.58,Completed,TXN-11495-11495
11496,11496,2026-02-06 20:18:47,Bank Transfer,587.12,Completed,TXN-11496-11496
11497,11497,2026-04-04 18:46:29,Debit Card,2694.25,Failed,
11498,11498,2026-05-02 11:26:00,Cash on Delivery,1807.53,Failed,
11499,11499,2024-07-08 01:22:39,PayPal,1130.12,Completed,TXN-11499-11499
11500,11500,2026-01-31 10:44:41,Cash on Delivery,1881.79,Pending,
11501,11501,2025-12-23 11:05:21,Credit Card,4480.54,Completed,TXN-11501-11501
11502,11502,2026-08-09 08:28:15,Bank Transfer,2143.6,Completed,TXN-11502-11502
11503,11503,2024-01-20 13:42:29,Bank Transfer,1718.71,Refunded,TXN-11503-11503
11504,11504,2024-10-14 17:21:16,Credit Card,1975.99,Completed,TXN-11504-11504
11505,11505,2026-08-22 03:52:40,PayPal,1601.0,Pending,
11506,11506,2024-03-20 17:52:19,Cash on Delivery,1775.1,Completed,TXN-11506-11506
11507,11507,2026-07-01 08:13:19,Debit Card,1492.33,Pending,
11508,11508,2026-04-14 11:09:38,Cash on Delivery,3225.8,Completed,TXN-11508-11508
11509,11509,2026-07-29 17:07:57,Credit Card,1816.79,Refunded,TXN-11509-11509
11510,11510,2026-03-17 08:55:34,Bank Transfer,1583.58,Completed,TXN-11510-11510
11511,11511,2026-08-14 02:39:43,Credit Card,1273.2,Refunded,TXN-11511-11511
11512,11512,2025-08-01 08:53:47,Debit Card,2246.97,Completed,TXN-11512-11512
11513,11513,2025-07-12 23:37:41,Debit Card,2085.66,Completed,TXN-11513-11513
11514,11514,2026-08-27 14:47:16,PayPal,1915.94,Pending,
11515,11515,2026-02-03 03:55:39,PayPal,4540.7,Completed,TXN-11515-11515
11516,11516,2026-01-02 15:49:14,Credit Card,2776.08,Completed,TXN-11516-11516
11517,11517,2024-08-17 21:00:06,Bank Transfer,2241.5,Refunded,TXN-11517-11517
11518,11518,2025-11-15 15:38:50,Bank Transfer,185.47,Pending,
11519,11519,2025-10-01 04:15:08,Debit Card,34.19,Completed,TXN-11519-11519
11520,11520,2025-05-26 11:01:21,PayPal,1047.68,Completed,TXN-11520-11520
11521,11521,2026-04-25 00:08:32,Cash on Delivery,597.45,Failed,
11522,11522,2026-04-27 05:59:11,Cash on Delivery,2103.61,Completed,TXN-11522-11522
11523,11523,2026-04-09 12:21:58,Cash on Delivery,2790.75,Completed,TXN-11523-11523
11524,11524,2025-05-23 14:44:20,Credit Card,597.45,Completed,TXN-11524-11524
11525,11525,2025-11-04 15:46:55,Debit Card,2979.38,Completed,TXN-11525-11525
11526,11526,2026-07-07 19:08:22,Debit Card,1894.86,Completed,TXN-11526-11526
11527,11527,2024-12-14 08:29:40,PayPal,1449.72,Failed,
11528,11528,2026-08-09 10:37:53,Cash on Delivery,2330.97,Completed,TXN-11528-11528
11529,11529,2026-05-27 18:06:59,Debit Card,2159.5,Completed,TXN-11529-11529
11530,11530,2026-04-26 16:19:46,PayPal,6869.7,Completed,TXN-11530-11530
11531,11531,2026-07-19 02:39:22,Credit Card,774.23,Completed,TXN-11531-11531
11532,11532,2024-09-08 08:34:52,Debit Card,1200.96,Completed,TXN-11532-11532
11533,11533,2025-04-30 04:55:28,PayPal,788.26,Failed,
11534,11534,2026-08-31 04:50:17,Cash on Delivery,86.42,Completed,TXN-11534-11534
11535,11535,2026-08-20 00:12:14,Cash on Delivery,2298.69,Pending,
11536,11536,2026-03-19 12:12:32,Credit Card,6781.98,Completed,TXN-11536-11536
11537,11537,2025-02-05 06:33:00,Credit Card,1239.35,Completed,TXN-11537-11537
11538,11538,2026-06-08 00:07:37,Cash on Delivery,2446.56,Failed,
11539,11539,2025-10-31 11:30:28,Credit Card,182.34,Completed,TXN-11539-11539
11540,11540,2024-01-06 09:37:50,Cash on Delivery,597.45,Completed,TXN-11540-11540
11541,11541,2026-06-15 01:05:03,Credit Card,503.95,Completed,TXN-11541-11541
11542,11542,2025-04-11 05:32:20,Debit Card,2311.9,Completed,TXN-11542-11542
11543,11543,2026-04-19 08:52:14,Credit Card,2807.5,Completed,TXN-11543-11543
11544,11544,2025-12-27 21:33:44,Credit Card,1958.12,Completed,TXN-11544-11544
11545,11545,2026-08-28 22:29:18,Credit Card,756.22,Completed,TXN-11545-11545
11546,11546,2026-02-12 00:05:30,Credit Card,5404.83,Completed,TXN-11546-11546
11547,11547,2026-04-04 00:19:34,PayPal,835.44,Completed,TXN-11547-11547
11548,11548,2024-12-19 15:59:30,Bank Transfer,1879.18,Completed,TXN-11548-11548
11549,11549,2025-10-22 11:57:18,Debit Card,1189.78,Completed,TXN-11549-11549
11550,11550,2026-05-11 01:48:13,PayPal,2779.25,Pending,
11551,11551,2026-08-12 10:44:27,Cash on Delivery,339.73,Completed,TXN-11551-11551
11552,11552,2025-01-31 17:34:43,Cash on Delivery,6099.65,Completed,TXN-11552-11552
11553,11553,2026-03-31 13:22:13,PayPal,457.79,Completed,TXN-11553-11553
11554,11554,2026-08-15 01:01:15,Bank Transfer,1781.59,Completed,TXN-11554-11554
11555,11555,2025-09-22 17:28:50,PayPal,2576.24,Completed,TXN-11555-11555
11556,11556,2025-05-15 05:51:58,PayPal,4514.85,Completed,TXN-11556-11556
11557,11557,2025-09-11 22:55:44,PayPal,1655.45,Pending,
11558,11558,2025-09-29 19:18:52,Debit Card,1729.95,Completed,TXN-11558-11558
11559,11559,2026-08-28 02:55:18,Cash on Delivery,933.7,Completed,TXN-11559-11559
11560,11560,2026-08-02 20:03:54,PayPal,1952.6,Completed,TXN-11560-11560
11561,11561,2026-08-27 02:45:15,PayPal,3078.61,Completed,TXN-11561-11561
11562,11562,2026-01-18 02:06:13,Cash on Delivery,2028.08,Completed,TXN-11562-11562
11563,11563,2025-11-23 00:05:17,PayPal,1241.24,Completed,TXN-11563-11563
11564,11564,2026-03-06 20:28:36,Debit Card,2607.48,Completed,TXN-11564-11564
11565,11565,2026-08-03 05:09:28,Cash on Delivery,486.08,Completed,TXN-11565-11565
11566,11566,2025-08-21 18:35:50,Credit Card,1157.25,Completed,TXN-11566-11566
11567,11567,2026-06-25 04:02:16,Cash on Delivery,1451.39,Completed,TXN-11567-11567
11568,11568,2025-11-30 02:00:43,Credit Card,204.87,Completed,TXN-11568-11568
11569,11569,2026-02-28 18:57:25,Cash on Delivery,2852.25,Completed,TXN-11569-11569
11570,11570,2026-02-01 23:13:06,PayPal,3174.94,Completed,TXN-11570-11570
11571,11571,2026-06-23 13:38:01,Debit Card,1288.34,Completed,TXN-11571-11571
11572,11572,2026-07-19 02:43:26,Credit Card,132.89,Completed,TXN-11572-11572
11573,11573,2026-07-28 19:54:00,Debit Card,2162.02,Completed,TXN-11573-11573
11574,11574,2026-05-23 11:19:51,Debit Card,2253.92,Completed,TXN-11574-11574
11575,11575,2025-09-04 15:56:33,Credit Card,43.21,Completed,TXN-11575-11575
11576,11576,2026-02-21 09:17:40,Credit Card,1360.76,Completed,TXN-11576-11576
11577,11577,2026-04-18 20:00:21,Debit Card,5400.9,Completed,TXN-11577-11577
11578,11578,2025-07-12 08:24:19,Debit Card,1848.98,Completed,TXN-11578-11578
11579,11579,2024-05-15 21:35:39,PayPal,432.37,Completed,TXN-11579-11579
11580,11580,2026-05-01 12:45:47,Credit Card,1744.96,Completed,TXN-11580-11580
11581,11581,2025-01-30 03:33:11,PayPal,3328.92,Completed,TXN-11581-11581
11582,11582,2024-01-22 00:27:36,Debit Card,728.11,Completed,TXN-11582-11582
11583,11583,2026-01-08 01:52:54,Bank Transfer,774.23,Completed,TXN-11583-11583
11584,11584,2025-12-26 12:04:09,Cash on Delivery,132.89,Completed,TXN-11584-11584
11585,11585,2026-05-04 00:57:37,Debit Card,797.47,Completed,TXN-11585-11585
11586,11586,2026-03-31 23:12:08,Bank Transfer,932.57,Refunded,TXN-11586-11586
11587,11587,2026-08-13 02:43:12,Debit Card,176.54,Completed,TXN-11587-11587
11588,11588,2026-08-29 14:51:44,Cash on Delivery,4631.27,Completed,TXN-11588-11588
11589,11589,2026-08-09 20:20:21,Cash on Delivery,1370.25,Completed,TXN-11589-11589
11590,11590,2025-06-23 01:19:37,Credit Card,2647.1,Completed,TXN-11590-11590
11591,11591,2025-09-29 22:59:10,PayPal,494.35,Completed,TXN-11591-11591
11592,11592,2026-07-27 09:58:49,Debit Card,5081.7,Completed,TXN-11592-11592
11593,11593,2025-01-31 09:51:48,Cash on Delivery,2161.55,Completed,TXN-11593-11593
11594,11594,2025-04-15 11:16:38,Bank Transfer,2117.99,Completed,TXN-11594-11594
11595,11595,2025-12-25 00:23:09,PayPal,2753.89,Completed,TXN-11595-11595
11596,11596,2026-07-19 17:12:52,Debit Card,368.37,Completed,TXN-11596-11596
11597,11597,2026-08-04 14:54:17,Credit Card,195.86,Pending,
11598,11598,2025-10-15 18:48:05,PayPal,2252.14,Completed,TXN-11598-11598
11599,11599,2025-08-07 12:25:10,Bank Transfer,4004.34,Completed,TXN-11599-11599
11600,11600,2026-02-28 06:00:50,Debit Card,3404.41,Completed,TXN-11600-11600
11601,11601,2025-09-16 22:33:24,Cash on Delivery,1435.87,Pending,
11602,11602,2026-08-14 21:37:06,Bank Transfer,2718.09,Completed,TXN-11602-11602
11603,11603,2024-10-11 13:40:15,Bank Transfer,4253.55,Completed,TXN-11603-11603
11604,11604,2024-09-24 19:47:09,Debit Card,1570.48,Completed,TXN-11604-11604
11605,11605,2025-11-08 10:20:38,Bank Transfer,939.85,Pending,
11606,11606,2025-03-28 11:19:33,Credit Card,1289.22,Completed,TXN-11606-11606
11607,11607,2025-09-15 04:46:44,Cash on Delivery,4353.54,Completed,TXN-11607-11607
11608,11608,2026-08-03 20:12:59,Bank Transfer,1016.34,Completed,TXN-11608-11608
11609,11609,2026-06-30 17:04:45,Bank Transfer,2275.6,Completed,TXN-11609-11609
11610,11610,2026-04-25 09:32:13,Cash on Delivery,2598.91,Completed,TXN-11610-11610
11611,11611,2026-05-27 20:09:26,Cash on Delivery,426.27,Completed,TXN-11611-11611
11612,11612,2026-08-08 12:06:22,Debit Card,3098.06,Completed,TXN-11612-11612
11613,11613,2026-07-20 20:23:18,Cash on Delivery,5589.14,Completed,TXN-11613-11613
11614,11614,2025-03-06 10:10:41,Debit Card,2240.03,Completed,TXN-11614-11614
11615,11615,2026-08-12 11:13:00,Credit Card,6654.53,Pending,
11616,11616,2025-09-09 09:59:52,Debit Card,767.49,Completed,TXN-11616-11616
11617,11617,2025-10-28 03:21:20,Bank Transfer,1008.67,Completed,TXN-11617-11617
11618,11618,2026-04-17 23:00:43,Bank Transfer,529.62,Completed,TXN-11618-11618
11619,11619,2025-06-03 04:25:39,Debit Card,5804.24,Completed,TXN-11619-11619
11620,11620,2026-05-03 05:37:40,Cash on Delivery,1519.3,Completed,TXN-11620-11620
11621,11621,2025-05-21 00:09:04,Cash on Delivery,1760.15,Completed,TXN-11621-11621
11622,11622,2025-11-21 10:48:43,Cash on Delivery,2276.28,Completed,TXN-11622-11622
11623,11623,2026-06-09 17:49:21,PayPal,2630.93,Pending,
11624,11624,2025-12-28 09:46:20,Bank Transfer,1925.93,Completed,TXN-11624-11624
11625,11625,2025-02-26 10:58:45,PayPal,2238.99,Pending,
11626,11626,2026-02-14 12:59:13,Cash on Delivery,4466.76,Completed,TXN-11626-11626
11627,11627,2025-07-02 21:20:21,Bank Transfer,1807.21,Completed,TXN-11627-11627
11628,11628,2026-08-31 22:03:22,PayPal,2458.95,Completed,TXN-11628-11628
11629,11629,2025-02-14 10:21:24,Credit Card,3626.61,Failed,
11630,11630,2026-08-22 08:19:46,Bank Transfer,1916.06,Completed,TXN-11630-11630
11631,11631,2026-02-27 05:20:58,Bank Transfer,2380.93,Completed,TXN-11631-11631
11632,11632,2025-10-05 03:49:33,Bank Transfer,836.28,Refunded,TXN-11632-11632
11633,11633,2024-10-29 04:50:36,Bank Transfer,1791.16,Completed,TXN-11633-11633
11634,11634,2026-01-09 05:04:24,Debit Card,1278.16,Completed,TXN-11634-11634
11635,11635,2026-07-10 13:25:48,Cash on Delivery,2288.51,Completed,TXN-11635-11635
11636,11636,2025-10-21 02:51:19,Bank Transfer,1309.72,Completed,TXN-11636-11636
11637,11637,2026-04-21 05:24:52,PayPal,1270.28,Pending,
11638,11638,2025-12-27 12:25:31,Bank Transfer,1018.28,Completed,TXN-11638-11638
11639,11639,2026-02-02 02:46:49,Cash on Delivery,994.18,Completed,TXN-11639-11639
11640,11640,2025-03-28 19:00:06,Cash on Delivery,287.02,Completed,TXN-11640-11640
11641,11641,2025-08-05 14:01:08,Debit Card,2097.47,Refunded,TXN-11641-11641
11642,11642,2025-05-28 02:47:44,Debit Card,4846.04,Completed,TXN-11642-11642
11643,11643,2025-04-13 04:07:16,Debit Card,5813.17,Completed,TXN-11643-11643
11644,11644,2025-09-09 23:56:19,Bank Transfer,2781.66,Completed,TXN-11644-11644
11645,11645,2024-10-22 04:19:16,Cash on Delivery,597.45,Completed,TXN-11645-11645
11646,11646,2026-06-25 07:11:57,PayPal,1073.82,Completed,TXN-11646-11646
11647,11647,2026-05-19 03:42:00,Bank Transfer,742.38,Pending,
11648,11648,2026-08-16 03:43:14,Cash on Delivery,3930.67,Completed,TXN-11648-11648
11649,11649,2026-08-07 20:48:07,Cash on Delivery,103.7,Completed,TXN-11649-11649
11650,11650,2026-03-16 18:36:57,Cash on Delivery,1536.57,Completed,TXN-11650-11650
11651,11651,2026-08-31 03:51:29,PayPal,8730.92,Completed,TXN-11651-11651
11652,11652,2024-04-29 00:02:09,Cash on Delivery,2369.96,Completed,TXN-11652-11652
11653,11653,2024-12-22 09:38:05,Cash on Delivery,3661.87,Completed,TXN-11653-11653
11654,11654,2026-08-03 05:37:51,Cash on Delivery,2601.55,Completed,TXN-11654-11654
11655,11655,2025-08-02 11:46:02,PayPal,3550.01,Completed,TXN-11655-11655
11656,11656,2026-02-10 13:01:07,Credit Card,3768.26,Completed,TXN-11656-11656
11657,11657,2024-06-04 23:22:31,Cash on Delivery,3567.71,Completed,TXN-11657-11657
11658,11658,2025-06-02 01:52:31,Cash on Delivery,1200.08,Completed,TXN-11658-11658
11659,11659,2026-08-27 01:42:00,Cash on Delivery,27.35,Completed,TXN-11659-11659
11660,11660,2026-05-15 15:23:03,Bank Transfer,1020.52,Completed,TXN-11660-11660
11661,11661,2026-04-20 20:02:44,PayPal,792.39,Completed,TXN-11661-11661
11662,11662,2025-07-09 07:59:08,Credit Card,1846.36,Completed,TXN-11662-11662
11663,11663,2026-01-05 01:37:10,PayPal,2718.25,Completed,TXN-11663-11663
11664,11664,2024-07-17 01:00:06,Credit Card,2806.79,Completed,TXN-11664-11664
11665,11665,2026-07-05 02:10:09,Bank Transfer,930.25,Completed,TXN-11665-11665
11666,11666,2025-07-26 17:37:35,Cash on Delivery,217.62,Completed,TXN-11666-11666
11667,11667,2026-01-16 08:47:09,PayPal,476.66,Completed,TXN-11667-11667
11668,11668,2026-06-18 16:43:44,PayPal,1996.52,Pending,
11669,11669,2026-05-05 08:06:33,Debit Card,994.53,Completed,TXN-11669-11669
11670,11670,2026-08-22 11:48:35,Debit Card,7408.57,Completed,TXN-11670-11670
11671,11671,2025-05-01 21:41:51,Cash on Delivery,2978.8,Completed,TXN-11671-11671
11672,11672,2024-12-30 01:31:25,Debit Card,1947.56,Completed,TXN-11672-11672
11673,11673,2026-04-02 19:52:21,Bank Transfer,394.43,Completed,TXN-11673-11673
11674,11674,2024-07-30 07:55:49,Debit Card,377.77,Completed,TXN-11674-11674
11675,11675,2026-08-12 01:21:00,Bank Transfer,1327.17,Completed,TXN-11675-11675
11676,11676,2026-08-11 14:12:29,Bank Transfer,854.22,Completed,TXN-11676-11676
11677,11677,2026-06-17 02:10:01,Cash on Delivery,5014.7,Failed,
11678,11678,2026-03-17 03:09:56,Credit Card,1798.19,Completed,TXN-11678-11678
11679,11679,2025-07-01 20:49:29,Debit Card,1517.52,Failed,
11680,11680,2025-07-27 03:51:06,Debit Card,2031.14,Completed,TXN-11680-11680
11681,11681,2026-05-20 01:20:30,Credit Card,2591.14,Completed,TXN-11681-11681
11682,11682,2026-06-12 03:34:51,Bank Transfer,676.7,Completed,TXN-11682-11682
11683,11683,2026-03-13 16:48:40,Debit Card,3752.32,Completed,TXN-11683-11683
11684,11684,2026-07-28 20:23:59,Cash on Delivery,1734.46,Completed,TXN-11684-11684
11685,11685,2026-01-11 06:58:33,PayPal,5005.38,Completed,TXN-11685-11685
11686,11686,2026-08-16 21:33:36,Credit Card,202.6,Completed,TXN-11686-11686
11687,11687,2025-11-28 04:02:55,Credit Card,3233.76,Completed,TXN-11687-11687
11688,11688,2026-03-25 23:30:15,Debit Card,1461.19,Completed,TXN-11688-11688
11689,11689,2025-08-17 09:58:16,Credit Card,1009.52,Completed,TXN-11689-11689
11690,11690,2026-08-31 17:25:08,Cash on Delivery,4972.26,Completed,TXN-11690-11690
11691,11691,2026-04-28 00:03:58,Debit Card,2899.95,Completed,TXN-11691-11691
11692,11692,2024-12-07 14:29:33,Bank Transfer,1377.49,Completed,TXN-11692-11692
11693,11693,2026-04-24 06:22:25,Bank Transfer,592.49,Completed,TXN-11693-11693
11694,11694,2025-12-08 22:34:03,Credit Card,1233.93,Completed,TXN-11694-11694
11695,11695,2025-04-14 11:23:31,Credit Card,598.59,Completed,TXN-11695-11695
11696,11696,2026-07-23 18:48:46,Bank Transfer,2144.83,Completed,TXN-11696-11696
11697,11697,2026-07-02 01:22:15,Bank Transfer,942.91,Completed,TXN-11697-11697
11698,11698,2026-08-09 06:30:49,Cash on Delivery,1764.2,Completed,TXN-11698-11698
11699,11699,2026-06-08 09:35:12,PayPal,611.25,Completed,TXN-11699-11699
11700,11700,2025-10-19 16:24:11,Debit Card,2488.05,Completed,TXN-11700-11700
11701,11701,2025-10-27 03:54:44,Debit Card,2820.74,Completed,TXN-11701-11701
11702,11702,2025-03-16 20:24:39,Cash on Delivery,5063.73,Failed,
11703,11703,2025-11-19 02:08:48,Debit Card,268.2,Completed,TXN-11703-11703
11704,11704,2026-06-23 06:25:06,Debit Card,1000.18,Completed,TXN-11704-11704
11705,11705,2024-05-19 22:40:39,Debit Card,389.25,Completed,TXN-11705-11705
11706,11706,2026-05-07 20:34:40,Debit Card,1190.96,Completed,TXN-11706-11706
11707,11707,2026-07-30 13:35:58,Credit Card,1142.41,Completed,TXN-11707-11707
11708,11708,2026-02-01 20:30:04,PayPal,397.26,Completed,TXN-11708-11708
11709,11709,2026-08-31 14:49:03,Cash on Delivery,1708.44,Completed,TXN-11709-11709
11710,11710,2024-06-18 23:07:02,Cash on Delivery,851.91,Completed,TXN-11710-11710
11711,11711,2026-08-19 13:29:44,PayPal,2723.28,Completed,TXN-11711-11711
11712,11712,2026-06-12 12:30:36,Debit Card,2030.62,Pending,
11713,11713,2026-03-27 23:11:54,Bank Transfer,1835.05,Completed,TXN-11713-11713
11714,11714,2026-01-07 12:11:06,PayPal,2129.14,Completed,TXN-11714-11714
11715,11715,2026-08-13 23:15:05,Cash on Delivery,1080.73,Completed,TXN-11715-11715
11716,11716,2024-07-15 22:19:03,Debit Card,661.25,Completed,TXN-11716-11716
11717,11717,2025-12-04 04:05:23,Debit Card,811.51,Completed,TXN-11717-11717
11718,11718,2025-12-17 22:30:14,Cash on Delivery,1601.0,Pending,
11719,11719,2024-11-14 05:44:37,Cash on Delivery,947.42,Completed,TXN-11719-11719
11720,11720,2026-06-11 15:17:40,Debit Card,1160.8,Completed,TXN-11720-11720
11721,11721,2026-08-29 16:21:30,Cash on Delivery,125.04,Completed,TXN-11721-11721
11722,11722,2026-08-15 15:23:21,Cash on Delivery,2262.1,Completed,TXN-11722-11722
11723,11723,2026-07-06 01:39:13,Credit Card,1730.62,Completed,TXN-11723-11723
11724,11724,2026-08-25 07:25:17,Bank Transfer,851.91,Completed,TXN-11724-11724
11725,11725,2026-04-21 18:34:00,PayPal,1909.49,Completed,TXN-11725-11725
11726,11726,2026-09-01 06:03:37,Bank Transfer,433.46,Completed,TXN-11726-11726
11727,11727,2024-01-20 05:34:45,Bank Transfer,1871.94,Completed,TXN-11727-11727
11728,11728,2026-08-17 11:06:41,Cash on Delivery,710.76,Completed,TXN-11728-11728
11729,11729,2026-01-02 09:13:30,Credit Card,378.51,Completed,TXN-11729-11729
11730,11730,2026-03-19 10:56:57,Credit Card,729.75,Pending,
11731,11731,2026-05-10 08:35:51,Credit Card,711.21,Completed,TXN-11731-11731
11732,11732,2026-04-08 04:35:18,Credit Card,2270.25,Completed,TXN-11732-11732
11733,11733,2025-03-21 10:30:54,Cash on Delivery,4684.38,Completed,TXN-11733-11733
11734,11734,2025-01-12 08:26:24,Cash on Delivery,3860.1,Completed,TXN-11734-11734
11735,11735,2025-08-07 10:58:58,Bank Transfer,969.48,Completed,TXN-11735-11735
11736,11736,2026-06-16 04:25:36,Credit Card,353.08,Completed,TXN-11736-11736
11737,11737,2024-10-31 07:20:01,Debit Card,2374.74,Completed,TXN-11737-11737
11738,11738,2025-12-08 16:41:26,PayPal,2848.2,Completed,TXN-11738-11738
11739,11739,2024-07-30 23:20:06,Bank Transfer,40.38,Completed,TXN-11739-11739
11740,11740,2025-09-01 02:16:46,PayPal,1036.35,Completed,TXN-11740-11740
11741,11741,2026-07-06 21:05:00,Debit Card,320.79,Completed,TXN-11741-11741
11742,11742,2026-08-31 03:49:16,Credit Card,828.19,Completed,TXN-11742-11742
11743,11743,2025-10-27 02:54:37,Debit Card,1103.84,Completed,TXN-11743-11743
11744,11744,2026-08-24 23:13:39,Cash on Delivery,674.14,Completed,TXN-11744-11744
11745,11745,2026-06-13 11:00:38,Credit Card,4463.05,Refunded,TXN-11745-11745
11746,11746,2025-11-01 13:07:17,Cash on Delivery,1865.13,Completed,TXN-11746-11746
11747,11747,2025-10-15 13:47:06,Bank Transfer,1557.71,Completed,TXN-11747-11747
11748,11748,2024-12-03 02:35:31,Cash on Delivery,115.21,Completed,TXN-11748-11748
11749,11749,2024-02-10 09:31:38,Debit Card,2854.84,Refunded,TXN-11749-11749
11750,11750,2025-09-18 17:29:47,Debit Card,557.91,Completed,TXN-11750-11750
11751,11751,2026-07-13 18:51:52,Debit Card,3911.88,Completed,TXN-11751-11751
11752,11752,2025-07-20 21:58:42,Bank Transfer,3061.56,Completed,TXN-11752-11752
11753,11753,2024-12-05 11:58:16,Bank Transfer,1640.02,Pending,
11754,11754,2024-12-03 07:29:53,Bank Transfer,2918.7,Completed,TXN-11754-11754
11755,11755,2026-03-12 18:42:16,Credit Card,2330.17,Completed,TXN-11755-11755
11756,11756,2026-06-13 04:30:39,Bank Transfer,1789.52,Completed,TXN-11756-11756
11757,11757,2025-10-20 20:38:24,Cash on Delivery,2200.56,Completed,TXN-11757-11757
11758,11758,2026-02-02 10:54:29,Debit Card,2167.57,Refunded,TXN-11758-11758
11759,11759,2026-05-14 13:47:42,Credit Card,5778.4,Pending,
11760,11760,2026-08-01 23:54:20,Cash on Delivery,2495.7,Completed,TXN-11760-11760
11761,11761,2026-02-21 06:45:40,Bank Transfer,496.72,Completed,TXN-11761-11761
11762,11762,2024-08-03 19:38:37,PayPal,3196.85,Completed,TXN-11762-11762
11763,11763,2026-07-26 02:29:07,Bank Transfer,3361.98,Completed,TXN-11763-11763
11764,11764,2026-07-24 05:02:45,Debit Card,758.76,Completed,TXN-11764-11764
11765,11765,2026-07-05 22:07:51,Credit Card,1711.82,Completed,TXN-11765-11765
11766,11766,2025-10-20 16:54:34,Bank Transfer,2562.66,Completed,TXN-11766-11766
11767,11767,2026-05-22 00:32:58,Debit Card,2617.46,Pending,
11768,11768,2025-02-07 06:24:08,PayPal,248.36,Completed,TXN-11768-11768
11769,11769,2025-07-18 09:52:41,Debit Card,733.05,Completed,TXN-11769-11769
11770,11770,2025-09-14 06:13:28,PayPal,1278.15,Completed,TXN-11770-11770
11771,11771,2026-09-01 21:56:11,Debit Card,3099.07,Completed,TXN-11771-11771
11772,11772,2026-03-15 16:34:14,Credit Card,132.89,Completed,TXN-11772-11772
11773,11773,2026-02-22 22:25:57,PayPal,4970.9,Completed,TXN-11773-11773
11774,11774,2026-07-22 00:49:09,PayPal,749.69,Completed,TXN-11774-11774
11775,11775,2025-07-15 07:11:25,Cash on Delivery,2154.18,Completed,TXN-11775-11775
11776,11776,2026-02-08 22:02:10,Credit Card,457.79,Completed,TXN-11776-11776
11777,11777,2026-04-28 06:18:57,Credit Card,2754.34,Completed,TXN-11777-11777
11778,11778,2025-07-07 03:23:33,Cash on Delivery,3644.73,Completed,TXN-11778-11778
11779,11779,2026-01-28 19:05:05,Bank Transfer,1163.45,Completed,TXN-11779-11779
11780,11780,2026-04-29 00:46:40,Cash on Delivery,1750.83,Completed,TXN-11780-11780
11781,11781,2025-08-30 15:39:22,PayPal,4324.08,Completed,TXN-11781-11781
11782,11782,2026-02-14 16:04:22,Cash on Delivery,2276.28,Pending,
11783,11783,2026-08-23 16:52:55,Bank Transfer,2319.36,Completed,TXN-11783-11783
11784,11784,2026-08-12 22:40:19,Cash on Delivery,880.29,Pending,
11785,11785,2026-02-08 07:23:18,Cash on Delivery,4157.99,Completed,TXN-11785-11785
11786,11786,2024-11-06 17:09:24,Credit Card,1376.71,Completed,TXN-11786-11786
11787,11787,2026-03-11 13:06:48,Credit Card,1340.13,Completed,TXN-11787-11787
11788,11788,2026-01-19 02:59:45,Cash on Delivery,4641.67,Completed,TXN-11788-11788
11789,11789,2026-05-18 10:42:41,Cash on Delivery,2201.21,Completed,TXN-11789-11789
11790,11790,2025-12-31 01:34:50,Credit Card,4149.08,Completed,TXN-11790-11790
11791,11791,2025-10-17 23:50:38,PayPal,2258.0,Completed,TXN-11791-11791
11792,11792,2026-01-09 04:23:11,Bank Transfer,4001.19,Completed,TXN-11792-11792
11793,11793,2026-07-10 07:45:17,Cash on Delivery,1676.67,Completed,TXN-11793-11793
11794,11794,2026-02-12 15:33:55,PayPal,2646.17,Completed,TXN-11794-11794
11795,11795,2025-06-21 11:55:05,Bank Transfer,2001.8,Pending,
11796,11796,2026-02-15 01:39:21,Cash on Delivery,973.78,Pending,
11797,11797,2026-05-15 07:20:29,Credit Card,394.13,Completed,TXN-11797-11797
11798,11798,2026-01-13 16:28:55,Bank Transfer,1875.73,Completed,TXN-11798-11798
11799,11799,2025-06-01 20:40:09,Credit Card,1636.2,Completed,TXN-11799-11799
11800,11800,2026-06-20 21:03:53,Cash on Delivery,800.5,Completed,TXN-11800-11800
11801,11801,2026-08-25 09:01:41,PayPal,1599.69,Completed,TXN-11801-11801
11802,11802,2024-05-20 03:16:32,Credit Card,2326.65,Completed,TXN-11802-11802
11803,11803,2026-04-07 06:35:02,Bank Transfer,3738.29,Failed,
11804,11804,2024-10-15 14:15:03,Debit Card,2700.2,Completed,TXN-11804-11804
11805,11805,2025-02-10 16:27:12,PayPal,4215.19,Completed,TXN-11805-11805
11806,11806,2026-07-01 17:03:27,Debit Card,631.62,Completed,TXN-11806-11806
11807,11807,2025-08-25 12:23:04,PayPal,1018.51,Completed,TXN-11807-11807
11808,11808,2024-06-14 10:50:26,Cash on Delivery,1395.42,Completed,TXN-11808-11808
11809,11809,2026-03-08 06:19:19,Cash on Delivery,700.02,Completed,TXN-11809-11809
11810,11810,2026-04-15 03:17:51,Credit Card,3453.83,Completed,TXN-11810-11810
11811,11811,2025-04-05 05:27:53,Debit Card,1801.11,Completed,TXN-11811-11811
11812,11812,2025-05-25 23:15:57,PayPal,812.14,Completed,TXN-11812-11812
11813,11813,2026-03-10 06:04:08,Cash on Delivery,355.16,Completed,TXN-11813-11813
11814,11814,2025-07-19 17:44:02,Bank Transfer,876.26,Completed,TXN-11814-11814
11815,11815,2025-06-13 07:31:18,Cash on Delivery,1632.88,Completed,TXN-11815-11815
11816,11816,2025-09-12 22:08:57,Credit Card,629.42,Completed,TXN-11816-11816
11817,11817,2026-03-28 06:44:50,Bank Transfer,1298.43,Completed,TXN-11817-11817
11818,11818,2025-07-23 04:39:54,PayPal,3868.81,Refunded,TXN-11818-11818
11819,11819,2026-03-04 21:56:21,Credit Card,935.97,Completed,TXN-11819-11819
11820,11820,2025-10-17 01:02:28,Bank Transfer,800.5,Completed,TXN-11820-11820
11821,11821,2025-12-25 16:16:14,Credit Card,2637.86,Completed,TXN-11821-11821
11822,11822,2024-10-21 19:07:52,PayPal,424.0,Completed,TXN-11822-11822
11823,11823,2026-08-31 20:50:28,PayPal,584.38,Completed,TXN-11823-11823
11824,11824,2026-08-15 06:39:59,PayPal,3845.03,Completed,TXN-11824-11824
11825,11825,2026-06-08 11:42:50,Cash on Delivery,1254.39,Completed,TXN-11825-11825
11826,11826,2024-01-25 19:09:44,Credit Card,196.9,Completed,TXN-11826-11826
11827,11827,2025-10-30 13:56:30,Cash on Delivery,339.73,Completed,TXN-11827-11827
11828,11828,2026-01-13 19:11:09,PayPal,599.0,Completed,TXN-11828-11828
11829,11829,2025-06-24 22:46:35,Bank Transfer,925.09,Completed,TXN-11829-11829
11830,11830,2025-11-05 02:41:32,Bank Transfer,1328.48,Pending,
11831,11831,2025-09-21 11:03:50,PayPal,2380.0,Refunded,TXN-11831-11831
11832,11832,2026-07-18 09:30:57,Bank Transfer,802.32,Refunded,TXN-11832-11832
11833,11833,2026-06-30 21:30:36,Credit Card,196.29,Completed,TXN-11833-11833
11834,11834,2025-02-21 01:09:50,Credit Card,1150.32,Completed,TXN-11834-11834
11835,11835,2026-01-15 04:42:54,Bank Transfer,1135.48,Completed,TXN-11835-11835
11836,11836,2026-08-16 12:47:30,Bank Transfer,4973.84,Completed,TXN-11836-11836
11837,11837,2026-04-15 16:01:47,Debit Card,3281.33,Completed,TXN-11837-11837
11838,11838,2026-06-11 23:32:20,Bank Transfer,2208.62,Pending,
11839,11839,2026-07-12 04:27:48,PayPal,86.42,Failed,
11840,11840,2023-11-27 11:06:48,Debit Card,217.62,Pending,
11841,11841,2024-04-01 19:07:10,Credit Card,959.04,Completed,TXN-11841-11841
11842,11842,2026-06-27 18:45:02,Debit Card,4973.6,Completed,TXN-11842-11842
11843,11843,2026-02-11 11:29:05,Cash on Delivery,1191.4,Completed,TXN-11843-11843
11844,11844,2025-11-15 15:42:31,Bank Transfer,5167.17,Completed,TXN-11844-11844
11845,11845,2024-07-09 02:05:16,Debit Card,1005.11,Completed,TXN-11845-11845
11846,11846,2026-08-28 21:18:43,PayPal,4989.17,Completed,TXN-11846-11846
11847,11847,2025-06-18 17:14:52,Credit Card,774.08,Completed,TXN-11847-11847
11848,11848,2024-08-23 17:58:01,PayPal,3293.43,Pending,
11849,11849,2025-01-24 01:52:03,Bank Transfer,1664.88,Completed,TXN-11849-11849
11850,11850,2026-06-08 14:54:42,PayPal,473.87,Completed,TXN-11850-11850
11851,11851,2026-02-15 16:43:12,Cash on Delivery,4374.22,Completed,TXN-11851-11851
11852,11852,2026-03-22 12:08:27,Debit Card,62.52,Failed,
11853,11853,2025-09-27 02:19:20,Credit Card,2763.1,Completed,TXN-11853-11853
11854,11854,2026-08-25 14:14:13,PayPal,2545.58,Pending,
11855,11855,2026-08-12 15:52:04,Credit Card,800.5,Completed,TXN-11855-11855
11856,11856,2026-06-01 16:57:17,PayPal,4932.36,Completed,TXN-11856-11856
11857,11857,2026-08-13 07:04:07,Debit Card,1065.71,Pending,
11858,11858,2026-07-24 06:11:39,PayPal,230.25,Pending,
11859,11859,2026-03-23 07:41:36,PayPal,2279.36,Completed,TXN-11859-11859
11860,11860,2026-05-27 08:42:09,Cash on Delivery,4820.5,Completed,TXN-11860-11860
11861,11861,2026-04-28 06:46:04,PayPal,4574.4,Pending,
11862,11862,2026-06-25 15:55:59,Credit Card,2258.11,Pending,
11863,11863,2025-05-08 10:08:17,PayPal,456.92,Completed,TXN-11863-11863
11864,11864,2024-07-16 01:43:27,Credit Card,496.72,Completed,TXN-11864-11864
11865,11865,2025-02-18 16:14:44,Credit Card,2181.39,Completed,TXN-11865-11865
11866,11866,2026-07-06 13:39:39,Bank Transfer,778.86,Completed,TXN-11866-11866
11867,11867,2024-08-18 03:32:59,Credit Card,1004.24,Completed,TXN-11867-11867
11868,11868,2025-12-01 03:24:52,Debit Card,457.79,Completed,TXN-11868-11868
11869,11869,2025-05-12 21:02:38,Debit Card,2424.24,Pending,
11870,11870,2025-12-26 12:18:41,Debit Card,119.2,Completed,TXN-11870-11870
11871,11871,2025-12-05 07:59:22,Credit Card,1946.01,Completed,TXN-11871-11871
11872,11872,2025-07-05 14:15:26,Cash on Delivery,29.06,Completed,TXN-11872-11872
11873,11873,2025-01-24 04:51:58,Debit Card,1496.49,Completed,TXN-11873-11873
11874,11874,2024-12-25 06:20:11,Credit Card,1020.52,Failed,
11875,11875,2025-02-01 20:16:02,Debit Card,1290.41,Completed,TXN-11875-11875
11876,11876,2025-02-12 10:03:20,PayPal,1021.0,Completed,TXN-11876-11876
11877,11877,2026-07-31 15:34:43,Bank Transfer,147.04,Completed,TXN-11877-11877
11878,11878,2026-04-15 17:25:14,Debit Card,618.15,Completed,TXN-11878-11878
11879,11879,2024-12-04 12:01:03,Debit Card,818.1,Completed,TXN-11879-11879
11880,11880,2026-08-11 06:53:05,PayPal,432.87,Refunded,TXN-11880-11880
11881,11881,2026-06-28 09:58:03,Debit Card,1090.89,Completed,TXN-11881-11881
11882,11882,2024-12-15 06:16:18,Cash on Delivery,1313.45,Completed,TXN-11882-11882
11883,11883,2026-01-26 00:48:12,PayPal,265.78,Completed,TXN-11883-11883
11884,11884,2026-07-24 04:46:07,Debit Card,5875.96,Completed,TXN-11884-11884
11885,11885,2026-07-16 16:29:55,Bank Transfer,2022.98,Completed,TXN-11885-11885
11886,11886,2025-08-06 02:38:22,Debit Card,1707.3,Completed,TXN-11886-11886
11887,11887,2026-02-16 19:47:31,Bank Transfer,3008.64,Completed,TXN-11887-11887
11888,11888,2026-08-22 05:40:07,Cash on Delivery,1013.18,Completed,TXN-11888-11888
11889,11889,2026-01-02 22:30:06,Bank Transfer,730.34,Completed,TXN-11889-11889
11890,11890,2025-12-11 09:27:55,Bank Transfer,2708.49,Completed,TXN-11890-11890
11891,11891,2026-07-28 23:47:11,Credit Card,2929.74,Completed,TXN-11891-11891
11892,11892,2025-09-23 18:46:49,Debit Card,511.66,Completed,TXN-11892-11892
11893,11893,2026-07-17 13:46:49,PayPal,1708.44,Completed,TXN-11893-11893
11894,11894,2026-08-29 01:03:40,Credit Card,2351.55,Refunded,TXN-11894-11894
11895,11895,2026-05-01 08:58:01,Credit Card,819.01,Completed,TXN-11895-11895
11896,11896,2024-07-02 02:41:10,Cash on Delivery,1497.55,Completed,TXN-11896-11896
11897,11897,2025-08-02 17:21:35,Cash on Delivery,1176.57,Completed,TXN-11897-11897
11898,11898,2025-10-16 13:59:47,PayPal,6022.93,Completed,TXN-11898-11898
11899,11899,2026-03-07 02:35:56,Credit Card,521.49,Completed,TXN-11899-11899
11900,11900,2026-02-22 23:19:05,Credit Card,629.42,Completed,TXN-11900-11900
11901,11901,2026-08-20 20:50:51,Bank Transfer,821.42,Completed,TXN-11901-11901
11902,11902,2026-08-30 21:41:43,PayPal,2548.92,Completed,TXN-11902-11902
11903,11903,2026-01-20 21:51:07,Credit Card,713.55,Completed,TXN-11903-11903
11904,11904,2026-08-24 23:45:46,Credit Card,3143.66,Completed,TXN-11904-11904
11905,11905,2025-06-17 23:37:14,Bank Transfer,1183.37,Completed,TXN-11905-11905
11906,11906,2026-03-06 11:39:05,PayPal,1856.76,Completed,TXN-11906-11906
11907,11907,2026-02-21 17:59:11,Bank Transfer,3703.71,Completed,TXN-11907-11907
11908,11908,2026-07-30 08:55:12,Bank Transfer,185.47,Completed,TXN-11908-11908
11909,11909,2025-12-30 09:21:11,PayPal,3369.59,Completed,TXN-11909-11909
11910,11910,2024-08-24 08:37:13,Debit Card,5141.64,Completed,TXN-11910-11910
11911,11911,2025-03-21 10:32:18,Cash on Delivery,3308.87,Pending,
11912,11912,2026-09-01 22:28:14,Bank Transfer,1092.61,Completed,TXN-11912-11912
11913,11913,2026-06-02 04:05:16,Bank Transfer,3381.38,Completed,TXN-11913-11913
11914,11914,2026-08-22 01:59:07,PayPal,553.15,Completed,TXN-11914-11914
11915,11915,2026-07-12 10:05:27,Cash on Delivery,2032.02,Completed,TXN-11915-11915
11916,11916,2025-07-19 10:03:39,Credit Card,930.25,Refunded,TXN-11916-11916
11917,11917,2024-10-28 15:39:31,Credit Card,7027.23,Completed,TXN-11917-11917
11918,11918,2024-08-06 06:32:16,Bank Transfer,1908.39,Completed,TXN-11918-11918
11919,11919,2025-10-05 18:48:15,Credit Card,1107.14,Completed,TXN-11919-11919
11920,11920,2026-08-03 13:04:50,Debit Card,948.3,Completed,TXN-11920-11920
11921,11921,2026-04-30 07:24:35,Debit Card,3918.36,Completed,TXN-11921-11921
11922,11922,2026-08-31 12:58:01,Credit Card,766.72,Completed,TXN-11922-11922
11923,11923,2026-03-31 04:55:54,PayPal,1453.36,Completed,TXN-11923-11923
11924,11924,2026-01-26 21:31:28,Bank Transfer,435.24,Completed,TXN-11924-11924
11925,11925,2026-01-03 16:01:40,Debit Card,1136.76,Completed,TXN-11925-11925
11926,11926,2025-09-11 16:38:00,PayPal,2244.74,Completed,TXN-11926-11926
11927,11927,2025-09-27 15:36:44,Credit Card,2233.88,Completed,TXN-11927-11927
11928,11928,2026-07-12 00:54:26,PayPal,2104.92,Completed,TXN-11928-11928
11929,11929,2025-02-08 13:48:06,Credit Card,1668.46,Completed,TXN-11929-11929
11930,11930,2026-07-15 11:30:45,Credit Card,1179.62,Completed,TXN-11930-11930
11931,11931,2025-01-29 16:08:49,Cash on Delivery,370.94,Completed,TXN-11931-11931
11932,11932,2024-10-12 20:02:16,Cash on Delivery,1805.13,Pending,
11933,11933,2025-03-25 06:24:19,PayPal,204.87,Completed,TXN-11933-11933
11934,11934,2024-08-18 09:53:18,Credit Card,2763.63,Completed,TXN-11934-11934
11935,11935,2026-08-04 21:09:58,Bank Transfer,1357.32,Completed,TXN-11935-11935
11936,11936,2026-07-28 07:53:10,Bank Transfer,2978.21,Pending,
11937,11937,2026-02-06 09:24:10,Debit Card,1822.25,Completed,TXN-11937-11937
11938,11938,2025-05-21 11:46:33,Debit Card,2936.58,Pending,
11939,11939,2026-08-27 11:40:04,Cash on Delivery,1634.9,Completed,TXN-11939-11939
11940,11940,2025-06-16 19:55:57,Bank Transfer,1856.78,Completed,TXN-11940-11940
11941,11941,2026-08-12 23:46:00,Credit Card,2785.76,Completed,TXN-11941-11941
11942,11942,2025-03-07 22:44:14,Debit Card,2685.23,Completed,TXN-11942-11942
11943,11943,2024-12-03 15:41:01,Cash on Delivery,452.12,Completed,TXN-11943-11943
11944,11944,2025-11-05 07:29:56,Credit Card,3311.2,Completed,TXN-11944-11944
11945,11945,2025-09-10 06:07:57,Bank Transfer,1199.5,Completed,TXN-11945-11945
11946,11946,2025-07-05 10:23:43,Debit Card,758.76,Completed,TXN-11946-11946
11947,11947,2024-12-06 14:14:34,Credit Card,2908.29,Pending,
11948,11948,2026-05-14 03:21:59,PayPal,2142.66,Completed,TXN-11948-11948
11949,11949,2024-02-27 13:31:54,Bank Transfer,3160.45,Completed,TXN-11949-11949
11950,11950,2025-06-17 16:21:15,Credit Card,320.79,Completed,TXN-11950-11950
11951,11951,2026-05-22 21:57:07,Credit Card,198.24,Completed,TXN-11951-11951
11952,11952,2026-04-04 23:54:54,Cash on Delivery,4149.6,Pending,
11953,11953,2026-05-31 00:13:57,Cash on Delivery,1435.94,Completed,TXN-11953-11953
11954,11954,2026-09-01 13:17:55,Cash on Delivery,3004.34,Failed,
11955,11955,2025-10-30 09:22:44,Debit Card,3266.49,Completed,TXN-11955-11955
11956,11956,2026-02-03 09:19:27,PayPal,1754.38,Completed,TXN-11956-11956
11957,11957,2025-05-10 17:49:52,Bank Transfer,812.54,Failed,
11958,11958,2026-04-01 06:21:41,Bank Transfer,991.17,Completed,TXN-11958-11958
11959,11959,2026-06-22 22:35:19,Bank Transfer,633.08,Completed,TXN-11959-11959
11960,11960,2026-08-05 23:01:46,Credit Card,2413.13,Completed,TXN-11960-11960
11961,11961,2026-01-16 03:35:53,Debit Card,919.61,Completed,TXN-11961-11961
11962,11962,2026-09-01 16:45:36,Debit Card,658.15,Completed,TXN-11962-11962
11963,11963,2026-07-24 02:41:32,Debit Card,1831.16,Refunded,TXN-11963-11963
11964,11964,2025-08-05 23:56:33,Credit Card,2539.65,Refunded,TXN-11964-11964
11965,11965,2025-09-11 14:35:29,PayPal,173.9,Completed,TXN-11965-11965
11966,11966,2025-08-09 13:36:23,Cash on Delivery,1340.54,Completed,TXN-11966-11966
11967,11967,2025-07-20 16:06:51,Bank Transfer,2007.27,Completed,TXN-11967-11967
11968,11968,2025-06-16 15:12:28,Credit Card,853.13,Completed,TXN-11968-11968
11969,11969,2025-07-30 02:37:42,Cash on Delivery,3676.91,Completed,TXN-11969-11969
11970,11970,2026-05-10 17:18:47,Cash on Delivery,2736.38,Completed,TXN-11970-11970
11971,11971,2025-02-22 15:56:45,Debit Card,2072.31,Completed,TXN-11971-11971
11972,11972,2025-09-27 02:10:54,Debit Card,3073.07,Pending,
11973,11973,2026-04-17 16:46:48,Credit Card,874.34,Refunded,TXN-11973-11973
11974,11974,2024-12-21 04:14:17,PayPal,604.84,Completed,TXN-11974-11974
11975,11975,2026-03-28 21:13:30,Cash on Delivery,435.24,Completed,TXN-11975-11975
11976,11976,2025-06-09 16:37:16,Credit Card,1118.31,Completed,TXN-11976-11976
11977,11977,2026-05-14 03:12:56,Bank Transfer,2803.62,Completed,TXN-11977-11977
11978,11978,2026-08-25 20:19:52,Cash on Delivery,1023.26,Completed,TXN-11978-11978
11979,11979,2024-05-09 18:09:28,Debit Card,3280.68,Completed,TXN-11979-11979
11980,11980,2025-12-26 14:43:33,Credit Card,583.61,Completed,TXN-11980-11980
11981,11981,2026-04-02 14:27:55,Credit Card,2230.42,Completed,TXN-11981-11981
11982,11982,2026-08-09 20:16:33,Cash on Delivery,918.04,Completed,TXN-11982-11982
11983,11983,2026-02-20 19:38:12,PayPal,1970.84,Completed,TXN-11983-11983
11984,11984,2026-07-28 17:57:54,PayPal,187.56,Pending,
11985,11985,2026-08-24 11:35:11,Credit Card,5263.31,Completed,TXN-11985-11985
11986,11986,2025-11-26 02:00:59,Credit Card,2074.33,Completed,TXN-11986-11986
11987,11987,2025-10-17 20:57:53,PayPal,7228.92,Completed,TXN-11987-11987
11988,11988,2025-09-06 15:13:56,Bank Transfer,1434.33,Completed,TXN-11988-11988
11989,11989,2025-03-30 02:02:14,Credit Card,5031.23,Completed,TXN-11989-11989
11990,11990,2026-06-19 08:45:46,Debit Card,2185.42,Completed,TXN-11990-11990
11991,11991,2026-08-10 20:39:14,Debit Card,2784.8,Completed,TXN-11991-11991
11992,11992,2026-06-05 22:31:24,Bank Transfer,845.46,Completed,TXN-11992-11992
11993,11993,2026-07-16 05:40:24,Credit Card,1893.34,Failed,
11994,11994,2026-08-23 09:29:00,Credit Card,821.28,Refunded,TXN-11994-11994
11995,11995,2025-08-23 14:05:33,Credit Card,7746.45,Completed,TXN-11995-11995
11996,11996,2025-08-16 20:58:59,Cash on Delivery,3767.91,Completed,TXN-11996-11996
11997,11997,2025-05-20 10:48:44,Cash on Delivery,2876.3,Completed,TXN-11997-11997
11998,11998,2026-03-17 07:01:06,PayPal,1878.83,Completed,TXN-11998-11998
11999,11999,2026-08-29 02:44:12,Debit Card,2050.19,Completed,TXN-11999-11999
12000,12000,2025-05-10 23:24:13,Debit Card,3003.63,Completed,TXN-12000-12000
12001,12001,2026-03-09 06:54:24,Cash on Delivery,1751.38,Pending,
12002,12002,2026-06-11 18:23:04,Credit Card,2519.34,Completed,TXN-12002-12002
12003,12003,2023-12-22 01:38:02,Credit Card,3535.44,Completed,TXN-12003-12003
12004,12004,2026-08-14 11:30:28,Bank Transfer,837.23,Completed,TXN-12004-12004
12005,12005,2026-08-07 11:04:32,Debit Card,4133.03,Completed,TXN-12005-12005
12006,12006,2026-06-19 04:33:59,Bank Transfer,1494.74,Completed,TXN-12006-12006
12007,12007,2026-02-18 05:33:09,Debit Card,4541.91,Completed,TXN-12007-12007
12008,12008,2025-05-31 07:41:54,Bank Transfer,1777.0,Completed,TXN-12008-12008
12009,12009,2025-09-27 02:10:48,Bank Transfer,157.65,Completed,TXN-12009-12009
12010,12010,2024-07-04 23:11:24,Credit Card,2707.72,Completed,TXN-12010-12010
12011,12011,2026-03-02 11:57:38,PayPal,2476.66,Completed,TXN-12011-12011
12012,12012,2026-08-06 20:55:32,Bank Transfer,2454.3,Completed,TXN-12012-12012
12013,12013,2026-06-13 23:36:44,Cash on Delivery,2084.15,Completed,TXN-12013-12013
12014,12014,2025-08-31 21:18:22,Credit Card,3205.76,Completed,TXN-12014-12014
12015,12015,2026-04-12 13:01:23,PayPal,1772.86,Completed,TXN-12015-12015
12016,12016,2025-09-04 10:30:16,PayPal,1220.56,Completed,TXN-12016-12016
12017,12017,2025-08-10 16:50:15,PayPal,4573.53,Completed,TXN-12017-12017
12018,12018,2024-08-20 07:07:35,Debit Card,1659.68,Completed,TXN-12018-12018
12019,12019,2024-12-24 08:18:12,Credit Card,1365.49,Completed,TXN-12019-12019
12020,12020,2026-03-09 05:11:34,PayPal,819.23,Completed,TXN-12020-12020
12021,12021,2026-02-06 12:47:53,Bank Transfer,991.87,Completed,TXN-12021-12021
12022,12022,2026-01-30 04:04:43,PayPal,1096.28,Completed,TXN-12022-12022
12023,12023,2025-10-03 18:59:04,Credit Card,1235.77,Refunded,TXN-12023-12023
12024,12024,2026-02-03 11:43:36,Credit Card,1199.49,Completed,TXN-12024-12024
12025,12025,2026-08-29 00:11:16,Cash on Delivery,812.77,Completed,TXN-12025-12025
12026,12026,2026-07-30 01:14:46,PayPal,2305.37,Completed,TXN-12026-12026
12027,12027,2026-09-01 09:14:38,Cash on Delivery,3506.58,Completed,TXN-12027-12027
12028,12028,2026-07-07 16:20:30,Credit Card,1188.05,Refunded,TXN-12028-12028
12029,12029,2026-05-22 01:40:36,Cash on Delivery,3462.23,Completed,TXN-12029-12029
12030,12030,2026-06-01 16:19:34,PayPal,3741.24,Completed,TXN-12030-12030
12031,12031,2026-04-01 00:33:44,PayPal,1954.03,Completed,TXN-12031-12031
12032,12032,2026-08-23 10:57:54,Bank Transfer,607.8,Completed,TXN-12032-12032
12033,12033,2025-03-23 15:58:36,Cash on Delivery,6869.82,Completed,TXN-12033-12033
12034,12034,2026-08-11 09:18:32,Debit Card,945.24,Completed,TXN-12034-12034
12035,12035,2026-09-01 18:21:20,PayPal,930.25,Completed,TXN-12035-12035
12036,12036,2025-03-08 00:20:28,Cash on Delivery,2289.97,Completed,TXN-12036-12036
12037,12037,2025-01-08 09:15:02,Cash on Delivery,1286.04,Completed,TXN-12037-12037
12038,12038,2026-08-03 20:00:10,Cash on Delivery,230.25,Completed,TXN-12038-12038
12039,12039,2024-09-10 08:43:09,Cash on Delivery,1156.43,Completed,TXN-12039-12039
12040,12040,2025-11-02 22:26:38,Credit Card,851.91,Completed,TXN-12040-12040
12041,12041,2024-11-29 19:36:24,Cash on Delivery,1009.52,Completed,TXN-12041-12041
12042,12042,2024-05-19 12:20:59,Debit Card,1167.22,Completed,TXN-12042-12042
12043,12043,2026-08-30 17:34:47,Bank Transfer,1706.42,Completed,TXN-12043-12043
12044,12044,2025-02-12 15:07:16,PayPal,2431.41,Refunded,TXN-12044-12044
12045,12045,2026-04-28 06:48:02,Debit Card,3313.06,Completed,TXN-12045-12045
12046,12046,2026-03-03 14:04:36,Debit Card,930.87,Completed,TXN-12046-12046
12047,12047,2026-03-25 03:49:02,PayPal,1952.32,Completed,TXN-12047-12047
12048,12048,2025-07-01 16:20:27,Bank Transfer,1783.75,Refunded,TXN-12048-12048
12049,12049,2025-12-12 11:14:15,Bank Transfer,1438.89,Completed,TXN-12049-12049
12050,12050,2026-08-05 18:10:07,Credit Card,1286.16,Completed,TXN-12050-12050
12051,12051,2025-06-25 17:03:03,Debit Card,604.84,Completed,TXN-12051-12051
12052,12052,2026-03-22 19:08:58,Bank Transfer,3620.05,Completed,TXN-12052-12052
12053,12053,2024-05-18 02:26:25,PayPal,2032.68,Completed,TXN-12053-12053
12054,12054,2026-03-07 19:27:16,Cash on Delivery,2025.79,Completed,TXN-12054-12054
12055,12055,2026-06-04 22:26:27,PayPal,1341.12,Completed,TXN-12055-12055
12056,12056,2026-08-14 13:50:25,Debit Card,457.79,Refunded,TXN-12056-12056
12057,12057,2025-09-21 10:40:58,Debit Card,2019.04,Completed,TXN-12057-12057
12058,12058,2024-04-04 02:39:56,PayPal,1039.76,Completed,TXN-12058-12058
12059,12059,2026-08-26 04:46:37,Bank Transfer,3327.65,Completed,TXN-12059-12059
12060,12060,2026-07-18 01:16:16,Credit Card,385.72,Completed,TXN-12060-12060
12061,12061,2026-02-14 03:15:41,Credit Card,658.15,Completed,TXN-12061-12061
12062,12062,2025-09-10 19:52:13,Bank Transfer,991.87,Completed,TXN-12062-12062
12063,12063,2026-03-13 09:51:29,Bank Transfer,1370.76,Completed,TXN-12063-12063
12064,12064,2026-06-12 21:30:29,PayPal,176.54,Completed,TXN-12064-12064
12065,12065,2026-02-04 03:36:25,PayPal,4134.33,Completed,TXN-12065-12065
12066,12066,2025-05-17 05:53:21,Credit Card,3965.12,Pending,
12067,12067,2026-03-15 18:15:06,Cash on Delivery,1688.07,Completed,TXN-12067-12067
12068,12068,2025-05-04 12:55:21,Bank Transfer,640.4,Completed,TXN-12068-12068
12069,12069,2025-01-04 04:05:33,Cash on Delivery,185.33,Completed,TXN-12069-12069
12070,12070,2026-03-06 19:03:39,Bank Transfer,2617.1,Completed,TXN-12070-12070
12071,12071,2026-04-18 13:08:57,Credit Card,43.21,Completed,TXN-12071-12071
12072,12072,2025-02-22 23:16:55,PayPal,3380.56,Completed,TXN-12072-12072
12073,12073,2026-07-27 10:04:28,Credit Card,501.48,Completed,TXN-12073-12073
12074,12074,2025-12-05 02:35:16,Bank Transfer,144.27,Completed,TXN-12074-12074
12075,12075,2026-06-23 18:18:50,Debit Card,1722.89,Completed,TXN-12075-12075
12076,12076,2026-08-15 11:45:13,Cash on Delivery,7929.25,Completed,TXN-12076-12076
12077,12077,2025-12-17 01:41:07,Cash on Delivery,1033.21,Completed,TXN-12077-12077
12078,12078,2024-12-06 21:12:00,Bank Transfer,1865.39,Completed,TXN-12078-12078
12079,12079,2026-01-03 21:17:05,PayPal,1614.4,Completed,TXN-12079-12079
12080,12080,2025-01-01 18:21:05,Debit Card,3672.99,Completed,TXN-12080-12080
12081,12081,2026-05-24 16:29:20,Cash on Delivery,2638.34,Completed,TXN-12081-12081
12082,12082,2024-12-30 19:23:42,PayPal,3589.78,Completed,TXN-12082-12082
12083,12083,2026-08-26 15:35:50,Bank Transfer,4778.98,Completed,TXN-12083-12083
12084,12084,2026-06-30 00:38:02,Cash on Delivery,3284.68,Completed,TXN-12084-12084
12085,12085,2025-11-25 10:19:22,PayPal,2704.57,Completed,TXN-12085-12085
12086,12086,2026-08-10 11:37:57,PayPal,923.29,Pending,
12087,12087,2025-02-13 12:20:03,Debit Card,1724.64,Completed,TXN-12087-12087
12088,12088,2026-07-11 00:35:10,PayPal,1020.52,Completed,TXN-12088-12088
12089,12089,2026-04-18 18:50:58,Debit Card,1832.62,Completed,TXN-12089-12089
12090,12090,2024-06-16 04:27:59,Credit Card,1314.18,Completed,TXN-12090-12090
12091,12091,2025-07-06 17:42:57,Debit Card,2138.51,Completed,TXN-12091-12091
12092,12092,2026-05-28 02:48:47,PayPal,1265.91,Completed,TXN-12092-12092
12093,12093,2026-02-22 22:49:12,PayPal,4960.8,Completed,TXN-12093-12093
12094,12094,2025-08-08 22:47:59,Cash on Delivery,4391.24,Completed,TXN-12094-12094
12095,12095,2026-07-21 03:03:09,PayPal,1100.4,Completed,TXN-12095-12095
12096,12096,2024-03-05 11:28:22,Credit Card,3037.24,Completed,TXN-12096-12096
12097,12097,2025-03-01 07:30:14,Credit Card,1286.16,Failed,
12098,12098,2025-06-07 12:50:58,Cash on Delivery,2064.44,Completed,TXN-12098-12098
12099,12099,2026-04-27 00:02:14,Bank Transfer,4251.68,Failed,
12100,12100,2026-04-07 18:10:57,PayPal,1723.4,Completed,TXN-12100-12100
12101,12101,2025-09-23 22:12:21,Cash on Delivery,3362.37,Completed,TXN-12101-12101
12102,12102,2026-09-01 02:04:40,PayPal,2941.99,Completed,TXN-12102-12102
12103,12103,2025-10-20 10:59:27,PayPal,2284.82,Failed,
12104,12104,2026-04-16 13:57:29,Bank Transfer,145.4,Pending,
12105,12105,2025-05-30 02:40:13,Debit Card,1063.14,Completed,TXN-12105-12105
12106,12106,2025-09-17 14:21:13,Credit Card,1286.51,Completed,TXN-12106-12106
12107,12107,2026-03-07 16:35:05,Credit Card,236.54,Completed,TXN-12107-12107
12108,12108,2026-07-15 15:42:01,Debit Card,2259.18,Completed,TXN-12108-12108
12109,12109,2026-03-30 02:32:59,Credit Card,607.48,Completed,TXN-12109-12109
12110,12110,2026-05-13 01:30:04,Debit Card,1399.4,Completed,TXN-12110-12110
12111,12111,2025-06-10 02:17:59,Debit Card,72.7,Completed,TXN-12111-12111
12112,12112,2026-07-05 01:04:38,Credit Card,930.37,Completed,TXN-12112-12112
12113,12113,2026-05-13 10:52:49,Bank Transfer,1798.84,Completed,TXN-12113-12113
12114,12114,2026-06-21 15:28:39,Debit Card,3990.41,Completed,TXN-12114-12114
12115,12115,2026-07-11 12:34:05,Cash on Delivery,574.18,Completed,TXN-12115-12115
12116,12116,2024-11-23 07:34:00,Debit Card,1671.26,Completed,TXN-12116-12116
12117,12117,2026-04-25 14:51:07,PayPal,652.86,Completed,TXN-12117-12117
12118,12118,2026-04-25 04:41:45,Credit Card,1405.43,Completed,TXN-12118-12118
12119,12119,2025-07-06 04:39:44,Bank Transfer,5997.75,Completed,TXN-12119-12119
12120,12120,2025-02-12 08:02:05,Credit Card,6930.43,Completed,TXN-12120-12120
12121,12121,2026-05-10 07:32:05,PayPal,1458.89,Completed,TXN-12121-12121
12122,12122,2026-07-10 18:28:57,Debit Card,2604.26,Completed,TXN-12122-12122
12123,12123,2026-05-31 05:36:55,Bank Transfer,1191.8,Completed,TXN-12123-12123
12124,12124,2025-10-31 21:19:55,PayPal,878.85,Completed,TXN-12124-12124
12125,12125,2026-05-12 19:15:31,Credit Card,2346.9,Completed,TXN-12125-12125
12126,12126,2026-06-06 04:05:22,Credit Card,1064.58,Completed,TXN-12126-12126
12127,12127,2026-08-15 19:55:54,PayPal,2041.04,Completed,TXN-12127-12127
12128,12128,2026-09-01 13:25:38,PayPal,754.51,Failed,
12129,12129,2025-08-09 04:16:37,PayPal,2786.3,Completed,TXN-12129-12129
12130,12130,2024-02-01 03:57:32,Bank Transfer,800.5,Completed,TXN-12130-12130
12131,12131,2023-11-27 07:43:59,Credit Card,2847.75,Completed,TXN-12131-12131
12132,12132,2026-08-21 17:27:44,Debit Card,3089.56,Completed,TXN-12132-12132
12133,12133,2026-07-21 20:10:41,Cash on Delivery,2979.19,Completed,TXN-12133-12133
12134,12134,2026-04-10 21:55:41,PayPal,2175.55,Completed,TXN-12134-12134
12135,12135,2024-02-11 16:02:06,Debit Card,1548.46,Completed,TXN-12135-12135
12136,12136,2025-11-17 15:38:48,Debit Card,1729.6,Completed,TXN-12136-12136
12137,12137,2026-05-22 10:44:30,Bank Transfer,403.64,Completed,TXN-12137-12137
12138,12138,2026-01-06 01:11:19,Bank Transfer,662.55,Completed,TXN-12138-12138
12139,12139,2024-06-05 00:37:45,Credit Card,1024.03,Completed,TXN-12139-12139
12140,12140,2026-07-05 23:21:16,Debit Card,2312.27,Completed,TXN-12140-12140
12141,12141,2025-09-25 06:18:08,Cash on Delivery,2537.21,Completed,TXN-12141-12141
12142,12142,2026-02-13 02:23:29,Bank Transfer,2378.83,Completed,TXN-12142-12142
12143,12143,2026-05-10 18:45:40,Debit Card,3135.54,Completed,TXN-12143-12143
12144,12144,2025-10-26 08:34:55,Debit Card,3097.79,Completed,TXN-12144-12144
12145,12145,2024-12-24 23:17:10,Cash on Delivery,413.12,Completed,TXN-12145-12145
12146,12146,2026-04-18 17:41:26,Credit Card,44.87,Completed,TXN-12146-12146
12147,12147,2024-04-30 16:32:41,Debit Card,427.54,Completed,TXN-12147-12147
12148,12148,2024-07-19 07:00:36,Cash on Delivery,434.07,Completed,TXN-12148-12148
12149,12149,2026-01-26 16:01:41,Debit Card,4182.85,Pending,
12150,12150,2025-10-08 12:43:34,Credit Card,176.54,Failed,
12151,12151,2025-05-22 13:42:19,Debit Card,2851.44,Completed,TXN-12151-12151
12152,12152,2025-12-16 03:20:19,Bank Transfer,4080.64,Completed,TXN-12152-12152
12153,12153,2026-08-01 16:38:49,Bank Transfer,1403.73,Completed,TXN-12153-12153
12154,12154,2026-04-26 12:25:11,Credit Card,373.04,Pending,
12155,12155,2024-05-05 12:51:39,Credit Card,194.63,Completed,TXN-12155-12155
12156,12156,2025-07-05 06:47:47,Credit Card,3753.71,Pending,
12157,12157,2025-01-19 09:23:06,Credit Card,1137.99,Completed,TXN-12157-12157
12158,12158,2026-01-04 17:30:32,Debit Card,930.25,Completed,TXN-12158-12158
12159,12159,2024-08-11 11:04:02,Credit Card,5456.85,Completed,TXN-12159-12159
12160,12160,2026-02-02 08:37:47,Debit Card,1018.4,Completed,TXN-12160-12160
12161,12161,2026-03-29 06:13:39,PayPal,2446.85,Failed,
12162,12162,2025-04-27 19:41:25,Debit Card,2381.61,Completed,TXN-12162-12162
12163,12163,2024-12-08 15:52:20,Cash on Delivery,1471.23,Completed,TXN-12163-12163
12164,12164,2025-02-27 08:54:26,Cash on Delivery,806.69,Refunded,TXN-12164-12164
12165,12165,2025-11-12 08:52:14,Debit Card,1987.28,Completed,TXN-12165-12165
12166,12166,2026-04-10 18:23:02,PayPal,1572.12,Pending,
12167,12167,2026-03-05 13:13:13,Cash on Delivery,1411.06,Completed,TXN-12167-12167
12168,12168,2026-03-15 12:46:34,PayPal,149.0,Refunded,TXN-12168-12168
12169,12169,2026-06-26 00:45:33,PayPal,1290.7,Completed,TXN-12169-12169
12170,12170,2026-05-09 17:45:15,Credit Card,4880.67,Completed,TXN-12170-12170
12171,12171,2026-05-19 22:07:49,Credit Card,2681.57,Completed,TXN-12171-12171
12172,12172,2025-07-29 21:27:29,Cash on Delivery,1767.91,Completed,TXN-12172-12172
12173,12173,2025-10-06 23:15:04,Credit Card,1263.24,Completed,TXN-12173-12173
12174,12174,2025-11-02 07:28:06,Credit Card,2843.71,Pending,
12175,12175,2026-07-04 09:54:41,Debit Card,5711.15,Completed,TXN-12175-12175
12176,12176,2026-06-20 14:23:55,Bank Transfer,1379.07,Completed,TXN-12176-12176
12177,12177,2025-11-10 10:48:16,PayPal,280.18,Pending,
12178,12178,2025-03-11 23:30:36,PayPal,3693.12,Completed,TXN-12178-12178
12179,12179,2024-12-09 12:19:00,Debit Card,2632.6,Completed,TXN-12179-12179
12180,12180,2026-03-29 22:20:00,PayPal,2583.08,Pending,
12181,12181,2024-11-01 07:55:21,Bank Transfer,1111.07,Completed,TXN-12181-12181
12182,12182,2026-03-09 17:00:46,Debit Card,1594.27,Refunded,TXN-12182-12182
12183,12183,2026-08-30 23:32:22,Debit Card,2520.66,Completed,TXN-12183-12183
12184,12184,2026-01-13 13:37:52,Cash on Delivery,890.23,Completed,TXN-12184-12184
12185,12185,2026-08-19 22:22:31,Bank Transfer,1241.57,Completed,TXN-12185-12185
12186,12186,2026-06-28 22:53:09,PayPal,854.22,Completed,TXN-12186-12186
12187,12187,2024-08-20 13:15:58,Debit Card,1016.34,Completed,TXN-12187-12187
12188,12188,2025-07-30 20:56:26,Credit Card,530.04,Completed,TXN-12188-12188
12189,12189,2026-08-11 13:53:10,PayPal,597.45,Completed,TXN-12189-12189
12190,12190,2025-01-23 03:06:14,Credit Card,149.0,Completed,TXN-12190-12190
12191,12191,2026-05-18 06:26:30,Bank Transfer,677.11,Completed,TXN-12191-12191
12192,12192,2025-06-12 17:47:49,Credit Card,895.08,Completed,TXN-12192-12192
12193,12193,2026-08-31 06:03:02,Bank Transfer,1735.46,Completed,TXN-12193-12193
12194,12194,2026-06-30 21:28:59,Cash on Delivery,1997.74,Completed,TXN-12194-12194
12195,12195,2026-01-11 11:49:55,Debit Card,1542.34,Completed,TXN-12195-12195
12196,12196,2025-12-12 18:29:54,Cash on Delivery,8050.21,Completed,TXN-12196-12196
12197,12197,2026-08-06 05:00:49,Bank Transfer,2511.86,Refunded,TXN-12197-12197
12198,12198,2026-06-19 03:58:03,PayPal,1423.99,Completed,TXN-12198-12198
12199,12199,2026-07-28 06:13:58,Bank Transfer,339.73,Completed,TXN-12199-12199
12200,12200,2026-06-04 05:10:05,Debit Card,204.87,Completed,TXN-12200-12200
12201,12201,2025-12-08 16:30:26,Cash on Delivery,773.34,Completed,TXN-12201-12201
12202,12202,2026-03-15 02:10:55,Bank Transfer,2447.13,Pending,
12203,12203,2025-07-05 01:09:15,PayPal,148.94,Completed,TXN-12203-12203
12204,12204,2026-04-12 21:24:09,Cash on Delivery,353.57,Completed,TXN-12204-12204
12205,12205,2026-08-08 21:58:06,Credit Card,6025.66,Completed,TXN-12205-12205
12206,12206,2026-08-06 08:10:24,Bank Transfer,1517.52,Completed,TXN-12206-12206
12207,12207,2026-05-06 12:31:07,Credit Card,5224.92,Completed,TXN-12207-12207
12208,12208,2026-08-14 20:39:11,Bank Transfer,2302.67,Failed,
12209,12209,2025-10-08 23:12:54,Bank Transfer,831.13,Completed,TXN-12209-12209
12210,12210,2025-04-02 18:00:31,Bank Transfer,1832.57,Completed,TXN-12210-12210
12211,12211,2026-02-09 14:53:40,Credit Card,793.02,Pending,
12212,12212,2026-08-31 06:07:03,PayPal,2068.77,Completed,TXN-12212-12212
12213,12213,2026-07-06 17:44:51,Debit Card,1782.29,Completed,TXN-12213-12213
12214,12214,2025-07-09 02:06:27,PayPal,3571.35,Completed,TXN-12214-12214
12215,12215,2026-08-25 09:41:59,Debit Card,2110.75,Completed,TXN-12215-12215
12216,12216,2024-11-14 09:37:55,Bank Transfer,774.95,Completed,TXN-12216-12216
12217,12217,2025-09-30 22:15:16,Credit Card,1384.84,Completed,TXN-12217-12217
12218,12218,2025-01-21 03:03:13,Credit Card,1658.65,Completed,TXN-12218-12218
12219,12219,2026-03-28 12:48:53,Cash on Delivery,1633.93,Completed,TXN-12219-12219
12220,12220,2025-10-24 07:04:46,Debit Card,1161.62,Refunded,TXN-12220-12220
12221,12221,2026-08-08 00:36:50,Cash on Delivery,560.04,Completed,TXN-12221-12221
12222,12222,2026-03-03 22:09:56,Cash on Delivery,3121.24,Completed,TXN-12222-12222
12223,12223,2024-10-30 04:46:32,Debit Card,631.62,Completed,TXN-12223-12223
12224,12224,2025-04-30 10:14:03,Cash on Delivery,3844.75,Pending,
12225,12225,2024-04-27 16:01:20,PayPal,2439.22,Completed,TXN-12225-12225
12226,12226,2026-01-12 22:50:35,Debit Card,3175.25,Completed,TXN-12226-12226
12227,12227,2024-01-29 17:03:35,Credit Card,579.6,Completed,TXN-12227-12227
12228,12228,2026-02-04 20:08:59,PayPal,340.56,Completed,TXN-12228-12228
12229,12229,2026-01-07 08:11:07,Cash on Delivery,633.36,Completed,TXN-12229-12229
12230,12230,2026-08-01 08:53:41,Credit Card,2557.67,Completed,TXN-12230-12230
12231,12231,2025-12-01 20:45:36,PayPal,1676.55,Completed,TXN-12231-12231
12232,12232,2024-10-12 15:24:18,Cash on Delivery,981.5,Completed,TXN-12232-12232
12233,12233,2025-11-16 12:14:23,PayPal,409.74,Completed,TXN-12233-12233
12234,12234,2026-08-07 20:42:05,Cash on Delivery,1579.95,Completed,TXN-12234-12234
12235,12235,2026-08-28 08:45:55,Cash on Delivery,1114.32,Completed,TXN-12235-12235
12236,12236,2026-07-30 03:43:46,PayPal,1996.26,Completed,TXN-12236-12236
12237,12237,2025-07-29 12:28:27,Cash on Delivery,173.9,Refunded,TXN-12237-12237
12238,12238,2026-06-03 08:01:25,Credit Card,2244.68,Completed,TXN-12238-12238
12239,12239,2026-01-06 23:11:28,Debit Card,2185.96,Completed,TXN-12239-12239
12240,12240,2026-03-02 17:06:16,Bank Transfer,969.49,Completed,TXN-12240-12240
12241,12241,2024-10-03 23:10:36,Cash on Delivery,1140.84,Completed,TXN-12241-12241
12242,12242,2025-12-26 09:27:55,PayPal,1800.3,Completed,TXN-12242-12242
12243,12243,2025-10-26 14:47:07,Bank Transfer,3580.29,Completed,TXN-12243-12243
12244,12244,2026-08-14 21:55:06,Debit Card,2772.88,Completed,TXN-12244-12244
12245,12245,2026-04-05 16:32:35,PayPal,1711.68,Completed,TXN-12245-12245
12246,12246,2024-02-22 05:25:07,Bank Transfer,1262.28,Completed,TXN-12246-12246
12247,12247,2024-06-22 10:19:26,Debit Card,1017.03,Completed,TXN-12247-12247
12248,12248,2026-07-07 01:11:45,Debit Card,804.72,Completed,TXN-12248-12248
12249,12249,2025-12-14 15:59:13,PayPal,2733.29,Completed,TXN-12249-12249
12250,12250,2023-12-26 22:21:33,PayPal,996.73,Completed,TXN-12250-12250
12251,12251,2026-08-13 15:14:28,Cash on Delivery,696.81,Completed,TXN-12251-12251
12252,12252,2025-08-06 20:36:40,Cash on Delivery,1377.06,Completed,TXN-12252-12252
12253,12253,2026-08-16 04:27:39,Cash on Delivery,5022.36,Completed,TXN-12253-12253
12254,12254,2026-01-26 01:37:00,Cash on Delivery,712.22,Completed,TXN-12254-12254
12255,12255,2026-06-29 07:18:26,Debit Card,555.64,Completed,TXN-12255-12255
12256,12256,2026-02-21 16:57:21,Debit Card,434.91,Completed,TXN-12256-12256
12257,12257,2025-01-17 15:35:13,Credit Card,3626.18,Completed,TXN-12257-12257
12258,12258,2026-01-08 19:14:48,PayPal,607.01,Completed,TXN-12258-12258
12259,12259,2025-12-24 19:37:53,Bank Transfer,1746.94,Completed,TXN-12259-12259
12260,12260,2024-10-15 23:31:04,Bank Transfer,733.86,Completed,TXN-12260-12260
12261,12261,2025-08-08 02:37:56,Bank Transfer,826.24,Completed,TXN-12261-12261
12262,12262,2026-08-13 21:23:59,PayPal,2252.62,Completed,TXN-12262-12262
12263,12263,2025-03-25 05:07:56,PayPal,809.82,Pending,
12264,12264,2026-08-02 20:59:10,Debit Card,868.15,Completed,TXN-12264-12264
12265,12265,2024-05-28 10:51:35,Debit Card,1147.3,Completed,TXN-12265-12265
12266,12266,2025-06-28 21:46:26,Bank Transfer,3140.62,Completed,TXN-12266-12266
12267,12267,2026-07-15 03:05:55,Debit Card,3723.79,Refunded,TXN-12267-12267
12268,12268,2026-07-12 15:46:49,PayPal,4717.75,Pending,
12269,12269,2026-08-21 01:33:03,Cash on Delivery,1580.74,Pending,
12270,12270,2024-11-08 13:04:45,Cash on Delivery,3133.75,Completed,TXN-12270-12270
12271,12271,2024-12-05 08:09:09,Cash on Delivery,1928.32,Completed,TXN-12271-12271
12272,12272,2025-09-18 13:34:11,Bank Transfer,1468.38,Completed,TXN-12272-12272
12273,12273,2026-01-10 16:02:52,PayPal,466.89,Completed,TXN-12273-12273
12274,12274,2024-05-27 08:14:03,Cash on Delivery,2344.96,Completed,TXN-12274-12274
12275,12275,2024-09-07 16:35:44,Bank Transfer,1062.94,Completed,TXN-12275-12275
12276,12276,2025-03-31 10:16:48,Cash on Delivery,663.61,Pending,
12277,12277,2026-08-27 15:48:16,Bank Transfer,1556.92,Completed,TXN-12277-12277
12278,12278,2026-05-14 17:25:52,Cash on Delivery,198.32,Completed,TXN-12278-12278
12279,12279,2025-09-05 12:29:10,PayPal,913.84,Pending,
12280,12280,2026-08-11 16:42:29,Debit Card,149.0,Completed,TXN-12280-12280
12281,12281,2026-04-11 23:10:23,PayPal,2881.22,Completed,TXN-12281-12281
12282,12282,2025-01-13 11:58:54,Credit Card,3188.52,Completed,TXN-12282-12282
12283,12283,2025-04-07 05:29:11,Credit Card,255.83,Completed,TXN-12283-12283
12284,12284,2025-03-01 08:04:48,Credit Card,643.08,Failed,
12285,12285,2026-05-30 15:12:09,Debit Card,716.96,Completed,TXN-12285-12285
12286,12286,2024-12-07 22:45:37,PayPal,921.11,Completed,TXN-12286-12286
12287,12287,2026-03-12 22:34:30,Debit Card,1488.47,Completed,TXN-12287-12287
12288,12288,2025-12-24 15:54:33,Cash on Delivery,1433.04,Completed,TXN-12288-12288
12289,12289,2024-02-07 22:41:31,Bank Transfer,305.76,Completed,TXN-12289-12289
12290,12290,2026-04-15 11:36:47,Bank Transfer,95.82,Completed,TXN-12290-12290
12291,12291,2026-03-22 05:51:42,Cash on Delivery,2999.88,Completed,TXN-12291-12291
12292,12292,2026-07-05 06:26:23,Cash on Delivery,511.66,Completed,TXN-12292-12292
12293,12293,2026-08-22 01:49:30,Debit Card,1168.76,Completed,TXN-12293-12293
12294,12294,2025-12-20 15:50:08,Bank Transfer,3707.85,Completed,TXN-12294-12294
12295,12295,2025-10-09 01:16:48,PayPal,1034.76,Completed,TXN-12295-12295
12296,12296,2025-07-08 10:37:14,PayPal,1058.44,Completed,TXN-12296-12296
12297,12297,2025-11-17 03:56:25,PayPal,1236.92,Completed,TXN-12297-12297
12298,12298,2026-08-18 20:03:20,PayPal,288.77,Completed,TXN-12298-12298
12299,12299,2025-10-27 08:52:54,Debit Card,1706.26,Completed,TXN-12299-12299
12300,12300,2026-08-20 12:39:47,Bank Transfer,2877.85,Completed,TXN-12300-12300
12301,12301,2023-12-17 05:51:54,Debit Card,1626.71,Completed,TXN-12301-12301
12302,12302,2025-01-31 02:11:23,Bank Transfer,2389.21,Completed,TXN-12302-12302
12303,12303,2025-06-16 19:16:29,Bank Transfer,1578.5,Completed,TXN-12303-12303
12304,12304,2026-04-22 00:00:30,PayPal,913.84,Completed,TXN-12304-12304
12305,12305,2025-09-06 04:30:21,Credit Card,1604.13,Completed,TXN-12305-12305
12306,12306,2026-05-19 08:52:59,Bank Transfer,1537.6,Pending,
12307,12307,2025-05-14 08:41:06,Debit Card,3368.32,Completed,TXN-12307-12307
12308,12308,2026-08-17 20:05:20,Bank Transfer,1616.47,Completed,TXN-12308-12308
12309,12309,2025-05-08 00:17:56,Credit Card,3394.99,Failed,
12310,12310,2025-11-11 07:31:48,Cash on Delivery,185.47,Completed,TXN-12310-12310
12311,12311,2025-10-19 15:58:28,Bank Transfer,3003.05,Completed,TXN-12311-12311
12312,12312,2024-06-23 16:59:00,Bank Transfer,1217.67,Completed,TXN-12312-12312
12313,12313,2026-08-16 19:22:33,Credit Card,1988.36,Completed,TXN-12313-12313
12314,12314,2026-04-05 08:29:57,PayPal,1725.83,Completed,TXN-12314-12314
12315,12315,2025-07-09 12:08:33,Debit Card,59.39,Completed,TXN-12315-12315
12316,12316,2026-08-25 18:46:41,Credit Card,1327.16,Completed,TXN-12316-12316
12317,12317,2025-09-01 05:47:15,Credit Card,2097.64,Completed,TXN-12317-12317
12318,12318,2026-03-23 11:51:54,PayPal,2396.74,Completed,TXN-12318-12318
12319,12319,2025-06-16 05:08:02,Credit Card,322.74,Completed,TXN-12319-12319
12320,12320,2026-08-31 00:17:27,Cash on Delivery,1223.3,Completed,TXN-12320-12320
12321,12321,2024-08-21 08:13:53,Bank Transfer,1321.04,Completed,TXN-12321-12321
12322,12322,2025-05-26 00:54:19,Cash on Delivery,4769.48,Completed,TXN-12322-12322
12323,12323,2025-01-18 06:14:47,PayPal,2725.75,Completed,TXN-12323-12323
12324,12324,2026-03-28 02:32:37,Bank Transfer,1452.62,Completed,TXN-12324-12324
12325,12325,2026-01-20 00:01:36,Credit Card,597.45,Completed,TXN-12325-12325
12326,12326,2025-11-27 01:45:06,PayPal,1373.37,Completed,TXN-12326-12326
12327,12327,2026-06-14 01:20:39,PayPal,176.54,Completed,TXN-12327-12327
12328,12328,2026-07-13 07:50:56,Debit Card,4964.8,Completed,TXN-12328-12328
12329,12329,2026-04-13 02:36:25,Debit Card,2246.32,Pending,
12330,12330,2026-01-05 10:15:53,Bank Transfer,4173.01,Completed,TXN-12330-12330
12331,12331,2024-11-25 17:44:19,Cash on Delivery,1779.6,Completed,TXN-12331-12331
12332,12332,2024-12-16 05:27:29,PayPal,1692.24,Completed,TXN-12332-12332
12333,12333,2026-06-26 03:25:22,PayPal,1168.41,Completed,TXN-12333-12333
12334,12334,2026-04-18 14:04:35,PayPal,1556.52,Completed,TXN-12334-12334
12335,12335,2026-01-25 03:43:28,Cash on Delivery,911.18,Completed,TXN-12335-12335
12336,12336,2026-08-10 18:42:34,PayPal,557.91,Completed,TXN-12336-12336
12337,12337,2025-11-30 21:18:14,Credit Card,2032.68,Completed,TXN-12337-12337
12338,12338,2026-06-09 06:40:26,Debit Card,4372.45,Completed,TXN-12338-12338
12339,12339,2024-08-17 03:14:53,Bank Transfer,2634.73,Failed,
12340,12340,2025-06-25 08:29:33,Debit Card,932.18,Completed,TXN-12340-12340
12341,12341,2023-10-04 17:35:08,Credit Card,662.55,Failed,
12342,12342,2026-04-21 06:18:46,Debit Card,1750.51,Completed,TXN-12342-12342
12343,12343,2026-04-13 19:13:51,PayPal,3261.07,Completed,TXN-12343-12343
12344,12344,2026-04-12 09:44:22,Debit Card,662.55,Completed,TXN-12344-12344
12345,12345,2026-05-02 09:39:36,Credit Card,4055.45,Completed,TXN-12345-12345
12346,12346,2026-08-25 19:08:39,Credit Card,2538.92,Completed,TXN-12346-12346
12347,12347,2025-12-01 11:44:54,Debit Card,1117.64,Completed,TXN-12347-12347
12348,12348,2026-07-09 15:59:30,Credit Card,1052.46,Completed,TXN-12348-12348
12349,12349,2026-05-06 08:34:11,Cash on Delivery,2472.45,Completed,TXN-12349-12349
12350,12350,2026-06-23 21:37:22,Cash on Delivery,1512.06,Completed,TXN-12350-12350
12351,12351,2025-08-19 12:53:02,Debit Card,706.7,Completed,TXN-12351-12351
12352,12352,2025-10-14 18:56:04,Cash on Delivery,3822.65,Completed,TXN-12352-12352
12353,12353,2026-03-29 10:45:48,Credit Card,212.89,Completed,TXN-12353-12353
12354,12354,2025-10-13 16:07:19,PayPal,1816.91,Completed,TXN-12354-12354
12355,12355,2024-08-20 01:26:11,PayPal,4019.83,Completed,TXN-12355-12355
12356,12356,2025-10-11 10:00:44,Cash on Delivery,3095.53,Completed,TXN-12356-12356
12357,12357,2026-03-08 06:10:57,PayPal,2652.91,Pending,
12358,12358,2026-05-04 08:54:00,Credit Card,583.61,Completed,TXN-12358-12358
12359,12359,2025-07-05 11:44:02,Credit Card,2182.03,Completed,TXN-12359-12359
12360,12360,2025-11-02 05:47:43,PayPal,1854.92,Completed,TXN-12360-12360
12361,12361,2025-05-09 04:50:58,PayPal,459.02,Refunded,TXN-12361-12361
12362,12362,2026-08-21 11:13:14,Credit Card,1756.07,Completed,TXN-12362-12362
12363,12363,2026-07-19 06:00:42,Cash on Delivery,4647.63,Completed,TXN-12363-12363
12364,12364,2026-05-06 06:40:16,Cash on Delivery,1924.57,Completed,TXN-12364-12364
12365,12365,2025-08-13 03:22:17,Cash on Delivery,1335.74,Pending,
12366,12366,2025-12-31 15:29:09,Credit Card,562.02,Completed,TXN-12366-12366
12367,12367,2026-08-12 10:18:19,PayPal,985.04,Completed,TXN-12367-12367
12368,12368,2026-08-25 02:32:30,Debit Card,1429.03,Completed,TXN-12368-12368
12369,12369,2025-04-14 14:29:11,Bank Transfer,2033.71,Completed,TXN-12369-12369
12370,12370,2026-03-25 18:56:12,Debit Card,3971.49,Completed,TXN-12370-12370
12371,12371,2026-08-16 23:41:41,Bank Transfer,892.77,Completed,TXN-12371-12371
12372,12372,2026-06-24 09:37:53,Debit Card,4797.7,Completed,TXN-12372-12372
12373,12373,2026-08-29 15:46:01,Cash on Delivery,4864.83,Completed,TXN-12373-12373
12374,12374,2026-07-08 03:21:15,PayPal,1093.9,Completed,TXN-12374-12374
12375,12375,2025-07-21 01:10:38,Credit Card,1982.49,Completed,TXN-12375-12375
12376,12376,2026-04-03 16:45:49,Cash on Delivery,4760.29,Completed,TXN-12376-12376
12377,12377,2025-08-27 19:32:49,PayPal,4065.36,Completed,TXN-12377-12377
12378,12378,2026-04-29 06:40:09,Debit Card,1749.0,Completed,TXN-12378-12378
12379,12379,2026-02-26 04:30:57,Cash on Delivery,1174.75,Refunded,TXN-12379-12379
12380,12380,2025-08-30 12:32:38,Credit Card,643.08,Completed,TXN-12380-12380
12381,12381,2026-03-19 21:03:10,Cash on Delivery,2077.1,Pending,
12382,12382,2026-06-05 09:22:11,PayPal,2355.65,Completed,TXN-12382-12382
12383,12383,2025-02-08 12:18:59,Credit Card,1737.07,Completed,TXN-12383-12383
12384,12384,2026-06-27 02:04:56,Debit Card,1373.37,Completed,TXN-12384-12384
12385,12385,2025-08-14 08:11:59,Credit Card,2519.61,Refunded,TXN-12385-12385
12386,12386,2026-09-01 08:31:21,Credit Card,2889.34,Refunded,TXN-12386-12386
12387,12387,2026-08-02 13:54:40,Debit Card,2352.99,Completed,TXN-12387-12387
12388,12388,2026-02-02 23:18:22,Credit Card,6237.4,Completed,TXN-12388-12388
12389,12389,2026-08-18 09:07:31,Cash on Delivery,1660.73,Completed,TXN-12389-12389
12390,12390,2025-08-12 10:57:26,Cash on Delivery,846.04,Completed,TXN-12390-12390
12391,12391,2025-07-12 03:44:14,PayPal,2476.83,Completed,TXN-12391-12391
12392,12392,2026-08-09 19:31:59,Bank Transfer,394.13,Completed,TXN-12392-12392
12393,12393,2025-09-10 11:18:36,PayPal,1855.51,Completed,TXN-12393-12393
12394,12394,2026-03-03 14:51:13,Bank Transfer,1504.14,Completed,TXN-12394-12394
12395,12395,2026-08-07 01:09:33,PayPal,1345.1,Completed,TXN-12395-12395
12396,12396,2024-12-30 18:51:10,Debit Card,981.65,Completed,TXN-12396-12396
12397,12397,2026-02-06 23:43:24,Credit Card,2096.32,Pending,
12398,12398,2024-07-26 19:19:02,Bank Transfer,1420.11,Completed,TXN-12398-12398
12399,12399,2025-11-09 07:11:59,Debit Card,1553.26,Completed,TXN-12399-12399
12400,12400,2026-06-09 00:31:03,PayPal,511.66,Completed,TXN-12400-12400
12401,12401,2024-05-16 23:22:01,Cash on Delivery,663.89,Completed,TXN-12401-12401
12402,12402,2024-10-20 03:22:21,Cash on Delivery,489.62,Failed,
12403,12403,2025-11-16 17:24:57,Credit Card,1619.39,Completed,TXN-12403-12403
12404,12404,2025-11-23 04:49:41,PayPal,2701.9,Completed,TXN-12404-12404
12405,12405,2025-10-19 05:39:47,PayPal,784.77,Completed,TXN-12405-12405
12406,12406,2026-08-24 15:59:39,Bank Transfer,7214.63,Completed,TXN-12406-12406
12407,12407,2026-01-16 13:29:12,PayPal,2685.72,Completed,TXN-12407-12407
12408,12408,2024-03-05 04:13:24,Cash on Delivery,2315.66,Completed,TXN-12408-12408
12409,12409,2025-11-28 22:43:23,Debit Card,2555.73,Pending,
12410,12410,2026-07-28 10:59:16,PayPal,3683.88,Completed,TXN-12410-12410
12411,12411,2026-02-24 16:39:26,Cash on Delivery,2730.41,Completed,TXN-12411-12411
12412,12412,2024-03-22 14:11:22,Debit Card,4856.74,Completed,TXN-12412-12412
12413,12413,2026-08-06 12:19:40,Bank Transfer,973.78,Completed,TXN-12413-12413
12414,12414,2024-12-14 14:30:45,Cash on Delivery,150.06,Completed,TXN-12414-12414
12415,12415,2026-02-24 11:24:14,Debit Card,563.1,Completed,TXN-12415-12415
12416,12416,2025-02-19 22:39:22,Cash on Delivery,674.45,Completed,TXN-12416-12416
12417,12417,2026-08-10 08:31:39,Cash on Delivery,3028.56,Completed,TXN-12417-12417
12418,12418,2025-11-19 09:13:50,Cash on Delivery,2151.22,Completed,TXN-12418-12418
12419,12419,2026-07-02 05:44:59,PayPal,3305.36,Completed,TXN-12419-12419
12420,12420,2026-01-15 22:26:40,Cash on Delivery,217.62,Completed,TXN-12420-12420
12421,12421,2026-02-28 05:28:40,Bank Transfer,2883.79,Completed,TXN-12421-12421
12422,12422,2026-08-26 23:12:33,Credit Card,1468.12,Completed,TXN-12422-12422
12423,12423,2026-04-12 21:18:43,PayPal,1952.21,Pending,
12424,12424,2025-04-24 03:22:03,PayPal,1239.65,Completed,TXN-12424-12424
12425,12425,2025-08-29 05:49:07,Cash on Delivery,4452.37,Completed,TXN-12425-12425
12426,12426,2026-04-08 00:07:18,PayPal,132.89,Completed,TXN-12426-12426
12427,12427,2026-07-27 06:09:39,Credit Card,1098.07,Completed,TXN-12427-12427
12428,12428,2025-12-20 03:34:49,Cash on Delivery,1168.76,Completed,TXN-12428-12428
12429,12429,2026-03-24 19:56:14,Bank Transfer,4226.05,Completed,TXN-12429-12429
12430,12430,2024-09-26 06:10:17,Debit Card,947.92,Completed,TXN-12430-12430
12431,12431,2025-07-30 00:05:27,PayPal,788.26,Completed,TXN-12431-12431
12432,12432,2024-06-15 21:13:19,Debit Card,2019.04,Completed,TXN-12432-12432
12433,12433,2026-05-16 08:13:48,Cash on Delivery,1578.58,Completed,TXN-12433-12433
12434,12434,2025-10-20 22:30:27,PayPal,2523.99,Completed,TXN-12434-12434
12435,12435,2026-04-29 02:51:38,Bank Transfer,2627.94,Completed,TXN-12435-12435
12436,12436,2026-06-29 18:43:27,Debit Card,2572.32,Completed,TXN-12436-12436
12437,12437,2026-08-28 11:02:13,Debit Card,364.68,Completed,TXN-12437-12437
12438,12438,2025-09-08 14:46:18,PayPal,5026.03,Completed,TXN-12438-12438
12439,12439,2025-08-03 20:25:01,Bank Transfer,2983.59,Completed,TXN-12439-12439
12440,12440,2026-02-20 15:22:32,Bank Transfer,1088.71,Completed,TXN-12440-12440
12441,12441,2026-01-16 15:23:32,Cash on Delivery,2340.8,Completed,TXN-12441-12441
12442,12442,2024-10-06 22:02:02,PayPal,1533.88,Completed,TXN-12442-12442
12443,12443,2025-08-13 07:23:02,Credit Card,948.3,Completed,TXN-12443-12443
12444,12444,2024-11-20 09:18:17,Cash on Delivery,298.63,Completed,TXN-12444-12444
12445,12445,2024-06-30 09:19:50,PayPal,5162.54,Failed,
12446,12446,2026-07-26 17:20:34,Cash on Delivery,583.61,Pending,
12447,12447,2026-05-25 01:35:45,Bank Transfer,5161.77,Completed,TXN-12447-12447
12448,12448,2026-06-12 07:30:24,PayPal,1474.45,Completed,TXN-12448-12448
12449,12449,2024-05-04 16:44:30,Debit Card,633.08,Failed,
12450,12450,2025-08-17 09:41:48,Debit Card,1140.23,Completed,TXN-12450-12450
12451,12451,2025-02-19 13:05:59,Debit Card,370.46,Completed,TXN-12451-12451
12452,12452,2026-06-26 11:17:56,PayPal,1214.0,Completed,TXN-12452-12452
12453,12453,2026-08-19 00:13:48,Debit Card,1556.26,Completed,TXN-12453-12453
12454,12454,2025-04-24 04:31:11,PayPal,854.22,Pending,
12455,12455,2026-08-31 13:02:57,Cash on Delivery,883.74,Completed,TXN-12455-12455
12456,12456,2024-10-12 04:45:19,Bank Transfer,1041.73,Completed,TXN-12456-12456
12457,12457,2026-05-02 02:48:36,Credit Card,880.29,Failed,
12458,12458,2025-11-23 13:36:09,Bank Transfer,631.62,Completed,TXN-12458-12458
12459,12459,2025-10-25 08:28:53,Credit Card,801.17,Completed,TXN-12459-12459
12460,12460,2025-03-11 09:58:12,Cash on Delivery,880.29,Completed,TXN-12460-12460
12461,12461,2026-08-16 23:56:25,Bank Transfer,2254.76,Completed,TXN-12461-12461
12462,12462,2025-10-23 17:19:06,Credit Card,4239.04,Completed,TXN-12462-12462
12463,12463,2026-05-05 01:20:14,PayPal,1632.62,Completed,TXN-12463-12463
12464,12464,2026-06-19 00:44:28,Cash on Delivery,1836.08,Completed,TXN-12464-12464
12465,12465,2025-10-09 21:12:46,PayPal,1471.75,Pending,
12466,12466,2026-08-29 10:51:35,PayPal,538.12,Completed,TXN-12466-12466
12467,12467,2026-08-06 07:15:16,PayPal,512.49,Completed,TXN-12467-12467
12468,12468,2024-08-24 07:57:37,Debit Card,2348.25,Completed,TXN-12468-12468
12469,12469,2025-12-11 14:38:53,Debit Card,3371.15,Completed,TXN-12469-12469
12470,12470,2025-05-19 21:53:56,Bank Transfer,2278.72,Pending,
12471,12471,2025-06-02 03:52:12,Debit Card,1881.5,Completed,TXN-12471-12471
12472,12472,2026-01-22 03:29:07,PayPal,2190.79,Completed,TXN-12472-12472
12473,12473,2026-08-08 20:09:32,Credit Card,574.04,Completed,TXN-12473-12473
12474,12474,2025-07-28 03:09:07,Bank Transfer,631.62,Completed,TXN-12474-12474
12475,12475,2025-12-16 04:21:39,Cash on Delivery,1016.34,Pending,
12476,12476,2026-01-27 02:16:49,PayPal,2021.14,Completed,TXN-12476-12476
12477,12477,2025-12-27 15:17:51,PayPal,1230.04,Completed,TXN-12477-12477
12478,12478,2025-01-29 04:04:37,Cash on Delivery,883.02,Pending,
12479,12479,2026-08-09 10:35:08,Credit Card,1016.34,Completed,TXN-12479-12479
12480,12480,2025-09-26 18:53:21,Credit Card,1438.06,Completed,TXN-12480-12480
12481,12481,2024-12-23 21:44:51,Cash on Delivery,1286.16,Completed,TXN-12481-12481
12482,12482,2026-05-29 22:30:23,Credit Card,1468.95,Completed,TXN-12482-12482
12483,12483,2026-07-30 14:43:42,Debit Card,1471.03,Refunded,TXN-12483-12483
12484,12484,2026-02-13 19:15:55,Bank Transfer,2174.79,Completed,TXN-12484-12484
12485,12485,2026-07-12 02:13:48,Debit Card,383.75,Completed,TXN-12485-12485
12486,12486,2026-08-30 17:22:45,Bank Transfer,227.28,Completed,TXN-12486-12486
12487,12487,2026-05-23 00:47:05,PayPal,1963.3,Completed,TXN-12487-12487
12488,12488,2025-12-12 14:45:09,Credit Card,1745.42,Completed,TXN-12488-12488
12489,12489,2026-08-08 00:45:24,Cash on Delivery,888.35,Completed,TXN-12489-12489
12490,12490,2025-08-24 21:46:08,Bank Transfer,320.79,Refunded,TXN-12490-12490
12491,12491,2025-06-05 07:38:13,Cash on Delivery,2169.68,Completed,TXN-12491-12491
12492,12492,2026-08-25 04:57:02,Cash on Delivery,954.77,Completed,TXN-12492-12492
12493,12493,2026-05-15 05:59:32,Credit Card,2380.67,Completed,TXN-12493-12493
12494,12494,2026-06-25 15:37:27,Cash on Delivery,2605.57,Refunded,TXN-12494-12494
12495,12495,2025-09-10 23:01:46,Bank Transfer,1432.77,Completed,TXN-12495-12495
12496,12496,2026-07-30 09:31:11,Cash on Delivery,1266.16,Refunded,TXN-12496-12496
12497,12497,2026-06-01 22:58:52,Bank Transfer,3424.81,Completed,TXN-12497-12497
12498,12498,2024-12-10 16:20:19,Credit Card,1918.05,Completed,TXN-12498-12498
12499,12499,2024-04-20 02:09:21,Debit Card,1537.06,Failed,
12500,12500,2023-12-26 20:00:34,Debit Card,496.07,Refunded,TXN-12500-12500
12501,12501,2026-05-13 00:10:16,PayPal,711.21,Completed,TXN-12501-12501
12502,12502,2026-05-10 23:21:03,Debit Card,1853.22,Completed,TXN-12502-12502
12503,12503,2026-04-26 22:58:14,PayPal,3190.53,Pending,
12504,12504,2026-08-19 09:03:19,Bank Transfer,1771.17,Pending,
12505,12505,2025-04-22 09:41:49,PayPal,1286.16,Completed,TXN-12505-12505
12506,12506,2024-08-11 03:24:45,PayPal,5816.41,Completed,TXN-12506-12506
12507,12507,2026-08-04 18:04:00,Credit Card,3298.1,Completed,TXN-12507-12507
12508,12508,2025-09-28 21:43:04,Cash on Delivery,4382.01,Completed,TXN-12508-12508
12509,12509,2026-07-12 13:06:03,Cash on Delivery,2325.66,Refunded,TXN-12509-12509
12510,12510,2025-09-16 15:08:35,Cash on Delivery,2177.91,Refunded,TXN-12510-12510
12511,12511,2025-06-03 10:22:59,Cash on Delivery,1623.04,Completed,TXN-12511-12511
12512,12512,2026-08-12 23:17:11,Debit Card,3344.31,Completed,TXN-12512-12512
12513,12513,2024-06-26 22:18:00,Bank Transfer,3065.79,Completed,TXN-12513-12513
12514,12514,2024-06-29 11:30:35,Debit Card,660.92,Completed,TXN-12514-12514
12515,12515,2025-07-03 19:15:30,Cash on Delivery,3901.22,Completed,TXN-12515-12515
12516,12516,2026-04-14 12:00:23,Bank Transfer,854.22,Completed,TXN-12516-12516
12517,12517,2025-10-22 07:41:55,Bank Transfer,1871.94,Completed,TXN-12517-12517
12518,12518,2024-04-12 21:10:43,Credit Card,994.53,Completed,TXN-12518-12518
12519,12519,2024-08-13 06:57:34,Bank Transfer,1479.27,Completed,TXN-12519-12519
12520,12520,2024-07-16 01:46:14,Cash on Delivery,2109.16,Completed,TXN-12520-12520
12521,12521,2026-08-21 10:46:50,Credit Card,394.13,Completed,TXN-12521-12521
12522,12522,2025-11-06 12:58:35,Credit Card,1493.42,Failed,
12523,12523,2026-04-04 04:44:14,Debit Card,557.91,Completed,TXN-12523-12523
12524,12524,2025-09-16 01:29:55,PayPal,774.56,Completed,TXN-12524-12524
12525,12525,2026-07-16 07:35:54,Bank Transfer,2544.77,Completed,TXN-12525-12525
12526,12526,2026-03-07 01:02:45,PayPal,1311.06,Completed,TXN-12526-12526
12527,12527,2026-04-07 12:00:30,Bank Transfer,2437.07,Completed,TXN-12527-12527
12528,12528,2024-09-29 15:55:25,Debit Card,1136.92,Completed,TXN-12528-12528
12529,12529,2024-11-01 19:14:24,PayPal,1016.34,Completed,TXN-12529-12529
12530,12530,2025-11-26 07:45:08,Credit Card,1349.07,Completed,TXN-12530-12530
12531,12531,2024-11-26 23:38:31,Credit Card,2869.84,Completed,TXN-12531-12531
12532,12532,2025-07-10 09:47:18,Cash on Delivery,723.63,Failed,
12533,12533,2024-06-25 08:43:14,PayPal,5623.4,Completed,TXN-12533-12533
12534,12534,2026-08-30 10:44:27,Debit Card,1472.7,Completed,TXN-12534-12534
12535,12535,2026-06-13 12:10:22,Cash on Delivery,1707.38,Completed,TXN-12535-12535
12536,12536,2025-06-29 12:34:13,Bank Transfer,877.7,Completed,TXN-12536-12536
12537,12537,2026-08-28 10:53:16,Cash on Delivery,1052.09,Completed,TXN-12537-12537
12538,12538,2024-08-12 06:05:53,Debit Card,2013.81,Completed,TXN-12538-12538
12539,12539,2026-03-11 10:40:32,PayPal,1778.14,Completed,TXN-12539-12539
12540,12540,2025-07-27 02:50:35,Debit Card,2983.59,Completed,TXN-12540-12540
12541,12541,2025-12-03 23:46:04,PayPal,394.13,Completed,TXN-12541-12541
12542,12542,2026-06-12 16:43:17,Credit Card,660.52,Completed,TXN-12542-12542
12543,12543,2025-01-13 20:32:06,Debit Card,129.63,Pending,
12544,12544,2025-12-06 03:24:28,Bank Transfer,2437.42,Completed,TXN-12544-12544
12545,12545,2025-04-24 07:38:37,Cash on Delivery,622.08,Completed,TXN-12545-12545
12546,12546,2024-08-16 10:50:20,Credit Card,2408.51,Completed,TXN-12546-12546
12547,12547,2025-12-17 21:49:34,Cash on Delivery,631.62,Completed,TXN-12547-12547
12548,12548,2026-08-04 08:11:17,PayPal,846.48,Completed,TXN-12548-12548
12549,12549,2024-02-25 04:40:55,Cash on Delivery,1022.57,Completed,TXN-12549-12549
12550,12550,2025-02-20 15:35:08,PayPal,1221.6,Completed,TXN-12550-12550
12551,12551,2024-10-27 00:08:15,Debit Card,3670.5,Completed,TXN-12551-12551
12552,12552,2026-06-26 06:53:47,Bank Transfer,2078.12,Completed,TXN-12552-12552
12553,12553,2026-08-14 07:52:13,Credit Card,3943.85,Completed,TXN-12553-12553
12554,12554,2025-12-03 03:58:30,PayPal,1590.3,Completed,TXN-12554-12554
12555,12555,2024-08-05 07:25:09,PayPal,4311.14,Pending,
12556,12556,2026-07-19 19:09:28,Debit Card,2007.14,Completed,TXN-12556-12556
12557,12557,2026-01-26 05:10:50,Credit Card,3351.63,Completed,TXN-12557-12557
12558,12558,2025-07-01 13:34:04,Credit Card,272.67,Completed,TXN-12558-12558
12559,12559,2024-01-19 23:29:03,Cash on Delivery,4086.6,Completed,TXN-12559-12559
12560,12560,2026-03-26 00:55:14,Debit Card,5075.57,Completed,TXN-12560-12560
12561,12561,2026-06-16 11:53:23,Cash on Delivery,2764.12,Completed,TXN-12561-12561
12562,12562,2026-06-14 00:50:48,Credit Card,4481.68,Completed,TXN-12562-12562
12563,12563,2026-07-02 12:48:25,Bank Transfer,1535.74,Completed,TXN-12563-12563
12564,12564,2026-08-27 06:57:25,PayPal,2006.51,Refunded,TXN-12564-12564
12565,12565,2026-06-20 04:58:09,Bank Transfer,1467.31,Completed,TXN-12565-12565
12566,12566,2024-12-15 23:41:02,Credit Card,1636.2,Completed,TXN-12566-12566
12567,12567,2025-09-14 22:16:10,Credit Card,2200.23,Completed,TXN-12567-12567
12568,12568,2024-11-26 21:15:24,Debit Card,255.83,Completed,TXN-12568-12568
12569,12569,2025-09-05 08:01:31,Bank Transfer,531.56,Completed,TXN-12569-12569
12570,12570,2025-11-16 08:10:50,Debit Card,1614.73,Completed,TXN-12570-12570
12571,12571,2025-09-27 12:16:46,Credit Card,3786.46,Completed,TXN-12571-12571
12572,12572,2026-06-01 21:20:26,Debit Card,1744.33,Completed,TXN-12572-12572
12573,12573,2026-04-29 12:27:16,PayPal,766.72,Completed,TXN-12573-12573
12574,12574,2026-08-29 14:38:26,PayPal,4363.51,Completed,TXN-12574-12574
12575,12575,2026-07-12 15:28:37,Debit Card,2823.92,Completed,TXN-12575-12575
12576,12576,2026-07-02 13:47:26,PayPal,1161.15,Pending,
12577,12577,2024-04-14 01:41:20,Debit Card,4018.51,Completed,TXN-12577-12577
12578,12578,2025-07-04 02:35:05,Debit Card,2019.04,Completed,TXN-12578-12578
12579,12579,2025-12-26 04:09:08,Bank Transfer,1335.45,Completed,TXN-12579-12579
12580,12580,2026-04-25 15:14:27,Credit Card,1338.64,Pending,
12581,12581,2026-08-12 17:09:11,Cash on Delivery,339.73,Completed,TXN-12581-12581
12582,12582,2025-08-29 15:54:57,PayPal,394.13,Completed,TXN-12582-12582
12583,12583,2026-07-26 15:33:41,PayPal,5080.77,Completed,TXN-12583-12583
12584,12584,2024-07-06 05:20:30,Debit Card,2022.55,Completed,TXN-12584-12584
12585,12585,2026-06-27 22:30:06,Debit Card,542.39,Completed,TXN-12585-12585
12586,12586,2026-01-13 09:43:25,Debit Card,3150.54,Completed,TXN-12586-12586
12587,12587,2025-02-21 09:04:41,Cash on Delivery,3004.65,Completed,TXN-12587-12587
12588,12588,2026-08-24 05:36:11,Debit Card,1086.05,Completed,TXN-12588-12588
12589,12589,2026-08-01 09:53:42,Cash on Delivery,72.7,Completed,TXN-12589-12589
12590,12590,2026-02-06 22:57:12,Credit Card,2032.68,Failed,
12591,12591,2026-03-30 00:26:42,Bank Transfer,941.14,Completed,TXN-12591-12591
12592,12592,2025-05-09 01:02:25,PayPal,2818.94,Completed,TXN-12592-12592
12593,12593,2025-03-30 04:28:03,PayPal,1954.62,Completed,TXN-12593-12593
12594,12594,2026-04-08 17:09:08,Bank Transfer,1029.64,Completed,TXN-12594-12594
12595,12595,2026-08-07 02:09:37,Cash on Delivery,208.67,Completed,TXN-12595-12595
12596,12596,2024-10-23 10:56:32,Bank Transfer,5120.49,Completed,TXN-12596-12596
12597,12597,2024-12-22 11:57:11,PayPal,3142.23,Refunded,TXN-12597-12597
12598,12598,2026-01-04 12:14:23,Cash on Delivery,1405.85,Completed,TXN-12598-12598
12599,12599,2025-05-14 20:32:11,Debit Card,4712.1,Completed,TXN-12599-12599
12600,12600,2026-04-08 10:50:39,Debit Card,2229.1,Completed,TXN-12600-12600
12601,12601,2026-08-26 23:36:57,PayPal,611.64,Completed,TXN-12601-12601
12602,12602,2025-11-23 17:12:11,Cash on Delivery,500.08,Completed,TXN-12602-12602
12603,12603,2024-10-16 16:49:42,Credit Card,737.88,Completed,TXN-12603-12603
12604,12604,2026-08-16 20:47:25,PayPal,1635.29,Completed,TXN-12604-12604
12605,12605,2026-08-11 07:32:54,Bank Transfer,1665.18,Completed,TXN-12605-12605
12606,12606,2026-07-28 18:54:04,Debit Card,3410.18,Completed,TXN-12606-12606
12607,12607,2026-06-14 19:45:40,Debit Card,2401.5,Completed,TXN-12607-12607
12608,12608,2025-09-02 13:23:00,Credit Card,413.48,Completed,TXN-12608-12608
12609,12609,2026-06-11 18:01:20,Cash on Delivery,823.54,Failed,
12610,12610,2025-04-21 05:50:08,PayPal,966.67,Completed,TXN-12610-12610
12611,12611,2026-07-15 19:51:51,PayPal,358.48,Completed,TXN-12611-12611
12612,12612,2025-02-07 13:15:46,Cash on Delivery,3480.25,Completed,TXN-12612-12612
12613,12613,2025-05-04 04:02:14,Bank Transfer,4617.17,Refunded,TXN-12613-12613
12614,12614,2024-01-06 03:15:37,Debit Card,1722.38,Completed,TXN-12614-12614
12615,12615,2026-04-16 05:09:55,Cash on Delivery,2172.43,Completed,TXN-12615-12615
12616,12616,2026-01-16 08:57:02,Cash on Delivery,1115.82,Completed,TXN-12616-12616
12617,12617,2026-08-02 14:49:34,Debit Card,2946.89,Completed,TXN-12617-12617
12618,12618,2025-07-11 23:07:07,Debit Card,659.17,Completed,TXN-12618-12618
12619,12619,2026-01-29 06:02:45,Cash on Delivery,614.61,Pending,
12620,12620,2026-07-12 12:55:51,Bank Transfer,2487.53,Completed,TXN-12620-12620
12621,12621,2026-08-13 20:09:38,Cash on Delivery,5356.59,Completed,TXN-12621-12621
12622,12622,2025-07-19 01:57:46,Debit Card,832.26,Completed,TXN-12622-12622
12623,12623,2026-02-10 07:18:09,Cash on Delivery,344.42,Completed,TXN-12623-12623
12624,12624,2026-02-05 14:58:00,PayPal,3418.57,Completed,TXN-12624-12624
12625,12625,2026-02-10 14:54:52,Credit Card,2569.35,Completed,TXN-12625-12625
12626,12626,2025-03-22 21:54:10,Cash on Delivery,43.21,Completed,TXN-12626-12626
12627,12627,2026-04-22 17:34:27,PayPal,2314.06,Completed,TXN-12627-12627
12628,12628,2026-02-09 20:38:30,PayPal,1888.57,Completed,TXN-12628-12628
12629,12629,2026-06-13 05:39:03,PayPal,1350.3,Completed,TXN-12629-12629
12630,12630,2026-02-19 11:07:06,Credit Card,625.24,Completed,TXN-12630-12630
12631,12631,2026-08-06 05:58:39,PayPal,2793.32,Completed,TXN-12631-12631
12632,12632,2025-04-01 18:16:48,Bank Transfer,194.63,Completed,TXN-12632-12632
12633,12633,2026-01-29 16:02:27,PayPal,2151.46,Completed,TXN-12633-12633
12634,12634,2026-08-16 08:17:35,Debit Card,2896.06,Completed,TXN-12634-12634
12635,12635,2024-07-31 02:50:11,PayPal,1973.61,Completed,TXN-12635-12635
12636,12636,2025-02-19 14:21:39,Cash on Delivery,611.58,Completed,TXN-12636-12636
12637,12637,2025-11-13 06:15:00,Bank Transfer,1344.57,Completed,TXN-12637-12637
12638,12638,2025-04-05 01:07:40,Bank Transfer,2258.61,Completed,TXN-12638-12638
12639,12639,2026-04-19 17:55:37,Credit Card,4227.24,Completed,TXN-12639-12639
12640,12640,2025-10-05 23:21:20,Cash on Delivery,1511.6,Completed,TXN-12640-12640
12641,12641,2026-04-03 09:24:26,Debit Card,1028.04,Failed,
12642,12642,2025-04-22 08:28:41,Bank Transfer,5218.69,Completed,TXN-12642-12642
12643,12643,2024-11-19 06:51:53,Credit Card,1771.27,Completed,TXN-12643-12643
12644,12644,2026-07-07 10:53:51,Cash on Delivery,4651.96,Completed,TXN-12644-12644
12645,12645,2026-05-18 14:36:47,Bank Transfer,72.7,Failed,
12646,12646,2026-02-28 08:03:54,Cash on Delivery,2640.87,Completed,TXN-12646-12646
12647,12647,2026-04-05 19:15:34,Credit Card,2015.05,Completed,TXN-12647-12647
12648,12648,2026-07-28 04:27:46,Debit Card,176.54,Refunded,TXN-12648-12648
12649,12649,2026-06-06 00:37:26,Bank Transfer,34.19,Completed,TXN-12649-12649
12650,12650,2025-03-02 00:53:09,Bank Transfer,2497.95,Completed,TXN-12650-12650
12651,12651,2026-08-01 00:50:34,PayPal,4376.96,Completed,TXN-12651-12651
12652,12652,2026-05-09 07:28:52,PayPal,971.51,Completed,TXN-12652-12652
12653,12653,2025-06-02 04:35:07,Credit Card,915.27,Pending,
12654,12654,2026-07-17 22:26:24,PayPal,3819.15,Failed,
12655,12655,2026-05-06 20:25:53,Bank Transfer,3808.44,Completed,TXN-12655-12655
12656,12656,2026-05-20 20:58:52,Debit Card,1417.28,Completed,TXN-12656-12656
12657,12657,2026-06-17 11:02:13,Cash on Delivery,1750.45,Completed,TXN-12657-12657
12658,12658,2025-05-08 07:40:24,Cash on Delivery,787.45,Completed,TXN-12658-12658
12659,12659,2025-05-10 17:28:12,Cash on Delivery,824.22,Completed,TXN-12659-12659
12660,12660,2026-04-08 18:56:49,Debit Card,370.94,Completed,TXN-12660-12660
12661,12661,2024-11-15 16:24:25,PayPal,1423.02,Completed,TXN-12661-12661
12662,12662,2026-08-04 15:55:05,Debit Card,34.19,Completed,TXN-12662-12662
12663,12663,2026-08-31 18:52:45,Debit Card,1417.48,Completed,TXN-12663-12663
12664,12664,2026-06-13 00:07:45,Debit Card,1578.24,Completed,TXN-12664-12664
12665,12665,2026-08-22 20:08:59,Bank Transfer,1911.2,Completed,TXN-12665-12665
12666,12666,2026-02-05 15:04:34,Debit Card,486.08,Completed,TXN-12666-12666
12667,12667,2026-06-12 12:36:01,Debit Card,1708.44,Completed,TXN-12667-12667
12668,12668,2026-01-21 15:22:33,PayPal,1724.45,Completed,TXN-12668-12668
12669,12669,2026-04-26 15:56:14,Cash on Delivery,1390.77,Completed,TXN-12669-12669
12670,12670,2024-12-24 18:15:26,Bank Transfer,619.38,Completed,TXN-12670-12670
12671,12671,2026-08-31 11:06:29,Cash on Delivery,1481.29,Completed,TXN-12671-12671
12672,12672,2026-02-06 16:06:06,Cash on Delivery,1072.01,Pending,
12673,12673,2024-11-14 08:57:53,PayPal,994.53,Completed,TXN-12673-12673
12674,12674,2026-08-24 18:14:28,PayPal,1841.07,Completed,TXN-12674-12674
12675,12675,2025-09-10 10:02:45,Cash on Delivery,3253.5,Completed,TXN-12675-12675
12676,12676,2026-08-01 23:35:08,Credit Card,618.57,Completed,TXN-12676-12676
12677,12677,2025-07-04 00:15:23,PayPal,977.63,Refunded,TXN-12677-12677
12678,12678,2026-08-04 11:29:52,Credit Card,715.3,Refunded,TXN-12678-12678
12679,12679,2026-04-29 03:48:11,Cash on Delivery,1102.61,Completed,TXN-12679-12679
12680,12680,2025-11-03 19:53:32,Credit Card,1201.32,Completed,TXN-12680-12680
12681,12681,2026-03-13 12:02:31,Bank Transfer,1734.92,Failed,
12682,12682,2026-03-05 13:37:37,Credit Card,1309.37,Completed,TXN-12682-12682
12683,12683,2024-08-20 13:24:40,Debit Card,1783.45,Completed,TXN-12683-12683
12684,12684,2026-08-19 13:11:48,Credit Card,2342.11,Completed,TXN-12684-12684
12685,12685,2025-07-30 08:52:39,Cash on Delivery,3172.81,Completed,TXN-12685-12685
12686,12686,2026-07-24 12:02:16,PayPal,1627.55,Pending,
12687,12687,2026-03-26 02:50:02,Debit Card,3914.74,Completed,TXN-12687-12687
12688,12688,2026-05-06 11:44:57,Bank Transfer,176.54,Completed,TXN-12688-12688
12689,12689,2025-09-11 14:09:09,PayPal,1750.69,Pending,
12690,12690,2026-08-11 20:42:43,PayPal,489.54,Completed,TXN-12690-12690
12691,12691,2026-01-05 11:32:10,Credit Card,1809.11,Completed,TXN-12691-12691
12692,12692,2025-11-16 05:32:18,PayPal,1963.3,Completed,TXN-12692-12692
12693,12693,2024-10-03 08:07:05,Debit Card,918.04,Failed,
12694,12694,2026-07-09 12:51:26,PayPal,5066.75,Completed,TXN-12694-12694
12695,12695,2024-12-01 21:46:09,Credit Card,2230.9,Completed,TXN-12695-12695
12696,12696,2026-03-24 06:48:37,Bank Transfer,520.37,Completed,TXN-12696-12696
12697,12697,2026-09-01 19:19:58,Bank Transfer,1834.44,Completed,TXN-12697-12697
12698,12698,2026-02-27 16:10:08,PayPal,2232.34,Completed,TXN-12698-12698
12699,12699,2024-11-18 03:19:51,Bank Transfer,1867.48,Refunded,TXN-12699-12699
12700,12700,2026-03-29 12:33:20,Cash on Delivery,2776.56,Pending,
12701,12701,2024-12-08 12:27:53,PayPal,916.72,Completed,TXN-12701-12701
12702,12702,2025-06-05 16:57:27,Credit Card,3350.56,Completed,TXN-12702-12702
12703,12703,2025-12-21 09:59:39,Cash on Delivery,2223.15,Completed,TXN-12703-12703
12704,12704,2024-10-09 12:50:25,Credit Card,1138.98,Completed,TXN-12704-12704
12705,12705,2024-06-01 11:02:42,Credit Card,807.62,Completed,TXN-12705-12705
12706,12706,2026-05-20 02:48:56,Bank Transfer,418.42,Completed,TXN-12706-12706
12707,12707,2026-04-20 07:16:53,PayPal,2569.56,Completed,TXN-12707-12707
12708,12708,2026-04-26 06:38:46,Bank Transfer,217.62,Completed,TXN-12708-12708
12709,12709,2026-06-30 08:52:29,Debit Card,999.23,Completed,TXN-12709-12709
12710,12710,2025-01-19 03:55:07,Cash on Delivery,1490.47,Pending,
12711,12711,2026-03-27 21:25:18,Bank Transfer,149.0,Completed,TXN-12711-12711
12712,12712,2025-08-15 22:01:50,Debit Card,4038.08,Completed,TXN-12712-12712
12713,12713,2026-05-24 01:46:48,PayPal,185.47,Completed,TXN-12713-12713
12714,12714,2026-04-23 12:27:19,Cash on Delivery,1779.36,Completed,TXN-12714-12714
12715,12715,2026-07-19 21:32:59,Cash on Delivery,3881.62,Pending,
12716,12716,2026-08-04 04:42:18,Cash on Delivery,3459.48,Completed,TXN-12716-12716
12717,12717,2025-10-06 06:48:32,Credit Card,1334.07,Completed,TXN-12717-12717
12718,12718,2026-03-24 10:18:38,PayPal,1425.95,Pending,
12719,12719,2025-09-18 20:06:55,PayPal,4479.96,Pending,
12720,12720,2026-07-03 06:25:27,Debit Card,3779.98,Completed,TXN-12720-12720
12721,12721,2026-06-26 02:17:56,PayPal,636.67,Completed,TXN-12721-12721
12722,12722,2026-05-22 20:59:17,Debit Card,1325.67,Pending,
12723,12723,2024-06-29 02:40:34,Debit Card,3051.57,Completed,TXN-12723-12723
12724,12724,2024-07-02 16:26:09,Bank Transfer,217.62,Completed,TXN-12724-12724
12725,12725,2025-05-12 08:30:07,Cash on Delivery,2327.79,Refunded,TXN-12725-12725
12726,12726,2025-12-10 11:38:41,Cash on Delivery,445.78,Completed,TXN-12726-12726
12727,12727,2024-04-04 02:08:56,Bank Transfer,2455.94,Completed,TXN-12727-12727
12728,12728,2026-03-03 00:13:20,Bank Transfer,504.8,Completed,TXN-12728-12728
12729,12729,2025-12-18 06:46:05,Cash on Delivery,3320.16,Completed,TXN-12729-12729
12730,12730,2024-09-12 21:44:38,PayPal,1601.0,Completed,TXN-12730-12730
12731,12731,2026-08-18 03:12:10,Debit Card,3077.44,Completed,TXN-12731-12731
12732,12732,2025-08-02 16:09:04,Credit Card,2464.81,Completed,TXN-12732-12732
12733,12733,2026-05-01 01:47:33,Credit Card,2201.51,Completed,TXN-12733-12733
12734,12734,2026-02-14 14:05:27,Debit Card,663.14,Completed,TXN-12734-12734
12735,12735,2025-08-12 05:08:28,Bank Transfer,1727.52,Completed,TXN-12735-12735
12736,12736,2026-03-29 16:42:36,Bank Transfer,935.97,Completed,TXN-12736-12736
12737,12737,2026-05-05 06:29:17,Debit Card,538.92,Completed,TXN-12737-12737
12738,12738,2026-07-28 07:05:21,PayPal,780.33,Failed,
12739,12739,2026-04-09 06:19:30,Bank Transfer,913.59,Completed,TXN-12739-12739
12740,12740,2026-05-17 13:01:38,Debit Card,937.67,Completed,TXN-12740-12740
12741,12741,2025-12-25 19:10:37,Cash on Delivery,1797.44,Failed,
12742,12742,2025-09-07 13:05:09,PayPal,1163.39,Completed,TXN-12742-12742
12743,12743,2024-09-15 14:01:36,Cash on Delivery,2027.63,Pending,
12744,12744,2026-06-09 22:38:30,Debit Card,427.55,Completed,TXN-12744-12744
12745,12745,2025-07-20 17:51:49,Credit Card,2846.52,Completed,TXN-12745-12745
12746,12746,2025-08-21 22:07:18,Cash on Delivery,119.6,Completed,TXN-12746-12746
12747,12747,2024-05-25 09:58:08,Cash on Delivery,565.3,Completed,TXN-12747-12747
12748,12748,2025-10-21 14:04:26,Credit Card,743.81,Completed,TXN-12748-12748
12749,12749,2026-07-30 07:06:10,Cash on Delivery,1349.43,Completed,TXN-12749-12749
12750,12750,2026-07-24 14:46:26,Credit Card,511.66,Completed,TXN-12750-12750
12751,12751,2026-05-25 17:53:03,Cash on Delivery,1822.62,Completed,TXN-12751-12751
12752,12752,2026-06-22 10:34:38,PayPal,1867.83,Completed,TXN-12752-12752
12753,12753,2026-03-20 23:45:43,Credit Card,574.04,Completed,TXN-12753-12753
12754,12754,2025-08-25 03:57:18,Cash on Delivery,2363.26,Failed,
12755,12755,2026-04-27 20:17:41,Bank Transfer,4178.49,Completed,TXN-12755-12755
12756,12756,2025-03-26 23:00:39,Cash on Delivery,1202.85,Completed,TXN-12756-12756
12757,12757,2024-10-10 23:28:16,PayPal,1993.35,Completed,TXN-12757-12757
12758,12758,2023-12-25 17:46:37,Debit Card,913.84,Completed,TXN-12758-12758
12759,12759,2026-05-01 10:43:39,Bank Transfer,132.89,Completed,TXN-12759-12759
12760,12760,2025-02-15 05:38:58,Cash on Delivery,2399.64,Failed,
12761,12761,2026-04-09 01:22:08,Debit Card,920.14,Completed,TXN-12761-12761
12762,12762,2024-10-16 16:58:38,Credit Card,1233.55,Completed,TXN-12762-12762
12763,12763,2025-12-30 06:06:31,Credit Card,584.38,Completed,TXN-12763-12763
12764,12764,2025-02-15 10:58:50,Cash on Delivery,2980.77,Completed,TXN-12764-12764
12765,12765,2025-01-04 14:51:58,Cash on Delivery,776.88,Completed,TXN-12765-12765
12766,12766,2026-01-15 03:09:37,Bank Transfer,2067.24,Completed,TXN-12766-12766
12767,12767,2026-03-29 17:33:23,Debit Card,4133.66,Completed,TXN-12767-12767
12768,12768,2024-12-28 11:03:14,Credit Card,614.61,Completed,TXN-12768-12768
12769,12769,2026-05-03 20:24:47,Debit Card,2210.06,Completed,TXN-12769-12769
12770,12770,2025-09-11 15:33:55,PayPal,520.37,Completed,TXN-12770-12770
12771,12771,2026-03-28 17:39:32,Bank Transfer,1631.09,Completed,TXN-12771-12771
12772,12772,2025-10-12 20:14:09,Debit Card,981.65,Completed,TXN-12772-12772
12773,12773,2026-07-17 11:54:53,Debit Card,2341.66,Completed,TXN-12773-12773
12774,12774,2024-10-07 10:32:44,Bank Transfer,1075.44,Completed,TXN-12774-12774
12775,12775,2026-06-19 11:46:41,PayPal,557.33,Completed,TXN-12775-12775
12776,12776,2025-08-30 10:56:26,Bank Transfer,5670.57,Completed,TXN-12776-12776
12777,12777,2026-07-25 09:26:25,Bank Transfer,679.46,Completed,TXN-12777-12777
12778,12778,2025-08-10 08:06:43,Cash on Delivery,1776.52,Completed,TXN-12778-12778
12779,12779,2024-08-15 14:05:01,Credit Card,2835.04,Completed,TXN-12779-12779
12780,12780,2025-08-14 08:16:54,Bank Transfer,3897.02,Completed,TXN-12780-12780
12781,12781,2024-04-11 02:10:53,Cash on Delivery,1316.3,Completed,TXN-12781-12781
12782,12782,2026-04-15 20:41:31,PayPal,3356.59,Completed,TXN-12782-12782
12783,12783,2025-01-21 21:51:51,Cash on Delivery,1863.99,Completed,TXN-12783-12783
12784,12784,2026-06-29 18:19:23,Credit Card,1266.16,Completed,TXN-12784-12784
12785,12785,2026-08-17 15:16:49,Bank Transfer,1805.63,Completed,TXN-12785-12785
12786,12786,2026-03-08 21:28:18,PayPal,3508.16,Completed,TXN-12786-12786
12787,12787,2026-07-16 10:27:51,Cash on Delivery,172.21,Completed,TXN-12787-12787
12788,12788,2026-07-06 11:52:08,Credit Card,1510.9,Pending,
12789,12789,2026-03-13 15:45:06,PayPal,2881.8,Completed,TXN-12789-12789
12790,12790,2025-12-08 10:53:02,Bank Transfer,1498.78,Refunded,TXN-12790-12790
12791,12791,2026-02-17 22:18:07,Credit Card,892.12,Completed,TXN-12791-12791
12792,12792,2025-06-02 18:01:27,Bank Transfer,4514.21,Completed,TXN-12792-12792
12793,12793,2026-06-08 00:28:48,Bank Transfer,912.5,Pending,
12794,12794,2024-09-20 12:25:17,Debit Card,1588.73,Completed,TXN-12794-12794
12795,12795,2026-07-11 01:50:59,Cash on Delivery,925.63,Completed,TXN-12795-12795
12796,12796,2024-11-08 04:48:47,Credit Card,173.9,Completed,TXN-12796-12796
12797,12797,2025-12-22 09:24:58,Bank Transfer,1963.3,Pending,
12798,12798,2026-08-21 02:32:52,Cash on Delivery,1883.92,Pending,
12799,12799,2024-11-14 11:21:04,Cash on Delivery,2742.16,Completed,TXN-12799-12799
12800,12800,2026-08-07 22:58:05,Bank Transfer,2690.04,Completed,TXN-12800-12800
12801,12801,2025-07-04 10:47:52,Credit Card,1427.6,Completed,TXN-12801-12801
12802,12802,2025-12-22 22:48:14,Cash on Delivery,1162.2,Completed,TXN-12802-12802
12803,12803,2026-01-19 17:23:16,Debit Card,2980.03,Completed,TXN-12803-12803
12804,12804,2025-10-15 08:05:20,Cash on Delivery,1862.89,Completed,TXN-12804-12804
12805,12805,2025-01-30 20:03:20,Cash on Delivery,3376.53,Completed,TXN-12805-12805
12806,12806,2026-05-03 03:34:40,Debit Card,3654.28,Completed,TXN-12806-12806
12807,12807,2026-07-26 22:25:18,Debit Card,1182.39,Completed,TXN-12807-12807
12808,12808,2024-11-28 19:10:59,PayPal,1196.82,Completed,TXN-12808-12808
12809,12809,2026-04-18 16:11:01,Debit Card,3483.16,Completed,TXN-12809-12809
12810,12810,2024-05-14 07:35:53,Credit Card,1273.76,Completed,TXN-12810-12810
12811,12811,2025-11-02 07:10:49,PayPal,2986.51,Completed,TXN-12811-12811
12812,12812,2025-10-07 10:37:34,Cash on Delivery,520.37,Completed,TXN-12812-12812
12813,12813,2024-04-22 04:57:08,PayPal,3029.3,Completed,TXN-12813-12813
12814,12814,2026-03-09 01:15:08,Credit Card,985.33,Completed,TXN-12814-12814
12815,12815,2026-02-06 17:35:47,Bank Transfer,2989.12,Completed,TXN-12815-12815
12816,12816,2026-04-10 04:05:19,Cash on Delivery,5461.3,Completed,TXN-12816-12816
12817,12817,2026-05-14 19:34:24,Credit Card,132.89,Completed,TXN-12817-12817
12818,12818,2026-05-09 11:24:26,Credit Card,3394.23,Completed,TXN-12818-12818
12819,12819,2026-06-12 23:34:58,Cash on Delivery,1342.66,Completed,TXN-12819-12819
12820,12820,2026-05-14 05:23:21,Cash on Delivery,1360.76,Completed,TXN-12820-12820
12821,12821,2026-07-28 20:12:06,Cash on Delivery,6279.51,Completed,TXN-12821-12821
12822,12822,2026-05-16 18:18:29,PayPal,883.74,Completed,TXN-12822-12822
12823,12823,2024-11-15 13:16:02,Credit Card,2512.48,Failed,
12824,12824,2025-10-03 17:03:16,Debit Card,370.94,Completed,TXN-12824-12824
12825,12825,2025-01-28 03:36:49,Bank Transfer,3282.73,Completed,TXN-12825-12825
12826,12826,2026-01-11 04:53:02,Credit Card,1409.91,Completed,TXN-12826-12826
12827,12827,2024-05-07 16:39:23,Debit Card,917.69,Completed,TXN-12827-12827
12828,12828,2026-06-24 20:33:12,Debit Card,3566.68,Completed,TXN-12828-12828
12829,12829,2026-07-02 08:47:03,Credit Card,643.08,Completed,TXN-12829-12829
12830,12830,2025-11-19 23:26:19,Credit Card,1712.52,Completed,TXN-12830-12830
12831,12831,2025-08-10 08:30:13,Cash on Delivery,2297.31,Completed,TXN-12831-12831
12832,12832,2026-06-04 13:02:12,Cash on Delivery,2647.84,Completed,TXN-12832-12832
12833,12833,2026-08-28 01:57:55,Credit Card,745.57,Completed,TXN-12833-12833
12834,12834,2026-04-07 20:41:59,Cash on Delivery,287.02,Completed,TXN-12834-12834
12835,12835,2024-09-19 02:53:07,Cash on Delivery,1009.52,Completed,TXN-12835-12835
12836,12836,2026-02-06 18:48:45,PayPal,4112.95,Completed,TXN-12836-12836
12837,12837,2024-02-11 10:01:00,Bank Transfer,493.84,Completed,TXN-12837-12837
12838,12838,2025-03-13 01:58:06,Bank Transfer,2738.49,Completed,TXN-12838-12838
12839,12839,2026-08-02 17:05:02,PayPal,1326.27,Completed,TXN-12839-12839
12840,12840,2026-04-03 18:50:14,Cash on Delivery,455.22,Completed,TXN-12840-12840
12841,12841,2026-07-11 18:35:00,PayPal,550.47,Completed,TXN-12841-12841
12842,12842,2025-08-07 05:19:33,Debit Card,6175.82,Completed,TXN-12842-12842
12843,12843,2026-02-02 11:26:12,Bank Transfer,358.48,Completed,TXN-12843-12843
12844,12844,2026-01-02 16:27:05,Credit Card,633.08,Completed,TXN-12844-12844
12845,12845,2026-01-22 10:19:31,Credit Card,7013.34,Completed,TXN-12845-12845
12846,12846,2025-06-29 03:47:10,Debit Card,3413.55,Completed,TXN-12846-12846
12847,12847,2025-10-18 03:53:17,Credit Card,994.18,Completed,TXN-12847-12847
12848,12848,2026-03-28 09:39:58,Cash on Delivery,7091.34,Completed,TXN-12848-12848
12849,12849,2026-05-21 01:10:16,Credit Card,5480.76,Completed,TXN-12849-12849
12850,12850,2025-08-25 08:06:57,Debit Card,4195.88,Completed,TXN-12850-12850
12851,12851,2026-05-29 00:56:34,Bank Transfer,4724.85,Completed,TXN-12851-12851
12852,12852,2024-03-16 22:57:23,Cash on Delivery,3416.94,Completed,TXN-12852-12852
12853,12853,2026-08-28 21:38:47,PayPal,1542.94,Completed,TXN-12853-12853
12854,12854,2026-03-11 02:14:45,Debit Card,2831.12,Completed,TXN-12854-12854
12855,12855,2026-03-28 04:39:43,PayPal,1017.52,Completed,TXN-12855-12855
12856,12856,2025-12-21 02:15:26,Bank Transfer,3625.0,Completed,TXN-12856-12856
12857,12857,2026-08-18 02:58:13,PayPal,833.81,Pending,
12858,12858,2025-10-20 10:47:53,PayPal,3076.83,Completed,TXN-12858-12858
12859,12859,2026-04-14 01:56:49,Cash on Delivery,771.35,Completed,TXN-12859-12859
12860,12860,2025-10-21 15:01:54,Credit Card,3024.2,Completed,TXN-12860-12860
12861,12861,2026-08-28 19:46:33,Bank Transfer,614.61,Completed,TXN-12861-12861
12862,12862,2026-03-04 06:29:14,Debit Card,348.19,Completed,TXN-12862-12862
12863,12863,2025-01-14 13:27:57,Bank Transfer,1841.66,Completed,TXN-12863-12863
12864,12864,2026-08-11 05:45:07,Bank Transfer,1907.07,Completed,TXN-12864-12864
12865,12865,2026-06-21 12:57:29,PayPal,921.87,Completed,TXN-12865-12865
12866,12866,2026-08-27 02:44:16,Bank Transfer,1099.04,Completed,TXN-12866-12866
12867,12867,2025-11-13 15:34:08,Cash on Delivery,4358.97,Completed,TXN-12867-12867
12868,12868,2026-02-25 03:46:49,Debit Card,3707.72,Completed,TXN-12868-12868
12869,12869,2026-04-28 12:14:39,Cash on Delivery,202.6,Completed,TXN-12869-12869
12870,12870,2025-05-01 09:56:45,Bank Transfer,3269.34,Completed,TXN-12870-12870
12871,12871,2025-09-28 02:58:15,Credit Card,867.44,Completed,TXN-12871-12871
12872,12872,2026-08-09 20:41:43,Cash on Delivery,1782.05,Pending,
12873,12873,2026-06-30 13:42:35,PayPal,1931.77,Completed,TXN-12873-12873
12874,12874,2024-08-03 05:07:03,Credit Card,3295.98,Completed,TXN-12874-12874
12875,12875,2025-12-14 17:34:18,Bank Transfer,697.05,Completed,TXN-12875-12875
12876,12876,2026-07-29 18:28:43,Cash on Delivery,2234.23,Completed,TXN-12876-12876
12877,12877,2025-09-25 17:41:28,Debit Card,542.39,Completed,TXN-12877-12877
12878,12878,2025-04-23 13:49:43,Cash on Delivery,2616.58,Pending,
12879,12879,2025-12-10 01:18:32,Bank Transfer,260.5,Completed,TXN-12879-12879
12880,12880,2026-04-10 18:50:57,Cash on Delivery,4758.33,Completed,TXN-12880-12880
12881,12881,2026-03-25 01:46:24,Debit Card,145.4,Completed,TXN-12881-12881
12882,12882,2026-08-22 12:55:34,Bank Transfer,435.24,Failed,
12883,12883,2025-06-19 19:02:04,PayPal,1020.52,Completed,TXN-12883-12883
12884,12884,2025-03-27 18:26:27,PayPal,544.47,Completed,TXN-12884-12884
12885,12885,2026-06-25 19:01:05,PayPal,2577.45,Completed,TXN-12885-12885
12886,12886,2026-03-02 18:13:44,Cash on Delivery,873.28,Completed,TXN-12886-12886
12887,12887,2026-04-08 16:10:02,Cash on Delivery,850.14,Failed,
12888,12888,2025-03-12 04:36:33,Bank Transfer,2869.51,Completed,TXN-12888-12888
12889,12889,2025-04-12 10:39:55,Cash on Delivery,888.35,Completed,TXN-12889-12889
12890,12890,2025-11-01 20:11:24,Bank Transfer,704.23,Completed,TXN-12890-12890
12891,12891,2026-03-22 01:44:40,Credit Card,168.63,Completed,TXN-12891-12891
12892,12892,2026-06-13 11:16:38,Bank Transfer,578.77,Completed,TXN-12892-12892
12893,12893,2026-02-07 09:10:54,Cash on Delivery,1652.0,Completed,TXN-12893-12893
12894,12894,2025-01-30 11:53:50,Bank Transfer,564.13,Completed,TXN-12894-12894
12895,12895,2025-12-25 22:25:38,PayPal,1755.27,Completed,TXN-12895-12895
12896,12896,2024-10-19 03:24:01,Debit Card,634.02,Completed,TXN-12896-12896
12897,12897,2026-06-03 13:20:56,Debit Card,1897.99,Completed,TXN-12897-12897
12898,12898,2025-12-09 05:45:56,Credit Card,1147.3,Completed,TXN-12898-12898
12899,12899,2026-05-25 06:43:54,Credit Card,4008.46,Refunded,TXN-12899-12899
12900,12900,2026-07-18 06:32:35,Credit Card,348.01,Completed,TXN-12900-12900
12901,12901,2026-05-27 09:15:51,Cash on Delivery,935.97,Completed,TXN-12901-12901
12902,12902,2024-10-28 16:04:54,PayPal,1201.08,Completed,TXN-12902-12902
12903,12903,2024-04-13 17:34:18,Debit Card,584.38,Completed,TXN-12903-12903
12904,12904,2026-06-18 21:23:05,Debit Card,206.74,Completed,TXN-12904-12904
12905,12905,2026-07-16 19:28:03,Credit Card,2847.5,Refunded,TXN-12905-12905
12906,12906,2024-07-03 21:05:01,Credit Card,4275.85,Completed,TXN-12906-12906
12907,12907,2026-08-17 02:06:02,Credit Card,521.54,Completed,TXN-12907-12907
12908,12908,2025-02-17 06:36:46,Debit Card,3714.57,Completed,TXN-12908-12908
12909,12909,2026-03-16 10:39:10,PayPal,564.91,Completed,TXN-12909-12909
12910,12910,2026-08-09 11:09:51,Cash on Delivery,918.04,Pending,
12911,12911,2026-07-11 09:59:23,PayPal,4468.5,Completed,TXN-12911-12911
12912,12912,2026-03-08 10:23:47,Bank Transfer,979.1,Completed,TXN-12912-12912
12913,12913,2025-09-19 02:44:12,Debit Card,1942.5,Completed,TXN-12913-12913
12914,12914,2026-06-15 18:50:53,Cash on Delivery,2140.22,Completed,TXN-12914-12914
12915,12915,2026-06-14 20:00:28,Debit Card,1049.51,Completed,TXN-12915-12915
12916,12916,2026-03-09 20:42:42,PayPal,2204.42,Completed,TXN-12916-12916
12917,12917,2026-02-26 14:21:54,Debit Card,777.19,Completed,TXN-12917-12917
12918,12918,2026-05-24 00:40:43,Debit Card,2113.15,Pending,
12919,12919,2026-03-07 21:41:05,Credit Card,862.38,Completed,TXN-12919-12919
12920,12920,2025-07-14 15:57:37,Credit Card,1271.22,Completed,TXN-12920-12920
12921,12921,2025-07-14 00:05:35,Bank Transfer,3916.29,Completed,TXN-12921-12921
12922,12922,2024-06-05 07:17:31,Credit Card,933.39,Pending,
12923,12923,2025-08-06 22:53:22,Credit Card,1890.02,Completed,TXN-12923-12923
12924,12924,2025-11-20 02:57:58,Debit Card,2532.62,Completed,TXN-12924-12924
12925,12925,2025-12-12 17:01:29,Credit Card,6148.55,Completed,TXN-12925-12925
12926,12926,2025-11-02 00:39:45,Debit Card,3566.7,Completed,TXN-12926-12926
12927,12927,2026-02-14 04:35:40,PayPal,5127.9,Completed,TXN-12927-12927
12928,12928,2026-04-10 12:23:57,Cash on Delivery,1123.27,Completed,TXN-12928-12928
12929,12929,2024-05-01 14:10:33,Credit Card,2947.23,Completed,TXN-12929-12929
12930,12930,2026-04-21 19:03:15,Bank Transfer,981.8,Completed,TXN-12930-12930
12931,12931,2024-12-23 17:12:22,Credit Card,287.02,Completed,TXN-12931-12931
12932,12932,2026-02-15 07:40:55,Cash on Delivery,5323.98,Completed,TXN-12932-12932
12933,12933,2026-04-16 10:16:56,Debit Card,2315.68,Completed,TXN-12933-12933
12934,12934,2026-07-10 15:37:39,PayPal,2944.95,Completed,TXN-12934-12934
12935,12935,2025-07-06 02:30:53,Cash on Delivery,883.74,Completed,TXN-12935-12935
12936,12936,2026-04-06 13:48:40,Credit Card,686.58,Completed,TXN-12936-12936
12937,12937,2026-04-27 08:14:55,Bank Transfer,1789.1,Completed,TXN-12937-12937
12938,12938,2026-02-11 05:06:27,PayPal,1132.94,Completed,TXN-12938-12938
12939,12939,2025-03-18 00:02:38,Debit Card,2886.18,Pending,
12940,12940,2025-04-16 15:35:51,Bank Transfer,1931.81,Completed,TXN-12940-12940
12941,12941,2025-11-27 13:23:12,Bank Transfer,995.46,Completed,TXN-12941-12941
12942,12942,2026-06-17 13:51:22,Cash on Delivery,937.23,Pending,
12943,12943,2026-07-26 08:43:42,Bank Transfer,3103.84,Completed,TXN-12943-12943
12944,12944,2026-07-14 15:04:57,Credit Card,2489.46,Completed,TXN-12944-12944
12945,12945,2024-06-21 12:18:37,Cash on Delivery,628.11,Completed,TXN-12945-12945
12946,12946,2024-09-18 01:34:31,Bank Transfer,1871.94,Completed,TXN-12946-12946
12947,12947,2026-07-22 02:32:42,Bank Transfer,3636.22,Completed,TXN-12947-12947
12948,12948,2026-08-25 11:50:14,Bank Transfer,1310.39,Completed,TXN-12948-12948
12949,12949,2026-08-05 08:01:53,Bank Transfer,1899.19,Completed,TXN-12949-12949
12950,12950,2025-07-31 06:25:16,Debit Card,3464.4,Failed,
12951,12951,2026-05-29 07:14:16,Debit Card,916.24,Completed,TXN-12951-12951
12952,12952,2026-03-26 14:03:56,Debit Card,821.3,Completed,TXN-12952-12952
12953,12953,2026-04-18 23:11:55,Credit Card,457.79,Completed,TXN-12953-12953
12954,12954,2026-07-18 00:32:02,Credit Card,1325.1,Completed,TXN-12954-12954
12955,12955,2026-06-01 06:06:47,Cash on Delivery,913.84,Completed,TXN-12955-12955
12956,12956,2025-08-26 16:51:25,Debit Card,176.54,Completed,TXN-12956-12956
12957,12957,2026-08-06 15:50:50,Credit Card,1106.79,Completed,TXN-12957-12957
12958,12958,2026-05-17 23:49:06,Cash on Delivery,1688.72,Completed,TXN-12958-12958
12959,12959,2024-06-21 07:43:03,Credit Card,4852.22,Completed,TXN-12959-12959
12960,12960,2026-06-03 03:11:26,PayPal,1365.88,Completed,TXN-12960-12960
12961,12961,2025-02-22 16:22:07,Bank Transfer,4121.61,Completed,TXN-12961-12961
12962,12962,2025-12-21 08:41:40,Bank Transfer,417.52,Completed,TXN-12962-12962
12963,12963,2025-11-03 22:40:11,Cash on Delivery,2819.08,Completed,TXN-12963-12963
12964,12964,2026-02-18 22:16:19,PayPal,2646.51,Completed,TXN-12964-12964
12965,12965,2026-04-17 13:11:14,PayPal,726.09,Completed,TXN-12965-12965
12966,12966,2025-11-08 16:18:55,Cash on Delivery,2267.32,Completed,TXN-12966-12966
12967,12967,2026-06-01 00:14:59,Cash on Delivery,3116.11,Completed,TXN-12967-12967
12968,12968,2025-03-26 12:44:18,Cash on Delivery,3235.71,Refunded,TXN-12968-12968
12969,12969,2026-05-13 21:20:34,Credit Card,2295.93,Completed,TXN-12969-12969
12970,12970,2025-08-24 11:37:30,Bank Transfer,1320.7,Completed,TXN-12970-12970
12971,12971,2026-08-26 22:22:34,Cash on Delivery,2651.89,Completed,TXN-12971-12971
12972,12972,2025-02-21 22:45:28,Bank Transfer,1604.84,Completed,TXN-12972-12972
12973,12973,2026-05-02 13:52:01,Credit Card,494.57,Pending,
12974,12974,2026-04-28 06:22:03,Debit Card,2751.56,Completed,TXN-12974-12974
12975,12975,2026-07-23 22:56:42,Cash on Delivery,4643.59,Pending,
12976,12976,2025-10-05 23:39:52,PayPal,2375.93,Completed,TXN-12976-12976
12977,12977,2025-12-26 19:12:26,Cash on Delivery,1989.06,Refunded,TXN-12977-12977
12978,12978,2026-08-05 02:53:00,Credit Card,3465.86,Completed,TXN-12978-12978
12979,12979,2026-06-01 09:55:20,PayPal,7253.05,Completed,TXN-12979-12979
12980,12980,2026-04-24 00:39:27,PayPal,730.53,Completed,TXN-12980-12980
12981,12981,2026-01-27 22:00:30,Debit Card,457.79,Completed,TXN-12981-12981
12982,12982,2025-11-27 08:18:10,Cash on Delivery,4644.34,Completed,TXN-12982-12982
12983,12983,2024-10-12 16:58:54,Cash on Delivery,5665.59,Completed,TXN-12983-12983
12984,12984,2026-07-10 09:56:36,PayPal,3564.08,Completed,TXN-12984-12984
12985,12985,2026-04-24 23:14:59,Credit Card,1875.45,Completed,TXN-12985-12985
12986,12986,2026-08-16 18:10:27,Debit Card,2605.18,Completed,TXN-12986-12986
12987,12987,2026-02-23 22:21:34,Credit Card,6447.63,Completed,TXN-12987-12987
12988,12988,2025-06-18 10:42:55,Credit Card,633.08,Failed,
12989,12989,2026-01-29 09:55:13,Credit Card,1108.04,Completed,TXN-12989-12989
12990,12990,2025-06-01 06:21:43,Bank Transfer,2051.67,Completed,TXN-12990-12990
12991,12991,2025-09-29 22:54:50,Credit Card,993.88,Pending,
12992,12992,2026-08-25 03:15:45,Credit Card,4231.94,Completed,TXN-12992-12992
12993,12993,2025-08-23 17:20:23,PayPal,1005.25,Completed,TXN-12993-12993
12994,12994,2025-04-22 13:51:49,Cash on Delivery,1593.84,Completed,TXN-12994-12994
12995,12995,2026-01-21 23:41:37,Cash on Delivery,2019.04,Completed,TXN-12995-12995
12996,12996,2025-03-27 14:08:47,Cash on Delivery,3151.68,Failed,
12997,12997,2026-07-30 14:53:20,Credit Card,294.99,Pending,
12998,12998,2026-04-07 03:53:23,Cash on Delivery,6959.66,Completed,TXN-12998-12998
12999,12999,2026-05-22 17:01:12,Bank Transfer,653.31,Completed,TXN-12999-12999
13000,13000,2026-03-05 21:27:35,Debit Card,354.72,Completed,TXN-13000-13000
13001,13001,2026-08-17 20:17:52,Bank Transfer,3357.92,Completed,TXN-13001-13001
13002,13002,2026-08-30 02:08:07,Cash on Delivery,724.17,Completed,TXN-13002-13002
13003,13003,2024-12-29 07:08:33,Cash on Delivery,1605.35,Completed,TXN-13003-13003
13004,13004,2026-02-18 13:06:11,Bank Transfer,2279.58,Completed,TXN-13004-13004
13005,13005,2026-05-26 12:08:42,Debit Card,217.62,Completed,TXN-13005-13005
13006,13006,2026-08-05 14:44:40,Bank Transfer,1919.7,Completed,TXN-13006-13006
13007,13007,2025-05-19 17:13:34,Credit Card,1384.88,Completed,TXN-13007-13007
13008,13008,2026-06-29 10:56:01,Debit Card,577.42,Completed,TXN-13008-13008
13009,13009,2025-09-06 15:28:11,Bank Transfer,596.73,Completed,TXN-13009-13009
13010,13010,2026-05-22 14:50:46,PayPal,29.06,Completed,TXN-13010-13010
13011,13011,2025-12-25 23:02:12,PayPal,1288.56,Completed,TXN-13011-13011
13012,13012,2025-07-22 20:38:35,Bank Transfer,914.65,Completed,TXN-13012-13012
13013,13013,2024-11-28 04:09:23,Credit Card,3056.14,Completed,TXN-13013-13013
13014,13014,2024-01-20 10:35:33,Debit Card,686.58,Completed,TXN-13014-13014
13015,13015,2026-05-25 17:07:52,Credit Card,1579.56,Completed,TXN-13015-13015
13016,13016,2026-05-09 15:11:23,Credit Card,515.27,Completed,TXN-13016-13016
13017,13017,2026-07-30 11:47:55,Bank Transfer,3728.88,Completed,TXN-13017-13017
13018,13018,2025-10-21 09:53:51,Bank Transfer,1553.25,Completed,TXN-13018-13018
13019,13019,2025-05-05 20:45:42,Credit Card,3113.58,Completed,TXN-13019-13019
13020,13020,2026-04-08 09:43:21,Credit Card,1636.2,Completed,TXN-13020-13020
13021,13021,2026-07-25 06:35:35,Debit Card,1603.46,Completed,TXN-13021-13021
13022,13022,2026-09-01 20:43:40,Cash on Delivery,131.33,Completed,TXN-13022-13022
13023,13023,2026-05-31 05:38:26,PayPal,2592.49,Completed,TXN-13023-13023
13024,13024,2026-08-25 18:24:53,Bank Transfer,515.27,Completed,TXN-13024-13024
13025,13025,2026-06-25 01:45:38,PayPal,2031.33,Completed,TXN-13025-13025
13026,13026,2026-07-26 10:15:53,Debit Card,3213.72,Refunded,TXN-13026-13026
13027,13027,2025-06-05 10:01:11,Bank Transfer,2041.04,Completed,TXN-13027-13027
13028,13028,2025-09-13 02:05:03,Cash on Delivery,934.58,Completed,TXN-13028-13028
13029,13029,2025-06-13 16:06:31,Debit Card,2744.53,Pending,
13030,13030,2025-10-25 19:38:30,Debit Card,1397.1,Completed,TXN-13030-13030
13031,13031,2024-12-29 11:51:16,Credit Card,1375.11,Pending,
13032,13032,2025-01-12 13:27:49,PayPal,2645.93,Completed,TXN-13032-13032
13033,13033,2026-08-04 18:27:42,Cash on Delivery,4481.16,Completed,TXN-13033-13033
13034,13034,2026-04-20 23:30:30,Cash on Delivery,899.36,Completed,TXN-13034-13034
13035,13035,2025-10-08 13:26:59,PayPal,3045.02,Failed,
13036,13036,2024-12-14 06:38:53,Bank Transfer,584.38,Completed,TXN-13036-13036
13037,13037,2026-05-15 17:05:40,Debit Card,2170.44,Completed,TXN-13037-13037
13038,13038,2025-04-06 18:06:19,Bank Transfer,1860.39,Completed,TXN-13038-13038
13039,13039,2026-05-06 15:08:52,Debit Card,3596.13,Failed,
13040,13040,2024-04-16 06:16:49,PayPal,288.71,Completed,TXN-13040-13040
13041,13041,2025-06-26 03:59:24,PayPal,2921.34,Completed,TXN-13041-13041
13042,13042,2025-05-07 13:00:36,Credit Card,1324.41,Completed,TXN-13042-13042
13043,13043,2026-06-06 18:27:29,Debit Card,4855.53,Completed,TXN-13043-13043
13044,13044,2025-09-17 22:30:48,Bank Transfer,2807.91,Completed,TXN-13044-13044
13045,13045,2026-08-15 20:48:18,Bank Transfer,519.84,Completed,TXN-13045-13045
13046,13046,2025-05-05 03:08:33,PayPal,1870.82,Completed,TXN-13046-13046
13047,13047,2026-01-06 04:40:04,PayPal,2970.23,Completed,TXN-13047-13047
13048,13048,2026-01-13 18:49:48,Bank Transfer,433.91,Completed,TXN-13048-13048
13049,13049,2026-03-29 06:11:03,Debit Card,2064.74,Completed,TXN-13049-13049
13050,13050,2025-09-01 22:16:11,PayPal,1075.44,Completed,TXN-13050-13050
13051,13051,2025-04-23 09:10:15,Credit Card,3391.28,Pending,
13052,13052,2024-03-18 17:56:32,Cash on Delivery,2780.06,Refunded,TXN-13052-13052
13053,13053,2026-05-21 02:45:37,Cash on Delivery,2403.12,Pending,
13054,13054,2026-03-11 07:03:39,Debit Card,3614.5,Completed,TXN-13054-13054
13055,13055,2025-03-22 23:30:46,Debit Card,4539.2,Completed,TXN-13055-13055
13056,13056,2026-08-24 19:09:42,Credit Card,2650.91,Completed,TXN-13056-13056
13057,13057,2026-06-16 19:18:15,Credit Card,2288.99,Completed,TXN-13057-13057
13058,13058,2026-07-25 12:03:53,Bank Transfer,1894.86,Completed,TXN-13058-13058
13059,13059,2026-07-07 08:13:08,Cash on Delivery,721.77,Completed,TXN-13059-13059
13060,13060,2024-06-11 17:57:02,Credit Card,4852.04,Completed,TXN-13060-13060
13061,13061,2026-05-18 23:48:13,PayPal,2292.52,Completed,TXN-13061-13061
13062,13062,2025-10-17 01:34:06,Debit Card,1451.34,Completed,TXN-13062-13062
13063,13063,2026-04-25 19:37:26,Debit Card,927.35,Completed,TXN-13063-13063
13064,13064,2026-03-19 05:35:00,Debit Card,2833.78,Completed,TXN-13064-13064
13065,13065,2025-09-08 23:55:06,Cash on Delivery,3503.51,Completed,TXN-13065-13065
13066,13066,2026-06-26 14:15:17,Debit Card,217.62,Completed,TXN-13066-13066
13067,13067,2025-06-22 19:17:44,PayPal,72.7,Completed,TXN-13067-13067
13068,13068,2026-08-24 09:14:17,Cash on Delivery,456.92,Completed,TXN-13068-13068
13069,13069,2025-06-07 19:52:38,Bank Transfer,132.89,Completed,TXN-13069-13069
13070,13070,2024-12-20 19:27:39,Debit Card,677.11,Pending,
13071,13071,2026-07-21 05:41:55,Debit Card,1023.32,Completed,TXN-13071-13071
13072,13072,2026-06-12 07:11:19,Cash on Delivery,1060.08,Refunded,TXN-13072-13072
13073,13073,2024-04-08 23:24:25,Credit Card,204.87,Refunded,TXN-13073-13073
13074,13074,2025-04-26 08:01:56,Bank Transfer,1520.67,Completed,TXN-13074-13074
13075,13075,2025-10-06 09:19:52,Cash on Delivery,1756.97,Completed,TXN-13075-13075
13076,13076,2026-05-31 03:42:49,Debit Card,61.54,Completed,TXN-13076-13076
13077,13077,2026-06-05 21:29:15,Debit Card,641.58,Refunded,TXN-13077-13077
13078,13078,2025-11-16 13:11:58,Credit Card,1613.04,Completed,TXN-13078-13078
13079,13079,2025-10-10 21:30:08,Credit Card,925.09,Completed,TXN-13079-13079
13080,13080,2024-10-16 15:55:14,Debit Card,1440.06,Completed,TXN-13080-13080
13081,13081,2024-11-21 07:05:24,PayPal,3860.38,Completed,TXN-13081-13081
13082,13082,2026-08-15 01:30:00,Cash on Delivery,1429.85,Completed,TXN-13082-13082
13083,13083,2026-03-12 02:06:44,Debit Card,2972.26,Completed,TXN-13083-13083
13084,13084,2024-12-21 23:24:05,Cash on Delivery,542.39,Pending,
13085,13085,2025-03-24 02:32:48,Bank Transfer,5084.34,Completed,TXN-13085-13085
13086,13086,2026-01-17 11:33:02,Debit Card,1912.94,Completed,TXN-13086-13086
13087,13087,2026-03-30 18:27:06,Bank Transfer,2881.46,Completed,TXN-13087-13087
13088,13088,2026-08-29 05:43:42,Debit Card,157.65,Completed,TXN-13088-13088
13089,13089,2025-02-13 13:46:44,PayPal,930.25,Completed,TXN-13089-13089
13090,13090,2026-05-20 21:37:32,Cash on Delivery,1376.7,Completed,TXN-13090-13090
13091,13091,2025-12-17 22:11:37,Bank Transfer,1100.87,Completed,TXN-13091-13091
13092,13092,2026-07-24 20:17:11,Credit Card,3096.64,Completed,TXN-13092-13092
13093,13093,2025-10-30 20:38:34,PayPal,3137.32,Completed,TXN-13093-13093
13094,13094,2025-06-04 01:42:59,Credit Card,126.25,Completed,TXN-13094-13094
13095,13095,2025-05-15 16:27:59,Cash on Delivery,2906.51,Completed,TXN-13095-13095
13096,13096,2024-12-03 08:01:30,Bank Transfer,4731.99,Completed,TXN-13096-13096
13097,13097,2026-06-27 13:20:59,PayPal,1940.32,Completed,TXN-13097-13097
13098,13098,2025-03-29 14:24:23,Cash on Delivery,1016.34,Refunded,TXN-13098-13098
13099,13099,2026-05-11 18:47:39,Debit Card,7430.56,Completed,TXN-13099-13099
13100,13100,2025-05-26 20:02:04,Bank Transfer,1400.32,Completed,TXN-13100-13100
13101,13101,2026-04-30 06:45:18,Debit Card,1892.56,Completed,TXN-13101-13101
13102,13102,2025-09-27 22:40:21,PayPal,1281.95,Completed,TXN-13102-13102
13103,13103,2025-03-16 23:16:07,Credit Card,3624.89,Completed,TXN-13103-13103
13104,13104,2026-08-20 16:32:45,Bank Transfer,670.43,Failed,
13105,13105,2026-05-13 09:59:48,Debit Card,2474.68,Completed,TXN-13105-13105
13106,13106,2025-11-17 17:58:22,Credit Card,1503.26,Completed,TXN-13106-13106
13107,13107,2026-02-15 23:52:05,Bank Transfer,1736.25,Completed,TXN-13107-13107
13108,13108,2025-09-25 04:20:06,Credit Card,2696.16,Pending,
13109,13109,2026-06-08 07:39:58,PayPal,1003.22,Failed,
13110,13110,2025-09-21 05:47:24,Bank Transfer,729.75,Completed,TXN-13110-13110
13111,13111,2025-01-18 14:29:39,Cash on Delivery,3120.57,Completed,TXN-13111-13111
13112,13112,2024-09-07 00:43:29,PayPal,805.96,Completed,TXN-13112-13112
13113,13113,2024-08-15 04:51:28,Bank Transfer,456.92,Pending,
13114,13114,2026-07-31 06:33:54,Bank Transfer,2785.62,Completed,TXN-13114-13114
13115,13115,2026-08-24 09:57:23,Bank Transfer,1531.18,Completed,TXN-13115-13115
13116,13116,2025-02-17 23:45:10,Bank Transfer,4763.26,Completed,TXN-13116-13116
13117,13117,2025-10-12 19:28:49,Cash on Delivery,2283.26,Completed,TXN-13117-13117
13118,13118,2026-07-28 03:26:14,PayPal,2063.76,Pending,
13119,13119,2026-01-30 09:25:22,PayPal,3945.03,Completed,TXN-13119-13119
13120,13120,2025-08-24 15:56:49,Bank Transfer,1679.29,Refunded,TXN-13120-13120
13121,13121,2024-06-12 23:24:16,Debit Card,3994.28,Completed,TXN-13121-13121
13122,13122,2025-03-16 01:57:19,Cash on Delivery,3686.75,Completed,TXN-13122-13122
13123,13123,2025-08-28 05:45:04,Debit Card,2975.04,Completed,TXN-13123-13123
13124,13124,2025-03-24 03:24:52,PayPal,3882.0,Completed,TXN-13124-13124
13125,13125,2026-01-23 23:29:07,Cash on Delivery,243.97,Completed,TXN-13125-13125
13126,13126,2026-02-19 19:26:36,Bank Transfer,350.1,Completed,TXN-13126-13126
13127,13127,2026-01-30 12:00:04,Debit Card,1806.82,Refunded,TXN-13127-13127
13128,13128,2025-01-14 01:54:00,Debit Card,1258.38,Completed,TXN-13128-13128
13129,13129,2024-05-12 19:16:13,Credit Card,3334.15,Completed,TXN-13129-13129
13130,13130,2024-07-31 10:25:01,Credit Card,1115.81,Completed,TXN-13130-13130
13131,13131,2024-10-26 20:09:24,Credit Card,5210.34,Failed,
13132,13132,2026-04-03 08:40:34,Debit Card,303.08,Completed,TXN-13132-13132
13133,13133,2025-12-14 16:09:46,Credit Card,616.21,Completed,TXN-13133-13133
13134,13134,2025-05-14 02:49:07,PayPal,544.78,Completed,TXN-13134-13134
13135,13135,2025-05-10 01:26:58,Cash on Delivery,1778.51,Failed,
13136,13136,2026-06-06 21:08:08,Cash on Delivery,625.24,Completed,TXN-13136-13136
13137,13137,2025-09-19 18:41:47,PayPal,2938.41,Completed,TXN-13137-13137
13138,13138,2026-05-01 04:03:47,Credit Card,447.0,Completed,TXN-13138-13138
13139,13139,2025-06-04 07:42:52,PayPal,5926.4,Completed,TXN-13139-13139
13140,13140,2025-10-30 01:50:25,Cash on Delivery,269.05,Completed,TXN-13140-13140
13141,13141,2025-04-27 00:46:15,Bank Transfer,1017.21,Completed,TXN-13141-13141
13142,13142,2025-07-05 01:30:15,Credit Card,748.25,Completed,TXN-13142-13142
13143,13143,2026-07-02 08:42:56,Bank Transfer,4503.87,Completed,TXN-13143-13143
13144,13144,2026-02-27 21:30:39,Cash on Delivery,89.71,Completed,TXN-13144-13144
13145,13145,2025-03-19 17:42:50,Debit Card,894.76,Completed,TXN-13145-13145
13146,13146,2025-11-30 02:23:27,Credit Card,1201.81,Completed,TXN-13146-13146
13147,13147,2026-04-04 13:00:54,Cash on Delivery,1198.88,Completed,TXN-13147-13147
13148,13148,2025-05-13 08:18:11,Bank Transfer,4704.18,Completed,TXN-13148-13148
13149,13149,2024-09-19 16:10:09,Cash on Delivery,2841.14,Completed,TXN-13149-13149
13150,13150,2025-11-29 02:19:26,Bank Transfer,3044.76,Completed,TXN-13150-13150
13151,13151,2026-06-11 07:53:06,Debit Card,1635.56,Completed,TXN-13151-13151
13152,13152,2026-02-06 04:30:15,Debit Card,5069.0,Completed,TXN-13152-13152
13153,13153,2026-07-23 20:13:24,Credit Card,2629.04,Completed,TXN-13153-13153
13154,13154,2026-06-21 23:51:49,PayPal,1898.61,Completed,TXN-13154-13154
13155,13155,2025-05-31 15:41:19,Bank Transfer,779.02,Completed,TXN-13155-13155
13156,13156,2026-03-03 06:33:52,Debit Card,1209.4,Completed,TXN-13156-13156
13157,13157,2026-05-14 00:04:03,Cash on Delivery,118.54,Completed,TXN-13157-13157
13158,13158,2026-07-21 13:18:05,Debit Card,1667.78,Completed,TXN-13158-13158
13159,13159,2026-06-20 17:40:15,Debit Card,2229.86,Completed,TXN-13159-13159
13160,13160,2026-08-28 09:29:30,Cash on Delivery,1766.02,Completed,TXN-13160-13160
13161,13161,2025-10-16 22:33:55,Credit Card,2772.67,Completed,TXN-13161-13161
13162,13162,2026-05-26 09:19:20,Credit Card,2665.53,Completed,TXN-13162-13162
13163,13163,2026-07-20 15:41:40,Debit Card,1007.97,Pending,
13164,13164,2026-01-25 19:08:32,Cash on Delivery,1722.0,Completed,TXN-13164-13164
13165,13165,2026-05-21 01:59:18,Debit Card,848.43,Completed,TXN-13165-13165
13166,13166,2024-07-31 15:09:06,Debit Card,915.58,Completed,TXN-13166-13166
13167,13167,2026-07-28 18:50:52,Cash on Delivery,994.53,Completed,TXN-13167-13167
13168,13168,2025-01-14 23:14:08,PayPal,2906.02,Completed,TXN-13168-13168
13169,13169,2026-08-05 01:51:28,Bank Transfer,2123.37,Completed,TXN-13169-13169
13170,13170,2026-02-18 01:42:22,Bank Transfer,720.38,Pending,
13171,13171,2026-05-10 03:55:09,Bank Transfer,912.27,Completed,TXN-13171-13171
13172,13172,2026-08-07 20:36:50,PayPal,2155.51,Completed,TXN-13172-13172
13173,13173,2026-07-06 07:18:54,Credit Card,1241.22,Completed,TXN-13173-13173
13174,13174,2026-06-08 20:43:16,Cash on Delivery,2004.45,Completed,TXN-13174-13174
13175,13175,2024-11-25 12:07:24,Credit Card,2520.69,Pending,
13176,13176,2025-05-28 22:22:57,Debit Card,1989.06,Completed,TXN-13176-13176
13177,13177,2026-02-05 11:17:33,Credit Card,3472.9,Completed,TXN-13177-13177
13178,13178,2024-08-19 16:41:22,PayPal,3126.11,Completed,TXN-13178-13178
13179,13179,2026-07-01 07:27:26,PayPal,1392.14,Completed,TXN-13179-13179
13180,13180,2026-07-21 02:46:59,PayPal,3471.47,Refunded,TXN-13180-13180
13181,13181,2026-08-22 00:41:30,Cash on Delivery,813.07,Completed,TXN-13181-13181
13182,13182,2025-08-03 18:37:51,Bank Transfer,255.83,Completed,TXN-13182-13182
13183,13183,2026-03-04 02:26:00,Debit Card,925.25,Completed,TXN-13183-13183
13184,13184,2024-05-19 22:35:51,Debit Card,4442.79,Completed,TXN-13184-13184
13185,13185,2026-06-18 17:27:13,Cash on Delivery,2962.8,Completed,TXN-13185-13185
13186,13186,2025-10-03 09:17:45,PayPal,2337.07,Completed,TXN-13186-13186
13187,13187,2025-10-01 07:09:07,Credit Card,670.43,Completed,TXN-13187-13187
13188,13188,2026-06-15 06:26:35,Bank Transfer,4909.55,Completed,TXN-13188-13188
13189,13189,2026-05-05 14:40:45,Cash on Delivery,981.65,Completed,TXN-13189-13189
13190,13190,2025-08-11 09:09:02,Debit Card,1237.48,Completed,TXN-13190-13190
13191,13191,2026-03-28 07:57:21,Debit Card,3810.14,Completed,TXN-13191-13191
13192,13192,2026-02-04 00:17:58,Cash on Delivery,584.38,Completed,TXN-13192-13192
13193,13193,2026-05-24 11:36:36,PayPal,2518.07,Completed,TXN-13193-13193
13194,13194,2026-08-15 21:40:29,PayPal,4675.13,Completed,TXN-13194-13194
13195,13195,2025-05-03 06:29:01,Bank Transfer,3622.07,Completed,TXN-13195-13195
13196,13196,2026-06-20 00:06:36,Bank Transfer,7655.68,Completed,TXN-13196-13196
13197,13197,2024-04-09 13:42:23,Bank Transfer,1483.78,Completed,TXN-13197-13197
13198,13198,2025-12-29 12:04:31,Bank Transfer,2840.97,Completed,TXN-13198-13198
13199,13199,2026-03-15 13:46:40,Credit Card,162.08,Completed,TXN-13199-13199
13200,13200,2026-07-16 14:58:08,Bank Transfer,725.02,Refunded,TXN-13200-13200
13201,13201,2026-08-31 15:45:58,Bank Transfer,774.23,Completed,TXN-13201-13201
13202,13202,2026-04-15 06:46:08,PayPal,3783.05,Completed,TXN-13202-13202
13203,13203,2026-07-18 18:28:48,Debit Card,3311.73,Completed,TXN-13203-13203
13204,13204,2026-08-07 05:45:57,Bank Transfer,4193.76,Completed,TXN-13204-13204
13205,13205,2026-03-11 16:21:45,Debit Card,1717.55,Pending,
13206,13206,2024-09-06 22:04:42,Cash on Delivery,1374.21,Completed,TXN-13206-13206
13207,13207,2026-06-19 15:16:48,Debit Card,2662.14,Completed,TXN-13207-13207
13208,13208,2024-11-16 14:45:54,Debit Card,2404.41,Completed,TXN-13208-13208
13209,13209,2026-04-08 00:55:50,Credit Card,3516.86,Completed,TXN-13209-13209
13210,13210,2026-06-24 03:27:48,PayPal,3646.47,Refunded,TXN-13210-13210
13211,13211,2026-08-16 23:40:32,Bank Transfer,1362.03,Completed,TXN-13211-13211
13212,13212,2026-01-28 23:22:35,PayPal,3767.63,Completed,TXN-13212-13212
13213,13213,2025-09-05 20:19:27,Debit Card,1192.59,Pending,
13214,13214,2026-06-29 23:30:00,PayPal,1766.34,Completed,TXN-13214-13214
13215,13215,2026-04-15 11:08:07,Bank Transfer,818.1,Completed,TXN-13215-13215
13216,13216,2026-07-21 20:44:43,Bank Transfer,3273.51,Completed,TXN-13216-13216
13217,13217,2025-05-18 04:05:28,Bank Transfer,245.03,Completed,TXN-13217-13217
13218,13218,2025-09-20 03:37:52,PayPal,4548.26,Completed,TXN-13218-13218
13219,13219,2025-11-19 23:01:09,Debit Card,2258.85,Completed,TXN-13219-13219
13220,13220,2026-08-22 15:01:02,Cash on Delivery,2681.68,Completed,TXN-13220-13220
13221,13221,2025-06-10 17:47:17,Debit Card,1421.13,Completed,TXN-13221-13221
13222,13222,2026-04-20 18:19:59,Credit Card,3146.76,Completed,TXN-13222-13222
13223,13223,2026-07-05 03:57:37,Credit Card,973.78,Refunded,TXN-13223-13223
13224,13224,2025-12-27 15:09:29,Cash on Delivery,2892.45,Completed,TXN-13224-13224
13225,13225,2025-06-06 20:59:26,PayPal,2360.84,Completed,TXN-13225-13225
13226,13226,2026-08-28 03:09:36,Bank Transfer,2771.72,Completed,TXN-13226-13226
13227,13227,2026-07-01 01:59:18,Debit Card,839.15,Completed,TXN-13227-13227
13228,13228,2026-05-30 03:21:09,Cash on Delivery,236.54,Completed,TXN-13228-13228
13229,13229,2026-05-06 14:41:10,Credit Card,2177.76,Completed,TXN-13229-13229
13230,13230,2026-02-20 08:51:15,Debit Card,255.83,Refunded,TXN-13230-13230
13231,13231,2025-10-01 21:05:10,Debit Card,2001.78,Completed,TXN-13231-13231
13232,13232,2026-06-12 20:53:53,Bank Transfer,145.4,Completed,TXN-13232-13232
13233,13233,2026-05-15 22:05:55,Cash on Delivery,4222.74,Completed,TXN-13233-13233
13234,13234,2025-08-19 13:05:14,Debit Card,2844.48,Completed,TXN-13234-13234
13235,13235,2026-04-25 20:47:49,Bank Transfer,6009.4,Completed,TXN-13235-13235
13236,13236,2025-03-25 00:17:37,PayPal,335.01,Completed,TXN-13236-13236
13237,13237,2025-07-24 16:44:19,Credit Card,542.39,Completed,TXN-13237-13237
13238,13238,2025-05-14 23:20:58,PayPal,2779.84,Completed,TXN-13238-13238
13239,13239,2025-01-24 13:22:28,Bank Transfer,2463.99,Completed,TXN-13239-13239
13240,13240,2025-07-08 09:13:07,Credit Card,2347.62,Completed,TXN-13240-13240
13241,13241,2025-08-20 01:00:27,PayPal,3537.5,Completed,TXN-13241-13241
13242,13242,2026-08-27 08:15:12,PayPal,1346.09,Refunded,TXN-13242-13242
13243,13243,2024-04-12 10:42:28,Cash on Delivery,576.03,Pending,
13244,13244,2025-12-13 23:55:27,PayPal,1750.83,Completed,TXN-13244-13244
13245,13245,2026-08-16 02:19:51,Debit Card,696.07,Completed,TXN-13245-13245
13246,13246,2026-07-05 19:13:41,Credit Card,3846.99,Completed,TXN-13246-13246
13247,13247,2026-08-22 18:13:38,Bank Transfer,1248.71,Completed,TXN-13247-13247
13248,13248,2025-03-18 00:59:24,Credit Card,2244.36,Completed,TXN-13248-13248
13249,13249,2026-03-29 17:44:34,Credit Card,857.26,Failed,
13250,13250,2026-04-16 00:25:01,Debit Card,2208.2,Pending,
13251,13251,2026-02-20 05:13:54,Credit Card,1548.46,Completed,TXN-13251-13251
13252,13252,2024-08-27 20:22:49,Bank Transfer,4657.4,Refunded,TXN-13252-13252
13253,13253,2025-08-07 21:36:59,Credit Card,2031.49,Completed,TXN-13253-13253
13254,13254,2026-06-14 10:32:16,PayPal,2032.14,Completed,TXN-13254-13254
13255,13255,2024-08-16 22:14:41,PayPal,1084.97,Pending,
13256,13256,2025-09-14 04:03:01,Bank Transfer,4905.05,Completed,TXN-13256-13256
13257,13257,2026-06-16 12:39:49,Cash on Delivery,606.38,Completed,TXN-13257-13257
13258,13258,2026-01-06 01:23:54,Cash on Delivery,2031.33,Completed,TXN-13258-13258
13259,13259,2026-01-10 00:45:36,Cash on Delivery,4454.39,Completed,TXN-13259-13259
13260,13260,2026-08-30 07:29:40,Bank Transfer,1655.49,Completed,TXN-13260-13260
13261,13261,2026-05-11 18:36:37,Debit Card,4794.77,Completed,TXN-13261-13261
13262,13262,2026-08-10 13:45:32,Debit Card,2186.47,Completed,TXN-13262-13262
13263,13263,2024-10-18 07:14:43,Debit Card,1789.52,Completed,TXN-13263-13263
13264,13264,2026-03-24 15:16:34,Credit Card,511.94,Completed,TXN-13264-13264
13265,13265,2025-08-19 08:42:57,Debit Card,394.13,Completed,TXN-13265-13265
13266,13266,2026-03-17 18:15:58,Debit Card,3511.92,Refunded,TXN-13266-13266
13267,13267,2026-04-03 20:09:55,Bank Transfer,1286.16,Completed,TXN-13267-13267
13268,13268,2026-08-14 18:24:06,Debit Card,2489.94,Completed,TXN-13268-13268
13269,13269,2025-11-15 23:07:25,Cash on Delivery,1138.43,Completed,TXN-13269-13269
13270,13270,2025-11-30 19:48:11,Credit Card,1110.21,Completed,TXN-13270-13270
13271,13271,2026-07-01 16:06:51,Cash on Delivery,3224.2,Completed,TXN-13271-13271
13272,13272,2025-12-13 06:31:56,Cash on Delivery,731.51,Completed,TXN-13272-13272
13273,13273,2026-06-27 09:06:19,Debit Card,630.61,Completed,TXN-13273-13273
13274,13274,2025-01-16 19:48:28,Debit Card,1669.68,Completed,TXN-13274-13274
13275,13275,2026-05-29 17:17:49,PayPal,176.1,Completed,TXN-13275-13275
13276,13276,2026-08-29 01:19:33,Bank Transfer,3091.13,Pending,
13277,13277,2025-12-17 13:56:56,Bank Transfer,2495.42,Completed,TXN-13277-13277
13278,13278,2026-08-24 01:02:31,Bank Transfer,1016.34,Completed,TXN-13278-13278
13279,13279,2025-05-22 17:15:31,Debit Card,3974.65,Completed,TXN-13279-13279
13280,13280,2026-06-12 21:23:03,Debit Card,597.45,Completed,TXN-13280-13280
13281,13281,2026-02-14 22:34:27,Credit Card,1489.55,Completed,TXN-13281-13281
13282,13282,2026-08-20 20:59:28,PayPal,2534.08,Completed,TXN-13282-13282
13283,13283,2026-05-05 18:54:07,Credit Card,2720.8,Failed,
13284,13284,2025-03-22 07:01:30,Bank Transfer,2357.43,Completed,TXN-13284-13284
13285,13285,2025-06-06 11:46:34,Debit Card,1115.17,Completed,TXN-13285-13285
13286,13286,2025-05-22 09:29:09,Cash on Delivery,2606.88,Completed,TXN-13286-13286
13287,13287,2026-07-21 16:47:07,Debit Card,3062.35,Completed,TXN-13287-13287
13288,13288,2025-02-22 07:57:03,Cash on Delivery,1891.2,Completed,TXN-13288-13288
13289,13289,2026-04-23 00:54:54,Debit Card,4038.87,Completed,TXN-13289-13289
13290,13290,2026-08-12 10:32:08,PayPal,2382.54,Refunded,TXN-13290-13290
13291,13291,2025-05-22 06:14:20,PayPal,204.87,Completed,TXN-13291-13291
13292,13292,2024-03-06 02:06:12,Debit Card,6297.49,Completed,TXN-13292-13292
13293,13293,2025-10-05 09:39:58,PayPal,1327.65,Completed,TXN-13293-13293
13294,13294,2025-09-29 03:08:53,Cash on Delivery,1392.7,Completed,TXN-13294-13294
13295,13295,2025-02-27 05:41:57,Cash on Delivery,3439.71,Completed,TXN-13295-13295
13296,13296,2026-03-31 03:56:18,Credit Card,3544.55,Completed,TXN-13296-13296
13297,13297,2026-06-17 11:53:49,Bank Transfer,163.66,Completed,TXN-13297-13297
13298,13298,2026-03-20 19:06:00,Bank Transfer,3428.89,Completed,TXN-13298-13298
13299,13299,2026-05-30 10:22:42,Cash on Delivery,265.78,Completed,TXN-13299-13299
13300,13300,2026-01-28 06:50:28,Bank Transfer,239.2,Completed,TXN-13300-13300
13301,13301,2026-08-28 23:20:30,Credit Card,1880.19,Completed,TXN-13301-13301
13302,13302,2026-02-10 17:41:24,Cash on Delivery,4041.23,Completed,TXN-13302-13302
13303,13303,2025-12-08 01:11:07,Cash on Delivery,3008.2,Pending,
13304,13304,2025-01-11 16:10:31,Cash on Delivery,3304.58,Completed,TXN-13304-13304
13305,13305,2026-06-24 03:47:10,Bank Transfer,4145.93,Completed,TXN-13305-13305
13306,13306,2026-07-18 14:46:11,PayPal,480.69,Completed,TXN-13306-13306
13307,13307,2025-10-15 16:17:03,Bank Transfer,1051.88,Completed,TXN-13307-13307
13308,13308,2024-08-06 08:03:59,Credit Card,544.36,Completed,TXN-13308-13308
13309,13309,2026-08-28 06:24:07,Credit Card,2982.54,Completed,TXN-13309-13309
13310,13310,2026-09-01 19:30:03,Debit Card,1828.04,Completed,TXN-13310-13310
13311,13311,2026-07-26 18:48:31,PayPal,717.87,Completed,TXN-13311-13311
13312,13312,2024-09-14 17:20:58,PayPal,434.9,Completed,TXN-13312-13312
13313,13313,2026-03-11 14:11:29,Credit Card,2231.39,Completed,TXN-13313-13313
13314,13314,2025-07-20 07:49:18,PayPal,3049.02,Completed,TXN-13314-13314
13315,13315,2025-12-21 20:31:12,Debit Card,2574.28,Completed,TXN-13315-13315
13316,13316,2026-05-09 19:57:19,Cash on Delivery,1882.67,Completed,TXN-13316-13316
13317,13317,2026-08-22 10:54:14,PayPal,3663.99,Completed,TXN-13317-13317
13318,13318,2025-10-19 21:08:20,PayPal,2640.87,Refunded,TXN-13318-13318
13319,13319,2025-12-11 11:55:16,Debit Card,1302.73,Completed,TXN-13319-13319
13320,13320,2026-07-05 16:48:32,Cash on Delivery,658.15,Completed,TXN-13320-13320
13321,13321,2025-10-07 22:00:38,PayPal,2441.61,Completed,TXN-13321-13321
13322,13322,2025-11-15 01:34:03,Bank Transfer,1515.5,Completed,TXN-13322-13322
13323,13323,2025-03-03 16:32:39,Debit Card,781.7,Completed,TXN-13323-13323
13324,13324,2026-01-08 06:34:11,Credit Card,2303.17,Completed,TXN-13324-13324
13325,13325,2026-03-11 23:06:17,PayPal,460.7,Completed,TXN-13325-13325
13326,13326,2025-10-09 11:30:26,Cash on Delivery,1860.5,Completed,TXN-13326-13326
13327,13327,2026-03-30 00:48:32,Bank Transfer,68.38,Completed,TXN-13327-13327
13328,13328,2026-05-12 18:24:52,Credit Card,1884.79,Refunded,TXN-13328-13328
13329,13329,2025-01-30 12:38:13,Debit Card,604.84,Refunded,TXN-13329-13329
13330,13330,2026-05-09 05:16:54,Bank Transfer,411.23,Completed,TXN-13330-13330
13331,13331,2026-03-22 23:34:58,PayPal,3017.39,Completed,TXN-13331-13331
13332,13332,2025-04-27 19:48:30,Debit Card,2071.98,Completed,TXN-13332-13332
13333,13333,2024-05-12 19:25:29,PayPal,6854.57,Completed,TXN-13333-13333
13334,13334,2025-11-25 21:01:36,PayPal,1392.8,Completed,TXN-13334-13334
13335,13335,2026-07-18 20:12:09,Credit Card,3630.32,Completed,TXN-13335-13335
13336,13336,2026-08-22 09:37:34,Cash on Delivery,2711.59,Completed,TXN-13336-13336
13337,13337,2026-04-11 04:29:18,Bank Transfer,2108.13,Completed,TXN-13337-13337
13338,13338,2024-12-03 21:49:41,Debit Card,1533.84,Completed,TXN-13338-13338
13339,13339,2026-05-16 06:06:15,Bank Transfer,2977.83,Completed,TXN-13339-13339
13340,13340,2025-02-23 05:03:26,Cash on Delivery,506.23,Failed,
13341,13341,2025-12-31 19:53:13,Cash on Delivery,2245.82,Completed,TXN-13341-13341
13342,13342,2026-07-06 19:02:14,Debit Card,633.08,Completed,TXN-13342-13342
13343,13343,2025-09-04 03:29:54,PayPal,863.66,Completed,TXN-13343-13343
13344,13344,2026-07-27 07:46:01,Credit Card,1184.67,Completed,TXN-13344-13344
13345,13345,2025-07-18 02:28:02,Debit Card,929.01,Completed,TXN-13345-13345
13346,13346,2024-10-28 06:47:44,Cash on Delivery,1991.17,Completed,TXN-13346-13346
13347,13347,2026-02-16 17:36:57,Debit Card,204.87,Pending,
13348,13348,2023-10-30 17:04:19,Debit Card,2757.31,Completed,TXN-13348-13348
13349,13349,2025-05-04 17:29:35,Cash on Delivery,7103.34,Completed,TXN-13349-13349
13350,13350,2024-09-01 22:48:32,Cash on Delivery,43.21,Completed,TXN-13350-13350
13351,13351,2026-04-16 00:59:54,Credit Card,1307.47,Refunded,TXN-13351-13351
13352,13352,2026-06-08 03:51:57,Credit Card,3120.11,Completed,TXN-13352-13352
13353,13353,2026-05-09 18:33:39,Debit Card,370.94,Completed,TXN-13353-13353
13354,13354,2026-03-25 14:42:58,PayPal,297.38,Completed,TXN-13354-13354
13355,13355,2024-11-05 12:26:43,PayPal,582.74,Pending,
13356,13356,2026-03-24 00:00:05,Cash on Delivery,994.18,Completed,TXN-13356-13356
13357,13357,2026-03-11 06:20:20,Bank Transfer,1305.99,Completed,TXN-13357-13357
13358,13358,2025-03-30 13:00:36,Credit Card,3697.26,Completed,TXN-13358-13358
13359,13359,2026-06-22 13:37:50,Bank Transfer,4435.24,Completed,TXN-13359-13359
13360,13360,2026-08-24 12:13:03,PayPal,1109.87,Completed,TXN-13360-13360
13361,13361,2025-09-02 22:05:30,Credit Card,6717.58,Completed,TXN-13361-13361
13362,13362,2026-08-08 05:37:18,Bank Transfer,915.58,Completed,TXN-13362-13362
13363,13363,2026-06-30 02:48:05,Cash on Delivery,1665.27,Completed,TXN-13363-13363
13364,13364,2024-12-17 01:42:21,Credit Card,4137.17,Completed,TXN-13364-13364
13365,13365,2026-06-01 14:12:41,Bank Transfer,248.92,Completed,TXN-13365-13365
13366,13366,2026-03-03 22:03:11,PayPal,1145.17,Completed,TXN-13366-13366
13367,13367,2024-06-22 12:24:23,Debit Card,2812.16,Completed,TXN-13367-13367
13368,13368,2026-08-01 03:43:38,Cash on Delivery,1448.74,Pending,
13369,13369,2024-11-07 23:42:24,Debit Card,963.5,Completed,TXN-13369-13369
13370,13370,2025-08-08 00:00:43,Credit Card,885.61,Completed,TXN-13370-13370
13371,13371,2026-06-15 21:20:31,Cash on Delivery,1316.3,Completed,TXN-13371-13371
13372,13372,2026-05-12 05:20:18,PayPal,514.46,Completed,TXN-13372-13372
13373,13373,2026-08-17 06:49:58,Cash on Delivery,2034.48,Completed,TXN-13373-13373
13374,13374,2025-09-13 10:05:05,PayPal,358.48,Completed,TXN-13374-13374
13375,13375,2026-08-07 15:17:39,Credit Card,1011.6,Completed,TXN-13375-13375
13376,13376,2025-05-06 20:58:50,Bank Transfer,1962.18,Refunded,TXN-13376-13376
13377,13377,2026-07-16 04:24:50,Bank Transfer,3410.07,Completed,TXN-13377-13377
13378,13378,2026-08-09 07:14:19,Bank Transfer,868.81,Completed,TXN-13378-13378
13379,13379,2026-03-31 01:07:33,Bank Transfer,3061.24,Completed,TXN-13379-13379
13380,13380,2025-10-30 12:12:44,Credit Card,4765.92,Completed,TXN-13380-13380
13381,13381,2026-08-03 13:39:46,PayPal,1777.16,Completed,TXN-13381-13381
13382,13382,2026-01-25 02:27:00,Credit Card,1273.82,Completed,TXN-13382-13382
13383,13383,2025-05-11 22:48:09,Debit Card,4287.93,Completed,TXN-13383-13383
13384,13384,2024-11-28 23:28:08,PayPal,2491.55,Refunded,TXN-13384-13384
13385,13385,2026-06-23 21:48:46,PayPal,3561.77,Completed,TXN-13385-13385
13386,13386,2025-08-07 07:10:41,PayPal,4594.27,Completed,TXN-13386-13386
13387,13387,2025-11-07 21:41:34,PayPal,2525.98,Completed,TXN-13387-13387
13388,13388,2026-06-20 05:29:30,Bank Transfer,2078.11,Completed,TXN-13388-13388
13389,13389,2024-06-09 23:32:15,Debit Card,2741.32,Completed,TXN-13389-13389
13390,13390,2026-05-22 07:07:40,Cash on Delivery,1521.13,Completed,TXN-13390-13390
13391,13391,2025-08-08 05:02:33,Debit Card,3655.95,Completed,TXN-13391-13391
13392,13392,2026-08-28 12:44:38,Cash on Delivery,695.38,Completed,TXN-13392-13392
13393,13393,2024-06-20 09:16:11,Debit Card,1468.29,Failed,
13394,13394,2026-03-05 23:29:20,Credit Card,1927.57,Completed,TXN-13394-13394
13395,13395,2026-07-29 11:18:50,Credit Card,3324.49,Completed,TXN-13395-13395
13396,13396,2026-05-15 17:58:45,Cash on Delivery,685.56,Completed,TXN-13396-13396
13397,13397,2024-11-21 18:31:08,Credit Card,1938.6,Completed,TXN-13397-13397
13398,13398,2026-07-25 06:25:43,Bank Transfer,4503.73,Pending,
13399,13399,2026-05-22 02:57:49,PayPal,1130.26,Completed,TXN-13399-13399
13400,13400,2025-07-31 15:48:56,Bank Transfer,2575.8,Completed,TXN-13400-13400
13401,13401,2026-08-28 14:59:33,Bank Transfer,4967.62,Completed,TXN-13401-13401
13402,13402,2026-06-02 11:47:53,Bank Transfer,1579.56,Completed,TXN-13402-13402
13403,13403,2025-10-03 05:15:07,Bank Transfer,2334.44,Completed,TXN-13403-13403
13404,13404,2025-07-14 21:54:14,PayPal,132.89,Completed,TXN-13404-13404
13405,13405,2024-06-27 19:48:18,Credit Card,4222.33,Completed,TXN-13405-13405
13406,13406,2024-03-02 02:41:41,Bank Transfer,1784.12,Completed,TXN-13406-13406
13407,13407,2025-07-06 09:10:58,Debit Card,1070.32,Completed,TXN-13407-13407
13408,13408,2025-11-07 09:53:47,Credit Card,222.63,Completed,TXN-13408-13408
13409,13409,2026-05-05 13:00:20,PayPal,1383.08,Completed,TXN-13409-13409
13410,13410,2026-03-06 20:35:48,Debit Card,4970.9,Completed,TXN-13410-13410
13411,13411,2025-12-14 21:29:02,Cash on Delivery,3202.25,Completed,TXN-13411-13411
13412,13412,2024-01-12 06:07:09,Debit Card,2717.0,Completed,TXN-13412-13412
13413,13413,2025-12-27 11:19:17,Debit Card,2070.14,Completed,TXN-13413-13413
13414,13414,2026-05-31 22:12:03,Credit Card,3592.96,Refunded,TXN-13414-13414
13415,13415,2025-10-31 10:56:30,Credit Card,1394.83,Completed,TXN-13415-13415
13416,13416,2026-07-08 03:22:43,Credit Card,4688.46,Completed,TXN-13416-13416
13417,13417,2025-04-04 11:26:43,Debit Card,600.49,Completed,TXN-13417-13417
13418,13418,2025-04-17 11:15:47,PayPal,1416.76,Completed,TXN-13418-13418
13419,13419,2025-11-08 01:30:38,Bank Transfer,732.61,Completed,TXN-13419-13419
13420,13420,2025-09-17 20:20:36,Debit Card,1762.38,Completed,TXN-13420-13420
13421,13421,2025-10-05 01:08:52,Cash on Delivery,2087.51,Completed,TXN-13421-13421
13422,13422,2026-05-24 00:58:30,Bank Transfer,1999.3,Completed,TXN-13422-13422
13423,13423,2026-08-30 12:20:38,Debit Card,584.38,Completed,TXN-13423-13423
13424,13424,2026-06-25 16:42:18,Credit Card,1477.79,Completed,TXN-13424-13424
13425,13425,2026-05-04 19:21:07,Debit Card,656.22,Completed,TXN-13425-13425
13426,13426,2026-08-10 09:51:53,Bank Transfer,2030.16,Completed,TXN-13426-13426
13427,13427,2025-03-28 23:51:34,PayPal,826.24,Completed,TXN-13427-13427
13428,13428,2026-07-18 07:11:31,Cash on Delivery,1086.31,Completed,TXN-13428-13428
13429,13429,2025-03-17 23:19:57,Debit Card,2601.05,Pending,
13430,13430,2025-09-29 06:55:02,Bank Transfer,4230.73,Completed,TXN-13430-13430
13431,13431,2026-05-20 22:24:46,Credit Card,1202.35,Completed,TXN-13431-13431
13432,13432,2024-11-11 23:45:22,PayPal,1931.83,Completed,TXN-13432-13432
13433,13433,2024-10-07 22:52:39,Bank Transfer,1591.63,Completed,TXN-13433-13433
13434,13434,2026-07-08 18:50:51,PayPal,818.1,Completed,TXN-13434-13434
13435,13435,2026-05-29 18:44:02,Debit Card,513.63,Completed,TXN-13435-13435
13436,13436,2025-10-29 12:37:00,Debit Card,279.33,Pending,
13437,13437,2026-03-21 04:35:51,Bank Transfer,255.83,Completed,TXN-13437-13437
13438,13438,2025-04-29 08:55:38,Bank Transfer,723.94,Completed,TXN-13438-13438
13439,13439,2026-02-27 09:21:37,Cash on Delivery,583.61,Completed,TXN-13439-13439
13440,13440,2025-07-27 12:18:00,PayPal,2487.2,Completed,TXN-13440-13440
13441,13441,2025-06-07 15:13:17,PayPal,966.48,Completed,TXN-13441-13441
13442,13442,2026-03-05 06:42:39,Debit Card,3374.09,Completed,TXN-13442-13442
13443,13443,2026-01-11 21:36:07,Credit Card,1924.38,Completed,TXN-13443-13443
13444,13444,2024-09-09 00:53:20,Cash on Delivery,577.41,Completed,TXN-13444-13444
13445,13445,2026-02-22 22:42:02,Debit Card,132.89,Completed,TXN-13445-13445
13446,13446,2025-03-27 05:52:09,Cash on Delivery,236.54,Pending,
13447,13447,2025-03-27 07:59:09,Bank Transfer,1026.41,Completed,TXN-13447-13447
13448,13448,2025-08-24 07:10:09,Bank Transfer,3808.4,Completed,TXN-13448-13448
13449,13449,2026-06-29 19:49:38,Debit Card,1871.94,Completed,TXN-13449-13449
13450,13450,2026-08-11 16:56:22,Credit Card,3924.14,Completed,TXN-13450-13450
13451,13451,2026-07-24 11:38:14,Credit Card,1108.27,Completed,TXN-13451-13451
13452,13452,2025-02-15 22:48:07,Bank Transfer,2050.26,Completed,TXN-13452-13452
13453,13453,2026-08-03 21:24:14,Debit Card,1591.98,Completed,TXN-13453-13453
13454,13454,2026-07-17 02:41:38,Cash on Delivery,1610.05,Completed,TXN-13454-13454
13455,13455,2025-02-03 14:02:40,Cash on Delivery,1019.85,Completed,TXN-13455-13455
13456,13456,2025-10-07 16:51:36,PayPal,202.6,Completed,TXN-13456-13456
13457,13457,2025-09-08 22:40:39,Credit Card,4044.65,Completed,TXN-13457-13457
13458,13458,2026-01-27 14:51:33,PayPal,1009.52,Pending,
13459,13459,2024-05-03 03:21:00,Cash on Delivery,298.0,Completed,TXN-13459-13459
13460,13460,2025-05-17 21:11:05,Cash on Delivery,77.19,Completed,TXN-13460-13460
13461,13461,2026-07-31 14:17:10,PayPal,4862.01,Completed,TXN-13461-13461
13462,13462,2026-08-30 07:25:44,PayPal,202.6,Completed,TXN-13462-13462
13463,13463,2026-06-12 05:29:15,Debit Card,2684.29,Pending,
13464,13464,2026-07-02 10:08:20,Cash on Delivery,677.11,Completed,TXN-13464-13464
13465,13465,2025-12-19 15:27:26,Bank Transfer,904.38,Completed,TXN-13465-13465
13466,13466,2025-11-15 19:01:41,Debit Card,3097.32,Completed,TXN-13466-13466
13467,13467,2025-09-14 18:28:03,PayPal,2968.69,Completed,TXN-13467-13467
13468,13468,2026-08-08 09:44:11,Cash on Delivery,3338.73,Completed,TXN-13468-13468
13469,13469,2026-03-17 00:53:55,PayPal,863.2,Completed,TXN-13469-13469
13470,13470,2025-08-04 10:16:56,Debit Card,518.72,Completed,TXN-13470-13470
13471,13471,2026-01-13 11:26:09,PayPal,1847.62,Completed,TXN-13471-13471
13472,13472,2026-05-18 19:45:31,PayPal,1040.74,Completed,TXN-13472-13472
13473,13473,2026-03-17 01:48:10,Debit Card,999.3,Completed,TXN-13473-13473
13474,13474,2026-08-04 00:30:57,Cash on Delivery,2866.81,Pending,
13475,13475,2024-09-13 16:37:41,PayPal,1678.84,Completed,TXN-13475-13475
13476,13476,2026-03-01 02:33:43,Credit Card,2427.94,Completed,TXN-13476-13476
13477,13477,2025-01-18 02:13:19,Credit Card,591.42,Completed,TXN-13477-13477
13478,13478,2026-05-08 15:09:43,Debit Card,2543.83,Completed,TXN-13478-13478
13479,13479,2025-10-31 21:45:35,Debit Card,1527.2,Completed,TXN-13479-13479
13480,13480,2026-06-16 17:23:59,Debit Card,1981.75,Refunded,TXN-13480-13480
13481,13481,2025-10-25 04:56:11,Bank Transfer,1488.16,Completed,TXN-13481-13481
13482,13482,2025-09-15 05:38:35,Credit Card,2134.07,Completed,TXN-13482-13482
13483,13483,2025-09-30 03:39:06,Cash on Delivery,1374.6,Failed,
13484,13484,2025-11-06 06:06:36,Debit Card,2604.07,Completed,TXN-13484-13484
13485,13485,2025-09-22 14:07:15,Bank Transfer,1974.14,Completed,TXN-13485-13485
13486,13486,2025-09-23 07:29:27,PayPal,167.71,Completed,TXN-13486-13486
13487,13487,2026-03-24 01:22:59,Credit Card,330.6,Completed,TXN-13487-13487
13488,13488,2026-07-18 12:13:17,Debit Card,3689.69,Completed,TXN-13488-13488
13489,13489,2025-09-05 01:29:56,Debit Card,3817.62,Completed,TXN-13489-13489
13490,13490,2026-04-28 20:51:51,Debit Card,1519.39,Completed,TXN-13490-13490
13491,13491,2024-03-22 08:08:32,Cash on Delivery,436.07,Completed,TXN-13491-13491
13492,13492,2026-05-28 14:20:21,Debit Card,806.3,Completed,TXN-13492-13492
13493,13493,2024-10-02 15:44:02,Bank Transfer,1060.03,Completed,TXN-13493-13493
13494,13494,2026-02-04 20:21:52,Cash on Delivery,1625.08,Completed,TXN-13494-13494
13495,13495,2026-06-30 01:28:55,Cash on Delivery,545.2,Completed,TXN-13495-13495
13496,13496,2026-01-17 01:36:48,Cash on Delivery,1764.64,Completed,TXN-13496-13496
13497,13497,2026-06-07 03:13:07,Cash on Delivery,4636.97,Completed,TXN-13497-13497
13498,13498,2025-03-08 12:24:10,Bank Transfer,863.12,Completed,TXN-13498-13498
13499,13499,2024-07-29 21:21:20,Cash on Delivery,112.61,Completed,TXN-13499-13499
13500,13500,2026-05-04 15:49:22,PayPal,2855.0,Completed,TXN-13500-13500
