ReturnID,OrderDetailID,ReturnDate,ReturnQuantity,ReturnReason,ReturnStatus,
1,58,2026-09-10 09:51:18,2,Changed Mind,Completed,"INSERT INTO dbo.Returns (ReturnID, OrderDetailID, ReturnDate, ReturnQuantity, ReturnReason, ReturnStatus) VALUES (1, 58, '2026-09-10 09:51:18', 2, 'Changed Mind', 'Completed');"
2,72,2026-03-29 17:30:56,1,Incorrect Item,Completed,"INSERT INTO dbo.Returns (ReturnID, OrderDetailID, ReturnDate, ReturnQuantity, ReturnReason, ReturnStatus) VALUES (2, 72, '2026-03-29 17:30:56', 1, 'Incorrect Item', 'Completed');"
3,81,2024-12-20 15:06:12,1,Incorrect Item,Rejected,"INSERT INTO dbo.Returns (ReturnID, OrderDetailID, ReturnDate, ReturnQuantity, ReturnReason, ReturnStatus) VALUES (3, 81, '2024-12-20 15:06:12', 1, 'Incorrect Item', 'Rejected');"
4,87,2026-08-31 17:32:57,1,Defective,Completed,"INSERT INTO dbo.Returns (ReturnID, OrderDetailID, ReturnDate, ReturnQuantity, ReturnReason, ReturnStatus) VALUES (4, 87, '2026-08-31 17:32:57', 1, 'Defective', 'Completed');"
5,99,2025-04-20 14:59:27,1,Defective,Rejected,"INSERT INTO dbo.Returns (ReturnID, OrderDetailID, ReturnDate, ReturnQuantity, ReturnReason, ReturnStatus) VALUES (5, 99, '2025-04-20 14:59:27', 1, 'Defective', 'Rejected');"
6,100,2025-04-20 14:59:27,1,Defective,Rejected,"INSERT INTO dbo.Returns (ReturnID, OrderDetailID, ReturnDate, ReturnQuantity, ReturnReason, ReturnStatus) VALUES (6, 100, '2025-04-20 14:59:27', 1, 'Defective', 'Rejected');"
7,152,2024-06-24 00:08:55,1,Changed Mind,Completed,"INSERT INTO dbo.Returns (ReturnID, OrderDetailID, ReturnDate, ReturnQuantity, ReturnReason, ReturnStatus) VALUES (7, 152, '2024-06-24 00:08:55', 1, 'Changed Mind', 'Completed');"
8,173,2026-07-07 13:11:04,1,Incorrect Item,Requested,"INSERT INTO dbo.Returns (ReturnID, OrderDetailID, ReturnDate, ReturnQuantity, ReturnReason, ReturnStatus) VALUES (8, 173, '2026-07-07 13:11:04', 1, 'Incorrect Item', 'Requested');"
9,308,2025-10-21 01:49:31,1,Changed Mind,Completed,"INSERT INTO dbo.Returns (ReturnID, OrderDetailID, ReturnDate, ReturnQuantity, ReturnReason, ReturnStatus) VALUES (9, 308, '2025-10-21 01:49:31', 1, 'Changed Mind', 'Completed');"
10,317,2026-03-24 07:14:47,1,Late Arrival,Completed,"INSERT INTO dbo.Returns (ReturnID, OrderDetailID, ReturnDate, ReturnQuantity, ReturnReason, ReturnStatus) VALUES (10, 317, '2026-03-24 07:14:47', 1, 'Late Arrival', 'Completed');"
11,382,2026-02-24 20:25:40,2,Incorrect Item,Rejected,"INSERT INTO dbo.Returns (ReturnID, OrderDetailID, ReturnDate, ReturnQuantity, ReturnReason, ReturnStatus) VALUES (11, 382, '2026-02-24 20:25:40', 2, 'Incorrect Item', 'Rejected');"
12,446,2026-07-05 06:03:29,2,Incorrect Item,Requested,"INSERT INTO dbo.Returns (ReturnID, OrderDetailID, ReturnDate, ReturnQuantity, ReturnReason, ReturnStatus) VALUES (12, 446, '2026-07-05 06:03:29', 2, 'Incorrect Item', 'Requested');"
13,479,2024-08-20 17:27:31,1,Defective,Completed,"INSERT INTO dbo.Returns (ReturnID, OrderDetailID, ReturnDate, ReturnQuantity, ReturnReason, ReturnStatus) VALUES (13, 479, '2024-08-20 17:27:31', 1, 'Defective', 'Completed');"
14,493,2026-07-06 11:14:47,1,Defective,Approved,"INSERT INTO dbo.Returns (ReturnID, OrderDetailID, ReturnDate, ReturnQuantity, ReturnReason, ReturnStatus) VALUES (14, 493, '2026-07-06 11:14:47', 1, 'Defective', 'Approved');"
15,553,2024-10-29 12:31:04,1,Defective,Rejected,"INSERT INTO dbo.Returns (ReturnID, OrderDetailID, ReturnDate, ReturnQuantity, ReturnReason, ReturnStatus) VALUES (15, 553, '2024-10-29 12:31:04', 1, 'Defective', 'Rejected');"
16,574,2025-02-10 06:23:49,1,Defective,Requested,"INSERT INTO dbo.Returns (ReturnID, OrderDetailID, ReturnDate, ReturnQuantity, ReturnReason, ReturnStatus) VALUES (16, 574, '2025-02-10 06:23:49', 1, 'Defective', 'Requested');"
17,576,2025-02-20 06:23:49,1,Changed Mind,Rejected,"INSERT INTO dbo.Returns (ReturnID, OrderDetailID, ReturnDate, ReturnQuantity, ReturnReason, ReturnStatus) VALUES (17, 576, '2025-02-20 06:23:49', 1, 'Changed Mind', 'Rejected');"
18,598,2024-09-20 05:46:58,1,Defective,Rejected,"INSERT INTO dbo.Returns (ReturnID, OrderDetailID, ReturnDate, ReturnQuantity, ReturnReason, ReturnStatus) VALUES (18, 598, '2024-09-20 05:46:58', 1, 'Defective', 'Rejected');"
19,649,2026-04-20 07:54:28,1,Late Arrival,Approved,"INSERT INTO dbo.Returns (ReturnID, OrderDetailID, ReturnDate, ReturnQuantity, ReturnReason, ReturnStatus) VALUES (19, 649, '2026-04-20 07:54:28', 1, 'Late Arrival', 'Approved');"
20,655,2025-06-08 21:39:47,2,Incorrect Item,Completed,"INSERT INTO dbo.Returns (ReturnID, OrderDetailID, ReturnDate, ReturnQuantity, ReturnReason, ReturnStatus) VALUES (20, 655, '2025-06-08 21:39:47', 2, 'Incorrect Item', 'Completed');"
21,676,2026-05-16 20:03:28,1,Changed Mind,Rejected,"INSERT INTO dbo.Returns (ReturnID, OrderDetailID, ReturnDate, ReturnQuantity, ReturnReason, ReturnStatus) VALUES (21, 676, '2026-05-16 20:03:28', 1, 'Changed Mind', 'Rejected');"
22,694,2026-04-29 08:44:12,3,Changed Mind,Approved,"INSERT INTO dbo.Returns (ReturnID, OrderDetailID, ReturnDate, ReturnQuantity, ReturnReason, ReturnStatus) VALUES (22, 694, '2026-04-29 08:44:12', 3, 'Changed Mind', 'Approved');"
23,702,2026-07-10 13:04:13,1,Changed Mind,Completed,"INSERT INTO dbo.Returns (ReturnID, OrderDetailID, ReturnDate, ReturnQuantity, ReturnReason, ReturnStatus) VALUES (23, 702, '2026-07-10 13:04:13', 1, 'Changed Mind', 'Completed');"
24,712,2025-08-30 23:17:56,1,Changed Mind,Completed,"INSERT INTO dbo.Returns (ReturnID, OrderDetailID, ReturnDate, ReturnQuantity, ReturnReason, ReturnStatus) VALUES (24, 712, '2025-08-30 23:17:56', 1, 'Changed Mind', 'Completed');"
25,715,2025-07-15 07:08:22,3,Incorrect Item,Completed,"INSERT INTO dbo.Returns (ReturnID, OrderDetailID, ReturnDate, ReturnQuantity, ReturnReason, ReturnStatus) VALUES (25, 715, '2025-07-15 07:08:22', 3, 'Incorrect Item', 'Completed');"
26,737,2025-06-20 03:14:31,3,Late Arrival,Completed,"INSERT INTO dbo.Returns (ReturnID, OrderDetailID, ReturnDate, ReturnQuantity, ReturnReason, ReturnStatus) VALUES (26, 737, '2025-06-20 03:14:31', 3, 'Late Arrival', 'Completed');"
27,752,2026-06-24 05:21:04,1,Changed Mind,Approved,"INSERT INTO dbo.Returns (ReturnID, OrderDetailID, ReturnDate, ReturnQuantity, ReturnReason, ReturnStatus) VALUES (27, 752, '2026-06-24 05:21:04', 1, 'Changed Mind', 'Approved');"
28,765,2025-07-25 10:51:44,1,Incorrect Item,Requested,"INSERT INTO dbo.Returns (ReturnID, OrderDetailID, ReturnDate, ReturnQuantity, ReturnReason, ReturnStatus) VALUES (28, 765, '2025-07-25 10:51:44', 1, 'Incorrect Item', 'Requested');"
29,770,2024-11-16 21:12:23,4,Defective,Approved,"INSERT INTO dbo.Returns (ReturnID, OrderDetailID, ReturnDate, ReturnQuantity, ReturnReason, ReturnStatus) VALUES (29, 770, '2024-11-16 21:12:23', 4, 'Defective', 'Approved');"
30,781,2024-12-11 20:19:21,1,Defective,Approved,"INSERT INTO dbo.Returns (ReturnID, OrderDetailID, ReturnDate, ReturnQuantity, ReturnReason, ReturnStatus) VALUES (30, 781, '2024-12-11 20:19:21', 1, 'Defective', 'Approved');"
31,813,2026-07-29 01:26:43,1,Incorrect Item,Approved,"INSERT INTO dbo.Returns (ReturnID, OrderDetailID, ReturnDate, ReturnQuantity, ReturnReason, ReturnStatus) VALUES (31, 813, '2026-07-29 01:26:43', 1, 'Incorrect Item', 'Approved');"
32,861,2026-05-21 12:24:46,2,Changed Mind,Completed,"INSERT INTO dbo.Returns (ReturnID, OrderDetailID, ReturnDate, ReturnQuantity, ReturnReason, ReturnStatus) VALUES (32, 861, '2026-05-21 12:24:46', 2, 'Changed Mind', 'Completed');"
33,873,2026-08-09 21:03:18,1,Changed Mind,Approved,"INSERT INTO dbo.Returns (ReturnID, OrderDetailID, ReturnDate, ReturnQuantity, ReturnReason, ReturnStatus) VALUES (33, 873, '2026-08-09 21:03:18', 1, 'Changed Mind', 'Approved');"
34,874,2025-07-25 17:27:24,1,Defective,Requested,"INSERT INTO dbo.Returns (ReturnID, OrderDetailID, ReturnDate, ReturnQuantity, ReturnReason, ReturnStatus) VALUES (34, 874, '2025-07-25 17:27:24', 1, 'Defective', 'Requested');"
35,882,2026-07-06 02:50:30,3,Changed Mind,Completed,"INSERT INTO dbo.Returns (ReturnID, OrderDetailID, ReturnDate, ReturnQuantity, ReturnReason, ReturnStatus) VALUES (35, 882, '2026-07-06 02:50:30', 3, 'Changed Mind', 'Completed');"
36,901,2026-04-05 13:50:18,2,Late Arrival,Completed,"INSERT INTO dbo.Returns (ReturnID, OrderDetailID, ReturnDate, ReturnQuantity, ReturnReason, ReturnStatus) VALUES (36, 901, '2026-04-05 13:50:18', 2, 'Late Arrival', 'Completed');"
37,925,2024-12-26 10:55:15,2,Changed Mind,Rejected,"INSERT INTO dbo.Returns (ReturnID, OrderDetailID, ReturnDate, ReturnQuantity, ReturnReason, ReturnStatus) VALUES (37, 925, '2024-12-26 10:55:15', 2, 'Changed Mind', 'Rejected');"
38,935,2025-11-16 13:30:34,1,Defective,Rejected,"INSERT INTO dbo.Returns (ReturnID, OrderDetailID, ReturnDate, ReturnQuantity, ReturnReason, ReturnStatus) VALUES (38, 935, '2025-11-16 13:30:34', 1, 'Defective', 'Rejected');"
39,936,2026-08-21 05:44:17,1,Late Arrival,Rejected,"INSERT INTO dbo.Returns (ReturnID, OrderDetailID, ReturnDate, ReturnQuantity, ReturnReason, ReturnStatus) VALUES (39, 936, '2026-08-21 05:44:17', 1, 'Late Arrival', 'Rejected');"
40,987,2026-02-18 14:04:26,1,Changed Mind,Requested,"INSERT INTO dbo.Returns (ReturnID, OrderDetailID, ReturnDate, ReturnQuantity, ReturnReason, ReturnStatus) VALUES (40, 987, '2026-02-18 14:04:26', 1, 'Changed Mind', 'Requested');"
41,1051,2026-05-11 06:34:26,1,Defective,Requested,"INSERT INTO dbo.Returns (ReturnID, OrderDetailID, ReturnDate, ReturnQuantity, ReturnReason, ReturnStatus) VALUES (41, 1051, '2026-05-11 06:34:26', 1, 'Defective', 'Requested');"
42,1056,2026-08-09 05:11:30,1,Incorrect Item,Rejected,"INSERT INTO dbo.Returns (ReturnID, OrderDetailID, ReturnDate, ReturnQuantity, ReturnReason, ReturnStatus) VALUES (42, 1056, '2026-08-09 05:11:30', 1, 'Incorrect Item', 'Rejected');"
43,1061,2026-04-08 18:52:54,2,Late Arrival,Completed,"INSERT INTO dbo.Returns (ReturnID, OrderDetailID, ReturnDate, ReturnQuantity, ReturnReason, ReturnStatus) VALUES (43, 1061, '2026-04-08 18:52:54', 2, 'Late Arrival', 'Completed');"
44,1077,2026-07-22 22:14:26,2,Late Arrival,Requested,"INSERT INTO dbo.Returns (ReturnID, OrderDetailID, ReturnDate, ReturnQuantity, ReturnReason, ReturnStatus) VALUES (44, 1077, '2026-07-22 22:14:26', 2, 'Late Arrival', 'Requested');"
45,1141,2026-02-23 06:01:13,1,Incorrect Item,Requested,"INSERT INTO dbo.Returns (ReturnID, OrderDetailID, ReturnDate, ReturnQuantity, ReturnReason, ReturnStatus) VALUES (45, 1141, '2026-02-23 06:01:13', 1, 'Incorrect Item', 'Requested');"
46,1143,2026-02-26 06:01:13,2,Incorrect Item,Requested,"INSERT INTO dbo.Returns (ReturnID, OrderDetailID, ReturnDate, ReturnQuantity, ReturnReason, ReturnStatus) VALUES (46, 1143, '2026-02-26 06:01:13', 2, 'Incorrect Item', 'Requested');"
47,1193,2026-04-13 14:41:41,2,Defective,Requested,"INSERT INTO dbo.Returns (ReturnID, OrderDetailID, ReturnDate, ReturnQuantity, ReturnReason, ReturnStatus) VALUES (47, 1193, '2026-04-13 14:41:41', 2, 'Defective', 'Requested');"
48,1198,2025-12-03 15:07:17,1,Late Arrival,Requested,"INSERT INTO dbo.Returns (ReturnID, OrderDetailID, ReturnDate, ReturnQuantity, ReturnReason, ReturnStatus) VALUES (48, 1198, '2025-12-03 15:07:17', 1, 'Late Arrival', 'Requested');"
49,1253,2025-10-13 02:20:43,1,Changed Mind,Rejected,"INSERT INTO dbo.Returns (ReturnID, OrderDetailID, ReturnDate, ReturnQuantity, ReturnReason, ReturnStatus) VALUES (49, 1253, '2025-10-13 02:20:43', 1, 'Changed Mind', 'Rejected');"
50,1333,2026-08-29 14:25:04,1,Late Arrival,Completed,"INSERT INTO dbo.Returns (ReturnID, OrderDetailID, ReturnDate, ReturnQuantity, ReturnReason, ReturnStatus) VALUES (50, 1333, '2026-08-29 14:25:04', 1, 'Late Arrival', 'Completed');"
51,1369,2025-02-26 16:01:22,5,Incorrect Item,Rejected,"INSERT INTO dbo.Returns (ReturnID, OrderDetailID, ReturnDate, ReturnQuantity, ReturnReason, ReturnStatus) VALUES (51, 1369, '2025-02-26 16:01:22', 5, 'Incorrect Item', 'Rejected');"
52,1446,2026-03-06 14:10:58,1,Defective,Completed,"INSERT INTO dbo.Returns (ReturnID, OrderDetailID, ReturnDate, ReturnQuantity, ReturnReason, ReturnStatus) VALUES (52, 1446, '2026-03-06 14:10:58', 1, 'Defective', 'Completed');"
53,1552,2026-01-29 16:02:57,1,Defective,Requested,"INSERT INTO dbo.Returns (ReturnID, OrderDetailID, ReturnDate, ReturnQuantity, ReturnReason, ReturnStatus) VALUES (53, 1552, '2026-01-29 16:02:57', 1, 'Defective', 'Requested');"
54,1585,2026-03-24 23:54:45,1,Incorrect Item,Completed,"INSERT INTO dbo.Returns (ReturnID, OrderDetailID, ReturnDate, ReturnQuantity, ReturnReason, ReturnStatus) VALUES (54, 1585, '2026-03-24 23:54:45', 1, 'Incorrect Item', 'Completed');"
55,1605,2026-05-22 21:07:25,1,Defective,Completed,"INSERT INTO dbo.Returns (ReturnID, OrderDetailID, ReturnDate, ReturnQuantity, ReturnReason, ReturnStatus) VALUES (55, 1605, '2026-05-22 21:07:25', 1, 'Defective', 'Completed');"
56,1648,2026-08-25 23:05:25,1,Changed Mind,Approved,"INSERT INTO dbo.Returns (ReturnID, OrderDetailID, ReturnDate, ReturnQuantity, ReturnReason, ReturnStatus) VALUES (56, 1648, '2026-08-25 23:05:25', 1, 'Changed Mind', 'Approved');"
57,1665,2025-11-29 13:18:53,1,Changed Mind,Completed,"INSERT INTO dbo.Returns (ReturnID, OrderDetailID, ReturnDate, ReturnQuantity, ReturnReason, ReturnStatus) VALUES (57, 1665, '2025-11-29 13:18:53', 1, 'Changed Mind', 'Completed');"
58,1695,2026-07-04 15:00:20,1,Changed Mind,Completed,"INSERT INTO dbo.Returns (ReturnID, OrderDetailID, ReturnDate, ReturnQuantity, ReturnReason, ReturnStatus) VALUES (58, 1695, '2026-07-04 15:00:20', 1, 'Changed Mind', 'Completed');"
59,1722,2025-07-02 18:33:18,1,Incorrect Item,Rejected,"INSERT INTO dbo.Returns (ReturnID, OrderDetailID, ReturnDate, ReturnQuantity, ReturnReason, ReturnStatus) VALUES (59, 1722, '2025-07-02 18:33:18', 1, 'Incorrect Item', 'Rejected');"
60,1744,2026-08-06 15:37:57,1,Defective,Rejected,"INSERT INTO dbo.Returns (ReturnID, OrderDetailID, ReturnDate, ReturnQuantity, ReturnReason, ReturnStatus) VALUES (60, 1744, '2026-08-06 15:37:57', 1, 'Defective', 'Rejected');"
61,1753,2026-04-20 16:00:06,1,Changed Mind,Approved,"INSERT INTO dbo.Returns (ReturnID, OrderDetailID, ReturnDate, ReturnQuantity, ReturnReason, ReturnStatus) VALUES (61, 1753, '2026-04-20 16:00:06', 1, 'Changed Mind', 'Approved');"
62,1763,2026-08-17 18:28:58,1,Late Arrival,Rejected,"INSERT INTO dbo.Returns (ReturnID, OrderDetailID, ReturnDate, ReturnQuantity, ReturnReason, ReturnStatus) VALUES (62, 1763, '2026-08-17 18:28:58', 1, 'Late Arrival', 'Rejected');"
63,1789,2024-06-29 06:27:43,1,Incorrect Item,Requested,"INSERT INTO dbo.Returns (ReturnID, OrderDetailID, ReturnDate, ReturnQuantity, ReturnReason, ReturnStatus) VALUES (63, 1789, '2024-06-29 06:27:43', 1, 'Incorrect Item', 'Requested');"
64,1824,2026-08-25 12:34:03,3,Incorrect Item,Approved,"INSERT INTO dbo.Returns (ReturnID, OrderDetailID, ReturnDate, ReturnQuantity, ReturnReason, ReturnStatus) VALUES (64, 1824, '2026-08-25 12:34:03', 3, 'Incorrect Item', 'Approved');"
65,1888,2026-09-13 13:04:28,1,Late Arrival,Requested,"INSERT INTO dbo.Returns (ReturnID, OrderDetailID, ReturnDate, ReturnQuantity, ReturnReason, ReturnStatus) VALUES (65, 1888, '2026-09-13 13:04:28', 1, 'Late Arrival', 'Requested');"
66,1890,2026-09-03 13:04:28,1,Changed Mind,Rejected,"INSERT INTO dbo.Returns (ReturnID, OrderDetailID, ReturnDate, ReturnQuantity, ReturnReason, ReturnStatus) VALUES (66, 1890, '2026-09-03 13:04:28', 1, 'Changed Mind', 'Rejected');"
67,1897,2024-08-07 12:25:01,2,Changed Mind,Completed,"INSERT INTO dbo.Returns (ReturnID, OrderDetailID, ReturnDate, ReturnQuantity, ReturnReason, ReturnStatus) VALUES (67, 1897, '2024-08-07 12:25:01', 2, 'Changed Mind', 'Completed');"
68,1907,2025-12-23 04:37:07,2,Changed Mind,Approved,"INSERT INTO dbo.Returns (ReturnID, OrderDetailID, ReturnDate, ReturnQuantity, ReturnReason, ReturnStatus) VALUES (68, 1907, '2025-12-23 04:37:07', 2, 'Changed Mind', 'Approved');"
69,1938,2024-05-20 11:58:02,1,Defective,Requested,"INSERT INTO dbo.Returns (ReturnID, OrderDetailID, ReturnDate, ReturnQuantity, ReturnReason, ReturnStatus) VALUES (69, 1938, '2024-05-20 11:58:02', 1, 'Defective', 'Requested');"
70,1966,2026-03-15 15:16:54,2,Defective,Rejected,"INSERT INTO dbo.Returns (ReturnID, OrderDetailID, ReturnDate, ReturnQuantity, ReturnReason, ReturnStatus) VALUES (70, 1966, '2026-03-15 15:16:54', 2, 'Defective', 'Rejected');"
71,1990,2026-07-24 06:40:05,1,Late Arrival,Completed,"INSERT INTO dbo.Returns (ReturnID, OrderDetailID, ReturnDate, ReturnQuantity, ReturnReason, ReturnStatus) VALUES (71, 1990, '2026-07-24 06:40:05', 1, 'Late Arrival', 'Completed');"
72,2010,2026-06-02 18:07:53,2,Incorrect Item,Approved,"INSERT INTO dbo.Returns (ReturnID, OrderDetailID, ReturnDate, ReturnQuantity, ReturnReason, ReturnStatus) VALUES (72, 2010, '2026-06-02 18:07:53', 2, 'Incorrect Item', 'Approved');"
73,2015,2026-03-27 18:12:45,2,Changed Mind,Rejected,"INSERT INTO dbo.Returns (ReturnID, OrderDetailID, ReturnDate, ReturnQuantity, ReturnReason, ReturnStatus) VALUES (73, 2015, '2026-03-27 18:12:45', 2, 'Changed Mind', 'Rejected');"
74,2088,2026-07-31 03:21:54,3,Late Arrival,Approved,"INSERT INTO dbo.Returns (ReturnID, OrderDetailID, ReturnDate, ReturnQuantity, ReturnReason, ReturnStatus) VALUES (74, 2088, '2026-07-31 03:21:54', 3, 'Late Arrival', 'Approved');"
75,2093,2026-08-01 18:42:31,1,Incorrect Item,Requested,"INSERT INTO dbo.Returns (ReturnID, OrderDetailID, ReturnDate, ReturnQuantity, ReturnReason, ReturnStatus) VALUES (75, 2093, '2026-08-01 18:42:31', 1, 'Incorrect Item', 'Requested');"
76,2123,2025-11-21 21:44:10,1,Changed Mind,Rejected,"INSERT INTO dbo.Returns (ReturnID, OrderDetailID, ReturnDate, ReturnQuantity, ReturnReason, ReturnStatus) VALUES (76, 2123, '2025-11-21 21:44:10', 1, 'Changed Mind', 'Rejected');"
77,2138,2026-08-17 22:04:19,1,Defective,Completed,"INSERT INTO dbo.Returns (ReturnID, OrderDetailID, ReturnDate, ReturnQuantity, ReturnReason, ReturnStatus) VALUES (77, 2138, '2026-08-17 22:04:19', 1, 'Defective', 'Completed');"
78,2168,2025-07-04 19:20:20,1,Changed Mind,Completed,"INSERT INTO dbo.Returns (ReturnID, OrderDetailID, ReturnDate, ReturnQuantity, ReturnReason, ReturnStatus) VALUES (78, 2168, '2025-07-04 19:20:20', 1, 'Changed Mind', 'Completed');"
79,2169,2025-03-30 14:58:15,1,Defective,Requested,"INSERT INTO dbo.Returns (ReturnID, OrderDetailID, ReturnDate, ReturnQuantity, ReturnReason, ReturnStatus) VALUES (79, 2169, '2025-03-30 14:58:15', 1, 'Defective', 'Requested');"
80,2217,2024-11-17 09:10:09,1,Incorrect Item,Requested,"INSERT INTO dbo.Returns (ReturnID, OrderDetailID, ReturnDate, ReturnQuantity, ReturnReason, ReturnStatus) VALUES (80, 2217, '2024-11-17 09:10:09', 1, 'Incorrect Item', 'Requested');"
81,2229,2025-12-11 22:52:39,1,Late Arrival,Rejected,"INSERT INTO dbo.Returns (ReturnID, OrderDetailID, ReturnDate, ReturnQuantity, ReturnReason, ReturnStatus) VALUES (81, 2229, '2025-12-11 22:52:39', 1, 'Late Arrival', 'Rejected');"
82,2251,2026-03-15 13:09:06,2,Defective,Completed,"INSERT INTO dbo.Returns (ReturnID, OrderDetailID, ReturnDate, ReturnQuantity, ReturnReason, ReturnStatus) VALUES (82, 2251, '2026-03-15 13:09:06', 2, 'Defective', 'Completed');"
83,2383,2025-06-25 16:53:10,2,Late Arrival,Rejected,"INSERT INTO dbo.Returns (ReturnID, OrderDetailID, ReturnDate, ReturnQuantity, ReturnReason, ReturnStatus) VALUES (83, 2383, '2025-06-25 16:53:10', 2, 'Late Arrival', 'Rejected');"
84,2385,2025-10-19 03:03:07,1,Incorrect Item,Rejected,"INSERT INTO dbo.Returns (ReturnID, OrderDetailID, ReturnDate, ReturnQuantity, ReturnReason, ReturnStatus) VALUES (84, 2385, '2025-10-19 03:03:07', 1, 'Incorrect Item', 'Rejected');"
85,2428,2026-08-17 03:13:39,1,Incorrect Item,Rejected,"INSERT INTO dbo.Returns (ReturnID, OrderDetailID, ReturnDate, ReturnQuantity, ReturnReason, ReturnStatus) VALUES (85, 2428, '2026-08-17 03:13:39', 1, 'Incorrect Item', 'Rejected');"
86,2448,2025-07-04 09:29:52,2,Defective,Approved,"INSERT INTO dbo.Returns (ReturnID, OrderDetailID, ReturnDate, ReturnQuantity, ReturnReason, ReturnStatus) VALUES (86, 2448, '2025-07-04 09:29:52', 2, 'Defective', 'Approved');"
87,2462,2025-10-11 22:13:09,1,Changed Mind,Requested,"INSERT INTO dbo.Returns (ReturnID, OrderDetailID, ReturnDate, ReturnQuantity, ReturnReason, ReturnStatus) VALUES (87, 2462, '2025-10-11 22:13:09', 1, 'Changed Mind', 'Requested');"
88,2468,2025-09-21 08:09:55,1,Late Arrival,Approved,"INSERT INTO dbo.Returns (ReturnID, OrderDetailID, ReturnDate, ReturnQuantity, ReturnReason, ReturnStatus) VALUES (88, 2468, '2025-09-21 08:09:55', 1, 'Late Arrival', 'Approved');"
89,2504,2024-11-10 04:22:58,1,Late Arrival,Completed,"INSERT INTO dbo.Returns (ReturnID, OrderDetailID, ReturnDate, ReturnQuantity, ReturnReason, ReturnStatus) VALUES (89, 2504, '2024-11-10 04:22:58', 1, 'Late Arrival', 'Completed');"
90,2524,2024-08-15 07:20:27,1,Defective,Requested,"INSERT INTO dbo.Returns (ReturnID, OrderDetailID, ReturnDate, ReturnQuantity, ReturnReason, ReturnStatus) VALUES (90, 2524, '2024-08-15 07:20:27', 1, 'Defective', 'Requested');"
91,2538,2026-01-30 21:44:30,1,Late Arrival,Rejected,"INSERT INTO dbo.Returns (ReturnID, OrderDetailID, ReturnDate, ReturnQuantity, ReturnReason, ReturnStatus) VALUES (91, 2538, '2026-01-30 21:44:30', 1, 'Late Arrival', 'Rejected');"
92,2541,2026-02-01 21:44:30,1,Late Arrival,Rejected,"INSERT INTO dbo.Returns (ReturnID, OrderDetailID, ReturnDate, ReturnQuantity, ReturnReason, ReturnStatus) VALUES (92, 2541, '2026-02-01 21:44:30', 1, 'Late Arrival', 'Rejected');"
93,2559,2026-05-03 22:39:39,1,Incorrect Item,Requested,"INSERT INTO dbo.Returns (ReturnID, OrderDetailID, ReturnDate, ReturnQuantity, ReturnReason, ReturnStatus) VALUES (93, 2559, '2026-05-03 22:39:39', 1, 'Incorrect Item', 'Requested');"
94,2603,2026-06-29 08:21:01,1,Incorrect Item,Requested,"INSERT INTO dbo.Returns (ReturnID, OrderDetailID, ReturnDate, ReturnQuantity, ReturnReason, ReturnStatus) VALUES (94, 2603, '2026-06-29 08:21:01', 1, 'Incorrect Item', 'Requested');"
95,2617,2026-08-12 15:22:03,1,Late Arrival,Requested,"INSERT INTO dbo.Returns (ReturnID, OrderDetailID, ReturnDate, ReturnQuantity, ReturnReason, ReturnStatus) VALUES (95, 2617, '2026-08-12 15:22:03', 1, 'Late Arrival', 'Requested');"
96,2631,2026-08-09 01:33:41,1,Late Arrival,Requested,"INSERT INTO dbo.Returns (ReturnID, OrderDetailID, ReturnDate, ReturnQuantity, ReturnReason, ReturnStatus) VALUES (96, 2631, '2026-08-09 01:33:41', 1, 'Late Arrival', 'Requested');"
97,2638,2026-07-19 01:32:22,1,Incorrect Item,Requested,"INSERT INTO dbo.Returns (ReturnID, OrderDetailID, ReturnDate, ReturnQuantity, ReturnReason, ReturnStatus) VALUES (97, 2638, '2026-07-19 01:32:22', 1, 'Incorrect Item', 'Requested');"
98,2664,2026-02-14 20:45:43,1,Incorrect Item,Completed,"INSERT INTO dbo.Returns (ReturnID, OrderDetailID, ReturnDate, ReturnQuantity, ReturnReason, ReturnStatus) VALUES (98, 2664, '2026-02-14 20:45:43', 1, 'Incorrect Item', 'Completed');"
99,2667,2026-09-14 11:07:38,2,Late Arrival,Requested,"INSERT INTO dbo.Returns (ReturnID, OrderDetailID, ReturnDate, ReturnQuantity, ReturnReason, ReturnStatus) VALUES (99, 2667, '2026-09-14 11:07:38', 2, 'Late Arrival', 'Requested');"
100,2671,2026-08-27 08:29:59,1,Defective,Completed,"INSERT INTO dbo.Returns (ReturnID, OrderDetailID, ReturnDate, ReturnQuantity, ReturnReason, ReturnStatus) VALUES (100, 2671, '2026-08-27 08:29:59', 1, 'Defective', 'Completed');"
101,2749,2026-01-14 15:24:46,1,Defective,Approved,"INSERT INTO dbo.Returns (ReturnID, OrderDetailID, ReturnDate, ReturnQuantity, ReturnReason, ReturnStatus) VALUES (101, 2749, '2026-01-14 15:24:46', 1, 'Defective', 'Approved');"
102,2791,2026-02-22 14:23:42,1,Changed Mind,Completed,"INSERT INTO dbo.Returns (ReturnID, OrderDetailID, ReturnDate, ReturnQuantity, ReturnReason, ReturnStatus) VALUES (102, 2791, '2026-02-22 14:23:42', 1, 'Changed Mind', 'Completed');"
103,2802,2026-08-15 23:46:58,1,Defective,Completed,"INSERT INTO dbo.Returns (ReturnID, OrderDetailID, ReturnDate, ReturnQuantity, ReturnReason, ReturnStatus) VALUES (103, 2802, '2026-08-15 23:46:58', 1, 'Defective', 'Completed');"
104,2978,2025-10-20 10:21:14,1,Changed Mind,Approved,"INSERT INTO dbo.Returns (ReturnID, OrderDetailID, ReturnDate, ReturnQuantity, ReturnReason, ReturnStatus) VALUES (104, 2978, '2025-10-20 10:21:14', 1, 'Changed Mind', 'Approved');"
105,3000,2026-09-10 06:21:00,1,Incorrect Item,Completed,"INSERT INTO dbo.Returns (ReturnID, OrderDetailID, ReturnDate, ReturnQuantity, ReturnReason, ReturnStatus) VALUES (105, 3000, '2026-09-10 06:21:00', 1, 'Incorrect Item', 'Completed');"
106,3014,2024-10-31 20:09:24,3,Late Arrival,Approved,"INSERT INTO dbo.Returns (ReturnID, OrderDetailID, ReturnDate, ReturnQuantity, ReturnReason, ReturnStatus) VALUES (106, 3014, '2024-10-31 20:09:24', 3, 'Late Arrival', 'Approved');"
107,3018,2026-04-16 20:29:30,1,Defective,Completed,"INSERT INTO dbo.Returns (ReturnID, OrderDetailID, ReturnDate, ReturnQuantity, ReturnReason, ReturnStatus) VALUES (107, 3018, '2026-04-16 20:29:30', 1, 'Defective', 'Completed');"
108,3153,2024-03-07 02:12:04,1,Changed Mind,Completed,"INSERT INTO dbo.Returns (ReturnID, OrderDetailID, ReturnDate, ReturnQuantity, ReturnReason, ReturnStatus) VALUES (108, 3153, '2024-03-07 02:12:04', 1, 'Changed Mind', 'Completed');"
109,3156,2025-03-08 05:17:14,1,Defective,Requested,"INSERT INTO dbo.Returns (ReturnID, OrderDetailID, ReturnDate, ReturnQuantity, ReturnReason, ReturnStatus) VALUES (109, 3156, '2025-03-08 05:17:14', 1, 'Defective', 'Requested');"
110,3304,2025-05-04 17:00:37,2,Changed Mind,Requested,"INSERT INTO dbo.Returns (ReturnID, OrderDetailID, ReturnDate, ReturnQuantity, ReturnReason, ReturnStatus) VALUES (110, 3304, '2025-05-04 17:00:37', 2, 'Changed Mind', 'Requested');"
111,3355,2026-07-12 12:12:52,1,Late Arrival,Approved,"INSERT INTO dbo.Returns (ReturnID, OrderDetailID, ReturnDate, ReturnQuantity, ReturnReason, ReturnStatus) VALUES (111, 3355, '2026-07-12 12:12:52', 1, 'Late Arrival', 'Approved');"
112,3463,2025-08-22 07:00:02,1,Late Arrival,Completed,"INSERT INTO dbo.Returns (ReturnID, OrderDetailID, ReturnDate, ReturnQuantity, ReturnReason, ReturnStatus) VALUES (112, 3463, '2025-08-22 07:00:02', 1, 'Late Arrival', 'Completed');"
113,3573,2026-03-03 16:15:19,1,Incorrect Item,Approved,"INSERT INTO dbo.Returns (ReturnID, OrderDetailID, ReturnDate, ReturnQuantity, ReturnReason, ReturnStatus) VALUES (113, 3573, '2026-03-03 16:15:19', 1, 'Incorrect Item', 'Approved');"
114,3635,2026-04-18 20:59:54,1,Defective,Completed,"INSERT INTO dbo.Returns (ReturnID, OrderDetailID, ReturnDate, ReturnQuantity, ReturnReason, ReturnStatus) VALUES (114, 3635, '2026-04-18 20:59:54', 1, 'Defective', 'Completed');"
115,3685,2026-07-15 23:20:33,1,Incorrect Item,Completed,"INSERT INTO dbo.Returns (ReturnID, OrderDetailID, ReturnDate, ReturnQuantity, ReturnReason, ReturnStatus) VALUES (115, 3685, '2026-07-15 23:20:33', 1, 'Incorrect Item', 'Completed');"
116,3787,2026-05-16 07:12:31,2,Changed Mind,Approved,"INSERT INTO dbo.Returns (ReturnID, OrderDetailID, ReturnDate, ReturnQuantity, ReturnReason, ReturnStatus) VALUES (116, 3787, '2026-05-16 07:12:31', 2, 'Changed Mind', 'Approved');"
117,3807,2025-03-06 05:51:13,1,Late Arrival,Requested,"INSERT INTO dbo.Returns (ReturnID, OrderDetailID, ReturnDate, ReturnQuantity, ReturnReason, ReturnStatus) VALUES (117, 3807, '2025-03-06 05:51:13', 1, 'Late Arrival', 'Requested');"
118,3841,2026-06-25 12:10:56,1,Changed Mind,Requested,"INSERT INTO dbo.Returns (ReturnID, OrderDetailID, ReturnDate, ReturnQuantity, ReturnReason, ReturnStatus) VALUES (118, 3841, '2026-06-25 12:10:56', 1, 'Changed Mind', 'Requested');"
119,3851,2026-03-30 04:30:27,1,Defective,Requested,"INSERT INTO dbo.Returns (ReturnID, OrderDetailID, ReturnDate, ReturnQuantity, ReturnReason, ReturnStatus) VALUES (119, 3851, '2026-03-30 04:30:27', 1, 'Defective', 'Requested');"
120,3878,2025-12-07 05:16:24,1,Defective,Rejected,"INSERT INTO dbo.Returns (ReturnID, OrderDetailID, ReturnDate, ReturnQuantity, ReturnReason, ReturnStatus) VALUES (120, 3878, '2025-12-07 05:16:24', 1, 'Defective', 'Rejected');"
121,4013,2025-09-26 11:57:22,1,Defective,Requested,"INSERT INTO dbo.Returns (ReturnID, OrderDetailID, ReturnDate, ReturnQuantity, ReturnReason, ReturnStatus) VALUES (121, 4013, '2025-09-26 11:57:22', 1, 'Defective', 'Requested');"
122,4018,2026-05-23 21:31:20,1,Late Arrival,Rejected,"INSERT INTO dbo.Returns (ReturnID, OrderDetailID, ReturnDate, ReturnQuantity, ReturnReason, ReturnStatus) VALUES (122, 4018, '2026-05-23 21:31:20', 1, 'Late Arrival', 'Rejected');"
123,4035,2026-04-13 12:15:43,1,Late Arrival,Approved,"INSERT INTO dbo.Returns (ReturnID, OrderDetailID, ReturnDate, ReturnQuantity, ReturnReason, ReturnStatus) VALUES (123, 4035, '2026-04-13 12:15:43', 1, 'Late Arrival', 'Approved');"
124,4103,2026-02-27 11:04:11,2,Changed Mind,Requested,"INSERT INTO dbo.Returns (ReturnID, OrderDetailID, ReturnDate, ReturnQuantity, ReturnReason, ReturnStatus) VALUES (124, 4103, '2026-02-27 11:04:11', 2, 'Changed Mind', 'Requested');"
125,4117,2025-08-06 02:41:38,1,Incorrect Item,Rejected,"INSERT INTO dbo.Returns (ReturnID, OrderDetailID, ReturnDate, ReturnQuantity, ReturnReason, ReturnStatus) VALUES (125, 4117, '2025-08-06 02:41:38', 1, 'Incorrect Item', 'Rejected');"
126,4131,2025-12-20 03:56:47,1,Incorrect Item,Requested,"INSERT INTO dbo.Returns (ReturnID, OrderDetailID, ReturnDate, ReturnQuantity, ReturnReason, ReturnStatus) VALUES (126, 4131, '2025-12-20 03:56:47', 1, 'Incorrect Item', 'Requested');"
127,4145,2025-07-11 11:30:53,1,Defective,Approved,"INSERT INTO dbo.Returns (ReturnID, OrderDetailID, ReturnDate, ReturnQuantity, ReturnReason, ReturnStatus) VALUES (127, 4145, '2025-07-11 11:30:53', 1, 'Defective', 'Approved');"
128,4155,2026-08-25 15:24:18,2,Late Arrival,Rejected,"INSERT INTO dbo.Returns (ReturnID, OrderDetailID, ReturnDate, ReturnQuantity, ReturnReason, ReturnStatus) VALUES (128, 4155, '2026-08-25 15:24:18', 2, 'Late Arrival', 'Rejected');"
129,4219,2026-07-21 05:48:42,1,Late Arrival,Completed,"INSERT INTO dbo.Returns (ReturnID, OrderDetailID, ReturnDate, ReturnQuantity, ReturnReason, ReturnStatus) VALUES (129, 4219, '2026-07-21 05:48:42', 1, 'Late Arrival', 'Completed');"
130,4236,2026-08-29 14:50:05,2,Incorrect Item,Rejected,"INSERT INTO dbo.Returns (ReturnID, OrderDetailID, ReturnDate, ReturnQuantity, ReturnReason, ReturnStatus) VALUES (130, 4236, '2026-08-29 14:50:05', 2, 'Incorrect Item', 'Rejected');"
131,4312,2026-08-31 09:48:46,1,Late Arrival,Rejected,"INSERT INTO dbo.Returns (ReturnID, OrderDetailID, ReturnDate, ReturnQuantity, ReturnReason, ReturnStatus) VALUES (131, 4312, '2026-08-31 09:48:46', 1, 'Late Arrival', 'Rejected');"
132,4314,2025-05-12 08:11:43,1,Defective,Rejected,"INSERT INTO dbo.Returns (ReturnID, OrderDetailID, ReturnDate, ReturnQuantity, ReturnReason, ReturnStatus) VALUES (132, 4314, '2025-05-12 08:11:43', 1, 'Defective', 'Rejected');"
133,4317,2025-08-15 16:46:11,1,Changed Mind,Completed,"INSERT INTO dbo.Returns (ReturnID, OrderDetailID, ReturnDate, ReturnQuantity, ReturnReason, ReturnStatus) VALUES (133, 4317, '2025-08-15 16:46:11', 1, 'Changed Mind', 'Completed');"
134,4318,2025-08-10 16:46:11,1,Defective,Completed,"INSERT INTO dbo.Returns (ReturnID, OrderDetailID, ReturnDate, ReturnQuantity, ReturnReason, ReturnStatus) VALUES (134, 4318, '2025-08-10 16:46:11', 1, 'Defective', 'Completed');"
135,4350,2026-06-27 18:33:11,1,Late Arrival,Requested,"INSERT INTO dbo.Returns (ReturnID, OrderDetailID, ReturnDate, ReturnQuantity, ReturnReason, ReturnStatus) VALUES (135, 4350, '2026-06-27 18:33:11', 1, 'Late Arrival', 'Requested');"
136,4459,2025-08-11 16:17:25,1,Incorrect Item,Requested,"INSERT INTO dbo.Returns (ReturnID, OrderDetailID, ReturnDate, ReturnQuantity, ReturnReason, ReturnStatus) VALUES (136, 4459, '2025-08-11 16:17:25', 1, 'Incorrect Item', 'Requested');"
137,4463,2026-02-24 09:18:44,1,Incorrect Item,Approved,"INSERT INTO dbo.Returns (ReturnID, OrderDetailID, ReturnDate, ReturnQuantity, ReturnReason, ReturnStatus) VALUES (137, 4463, '2026-02-24 09:18:44', 1, 'Incorrect Item', 'Approved');"
138,4505,2026-08-30 22:54:23,1,Defective,Completed,"INSERT INTO dbo.Returns (ReturnID, OrderDetailID, ReturnDate, ReturnQuantity, ReturnReason, ReturnStatus) VALUES (138, 4505, '2026-08-30 22:54:23', 1, 'Defective', 'Completed');"
139,4572,2026-08-25 21:59:32,2,Changed Mind,Completed,"INSERT INTO dbo.Returns (ReturnID, OrderDetailID, ReturnDate, ReturnQuantity, ReturnReason, ReturnStatus) VALUES (139, 4572, '2026-08-25 21:59:32', 2, 'Changed Mind', 'Completed');"
140,4626,2025-07-06 09:01:10,1,Defective,Rejected,"INSERT INTO dbo.Returns (ReturnID, OrderDetailID, ReturnDate, ReturnQuantity, ReturnReason, ReturnStatus) VALUES (140, 4626, '2025-07-06 09:01:10', 1, 'Defective', 'Rejected');"
141,4627,2025-07-09 09:01:10,3,Defective,Rejected,"INSERT INTO dbo.Returns (ReturnID, OrderDetailID, ReturnDate, ReturnQuantity, ReturnReason, ReturnStatus) VALUES (141, 4627, '2025-07-09 09:01:10', 3, 'Defective', 'Rejected');"
142,4651,2026-07-03 23:55:39,1,Defective,Requested,"INSERT INTO dbo.Returns (ReturnID, OrderDetailID, ReturnDate, ReturnQuantity, ReturnReason, ReturnStatus) VALUES (142, 4651, '2026-07-03 23:55:39', 1, 'Defective', 'Requested');"
143,4690,2025-02-10 05:29:31,1,Defective,Completed,"INSERT INTO dbo.Returns (ReturnID, OrderDetailID, ReturnDate, ReturnQuantity, ReturnReason, ReturnStatus) VALUES (143, 4690, '2025-02-10 05:29:31', 1, 'Defective', 'Completed');"
144,4707,2026-09-10 00:29:06,1,Defective,Approved,"INSERT INTO dbo.Returns (ReturnID, OrderDetailID, ReturnDate, ReturnQuantity, ReturnReason, ReturnStatus) VALUES (144, 4707, '2026-09-10 00:29:06', 1, 'Defective', 'Approved');"
145,4730,2024-06-14 17:42:49,1,Incorrect Item,Requested,"INSERT INTO dbo.Returns (ReturnID, OrderDetailID, ReturnDate, ReturnQuantity, ReturnReason, ReturnStatus) VALUES (145, 4730, '2024-06-14 17:42:49', 1, 'Incorrect Item', 'Requested');"
146,4805,2026-09-07 02:58:25,1,Defective,Requested,"INSERT INTO dbo.Returns (ReturnID, OrderDetailID, ReturnDate, ReturnQuantity, ReturnReason, ReturnStatus) VALUES (146, 4805, '2026-09-07 02:58:25', 1, 'Defective', 'Requested');"
147,4861,2025-04-07 16:40:36,2,Late Arrival,Requested,"INSERT INTO dbo.Returns (ReturnID, OrderDetailID, ReturnDate, ReturnQuantity, ReturnReason, ReturnStatus) VALUES (147, 4861, '2025-04-07 16:40:36', 2, 'Late Arrival', 'Requested');"
148,4865,2025-01-26 14:44:58,1,Changed Mind,Requested,"INSERT INTO dbo.Returns (ReturnID, OrderDetailID, ReturnDate, ReturnQuantity, ReturnReason, ReturnStatus) VALUES (148, 4865, '2025-01-26 14:44:58', 1, 'Changed Mind', 'Requested');"
149,4928,2025-02-03 16:06:46,1,Changed Mind,Rejected,"INSERT INTO dbo.Returns (ReturnID, OrderDetailID, ReturnDate, ReturnQuantity, ReturnReason, ReturnStatus) VALUES (149, 4928, '2025-02-03 16:06:46', 1, 'Changed Mind', 'Rejected');"
150,4949,2025-12-01 19:13:46,1,Defective,Completed,"INSERT INTO dbo.Returns (ReturnID, OrderDetailID, ReturnDate, ReturnQuantity, ReturnReason, ReturnStatus) VALUES (150, 4949, '2025-12-01 19:13:46', 1, 'Defective', 'Completed');"
151,4950,2026-06-16 07:55:57,1,Late Arrival,Rejected,"INSERT INTO dbo.Returns (ReturnID, OrderDetailID, ReturnDate, ReturnQuantity, ReturnReason, ReturnStatus) VALUES (151, 4950, '2026-06-16 07:55:57', 1, 'Late Arrival', 'Rejected');"
152,5037,2026-04-11 16:21:38,1,Late Arrival,Rejected,"INSERT INTO dbo.Returns (ReturnID, OrderDetailID, ReturnDate, ReturnQuantity, ReturnReason, ReturnStatus) VALUES (152, 5037, '2026-04-11 16:21:38', 1, 'Late Arrival', 'Rejected');"
153,5049,2026-04-21 15:41:45,1,Changed Mind,Rejected,"INSERT INTO dbo.Returns (ReturnID, OrderDetailID, ReturnDate, ReturnQuantity, ReturnReason, ReturnStatus) VALUES (153, 5049, '2026-04-21 15:41:45', 1, 'Changed Mind', 'Rejected');"
154,5052,2024-09-17 17:29:33,1,Defective,Completed,"INSERT INTO dbo.Returns (ReturnID, OrderDetailID, ReturnDate, ReturnQuantity, ReturnReason, ReturnStatus) VALUES (154, 5052, '2024-09-17 17:29:33', 1, 'Defective', 'Completed');"
155,5105,2026-08-28 07:43:10,1,Changed Mind,Approved,"INSERT INTO dbo.Returns (ReturnID, OrderDetailID, ReturnDate, ReturnQuantity, ReturnReason, ReturnStatus) VALUES (155, 5105, '2026-08-28 07:43:10', 1, 'Changed Mind', 'Approved');"
156,5115,2026-09-17 07:05:43,1,Incorrect Item,Approved,"INSERT INTO dbo.Returns (ReturnID, OrderDetailID, ReturnDate, ReturnQuantity, ReturnReason, ReturnStatus) VALUES (156, 5115, '2026-09-17 07:05:43', 1, 'Incorrect Item', 'Approved');"
157,5133,2025-08-04 11:24:45,1,Late Arrival,Completed,"INSERT INTO dbo.Returns (ReturnID, OrderDetailID, ReturnDate, ReturnQuantity, ReturnReason, ReturnStatus) VALUES (157, 5133, '2025-08-04 11:24:45', 1, 'Late Arrival', 'Completed');"
158,5140,2026-03-06 02:55:06,1,Changed Mind,Approved,"INSERT INTO dbo.Returns (ReturnID, OrderDetailID, ReturnDate, ReturnQuantity, ReturnReason, ReturnStatus) VALUES (158, 5140, '2026-03-06 02:55:06', 1, 'Changed Mind', 'Approved');"
159,5229,2025-09-29 10:05:51,1,Incorrect Item,Approved,"INSERT INTO dbo.Returns (ReturnID, OrderDetailID, ReturnDate, ReturnQuantity, ReturnReason, ReturnStatus) VALUES (159, 5229, '2025-09-29 10:05:51', 1, 'Incorrect Item', 'Approved');"
160,5247,2026-09-03 10:29:13,1,Late Arrival,Completed,"INSERT INTO dbo.Returns (ReturnID, OrderDetailID, ReturnDate, ReturnQuantity, ReturnReason, ReturnStatus) VALUES (160, 5247, '2026-09-03 10:29:13', 1, 'Late Arrival', 'Completed');"
161,5284,2026-04-07 13:37:46,1,Defective,Approved,"INSERT INTO dbo.Returns (ReturnID, OrderDetailID, ReturnDate, ReturnQuantity, ReturnReason, ReturnStatus) VALUES (161, 5284, '2026-04-07 13:37:46', 1, 'Defective', 'Approved');"
162,5288,2025-01-27 22:50:43,1,Changed Mind,Completed,"INSERT INTO dbo.Returns (ReturnID, OrderDetailID, ReturnDate, ReturnQuantity, ReturnReason, ReturnStatus) VALUES (162, 5288, '2025-01-27 22:50:43', 1, 'Changed Mind', 'Completed');"
163,5297,2026-04-03 22:23:25,2,Late Arrival,Rejected,"INSERT INTO dbo.Returns (ReturnID, OrderDetailID, ReturnDate, ReturnQuantity, ReturnReason, ReturnStatus) VALUES (163, 5297, '2026-04-03 22:23:25', 2, 'Late Arrival', 'Rejected');"
164,5333,2025-11-17 03:53:37,1,Defective,Completed,"INSERT INTO dbo.Returns (ReturnID, OrderDetailID, ReturnDate, ReturnQuantity, ReturnReason, ReturnStatus) VALUES (164, 5333, '2025-11-17 03:53:37', 1, 'Defective', 'Completed');"
165,5338,2025-07-16 03:03:43,3,Changed Mind,Rejected,"INSERT INTO dbo.Returns (ReturnID, OrderDetailID, ReturnDate, ReturnQuantity, ReturnReason, ReturnStatus) VALUES (165, 5338, '2025-07-16 03:03:43', 3, 'Changed Mind', 'Rejected');"
166,5377,2026-01-13 13:30:36,1,Defective,Completed,"INSERT INTO dbo.Returns (ReturnID, OrderDetailID, ReturnDate, ReturnQuantity, ReturnReason, ReturnStatus) VALUES (166, 5377, '2026-01-13 13:30:36', 1, 'Defective', 'Completed');"
167,5384,2025-12-21 16:34:26,1,Defective,Rejected,"INSERT INTO dbo.Returns (ReturnID, OrderDetailID, ReturnDate, ReturnQuantity, ReturnReason, ReturnStatus) VALUES (167, 5384, '2025-12-21 16:34:26', 1, 'Defective', 'Rejected');"
168,5428,2024-09-21 21:41:10,4,Changed Mind,Approved,"INSERT INTO dbo.Returns (ReturnID, OrderDetailID, ReturnDate, ReturnQuantity, ReturnReason, ReturnStatus) VALUES (168, 5428, '2024-09-21 21:41:10', 4, 'Changed Mind', 'Approved');"
169,5463,2025-09-22 08:23:58,1,Late Arrival,Approved,"INSERT INTO dbo.Returns (ReturnID, OrderDetailID, ReturnDate, ReturnQuantity, ReturnReason, ReturnStatus) VALUES (169, 5463, '2025-09-22 08:23:58', 1, 'Late Arrival', 'Approved');"
170,5469,2023-11-26 00:49:41,1,Late Arrival,Completed,"INSERT INTO dbo.Returns (ReturnID, OrderDetailID, ReturnDate, ReturnQuantity, ReturnReason, ReturnStatus) VALUES (170, 5469, '2023-11-26 00:49:41', 1, 'Late Arrival', 'Completed');"
171,5478,2026-08-04 07:39:38,2,Late Arrival,Requested,"INSERT INTO dbo.Returns (ReturnID, OrderDetailID, ReturnDate, ReturnQuantity, ReturnReason, ReturnStatus) VALUES (171, 5478, '2026-08-04 07:39:38', 2, 'Late Arrival', 'Requested');"
172,5489,2026-07-08 22:31:44,1,Late Arrival,Rejected,"INSERT INTO dbo.Returns (ReturnID, OrderDetailID, ReturnDate, ReturnQuantity, ReturnReason, ReturnStatus) VALUES (172, 5489, '2026-07-08 22:31:44', 1, 'Late Arrival', 'Rejected');"
173,5491,2026-06-25 22:31:44,2,Incorrect Item,Completed,"INSERT INTO dbo.Returns (ReturnID, OrderDetailID, ReturnDate, ReturnQuantity, ReturnReason, ReturnStatus) VALUES (173, 5491, '2026-06-25 22:31:44', 2, 'Incorrect Item', 'Completed');"
174,5506,2025-09-04 23:57:05,1,Incorrect Item,Rejected,"INSERT INTO dbo.Returns (ReturnID, OrderDetailID, ReturnDate, ReturnQuantity, ReturnReason, ReturnStatus) VALUES (174, 5506, '2025-09-04 23:57:05', 1, 'Incorrect Item', 'Rejected');"
175,5540,2026-02-09 04:21:09,1,Incorrect Item,Rejected,"INSERT INTO dbo.Returns (ReturnID, OrderDetailID, ReturnDate, ReturnQuantity, ReturnReason, ReturnStatus) VALUES (175, 5540, '2026-02-09 04:21:09', 1, 'Incorrect Item', 'Rejected');"
176,5542,2025-07-12 18:09:26,1,Late Arrival,Approved,"INSERT INTO dbo.Returns (ReturnID, OrderDetailID, ReturnDate, ReturnQuantity, ReturnReason, ReturnStatus) VALUES (176, 5542, '2025-07-12 18:09:26', 1, 'Late Arrival', 'Approved');"
177,5570,2025-12-15 18:09:39,1,Late Arrival,Approved,"INSERT INTO dbo.Returns (ReturnID, OrderDetailID, ReturnDate, ReturnQuantity, ReturnReason, ReturnStatus) VALUES (177, 5570, '2025-12-15 18:09:39', 1, 'Late Arrival', 'Approved');"
178,5585,2025-06-30 22:33:17,1,Defective,Requested,"INSERT INTO dbo.Returns (ReturnID, OrderDetailID, ReturnDate, ReturnQuantity, ReturnReason, ReturnStatus) VALUES (178, 5585, '2025-06-30 22:33:17', 1, 'Defective', 'Requested');"
179,5595,2025-02-21 12:54:04,2,Late Arrival,Rejected,"INSERT INTO dbo.Returns (ReturnID, OrderDetailID, ReturnDate, ReturnQuantity, ReturnReason, ReturnStatus) VALUES (179, 5595, '2025-02-21 12:54:04', 2, 'Late Arrival', 'Rejected');"
180,5623,2024-05-01 06:26:49,1,Defective,Requested,"INSERT INTO dbo.Returns (ReturnID, OrderDetailID, ReturnDate, ReturnQuantity, ReturnReason, ReturnStatus) VALUES (180, 5623, '2024-05-01 06:26:49', 1, 'Defective', 'Requested');"
181,5650,2025-01-09 05:38:50,4,Late Arrival,Requested,"INSERT INTO dbo.Returns (ReturnID, OrderDetailID, ReturnDate, ReturnQuantity, ReturnReason, ReturnStatus) VALUES (181, 5650, '2025-01-09 05:38:50', 4, 'Late Arrival', 'Requested');"
182,5653,2026-06-30 20:35:53,1,Defective,Approved,"INSERT INTO dbo.Returns (ReturnID, OrderDetailID, ReturnDate, ReturnQuantity, ReturnReason, ReturnStatus) VALUES (182, 5653, '2026-06-30 20:35:53', 1, 'Defective', 'Approved');"
183,5711,2024-11-01 01:54:00,1,Incorrect Item,Completed,"INSERT INTO dbo.Returns (ReturnID, OrderDetailID, ReturnDate, ReturnQuantity, ReturnReason, ReturnStatus) VALUES (183, 5711, '2024-11-01 01:54:00', 1, 'Incorrect Item', 'Completed');"
184,5767,2026-06-24 14:35:58,1,Changed Mind,Requested,"INSERT INTO dbo.Returns (ReturnID, OrderDetailID, ReturnDate, ReturnQuantity, ReturnReason, ReturnStatus) VALUES (184, 5767, '2026-06-24 14:35:58', 1, 'Changed Mind', 'Requested');"
185,5833,2025-12-20 06:16:30,1,Late Arrival,Approved,"INSERT INTO dbo.Returns (ReturnID, OrderDetailID, ReturnDate, ReturnQuantity, ReturnReason, ReturnStatus) VALUES (185, 5833, '2025-12-20 06:16:30', 1, 'Late Arrival', 'Approved');"
186,5907,2024-11-26 07:38:50,1,Defective,Completed,"INSERT INTO dbo.Returns (ReturnID, OrderDetailID, ReturnDate, ReturnQuantity, ReturnReason, ReturnStatus) VALUES (186, 5907, '2024-11-26 07:38:50', 1, 'Defective', 'Completed');"
187,5916,2025-12-07 11:13:39,1,Defective,Requested,"INSERT INTO dbo.Returns (ReturnID, OrderDetailID, ReturnDate, ReturnQuantity, ReturnReason, ReturnStatus) VALUES (187, 5916, '2025-12-07 11:13:39', 1, 'Defective', 'Requested');"
188,5925,2026-08-12 05:23:57,1,Changed Mind,Rejected,"INSERT INTO dbo.Returns (ReturnID, OrderDetailID, ReturnDate, ReturnQuantity, ReturnReason, ReturnStatus) VALUES (188, 5925, '2026-08-12 05:23:57', 1, 'Changed Mind', 'Rejected');"
189,5969,2026-01-12 11:09:19,1,Changed Mind,Completed,"INSERT INTO dbo.Returns (ReturnID, OrderDetailID, ReturnDate, ReturnQuantity, ReturnReason, ReturnStatus) VALUES (189, 5969, '2026-01-12 11:09:19', 1, 'Changed Mind', 'Completed');"
190,5983,2025-12-20 11:44:36,1,Late Arrival,Approved,"INSERT INTO dbo.Returns (ReturnID, OrderDetailID, ReturnDate, ReturnQuantity, ReturnReason, ReturnStatus) VALUES (190, 5983, '2025-12-20 11:44:36', 1, 'Late Arrival', 'Approved');"
191,6114,2025-04-05 03:41:22,1,Changed Mind,Approved,"INSERT INTO dbo.Returns (ReturnID, OrderDetailID, ReturnDate, ReturnQuantity, ReturnReason, ReturnStatus) VALUES (191, 6114, '2025-04-05 03:41:22', 1, 'Changed Mind', 'Approved');"
192,6149,2026-09-02 07:53:23,1,Incorrect Item,Requested,"INSERT INTO dbo.Returns (ReturnID, OrderDetailID, ReturnDate, ReturnQuantity, ReturnReason, ReturnStatus) VALUES (192, 6149, '2026-09-02 07:53:23', 1, 'Incorrect Item', 'Requested');"
193,6294,2025-11-22 14:51:20,2,Defective,Approved,"INSERT INTO dbo.Returns (ReturnID, OrderDetailID, ReturnDate, ReturnQuantity, ReturnReason, ReturnStatus) VALUES (193, 6294, '2025-11-22 14:51:20', 2, 'Defective', 'Approved');"
194,6444,2026-01-07 12:37:29,1,Incorrect Item,Completed,"INSERT INTO dbo.Returns (ReturnID, OrderDetailID, ReturnDate, ReturnQuantity, ReturnReason, ReturnStatus) VALUES (194, 6444, '2026-01-07 12:37:29', 1, 'Incorrect Item', 'Completed');"
195,6470,2026-06-12 06:17:46,1,Incorrect Item,Approved,"INSERT INTO dbo.Returns (ReturnID, OrderDetailID, ReturnDate, ReturnQuantity, ReturnReason, ReturnStatus) VALUES (195, 6470, '2026-06-12 06:17:46', 1, 'Incorrect Item', 'Approved');"
196,6477,2025-12-10 15:29:37,1,Late Arrival,Approved,"INSERT INTO dbo.Returns (ReturnID, OrderDetailID, ReturnDate, ReturnQuantity, ReturnReason, ReturnStatus) VALUES (196, 6477, '2025-12-10 15:29:37', 1, 'Late Arrival', 'Approved');"
197,6498,2025-01-02 02:41:30,1,Changed Mind,Requested,"INSERT INTO dbo.Returns (ReturnID, OrderDetailID, ReturnDate, ReturnQuantity, ReturnReason, ReturnStatus) VALUES (197, 6498, '2025-01-02 02:41:30', 1, 'Changed Mind', 'Requested');"
198,6537,2024-08-29 14:18:55,3,Late Arrival,Completed,"INSERT INTO dbo.Returns (ReturnID, OrderDetailID, ReturnDate, ReturnQuantity, ReturnReason, ReturnStatus) VALUES (198, 6537, '2024-08-29 14:18:55', 3, 'Late Arrival', 'Completed');"
199,6554,2026-09-08 06:46:27,1,Defective,Approved,"INSERT INTO dbo.Returns (ReturnID, OrderDetailID, ReturnDate, ReturnQuantity, ReturnReason, ReturnStatus) VALUES (199, 6554, '2026-09-08 06:46:27', 1, 'Defective', 'Approved');"
200,6580,2026-07-15 03:05:53,1,Incorrect Item,Completed,"INSERT INTO dbo.Returns (ReturnID, OrderDetailID, ReturnDate, ReturnQuantity, ReturnReason, ReturnStatus) VALUES (200, 6580, '2026-07-15 03:05:53', 1, 'Incorrect Item', 'Completed');"
201,6617,2026-04-19 14:05:40,1,Incorrect Item,Approved,"INSERT INTO dbo.Returns (ReturnID, OrderDetailID, ReturnDate, ReturnQuantity, ReturnReason, ReturnStatus) VALUES (201, 6617, '2026-04-19 14:05:40', 1, 'Incorrect Item', 'Approved');"
202,6712,2025-04-04 02:03:42,1,Defective,Approved,"INSERT INTO dbo.Returns (ReturnID, OrderDetailID, ReturnDate, ReturnQuantity, ReturnReason, ReturnStatus) VALUES (202, 6712, '2025-04-04 02:03:42', 1, 'Defective', 'Approved');"
203,6719,2026-07-04 06:16:08,1,Changed Mind,Rejected,"INSERT INTO dbo.Returns (ReturnID, OrderDetailID, ReturnDate, ReturnQuantity, ReturnReason, ReturnStatus) VALUES (203, 6719, '2026-07-04 06:16:08', 1, 'Changed Mind', 'Rejected');"
204,6745,2026-05-17 06:37:31,2,Incorrect Item,Rejected,"INSERT INTO dbo.Returns (ReturnID, OrderDetailID, ReturnDate, ReturnQuantity, ReturnReason, ReturnStatus) VALUES (204, 6745, '2026-05-17 06:37:31', 2, 'Incorrect Item', 'Rejected');"
205,6787,2026-02-28 03:33:05,1,Late Arrival,Completed,"INSERT INTO dbo.Returns (ReturnID, OrderDetailID, ReturnDate, ReturnQuantity, ReturnReason, ReturnStatus) VALUES (205, 6787, '2026-02-28 03:33:05', 1, 'Late Arrival', 'Completed');"
206,6814,2024-07-05 10:05:24,1,Defective,Approved,"INSERT INTO dbo.Returns (ReturnID, OrderDetailID, ReturnDate, ReturnQuantity, ReturnReason, ReturnStatus) VALUES (206, 6814, '2024-07-05 10:05:24', 1, 'Defective', 'Approved');"
207,6958,2026-03-09 10:20:09,1,Late Arrival,Approved,"INSERT INTO dbo.Returns (ReturnID, OrderDetailID, ReturnDate, ReturnQuantity, ReturnReason, ReturnStatus) VALUES (207, 6958, '2026-03-09 10:20:09', 1, 'Late Arrival', 'Approved');"
208,7019,2026-08-11 23:53:04,1,Late Arrival,Requested,"INSERT INTO dbo.Returns (ReturnID, OrderDetailID, ReturnDate, ReturnQuantity, ReturnReason, ReturnStatus) VALUES (208, 7019, '2026-08-11 23:53:04', 1, 'Late Arrival', 'Requested');"
209,7037,2026-05-04 16:05:31,4,Late Arrival,Requested,"INSERT INTO dbo.Returns (ReturnID, OrderDetailID, ReturnDate, ReturnQuantity, ReturnReason, ReturnStatus) VALUES (209, 7037, '2026-05-04 16:05:31', 4, 'Late Arrival', 'Requested');"
210,7038,2026-04-26 16:05:31,3,Changed Mind,Rejected,"INSERT INTO dbo.Returns (ReturnID, OrderDetailID, ReturnDate, ReturnQuantity, ReturnReason, ReturnStatus) VALUES (210, 7038, '2026-04-26 16:05:31', 3, 'Changed Mind', 'Rejected');"
211,7055,2026-08-21 02:45:20,1,Changed Mind,Approved,"INSERT INTO dbo.Returns (ReturnID, OrderDetailID, ReturnDate, ReturnQuantity, ReturnReason, ReturnStatus) VALUES (211, 7055, '2026-08-21 02:45:20', 1, 'Changed Mind', 'Approved');"
212,7088,2024-08-13 22:58:24,1,Late Arrival,Completed,"INSERT INTO dbo.Returns (ReturnID, OrderDetailID, ReturnDate, ReturnQuantity, ReturnReason, ReturnStatus) VALUES (212, 7088, '2024-08-13 22:58:24', 1, 'Late Arrival', 'Completed');"
213,7120,2026-03-15 01:19:02,1,Changed Mind,Completed,"INSERT INTO dbo.Returns (ReturnID, OrderDetailID, ReturnDate, ReturnQuantity, ReturnReason, ReturnStatus) VALUES (213, 7120, '2026-03-15 01:19:02', 1, 'Changed Mind', 'Completed');"
214,7148,2026-02-22 19:58:55,1,Changed Mind,Approved,"INSERT INTO dbo.Returns (ReturnID, OrderDetailID, ReturnDate, ReturnQuantity, ReturnReason, ReturnStatus) VALUES (214, 7148, '2026-02-22 19:58:55', 1, 'Changed Mind', 'Approved');"
215,7160,2026-06-14 10:23:45,1,Defective,Requested,"INSERT INTO dbo.Returns (ReturnID, OrderDetailID, ReturnDate, ReturnQuantity, ReturnReason, ReturnStatus) VALUES (215, 7160, '2026-06-14 10:23:45', 1, 'Defective', 'Requested');"
216,7195,2025-12-13 18:33:10,1,Late Arrival,Requested,"INSERT INTO dbo.Returns (ReturnID, OrderDetailID, ReturnDate, ReturnQuantity, ReturnReason, ReturnStatus) VALUES (216, 7195, '2025-12-13 18:33:10', 1, 'Late Arrival', 'Requested');"
217,7199,2026-07-27 12:31:12,1,Late Arrival,Requested,"INSERT INTO dbo.Returns (ReturnID, OrderDetailID, ReturnDate, ReturnQuantity, ReturnReason, ReturnStatus) VALUES (217, 7199, '2026-07-27 12:31:12', 1, 'Late Arrival', 'Requested');"
218,7249,2026-07-22 12:23:35,1,Changed Mind,Rejected,"INSERT INTO dbo.Returns (ReturnID, OrderDetailID, ReturnDate, ReturnQuantity, ReturnReason, ReturnStatus) VALUES (218, 7249, '2026-07-22 12:23:35', 1, 'Changed Mind', 'Rejected');"
219,7255,2026-06-25 01:33:09,1,Defective,Requested,"INSERT INTO dbo.Returns (ReturnID, OrderDetailID, ReturnDate, ReturnQuantity, ReturnReason, ReturnStatus) VALUES (219, 7255, '2026-06-25 01:33:09', 1, 'Defective', 'Requested');"
220,7365,2026-08-09 21:41:35,1,Changed Mind,Rejected,"INSERT INTO dbo.Returns (ReturnID, OrderDetailID, ReturnDate, ReturnQuantity, ReturnReason, ReturnStatus) VALUES (220, 7365, '2026-08-09 21:41:35', 1, 'Changed Mind', 'Rejected');"
221,7384,2025-06-28 11:35:10,1,Incorrect Item,Completed,"INSERT INTO dbo.Returns (ReturnID, OrderDetailID, ReturnDate, ReturnQuantity, ReturnReason, ReturnStatus) VALUES (221, 7384, '2025-06-28 11:35:10', 1, 'Incorrect Item', 'Completed');"
222,7489,2026-08-05 12:14:31,2,Incorrect Item,Rejected,"INSERT INTO dbo.Returns (ReturnID, OrderDetailID, ReturnDate, ReturnQuantity, ReturnReason, ReturnStatus) VALUES (222, 7489, '2026-08-05 12:14:31', 2, 'Incorrect Item', 'Rejected');"
223,7511,2026-05-22 02:36:40,1,Late Arrival,Approved,"INSERT INTO dbo.Returns (ReturnID, OrderDetailID, ReturnDate, ReturnQuantity, ReturnReason, ReturnStatus) VALUES (223, 7511, '2026-05-22 02:36:40', 1, 'Late Arrival', 'Approved');"
224,7513,2025-04-11 17:14:09,1,Incorrect Item,Requested,"INSERT INTO dbo.Returns (ReturnID, OrderDetailID, ReturnDate, ReturnQuantity, ReturnReason, ReturnStatus) VALUES (224, 7513, '2025-04-11 17:14:09', 1, 'Incorrect Item', 'Requested');"
225,7528,2024-11-24 17:40:33,1,Changed Mind,Requested,"INSERT INTO dbo.Returns (ReturnID, OrderDetailID, ReturnDate, ReturnQuantity, ReturnReason, ReturnStatus) VALUES (225, 7528, '2024-11-24 17:40:33', 1, 'Changed Mind', 'Requested');"
226,7529,2024-11-20 17:40:33,1,Late Arrival,Rejected,"INSERT INTO dbo.Returns (ReturnID, OrderDetailID, ReturnDate, ReturnQuantity, ReturnReason, ReturnStatus) VALUES (226, 7529, '2024-11-20 17:40:33', 1, 'Late Arrival', 'Rejected');"
227,7543,2026-09-15 19:25:55,1,Late Arrival,Requested,"INSERT INTO dbo.Returns (ReturnID, OrderDetailID, ReturnDate, ReturnQuantity, ReturnReason, ReturnStatus) VALUES (227, 7543, '2026-09-15 19:25:55', 1, 'Late Arrival', 'Requested');"
228,7591,2026-08-24 22:43:55,1,Late Arrival,Completed,"INSERT INTO dbo.Returns (ReturnID, OrderDetailID, ReturnDate, ReturnQuantity, ReturnReason, ReturnStatus) VALUES (228, 7591, '2026-08-24 22:43:55', 1, 'Late Arrival', 'Completed');"
229,7644,2026-08-29 10:13:31,1,Incorrect Item,Completed,"INSERT INTO dbo.Returns (ReturnID, OrderDetailID, ReturnDate, ReturnQuantity, ReturnReason, ReturnStatus) VALUES (229, 7644, '2026-08-29 10:13:31', 1, 'Incorrect Item', 'Completed');"
230,7747,2026-02-22 05:56:09,1,Incorrect Item,Approved,"INSERT INTO dbo.Returns (ReturnID, OrderDetailID, ReturnDate, ReturnQuantity, ReturnReason, ReturnStatus) VALUES (230, 7747, '2026-02-22 05:56:09', 1, 'Incorrect Item', 'Approved');"
231,7788,2026-07-01 09:43:33,1,Late Arrival,Rejected,"INSERT INTO dbo.Returns (ReturnID, OrderDetailID, ReturnDate, ReturnQuantity, ReturnReason, ReturnStatus) VALUES (231, 7788, '2026-07-01 09:43:33', 1, 'Late Arrival', 'Rejected');"
232,7807,2026-04-26 04:10:52,1,Late Arrival,Requested,"INSERT INTO dbo.Returns (ReturnID, OrderDetailID, ReturnDate, ReturnQuantity, ReturnReason, ReturnStatus) VALUES (232, 7807, '2026-04-26 04:10:52', 1, 'Late Arrival', 'Requested');"
233,7827,2026-09-13 16:23:08,1,Defective,Rejected,"INSERT INTO dbo.Returns (ReturnID, OrderDetailID, ReturnDate, ReturnQuantity, ReturnReason, ReturnStatus) VALUES (233, 7827, '2026-09-13 16:23:08', 1, 'Defective', 'Rejected');"
234,7884,2025-12-15 08:52:49,2,Late Arrival,Requested,"INSERT INTO dbo.Returns (ReturnID, OrderDetailID, ReturnDate, ReturnQuantity, ReturnReason, ReturnStatus) VALUES (234, 7884, '2025-12-15 08:52:49', 2, 'Late Arrival', 'Requested');"
235,7901,2025-12-09 19:14:43,1,Late Arrival,Completed,"INSERT INTO dbo.Returns (ReturnID, OrderDetailID, ReturnDate, ReturnQuantity, ReturnReason, ReturnStatus) VALUES (235, 7901, '2025-12-09 19:14:43', 1, 'Late Arrival', 'Completed');"
236,7910,2024-09-26 13:02:10,1,Changed Mind,Completed,"INSERT INTO dbo.Returns (ReturnID, OrderDetailID, ReturnDate, ReturnQuantity, ReturnReason, ReturnStatus) VALUES (236, 7910, '2024-09-26 13:02:10', 1, 'Changed Mind', 'Completed');"
237,7912,2026-04-23 08:03:29,1,Late Arrival,Rejected,"INSERT INTO dbo.Returns (ReturnID, OrderDetailID, ReturnDate, ReturnQuantity, ReturnReason, ReturnStatus) VALUES (237, 7912, '2026-04-23 08:03:29', 1, 'Late Arrival', 'Rejected');"
238,7950,2026-04-17 08:47:33,1,Changed Mind,Rejected,"INSERT INTO dbo.Returns (ReturnID, OrderDetailID, ReturnDate, ReturnQuantity, ReturnReason, ReturnStatus) VALUES (238, 7950, '2026-04-17 08:47:33', 1, 'Changed Mind', 'Rejected');"
239,7957,2024-08-29 21:01:11,1,Incorrect Item,Completed,"INSERT INTO dbo.Returns (ReturnID, OrderDetailID, ReturnDate, ReturnQuantity, ReturnReason, ReturnStatus) VALUES (239, 7957, '2024-08-29 21:01:11', 1, 'Incorrect Item', 'Completed');"
240,7959,2026-06-04 10:51:15,1,Incorrect Item,Approved,"INSERT INTO dbo.Returns (ReturnID, OrderDetailID, ReturnDate, ReturnQuantity, ReturnReason, ReturnStatus) VALUES (240, 7959, '2026-06-04 10:51:15', 1, 'Incorrect Item', 'Approved');"
241,8031,2026-04-10 08:46:43,2,Defective,Approved,"INSERT INTO dbo.Returns (ReturnID, OrderDetailID, ReturnDate, ReturnQuantity, ReturnReason, ReturnStatus) VALUES (241, 8031, '2026-04-10 08:46:43', 2, 'Defective', 'Approved');"
242,8041,2026-06-04 16:31:56,1,Late Arrival,Completed,"INSERT INTO dbo.Returns (ReturnID, OrderDetailID, ReturnDate, ReturnQuantity, ReturnReason, ReturnStatus) VALUES (242, 8041, '2026-06-04 16:31:56', 1, 'Late Arrival', 'Completed');"
243,8092,2024-11-09 21:47:12,1,Late Arrival,Rejected,"INSERT INTO dbo.Returns (ReturnID, OrderDetailID, ReturnDate, ReturnQuantity, ReturnReason, ReturnStatus) VALUES (243, 8092, '2024-11-09 21:47:12', 1, 'Late Arrival', 'Rejected');"
244,8120,2026-09-14 14:00:44,1,Incorrect Item,Rejected,"INSERT INTO dbo.Returns (ReturnID, OrderDetailID, ReturnDate, ReturnQuantity, ReturnReason, ReturnStatus) VALUES (244, 8120, '2026-09-14 14:00:44', 1, 'Incorrect Item', 'Rejected');"
245,8129,2024-06-05 23:10:34,1,Incorrect Item,Rejected,"INSERT INTO dbo.Returns (ReturnID, OrderDetailID, ReturnDate, ReturnQuantity, ReturnReason, ReturnStatus) VALUES (245, 8129, '2024-06-05 23:10:34', 1, 'Incorrect Item', 'Rejected');"
246,8164,2025-07-25 22:24:47,1,Late Arrival,Rejected,"INSERT INTO dbo.Returns (ReturnID, OrderDetailID, ReturnDate, ReturnQuantity, ReturnReason, ReturnStatus) VALUES (246, 8164, '2025-07-25 22:24:47', 1, 'Late Arrival', 'Rejected');"
247,8188,2025-05-23 07:54:39,1,Incorrect Item,Approved,"INSERT INTO dbo.Returns (ReturnID, OrderDetailID, ReturnDate, ReturnQuantity, ReturnReason, ReturnStatus) VALUES (247, 8188, '2025-05-23 07:54:39', 1, 'Incorrect Item', 'Approved');"
248,8230,2026-05-18 17:56:44,1,Defective,Completed,"INSERT INTO dbo.Returns (ReturnID, OrderDetailID, ReturnDate, ReturnQuantity, ReturnReason, ReturnStatus) VALUES (248, 8230, '2026-05-18 17:56:44', 1, 'Defective', 'Completed');"
249,8264,2026-08-14 22:16:35,1,Defective,Requested,"INSERT INTO dbo.Returns (ReturnID, OrderDetailID, ReturnDate, ReturnQuantity, ReturnReason, ReturnStatus) VALUES (249, 8264, '2026-08-14 22:16:35', 1, 'Defective', 'Requested');"
250,8308,2026-08-04 03:29:46,1,Incorrect Item,Requested,"INSERT INTO dbo.Returns (ReturnID, OrderDetailID, ReturnDate, ReturnQuantity, ReturnReason, ReturnStatus) VALUES (250, 8308, '2026-08-04 03:29:46', 1, 'Incorrect Item', 'Requested');"
251,8328,2026-01-19 14:30:19,1,Defective,Completed,"INSERT INTO dbo.Returns (ReturnID, OrderDetailID, ReturnDate, ReturnQuantity, ReturnReason, ReturnStatus) VALUES (251, 8328, '2026-01-19 14:30:19', 1, 'Defective', 'Completed');"
252,8335,2025-08-24 05:17:08,2,Late Arrival,Approved,"INSERT INTO dbo.Returns (ReturnID, OrderDetailID, ReturnDate, ReturnQuantity, ReturnReason, ReturnStatus) VALUES (252, 8335, '2025-08-24 05:17:08', 2, 'Late Arrival', 'Approved');"
253,8337,2025-03-04 15:01:29,2,Changed Mind,Requested,"INSERT INTO dbo.Returns (ReturnID, OrderDetailID, ReturnDate, ReturnQuantity, ReturnReason, ReturnStatus) VALUES (253, 8337, '2025-03-04 15:01:29', 2, 'Changed Mind', 'Requested');"
254,8363,2026-03-17 23:59:13,1,Incorrect Item,Rejected,"INSERT INTO dbo.Returns (ReturnID, OrderDetailID, ReturnDate, ReturnQuantity, ReturnReason, ReturnStatus) VALUES (254, 8363, '2026-03-17 23:59:13', 1, 'Incorrect Item', 'Rejected');"
255,8387,2026-06-16 01:24:28,1,Incorrect Item,Approved,"INSERT INTO dbo.Returns (ReturnID, OrderDetailID, ReturnDate, ReturnQuantity, ReturnReason, ReturnStatus) VALUES (255, 8387, '2026-06-16 01:24:28', 1, 'Incorrect Item', 'Approved');"
256,8448,2026-08-12 06:10:41,1,Incorrect Item,Rejected,"INSERT INTO dbo.Returns (ReturnID, OrderDetailID, ReturnDate, ReturnQuantity, ReturnReason, ReturnStatus) VALUES (256, 8448, '2026-08-12 06:10:41', 1, 'Incorrect Item', 'Rejected');"
257,8493,2025-08-01 22:47:40,1,Changed Mind,Rejected,"INSERT INTO dbo.Returns (ReturnID, OrderDetailID, ReturnDate, ReturnQuantity, ReturnReason, ReturnStatus) VALUES (257, 8493, '2025-08-01 22:47:40', 1, 'Changed Mind', 'Rejected');"
258,8499,2026-01-13 17:17:29,1,Defective,Approved,"INSERT INTO dbo.Returns (ReturnID, OrderDetailID, ReturnDate, ReturnQuantity, ReturnReason, ReturnStatus) VALUES (258, 8499, '2026-01-13 17:17:29', 1, 'Defective', 'Approved');"
259,8548,2026-01-19 22:14:31,3,Defective,Requested,"INSERT INTO dbo.Returns (ReturnID, OrderDetailID, ReturnDate, ReturnQuantity, ReturnReason, ReturnStatus) VALUES (259, 8548, '2026-01-19 22:14:31', 3, 'Defective', 'Requested');"
260,8555,2026-04-21 21:46:20,3,Incorrect Item,Approved,"INSERT INTO dbo.Returns (ReturnID, OrderDetailID, ReturnDate, ReturnQuantity, ReturnReason, ReturnStatus) VALUES (260, 8555, '2026-04-21 21:46:20', 3, 'Incorrect Item', 'Approved');"
261,8580,2025-02-10 16:33:45,2,Late Arrival,Rejected,"INSERT INTO dbo.Returns (ReturnID, OrderDetailID, ReturnDate, ReturnQuantity, ReturnReason, ReturnStatus) VALUES (261, 8580, '2025-02-10 16:33:45', 2, 'Late Arrival', 'Rejected');"
262,8614,2026-04-19 07:24:57,1,Late Arrival,Approved,"INSERT INTO dbo.Returns (ReturnID, OrderDetailID, ReturnDate, ReturnQuantity, ReturnReason, ReturnStatus) VALUES (262, 8614, '2026-04-19 07:24:57', 1, 'Late Arrival', 'Approved');"
263,8617,2025-02-20 19:38:51,1,Changed Mind,Rejected,"INSERT INTO dbo.Returns (ReturnID, OrderDetailID, ReturnDate, ReturnQuantity, ReturnReason, ReturnStatus) VALUES (263, 8617, '2025-02-20 19:38:51', 1, 'Changed Mind', 'Rejected');"
264,8645,2026-07-08 07:00:24,1,Late Arrival,Completed,"INSERT INTO dbo.Returns (ReturnID, OrderDetailID, ReturnDate, ReturnQuantity, ReturnReason, ReturnStatus) VALUES (264, 8645, '2026-07-08 07:00:24', 1, 'Late Arrival', 'Completed');"
265,8702,2026-07-01 09:14:27,2,Incorrect Item,Completed,"INSERT INTO dbo.Returns (ReturnID, OrderDetailID, ReturnDate, ReturnQuantity, ReturnReason, ReturnStatus) VALUES (265, 8702, '2026-07-01 09:14:27', 2, 'Incorrect Item', 'Completed');"
266,8722,2024-01-28 04:21:55,1,Changed Mind,Rejected,"INSERT INTO dbo.Returns (ReturnID, OrderDetailID, ReturnDate, ReturnQuantity, ReturnReason, ReturnStatus) VALUES (266, 8722, '2024-01-28 04:21:55', 1, 'Changed Mind', 'Rejected');"
267,8755,2026-02-12 08:42:28,1,Incorrect Item,Approved,"INSERT INTO dbo.Returns (ReturnID, OrderDetailID, ReturnDate, ReturnQuantity, ReturnReason, ReturnStatus) VALUES (267, 8755, '2026-02-12 08:42:28', 1, 'Incorrect Item', 'Approved');"
268,8756,2026-02-14 08:42:28,3,Incorrect Item,Requested,"INSERT INTO dbo.Returns (ReturnID, OrderDetailID, ReturnDate, ReturnQuantity, ReturnReason, ReturnStatus) VALUES (268, 8756, '2026-02-14 08:42:28', 3, 'Incorrect Item', 'Requested');"
269,8791,2024-07-03 07:58:53,1,Incorrect Item,Rejected,"INSERT INTO dbo.Returns (ReturnID, OrderDetailID, ReturnDate, ReturnQuantity, ReturnReason, ReturnStatus) VALUES (269, 8791, '2024-07-03 07:58:53', 1, 'Incorrect Item', 'Rejected');"
270,8804,2026-08-07 19:15:38,2,Incorrect Item,Completed,"INSERT INTO dbo.Returns (ReturnID, OrderDetailID, ReturnDate, ReturnQuantity, ReturnReason, ReturnStatus) VALUES (270, 8804, '2026-08-07 19:15:38', 2, 'Incorrect Item', 'Completed');"
271,8814,2026-04-15 00:32:32,1,Defective,Approved,"INSERT INTO dbo.Returns (ReturnID, OrderDetailID, ReturnDate, ReturnQuantity, ReturnReason, ReturnStatus) VALUES (271, 8814, '2026-04-15 00:32:32', 1, 'Defective', 'Approved');"
272,8852,2026-09-02 16:52:54,1,Changed Mind,Completed,"INSERT INTO dbo.Returns (ReturnID, OrderDetailID, ReturnDate, ReturnQuantity, ReturnReason, ReturnStatus) VALUES (272, 8852, '2026-09-02 16:52:54', 1, 'Changed Mind', 'Completed');"
273,8878,2026-06-24 15:52:33,2,Changed Mind,Completed,"INSERT INTO dbo.Returns (ReturnID, OrderDetailID, ReturnDate, ReturnQuantity, ReturnReason, ReturnStatus) VALUES (273, 8878, '2026-06-24 15:52:33', 2, 'Changed Mind', 'Completed');"
274,8912,2025-08-10 21:59:05,2,Defective,Requested,"INSERT INTO dbo.Returns (ReturnID, OrderDetailID, ReturnDate, ReturnQuantity, ReturnReason, ReturnStatus) VALUES (274, 8912, '2025-08-10 21:59:05', 2, 'Defective', 'Requested');"
275,8949,2025-11-11 16:23:53,2,Incorrect Item,Approved,"INSERT INTO dbo.Returns (ReturnID, OrderDetailID, ReturnDate, ReturnQuantity, ReturnReason, ReturnStatus) VALUES (275, 8949, '2025-11-11 16:23:53', 2, 'Incorrect Item', 'Approved');"
276,8959,2026-01-23 02:24:43,1,Defective,Approved,"INSERT INTO dbo.Returns (ReturnID, OrderDetailID, ReturnDate, ReturnQuantity, ReturnReason, ReturnStatus) VALUES (276, 8959, '2026-01-23 02:24:43', 1, 'Defective', 'Approved');"
277,8997,2025-02-24 00:49:41,1,Late Arrival,Completed,"INSERT INTO dbo.Returns (ReturnID, OrderDetailID, ReturnDate, ReturnQuantity, ReturnReason, ReturnStatus) VALUES (277, 8997, '2025-02-24 00:49:41', 1, 'Late Arrival', 'Completed');"
278,9006,2025-07-25 13:41:18,1,Incorrect Item,Completed,"INSERT INTO dbo.Returns (ReturnID, OrderDetailID, ReturnDate, ReturnQuantity, ReturnReason, ReturnStatus) VALUES (278, 9006, '2025-07-25 13:41:18', 1, 'Incorrect Item', 'Completed');"
279,9078,2026-08-22 20:38:05,1,Changed Mind,Approved,"INSERT INTO dbo.Returns (ReturnID, OrderDetailID, ReturnDate, ReturnQuantity, ReturnReason, ReturnStatus) VALUES (279, 9078, '2026-08-22 20:38:05', 1, 'Changed Mind', 'Approved');"
280,9132,2026-08-20 02:00:42,1,Incorrect Item,Rejected,"INSERT INTO dbo.Returns (ReturnID, OrderDetailID, ReturnDate, ReturnQuantity, ReturnReason, ReturnStatus) VALUES (280, 9132, '2026-08-20 02:00:42', 1, 'Incorrect Item', 'Rejected');"
281,9169,2026-05-15 19:28:07,2,Defective,Approved,"INSERT INTO dbo.Returns (ReturnID, OrderDetailID, ReturnDate, ReturnQuantity, ReturnReason, ReturnStatus) VALUES (281, 9169, '2026-05-15 19:28:07', 2, 'Defective', 'Approved');"
282,9243,2026-08-11 15:46:50,2,Incorrect Item,Approved,"INSERT INTO dbo.Returns (ReturnID, OrderDetailID, ReturnDate, ReturnQuantity, ReturnReason, ReturnStatus) VALUES (282, 9243, '2026-08-11 15:46:50', 2, 'Incorrect Item', 'Approved');"
283,9337,2024-10-24 12:58:52,1,Changed Mind,Approved,"INSERT INTO dbo.Returns (ReturnID, OrderDetailID, ReturnDate, ReturnQuantity, ReturnReason, ReturnStatus) VALUES (283, 9337, '2024-10-24 12:58:52', 1, 'Changed Mind', 'Approved');"
284,9432,2025-03-04 23:35:56,2,Defective,Approved,"INSERT INTO dbo.Returns (ReturnID, OrderDetailID, ReturnDate, ReturnQuantity, ReturnReason, ReturnStatus) VALUES (284, 9432, '2025-03-04 23:35:56', 2, 'Defective', 'Approved');"
285,9438,2025-11-18 00:00:49,1,Changed Mind,Requested,"INSERT INTO dbo.Returns (ReturnID, OrderDetailID, ReturnDate, ReturnQuantity, ReturnReason, ReturnStatus) VALUES (285, 9438, '2025-11-18 00:00:49', 1, 'Changed Mind', 'Requested');"
286,9453,2026-06-27 08:27:05,3,Late Arrival,Completed,"INSERT INTO dbo.Returns (ReturnID, OrderDetailID, ReturnDate, ReturnQuantity, ReturnReason, ReturnStatus) VALUES (286, 9453, '2026-06-27 08:27:05', 3, 'Late Arrival', 'Completed');"
287,9456,2025-09-14 00:08:08,2,Changed Mind,Approved,"INSERT INTO dbo.Returns (ReturnID, OrderDetailID, ReturnDate, ReturnQuantity, ReturnReason, ReturnStatus) VALUES (287, 9456, '2025-09-14 00:08:08', 2, 'Changed Mind', 'Approved');"
288,9457,2025-09-12 00:08:08,2,Changed Mind,Rejected,"INSERT INTO dbo.Returns (ReturnID, OrderDetailID, ReturnDate, ReturnQuantity, ReturnReason, ReturnStatus) VALUES (288, 9457, '2025-09-12 00:08:08', 2, 'Changed Mind', 'Rejected');"
289,9527,2026-03-23 00:42:20,1,Defective,Completed,"INSERT INTO dbo.Returns (ReturnID, OrderDetailID, ReturnDate, ReturnQuantity, ReturnReason, ReturnStatus) VALUES (289, 9527, '2026-03-23 00:42:20', 1, 'Defective', 'Completed');"
290,9531,2026-06-05 17:24:43,1,Changed Mind,Requested,"INSERT INTO dbo.Returns (ReturnID, OrderDetailID, ReturnDate, ReturnQuantity, ReturnReason, ReturnStatus) VALUES (290, 9531, '2026-06-05 17:24:43', 1, 'Changed Mind', 'Requested');"
291,9568,2025-07-29 05:47:16,2,Defective,Rejected,"INSERT INTO dbo.Returns (ReturnID, OrderDetailID, ReturnDate, ReturnQuantity, ReturnReason, ReturnStatus) VALUES (291, 9568, '2025-07-29 05:47:16', 2, 'Defective', 'Rejected');"
292,9576,2026-07-23 00:26:01,1,Incorrect Item,Rejected,"INSERT INTO dbo.Returns (ReturnID, OrderDetailID, ReturnDate, ReturnQuantity, ReturnReason, ReturnStatus) VALUES (292, 9576, '2026-07-23 00:26:01', 1, 'Incorrect Item', 'Rejected');"
293,9628,2026-04-15 03:37:09,1,Incorrect Item,Completed,"INSERT INTO dbo.Returns (ReturnID, OrderDetailID, ReturnDate, ReturnQuantity, ReturnReason, ReturnStatus) VALUES (293, 9628, '2026-04-15 03:37:09', 1, 'Incorrect Item', 'Completed');"
294,9703,2025-07-16 08:59:49,1,Defective,Approved,"INSERT INTO dbo.Returns (ReturnID, OrderDetailID, ReturnDate, ReturnQuantity, ReturnReason, ReturnStatus) VALUES (294, 9703, '2025-07-16 08:59:49', 1, 'Defective', 'Approved');"
295,9751,2026-02-07 11:53:00,3,Late Arrival,Rejected,"INSERT INTO dbo.Returns (ReturnID, OrderDetailID, ReturnDate, ReturnQuantity, ReturnReason, ReturnStatus) VALUES (295, 9751, '2026-02-07 11:53:00', 3, 'Late Arrival', 'Rejected');"
296,9776,2026-07-14 15:20:10,1,Changed Mind,Rejected,"INSERT INTO dbo.Returns (ReturnID, OrderDetailID, ReturnDate, ReturnQuantity, ReturnReason, ReturnStatus) VALUES (296, 9776, '2026-07-14 15:20:10', 1, 'Changed Mind', 'Rejected');"
297,9783,2026-03-24 16:53:04,1,Defective,Approved,"INSERT INTO dbo.Returns (ReturnID, OrderDetailID, ReturnDate, ReturnQuantity, ReturnReason, ReturnStatus) VALUES (297, 9783, '2026-03-24 16:53:04', 1, 'Defective', 'Approved');"
298,9809,2026-07-30 05:45:40,1,Defective,Completed,"INSERT INTO dbo.Returns (ReturnID, OrderDetailID, ReturnDate, ReturnQuantity, ReturnReason, ReturnStatus) VALUES (298, 9809, '2026-07-30 05:45:40', 1, 'Defective', 'Completed');"
299,9820,2026-07-29 13:16:34,1,Incorrect Item,Completed,"INSERT INTO dbo.Returns (ReturnID, OrderDetailID, ReturnDate, ReturnQuantity, ReturnReason, ReturnStatus) VALUES (299, 9820, '2026-07-29 13:16:34', 1, 'Incorrect Item', 'Completed');"
300,9848,2024-05-02 23:11:25,1,Incorrect Item,Approved,"INSERT INTO dbo.Returns (ReturnID, OrderDetailID, ReturnDate, ReturnQuantity, ReturnReason, ReturnStatus) VALUES (300, 9848, '2024-05-02 23:11:25', 1, 'Incorrect Item', 'Approved');"
301,9877,2025-09-03 04:52:27,1,Late Arrival,Completed,"INSERT INTO dbo.Returns (ReturnID, OrderDetailID, ReturnDate, ReturnQuantity, ReturnReason, ReturnStatus) VALUES (301, 9877, '2025-09-03 04:52:27', 1, 'Late Arrival', 'Completed');"
302,9933,2025-09-11 09:23:10,1,Defective,Rejected,"INSERT INTO dbo.Returns (ReturnID, OrderDetailID, ReturnDate, ReturnQuantity, ReturnReason, ReturnStatus) VALUES (302, 9933, '2025-09-11 09:23:10', 1, 'Defective', 'Rejected');"
303,9946,2025-07-20 02:37:21,2,Changed Mind,Requested,"INSERT INTO dbo.Returns (ReturnID, OrderDetailID, ReturnDate, ReturnQuantity, ReturnReason, ReturnStatus) VALUES (303, 9946, '2025-07-20 02:37:21', 2, 'Changed Mind', 'Requested');"
304,10011,2026-08-12 01:33:22,3,Defective,Completed,"INSERT INTO dbo.Returns (ReturnID, OrderDetailID, ReturnDate, ReturnQuantity, ReturnReason, ReturnStatus) VALUES (304, 10011, '2026-08-12 01:33:22', 3, 'Defective', 'Completed');"
305,10046,2026-09-11 06:57:39,1,Changed Mind,Completed,"INSERT INTO dbo.Returns (ReturnID, OrderDetailID, ReturnDate, ReturnQuantity, ReturnReason, ReturnStatus) VALUES (305, 10046, '2026-09-11 06:57:39', 1, 'Changed Mind', 'Completed');"
306,10089,2026-03-21 00:26:08,1,Changed Mind,Completed,"INSERT INTO dbo.Returns (ReturnID, OrderDetailID, ReturnDate, ReturnQuantity, ReturnReason, ReturnStatus) VALUES (306, 10089, '2026-03-21 00:26:08', 1, 'Changed Mind', 'Completed');"
307,10102,2026-07-11 15:43:22,2,Incorrect Item,Requested,"INSERT INTO dbo.Returns (ReturnID, OrderDetailID, ReturnDate, ReturnQuantity, ReturnReason, ReturnStatus) VALUES (307, 10102, '2026-07-11 15:43:22', 2, 'Incorrect Item', 'Requested');"
308,10238,2024-05-11 03:09:43,1,Late Arrival,Rejected,"INSERT INTO dbo.Returns (ReturnID, OrderDetailID, ReturnDate, ReturnQuantity, ReturnReason, ReturnStatus) VALUES (308, 10238, '2024-05-11 03:09:43', 1, 'Late Arrival', 'Rejected');"
309,10254,2026-06-19 22:53:47,4,Incorrect Item,Completed,"INSERT INTO dbo.Returns (ReturnID, OrderDetailID, ReturnDate, ReturnQuantity, ReturnReason, ReturnStatus) VALUES (309, 10254, '2026-06-19 22:53:47', 4, 'Incorrect Item', 'Completed');"
310,10262,2025-05-31 12:24:59,1,Defective,Rejected,"INSERT INTO dbo.Returns (ReturnID, OrderDetailID, ReturnDate, ReturnQuantity, ReturnReason, ReturnStatus) VALUES (310, 10262, '2025-05-31 12:24:59', 1, 'Defective', 'Rejected');"
311,10276,2025-03-31 15:32:31,1,Defective,Completed,"INSERT INTO dbo.Returns (ReturnID, OrderDetailID, ReturnDate, ReturnQuantity, ReturnReason, ReturnStatus) VALUES (311, 10276, '2025-03-31 15:32:31', 1, 'Defective', 'Completed');"
312,10311,2025-02-15 19:36:15,1,Late Arrival,Completed,"INSERT INTO dbo.Returns (ReturnID, OrderDetailID, ReturnDate, ReturnQuantity, ReturnReason, ReturnStatus) VALUES (312, 10311, '2025-02-15 19:36:15', 1, 'Late Arrival', 'Completed');"
313,10316,2025-05-11 14:27:42,3,Defective,Rejected,"INSERT INTO dbo.Returns (ReturnID, OrderDetailID, ReturnDate, ReturnQuantity, ReturnReason, ReturnStatus) VALUES (313, 10316, '2025-05-11 14:27:42', 3, 'Defective', 'Rejected');"
314,10327,2025-03-28 23:48:55,1,Incorrect Item,Requested,"INSERT INTO dbo.Returns (ReturnID, OrderDetailID, ReturnDate, ReturnQuantity, ReturnReason, ReturnStatus) VALUES (314, 10327, '2025-03-28 23:48:55', 1, 'Incorrect Item', 'Requested');"
315,10413,2026-03-31 19:49:54,1,Changed Mind,Approved,"INSERT INTO dbo.Returns (ReturnID, OrderDetailID, ReturnDate, ReturnQuantity, ReturnReason, ReturnStatus) VALUES (315, 10413, '2026-03-31 19:49:54', 1, 'Changed Mind', 'Approved');"
316,10434,2026-01-03 20:22:49,1,Incorrect Item,Approved,"INSERT INTO dbo.Returns (ReturnID, OrderDetailID, ReturnDate, ReturnQuantity, ReturnReason, ReturnStatus) VALUES (316, 10434, '2026-01-03 20:22:49', 1, 'Incorrect Item', 'Approved');"
317,10457,2026-03-19 08:04:45,1,Changed Mind,Rejected,"INSERT INTO dbo.Returns (ReturnID, OrderDetailID, ReturnDate, ReturnQuantity, ReturnReason, ReturnStatus) VALUES (317, 10457, '2026-03-19 08:04:45', 1, 'Changed Mind', 'Rejected');"
318,10477,2024-09-30 20:11:22,1,Defective,Requested,"INSERT INTO dbo.Returns (ReturnID, OrderDetailID, ReturnDate, ReturnQuantity, ReturnReason, ReturnStatus) VALUES (318, 10477, '2024-09-30 20:11:22', 1, 'Defective', 'Requested');"
319,10503,2025-07-02 10:20:04,1,Defective,Completed,"INSERT INTO dbo.Returns (ReturnID, OrderDetailID, ReturnDate, ReturnQuantity, ReturnReason, ReturnStatus) VALUES (319, 10503, '2025-07-02 10:20:04', 1, 'Defective', 'Completed');"
320,10573,2024-10-19 10:05:08,1,Incorrect Item,Completed,"INSERT INTO dbo.Returns (ReturnID, OrderDetailID, ReturnDate, ReturnQuantity, ReturnReason, ReturnStatus) VALUES (320, 10573, '2024-10-19 10:05:08', 1, 'Incorrect Item', 'Completed');"
321,10663,2026-04-06 20:58:03,2,Changed Mind,Completed,"INSERT INTO dbo.Returns (ReturnID, OrderDetailID, ReturnDate, ReturnQuantity, ReturnReason, ReturnStatus) VALUES (321, 10663, '2026-04-06 20:58:03', 2, 'Changed Mind', 'Completed');"
322,10693,2025-06-17 15:09:44,1,Changed Mind,Approved,"INSERT INTO dbo.Returns (ReturnID, OrderDetailID, ReturnDate, ReturnQuantity, ReturnReason, ReturnStatus) VALUES (322, 10693, '2025-06-17 15:09:44', 1, 'Changed Mind', 'Approved');"
323,10735,2024-08-04 14:34:49,1,Changed Mind,Requested,"INSERT INTO dbo.Returns (ReturnID, OrderDetailID, ReturnDate, ReturnQuantity, ReturnReason, ReturnStatus) VALUES (323, 10735, '2024-08-04 14:34:49', 1, 'Changed Mind', 'Requested');"
324,10742,2026-05-03 15:03:05,1,Changed Mind,Approved,"INSERT INTO dbo.Returns (ReturnID, OrderDetailID, ReturnDate, ReturnQuantity, ReturnReason, ReturnStatus) VALUES (324, 10742, '2026-05-03 15:03:05', 1, 'Changed Mind', 'Approved');"
325,10745,2025-12-28 16:05:13,3,Changed Mind,Rejected,"INSERT INTO dbo.Returns (ReturnID, OrderDetailID, ReturnDate, ReturnQuantity, ReturnReason, ReturnStatus) VALUES (325, 10745, '2025-12-28 16:05:13', 3, 'Changed Mind', 'Rejected');"
326,10752,2025-11-15 16:40:37,1,Incorrect Item,Rejected,"INSERT INTO dbo.Returns (ReturnID, OrderDetailID, ReturnDate, ReturnQuantity, ReturnReason, ReturnStatus) VALUES (326, 10752, '2025-11-15 16:40:37', 1, 'Incorrect Item', 'Rejected');"
327,10777,2024-10-09 12:46:29,2,Incorrect Item,Completed,"INSERT INTO dbo.Returns (ReturnID, OrderDetailID, ReturnDate, ReturnQuantity, ReturnReason, ReturnStatus) VALUES (327, 10777, '2024-10-09 12:46:29', 2, 'Incorrect Item', 'Completed');"
328,10789,2026-03-14 13:15:56,1,Late Arrival,Requested,"INSERT INTO dbo.Returns (ReturnID, OrderDetailID, ReturnDate, ReturnQuantity, ReturnReason, ReturnStatus) VALUES (328, 10789, '2026-03-14 13:15:56', 1, 'Late Arrival', 'Requested');"
329,10790,2026-03-22 13:15:56,1,Defective,Approved,"INSERT INTO dbo.Returns (ReturnID, OrderDetailID, ReturnDate, ReturnQuantity, ReturnReason, ReturnStatus) VALUES (329, 10790, '2026-03-22 13:15:56', 1, 'Defective', 'Approved');"
330,10794,2025-03-26 02:56:05,1,Changed Mind,Approved,"INSERT INTO dbo.Returns (ReturnID, OrderDetailID, ReturnDate, ReturnQuantity, ReturnReason, ReturnStatus) VALUES (330, 10794, '2025-03-26 02:56:05', 1, 'Changed Mind', 'Approved');"
331,10810,2026-06-03 02:33:04,2,Defective,Rejected,"INSERT INTO dbo.Returns (ReturnID, OrderDetailID, ReturnDate, ReturnQuantity, ReturnReason, ReturnStatus) VALUES (331, 10810, '2026-06-03 02:33:04', 2, 'Defective', 'Rejected');"
332,10824,2026-09-13 22:41:14,3,Incorrect Item,Requested,"INSERT INTO dbo.Returns (ReturnID, OrderDetailID, ReturnDate, ReturnQuantity, ReturnReason, ReturnStatus) VALUES (332, 10824, '2026-09-13 22:41:14', 3, 'Incorrect Item', 'Requested');"
333,10837,2026-09-02 12:12:15,1,Late Arrival,Rejected,"INSERT INTO dbo.Returns (ReturnID, OrderDetailID, ReturnDate, ReturnQuantity, ReturnReason, ReturnStatus) VALUES (333, 10837, '2026-09-02 12:12:15', 1, 'Late Arrival', 'Rejected');"
334,10853,2025-01-04 06:32:51,1,Incorrect Item,Rejected,"INSERT INTO dbo.Returns (ReturnID, OrderDetailID, ReturnDate, ReturnQuantity, ReturnReason, ReturnStatus) VALUES (334, 10853, '2025-01-04 06:32:51', 1, 'Incorrect Item', 'Rejected');"
335,10898,2024-12-03 10:30:14,1,Incorrect Item,Approved,"INSERT INTO dbo.Returns (ReturnID, OrderDetailID, ReturnDate, ReturnQuantity, ReturnReason, ReturnStatus) VALUES (335, 10898, '2024-12-03 10:30:14', 1, 'Incorrect Item', 'Approved');"
336,10947,2026-06-03 16:38:51,2,Incorrect Item,Requested,"INSERT INTO dbo.Returns (ReturnID, OrderDetailID, ReturnDate, ReturnQuantity, ReturnReason, ReturnStatus) VALUES (336, 10947, '2026-06-03 16:38:51', 2, 'Incorrect Item', 'Requested');"
337,10982,2024-07-23 22:58:23,1,Defective,Approved,"INSERT INTO dbo.Returns (ReturnID, OrderDetailID, ReturnDate, ReturnQuantity, ReturnReason, ReturnStatus) VALUES (337, 10982, '2024-07-23 22:58:23', 1, 'Defective', 'Approved');"
338,11025,2026-04-10 10:21:31,3,Late Arrival,Requested,"INSERT INTO dbo.Returns (ReturnID, OrderDetailID, ReturnDate, ReturnQuantity, ReturnReason, ReturnStatus) VALUES (338, 11025, '2026-04-10 10:21:31', 3, 'Late Arrival', 'Requested');"
339,11040,2026-01-26 21:27:11,1,Changed Mind,Approved,"INSERT INTO dbo.Returns (ReturnID, OrderDetailID, ReturnDate, ReturnQuantity, ReturnReason, ReturnStatus) VALUES (339, 11040, '2026-01-26 21:27:11', 1, 'Changed Mind', 'Approved');"
340,11070,2026-05-30 03:31:14,1,Incorrect Item,Requested,"INSERT INTO dbo.Returns (ReturnID, OrderDetailID, ReturnDate, ReturnQuantity, ReturnReason, ReturnStatus) VALUES (340, 11070, '2026-05-30 03:31:14', 1, 'Incorrect Item', 'Requested');"
341,11090,2025-11-28 00:23:10,1,Changed Mind,Requested,"INSERT INTO dbo.Returns (ReturnID, OrderDetailID, ReturnDate, ReturnQuantity, ReturnReason, ReturnStatus) VALUES (341, 11090, '2025-11-28 00:23:10', 1, 'Changed Mind', 'Requested');"
342,11141,2025-03-29 06:31:12,1,Incorrect Item,Rejected,"INSERT INTO dbo.Returns (ReturnID, OrderDetailID, ReturnDate, ReturnQuantity, ReturnReason, ReturnStatus) VALUES (342, 11141, '2025-03-29 06:31:12', 1, 'Incorrect Item', 'Rejected');"
343,11147,2026-09-14 21:04:28,5,Defective,Completed,"INSERT INTO dbo.Returns (ReturnID, OrderDetailID, ReturnDate, ReturnQuantity, ReturnReason, ReturnStatus) VALUES (343, 11147, '2026-09-14 21:04:28', 5, 'Defective', 'Completed');"
344,11162,2026-06-08 13:19:49,1,Defective,Completed,"INSERT INTO dbo.Returns (ReturnID, OrderDetailID, ReturnDate, ReturnQuantity, ReturnReason, ReturnStatus) VALUES (344, 11162, '2026-06-08 13:19:49', 1, 'Defective', 'Completed');"
345,11196,2026-09-09 00:23:19,1,Incorrect Item,Rejected,"INSERT INTO dbo.Returns (ReturnID, OrderDetailID, ReturnDate, ReturnQuantity, ReturnReason, ReturnStatus) VALUES (345, 11196, '2026-09-09 00:23:19', 1, 'Incorrect Item', 'Rejected');"
346,11201,2026-07-11 21:19:53,1,Incorrect Item,Rejected,"INSERT INTO dbo.Returns (ReturnID, OrderDetailID, ReturnDate, ReturnQuantity, ReturnReason, ReturnStatus) VALUES (346, 11201, '2026-07-11 21:19:53', 1, 'Incorrect Item', 'Rejected');"
347,11226,2026-05-24 00:09:10,1,Changed Mind,Approved,"INSERT INTO dbo.Returns (ReturnID, OrderDetailID, ReturnDate, ReturnQuantity, ReturnReason, ReturnStatus) VALUES (347, 11226, '2026-05-24 00:09:10', 1, 'Changed Mind', 'Approved');"
348,11299,2026-01-18 08:49:25,1,Incorrect Item,Approved,"INSERT INTO dbo.Returns (ReturnID, OrderDetailID, ReturnDate, ReturnQuantity, ReturnReason, ReturnStatus) VALUES (348, 11299, '2026-01-18 08:49:25', 1, 'Incorrect Item', 'Approved');"
349,11320,2025-09-26 16:55:26,2,Defective,Requested,"INSERT INTO dbo.Returns (ReturnID, OrderDetailID, ReturnDate, ReturnQuantity, ReturnReason, ReturnStatus) VALUES (349, 11320, '2025-09-26 16:55:26', 2, 'Defective', 'Requested');"
350,11343,2025-09-24 22:30:17,1,Defective,Requested,"INSERT INTO dbo.Returns (ReturnID, OrderDetailID, ReturnDate, ReturnQuantity, ReturnReason, ReturnStatus) VALUES (350, 11343, '2025-09-24 22:30:17', 1, 'Defective', 'Requested');"
351,11361,2025-11-07 02:41:34,2,Changed Mind,Approved,"INSERT INTO dbo.Returns (ReturnID, OrderDetailID, ReturnDate, ReturnQuantity, ReturnReason, ReturnStatus) VALUES (351, 11361, '2025-11-07 02:41:34', 2, 'Changed Mind', 'Approved');"
352,11377,2026-08-17 09:46:42,1,Incorrect Item,Approved,"INSERT INTO dbo.Returns (ReturnID, OrderDetailID, ReturnDate, ReturnQuantity, ReturnReason, ReturnStatus) VALUES (352, 11377, '2026-08-17 09:46:42', 1, 'Incorrect Item', 'Approved');"
353,11494,2025-10-09 21:12:55,1,Changed Mind,Rejected,"INSERT INTO dbo.Returns (ReturnID, OrderDetailID, ReturnDate, ReturnQuantity, ReturnReason, ReturnStatus) VALUES (353, 11494, '2025-10-09 21:12:55', 1, 'Changed Mind', 'Rejected');"
354,11525,2026-07-21 12:40:17,1,Changed Mind,Completed,"INSERT INTO dbo.Returns (ReturnID, OrderDetailID, ReturnDate, ReturnQuantity, ReturnReason, ReturnStatus) VALUES (354, 11525, '2026-07-21 12:40:17', 1, 'Changed Mind', 'Completed');"
355,11531,2024-09-12 01:22:00,1,Defective,Approved,"INSERT INTO dbo.Returns (ReturnID, OrderDetailID, ReturnDate, ReturnQuantity, ReturnReason, ReturnStatus) VALUES (355, 11531, '2024-09-12 01:22:00', 1, 'Defective', 'Approved');"
356,11549,2025-10-13 15:06:46,2,Changed Mind,Requested,"INSERT INTO dbo.Returns (ReturnID, OrderDetailID, ReturnDate, ReturnQuantity, ReturnReason, ReturnStatus) VALUES (356, 11549, '2025-10-13 15:06:46', 2, 'Changed Mind', 'Requested');"
357,11561,2026-06-15 19:24:11,1,Incorrect Item,Completed,"INSERT INTO dbo.Returns (ReturnID, OrderDetailID, ReturnDate, ReturnQuantity, ReturnReason, ReturnStatus) VALUES (357, 11561, '2026-06-15 19:24:11', 1, 'Incorrect Item', 'Completed');"
358,11675,2026-08-05 10:58:32,1,Defective,Requested,"INSERT INTO dbo.Returns (ReturnID, OrderDetailID, ReturnDate, ReturnQuantity, ReturnReason, ReturnStatus) VALUES (358, 11675, '2026-08-05 10:58:32', 1, 'Defective', 'Requested');"
359,11720,2026-03-25 21:23:16,1,Defective,Completed,"INSERT INTO dbo.Returns (ReturnID, OrderDetailID, ReturnDate, ReturnQuantity, ReturnReason, ReturnStatus) VALUES (359, 11720, '2026-03-25 21:23:16', 1, 'Defective', 'Completed');"
360,11785,2026-05-27 17:09:08,1,Incorrect Item,Requested,"INSERT INTO dbo.Returns (ReturnID, OrderDetailID, ReturnDate, ReturnQuantity, ReturnReason, ReturnStatus) VALUES (360, 11785, '2026-05-27 17:09:08', 1, 'Incorrect Item', 'Requested');"
361,11816,2025-10-01 08:34:52,1,Late Arrival,Approved,"INSERT INTO dbo.Returns (ReturnID, OrderDetailID, ReturnDate, ReturnQuantity, ReturnReason, ReturnStatus) VALUES (361, 11816, '2025-10-01 08:34:52', 1, 'Late Arrival', 'Approved');"
362,11830,2026-03-26 14:31:12,1,Incorrect Item,Approved,"INSERT INTO dbo.Returns (ReturnID, OrderDetailID, ReturnDate, ReturnQuantity, ReturnReason, ReturnStatus) VALUES (362, 11830, '2026-03-26 14:31:12', 1, 'Incorrect Item', 'Approved');"
363,11898,2026-08-16 06:51:54,1,Changed Mind,Rejected,"INSERT INTO dbo.Returns (ReturnID, OrderDetailID, ReturnDate, ReturnQuantity, ReturnReason, ReturnStatus) VALUES (363, 11898, '2026-08-16 06:51:54', 1, 'Changed Mind', 'Rejected');"
364,11912,2024-04-13 05:44:48,1,Defective,Requested,"INSERT INTO dbo.Returns (ReturnID, OrderDetailID, ReturnDate, ReturnQuantity, ReturnReason, ReturnStatus) VALUES (364, 11912, '2024-04-13 05:44:48', 1, 'Defective', 'Requested');"
365,11915,2025-06-17 21:31:53,1,Changed Mind,Rejected,"INSERT INTO dbo.Returns (ReturnID, OrderDetailID, ReturnDate, ReturnQuantity, ReturnReason, ReturnStatus) VALUES (365, 11915, '2025-06-17 21:31:53', 1, 'Changed Mind', 'Rejected');"
366,11922,2025-10-27 08:49:23,1,Changed Mind,Requested,"INSERT INTO dbo.Returns (ReturnID, OrderDetailID, ReturnDate, ReturnQuantity, ReturnReason, ReturnStatus) VALUES (366, 11922, '2025-10-27 08:49:23', 1, 'Changed Mind', 'Requested');"
367,12020,2026-07-25 23:44:07,1,Changed Mind,Completed,"INSERT INTO dbo.Returns (ReturnID, OrderDetailID, ReturnDate, ReturnQuantity, ReturnReason, ReturnStatus) VALUES (367, 12020, '2026-07-25 23:44:07', 1, 'Changed Mind', 'Completed');"
368,12038,2026-09-14 08:19:36,1,Changed Mind,Requested,"INSERT INTO dbo.Returns (ReturnID, OrderDetailID, ReturnDate, ReturnQuantity, ReturnReason, ReturnStatus) VALUES (368, 12038, '2026-09-14 08:19:36', 1, 'Changed Mind', 'Requested');"
369,12053,2025-04-25 17:11:00,1,Changed Mind,Rejected,"INSERT INTO dbo.Returns (ReturnID, OrderDetailID, ReturnDate, ReturnQuantity, ReturnReason, ReturnStatus) VALUES (369, 12053, '2025-04-25 17:11:00', 1, 'Changed Mind', 'Rejected');"
370,12090,2026-07-03 18:10:28,1,Changed Mind,Completed,"INSERT INTO dbo.Returns (ReturnID, OrderDetailID, ReturnDate, ReturnQuantity, ReturnReason, ReturnStatus) VALUES (370, 12090, '2026-07-03 18:10:28', 1, 'Changed Mind', 'Completed');"
371,12119,2026-05-17 12:23:45,1,Defective,Approved,"INSERT INTO dbo.Returns (ReturnID, OrderDetailID, ReturnDate, ReturnQuantity, ReturnReason, ReturnStatus) VALUES (371, 12119, '2026-05-17 12:23:45', 1, 'Defective', 'Approved');"
372,12138,2024-11-16 20:57:00,1,Changed Mind,Completed,"INSERT INTO dbo.Returns (ReturnID, OrderDetailID, ReturnDate, ReturnQuantity, ReturnReason, ReturnStatus) VALUES (372, 12138, '2024-11-16 20:57:00', 1, 'Changed Mind', 'Completed');"
373,12140,2024-10-02 00:01:04,1,Defective,Completed,"INSERT INTO dbo.Returns (ReturnID, OrderDetailID, ReturnDate, ReturnQuantity, ReturnReason, ReturnStatus) VALUES (373, 12140, '2024-10-02 00:01:04', 1, 'Defective', 'Completed');"
374,12150,2026-05-05 14:30:57,1,Late Arrival,Completed,"INSERT INTO dbo.Returns (ReturnID, OrderDetailID, ReturnDate, ReturnQuantity, ReturnReason, ReturnStatus) VALUES (374, 12150, '2026-05-05 14:30:57', 1, 'Late Arrival', 'Completed');"
375,12188,2026-07-28 08:49:25,1,Defective,Rejected,"INSERT INTO dbo.Returns (ReturnID, OrderDetailID, ReturnDate, ReturnQuantity, ReturnReason, ReturnStatus) VALUES (375, 12188, '2026-07-28 08:49:25', 1, 'Defective', 'Rejected');"
376,12189,2026-04-14 20:35:33,1,Late Arrival,Requested,"INSERT INTO dbo.Returns (ReturnID, OrderDetailID, ReturnDate, ReturnQuantity, ReturnReason, ReturnStatus) VALUES (376, 12189, '2026-04-14 20:35:33', 1, 'Late Arrival', 'Requested');"
377,12203,2026-02-07 04:16:37,1,Defective,Requested,"INSERT INTO dbo.Returns (ReturnID, OrderDetailID, ReturnDate, ReturnQuantity, ReturnReason, ReturnStatus) VALUES (377, 12203, '2026-02-07 04:16:37', 1, 'Defective', 'Requested');"
378,12268,2026-08-03 07:44:17,1,Late Arrival,Approved,"INSERT INTO dbo.Returns (ReturnID, OrderDetailID, ReturnDate, ReturnQuantity, ReturnReason, ReturnStatus) VALUES (378, 12268, '2026-08-03 07:44:17', 1, 'Late Arrival', 'Approved');"
379,12289,2026-08-26 06:43:07,1,Changed Mind,Completed,"INSERT INTO dbo.Returns (ReturnID, OrderDetailID, ReturnDate, ReturnQuantity, ReturnReason, ReturnStatus) VALUES (379, 12289, '2026-08-26 06:43:07', 1, 'Changed Mind', 'Completed');"
380,12294,2026-01-27 06:47:05,1,Incorrect Item,Requested,"INSERT INTO dbo.Returns (ReturnID, OrderDetailID, ReturnDate, ReturnQuantity, ReturnReason, ReturnStatus) VALUES (380, 12294, '2026-01-27 06:47:05', 1, 'Incorrect Item', 'Requested');"
381,12295,2026-01-28 06:47:05,1,Defective,Requested,"INSERT INTO dbo.Returns (ReturnID, OrderDetailID, ReturnDate, ReturnQuantity, ReturnReason, ReturnStatus) VALUES (381, 12295, '2026-01-28 06:47:05', 1, 'Defective', 'Requested');"
382,12385,2024-10-03 22:08:48,2,Incorrect Item,Completed,"INSERT INTO dbo.Returns (ReturnID, OrderDetailID, ReturnDate, ReturnQuantity, ReturnReason, ReturnStatus) VALUES (382, 12385, '2024-10-03 22:08:48', 2, 'Incorrect Item', 'Completed');"
383,12410,2026-04-01 23:58:47,1,Incorrect Item,Requested,"INSERT INTO dbo.Returns (ReturnID, OrderDetailID, ReturnDate, ReturnQuantity, ReturnReason, ReturnStatus) VALUES (383, 12410, '2026-04-01 23:58:47', 1, 'Incorrect Item', 'Requested');"
384,12448,2025-07-29 05:57:15,1,Incorrect Item,Approved,"INSERT INTO dbo.Returns (ReturnID, OrderDetailID, ReturnDate, ReturnQuantity, ReturnReason, ReturnStatus) VALUES (384, 12448, '2025-07-29 05:57:15', 1, 'Incorrect Item', 'Approved');"
385,12461,2026-07-19 07:03:18,1,Defective,Rejected,"INSERT INTO dbo.Returns (ReturnID, OrderDetailID, ReturnDate, ReturnQuantity, ReturnReason, ReturnStatus) VALUES (385, 12461, '2026-07-19 07:03:18', 1, 'Defective', 'Rejected');"
386,12479,2024-10-22 05:00:06,1,Incorrect Item,Rejected,"INSERT INTO dbo.Returns (ReturnID, OrderDetailID, ReturnDate, ReturnQuantity, ReturnReason, ReturnStatus) VALUES (386, 12479, '2024-10-22 05:00:06', 1, 'Incorrect Item', 'Rejected');"
387,12488,2026-04-20 23:11:41,1,Incorrect Item,Completed,"INSERT INTO dbo.Returns (ReturnID, OrderDetailID, ReturnDate, ReturnQuantity, ReturnReason, ReturnStatus) VALUES (387, 12488, '2026-04-20 23:11:41', 1, 'Incorrect Item', 'Completed');"
388,12530,2025-04-17 05:30:15,1,Late Arrival,Requested,"INSERT INTO dbo.Returns (ReturnID, OrderDetailID, ReturnDate, ReturnQuantity, ReturnReason, ReturnStatus) VALUES (388, 12530, '2025-04-17 05:30:15', 1, 'Late Arrival', 'Requested');"
389,12538,2026-06-18 12:39:21,3,Changed Mind,Approved,"INSERT INTO dbo.Returns (ReturnID, OrderDetailID, ReturnDate, ReturnQuantity, ReturnReason, ReturnStatus) VALUES (389, 12538, '2026-06-18 12:39:21', 3, 'Changed Mind', 'Approved');"
390,12573,2026-01-22 18:51:26,1,Late Arrival,Rejected,"INSERT INTO dbo.Returns (ReturnID, OrderDetailID, ReturnDate, ReturnQuantity, ReturnReason, ReturnStatus) VALUES (390, 12573, '2026-01-22 18:51:26', 1, 'Late Arrival', 'Rejected');"
391,12576,2026-06-03 05:02:15,1,Late Arrival,Completed,"INSERT INTO dbo.Returns (ReturnID, OrderDetailID, ReturnDate, ReturnQuantity, ReturnReason, ReturnStatus) VALUES (391, 12576, '2026-06-03 05:02:15', 1, 'Late Arrival', 'Completed');"
392,12593,2025-12-23 13:41:13,1,Incorrect Item,Approved,"INSERT INTO dbo.Returns (ReturnID, OrderDetailID, ReturnDate, ReturnQuantity, ReturnReason, ReturnStatus) VALUES (392, 12593, '2025-12-23 13:41:13', 1, 'Incorrect Item', 'Approved');"
393,12638,2025-08-09 20:07:35,1,Defective,Requested,"INSERT INTO dbo.Returns (ReturnID, OrderDetailID, ReturnDate, ReturnQuantity, ReturnReason, ReturnStatus) VALUES (393, 12638, '2025-08-09 20:07:35', 1, 'Defective', 'Requested');"
394,12686,2026-07-14 20:36:52,3,Defective,Requested,"INSERT INTO dbo.Returns (ReturnID, OrderDetailID, ReturnDate, ReturnQuantity, ReturnReason, ReturnStatus) VALUES (394, 12686, '2026-07-14 20:36:52', 3, 'Defective', 'Requested');"
395,12693,2026-02-16 04:14:06,1,Late Arrival,Rejected,"INSERT INTO dbo.Returns (ReturnID, OrderDetailID, ReturnDate, ReturnQuantity, ReturnReason, ReturnStatus) VALUES (395, 12693, '2026-02-16 04:14:06', 1, 'Late Arrival', 'Rejected');"
396,12714,2025-11-22 17:17:59,1,Defective,Completed,"INSERT INTO dbo.Returns (ReturnID, OrderDetailID, ReturnDate, ReturnQuantity, ReturnReason, ReturnStatus) VALUES (396, 12714, '2025-11-22 17:17:59', 1, 'Defective', 'Completed');"
397,12719,2025-09-10 13:09:07,1,Defective,Completed,"INSERT INTO dbo.Returns (ReturnID, OrderDetailID, ReturnDate, ReturnQuantity, ReturnReason, ReturnStatus) VALUES (397, 12719, '2025-09-10 13:09:07', 1, 'Defective', 'Completed');"
398,12794,2025-03-28 05:24:04,1,Late Arrival,Approved,"INSERT INTO dbo.Returns (ReturnID, OrderDetailID, ReturnDate, ReturnQuantity, ReturnReason, ReturnStatus) VALUES (398, 12794, '2025-03-28 05:24:04', 1, 'Late Arrival', 'Approved');"
399,12856,2026-09-06 01:30:35,1,Defective,Completed,"INSERT INTO dbo.Returns (ReturnID, OrderDetailID, ReturnDate, ReturnQuantity, ReturnReason, ReturnStatus) VALUES (399, 12856, '2026-09-06 01:30:35', 1, 'Defective', 'Completed');"
400,12920,2026-06-10 00:04:52,1,Changed Mind,Completed,"INSERT INTO dbo.Returns (ReturnID, OrderDetailID, ReturnDate, ReturnQuantity, ReturnReason, ReturnStatus) VALUES (400, 12920, '2026-06-10 00:04:52', 1, 'Changed Mind', 'Completed');"
401,12933,2024-04-20 20:47:57,1,Defective,Completed,"INSERT INTO dbo.Returns (ReturnID, OrderDetailID, ReturnDate, ReturnQuantity, ReturnReason, ReturnStatus) VALUES (401, 12933, '2024-04-20 20:47:57', 1, 'Defective', 'Completed');"
402,12953,2025-11-12 00:07:26,1,Changed Mind,Requested,"INSERT INTO dbo.Returns (ReturnID, OrderDetailID, ReturnDate, ReturnQuantity, ReturnReason, ReturnStatus) VALUES (402, 12953, '2025-11-12 00:07:26', 1, 'Changed Mind', 'Requested');"
403,12959,2026-07-23 14:27:55,1,Late Arrival,Requested,"INSERT INTO dbo.Returns (ReturnID, OrderDetailID, ReturnDate, ReturnQuantity, ReturnReason, ReturnStatus) VALUES (403, 12959, '2026-07-23 14:27:55', 1, 'Late Arrival', 'Requested');"
404,12961,2026-07-26 14:27:55,1,Changed Mind,Rejected,"INSERT INTO dbo.Returns (ReturnID, OrderDetailID, ReturnDate, ReturnQuantity, ReturnReason, ReturnStatus) VALUES (404, 12961, '2026-07-26 14:27:55', 1, 'Changed Mind', 'Rejected');"
405,12988,2026-06-26 01:42:53,1,Incorrect Item,Completed,"INSERT INTO dbo.Returns (ReturnID, OrderDetailID, ReturnDate, ReturnQuantity, ReturnReason, ReturnStatus) VALUES (405, 12988, '2026-06-26 01:42:53', 1, 'Incorrect Item', 'Completed');"
406,13023,2026-08-08 04:11:18,1,Incorrect Item,Rejected,"INSERT INTO dbo.Returns (ReturnID, OrderDetailID, ReturnDate, ReturnQuantity, ReturnReason, ReturnStatus) VALUES (406, 13023, '2026-08-08 04:11:18', 1, 'Incorrect Item', 'Rejected');"
407,13046,2026-02-07 16:55:52,1,Changed Mind,Approved,"INSERT INTO dbo.Returns (ReturnID, OrderDetailID, ReturnDate, ReturnQuantity, ReturnReason, ReturnStatus) VALUES (407, 13046, '2026-02-07 16:55:52', 1, 'Changed Mind', 'Approved');"
408,13053,2026-09-09 06:14:23,1,Late Arrival,Rejected,"INSERT INTO dbo.Returns (ReturnID, OrderDetailID, ReturnDate, ReturnQuantity, ReturnReason, ReturnStatus) VALUES (408, 13053, '2026-09-09 06:14:23', 1, 'Late Arrival', 'Rejected');"
409,13065,2026-02-10 05:13:32,1,Changed Mind,Approved,"INSERT INTO dbo.Returns (ReturnID, OrderDetailID, ReturnDate, ReturnQuantity, ReturnReason, ReturnStatus) VALUES (409, 13065, '2026-02-10 05:13:32', 1, 'Changed Mind', 'Approved');"
410,13067,2025-08-11 23:20:20,1,Late Arrival,Rejected,"INSERT INTO dbo.Returns (ReturnID, OrderDetailID, ReturnDate, ReturnQuantity, ReturnReason, ReturnStatus) VALUES (410, 13067, '2025-08-11 23:20:20', 1, 'Late Arrival', 'Rejected');"
411,13088,2025-11-28 06:44:44,1,Late Arrival,Rejected,"INSERT INTO dbo.Returns (ReturnID, OrderDetailID, ReturnDate, ReturnQuantity, ReturnReason, ReturnStatus) VALUES (411, 13088, '2025-11-28 06:44:44', 1, 'Late Arrival', 'Rejected');"
412,13179,2026-07-28 17:55:40,1,Defective,Completed,"INSERT INTO dbo.Returns (ReturnID, OrderDetailID, ReturnDate, ReturnQuantity, ReturnReason, ReturnStatus) VALUES (412, 13179, '2026-07-28 17:55:40', 1, 'Defective', 'Completed');"
413,13224,2026-03-01 08:50:44,1,Defective,Rejected,"INSERT INTO dbo.Returns (ReturnID, OrderDetailID, ReturnDate, ReturnQuantity, ReturnReason, ReturnStatus) VALUES (413, 13224, '2026-03-01 08:50:44', 1, 'Defective', 'Rejected');"
414,13361,2025-02-27 06:58:42,1,Changed Mind,Approved,"INSERT INTO dbo.Returns (ReturnID, OrderDetailID, ReturnDate, ReturnQuantity, ReturnReason, ReturnStatus) VALUES (414, 13361, '2025-02-27 06:58:42', 1, 'Changed Mind', 'Approved');"
415,13376,2026-09-02 15:08:36,2,Changed Mind,Completed,"INSERT INTO dbo.Returns (ReturnID, OrderDetailID, ReturnDate, ReturnQuantity, ReturnReason, ReturnStatus) VALUES (415, 13376, '2026-09-02 15:08:36', 2, 'Changed Mind', 'Completed');"
416,13411,2026-05-30 14:07:49,1,Defective,Requested,"INSERT INTO dbo.Returns (ReturnID, OrderDetailID, ReturnDate, ReturnQuantity, ReturnReason, ReturnStatus) VALUES (416, 13411, '2026-05-30 14:07:49', 1, 'Defective', 'Requested');"
417,13466,2026-06-16 06:00:52,1,Changed Mind,Requested,"INSERT INTO dbo.Returns (ReturnID, OrderDetailID, ReturnDate, ReturnQuantity, ReturnReason, ReturnStatus) VALUES (417, 13466, '2026-06-16 06:00:52', 1, 'Changed Mind', 'Requested');"
418,13521,2025-12-14 11:35:34,1,Incorrect Item,Completed,"INSERT INTO dbo.Returns (ReturnID, OrderDetailID, ReturnDate, ReturnQuantity, ReturnReason, ReturnStatus) VALUES (418, 13521, '2025-12-14 11:35:34', 1, 'Incorrect Item', 'Completed');"
419,13570,2025-05-02 16:45:54,1,Incorrect Item,Rejected,"INSERT INTO dbo.Returns (ReturnID, OrderDetailID, ReturnDate, ReturnQuantity, ReturnReason, ReturnStatus) VALUES (419, 13570, '2025-05-02 16:45:54', 1, 'Incorrect Item', 'Rejected');"
420,13586,2026-09-05 02:58:43,1,Incorrect Item,Rejected,"INSERT INTO dbo.Returns (ReturnID, OrderDetailID, ReturnDate, ReturnQuantity, ReturnReason, ReturnStatus) VALUES (420, 13586, '2026-09-05 02:58:43', 1, 'Incorrect Item', 'Rejected');"
421,13588,2026-01-12 02:47:25,1,Changed Mind,Requested,"INSERT INTO dbo.Returns (ReturnID, OrderDetailID, ReturnDate, ReturnQuantity, ReturnReason, ReturnStatus) VALUES (421, 13588, '2026-01-12 02:47:25', 1, 'Changed Mind', 'Requested');"
422,13637,2025-07-22 11:32:04,1,Changed Mind,Completed,"INSERT INTO dbo.Returns (ReturnID, OrderDetailID, ReturnDate, ReturnQuantity, ReturnReason, ReturnStatus) VALUES (422, 13637, '2025-07-22 11:32:04', 1, 'Changed Mind', 'Completed');"
423,13684,2024-05-26 15:13:34,1,Defective,Rejected,"INSERT INTO dbo.Returns (ReturnID, OrderDetailID, ReturnDate, ReturnQuantity, ReturnReason, ReturnStatus) VALUES (423, 13684, '2024-05-26 15:13:34', 1, 'Defective', 'Rejected');"
424,13706,2026-08-13 15:59:40,1,Defective,Completed,"INSERT INTO dbo.Returns (ReturnID, OrderDetailID, ReturnDate, ReturnQuantity, ReturnReason, ReturnStatus) VALUES (424, 13706, '2026-08-13 15:59:40', 1, 'Defective', 'Completed');"
425,13719,2024-09-26 05:30:13,2,Incorrect Item,Approved,"INSERT INTO dbo.Returns (ReturnID, OrderDetailID, ReturnDate, ReturnQuantity, ReturnReason, ReturnStatus) VALUES (425, 13719, '2024-09-26 05:30:13', 2, 'Incorrect Item', 'Approved');"
426,13731,2026-08-30 01:12:58,1,Late Arrival,Completed,"INSERT INTO dbo.Returns (ReturnID, OrderDetailID, ReturnDate, ReturnQuantity, ReturnReason, ReturnStatus) VALUES (426, 13731, '2026-08-30 01:12:58', 1, 'Late Arrival', 'Completed');"
427,13772,2025-08-05 06:14:45,1,Late Arrival,Approved,"INSERT INTO dbo.Returns (ReturnID, OrderDetailID, ReturnDate, ReturnQuantity, ReturnReason, ReturnStatus) VALUES (427, 13772, '2025-08-05 06:14:45', 1, 'Late Arrival', 'Approved');"
428,13810,2025-12-18 06:32:15,1,Incorrect Item,Requested,"INSERT INTO dbo.Returns (ReturnID, OrderDetailID, ReturnDate, ReturnQuantity, ReturnReason, ReturnStatus) VALUES (428, 13810, '2025-12-18 06:32:15', 1, 'Incorrect Item', 'Requested');"
429,13889,2025-11-12 09:50:02,1,Late Arrival,Rejected,"INSERT INTO dbo.Returns (ReturnID, OrderDetailID, ReturnDate, ReturnQuantity, ReturnReason, ReturnStatus) VALUES (429, 13889, '2025-11-12 09:50:02', 1, 'Late Arrival', 'Rejected');"
430,13919,2026-02-12 09:25:08,1,Defective,Approved,"INSERT INTO dbo.Returns (ReturnID, OrderDetailID, ReturnDate, ReturnQuantity, ReturnReason, ReturnStatus) VALUES (430, 13919, '2026-02-12 09:25:08', 1, 'Defective', 'Approved');"
431,13929,2026-07-23 12:15:37,1,Defective,Rejected,"INSERT INTO dbo.Returns (ReturnID, OrderDetailID, ReturnDate, ReturnQuantity, ReturnReason, ReturnStatus) VALUES (431, 13929, '2026-07-23 12:15:37', 1, 'Defective', 'Rejected');"
432,13932,2026-07-23 03:44:44,1,Late Arrival,Rejected,"INSERT INTO dbo.Returns (ReturnID, OrderDetailID, ReturnDate, ReturnQuantity, ReturnReason, ReturnStatus) VALUES (432, 13932, '2026-07-23 03:44:44', 1, 'Late Arrival', 'Rejected');"
433,13946,2025-08-14 08:17:03,2,Defective,Requested,"INSERT INTO dbo.Returns (ReturnID, OrderDetailID, ReturnDate, ReturnQuantity, ReturnReason, ReturnStatus) VALUES (433, 13946, '2025-08-14 08:17:03', 2, 'Defective', 'Requested');"
434,13997,2025-09-26 17:35:56,1,Late Arrival,Rejected,"INSERT INTO dbo.Returns (ReturnID, OrderDetailID, ReturnDate, ReturnQuantity, ReturnReason, ReturnStatus) VALUES (434, 13997, '2025-09-26 17:35:56', 1, 'Late Arrival', 'Rejected');"
435,14034,2025-04-10 01:31:26,1,Changed Mind,Rejected,"INSERT INTO dbo.Returns (ReturnID, OrderDetailID, ReturnDate, ReturnQuantity, ReturnReason, ReturnStatus) VALUES (435, 14034, '2025-04-10 01:31:26', 1, 'Changed Mind', 'Rejected');"
436,14040,2026-07-09 04:03:47,1,Changed Mind,Requested,"INSERT INTO dbo.Returns (ReturnID, OrderDetailID, ReturnDate, ReturnQuantity, ReturnReason, ReturnStatus) VALUES (436, 14040, '2026-07-09 04:03:47', 1, 'Changed Mind', 'Requested');"
437,14074,2026-02-27 20:11:36,1,Defective,Approved,"INSERT INTO dbo.Returns (ReturnID, OrderDetailID, ReturnDate, ReturnQuantity, ReturnReason, ReturnStatus) VALUES (437, 14074, '2026-02-27 20:11:36', 1, 'Defective', 'Approved');"
438,14095,2025-08-26 20:15:48,2,Defective,Rejected,"INSERT INTO dbo.Returns (ReturnID, OrderDetailID, ReturnDate, ReturnQuantity, ReturnReason, ReturnStatus) VALUES (438, 14095, '2025-08-26 20:15:48', 2, 'Defective', 'Rejected');"
439,14148,2025-05-05 19:58:16,1,Defective,Requested,"INSERT INTO dbo.Returns (ReturnID, OrderDetailID, ReturnDate, ReturnQuantity, ReturnReason, ReturnStatus) VALUES (439, 14148, '2025-05-05 19:58:16', 1, 'Defective', 'Requested');"
440,14234,2026-03-01 19:44:55,2,Defective,Requested,"INSERT INTO dbo.Returns (ReturnID, OrderDetailID, ReturnDate, ReturnQuantity, ReturnReason, ReturnStatus) VALUES (440, 14234, '2026-03-01 19:44:55', 2, 'Defective', 'Requested');"
441,14248,2024-10-20 20:07:35,3,Incorrect Item,Approved,"INSERT INTO dbo.Returns (ReturnID, OrderDetailID, ReturnDate, ReturnQuantity, ReturnReason, ReturnStatus) VALUES (441, 14248, '2024-10-20 20:07:35', 3, 'Incorrect Item', 'Approved');"
442,14287,2026-08-03 10:16:12,1,Incorrect Item,Rejected,"INSERT INTO dbo.Returns (ReturnID, OrderDetailID, ReturnDate, ReturnQuantity, ReturnReason, ReturnStatus) VALUES (442, 14287, '2026-08-03 10:16:12', 1, 'Incorrect Item', 'Rejected');"
443,14375,2025-10-15 19:34:43,2,Defective,Requested,"INSERT INTO dbo.Returns (ReturnID, OrderDetailID, ReturnDate, ReturnQuantity, ReturnReason, ReturnStatus) VALUES (443, 14375, '2025-10-15 19:34:43', 2, 'Defective', 'Requested');"
444,14406,2025-05-15 16:12:19,1,Late Arrival,Rejected,"INSERT INTO dbo.Returns (ReturnID, OrderDetailID, ReturnDate, ReturnQuantity, ReturnReason, ReturnStatus) VALUES (444, 14406, '2025-05-15 16:12:19', 1, 'Late Arrival', 'Rejected');"
445,14496,2025-12-10 14:44:48,1,Late Arrival,Approved,"INSERT INTO dbo.Returns (ReturnID, OrderDetailID, ReturnDate, ReturnQuantity, ReturnReason, ReturnStatus) VALUES (445, 14496, '2025-12-10 14:44:48', 1, 'Late Arrival', 'Approved');"
446,14504,2025-07-12 01:02:22,2,Changed Mind,Approved,"INSERT INTO dbo.Returns (ReturnID, OrderDetailID, ReturnDate, ReturnQuantity, ReturnReason, ReturnStatus) VALUES (446, 14504, '2025-07-12 01:02:22', 2, 'Changed Mind', 'Approved');"
447,14517,2026-06-11 09:50:10,1,Late Arrival,Approved,"INSERT INTO dbo.Returns (ReturnID, OrderDetailID, ReturnDate, ReturnQuantity, ReturnReason, ReturnStatus) VALUES (447, 14517, '2026-06-11 09:50:10', 1, 'Late Arrival', 'Approved');"
448,14530,2026-09-07 05:20:42,1,Defective,Completed,"INSERT INTO dbo.Returns (ReturnID, OrderDetailID, ReturnDate, ReturnQuantity, ReturnReason, ReturnStatus) VALUES (448, 14530, '2026-09-07 05:20:42', 1, 'Defective', 'Completed');"
449,14533,2026-09-11 05:20:42,1,Changed Mind,Approved,"INSERT INTO dbo.Returns (ReturnID, OrderDetailID, ReturnDate, ReturnQuantity, ReturnReason, ReturnStatus) VALUES (449, 14533, '2026-09-11 05:20:42', 1, 'Changed Mind', 'Approved');"
450,14587,2026-02-20 20:27:36,1,Incorrect Item,Requested,"INSERT INTO dbo.Returns (ReturnID, OrderDetailID, ReturnDate, ReturnQuantity, ReturnReason, ReturnStatus) VALUES (450, 14587, '2026-02-20 20:27:36', 1, 'Incorrect Item', 'Requested');"
451,14597,2026-07-13 17:53:31,2,Defective,Approved,"INSERT INTO dbo.Returns (ReturnID, OrderDetailID, ReturnDate, ReturnQuantity, ReturnReason, ReturnStatus) VALUES (451, 14597, '2026-07-13 17:53:31', 2, 'Defective', 'Approved');"
452,14619,2026-04-20 18:12:13,2,Defective,Approved,"INSERT INTO dbo.Returns (ReturnID, OrderDetailID, ReturnDate, ReturnQuantity, ReturnReason, ReturnStatus) VALUES (452, 14619, '2026-04-20 18:12:13', 2, 'Defective', 'Approved');"
453,14620,2026-04-20 18:12:13,1,Defective,Requested,"INSERT INTO dbo.Returns (ReturnID, OrderDetailID, ReturnDate, ReturnQuantity, ReturnReason, ReturnStatus) VALUES (453, 14620, '2026-04-20 18:12:13', 1, 'Defective', 'Requested');"
454,14622,2026-05-01 18:12:13,1,Changed Mind,Rejected,"INSERT INTO dbo.Returns (ReturnID, OrderDetailID, ReturnDate, ReturnQuantity, ReturnReason, ReturnStatus) VALUES (454, 14622, '2026-05-01 18:12:13', 1, 'Changed Mind', 'Rejected');"
455,14645,2026-08-09 17:35:09,2,Changed Mind,Completed,"INSERT INTO dbo.Returns (ReturnID, OrderDetailID, ReturnDate, ReturnQuantity, ReturnReason, ReturnStatus) VALUES (455, 14645, '2026-08-09 17:35:09', 2, 'Changed Mind', 'Completed');"
456,14651,2024-12-27 21:22:26,1,Defective,Requested,"INSERT INTO dbo.Returns (ReturnID, OrderDetailID, ReturnDate, ReturnQuantity, ReturnReason, ReturnStatus) VALUES (456, 14651, '2024-12-27 21:22:26', 1, 'Defective', 'Requested');"
457,14658,2025-10-24 08:55:56,1,Incorrect Item,Completed,"INSERT INTO dbo.Returns (ReturnID, OrderDetailID, ReturnDate, ReturnQuantity, ReturnReason, ReturnStatus) VALUES (457, 14658, '2025-10-24 08:55:56', 1, 'Incorrect Item', 'Completed');"
458,14671,2026-06-05 23:55:21,2,Incorrect Item,Completed,"INSERT INTO dbo.Returns (ReturnID, OrderDetailID, ReturnDate, ReturnQuantity, ReturnReason, ReturnStatus) VALUES (458, 14671, '2026-06-05 23:55:21', 2, 'Incorrect Item', 'Completed');"
459,14675,2026-01-17 15:29:09,1,Late Arrival,Rejected,"INSERT INTO dbo.Returns (ReturnID, OrderDetailID, ReturnDate, ReturnQuantity, ReturnReason, ReturnStatus) VALUES (459, 14675, '2026-01-17 15:29:09', 1, 'Late Arrival', 'Rejected');"
460,14680,2026-09-19 20:36:40,1,Changed Mind,Completed,"INSERT INTO dbo.Returns (ReturnID, OrderDetailID, ReturnDate, ReturnQuantity, ReturnReason, ReturnStatus) VALUES (460, 14680, '2026-09-19 20:36:40', 1, 'Changed Mind', 'Completed');"
461,14712,2026-06-11 02:32:48,1,Defective,Rejected,"INSERT INTO dbo.Returns (ReturnID, OrderDetailID, ReturnDate, ReturnQuantity, ReturnReason, ReturnStatus) VALUES (461, 14712, '2026-06-11 02:32:48', 1, 'Defective', 'Rejected');"
462,14771,2026-08-24 03:34:43,2,Changed Mind,Rejected,"INSERT INTO dbo.Returns (ReturnID, OrderDetailID, ReturnDate, ReturnQuantity, ReturnReason, ReturnStatus) VALUES (462, 14771, '2026-08-24 03:34:43', 2, 'Changed Mind', 'Rejected');"
463,14774,2024-06-02 23:27:52,1,Late Arrival,Approved,"INSERT INTO dbo.Returns (ReturnID, OrderDetailID, ReturnDate, ReturnQuantity, ReturnReason, ReturnStatus) VALUES (463, 14774, '2024-06-02 23:27:52', 1, 'Late Arrival', 'Approved');"
464,14831,2024-05-18 07:03:04,1,Defective,Requested,"INSERT INTO dbo.Returns (ReturnID, OrderDetailID, ReturnDate, ReturnQuantity, ReturnReason, ReturnStatus) VALUES (464, 14831, '2024-05-18 07:03:04', 1, 'Defective', 'Requested');"
465,14853,2025-06-04 08:49:30,1,Incorrect Item,Requested,"INSERT INTO dbo.Returns (ReturnID, OrderDetailID, ReturnDate, ReturnQuantity, ReturnReason, ReturnStatus) VALUES (465, 14853, '2025-06-04 08:49:30', 1, 'Incorrect Item', 'Requested');"
466,14880,2025-05-21 02:42:48,2,Defective,Completed,"INSERT INTO dbo.Returns (ReturnID, OrderDetailID, ReturnDate, ReturnQuantity, ReturnReason, ReturnStatus) VALUES (466, 14880, '2025-05-21 02:42:48', 2, 'Defective', 'Completed');"
467,14971,2026-07-10 20:26:54,3,Incorrect Item,Completed,"INSERT INTO dbo.Returns (ReturnID, OrderDetailID, ReturnDate, ReturnQuantity, ReturnReason, ReturnStatus) VALUES (467, 14971, '2026-07-10 20:26:54', 3, 'Incorrect Item', 'Completed');"
468,14991,2026-07-13 10:09:32,2,Changed Mind,Completed,"INSERT INTO dbo.Returns (ReturnID, OrderDetailID, ReturnDate, ReturnQuantity, ReturnReason, ReturnStatus) VALUES (468, 14991, '2026-07-13 10:09:32', 2, 'Changed Mind', 'Completed');"
469,15007,2025-12-28 06:31:36,2,Incorrect Item,Completed,"INSERT INTO dbo.Returns (ReturnID, OrderDetailID, ReturnDate, ReturnQuantity, ReturnReason, ReturnStatus) VALUES (469, 15007, '2025-12-28 06:31:36', 2, 'Incorrect Item', 'Completed');"
470,15010,2026-09-12 21:51:40,1,Incorrect Item,Rejected,"INSERT INTO dbo.Returns (ReturnID, OrderDetailID, ReturnDate, ReturnQuantity, ReturnReason, ReturnStatus) VALUES (470, 15010, '2026-09-12 21:51:40', 1, 'Incorrect Item', 'Rejected');"
471,15087,2026-03-25 08:21:38,1,Incorrect Item,Approved,"INSERT INTO dbo.Returns (ReturnID, OrderDetailID, ReturnDate, ReturnQuantity, ReturnReason, ReturnStatus) VALUES (471, 15087, '2026-03-25 08:21:38', 1, 'Incorrect Item', 'Approved');"
472,15132,2026-08-07 10:27:27,1,Defective,Requested,"INSERT INTO dbo.Returns (ReturnID, OrderDetailID, ReturnDate, ReturnQuantity, ReturnReason, ReturnStatus) VALUES (472, 15132, '2026-08-07 10:27:27', 1, 'Defective', 'Requested');"
473,15140,2025-12-12 01:23:06,1,Late Arrival,Approved,"INSERT INTO dbo.Returns (ReturnID, OrderDetailID, ReturnDate, ReturnQuantity, ReturnReason, ReturnStatus) VALUES (473, 15140, '2025-12-12 01:23:06', 1, 'Late Arrival', 'Approved');"
474,15194,2025-09-25 06:02:37,2,Changed Mind,Approved,"INSERT INTO dbo.Returns (ReturnID, OrderDetailID, ReturnDate, ReturnQuantity, ReturnReason, ReturnStatus) VALUES (474, 15194, '2025-09-25 06:02:37', 2, 'Changed Mind', 'Approved');"
475,15210,2026-09-13 19:19:40,1,Incorrect Item,Approved,"INSERT INTO dbo.Returns (ReturnID, OrderDetailID, ReturnDate, ReturnQuantity, ReturnReason, ReturnStatus) VALUES (475, 15210, '2026-09-13 19:19:40', 1, 'Incorrect Item', 'Approved');"
476,15239,2025-10-23 12:46:56,1,Defective,Rejected,"INSERT INTO dbo.Returns (ReturnID, OrderDetailID, ReturnDate, ReturnQuantity, ReturnReason, ReturnStatus) VALUES (476, 15239, '2025-10-23 12:46:56', 1, 'Defective', 'Rejected');"
477,15312,2026-06-12 09:44:38,1,Incorrect Item,Completed,"INSERT INTO dbo.Returns (ReturnID, OrderDetailID, ReturnDate, ReturnQuantity, ReturnReason, ReturnStatus) VALUES (477, 15312, '2026-06-12 09:44:38', 1, 'Incorrect Item', 'Completed');"
478,15313,2026-06-11 09:44:38,1,Incorrect Item,Rejected,"INSERT INTO dbo.Returns (ReturnID, OrderDetailID, ReturnDate, ReturnQuantity, ReturnReason, ReturnStatus) VALUES (478, 15313, '2026-06-11 09:44:38', 1, 'Incorrect Item', 'Rejected');"
479,15318,2026-04-14 16:36:13,1,Late Arrival,Completed,"INSERT INTO dbo.Returns (ReturnID, OrderDetailID, ReturnDate, ReturnQuantity, ReturnReason, ReturnStatus) VALUES (479, 15318, '2026-04-14 16:36:13', 1, 'Late Arrival', 'Completed');"
480,15329,2026-08-20 11:24:11,1,Late Arrival,Requested,"INSERT INTO dbo.Returns (ReturnID, OrderDetailID, ReturnDate, ReturnQuantity, ReturnReason, ReturnStatus) VALUES (480, 15329, '2026-08-20 11:24:11', 1, 'Late Arrival', 'Requested');"
481,15335,2025-05-23 13:03:22,1,Late Arrival,Approved,"INSERT INTO dbo.Returns (ReturnID, OrderDetailID, ReturnDate, ReturnQuantity, ReturnReason, ReturnStatus) VALUES (481, 15335, '2025-05-23 13:03:22', 1, 'Late Arrival', 'Approved');"
482,15351,2026-07-28 08:06:11,1,Defective,Rejected,"INSERT INTO dbo.Returns (ReturnID, OrderDetailID, ReturnDate, ReturnQuantity, ReturnReason, ReturnStatus) VALUES (482, 15351, '2026-07-28 08:06:11', 1, 'Defective', 'Rejected');"
483,15422,2025-02-27 08:38:34,2,Late Arrival,Rejected,"INSERT INTO dbo.Returns (ReturnID, OrderDetailID, ReturnDate, ReturnQuantity, ReturnReason, ReturnStatus) VALUES (483, 15422, '2025-02-27 08:38:34', 2, 'Late Arrival', 'Rejected');"
484,15452,2024-03-29 05:56:39,1,Late Arrival,Rejected,"INSERT INTO dbo.Returns (ReturnID, OrderDetailID, ReturnDate, ReturnQuantity, ReturnReason, ReturnStatus) VALUES (484, 15452, '2024-03-29 05:56:39', 1, 'Late Arrival', 'Rejected');"
485,15462,2026-08-19 11:09:20,2,Defective,Requested,"INSERT INTO dbo.Returns (ReturnID, OrderDetailID, ReturnDate, ReturnQuantity, ReturnReason, ReturnStatus) VALUES (485, 15462, '2026-08-19 11:09:20', 2, 'Defective', 'Requested');"
486,15463,2026-08-16 11:09:20,1,Changed Mind,Requested,"INSERT INTO dbo.Returns (ReturnID, OrderDetailID, ReturnDate, ReturnQuantity, ReturnReason, ReturnStatus) VALUES (486, 15463, '2026-08-16 11:09:20', 1, 'Changed Mind', 'Requested');"
487,15519,2025-10-09 16:57:22,1,Incorrect Item,Rejected,"INSERT INTO dbo.Returns (ReturnID, OrderDetailID, ReturnDate, ReturnQuantity, ReturnReason, ReturnStatus) VALUES (487, 15519, '2025-10-09 16:57:22', 1, 'Incorrect Item', 'Rejected');"
488,15540,2025-11-26 21:23:19,2,Defective,Rejected,"INSERT INTO dbo.Returns (ReturnID, OrderDetailID, ReturnDate, ReturnQuantity, ReturnReason, ReturnStatus) VALUES (488, 15540, '2025-11-26 21:23:19', 2, 'Defective', 'Rejected');"
489,15541,2025-11-27 21:23:19,1,Incorrect Item,Requested,"INSERT INTO dbo.Returns (ReturnID, OrderDetailID, ReturnDate, ReturnQuantity, ReturnReason, ReturnStatus) VALUES (489, 15541, '2025-11-27 21:23:19', 1, 'Incorrect Item', 'Requested');"
490,15552,2026-05-16 03:46:08,1,Defective,Rejected,"INSERT INTO dbo.Returns (ReturnID, OrderDetailID, ReturnDate, ReturnQuantity, ReturnReason, ReturnStatus) VALUES (490, 15552, '2026-05-16 03:46:08', 1, 'Defective', 'Rejected');"
491,15553,2026-05-17 03:46:08,1,Late Arrival,Completed,"INSERT INTO dbo.Returns (ReturnID, OrderDetailID, ReturnDate, ReturnQuantity, ReturnReason, ReturnStatus) VALUES (491, 15553, '2026-05-17 03:46:08', 1, 'Late Arrival', 'Completed');"
492,15561,2024-10-16 18:47:55,1,Incorrect Item,Completed,"INSERT INTO dbo.Returns (ReturnID, OrderDetailID, ReturnDate, ReturnQuantity, ReturnReason, ReturnStatus) VALUES (492, 15561, '2024-10-16 18:47:55', 1, 'Incorrect Item', 'Completed');"
493,15568,2025-01-02 17:05:31,1,Late Arrival,Requested,"INSERT INTO dbo.Returns (ReturnID, OrderDetailID, ReturnDate, ReturnQuantity, ReturnReason, ReturnStatus) VALUES (493, 15568, '2025-01-02 17:05:31', 1, 'Late Arrival', 'Requested');"
494,15623,2026-08-30 02:50:49,1,Incorrect Item,Rejected,"INSERT INTO dbo.Returns (ReturnID, OrderDetailID, ReturnDate, ReturnQuantity, ReturnReason, ReturnStatus) VALUES (494, 15623, '2026-08-30 02:50:49', 1, 'Incorrect Item', 'Rejected');"
495,15654,2026-01-03 15:35:08,1,Defective,Approved,"INSERT INTO dbo.Returns (ReturnID, OrderDetailID, ReturnDate, ReturnQuantity, ReturnReason, ReturnStatus) VALUES (495, 15654, '2026-01-03 15:35:08', 1, 'Defective', 'Approved');"
496,15656,2026-01-10 15:35:08,1,Late Arrival,Approved,"INSERT INTO dbo.Returns (ReturnID, OrderDetailID, ReturnDate, ReturnQuantity, ReturnReason, ReturnStatus) VALUES (496, 15656, '2026-01-10 15:35:08', 1, 'Late Arrival', 'Approved');"
497,15664,2025-02-02 05:18:36,1,Incorrect Item,Rejected,"INSERT INTO dbo.Returns (ReturnID, OrderDetailID, ReturnDate, ReturnQuantity, ReturnReason, ReturnStatus) VALUES (497, 15664, '2025-02-02 05:18:36', 1, 'Incorrect Item', 'Rejected');"
498,15700,2026-07-19 20:40:24,2,Incorrect Item,Rejected,"INSERT INTO dbo.Returns (ReturnID, OrderDetailID, ReturnDate, ReturnQuantity, ReturnReason, ReturnStatus) VALUES (498, 15700, '2026-07-19 20:40:24', 2, 'Incorrect Item', 'Rejected');"
499,15708,2025-04-16 00:17:18,1,Late Arrival,Requested,"INSERT INTO dbo.Returns (ReturnID, OrderDetailID, ReturnDate, ReturnQuantity, ReturnReason, ReturnStatus) VALUES (499, 15708, '2025-04-16 00:17:18', 1, 'Late Arrival', 'Requested');"
500,15718,2026-01-25 03:06:55,2,Incorrect Item,Completed,"INSERT INTO dbo.Returns (ReturnID, OrderDetailID, ReturnDate, ReturnQuantity, ReturnReason, ReturnStatus) VALUES (500, 15718, '2026-01-25 03:06:55', 2, 'Incorrect Item', 'Completed');"
501,15759,2024-06-16 01:34:11,1,Defective,Approved,"INSERT INTO dbo.Returns (ReturnID, OrderDetailID, ReturnDate, ReturnQuantity, ReturnReason, ReturnStatus) VALUES (501, 15759, '2024-06-16 01:34:11', 1, 'Defective', 'Approved');"
502,15772,2025-12-31 18:06:58,3,Defective,Approved,"INSERT INTO dbo.Returns (ReturnID, OrderDetailID, ReturnDate, ReturnQuantity, ReturnReason, ReturnStatus) VALUES (502, 15772, '2025-12-31 18:06:58', 3, 'Defective', 'Approved');"
503,15885,2026-01-06 22:55:36,1,Late Arrival,Completed,"INSERT INTO dbo.Returns (ReturnID, OrderDetailID, ReturnDate, ReturnQuantity, ReturnReason, ReturnStatus) VALUES (503, 15885, '2026-01-06 22:55:36', 1, 'Late Arrival', 'Completed');"
504,15928,2026-06-17 07:32:15,1,Defective,Approved,"INSERT INTO dbo.Returns (ReturnID, OrderDetailID, ReturnDate, ReturnQuantity, ReturnReason, ReturnStatus) VALUES (504, 15928, '2026-06-17 07:32:15', 1, 'Defective', 'Approved');"
505,15963,2026-07-14 04:38:36,1,Late Arrival,Completed,"INSERT INTO dbo.Returns (ReturnID, OrderDetailID, ReturnDate, ReturnQuantity, ReturnReason, ReturnStatus) VALUES (505, 15963, '2026-07-14 04:38:36', 1, 'Late Arrival', 'Completed');"
506,16017,2026-08-24 14:54:17,1,Late Arrival,Requested,"INSERT INTO dbo.Returns (ReturnID, OrderDetailID, ReturnDate, ReturnQuantity, ReturnReason, ReturnStatus) VALUES (506, 16017, '2026-08-24 14:54:17', 1, 'Late Arrival', 'Requested');"
507,16030,2026-04-19 02:10:58,1,Changed Mind,Requested,"INSERT INTO dbo.Returns (ReturnID, OrderDetailID, ReturnDate, ReturnQuantity, ReturnReason, ReturnStatus) VALUES (507, 16030, '2026-04-19 02:10:58', 1, 'Changed Mind', 'Requested');"
508,16039,2026-06-23 14:12:22,3,Defective,Requested,"INSERT INTO dbo.Returns (ReturnID, OrderDetailID, ReturnDate, ReturnQuantity, ReturnReason, ReturnStatus) VALUES (508, 16039, '2026-06-23 14:12:22', 3, 'Defective', 'Requested');"
509,16097,2025-09-21 11:30:34,3,Incorrect Item,Completed,"INSERT INTO dbo.Returns (ReturnID, OrderDetailID, ReturnDate, ReturnQuantity, ReturnReason, ReturnStatus) VALUES (509, 16097, '2025-09-21 11:30:34', 3, 'Incorrect Item', 'Completed');"
510,16136,2026-04-06 08:36:09,1,Late Arrival,Completed,"INSERT INTO dbo.Returns (ReturnID, OrderDetailID, ReturnDate, ReturnQuantity, ReturnReason, ReturnStatus) VALUES (510, 16136, '2026-04-06 08:36:09', 1, 'Late Arrival', 'Completed');"
511,16147,2026-08-04 23:56:43,1,Late Arrival,Completed,"INSERT INTO dbo.Returns (ReturnID, OrderDetailID, ReturnDate, ReturnQuantity, ReturnReason, ReturnStatus) VALUES (511, 16147, '2026-08-04 23:56:43', 1, 'Late Arrival', 'Completed');"
512,16152,2025-10-07 21:38:08,1,Late Arrival,Requested,"INSERT INTO dbo.Returns (ReturnID, OrderDetailID, ReturnDate, ReturnQuantity, ReturnReason, ReturnStatus) VALUES (512, 16152, '2025-10-07 21:38:08', 1, 'Late Arrival', 'Requested');"
513,16167,2025-03-26 15:33:04,1,Incorrect Item,Requested,"INSERT INTO dbo.Returns (ReturnID, OrderDetailID, ReturnDate, ReturnQuantity, ReturnReason, ReturnStatus) VALUES (513, 16167, '2025-03-26 15:33:04', 1, 'Incorrect Item', 'Requested');"
514,16233,2025-09-22 20:27:40,1,Incorrect Item,Completed,"INSERT INTO dbo.Returns (ReturnID, OrderDetailID, ReturnDate, ReturnQuantity, ReturnReason, ReturnStatus) VALUES (514, 16233, '2025-09-22 20:27:40', 1, 'Incorrect Item', 'Completed');"
515,16262,2024-02-23 17:45:14,3,Late Arrival,Rejected,"INSERT INTO dbo.Returns (ReturnID, OrderDetailID, ReturnDate, ReturnQuantity, ReturnReason, ReturnStatus) VALUES (515, 16262, '2024-02-23 17:45:14', 3, 'Late Arrival', 'Rejected');"
516,16296,2024-07-28 10:21:15,1,Incorrect Item,Requested,"INSERT INTO dbo.Returns (ReturnID, OrderDetailID, ReturnDate, ReturnQuantity, ReturnReason, ReturnStatus) VALUES (516, 16296, '2024-07-28 10:21:15', 1, 'Incorrect Item', 'Requested');"
517,16368,2024-08-01 06:11:18,1,Defective,Approved,"INSERT INTO dbo.Returns (ReturnID, OrderDetailID, ReturnDate, ReturnQuantity, ReturnReason, ReturnStatus) VALUES (517, 16368, '2024-08-01 06:11:18', 1, 'Defective', 'Approved');"
518,16386,2026-04-20 15:05:01,2,Defective,Rejected,"INSERT INTO dbo.Returns (ReturnID, OrderDetailID, ReturnDate, ReturnQuantity, ReturnReason, ReturnStatus) VALUES (518, 16386, '2026-04-20 15:05:01', 2, 'Defective', 'Rejected');"
519,16429,2026-02-16 22:43:44,1,Defective,Approved,"INSERT INTO dbo.Returns (ReturnID, OrderDetailID, ReturnDate, ReturnQuantity, ReturnReason, ReturnStatus) VALUES (519, 16429, '2026-02-16 22:43:44', 1, 'Defective', 'Approved');"
520,16436,2026-07-31 15:02:21,1,Late Arrival,Completed,"INSERT INTO dbo.Returns (ReturnID, OrderDetailID, ReturnDate, ReturnQuantity, ReturnReason, ReturnStatus) VALUES (520, 16436, '2026-07-31 15:02:21', 1, 'Late Arrival', 'Completed');"
521,16467,2025-01-12 10:03:18,2,Defective,Requested,"INSERT INTO dbo.Returns (ReturnID, OrderDetailID, ReturnDate, ReturnQuantity, ReturnReason, ReturnStatus) VALUES (521, 16467, '2025-01-12 10:03:18', 2, 'Defective', 'Requested');"
522,16480,2025-06-24 17:51:30,1,Late Arrival,Requested,"INSERT INTO dbo.Returns (ReturnID, OrderDetailID, ReturnDate, ReturnQuantity, ReturnReason, ReturnStatus) VALUES (522, 16480, '2025-06-24 17:51:30', 1, 'Late Arrival', 'Requested');"
523,16579,2026-06-28 02:50:51,1,Late Arrival,Requested,"INSERT INTO dbo.Returns (ReturnID, OrderDetailID, ReturnDate, ReturnQuantity, ReturnReason, ReturnStatus) VALUES (523, 16579, '2026-06-28 02:50:51', 1, 'Late Arrival', 'Requested');"
524,16588,2025-10-03 03:20:42,1,Defective,Approved,"INSERT INTO dbo.Returns (ReturnID, OrderDetailID, ReturnDate, ReturnQuantity, ReturnReason, ReturnStatus) VALUES (524, 16588, '2025-10-03 03:20:42', 1, 'Defective', 'Approved');"
525,16619,2026-05-14 16:12:20,1,Incorrect Item,Approved,"INSERT INTO dbo.Returns (ReturnID, OrderDetailID, ReturnDate, ReturnQuantity, ReturnReason, ReturnStatus) VALUES (525, 16619, '2026-05-14 16:12:20', 1, 'Incorrect Item', 'Approved');"
526,16621,2026-05-09 16:12:20,1,Late Arrival,Rejected,"INSERT INTO dbo.Returns (ReturnID, OrderDetailID, ReturnDate, ReturnQuantity, ReturnReason, ReturnStatus) VALUES (526, 16621, '2026-05-09 16:12:20', 1, 'Late Arrival', 'Rejected');"
527,16674,2025-12-12 10:24:29,1,Defective,Completed,"INSERT INTO dbo.Returns (ReturnID, OrderDetailID, ReturnDate, ReturnQuantity, ReturnReason, ReturnStatus) VALUES (527, 16674, '2025-12-12 10:24:29', 1, 'Defective', 'Completed');"
528,16681,2026-05-11 21:31:05,2,Changed Mind,Rejected,"INSERT INTO dbo.Returns (ReturnID, OrderDetailID, ReturnDate, ReturnQuantity, ReturnReason, ReturnStatus) VALUES (528, 16681, '2026-05-11 21:31:05', 2, 'Changed Mind', 'Rejected');"
529,16693,2026-09-03 10:25:15,1,Incorrect Item,Rejected,"INSERT INTO dbo.Returns (ReturnID, OrderDetailID, ReturnDate, ReturnQuantity, ReturnReason, ReturnStatus) VALUES (529, 16693, '2026-09-03 10:25:15', 1, 'Incorrect Item', 'Rejected');"
530,16701,2024-12-25 18:11:56,1,Incorrect Item,Rejected,"INSERT INTO dbo.Returns (ReturnID, OrderDetailID, ReturnDate, ReturnQuantity, ReturnReason, ReturnStatus) VALUES (530, 16701, '2024-12-25 18:11:56', 1, 'Incorrect Item', 'Rejected');"
531,16716,2026-07-11 01:28:27,2,Incorrect Item,Completed,"INSERT INTO dbo.Returns (ReturnID, OrderDetailID, ReturnDate, ReturnQuantity, ReturnReason, ReturnStatus) VALUES (531, 16716, '2026-07-11 01:28:27', 2, 'Incorrect Item', 'Completed');"
532,16742,2026-06-18 11:07:55,1,Changed Mind,Completed,"INSERT INTO dbo.Returns (ReturnID, OrderDetailID, ReturnDate, ReturnQuantity, ReturnReason, ReturnStatus) VALUES (532, 16742, '2026-06-18 11:07:55', 1, 'Changed Mind', 'Completed');"
533,16752,2026-06-22 19:39:01,1,Late Arrival,Approved,"INSERT INTO dbo.Returns (ReturnID, OrderDetailID, ReturnDate, ReturnQuantity, ReturnReason, ReturnStatus) VALUES (533, 16752, '2026-06-22 19:39:01', 1, 'Late Arrival', 'Approved');"
534,16803,2024-06-02 13:35:59,1,Late Arrival,Completed,"INSERT INTO dbo.Returns (ReturnID, OrderDetailID, ReturnDate, ReturnQuantity, ReturnReason, ReturnStatus) VALUES (534, 16803, '2024-06-02 13:35:59', 1, 'Late Arrival', 'Completed');"
535,16808,2025-06-24 15:05:02,1,Incorrect Item,Rejected,"INSERT INTO dbo.Returns (ReturnID, OrderDetailID, ReturnDate, ReturnQuantity, ReturnReason, ReturnStatus) VALUES (535, 16808, '2025-06-24 15:05:02', 1, 'Incorrect Item', 'Rejected');"
536,16852,2025-03-26 21:28:48,2,Defective,Approved,"INSERT INTO dbo.Returns (ReturnID, OrderDetailID, ReturnDate, ReturnQuantity, ReturnReason, ReturnStatus) VALUES (536, 16852, '2025-03-26 21:28:48', 2, 'Defective', 'Approved');"
537,17019,2024-05-11 20:21:41,1,Defective,Requested,"INSERT INTO dbo.Returns (ReturnID, OrderDetailID, ReturnDate, ReturnQuantity, ReturnReason, ReturnStatus) VALUES (537, 17019, '2024-05-11 20:21:41', 1, 'Defective', 'Requested');"
538,17020,2024-05-13 20:21:41,1,Late Arrival,Approved,"INSERT INTO dbo.Returns (ReturnID, OrderDetailID, ReturnDate, ReturnQuantity, ReturnReason, ReturnStatus) VALUES (538, 17020, '2024-05-13 20:21:41', 1, 'Late Arrival', 'Approved');"
539,17126,2026-05-07 07:01:40,1,Late Arrival,Completed,"INSERT INTO dbo.Returns (ReturnID, OrderDetailID, ReturnDate, ReturnQuantity, ReturnReason, ReturnStatus) VALUES (539, 17126, '2026-05-07 07:01:40', 1, 'Late Arrival', 'Completed');"
540,17179,2026-06-04 02:45:44,3,Changed Mind,Completed,"INSERT INTO dbo.Returns (ReturnID, OrderDetailID, ReturnDate, ReturnQuantity, ReturnReason, ReturnStatus) VALUES (540, 17179, '2026-06-04 02:45:44', 3, 'Changed Mind', 'Completed');"
541,17185,2026-01-01 19:12:04,1,Defective,Approved,"INSERT INTO dbo.Returns (ReturnID, OrderDetailID, ReturnDate, ReturnQuantity, ReturnReason, ReturnStatus) VALUES (541, 17185, '2026-01-01 19:12:04', 1, 'Defective', 'Approved');"
542,17192,2025-11-03 15:14:49,1,Changed Mind,Approved,"INSERT INTO dbo.Returns (ReturnID, OrderDetailID, ReturnDate, ReturnQuantity, ReturnReason, ReturnStatus) VALUES (542, 17192, '2025-11-03 15:14:49', 1, 'Changed Mind', 'Approved');"
543,17216,2026-09-17 20:20:16,1,Defective,Completed,"INSERT INTO dbo.Returns (ReturnID, OrderDetailID, ReturnDate, ReturnQuantity, ReturnReason, ReturnStatus) VALUES (543, 17216, '2026-09-17 20:20:16', 1, 'Defective', 'Completed');"
544,17270,2025-12-21 11:00:15,1,Late Arrival,Completed,"INSERT INTO dbo.Returns (ReturnID, OrderDetailID, ReturnDate, ReturnQuantity, ReturnReason, ReturnStatus) VALUES (544, 17270, '2025-12-21 11:00:15', 1, 'Late Arrival', 'Completed');"
545,17313,2026-01-01 08:48:28,1,Late Arrival,Approved,"INSERT INTO dbo.Returns (ReturnID, OrderDetailID, ReturnDate, ReturnQuantity, ReturnReason, ReturnStatus) VALUES (545, 17313, '2026-01-01 08:48:28', 1, 'Late Arrival', 'Approved');"
546,17325,2025-07-11 04:22:18,1,Defective,Approved,"INSERT INTO dbo.Returns (ReturnID, OrderDetailID, ReturnDate, ReturnQuantity, ReturnReason, ReturnStatus) VALUES (546, 17325, '2025-07-11 04:22:18', 1, 'Defective', 'Approved');"
547,17328,2026-09-20 09:03:51,1,Changed Mind,Rejected,"INSERT INTO dbo.Returns (ReturnID, OrderDetailID, ReturnDate, ReturnQuantity, ReturnReason, ReturnStatus) VALUES (547, 17328, '2026-09-20 09:03:51', 1, 'Changed Mind', 'Rejected');"
548,17365,2026-08-21 10:31:25,1,Incorrect Item,Approved,"INSERT INTO dbo.Returns (ReturnID, OrderDetailID, ReturnDate, ReturnQuantity, ReturnReason, ReturnStatus) VALUES (548, 17365, '2026-08-21 10:31:25', 1, 'Incorrect Item', 'Approved');"
549,17412,2026-06-08 13:33:13,2,Late Arrival,Approved,"INSERT INTO dbo.Returns (ReturnID, OrderDetailID, ReturnDate, ReturnQuantity, ReturnReason, ReturnStatus) VALUES (549, 17412, '2026-06-08 13:33:13', 2, 'Late Arrival', 'Approved');"
550,17477,2026-02-24 11:37:16,2,Defective,Requested,"INSERT INTO dbo.Returns (ReturnID, OrderDetailID, ReturnDate, ReturnQuantity, ReturnReason, ReturnStatus) VALUES (550, 17477, '2026-02-24 11:37:16', 2, 'Defective', 'Requested');"
551,17481,2025-10-04 05:59:20,1,Changed Mind,Approved,"INSERT INTO dbo.Returns (ReturnID, OrderDetailID, ReturnDate, ReturnQuantity, ReturnReason, ReturnStatus) VALUES (551, 17481, '2025-10-04 05:59:20', 1, 'Changed Mind', 'Approved');"
552,17571,2025-05-04 15:53:03,1,Incorrect Item,Completed,"INSERT INTO dbo.Returns (ReturnID, OrderDetailID, ReturnDate, ReturnQuantity, ReturnReason, ReturnStatus) VALUES (552, 17571, '2025-05-04 15:53:03', 1, 'Incorrect Item', 'Completed');"
553,17594,2025-10-12 20:21:29,1,Late Arrival,Approved,"INSERT INTO dbo.Returns (ReturnID, OrderDetailID, ReturnDate, ReturnQuantity, ReturnReason, ReturnStatus) VALUES (553, 17594, '2025-10-12 20:21:29', 1, 'Late Arrival', 'Approved');"
554,17602,2025-12-21 18:12:07,3,Changed Mind,Requested,"INSERT INTO dbo.Returns (ReturnID, OrderDetailID, ReturnDate, ReturnQuantity, ReturnReason, ReturnStatus) VALUES (554, 17602, '2025-12-21 18:12:07', 3, 'Changed Mind', 'Requested');"
555,17613,2026-04-13 15:51:09,3,Changed Mind,Requested,"INSERT INTO dbo.Returns (ReturnID, OrderDetailID, ReturnDate, ReturnQuantity, ReturnReason, ReturnStatus) VALUES (555, 17613, '2026-04-13 15:51:09', 3, 'Changed Mind', 'Requested');"
556,17615,2025-06-30 15:24:55,1,Changed Mind,Approved,"INSERT INTO dbo.Returns (ReturnID, OrderDetailID, ReturnDate, ReturnQuantity, ReturnReason, ReturnStatus) VALUES (556, 17615, '2025-06-30 15:24:55', 1, 'Changed Mind', 'Approved');"
557,17624,2024-03-16 05:55:02,1,Late Arrival,Rejected,"INSERT INTO dbo.Returns (ReturnID, OrderDetailID, ReturnDate, ReturnQuantity, ReturnReason, ReturnStatus) VALUES (557, 17624, '2024-03-16 05:55:02', 1, 'Late Arrival', 'Rejected');"
558,17672,2026-08-26 12:56:04,1,Incorrect Item,Rejected,"INSERT INTO dbo.Returns (ReturnID, OrderDetailID, ReturnDate, ReturnQuantity, ReturnReason, ReturnStatus) VALUES (558, 17672, '2026-08-26 12:56:04', 1, 'Incorrect Item', 'Rejected');"
559,17679,2026-04-22 03:10:14,1,Late Arrival,Rejected,"INSERT INTO dbo.Returns (ReturnID, OrderDetailID, ReturnDate, ReturnQuantity, ReturnReason, ReturnStatus) VALUES (559, 17679, '2026-04-22 03:10:14', 1, 'Late Arrival', 'Rejected');"
560,17703,2025-08-27 09:13:26,1,Changed Mind,Approved,"INSERT INTO dbo.Returns (ReturnID, OrderDetailID, ReturnDate, ReturnQuantity, ReturnReason, ReturnStatus) VALUES (560, 17703, '2025-08-27 09:13:26', 1, 'Changed Mind', 'Approved');"
561,17714,2026-07-27 09:13:14,1,Late Arrival,Rejected,"INSERT INTO dbo.Returns (ReturnID, OrderDetailID, ReturnDate, ReturnQuantity, ReturnReason, ReturnStatus) VALUES (561, 17714, '2026-07-27 09:13:14', 1, 'Late Arrival', 'Rejected');"
562,17726,2025-05-16 09:57:31,1,Defective,Rejected,"INSERT INTO dbo.Returns (ReturnID, OrderDetailID, ReturnDate, ReturnQuantity, ReturnReason, ReturnStatus) VALUES (562, 17726, '2025-05-16 09:57:31', 1, 'Defective', 'Rejected');"
563,17743,2024-07-21 03:56:52,4,Late Arrival,Requested,"INSERT INTO dbo.Returns (ReturnID, OrderDetailID, ReturnDate, ReturnQuantity, ReturnReason, ReturnStatus) VALUES (563, 17743, '2024-07-21 03:56:52', 4, 'Late Arrival', 'Requested');"
564,17810,2025-03-07 01:14:05,1,Late Arrival,Rejected,"INSERT INTO dbo.Returns (ReturnID, OrderDetailID, ReturnDate, ReturnQuantity, ReturnReason, ReturnStatus) VALUES (564, 17810, '2025-03-07 01:14:05', 1, 'Late Arrival', 'Rejected');"
565,17813,2026-07-11 15:10:31,1,Defective,Rejected,"INSERT INTO dbo.Returns (ReturnID, OrderDetailID, ReturnDate, ReturnQuantity, ReturnReason, ReturnStatus) VALUES (565, 17813, '2026-07-11 15:10:31', 1, 'Defective', 'Rejected');"
566,17816,2024-09-29 16:49:43,1,Defective,Rejected,"INSERT INTO dbo.Returns (ReturnID, OrderDetailID, ReturnDate, ReturnQuantity, ReturnReason, ReturnStatus) VALUES (566, 17816, '2024-09-29 16:49:43', 1, 'Defective', 'Rejected');"
567,17818,2025-10-23 17:21:45,1,Changed Mind,Requested,"INSERT INTO dbo.Returns (ReturnID, OrderDetailID, ReturnDate, ReturnQuantity, ReturnReason, ReturnStatus) VALUES (567, 17818, '2025-10-23 17:21:45', 1, 'Changed Mind', 'Requested');"
568,17940,2026-05-07 13:05:02,1,Defective,Completed,"INSERT INTO dbo.Returns (ReturnID, OrderDetailID, ReturnDate, ReturnQuantity, ReturnReason, ReturnStatus) VALUES (568, 17940, '2026-05-07 13:05:02', 1, 'Defective', 'Completed');"
569,18022,2026-09-14 17:18:40,1,Defective,Rejected,"INSERT INTO dbo.Returns (ReturnID, OrderDetailID, ReturnDate, ReturnQuantity, ReturnReason, ReturnStatus) VALUES (569, 18022, '2026-09-14 17:18:40', 1, 'Defective', 'Rejected');"
570,18042,2026-02-23 21:15:23,1,Defective,Approved,"INSERT INTO dbo.Returns (ReturnID, OrderDetailID, ReturnDate, ReturnQuantity, ReturnReason, ReturnStatus) VALUES (570, 18042, '2026-02-23 21:15:23', 1, 'Defective', 'Approved');"
571,18044,2024-10-13 13:15:10,1,Incorrect Item,Requested,"INSERT INTO dbo.Returns (ReturnID, OrderDetailID, ReturnDate, ReturnQuantity, ReturnReason, ReturnStatus) VALUES (571, 18044, '2024-10-13 13:15:10', 1, 'Incorrect Item', 'Requested');"
572,18088,2026-08-21 18:14:42,2,Changed Mind,Completed,"INSERT INTO dbo.Returns (ReturnID, OrderDetailID, ReturnDate, ReturnQuantity, ReturnReason, ReturnStatus) VALUES (572, 18088, '2026-08-21 18:14:42', 2, 'Changed Mind', 'Completed');"
573,18164,2026-04-03 05:30:26,1,Late Arrival,Completed,"INSERT INTO dbo.Returns (ReturnID, OrderDetailID, ReturnDate, ReturnQuantity, ReturnReason, ReturnStatus) VALUES (573, 18164, '2026-04-03 05:30:26', 1, 'Late Arrival', 'Completed');"
574,18174,2026-03-08 11:09:12,1,Incorrect Item,Rejected,"INSERT INTO dbo.Returns (ReturnID, OrderDetailID, ReturnDate, ReturnQuantity, ReturnReason, ReturnStatus) VALUES (574, 18174, '2026-03-08 11:09:12', 1, 'Incorrect Item', 'Rejected');"
575,18209,2026-03-23 19:06:22,2,Late Arrival,Approved,"INSERT INTO dbo.Returns (ReturnID, OrderDetailID, ReturnDate, ReturnQuantity, ReturnReason, ReturnStatus) VALUES (575, 18209, '2026-03-23 19:06:22', 2, 'Late Arrival', 'Approved');"
576,18212,2024-11-09 02:31:53,2,Changed Mind,Completed,"INSERT INTO dbo.Returns (ReturnID, OrderDetailID, ReturnDate, ReturnQuantity, ReturnReason, ReturnStatus) VALUES (576, 18212, '2024-11-09 02:31:53', 2, 'Changed Mind', 'Completed');"
577,18245,2025-03-03 23:59:11,1,Late Arrival,Rejected,"INSERT INTO dbo.Returns (ReturnID, OrderDetailID, ReturnDate, ReturnQuantity, ReturnReason, ReturnStatus) VALUES (577, 18245, '2025-03-03 23:59:11', 1, 'Late Arrival', 'Rejected');"
578,18262,2026-08-15 09:25:19,2,Incorrect Item,Rejected,"INSERT INTO dbo.Returns (ReturnID, OrderDetailID, ReturnDate, ReturnQuantity, ReturnReason, ReturnStatus) VALUES (578, 18262, '2026-08-15 09:25:19', 2, 'Incorrect Item', 'Rejected');"
579,18276,2026-01-25 23:26:18,1,Changed Mind,Rejected,"INSERT INTO dbo.Returns (ReturnID, OrderDetailID, ReturnDate, ReturnQuantity, ReturnReason, ReturnStatus) VALUES (579, 18276, '2026-01-25 23:26:18', 1, 'Changed Mind', 'Rejected');"
580,18285,2025-07-22 01:17:16,1,Defective,Completed,"INSERT INTO dbo.Returns (ReturnID, OrderDetailID, ReturnDate, ReturnQuantity, ReturnReason, ReturnStatus) VALUES (580, 18285, '2025-07-22 01:17:16', 1, 'Defective', 'Completed');"
581,18291,2026-01-23 02:36:19,1,Late Arrival,Completed,"INSERT INTO dbo.Returns (ReturnID, OrderDetailID, ReturnDate, ReturnQuantity, ReturnReason, ReturnStatus) VALUES (581, 18291, '2026-01-23 02:36:19', 1, 'Late Arrival', 'Completed');"
582,18292,2026-01-27 02:36:19,2,Incorrect Item,Approved,"INSERT INTO dbo.Returns (ReturnID, OrderDetailID, ReturnDate, ReturnQuantity, ReturnReason, ReturnStatus) VALUES (582, 18292, '2026-01-27 02:36:19', 2, 'Incorrect Item', 'Approved');"
583,18342,2026-07-09 07:59:39,1,Late Arrival,Rejected,"INSERT INTO dbo.Returns (ReturnID, OrderDetailID, ReturnDate, ReturnQuantity, ReturnReason, ReturnStatus) VALUES (583, 18342, '2026-07-09 07:59:39', 1, 'Late Arrival', 'Rejected');"
584,18388,2026-09-02 14:48:35,1,Changed Mind,Requested,"INSERT INTO dbo.Returns (ReturnID, OrderDetailID, ReturnDate, ReturnQuantity, ReturnReason, ReturnStatus) VALUES (584, 18388, '2026-09-02 14:48:35', 1, 'Changed Mind', 'Requested');"
585,18390,2026-07-26 08:54:12,2,Late Arrival,Rejected,"INSERT INTO dbo.Returns (ReturnID, OrderDetailID, ReturnDate, ReturnQuantity, ReturnReason, ReturnStatus) VALUES (585, 18390, '2026-07-26 08:54:12', 2, 'Late Arrival', 'Rejected');"
586,18421,2026-03-21 07:11:44,1,Incorrect Item,Completed,"INSERT INTO dbo.Returns (ReturnID, OrderDetailID, ReturnDate, ReturnQuantity, ReturnReason, ReturnStatus) VALUES (586, 18421, '2026-03-21 07:11:44', 1, 'Incorrect Item', 'Completed');"
587,18447,2026-09-12 17:01:07,1,Late Arrival,Requested,"INSERT INTO dbo.Returns (ReturnID, OrderDetailID, ReturnDate, ReturnQuantity, ReturnReason, ReturnStatus) VALUES (587, 18447, '2026-09-12 17:01:07', 1, 'Late Arrival', 'Requested');"
588,18451,2025-11-28 03:28:50,1,Changed Mind,Rejected,"INSERT INTO dbo.Returns (ReturnID, OrderDetailID, ReturnDate, ReturnQuantity, ReturnReason, ReturnStatus) VALUES (588, 18451, '2025-11-28 03:28:50', 1, 'Changed Mind', 'Rejected');"
589,18474,2026-04-10 14:27:08,1,Defective,Completed,"INSERT INTO dbo.Returns (ReturnID, OrderDetailID, ReturnDate, ReturnQuantity, ReturnReason, ReturnStatus) VALUES (589, 18474, '2026-04-10 14:27:08', 1, 'Defective', 'Completed');"
590,18478,2026-07-12 18:54:51,2,Incorrect Item,Completed,"INSERT INTO dbo.Returns (ReturnID, OrderDetailID, ReturnDate, ReturnQuantity, ReturnReason, ReturnStatus) VALUES (590, 18478, '2026-07-12 18:54:51', 2, 'Incorrect Item', 'Completed');"
591,18506,2026-05-08 03:38:24,1,Late Arrival,Approved,"INSERT INTO dbo.Returns (ReturnID, OrderDetailID, ReturnDate, ReturnQuantity, ReturnReason, ReturnStatus) VALUES (591, 18506, '2026-05-08 03:38:24', 1, 'Late Arrival', 'Approved');"
592,18511,2026-05-21 20:29:51,1,Late Arrival,Requested,"INSERT INTO dbo.Returns (ReturnID, OrderDetailID, ReturnDate, ReturnQuantity, ReturnReason, ReturnStatus) VALUES (592, 18511, '2026-05-21 20:29:51', 1, 'Late Arrival', 'Requested');"
593,18540,2026-05-21 08:00:34,1,Incorrect Item,Approved,"INSERT INTO dbo.Returns (ReturnID, OrderDetailID, ReturnDate, ReturnQuantity, ReturnReason, ReturnStatus) VALUES (593, 18540, '2026-05-21 08:00:34', 1, 'Incorrect Item', 'Approved');"
594,18595,2026-08-24 21:02:56,1,Late Arrival,Completed,"INSERT INTO dbo.Returns (ReturnID, OrderDetailID, ReturnDate, ReturnQuantity, ReturnReason, ReturnStatus) VALUES (594, 18595, '2026-08-24 21:02:56', 1, 'Late Arrival', 'Completed');"
595,18632,2025-12-07 04:29:18,1,Late Arrival,Approved,"INSERT INTO dbo.Returns (ReturnID, OrderDetailID, ReturnDate, ReturnQuantity, ReturnReason, ReturnStatus) VALUES (595, 18632, '2025-12-07 04:29:18', 1, 'Late Arrival', 'Approved');"
596,18646,2026-04-28 09:24:57,2,Defective,Completed,"INSERT INTO dbo.Returns (ReturnID, OrderDetailID, ReturnDate, ReturnQuantity, ReturnReason, ReturnStatus) VALUES (596, 18646, '2026-04-28 09:24:57', 2, 'Defective', 'Completed');"
597,18654,2026-09-02 08:44:55,1,Changed Mind,Rejected,"INSERT INTO dbo.Returns (ReturnID, OrderDetailID, ReturnDate, ReturnQuantity, ReturnReason, ReturnStatus) VALUES (597, 18654, '2026-09-02 08:44:55', 1, 'Changed Mind', 'Rejected');"
598,18720,2026-04-30 07:42:26,1,Defective,Approved,"INSERT INTO dbo.Returns (ReturnID, OrderDetailID, ReturnDate, ReturnQuantity, ReturnReason, ReturnStatus) VALUES (598, 18720, '2026-04-30 07:42:26', 1, 'Defective', 'Approved');"
599,18743,2025-05-08 16:59:45,1,Late Arrival,Rejected,"INSERT INTO dbo.Returns (ReturnID, OrderDetailID, ReturnDate, ReturnQuantity, ReturnReason, ReturnStatus) VALUES (599, 18743, '2025-05-08 16:59:45', 1, 'Late Arrival', 'Rejected');"
600,18746,2025-05-29 02:39:00,1,Changed Mind,Rejected,"INSERT INTO dbo.Returns (ReturnID, OrderDetailID, ReturnDate, ReturnQuantity, ReturnReason, ReturnStatus) VALUES (600, 18746, '2025-05-29 02:39:00', 1, 'Changed Mind', 'Rejected');"
601,18752,2025-12-12 19:04:51,1,Defective,Completed,"INSERT INTO dbo.Returns (ReturnID, OrderDetailID, ReturnDate, ReturnQuantity, ReturnReason, ReturnStatus) VALUES (601, 18752, '2025-12-12 19:04:51', 1, 'Defective', 'Completed');"
602,18756,2026-09-05 18:01:21,2,Defective,Completed,"INSERT INTO dbo.Returns (ReturnID, OrderDetailID, ReturnDate, ReturnQuantity, ReturnReason, ReturnStatus) VALUES (602, 18756, '2026-09-05 18:01:21', 2, 'Defective', 'Completed');"
603,18766,2026-02-11 11:36:53,1,Changed Mind,Approved,"INSERT INTO dbo.Returns (ReturnID, OrderDetailID, ReturnDate, ReturnQuantity, ReturnReason, ReturnStatus) VALUES (603, 18766, '2026-02-11 11:36:53', 1, 'Changed Mind', 'Approved');"
604,18808,2026-05-16 01:57:29,3,Defective,Requested,"INSERT INTO dbo.Returns (ReturnID, OrderDetailID, ReturnDate, ReturnQuantity, ReturnReason, ReturnStatus) VALUES (604, 18808, '2026-05-16 01:57:29', 3, 'Defective', 'Requested');"
605,18813,2026-06-24 15:04:51,1,Late Arrival,Completed,"INSERT INTO dbo.Returns (ReturnID, OrderDetailID, ReturnDate, ReturnQuantity, ReturnReason, ReturnStatus) VALUES (605, 18813, '2026-06-24 15:04:51', 1, 'Late Arrival', 'Completed');"
606,18833,2026-02-18 00:56:10,2,Late Arrival,Completed,"INSERT INTO dbo.Returns (ReturnID, OrderDetailID, ReturnDate, ReturnQuantity, ReturnReason, ReturnStatus) VALUES (606, 18833, '2026-02-18 00:56:10', 2, 'Late Arrival', 'Completed');"
607,18890,2025-09-24 04:22:43,1,Defective,Completed,"INSERT INTO dbo.Returns (ReturnID, OrderDetailID, ReturnDate, ReturnQuantity, ReturnReason, ReturnStatus) VALUES (607, 18890, '2025-09-24 04:22:43', 1, 'Defective', 'Completed');"
608,18962,2025-12-08 18:14:08,1,Changed Mind,Completed,"INSERT INTO dbo.Returns (ReturnID, OrderDetailID, ReturnDate, ReturnQuantity, ReturnReason, ReturnStatus) VALUES (608, 18962, '2025-12-08 18:14:08', 1, 'Changed Mind', 'Completed');"
609,18963,2025-12-21 18:14:08,1,Incorrect Item,Rejected,"INSERT INTO dbo.Returns (ReturnID, OrderDetailID, ReturnDate, ReturnQuantity, ReturnReason, ReturnStatus) VALUES (609, 18963, '2025-12-21 18:14:08', 1, 'Incorrect Item', 'Rejected');"
610,18979,2025-09-02 12:31:08,1,Defective,Completed,"INSERT INTO dbo.Returns (ReturnID, OrderDetailID, ReturnDate, ReturnQuantity, ReturnReason, ReturnStatus) VALUES (610, 18979, '2025-09-02 12:31:08', 1, 'Defective', 'Completed');"
611,18980,2025-08-25 12:31:08,1,Incorrect Item,Requested,"INSERT INTO dbo.Returns (ReturnID, OrderDetailID, ReturnDate, ReturnQuantity, ReturnReason, ReturnStatus) VALUES (611, 18980, '2025-08-25 12:31:08', 1, 'Incorrect Item', 'Requested');"
612,19019,2025-12-31 12:17:03,1,Defective,Approved,"INSERT INTO dbo.Returns (ReturnID, OrderDetailID, ReturnDate, ReturnQuantity, ReturnReason, ReturnStatus) VALUES (612, 19019, '2025-12-31 12:17:03', 1, 'Defective', 'Approved');"
613,19037,2024-07-18 09:24:06,1,Changed Mind,Approved,"INSERT INTO dbo.Returns (ReturnID, OrderDetailID, ReturnDate, ReturnQuantity, ReturnReason, ReturnStatus) VALUES (613, 19037, '2024-07-18 09:24:06', 1, 'Changed Mind', 'Approved');"
614,19043,2025-02-16 20:52:33,2,Incorrect Item,Completed,"INSERT INTO dbo.Returns (ReturnID, OrderDetailID, ReturnDate, ReturnQuantity, ReturnReason, ReturnStatus) VALUES (614, 19043, '2025-02-16 20:52:33', 2, 'Incorrect Item', 'Completed');"
615,19050,2025-09-29 06:52:43,1,Incorrect Item,Approved,"INSERT INTO dbo.Returns (ReturnID, OrderDetailID, ReturnDate, ReturnQuantity, ReturnReason, ReturnStatus) VALUES (615, 19050, '2025-09-29 06:52:43', 1, 'Incorrect Item', 'Approved');"
616,19177,2026-08-27 17:47:20,1,Changed Mind,Rejected,"INSERT INTO dbo.Returns (ReturnID, OrderDetailID, ReturnDate, ReturnQuantity, ReturnReason, ReturnStatus) VALUES (616, 19177, '2026-08-27 17:47:20', 1, 'Changed Mind', 'Rejected');"
617,19193,2025-12-11 03:02:23,1,Incorrect Item,Approved,"INSERT INTO dbo.Returns (ReturnID, OrderDetailID, ReturnDate, ReturnQuantity, ReturnReason, ReturnStatus) VALUES (617, 19193, '2025-12-11 03:02:23', 1, 'Incorrect Item', 'Approved');"
618,19212,2025-03-23 07:20:22,2,Incorrect Item,Approved,"INSERT INTO dbo.Returns (ReturnID, OrderDetailID, ReturnDate, ReturnQuantity, ReturnReason, ReturnStatus) VALUES (618, 19212, '2025-03-23 07:20:22', 2, 'Incorrect Item', 'Approved');"
619,19216,2025-10-11 13:17:34,1,Changed Mind,Rejected,"INSERT INTO dbo.Returns (ReturnID, OrderDetailID, ReturnDate, ReturnQuantity, ReturnReason, ReturnStatus) VALUES (619, 19216, '2025-10-11 13:17:34', 1, 'Changed Mind', 'Rejected');"
620,19249,2024-02-19 11:52:42,1,Defective,Requested,"INSERT INTO dbo.Returns (ReturnID, OrderDetailID, ReturnDate, ReturnQuantity, ReturnReason, ReturnStatus) VALUES (620, 19249, '2024-02-19 11:52:42', 1, 'Defective', 'Requested');"
621,19268,2026-08-05 06:14:37,2,Changed Mind,Requested,"INSERT INTO dbo.Returns (ReturnID, OrderDetailID, ReturnDate, ReturnQuantity, ReturnReason, ReturnStatus) VALUES (621, 19268, '2026-08-05 06:14:37', 2, 'Changed Mind', 'Requested');"
622,19292,2025-11-30 06:53:36,1,Incorrect Item,Rejected,"INSERT INTO dbo.Returns (ReturnID, OrderDetailID, ReturnDate, ReturnQuantity, ReturnReason, ReturnStatus) VALUES (622, 19292, '2025-11-30 06:53:36', 1, 'Incorrect Item', 'Rejected');"
623,19294,2026-05-03 23:54:36,2,Defective,Approved,"INSERT INTO dbo.Returns (ReturnID, OrderDetailID, ReturnDate, ReturnQuantity, ReturnReason, ReturnStatus) VALUES (623, 19294, '2026-05-03 23:54:36', 2, 'Defective', 'Approved');"
624,19375,2026-05-24 14:02:29,1,Incorrect Item,Requested,"INSERT INTO dbo.Returns (ReturnID, OrderDetailID, ReturnDate, ReturnQuantity, ReturnReason, ReturnStatus) VALUES (624, 19375, '2026-05-24 14:02:29', 1, 'Incorrect Item', 'Requested');"
625,19406,2025-07-20 17:33:17,1,Changed Mind,Requested,"INSERT INTO dbo.Returns (ReturnID, OrderDetailID, ReturnDate, ReturnQuantity, ReturnReason, ReturnStatus) VALUES (625, 19406, '2025-07-20 17:33:17', 1, 'Changed Mind', 'Requested');"
626,19422,2025-05-21 00:30:41,1,Late Arrival,Approved,"INSERT INTO dbo.Returns (ReturnID, OrderDetailID, ReturnDate, ReturnQuantity, ReturnReason, ReturnStatus) VALUES (626, 19422, '2025-05-21 00:30:41', 1, 'Late Arrival', 'Approved');"
627,19430,2024-08-11 22:31:05,1,Incorrect Item,Requested,"INSERT INTO dbo.Returns (ReturnID, OrderDetailID, ReturnDate, ReturnQuantity, ReturnReason, ReturnStatus) VALUES (627, 19430, '2024-08-11 22:31:05', 1, 'Incorrect Item', 'Requested');"
628,19448,2023-12-28 01:37:00,1,Defective,Rejected,"INSERT INTO dbo.Returns (ReturnID, OrderDetailID, ReturnDate, ReturnQuantity, ReturnReason, ReturnStatus) VALUES (628, 19448, '2023-12-28 01:37:00', 1, 'Defective', 'Rejected');"
629,19473,2026-06-30 19:12:42,1,Incorrect Item,Completed,"INSERT INTO dbo.Returns (ReturnID, OrderDetailID, ReturnDate, ReturnQuantity, ReturnReason, ReturnStatus) VALUES (629, 19473, '2026-06-30 19:12:42', 1, 'Incorrect Item', 'Completed');"
630,19506,2026-08-25 10:09:27,1,Incorrect Item,Completed,"INSERT INTO dbo.Returns (ReturnID, OrderDetailID, ReturnDate, ReturnQuantity, ReturnReason, ReturnStatus) VALUES (630, 19506, '2026-08-25 10:09:27', 1, 'Incorrect Item', 'Completed');"
631,19517,2026-08-12 06:20:42,1,Incorrect Item,Requested,"INSERT INTO dbo.Returns (ReturnID, OrderDetailID, ReturnDate, ReturnQuantity, ReturnReason, ReturnStatus) VALUES (631, 19517, '2026-08-12 06:20:42', 1, 'Incorrect Item', 'Requested');"
632,19539,2025-06-30 07:49:13,4,Changed Mind,Requested,"INSERT INTO dbo.Returns (ReturnID, OrderDetailID, ReturnDate, ReturnQuantity, ReturnReason, ReturnStatus) VALUES (632, 19539, '2025-06-30 07:49:13', 4, 'Changed Mind', 'Requested');"
633,19562,2025-10-13 18:34:57,1,Defective,Rejected,"INSERT INTO dbo.Returns (ReturnID, OrderDetailID, ReturnDate, ReturnQuantity, ReturnReason, ReturnStatus) VALUES (633, 19562, '2025-10-13 18:34:57', 1, 'Defective', 'Rejected');"
634,19563,2026-08-17 06:31:18,2,Defective,Completed,"INSERT INTO dbo.Returns (ReturnID, OrderDetailID, ReturnDate, ReturnQuantity, ReturnReason, ReturnStatus) VALUES (634, 19563, '2026-08-17 06:31:18', 2, 'Defective', 'Completed');"
635,19568,2026-06-05 00:16:22,1,Late Arrival,Completed,"INSERT INTO dbo.Returns (ReturnID, OrderDetailID, ReturnDate, ReturnQuantity, ReturnReason, ReturnStatus) VALUES (635, 19568, '2026-06-05 00:16:22', 1, 'Late Arrival', 'Completed');"
636,19609,2025-11-08 20:46:44,1,Defective,Approved,"INSERT INTO dbo.Returns (ReturnID, OrderDetailID, ReturnDate, ReturnQuantity, ReturnReason, ReturnStatus) VALUES (636, 19609, '2025-11-08 20:46:44', 1, 'Defective', 'Approved');"
637,19612,2026-09-03 12:59:56,1,Late Arrival,Rejected,"INSERT INTO dbo.Returns (ReturnID, OrderDetailID, ReturnDate, ReturnQuantity, ReturnReason, ReturnStatus) VALUES (637, 19612, '2026-09-03 12:59:56', 1, 'Late Arrival', 'Rejected');"
638,19641,2025-09-21 07:12:09,1,Changed Mind,Completed,"INSERT INTO dbo.Returns (ReturnID, OrderDetailID, ReturnDate, ReturnQuantity, ReturnReason, ReturnStatus) VALUES (638, 19641, '2025-09-21 07:12:09', 1, 'Changed Mind', 'Completed');"
639,19646,2026-05-01 14:47:08,1,Incorrect Item,Approved,"INSERT INTO dbo.Returns (ReturnID, OrderDetailID, ReturnDate, ReturnQuantity, ReturnReason, ReturnStatus) VALUES (639, 19646, '2026-05-01 14:47:08', 1, 'Incorrect Item', 'Approved');"
640,19693,2026-06-09 23:16:28,2,Changed Mind,Approved,"INSERT INTO dbo.Returns (ReturnID, OrderDetailID, ReturnDate, ReturnQuantity, ReturnReason, ReturnStatus) VALUES (640, 19693, '2026-06-09 23:16:28', 2, 'Changed Mind', 'Approved');"
641,19698,2024-06-09 06:20:00,1,Incorrect Item,Approved,"INSERT INTO dbo.Returns (ReturnID, OrderDetailID, ReturnDate, ReturnQuantity, ReturnReason, ReturnStatus) VALUES (641, 19698, '2024-06-09 06:20:00', 1, 'Incorrect Item', 'Approved');"
642,19701,2026-06-23 17:33:37,1,Defective,Approved,"INSERT INTO dbo.Returns (ReturnID, OrderDetailID, ReturnDate, ReturnQuantity, ReturnReason, ReturnStatus) VALUES (642, 19701, '2026-06-23 17:33:37', 1, 'Defective', 'Approved');"
643,19776,2025-04-08 16:16:21,2,Defective,Rejected,"INSERT INTO dbo.Returns (ReturnID, OrderDetailID, ReturnDate, ReturnQuantity, ReturnReason, ReturnStatus) VALUES (643, 19776, '2025-04-08 16:16:21', 2, 'Defective', 'Rejected');"
644,19781,2026-04-06 06:07:43,2,Late Arrival,Approved,"INSERT INTO dbo.Returns (ReturnID, OrderDetailID, ReturnDate, ReturnQuantity, ReturnReason, ReturnStatus) VALUES (644, 19781, '2026-04-06 06:07:43', 2, 'Late Arrival', 'Approved');"
645,19785,2026-07-27 14:48:12,1,Changed Mind,Completed,"INSERT INTO dbo.Returns (ReturnID, OrderDetailID, ReturnDate, ReturnQuantity, ReturnReason, ReturnStatus) VALUES (645, 19785, '2026-07-27 14:48:12', 1, 'Changed Mind', 'Completed');"
646,19786,2026-07-22 14:48:12,2,Changed Mind,Requested,"INSERT INTO dbo.Returns (ReturnID, OrderDetailID, ReturnDate, ReturnQuantity, ReturnReason, ReturnStatus) VALUES (646, 19786, '2026-07-22 14:48:12', 2, 'Changed Mind', 'Requested');"
647,19798,2026-02-04 01:28:00,1,Defective,Requested,"INSERT INTO dbo.Returns (ReturnID, OrderDetailID, ReturnDate, ReturnQuantity, ReturnReason, ReturnStatus) VALUES (647, 19798, '2026-02-04 01:28:00', 1, 'Defective', 'Requested');"
648,19816,2026-03-19 12:03:43,2,Incorrect Item,Rejected,"INSERT INTO dbo.Returns (ReturnID, OrderDetailID, ReturnDate, ReturnQuantity, ReturnReason, ReturnStatus) VALUES (648, 19816, '2026-03-19 12:03:43', 2, 'Incorrect Item', 'Rejected');"
649,19827,2026-04-29 02:38:56,1,Late Arrival,Requested,"INSERT INTO dbo.Returns (ReturnID, OrderDetailID, ReturnDate, ReturnQuantity, ReturnReason, ReturnStatus) VALUES (649, 19827, '2026-04-29 02:38:56', 1, 'Late Arrival', 'Requested');"
650,19884,2025-03-27 12:00:07,1,Late Arrival,Rejected,"INSERT INTO dbo.Returns (ReturnID, OrderDetailID, ReturnDate, ReturnQuantity, ReturnReason, ReturnStatus) VALUES (650, 19884, '2025-03-27 12:00:07', 1, 'Late Arrival', 'Rejected');"
651,19921,2025-09-11 02:07:20,1,Incorrect Item,Approved,"INSERT INTO dbo.Returns (ReturnID, OrderDetailID, ReturnDate, ReturnQuantity, ReturnReason, ReturnStatus) VALUES (651, 19921, '2025-09-11 02:07:20', 1, 'Incorrect Item', 'Approved');"
652,19937,2025-01-22 03:33:56,1,Incorrect Item,Completed,"INSERT INTO dbo.Returns (ReturnID, OrderDetailID, ReturnDate, ReturnQuantity, ReturnReason, ReturnStatus) VALUES (652, 19937, '2025-01-22 03:33:56', 1, 'Incorrect Item', 'Completed');"
653,19968,2025-08-30 02:00:19,2,Incorrect Item,Rejected,"INSERT INTO dbo.Returns (ReturnID, OrderDetailID, ReturnDate, ReturnQuantity, ReturnReason, ReturnStatus) VALUES (653, 19968, '2025-08-30 02:00:19', 2, 'Incorrect Item', 'Rejected');"
654,19974,2025-01-26 11:09:58,1,Defective,Completed,"INSERT INTO dbo.Returns (ReturnID, OrderDetailID, ReturnDate, ReturnQuantity, ReturnReason, ReturnStatus) VALUES (654, 19974, '2025-01-26 11:09:58', 1, 'Defective', 'Completed');"
655,19994,2026-02-17 01:20:02,1,Defective,Requested,"INSERT INTO dbo.Returns (ReturnID, OrderDetailID, ReturnDate, ReturnQuantity, ReturnReason, ReturnStatus) VALUES (655, 19994, '2026-02-17 01:20:02', 1, 'Defective', 'Requested');"
656,20002,2026-07-14 23:24:25,1,Defective,Completed,"INSERT INTO dbo.Returns (ReturnID, OrderDetailID, ReturnDate, ReturnQuantity, ReturnReason, ReturnStatus) VALUES (656, 20002, '2026-07-14 23:24:25', 1, 'Defective', 'Completed');"
657,20043,2026-06-30 19:00:50,1,Defective,Completed,"INSERT INTO dbo.Returns (ReturnID, OrderDetailID, ReturnDate, ReturnQuantity, ReturnReason, ReturnStatus) VALUES (657, 20043, '2026-06-30 19:00:50', 1, 'Defective', 'Completed');"
658,20082,2026-08-23 17:34:23,1,Incorrect Item,Approved,"INSERT INTO dbo.Returns (ReturnID, OrderDetailID, ReturnDate, ReturnQuantity, ReturnReason, ReturnStatus) VALUES (658, 20082, '2026-08-23 17:34:23', 1, 'Incorrect Item', 'Approved');"
659,20110,2024-06-05 10:44:22,1,Incorrect Item,Completed,"INSERT INTO dbo.Returns (ReturnID, OrderDetailID, ReturnDate, ReturnQuantity, ReturnReason, ReturnStatus) VALUES (659, 20110, '2024-06-05 10:44:22', 1, 'Incorrect Item', 'Completed');"
660,20131,2025-07-20 18:55:46,5,Incorrect Item,Requested,"INSERT INTO dbo.Returns (ReturnID, OrderDetailID, ReturnDate, ReturnQuantity, ReturnReason, ReturnStatus) VALUES (660, 20131, '2025-07-20 18:55:46', 5, 'Incorrect Item', 'Requested');"
661,20215,2024-04-02 21:47:14,2,Late Arrival,Approved,"INSERT INTO dbo.Returns (ReturnID, OrderDetailID, ReturnDate, ReturnQuantity, ReturnReason, ReturnStatus) VALUES (661, 20215, '2024-04-02 21:47:14', 2, 'Late Arrival', 'Approved');"
662,20249,2025-12-15 00:04:41,1,Incorrect Item,Rejected,"INSERT INTO dbo.Returns (ReturnID, OrderDetailID, ReturnDate, ReturnQuantity, ReturnReason, ReturnStatus) VALUES (662, 20249, '2025-12-15 00:04:41', 1, 'Incorrect Item', 'Rejected');"
663,20300,2025-08-19 20:53:26,1,Changed Mind,Approved,"INSERT INTO dbo.Returns (ReturnID, OrderDetailID, ReturnDate, ReturnQuantity, ReturnReason, ReturnStatus) VALUES (663, 20300, '2025-08-19 20:53:26', 1, 'Changed Mind', 'Approved');"
664,20301,2025-08-17 20:53:26,1,Late Arrival,Completed,"INSERT INTO dbo.Returns (ReturnID, OrderDetailID, ReturnDate, ReturnQuantity, ReturnReason, ReturnStatus) VALUES (664, 20301, '2025-08-17 20:53:26', 1, 'Late Arrival', 'Completed');"
665,20314,2026-06-30 09:28:49,1,Incorrect Item,Completed,"INSERT INTO dbo.Returns (ReturnID, OrderDetailID, ReturnDate, ReturnQuantity, ReturnReason, ReturnStatus) VALUES (665, 20314, '2026-06-30 09:28:49', 1, 'Incorrect Item', 'Completed');"
666,20320,2024-09-28 22:22:04,2,Incorrect Item,Rejected,"INSERT INTO dbo.Returns (ReturnID, OrderDetailID, ReturnDate, ReturnQuantity, ReturnReason, ReturnStatus) VALUES (666, 20320, '2024-09-28 22:22:04', 2, 'Incorrect Item', 'Rejected');"
667,20335,2026-07-18 06:20:06,1,Changed Mind,Rejected,"INSERT INTO dbo.Returns (ReturnID, OrderDetailID, ReturnDate, ReturnQuantity, ReturnReason, ReturnStatus) VALUES (667, 20335, '2026-07-18 06:20:06', 1, 'Changed Mind', 'Rejected');"
668,20346,2026-02-08 04:00:30,3,Late Arrival,Rejected,"INSERT INTO dbo.Returns (ReturnID, OrderDetailID, ReturnDate, ReturnQuantity, ReturnReason, ReturnStatus) VALUES (668, 20346, '2026-02-08 04:00:30', 3, 'Late Arrival', 'Rejected');"
669,20367,2026-04-25 18:21:37,3,Late Arrival,Rejected,"INSERT INTO dbo.Returns (ReturnID, OrderDetailID, ReturnDate, ReturnQuantity, ReturnReason, ReturnStatus) VALUES (669, 20367, '2026-04-25 18:21:37', 3, 'Late Arrival', 'Rejected');"
670,20446,2025-07-16 17:39:49,1,Changed Mind,Completed,"INSERT INTO dbo.Returns (ReturnID, OrderDetailID, ReturnDate, ReturnQuantity, ReturnReason, ReturnStatus) VALUES (670, 20446, '2025-07-16 17:39:49', 1, 'Changed Mind', 'Completed');"
671,20449,2026-04-08 21:48:56,2,Defective,Approved,"INSERT INTO dbo.Returns (ReturnID, OrderDetailID, ReturnDate, ReturnQuantity, ReturnReason, ReturnStatus) VALUES (671, 20449, '2026-04-08 21:48:56', 2, 'Defective', 'Approved');"
672,20451,2026-04-03 21:48:56,2,Defective,Approved,"INSERT INTO dbo.Returns (ReturnID, OrderDetailID, ReturnDate, ReturnQuantity, ReturnReason, ReturnStatus) VALUES (672, 20451, '2026-04-03 21:48:56', 2, 'Defective', 'Approved');"
673,20483,2025-05-07 06:39:12,2,Late Arrival,Rejected,"INSERT INTO dbo.Returns (ReturnID, OrderDetailID, ReturnDate, ReturnQuantity, ReturnReason, ReturnStatus) VALUES (673, 20483, '2025-05-07 06:39:12', 2, 'Late Arrival', 'Rejected');"
674,20498,2024-08-05 11:51:37,1,Incorrect Item,Completed,"INSERT INTO dbo.Returns (ReturnID, OrderDetailID, ReturnDate, ReturnQuantity, ReturnReason, ReturnStatus) VALUES (674, 20498, '2024-08-05 11:51:37', 1, 'Incorrect Item', 'Completed');"
675,20500,2026-07-28 06:05:22,2,Defective,Rejected,"INSERT INTO dbo.Returns (ReturnID, OrderDetailID, ReturnDate, ReturnQuantity, ReturnReason, ReturnStatus) VALUES (675, 20500, '2026-07-28 06:05:22', 2, 'Defective', 'Rejected');"
676,20514,2025-06-29 18:25:28,1,Defective,Rejected,"INSERT INTO dbo.Returns (ReturnID, OrderDetailID, ReturnDate, ReturnQuantity, ReturnReason, ReturnStatus) VALUES (676, 20514, '2025-06-29 18:25:28', 1, 'Defective', 'Rejected');"
677,20545,2025-10-27 13:48:15,2,Incorrect Item,Rejected,"INSERT INTO dbo.Returns (ReturnID, OrderDetailID, ReturnDate, ReturnQuantity, ReturnReason, ReturnStatus) VALUES (677, 20545, '2025-10-27 13:48:15', 2, 'Incorrect Item', 'Rejected');"
678,20568,2026-05-11 05:37:13,1,Late Arrival,Approved,"INSERT INTO dbo.Returns (ReturnID, OrderDetailID, ReturnDate, ReturnQuantity, ReturnReason, ReturnStatus) VALUES (678, 20568, '2026-05-11 05:37:13', 1, 'Late Arrival', 'Approved');"
679,20605,2025-06-05 23:38:31,1,Changed Mind,Rejected,"INSERT INTO dbo.Returns (ReturnID, OrderDetailID, ReturnDate, ReturnQuantity, ReturnReason, ReturnStatus) VALUES (679, 20605, '2025-06-05 23:38:31', 1, 'Changed Mind', 'Rejected');"
680,20615,2026-01-01 01:31:33,3,Incorrect Item,Rejected,"INSERT INTO dbo.Returns (ReturnID, OrderDetailID, ReturnDate, ReturnQuantity, ReturnReason, ReturnStatus) VALUES (680, 20615, '2026-01-01 01:31:33', 3, 'Incorrect Item', 'Rejected');"
681,20623,2024-11-27 15:26:42,1,Defective,Approved,"INSERT INTO dbo.Returns (ReturnID, OrderDetailID, ReturnDate, ReturnQuantity, ReturnReason, ReturnStatus) VALUES (681, 20623, '2024-11-27 15:26:42', 1, 'Defective', 'Approved');"
682,20642,2025-07-19 14:02:45,1,Incorrect Item,Approved,"INSERT INTO dbo.Returns (ReturnID, OrderDetailID, ReturnDate, ReturnQuantity, ReturnReason, ReturnStatus) VALUES (682, 20642, '2025-07-19 14:02:45', 1, 'Incorrect Item', 'Approved');"
683,20690,2026-08-07 01:40:15,1,Incorrect Item,Rejected,"INSERT INTO dbo.Returns (ReturnID, OrderDetailID, ReturnDate, ReturnQuantity, ReturnReason, ReturnStatus) VALUES (683, 20690, '2026-08-07 01:40:15', 1, 'Incorrect Item', 'Rejected');"
684,20719,2026-05-25 20:06:03,1,Changed Mind,Approved,"INSERT INTO dbo.Returns (ReturnID, OrderDetailID, ReturnDate, ReturnQuantity, ReturnReason, ReturnStatus) VALUES (684, 20719, '2026-05-25 20:06:03', 1, 'Changed Mind', 'Approved');"
685,20732,2025-12-27 12:04:47,1,Changed Mind,Approved,"INSERT INTO dbo.Returns (ReturnID, OrderDetailID, ReturnDate, ReturnQuantity, ReturnReason, ReturnStatus) VALUES (685, 20732, '2025-12-27 12:04:47', 1, 'Changed Mind', 'Approved');"
686,20867,2026-01-31 02:22:24,1,Changed Mind,Requested,"INSERT INTO dbo.Returns (ReturnID, OrderDetailID, ReturnDate, ReturnQuantity, ReturnReason, ReturnStatus) VALUES (686, 20867, '2026-01-31 02:22:24', 1, 'Changed Mind', 'Requested');"
687,20892,2025-07-15 08:31:49,1,Changed Mind,Rejected,"INSERT INTO dbo.Returns (ReturnID, OrderDetailID, ReturnDate, ReturnQuantity, ReturnReason, ReturnStatus) VALUES (687, 20892, '2025-07-15 08:31:49', 1, 'Changed Mind', 'Rejected');"
688,20899,2025-07-14 14:29:21,1,Incorrect Item,Approved,"INSERT INTO dbo.Returns (ReturnID, OrderDetailID, ReturnDate, ReturnQuantity, ReturnReason, ReturnStatus) VALUES (688, 20899, '2025-07-14 14:29:21', 1, 'Incorrect Item', 'Approved');"
689,20916,2025-07-02 17:23:23,1,Incorrect Item,Requested,"INSERT INTO dbo.Returns (ReturnID, OrderDetailID, ReturnDate, ReturnQuantity, ReturnReason, ReturnStatus) VALUES (689, 20916, '2025-07-02 17:23:23', 1, 'Incorrect Item', 'Requested');"
690,20917,2025-06-20 17:23:23,2,Incorrect Item,Approved,"INSERT INTO dbo.Returns (ReturnID, OrderDetailID, ReturnDate, ReturnQuantity, ReturnReason, ReturnStatus) VALUES (690, 20917, '2025-06-20 17:23:23', 2, 'Incorrect Item', 'Approved');"
691,20919,2026-02-03 08:08:37,1,Incorrect Item,Completed,"INSERT INTO dbo.Returns (ReturnID, OrderDetailID, ReturnDate, ReturnQuantity, ReturnReason, ReturnStatus) VALUES (691, 20919, '2026-02-03 08:08:37', 1, 'Incorrect Item', 'Completed');"
692,20928,2026-01-02 01:33:28,1,Changed Mind,Rejected,"INSERT INTO dbo.Returns (ReturnID, OrderDetailID, ReturnDate, ReturnQuantity, ReturnReason, ReturnStatus) VALUES (692, 20928, '2026-01-02 01:33:28', 1, 'Changed Mind', 'Rejected');"
693,20932,2026-06-05 15:42:45,1,Defective,Approved,"INSERT INTO dbo.Returns (ReturnID, OrderDetailID, ReturnDate, ReturnQuantity, ReturnReason, ReturnStatus) VALUES (693, 20932, '2026-06-05 15:42:45', 1, 'Defective', 'Approved');"
694,21014,2026-08-20 00:30:49,1,Incorrect Item,Rejected,"INSERT INTO dbo.Returns (ReturnID, OrderDetailID, ReturnDate, ReturnQuantity, ReturnReason, ReturnStatus) VALUES (694, 21014, '2026-08-20 00:30:49', 1, 'Incorrect Item', 'Rejected');"
695,21046,2026-04-07 10:25:20,1,Changed Mind,Approved,"INSERT INTO dbo.Returns (ReturnID, OrderDetailID, ReturnDate, ReturnQuantity, ReturnReason, ReturnStatus) VALUES (695, 21046, '2026-04-07 10:25:20', 1, 'Changed Mind', 'Approved');"
696,21060,2026-06-07 03:08:02,1,Defective,Requested,"INSERT INTO dbo.Returns (ReturnID, OrderDetailID, ReturnDate, ReturnQuantity, ReturnReason, ReturnStatus) VALUES (696, 21060, '2026-06-07 03:08:02', 1, 'Defective', 'Requested');"
697,21090,2025-12-08 04:13:39,2,Defective,Completed,"INSERT INTO dbo.Returns (ReturnID, OrderDetailID, ReturnDate, ReturnQuantity, ReturnReason, ReturnStatus) VALUES (697, 21090, '2025-12-08 04:13:39', 2, 'Defective', 'Completed');"
698,21099,2025-09-14 00:01:35,1,Late Arrival,Approved,"INSERT INTO dbo.Returns (ReturnID, OrderDetailID, ReturnDate, ReturnQuantity, ReturnReason, ReturnStatus) VALUES (698, 21099, '2025-09-14 00:01:35', 1, 'Late Arrival', 'Approved');"
699,21132,2024-07-02 02:26:55,1,Incorrect Item,Requested,"INSERT INTO dbo.Returns (ReturnID, OrderDetailID, ReturnDate, ReturnQuantity, ReturnReason, ReturnStatus) VALUES (699, 21132, '2024-07-02 02:26:55', 1, 'Incorrect Item', 'Requested');"
700,21171,2024-10-12 20:08:14,1,Late Arrival,Approved,"INSERT INTO dbo.Returns (ReturnID, OrderDetailID, ReturnDate, ReturnQuantity, ReturnReason, ReturnStatus) VALUES (700, 21171, '2024-10-12 20:08:14', 1, 'Late Arrival', 'Approved');"
701,21319,2024-05-16 04:55:21,1,Incorrect Item,Approved,"INSERT INTO dbo.Returns (ReturnID, OrderDetailID, ReturnDate, ReturnQuantity, ReturnReason, ReturnStatus) VALUES (701, 21319, '2024-05-16 04:55:21', 1, 'Incorrect Item', 'Approved');"
702,21336,2025-11-07 11:14:38,1,Changed Mind,Rejected,"INSERT INTO dbo.Returns (ReturnID, OrderDetailID, ReturnDate, ReturnQuantity, ReturnReason, ReturnStatus) VALUES (702, 21336, '2025-11-07 11:14:38', 1, 'Changed Mind', 'Rejected');"
703,21346,2025-11-06 07:00:33,2,Defective,Rejected,"INSERT INTO dbo.Returns (ReturnID, OrderDetailID, ReturnDate, ReturnQuantity, ReturnReason, ReturnStatus) VALUES (703, 21346, '2025-11-06 07:00:33', 2, 'Defective', 'Rejected');"
704,21376,2026-05-10 15:51:14,1,Changed Mind,Approved,"INSERT INTO dbo.Returns (ReturnID, OrderDetailID, ReturnDate, ReturnQuantity, ReturnReason, ReturnStatus) VALUES (704, 21376, '2026-05-10 15:51:14', 1, 'Changed Mind', 'Approved');"
705,21411,2026-04-27 00:34:00,1,Changed Mind,Rejected,"INSERT INTO dbo.Returns (ReturnID, OrderDetailID, ReturnDate, ReturnQuantity, ReturnReason, ReturnStatus) VALUES (705, 21411, '2026-04-27 00:34:00', 1, 'Changed Mind', 'Rejected');"
706,21415,2026-08-26 03:04:58,1,Incorrect Item,Completed,"INSERT INTO dbo.Returns (ReturnID, OrderDetailID, ReturnDate, ReturnQuantity, ReturnReason, ReturnStatus) VALUES (706, 21415, '2026-08-26 03:04:58', 1, 'Incorrect Item', 'Completed');"
707,21424,2025-08-03 20:07:01,2,Changed Mind,Approved,"INSERT INTO dbo.Returns (ReturnID, OrderDetailID, ReturnDate, ReturnQuantity, ReturnReason, ReturnStatus) VALUES (707, 21424, '2025-08-03 20:07:01', 2, 'Changed Mind', 'Approved');"
708,21433,2026-04-11 05:17:16,1,Changed Mind,Completed,"INSERT INTO dbo.Returns (ReturnID, OrderDetailID, ReturnDate, ReturnQuantity, ReturnReason, ReturnStatus) VALUES (708, 21433, '2026-04-11 05:17:16', 1, 'Changed Mind', 'Completed');"
709,21437,2024-12-28 10:42:46,1,Changed Mind,Rejected,"INSERT INTO dbo.Returns (ReturnID, OrderDetailID, ReturnDate, ReturnQuantity, ReturnReason, ReturnStatus) VALUES (709, 21437, '2024-12-28 10:42:46', 1, 'Changed Mind', 'Rejected');"
710,21508,2026-03-31 15:56:49,2,Late Arrival,Approved,"INSERT INTO dbo.Returns (ReturnID, OrderDetailID, ReturnDate, ReturnQuantity, ReturnReason, ReturnStatus) VALUES (710, 21508, '2026-03-31 15:56:49', 2, 'Late Arrival', 'Approved');"
711,21517,2026-04-09 09:50:29,1,Late Arrival,Completed,"INSERT INTO dbo.Returns (ReturnID, OrderDetailID, ReturnDate, ReturnQuantity, ReturnReason, ReturnStatus) VALUES (711, 21517, '2026-04-09 09:50:29', 1, 'Late Arrival', 'Completed');"
712,21565,2026-04-15 16:41:59,1,Late Arrival,Requested,"INSERT INTO dbo.Returns (ReturnID, OrderDetailID, ReturnDate, ReturnQuantity, ReturnReason, ReturnStatus) VALUES (712, 21565, '2026-04-15 16:41:59', 1, 'Late Arrival', 'Requested');"
713,21593,2026-08-17 00:34:37,1,Incorrect Item,Completed,"INSERT INTO dbo.Returns (ReturnID, OrderDetailID, ReturnDate, ReturnQuantity, ReturnReason, ReturnStatus) VALUES (713, 21593, '2026-08-17 00:34:37', 1, 'Incorrect Item', 'Completed');"
714,21635,2024-01-20 04:39:37,1,Incorrect Item,Approved,"INSERT INTO dbo.Returns (ReturnID, OrderDetailID, ReturnDate, ReturnQuantity, ReturnReason, ReturnStatus) VALUES (714, 21635, '2024-01-20 04:39:37', 1, 'Incorrect Item', 'Approved');"
715,21654,2025-11-29 21:50:13,1,Defective,Rejected,"INSERT INTO dbo.Returns (ReturnID, OrderDetailID, ReturnDate, ReturnQuantity, ReturnReason, ReturnStatus) VALUES (715, 21654, '2025-11-29 21:50:13', 1, 'Defective', 'Rejected');"
716,21655,2024-10-02 09:11:17,2,Changed Mind,Completed,"INSERT INTO dbo.Returns (ReturnID, OrderDetailID, ReturnDate, ReturnQuantity, ReturnReason, ReturnStatus) VALUES (716, 21655, '2024-10-02 09:11:17', 2, 'Changed Mind', 'Completed');"
717,21656,2024-10-04 09:11:17,1,Changed Mind,Completed,"INSERT INTO dbo.Returns (ReturnID, OrderDetailID, ReturnDate, ReturnQuantity, ReturnReason, ReturnStatus) VALUES (717, 21656, '2024-10-04 09:11:17', 1, 'Changed Mind', 'Completed');"
718,21689,2026-07-08 00:09:06,2,Late Arrival,Completed,"INSERT INTO dbo.Returns (ReturnID, OrderDetailID, ReturnDate, ReturnQuantity, ReturnReason, ReturnStatus) VALUES (718, 21689, '2026-07-08 00:09:06', 2, 'Late Arrival', 'Completed');"
719,21751,2026-06-21 05:18:45,1,Late Arrival,Completed,"INSERT INTO dbo.Returns (ReturnID, OrderDetailID, ReturnDate, ReturnQuantity, ReturnReason, ReturnStatus) VALUES (719, 21751, '2026-06-21 05:18:45', 1, 'Late Arrival', 'Completed');"
720,21819,2025-11-27 14:46:52,1,Defective,Completed,"INSERT INTO dbo.Returns (ReturnID, OrderDetailID, ReturnDate, ReturnQuantity, ReturnReason, ReturnStatus) VALUES (720, 21819, '2025-11-27 14:46:52', 1, 'Defective', 'Completed');"
721,21842,2026-04-11 01:04:37,2,Changed Mind,Approved,"INSERT INTO dbo.Returns (ReturnID, OrderDetailID, ReturnDate, ReturnQuantity, ReturnReason, ReturnStatus) VALUES (721, 21842, '2026-04-11 01:04:37', 2, 'Changed Mind', 'Approved');"
722,21859,2025-10-06 17:10:34,2,Changed Mind,Requested,"INSERT INTO dbo.Returns (ReturnID, OrderDetailID, ReturnDate, ReturnQuantity, ReturnReason, ReturnStatus) VALUES (722, 21859, '2025-10-06 17:10:34', 2, 'Changed Mind', 'Requested');"
723,21876,2026-06-12 02:25:50,1,Changed Mind,Approved,"INSERT INTO dbo.Returns (ReturnID, OrderDetailID, ReturnDate, ReturnQuantity, ReturnReason, ReturnStatus) VALUES (723, 21876, '2026-06-12 02:25:50', 1, 'Changed Mind', 'Approved');"
724,21901,2026-09-02 23:58:19,2,Incorrect Item,Completed,"INSERT INTO dbo.Returns (ReturnID, OrderDetailID, ReturnDate, ReturnQuantity, ReturnReason, ReturnStatus) VALUES (724, 21901, '2026-09-02 23:58:19', 2, 'Incorrect Item', 'Completed');"
725,21916,2026-08-28 07:03:01,1,Defective,Approved,"INSERT INTO dbo.Returns (ReturnID, OrderDetailID, ReturnDate, ReturnQuantity, ReturnReason, ReturnStatus) VALUES (725, 21916, '2026-08-28 07:03:01', 1, 'Defective', 'Approved');"
726,21947,2026-07-23 14:48:00,2,Late Arrival,Requested,"INSERT INTO dbo.Returns (ReturnID, OrderDetailID, ReturnDate, ReturnQuantity, ReturnReason, ReturnStatus) VALUES (726, 21947, '2026-07-23 14:48:00', 2, 'Late Arrival', 'Requested');"
727,21961,2025-10-07 21:21:26,3,Late Arrival,Rejected,"INSERT INTO dbo.Returns (ReturnID, OrderDetailID, ReturnDate, ReturnQuantity, ReturnReason, ReturnStatus) VALUES (727, 21961, '2025-10-07 21:21:26', 3, 'Late Arrival', 'Rejected');"
728,21997,2024-11-02 09:54:05,3,Incorrect Item,Approved,"INSERT INTO dbo.Returns (ReturnID, OrderDetailID, ReturnDate, ReturnQuantity, ReturnReason, ReturnStatus) VALUES (728, 21997, '2024-11-02 09:54:05', 3, 'Incorrect Item', 'Approved');"
729,22094,2026-05-12 09:09:11,1,Defective,Completed,"INSERT INTO dbo.Returns (ReturnID, OrderDetailID, ReturnDate, ReturnQuantity, ReturnReason, ReturnStatus) VALUES (729, 22094, '2026-05-12 09:09:11', 1, 'Defective', 'Completed');"
730,22098,2026-08-31 06:23:25,1,Late Arrival,Approved,"INSERT INTO dbo.Returns (ReturnID, OrderDetailID, ReturnDate, ReturnQuantity, ReturnReason, ReturnStatus) VALUES (730, 22098, '2026-08-31 06:23:25', 1, 'Late Arrival', 'Approved');"
731,22101,2026-09-06 21:00:58,1,Changed Mind,Rejected,"INSERT INTO dbo.Returns (ReturnID, OrderDetailID, ReturnDate, ReturnQuantity, ReturnReason, ReturnStatus) VALUES (731, 22101, '2026-09-06 21:00:58', 1, 'Changed Mind', 'Rejected');"
732,22113,2026-08-29 15:02:07,1,Incorrect Item,Completed,"INSERT INTO dbo.Returns (ReturnID, OrderDetailID, ReturnDate, ReturnQuantity, ReturnReason, ReturnStatus) VALUES (732, 22113, '2026-08-29 15:02:07', 1, 'Incorrect Item', 'Completed');"
733,22126,2025-10-28 15:41:19,1,Incorrect Item,Completed,"INSERT INTO dbo.Returns (ReturnID, OrderDetailID, ReturnDate, ReturnQuantity, ReturnReason, ReturnStatus) VALUES (733, 22126, '2025-10-28 15:41:19', 1, 'Incorrect Item', 'Completed');"
734,22148,2026-05-18 23:25:18,1,Changed Mind,Rejected,"INSERT INTO dbo.Returns (ReturnID, OrderDetailID, ReturnDate, ReturnQuantity, ReturnReason, ReturnStatus) VALUES (734, 22148, '2026-05-18 23:25:18', 1, 'Changed Mind', 'Rejected');"
735,22161,2026-05-07 13:04:53,1,Changed Mind,Completed,"INSERT INTO dbo.Returns (ReturnID, OrderDetailID, ReturnDate, ReturnQuantity, ReturnReason, ReturnStatus) VALUES (735, 22161, '2026-05-07 13:04:53', 1, 'Changed Mind', 'Completed');"
736,22185,2025-08-28 16:09:54,4,Incorrect Item,Rejected,"INSERT INTO dbo.Returns (ReturnID, OrderDetailID, ReturnDate, ReturnQuantity, ReturnReason, ReturnStatus) VALUES (736, 22185, '2025-08-28 16:09:54', 4, 'Incorrect Item', 'Rejected');"
737,22313,2026-05-03 23:40:53,1,Changed Mind,Approved,"INSERT INTO dbo.Returns (ReturnID, OrderDetailID, ReturnDate, ReturnQuantity, ReturnReason, ReturnStatus) VALUES (737, 22313, '2026-05-03 23:40:53', 1, 'Changed Mind', 'Approved');"
738,22331,2026-06-01 02:31:01,1,Incorrect Item,Requested,"INSERT INTO dbo.Returns (ReturnID, OrderDetailID, ReturnDate, ReturnQuantity, ReturnReason, ReturnStatus) VALUES (738, 22331, '2026-06-01 02:31:01', 1, 'Incorrect Item', 'Requested');"
739,22353,2025-08-27 13:16:06,1,Defective,Requested,"INSERT INTO dbo.Returns (ReturnID, OrderDetailID, ReturnDate, ReturnQuantity, ReturnReason, ReturnStatus) VALUES (739, 22353, '2025-08-27 13:16:06', 1, 'Defective', 'Requested');"
740,22405,2026-06-08 14:25:56,1,Defective,Rejected,"INSERT INTO dbo.Returns (ReturnID, OrderDetailID, ReturnDate, ReturnQuantity, ReturnReason, ReturnStatus) VALUES (740, 22405, '2026-06-08 14:25:56', 1, 'Defective', 'Rejected');"
741,22447,2026-02-20 09:22:01,2,Incorrect Item,Completed,"INSERT INTO dbo.Returns (ReturnID, OrderDetailID, ReturnDate, ReturnQuantity, ReturnReason, ReturnStatus) VALUES (741, 22447, '2026-02-20 09:22:01', 2, 'Incorrect Item', 'Completed');"
742,22450,2026-02-15 20:06:39,1,Defective,Rejected,"INSERT INTO dbo.Returns (ReturnID, OrderDetailID, ReturnDate, ReturnQuantity, ReturnReason, ReturnStatus) VALUES (742, 22450, '2026-02-15 20:06:39', 1, 'Defective', 'Rejected');"
743,22485,2026-06-26 20:22:22,2,Changed Mind,Requested,"INSERT INTO dbo.Returns (ReturnID, OrderDetailID, ReturnDate, ReturnQuantity, ReturnReason, ReturnStatus) VALUES (743, 22485, '2026-06-26 20:22:22', 2, 'Changed Mind', 'Requested');"
744,22528,2025-12-30 01:43:50,1,Late Arrival,Approved,"INSERT INTO dbo.Returns (ReturnID, OrderDetailID, ReturnDate, ReturnQuantity, ReturnReason, ReturnStatus) VALUES (744, 22528, '2025-12-30 01:43:50', 1, 'Late Arrival', 'Approved');"
745,22563,2026-05-17 10:31:10,2,Changed Mind,Rejected,"INSERT INTO dbo.Returns (ReturnID, OrderDetailID, ReturnDate, ReturnQuantity, ReturnReason, ReturnStatus) VALUES (745, 22563, '2026-05-17 10:31:10', 2, 'Changed Mind', 'Rejected');"
746,22622,2026-01-16 09:23:20,2,Late Arrival,Requested,"INSERT INTO dbo.Returns (ReturnID, OrderDetailID, ReturnDate, ReturnQuantity, ReturnReason, ReturnStatus) VALUES (746, 22622, '2026-01-16 09:23:20', 2, 'Late Arrival', 'Requested');"
747,22634,2024-10-09 02:49:00,1,Defective,Completed,"INSERT INTO dbo.Returns (ReturnID, OrderDetailID, ReturnDate, ReturnQuantity, ReturnReason, ReturnStatus) VALUES (747, 22634, '2024-10-09 02:49:00', 1, 'Defective', 'Completed');"
748,22666,2025-10-30 18:36:20,1,Incorrect Item,Approved,"INSERT INTO dbo.Returns (ReturnID, OrderDetailID, ReturnDate, ReturnQuantity, ReturnReason, ReturnStatus) VALUES (748, 22666, '2025-10-30 18:36:20', 1, 'Incorrect Item', 'Approved');"
749,22842,2026-09-09 14:00:20,1,Defective,Rejected,"INSERT INTO dbo.Returns (ReturnID, OrderDetailID, ReturnDate, ReturnQuantity, ReturnReason, ReturnStatus) VALUES (749, 22842, '2026-09-09 14:00:20', 1, 'Defective', 'Rejected');"
750,22931,2026-03-13 08:50:10,3,Incorrect Item,Requested,"INSERT INTO dbo.Returns (ReturnID, OrderDetailID, ReturnDate, ReturnQuantity, ReturnReason, ReturnStatus) VALUES (750, 22931, '2026-03-13 08:50:10', 3, 'Incorrect Item', 'Requested');"
751,22940,2026-01-31 12:14:56,1,Late Arrival,Rejected,"INSERT INTO dbo.Returns (ReturnID, OrderDetailID, ReturnDate, ReturnQuantity, ReturnReason, ReturnStatus) VALUES (751, 22940, '2026-01-31 12:14:56', 1, 'Late Arrival', 'Rejected');"
752,23010,2026-09-16 02:37:37,1,Late Arrival,Approved,"INSERT INTO dbo.Returns (ReturnID, OrderDetailID, ReturnDate, ReturnQuantity, ReturnReason, ReturnStatus) VALUES (752, 23010, '2026-09-16 02:37:37', 1, 'Late Arrival', 'Approved');"
753,23043,2026-03-10 08:26:15,2,Defective,Rejected,"INSERT INTO dbo.Returns (ReturnID, OrderDetailID, ReturnDate, ReturnQuantity, ReturnReason, ReturnStatus) VALUES (753, 23043, '2026-03-10 08:26:15', 2, 'Defective', 'Rejected');"
754,23202,2025-05-26 16:13:02,1,Late Arrival,Completed,"INSERT INTO dbo.Returns (ReturnID, OrderDetailID, ReturnDate, ReturnQuantity, ReturnReason, ReturnStatus) VALUES (754, 23202, '2025-05-26 16:13:02', 1, 'Late Arrival', 'Completed');"
755,23284,2025-06-13 03:40:07,1,Changed Mind,Rejected,"INSERT INTO dbo.Returns (ReturnID, OrderDetailID, ReturnDate, ReturnQuantity, ReturnReason, ReturnStatus) VALUES (755, 23284, '2025-06-13 03:40:07', 1, 'Changed Mind', 'Rejected');"
756,23285,2025-05-14 16:35:25,1,Changed Mind,Requested,"INSERT INTO dbo.Returns (ReturnID, OrderDetailID, ReturnDate, ReturnQuantity, ReturnReason, ReturnStatus) VALUES (756, 23285, '2025-05-14 16:35:25', 1, 'Changed Mind', 'Requested');"
757,23286,2025-05-23 16:35:25,3,Late Arrival,Requested,"INSERT INTO dbo.Returns (ReturnID, OrderDetailID, ReturnDate, ReturnQuantity, ReturnReason, ReturnStatus) VALUES (757, 23286, '2025-05-23 16:35:25', 3, 'Late Arrival', 'Requested');"
758,23303,2024-12-07 07:36:37,1,Changed Mind,Rejected,"INSERT INTO dbo.Returns (ReturnID, OrderDetailID, ReturnDate, ReturnQuantity, ReturnReason, ReturnStatus) VALUES (758, 23303, '2024-12-07 07:36:37', 1, 'Changed Mind', 'Rejected');"
759,23347,2024-09-17 02:39:57,2,Late Arrival,Approved,"INSERT INTO dbo.Returns (ReturnID, OrderDetailID, ReturnDate, ReturnQuantity, ReturnReason, ReturnStatus) VALUES (759, 23347, '2024-09-17 02:39:57', 2, 'Late Arrival', 'Approved');"
760,23350,2026-08-21 01:49:50,1,Changed Mind,Rejected,"INSERT INTO dbo.Returns (ReturnID, OrderDetailID, ReturnDate, ReturnQuantity, ReturnReason, ReturnStatus) VALUES (760, 23350, '2026-08-21 01:49:50', 1, 'Changed Mind', 'Rejected');"
761,23358,2025-01-01 03:35:35,1,Defective,Completed,"INSERT INTO dbo.Returns (ReturnID, OrderDetailID, ReturnDate, ReturnQuantity, ReturnReason, ReturnStatus) VALUES (761, 23358, '2025-01-01 03:35:35', 1, 'Defective', 'Completed');"
762,23412,2024-03-17 21:27:07,5,Incorrect Item,Rejected,"INSERT INTO dbo.Returns (ReturnID, OrderDetailID, ReturnDate, ReturnQuantity, ReturnReason, ReturnStatus) VALUES (762, 23412, '2024-03-17 21:27:07', 5, 'Incorrect Item', 'Rejected');"
763,23416,2026-09-02 01:41:12,1,Incorrect Item,Requested,"INSERT INTO dbo.Returns (ReturnID, OrderDetailID, ReturnDate, ReturnQuantity, ReturnReason, ReturnStatus) VALUES (763, 23416, '2026-09-02 01:41:12', 1, 'Incorrect Item', 'Requested');"
764,23461,2026-08-30 09:20:07,1,Late Arrival,Rejected,"INSERT INTO dbo.Returns (ReturnID, OrderDetailID, ReturnDate, ReturnQuantity, ReturnReason, ReturnStatus) VALUES (764, 23461, '2026-08-30 09:20:07', 1, 'Late Arrival', 'Rejected');"
765,23464,2025-03-11 09:41:35,1,Changed Mind,Requested,"INSERT INTO dbo.Returns (ReturnID, OrderDetailID, ReturnDate, ReturnQuantity, ReturnReason, ReturnStatus) VALUES (765, 23464, '2025-03-11 09:41:35', 1, 'Changed Mind', 'Requested');"
766,23514,2025-11-02 01:02:05,1,Late Arrival,Requested,"INSERT INTO dbo.Returns (ReturnID, OrderDetailID, ReturnDate, ReturnQuantity, ReturnReason, ReturnStatus) VALUES (766, 23514, '2025-11-02 01:02:05', 1, 'Late Arrival', 'Requested');"
767,23521,2025-09-17 17:11:53,1,Defective,Approved,"INSERT INTO dbo.Returns (ReturnID, OrderDetailID, ReturnDate, ReturnQuantity, ReturnReason, ReturnStatus) VALUES (767, 23521, '2025-09-17 17:11:53', 1, 'Defective', 'Approved');"
768,23546,2026-05-01 12:33:17,1,Changed Mind,Approved,"INSERT INTO dbo.Returns (ReturnID, OrderDetailID, ReturnDate, ReturnQuantity, ReturnReason, ReturnStatus) VALUES (768, 23546, '2026-05-01 12:33:17', 1, 'Changed Mind', 'Approved');"
769,23611,2026-02-13 19:26:44,1,Defective,Completed,"INSERT INTO dbo.Returns (ReturnID, OrderDetailID, ReturnDate, ReturnQuantity, ReturnReason, ReturnStatus) VALUES (769, 23611, '2026-02-13 19:26:44', 1, 'Defective', 'Completed');"
770,23615,2026-04-12 16:05:09,2,Changed Mind,Completed,"INSERT INTO dbo.Returns (ReturnID, OrderDetailID, ReturnDate, ReturnQuantity, ReturnReason, ReturnStatus) VALUES (770, 23615, '2026-04-12 16:05:09', 2, 'Changed Mind', 'Completed');"
771,23618,2026-07-07 10:07:57,2,Defective,Requested,"INSERT INTO dbo.Returns (ReturnID, OrderDetailID, ReturnDate, ReturnQuantity, ReturnReason, ReturnStatus) VALUES (771, 23618, '2026-07-07 10:07:57', 2, 'Defective', 'Requested');"
772,23619,2025-02-17 22:26:54,1,Defective,Rejected,"INSERT INTO dbo.Returns (ReturnID, OrderDetailID, ReturnDate, ReturnQuantity, ReturnReason, ReturnStatus) VALUES (772, 23619, '2025-02-17 22:26:54', 1, 'Defective', 'Rejected');"
773,23625,2024-05-12 15:43:46,1,Defective,Completed,"INSERT INTO dbo.Returns (ReturnID, OrderDetailID, ReturnDate, ReturnQuantity, ReturnReason, ReturnStatus) VALUES (773, 23625, '2024-05-12 15:43:46', 1, 'Defective', 'Completed');"
774,23648,2025-08-06 01:31:34,1,Late Arrival,Rejected,"INSERT INTO dbo.Returns (ReturnID, OrderDetailID, ReturnDate, ReturnQuantity, ReturnReason, ReturnStatus) VALUES (774, 23648, '2025-08-06 01:31:34', 1, 'Late Arrival', 'Rejected');"
775,23657,2025-01-20 00:15:56,1,Incorrect Item,Rejected,"INSERT INTO dbo.Returns (ReturnID, OrderDetailID, ReturnDate, ReturnQuantity, ReturnReason, ReturnStatus) VALUES (775, 23657, '2025-01-20 00:15:56', 1, 'Incorrect Item', 'Rejected');"
776,23714,2025-08-26 07:04:27,1,Changed Mind,Requested,"INSERT INTO dbo.Returns (ReturnID, OrderDetailID, ReturnDate, ReturnQuantity, ReturnReason, ReturnStatus) VALUES (776, 23714, '2025-08-26 07:04:27', 1, 'Changed Mind', 'Requested');"
777,23728,2026-08-23 03:12:00,1,Incorrect Item,Requested,"INSERT INTO dbo.Returns (ReturnID, OrderDetailID, ReturnDate, ReturnQuantity, ReturnReason, ReturnStatus) VALUES (777, 23728, '2026-08-23 03:12:00', 1, 'Incorrect Item', 'Requested');"
778,23748,2025-02-11 01:08:27,1,Late Arrival,Approved,"INSERT INTO dbo.Returns (ReturnID, OrderDetailID, ReturnDate, ReturnQuantity, ReturnReason, ReturnStatus) VALUES (778, 23748, '2025-02-11 01:08:27', 1, 'Late Arrival', 'Approved');"
779,23755,2026-05-21 18:18:37,1,Changed Mind,Rejected,"INSERT INTO dbo.Returns (ReturnID, OrderDetailID, ReturnDate, ReturnQuantity, ReturnReason, ReturnStatus) VALUES (779, 23755, '2026-05-21 18:18:37', 1, 'Changed Mind', 'Rejected');"
780,23794,2025-12-26 04:06:15,2,Late Arrival,Rejected,"INSERT INTO dbo.Returns (ReturnID, OrderDetailID, ReturnDate, ReturnQuantity, ReturnReason, ReturnStatus) VALUES (780, 23794, '2025-12-26 04:06:15', 2, 'Late Arrival', 'Rejected');"
781,23809,2026-09-09 09:47:23,2,Incorrect Item,Completed,"INSERT INTO dbo.Returns (ReturnID, OrderDetailID, ReturnDate, ReturnQuantity, ReturnReason, ReturnStatus) VALUES (781, 23809, '2026-09-09 09:47:23', 2, 'Incorrect Item', 'Completed');"
782,23830,2026-06-09 09:16:48,1,Defective,Approved,"INSERT INTO dbo.Returns (ReturnID, OrderDetailID, ReturnDate, ReturnQuantity, ReturnReason, ReturnStatus) VALUES (782, 23830, '2026-06-09 09:16:48', 1, 'Defective', 'Approved');"
783,23877,2025-05-31 14:41:41,1,Late Arrival,Completed,"INSERT INTO dbo.Returns (ReturnID, OrderDetailID, ReturnDate, ReturnQuantity, ReturnReason, ReturnStatus) VALUES (783, 23877, '2025-05-31 14:41:41', 1, 'Late Arrival', 'Completed');"
784,23916,2026-03-01 23:24:29,1,Late Arrival,Rejected,"INSERT INTO dbo.Returns (ReturnID, OrderDetailID, ReturnDate, ReturnQuantity, ReturnReason, ReturnStatus) VALUES (784, 23916, '2026-03-01 23:24:29', 1, 'Late Arrival', 'Rejected');"
785,23932,2025-09-25 09:37:15,1,Late Arrival,Completed,"INSERT INTO dbo.Returns (ReturnID, OrderDetailID, ReturnDate, ReturnQuantity, ReturnReason, ReturnStatus) VALUES (785, 23932, '2025-09-25 09:37:15', 1, 'Late Arrival', 'Completed');"
786,23960,2026-02-14 08:05:23,2,Defective,Approved,"INSERT INTO dbo.Returns (ReturnID, OrderDetailID, ReturnDate, ReturnQuantity, ReturnReason, ReturnStatus) VALUES (786, 23960, '2026-02-14 08:05:23', 2, 'Defective', 'Approved');"
787,23963,2024-12-17 20:13:58,1,Late Arrival,Completed,"INSERT INTO dbo.Returns (ReturnID, OrderDetailID, ReturnDate, ReturnQuantity, ReturnReason, ReturnStatus) VALUES (787, 23963, '2024-12-17 20:13:58', 1, 'Late Arrival', 'Completed');"
788,23979,2026-01-24 00:37:23,1,Incorrect Item,Approved,"INSERT INTO dbo.Returns (ReturnID, OrderDetailID, ReturnDate, ReturnQuantity, ReturnReason, ReturnStatus) VALUES (788, 23979, '2026-01-24 00:37:23', 1, 'Incorrect Item', 'Approved');"
789,24043,2025-09-08 17:33:32,2,Defective,Approved,"INSERT INTO dbo.Returns (ReturnID, OrderDetailID, ReturnDate, ReturnQuantity, ReturnReason, ReturnStatus) VALUES (789, 24043, '2025-09-08 17:33:32', 2, 'Defective', 'Approved');"
790,24050,2026-03-08 15:51:36,2,Incorrect Item,Approved,"INSERT INTO dbo.Returns (ReturnID, OrderDetailID, ReturnDate, ReturnQuantity, ReturnReason, ReturnStatus) VALUES (790, 24050, '2026-03-08 15:51:36', 2, 'Incorrect Item', 'Approved');"
791,24164,2026-09-14 06:20:23,1,Defective,Requested,"INSERT INTO dbo.Returns (ReturnID, OrderDetailID, ReturnDate, ReturnQuantity, ReturnReason, ReturnStatus) VALUES (791, 24164, '2026-09-14 06:20:23', 1, 'Defective', 'Requested');"
792,24180,2024-08-10 11:01:15,1,Changed Mind,Rejected,"INSERT INTO dbo.Returns (ReturnID, OrderDetailID, ReturnDate, ReturnQuantity, ReturnReason, ReturnStatus) VALUES (792, 24180, '2024-08-10 11:01:15', 1, 'Changed Mind', 'Rejected');"
793,24305,2026-07-20 23:48:32,1,Late Arrival,Approved,"INSERT INTO dbo.Returns (ReturnID, OrderDetailID, ReturnDate, ReturnQuantity, ReturnReason, ReturnStatus) VALUES (793, 24305, '2026-07-20 23:48:32', 1, 'Late Arrival', 'Approved');"
794,24328,2026-06-01 15:45:07,1,Changed Mind,Approved,"INSERT INTO dbo.Returns (ReturnID, OrderDetailID, ReturnDate, ReturnQuantity, ReturnReason, ReturnStatus) VALUES (794, 24328, '2026-06-01 15:45:07', 1, 'Changed Mind', 'Approved');"
795,24349,2025-12-14 16:21:02,1,Changed Mind,Requested,"INSERT INTO dbo.Returns (ReturnID, OrderDetailID, ReturnDate, ReturnQuantity, ReturnReason, ReturnStatus) VALUES (795, 24349, '2025-12-14 16:21:02', 1, 'Changed Mind', 'Requested');"
796,24387,2026-07-21 20:12:31,1,Incorrect Item,Approved,"INSERT INTO dbo.Returns (ReturnID, OrderDetailID, ReturnDate, ReturnQuantity, ReturnReason, ReturnStatus) VALUES (796, 24387, '2026-07-21 20:12:31', 1, 'Incorrect Item', 'Approved');"
797,24404,2026-05-01 19:41:30,1,Changed Mind,Approved,"INSERT INTO dbo.Returns (ReturnID, OrderDetailID, ReturnDate, ReturnQuantity, ReturnReason, ReturnStatus) VALUES (797, 24404, '2026-05-01 19:41:30', 1, 'Changed Mind', 'Approved');"
798,24487,2025-01-04 06:35:28,1,Changed Mind,Approved,"INSERT INTO dbo.Returns (ReturnID, OrderDetailID, ReturnDate, ReturnQuantity, ReturnReason, ReturnStatus) VALUES (798, 24487, '2025-01-04 06:35:28', 1, 'Changed Mind', 'Approved');"
799,24545,2026-07-17 01:21:02,1,Late Arrival,Approved,"INSERT INTO dbo.Returns (ReturnID, OrderDetailID, ReturnDate, ReturnQuantity, ReturnReason, ReturnStatus) VALUES (799, 24545, '2026-07-17 01:21:02', 1, 'Late Arrival', 'Approved');"
800,24554,2026-03-06 00:00:21,2,Late Arrival,Completed,"INSERT INTO dbo.Returns (ReturnID, OrderDetailID, ReturnDate, ReturnQuantity, ReturnReason, ReturnStatus) VALUES (800, 24554, '2026-03-06 00:00:21', 2, 'Late Arrival', 'Completed');"
801,24582,2026-06-21 19:39:17,1,Incorrect Item,Completed,"INSERT INTO dbo.Returns (ReturnID, OrderDetailID, ReturnDate, ReturnQuantity, ReturnReason, ReturnStatus) VALUES (801, 24582, '2026-06-21 19:39:17', 1, 'Incorrect Item', 'Completed');"
802,24588,2026-07-12 03:50:30,1,Incorrect Item,Approved,"INSERT INTO dbo.Returns (ReturnID, OrderDetailID, ReturnDate, ReturnQuantity, ReturnReason, ReturnStatus) VALUES (802, 24588, '2026-07-12 03:50:30', 1, 'Incorrect Item', 'Approved');"
803,24619,2025-04-25 08:32:48,1,Late Arrival,Approved,"INSERT INTO dbo.Returns (ReturnID, OrderDetailID, ReturnDate, ReturnQuantity, ReturnReason, ReturnStatus) VALUES (803, 24619, '2025-04-25 08:32:48', 1, 'Late Arrival', 'Approved');"
804,24667,2026-08-18 17:40:10,1,Defective,Rejected,"INSERT INTO dbo.Returns (ReturnID, OrderDetailID, ReturnDate, ReturnQuantity, ReturnReason, ReturnStatus) VALUES (804, 24667, '2026-08-18 17:40:10', 1, 'Defective', 'Rejected');"
805,24678,2026-04-21 22:40:03,1,Defective,Requested,"INSERT INTO dbo.Returns (ReturnID, OrderDetailID, ReturnDate, ReturnQuantity, ReturnReason, ReturnStatus) VALUES (805, 24678, '2026-04-21 22:40:03', 1, 'Defective', 'Requested');"
806,24687,2026-06-08 01:16:23,1,Defective,Completed,"INSERT INTO dbo.Returns (ReturnID, OrderDetailID, ReturnDate, ReturnQuantity, ReturnReason, ReturnStatus) VALUES (806, 24687, '2026-06-08 01:16:23', 1, 'Defective', 'Completed');"
807,24710,2025-03-22 08:21:36,1,Defective,Approved,"INSERT INTO dbo.Returns (ReturnID, OrderDetailID, ReturnDate, ReturnQuantity, ReturnReason, ReturnStatus) VALUES (807, 24710, '2025-03-22 08:21:36', 1, 'Defective', 'Approved');"
808,24717,2025-01-16 03:30:56,1,Changed Mind,Requested,"INSERT INTO dbo.Returns (ReturnID, OrderDetailID, ReturnDate, ReturnQuantity, ReturnReason, ReturnStatus) VALUES (808, 24717, '2025-01-16 03:30:56', 1, 'Changed Mind', 'Requested');"
809,24729,2026-04-17 10:20:12,1,Defective,Completed,"INSERT INTO dbo.Returns (ReturnID, OrderDetailID, ReturnDate, ReturnQuantity, ReturnReason, ReturnStatus) VALUES (809, 24729, '2026-04-17 10:20:12', 1, 'Defective', 'Completed');"
810,24820,2026-04-05 21:44:59,1,Incorrect Item,Completed,"INSERT INTO dbo.Returns (ReturnID, OrderDetailID, ReturnDate, ReturnQuantity, ReturnReason, ReturnStatus) VALUES (810, 24820, '2026-04-05 21:44:59', 1, 'Incorrect Item', 'Completed');"
811,24822,2025-07-10 03:40:20,1,Incorrect Item,Requested,"INSERT INTO dbo.Returns (ReturnID, OrderDetailID, ReturnDate, ReturnQuantity, ReturnReason, ReturnStatus) VALUES (811, 24822, '2025-07-10 03:40:20', 1, 'Incorrect Item', 'Requested');"
812,24846,2025-10-13 23:10:32,1,Defective,Rejected,"INSERT INTO dbo.Returns (ReturnID, OrderDetailID, ReturnDate, ReturnQuantity, ReturnReason, ReturnStatus) VALUES (812, 24846, '2025-10-13 23:10:32', 1, 'Defective', 'Rejected');"
813,24915,2026-09-09 10:34:19,1,Incorrect Item,Rejected,"INSERT INTO dbo.Returns (ReturnID, OrderDetailID, ReturnDate, ReturnQuantity, ReturnReason, ReturnStatus) VALUES (813, 24915, '2026-09-09 10:34:19', 1, 'Incorrect Item', 'Rejected');"
814,24956,2025-02-25 07:51:02,2,Late Arrival,Rejected,"INSERT INTO dbo.Returns (ReturnID, OrderDetailID, ReturnDate, ReturnQuantity, ReturnReason, ReturnStatus) VALUES (814, 24956, '2025-02-25 07:51:02', 2, 'Late Arrival', 'Rejected');"
815,24977,2025-10-15 18:46:25,1,Defective,Approved,"INSERT INTO dbo.Returns (ReturnID, OrderDetailID, ReturnDate, ReturnQuantity, ReturnReason, ReturnStatus) VALUES (815, 24977, '2025-10-15 18:46:25', 1, 'Defective', 'Approved');"
816,24993,2026-09-09 16:34:49,1,Changed Mind,Approved,"INSERT INTO dbo.Returns (ReturnID, OrderDetailID, ReturnDate, ReturnQuantity, ReturnReason, ReturnStatus) VALUES (816, 24993, '2026-09-09 16:34:49', 1, 'Changed Mind', 'Approved');"
817,25023,2025-01-26 23:57:48,1,Changed Mind,Rejected,"INSERT INTO dbo.Returns (ReturnID, OrderDetailID, ReturnDate, ReturnQuantity, ReturnReason, ReturnStatus) VALUES (817, 25023, '2025-01-26 23:57:48', 1, 'Changed Mind', 'Rejected');"
818,25075,2026-07-25 00:16:36,1,Changed Mind,Requested,"INSERT INTO dbo.Returns (ReturnID, OrderDetailID, ReturnDate, ReturnQuantity, ReturnReason, ReturnStatus) VALUES (818, 25075, '2026-07-25 00:16:36', 1, 'Changed Mind', 'Requested');"
819,25093,2024-11-01 07:58:19,1,Incorrect Item,Requested,"INSERT INTO dbo.Returns (ReturnID, OrderDetailID, ReturnDate, ReturnQuantity, ReturnReason, ReturnStatus) VALUES (819, 25093, '2024-11-01 07:58:19', 1, 'Incorrect Item', 'Requested');"
820,25191,2025-12-24 20:47:11,4,Changed Mind,Rejected,"INSERT INTO dbo.Returns (ReturnID, OrderDetailID, ReturnDate, ReturnQuantity, ReturnReason, ReturnStatus) VALUES (820, 25191, '2025-12-24 20:47:11', 4, 'Changed Mind', 'Rejected');"
821,25274,2026-07-22 08:14:53,2,Late Arrival,Requested,"INSERT INTO dbo.Returns (ReturnID, OrderDetailID, ReturnDate, ReturnQuantity, ReturnReason, ReturnStatus) VALUES (821, 25274, '2026-07-22 08:14:53', 2, 'Late Arrival', 'Requested');"
822,25281,2026-05-03 08:33:27,1,Changed Mind,Completed,"INSERT INTO dbo.Returns (ReturnID, OrderDetailID, ReturnDate, ReturnQuantity, ReturnReason, ReturnStatus) VALUES (822, 25281, '2026-05-03 08:33:27', 1, 'Changed Mind', 'Completed');"
823,25309,2026-09-03 01:36:48,1,Late Arrival,Rejected,"INSERT INTO dbo.Returns (ReturnID, OrderDetailID, ReturnDate, ReturnQuantity, ReturnReason, ReturnStatus) VALUES (823, 25309, '2026-09-03 01:36:48', 1, 'Late Arrival', 'Rejected');"
824,25314,2026-07-02 21:23:45,1,Incorrect Item,Requested,"INSERT INTO dbo.Returns (ReturnID, OrderDetailID, ReturnDate, ReturnQuantity, ReturnReason, ReturnStatus) VALUES (824, 25314, '2026-07-02 21:23:45', 1, 'Incorrect Item', 'Requested');"
825,25334,2025-03-28 07:06:41,1,Changed Mind,Rejected,"INSERT INTO dbo.Returns (ReturnID, OrderDetailID, ReturnDate, ReturnQuantity, ReturnReason, ReturnStatus) VALUES (825, 25334, '2025-03-28 07:06:41', 1, 'Changed Mind', 'Rejected');"
826,25342,2025-11-09 15:31:57,1,Incorrect Item,Completed,"INSERT INTO dbo.Returns (ReturnID, OrderDetailID, ReturnDate, ReturnQuantity, ReturnReason, ReturnStatus) VALUES (826, 25342, '2025-11-09 15:31:57', 1, 'Incorrect Item', 'Completed');"
827,25386,2026-07-13 08:02:37,1,Incorrect Item,Approved,"INSERT INTO dbo.Returns (ReturnID, OrderDetailID, ReturnDate, ReturnQuantity, ReturnReason, ReturnStatus) VALUES (827, 25386, '2026-07-13 08:02:37', 1, 'Incorrect Item', 'Approved');"
828,25436,2025-03-17 08:47:34,1,Late Arrival,Requested,"INSERT INTO dbo.Returns (ReturnID, OrderDetailID, ReturnDate, ReturnQuantity, ReturnReason, ReturnStatus) VALUES (828, 25436, '2025-03-17 08:47:34', 1, 'Late Arrival', 'Requested');"
829,25471,2026-04-08 01:46:39,3,Changed Mind,Requested,"INSERT INTO dbo.Returns (ReturnID, OrderDetailID, ReturnDate, ReturnQuantity, ReturnReason, ReturnStatus) VALUES (829, 25471, '2026-04-08 01:46:39', 3, 'Changed Mind', 'Requested');"
830,25545,2026-03-03 18:59:50,1,Late Arrival,Completed,"INSERT INTO dbo.Returns (ReturnID, OrderDetailID, ReturnDate, ReturnQuantity, ReturnReason, ReturnStatus) VALUES (830, 25545, '2026-03-03 18:59:50', 1, 'Late Arrival', 'Completed');"
831,25549,2026-04-05 01:06:54,1,Defective,Rejected,"INSERT INTO dbo.Returns (ReturnID, OrderDetailID, ReturnDate, ReturnQuantity, ReturnReason, ReturnStatus) VALUES (831, 25549, '2026-04-05 01:06:54', 1, 'Defective', 'Rejected');"
832,25550,2026-04-07 01:06:54,1,Defective,Rejected,"INSERT INTO dbo.Returns (ReturnID, OrderDetailID, ReturnDate, ReturnQuantity, ReturnReason, ReturnStatus) VALUES (832, 25550, '2026-04-07 01:06:54', 1, 'Defective', 'Rejected');"
833,25603,2026-07-19 01:25:08,2,Changed Mind,Rejected,"INSERT INTO dbo.Returns (ReturnID, OrderDetailID, ReturnDate, ReturnQuantity, ReturnReason, ReturnStatus) VALUES (833, 25603, '2026-07-19 01:25:08', 2, 'Changed Mind', 'Rejected');"
834,25609,2025-02-11 19:38:40,1,Incorrect Item,Requested,"INSERT INTO dbo.Returns (ReturnID, OrderDetailID, ReturnDate, ReturnQuantity, ReturnReason, ReturnStatus) VALUES (834, 25609, '2025-02-11 19:38:40', 1, 'Incorrect Item', 'Requested');"
835,25626,2026-08-05 23:56:02,1,Incorrect Item,Completed,"INSERT INTO dbo.Returns (ReturnID, OrderDetailID, ReturnDate, ReturnQuantity, ReturnReason, ReturnStatus) VALUES (835, 25626, '2026-08-05 23:56:02', 1, 'Incorrect Item', 'Completed');"
836,25652,2024-12-11 13:47:32,1,Defective,Completed,"INSERT INTO dbo.Returns (ReturnID, OrderDetailID, ReturnDate, ReturnQuantity, ReturnReason, ReturnStatus) VALUES (836, 25652, '2024-12-11 13:47:32', 1, 'Defective', 'Completed');"
837,25659,2026-05-31 05:09:49,1,Changed Mind,Rejected,"INSERT INTO dbo.Returns (ReturnID, OrderDetailID, ReturnDate, ReturnQuantity, ReturnReason, ReturnStatus) VALUES (837, 25659, '2026-05-31 05:09:49', 1, 'Changed Mind', 'Rejected');"
838,25660,2026-05-30 05:09:49,1,Incorrect Item,Completed,"INSERT INTO dbo.Returns (ReturnID, OrderDetailID, ReturnDate, ReturnQuantity, ReturnReason, ReturnStatus) VALUES (838, 25660, '2026-05-30 05:09:49', 1, 'Incorrect Item', 'Completed');"
839,25671,2026-03-05 03:40:43,1,Changed Mind,Requested,"INSERT INTO dbo.Returns (ReturnID, OrderDetailID, ReturnDate, ReturnQuantity, ReturnReason, ReturnStatus) VALUES (839, 25671, '2026-03-05 03:40:43', 1, 'Changed Mind', 'Requested');"
840,25681,2024-11-06 17:29:09,2,Changed Mind,Rejected,"INSERT INTO dbo.Returns (ReturnID, OrderDetailID, ReturnDate, ReturnQuantity, ReturnReason, ReturnStatus) VALUES (840, 25681, '2024-11-06 17:29:09', 2, 'Changed Mind', 'Rejected');"
841,25693,2025-07-04 03:38:10,1,Changed Mind,Completed,"INSERT INTO dbo.Returns (ReturnID, OrderDetailID, ReturnDate, ReturnQuantity, ReturnReason, ReturnStatus) VALUES (841, 25693, '2025-07-04 03:38:10', 1, 'Changed Mind', 'Completed');"
842,25696,2026-07-24 19:17:54,1,Late Arrival,Approved,"INSERT INTO dbo.Returns (ReturnID, OrderDetailID, ReturnDate, ReturnQuantity, ReturnReason, ReturnStatus) VALUES (842, 25696, '2026-07-24 19:17:54', 1, 'Late Arrival', 'Approved');"
843,25732,2024-02-24 19:07:19,1,Changed Mind,Rejected,"INSERT INTO dbo.Returns (ReturnID, OrderDetailID, ReturnDate, ReturnQuantity, ReturnReason, ReturnStatus) VALUES (843, 25732, '2024-02-24 19:07:19', 1, 'Changed Mind', 'Rejected');"
844,25748,2026-08-13 23:08:30,1,Changed Mind,Completed,"INSERT INTO dbo.Returns (ReturnID, OrderDetailID, ReturnDate, ReturnQuantity, ReturnReason, ReturnStatus) VALUES (844, 25748, '2026-08-13 23:08:30', 1, 'Changed Mind', 'Completed');"
845,25805,2025-05-14 21:20:29,2,Late Arrival,Rejected,"INSERT INTO dbo.Returns (ReturnID, OrderDetailID, ReturnDate, ReturnQuantity, ReturnReason, ReturnStatus) VALUES (845, 25805, '2025-05-14 21:20:29', 2, 'Late Arrival', 'Rejected');"
846,25813,2025-05-24 01:08:24,1,Late Arrival,Rejected,"INSERT INTO dbo.Returns (ReturnID, OrderDetailID, ReturnDate, ReturnQuantity, ReturnReason, ReturnStatus) VALUES (846, 25813, '2025-05-24 01:08:24', 1, 'Late Arrival', 'Rejected');"
847,25814,2025-05-18 01:08:24,1,Incorrect Item,Approved,"INSERT INTO dbo.Returns (ReturnID, OrderDetailID, ReturnDate, ReturnQuantity, ReturnReason, ReturnStatus) VALUES (847, 25814, '2025-05-18 01:08:24', 1, 'Incorrect Item', 'Approved');"
848,25887,2026-07-08 01:28:01,1,Changed Mind,Rejected,"INSERT INTO dbo.Returns (ReturnID, OrderDetailID, ReturnDate, ReturnQuantity, ReturnReason, ReturnStatus) VALUES (848, 25887, '2026-07-08 01:28:01', 1, 'Changed Mind', 'Rejected');"
849,25913,2025-04-14 15:32:40,1,Changed Mind,Rejected,"INSERT INTO dbo.Returns (ReturnID, OrderDetailID, ReturnDate, ReturnQuantity, ReturnReason, ReturnStatus) VALUES (849, 25913, '2025-04-14 15:32:40', 1, 'Changed Mind', 'Rejected');"
850,25933,2025-01-01 01:48:35,1,Changed Mind,Approved,"INSERT INTO dbo.Returns (ReturnID, OrderDetailID, ReturnDate, ReturnQuantity, ReturnReason, ReturnStatus) VALUES (850, 25933, '2025-01-01 01:48:35', 1, 'Changed Mind', 'Approved');"
851,25936,2024-01-19 09:25:02,1,Incorrect Item,Rejected,"INSERT INTO dbo.Returns (ReturnID, OrderDetailID, ReturnDate, ReturnQuantity, ReturnReason, ReturnStatus) VALUES (851, 25936, '2024-01-19 09:25:02', 1, 'Incorrect Item', 'Rejected');"
852,26070,2026-03-02 00:02:30,2,Changed Mind,Rejected,"INSERT INTO dbo.Returns (ReturnID, OrderDetailID, ReturnDate, ReturnQuantity, ReturnReason, ReturnStatus) VALUES (852, 26070, '2026-03-02 00:02:30', 2, 'Changed Mind', 'Rejected');"
853,26087,2026-09-02 10:34:27,1,Changed Mind,Requested,"INSERT INTO dbo.Returns (ReturnID, OrderDetailID, ReturnDate, ReturnQuantity, ReturnReason, ReturnStatus) VALUES (853, 26087, '2026-09-02 10:34:27', 1, 'Changed Mind', 'Requested');"
854,26093,2026-08-29 00:54:15,1,Changed Mind,Approved,"INSERT INTO dbo.Returns (ReturnID, OrderDetailID, ReturnDate, ReturnQuantity, ReturnReason, ReturnStatus) VALUES (854, 26093, '2026-08-29 00:54:15', 1, 'Changed Mind', 'Approved');"
855,26108,2026-09-12 02:44:15,1,Changed Mind,Requested,"INSERT INTO dbo.Returns (ReturnID, OrderDetailID, ReturnDate, ReturnQuantity, ReturnReason, ReturnStatus) VALUES (855, 26108, '2026-09-12 02:44:15', 1, 'Changed Mind', 'Requested');"
856,26125,2026-03-17 18:52:25,2,Late Arrival,Requested,"INSERT INTO dbo.Returns (ReturnID, OrderDetailID, ReturnDate, ReturnQuantity, ReturnReason, ReturnStatus) VALUES (856, 26125, '2026-03-17 18:52:25', 2, 'Late Arrival', 'Requested');"
857,26133,2026-07-27 02:37:26,1,Late Arrival,Approved,"INSERT INTO dbo.Returns (ReturnID, OrderDetailID, ReturnDate, ReturnQuantity, ReturnReason, ReturnStatus) VALUES (857, 26133, '2026-07-27 02:37:26', 1, 'Late Arrival', 'Approved');"
858,26151,2024-05-28 21:27:39,1,Incorrect Item,Rejected,"INSERT INTO dbo.Returns (ReturnID, OrderDetailID, ReturnDate, ReturnQuantity, ReturnReason, ReturnStatus) VALUES (858, 26151, '2024-05-28 21:27:39', 1, 'Incorrect Item', 'Rejected');"
859,26171,2026-08-26 20:19:21,1,Changed Mind,Requested,"INSERT INTO dbo.Returns (ReturnID, OrderDetailID, ReturnDate, ReturnQuantity, ReturnReason, ReturnStatus) VALUES (859, 26171, '2026-08-26 20:19:21', 1, 'Changed Mind', 'Requested');"
860,26223,2025-03-16 10:09:41,1,Defective,Rejected,"INSERT INTO dbo.Returns (ReturnID, OrderDetailID, ReturnDate, ReturnQuantity, ReturnReason, ReturnStatus) VALUES (860, 26223, '2025-03-16 10:09:41', 1, 'Defective', 'Rejected');"
861,26317,2025-08-22 11:42:02,1,Defective,Completed,"INSERT INTO dbo.Returns (ReturnID, OrderDetailID, ReturnDate, ReturnQuantity, ReturnReason, ReturnStatus) VALUES (861, 26317, '2025-08-22 11:42:02', 1, 'Defective', 'Completed');"
862,26393,2025-12-04 03:52:55,1,Changed Mind,Completed,"INSERT INTO dbo.Returns (ReturnID, OrderDetailID, ReturnDate, ReturnQuantity, ReturnReason, ReturnStatus) VALUES (862, 26393, '2025-12-04 03:52:55', 1, 'Changed Mind', 'Completed');"
863,26408,2025-12-26 22:25:03,1,Incorrect Item,Rejected,"INSERT INTO dbo.Returns (ReturnID, OrderDetailID, ReturnDate, ReturnQuantity, ReturnReason, ReturnStatus) VALUES (863, 26408, '2025-12-26 22:25:03', 1, 'Incorrect Item', 'Rejected');"
864,26413,2026-08-04 18:43:46,1,Late Arrival,Requested,"INSERT INTO dbo.Returns (ReturnID, OrderDetailID, ReturnDate, ReturnQuantity, ReturnReason, ReturnStatus) VALUES (864, 26413, '2026-08-04 18:43:46', 1, 'Late Arrival', 'Requested');"
865,26439,2024-06-27 22:58:02,1,Changed Mind,Rejected,"INSERT INTO dbo.Returns (ReturnID, OrderDetailID, ReturnDate, ReturnQuantity, ReturnReason, ReturnStatus) VALUES (865, 26439, '2024-06-27 22:58:02', 1, 'Changed Mind', 'Rejected');"
866,26450,2026-01-24 12:01:06,1,Late Arrival,Requested,"INSERT INTO dbo.Returns (ReturnID, OrderDetailID, ReturnDate, ReturnQuantity, ReturnReason, ReturnStatus) VALUES (866, 26450, '2026-01-24 12:01:06', 1, 'Late Arrival', 'Requested');"
867,26452,2026-08-20 23:09:05,1,Defective,Completed,"INSERT INTO dbo.Returns (ReturnID, OrderDetailID, ReturnDate, ReturnQuantity, ReturnReason, ReturnStatus) VALUES (867, 26452, '2026-08-20 23:09:05', 1, 'Defective', 'Completed');"
868,26514,2025-10-27 13:40:06,1,Defective,Requested,"INSERT INTO dbo.Returns (ReturnID, OrderDetailID, ReturnDate, ReturnQuantity, ReturnReason, ReturnStatus) VALUES (868, 26514, '2025-10-27 13:40:06', 1, 'Defective', 'Requested');"
869,26565,2025-09-26 06:07:28,2,Defective,Approved,"INSERT INTO dbo.Returns (ReturnID, OrderDetailID, ReturnDate, ReturnQuantity, ReturnReason, ReturnStatus) VALUES (869, 26565, '2025-09-26 06:07:28', 2, 'Defective', 'Approved');"
870,26566,2025-09-23 06:07:28,1,Changed Mind,Completed,"INSERT INTO dbo.Returns (ReturnID, OrderDetailID, ReturnDate, ReturnQuantity, ReturnReason, ReturnStatus) VALUES (870, 26566, '2025-09-23 06:07:28', 1, 'Changed Mind', 'Completed');"
871,26573,2026-08-02 00:47:09,1,Incorrect Item,Completed,"INSERT INTO dbo.Returns (ReturnID, OrderDetailID, ReturnDate, ReturnQuantity, ReturnReason, ReturnStatus) VALUES (871, 26573, '2026-08-02 00:47:09', 1, 'Incorrect Item', 'Completed');"
872,26585,2026-02-10 19:00:05,1,Changed Mind,Approved,"INSERT INTO dbo.Returns (ReturnID, OrderDetailID, ReturnDate, ReturnQuantity, ReturnReason, ReturnStatus) VALUES (872, 26585, '2026-02-10 19:00:05', 1, 'Changed Mind', 'Approved');"
873,26590,2025-09-17 15:30:22,2,Incorrect Item,Completed,"INSERT INTO dbo.Returns (ReturnID, OrderDetailID, ReturnDate, ReturnQuantity, ReturnReason, ReturnStatus) VALUES (873, 26590, '2025-09-17 15:30:22', 2, 'Incorrect Item', 'Completed');"
874,26607,2026-02-04 02:50:45,1,Defective,Approved,"INSERT INTO dbo.Returns (ReturnID, OrderDetailID, ReturnDate, ReturnQuantity, ReturnReason, ReturnStatus) VALUES (874, 26607, '2026-02-04 02:50:45', 1, 'Defective', 'Approved');"
875,26643,2024-10-23 14:10:03,1,Changed Mind,Completed,"INSERT INTO dbo.Returns (ReturnID, OrderDetailID, ReturnDate, ReturnQuantity, ReturnReason, ReturnStatus) VALUES (875, 26643, '2024-10-23 14:10:03', 1, 'Changed Mind', 'Completed');"
876,26726,2026-07-15 18:35:02,4,Late Arrival,Rejected,"INSERT INTO dbo.Returns (ReturnID, OrderDetailID, ReturnDate, ReturnQuantity, ReturnReason, ReturnStatus) VALUES (876, 26726, '2026-07-15 18:35:02', 4, 'Late Arrival', 'Rejected');"
877,26762,2026-06-05 16:49:17,2,Late Arrival,Completed,"INSERT INTO dbo.Returns (ReturnID, OrderDetailID, ReturnDate, ReturnQuantity, ReturnReason, ReturnStatus) VALUES (877, 26762, '2026-06-05 16:49:17', 2, 'Late Arrival', 'Completed');"
878,26811,2026-08-06 04:41:07,2,Late Arrival,Completed,"INSERT INTO dbo.Returns (ReturnID, OrderDetailID, ReturnDate, ReturnQuantity, ReturnReason, ReturnStatus) VALUES (878, 26811, '2026-08-06 04:41:07', 2, 'Late Arrival', 'Completed');"
879,26817,2026-02-28 19:41:31,1,Defective,Requested,"INSERT INTO dbo.Returns (ReturnID, OrderDetailID, ReturnDate, ReturnQuantity, ReturnReason, ReturnStatus) VALUES (879, 26817, '2026-02-28 19:41:31', 1, 'Defective', 'Requested');"
880,26821,2026-08-27 05:33:07,1,Changed Mind,Rejected,"INSERT INTO dbo.Returns (ReturnID, OrderDetailID, ReturnDate, ReturnQuantity, ReturnReason, ReturnStatus) VALUES (880, 26821, '2026-08-27 05:33:07', 1, 'Changed Mind', 'Rejected');"
881,26845,2026-03-17 02:31:56,1,Incorrect Item,Requested,"INSERT INTO dbo.Returns (ReturnID, OrderDetailID, ReturnDate, ReturnQuantity, ReturnReason, ReturnStatus) VALUES (881, 26845, '2026-03-17 02:31:56', 1, 'Incorrect Item', 'Requested');"
882,26846,2026-03-14 23:09:05,1,Incorrect Item,Approved,"INSERT INTO dbo.Returns (ReturnID, OrderDetailID, ReturnDate, ReturnQuantity, ReturnReason, ReturnStatus) VALUES (882, 26846, '2026-03-14 23:09:05', 1, 'Incorrect Item', 'Approved');"
883,26875,2026-06-18 04:03:16,1,Changed Mind,Approved,"INSERT INTO dbo.Returns (ReturnID, OrderDetailID, ReturnDate, ReturnQuantity, ReturnReason, ReturnStatus) VALUES (883, 26875, '2026-06-18 04:03:16', 1, 'Changed Mind', 'Approved');"
884,26901,2026-01-13 15:54:40,1,Changed Mind,Requested,"INSERT INTO dbo.Returns (ReturnID, OrderDetailID, ReturnDate, ReturnQuantity, ReturnReason, ReturnStatus) VALUES (884, 26901, '2026-01-13 15:54:40', 1, 'Changed Mind', 'Requested');"
885,26934,2026-09-05 11:31:04,1,Changed Mind,Completed,"INSERT INTO dbo.Returns (ReturnID, OrderDetailID, ReturnDate, ReturnQuantity, ReturnReason, ReturnStatus) VALUES (885, 26934, '2026-09-05 11:31:04', 1, 'Changed Mind', 'Completed');"
886,27014,2025-01-09 04:09:17,1,Incorrect Item,Approved,"INSERT INTO dbo.Returns (ReturnID, OrderDetailID, ReturnDate, ReturnQuantity, ReturnReason, ReturnStatus) VALUES (886, 27014, '2025-01-09 04:09:17', 1, 'Incorrect Item', 'Approved');"
887,27029,2026-04-12 14:17:55,2,Late Arrival,Approved,"INSERT INTO dbo.Returns (ReturnID, OrderDetailID, ReturnDate, ReturnQuantity, ReturnReason, ReturnStatus) VALUES (887, 27029, '2026-04-12 14:17:55', 2, 'Late Arrival', 'Approved');"
888,27046,2025-09-15 15:05:56,1,Incorrect Item,Rejected,"INSERT INTO dbo.Returns (ReturnID, OrderDetailID, ReturnDate, ReturnQuantity, ReturnReason, ReturnStatus) VALUES (888, 27046, '2025-09-15 15:05:56', 1, 'Incorrect Item', 'Rejected');"
889,27052,2026-06-27 08:44:46,1,Changed Mind,Completed,"INSERT INTO dbo.Returns (ReturnID, OrderDetailID, ReturnDate, ReturnQuantity, ReturnReason, ReturnStatus) VALUES (889, 27052, '2026-06-27 08:44:46', 1, 'Changed Mind', 'Completed');"
890,27056,2026-08-14 20:37:14,3,Defective,Approved,"INSERT INTO dbo.Returns (ReturnID, OrderDetailID, ReturnDate, ReturnQuantity, ReturnReason, ReturnStatus) VALUES (890, 27056, '2026-08-14 20:37:14', 3, 'Defective', 'Approved');"
891,27069,2025-08-23 20:54:59,1,Incorrect Item,Rejected,"INSERT INTO dbo.Returns (ReturnID, OrderDetailID, ReturnDate, ReturnQuantity, ReturnReason, ReturnStatus) VALUES (891, 27069, '2025-08-23 20:54:59', 1, 'Incorrect Item', 'Rejected');"
892,27089,2023-12-31 01:34:02,1,Changed Mind,Approved,"INSERT INTO dbo.Returns (ReturnID, OrderDetailID, ReturnDate, ReturnQuantity, ReturnReason, ReturnStatus) VALUES (892, 27089, '2023-12-31 01:34:02', 1, 'Changed Mind', 'Approved');"
893,27109,2026-08-11 20:51:32,3,Changed Mind,Rejected,"INSERT INTO dbo.Returns (ReturnID, OrderDetailID, ReturnDate, ReturnQuantity, ReturnReason, ReturnStatus) VALUES (893, 27109, '2026-08-11 20:51:32', 3, 'Changed Mind', 'Rejected');"
894,27112,2025-09-08 21:14:22,1,Late Arrival,Rejected,"INSERT INTO dbo.Returns (ReturnID, OrderDetailID, ReturnDate, ReturnQuantity, ReturnReason, ReturnStatus) VALUES (894, 27112, '2025-09-08 21:14:22', 1, 'Late Arrival', 'Rejected');"
895,27198,2025-12-30 11:07:15,1,Changed Mind,Approved,"INSERT INTO dbo.Returns (ReturnID, OrderDetailID, ReturnDate, ReturnQuantity, ReturnReason, ReturnStatus) VALUES (895, 27198, '2025-12-30 11:07:15', 1, 'Changed Mind', 'Approved');"
896,27229,2026-02-14 03:35:25,1,Incorrect Item,Approved,"INSERT INTO dbo.Returns (ReturnID, OrderDetailID, ReturnDate, ReturnQuantity, ReturnReason, ReturnStatus) VALUES (896, 27229, '2026-02-14 03:35:25', 1, 'Incorrect Item', 'Approved');"
897,27247,2026-07-07 18:17:50,2,Defective,Approved,"INSERT INTO dbo.Returns (ReturnID, OrderDetailID, ReturnDate, ReturnQuantity, ReturnReason, ReturnStatus) VALUES (897, 27247, '2026-07-07 18:17:50', 2, 'Defective', 'Approved');"
898,27277,2026-07-08 00:29:02,1,Defective,Approved,"INSERT INTO dbo.Returns (ReturnID, OrderDetailID, ReturnDate, ReturnQuantity, ReturnReason, ReturnStatus) VALUES (898, 27277, '2026-07-08 00:29:02', 1, 'Defective', 'Approved');"
899,27287,2026-07-24 00:33:10,1,Defective,Completed,"INSERT INTO dbo.Returns (ReturnID, OrderDetailID, ReturnDate, ReturnQuantity, ReturnReason, ReturnStatus) VALUES (899, 27287, '2026-07-24 00:33:10', 1, 'Defective', 'Completed');"
900,27296,2026-06-12 02:47:47,1,Changed Mind,Rejected,"INSERT INTO dbo.Returns (ReturnID, OrderDetailID, ReturnDate, ReturnQuantity, ReturnReason, ReturnStatus) VALUES (900, 27296, '2026-06-12 02:47:47', 1, 'Changed Mind', 'Rejected');"
901,27366,2026-05-30 07:28:05,1,Defective,Rejected,"INSERT INTO dbo.Returns (ReturnID, OrderDetailID, ReturnDate, ReturnQuantity, ReturnReason, ReturnStatus) VALUES (901, 27366, '2026-05-30 07:28:05', 1, 'Defective', 'Rejected');"
902,27392,2023-12-06 07:40:59,3,Incorrect Item,Rejected,"INSERT INTO dbo.Returns (ReturnID, OrderDetailID, ReturnDate, ReturnQuantity, ReturnReason, ReturnStatus) VALUES (902, 27392, '2023-12-06 07:40:59', 3, 'Incorrect Item', 'Rejected');"
903,27409,2026-07-20 23:15:16,1,Defective,Approved,"INSERT INTO dbo.Returns (ReturnID, OrderDetailID, ReturnDate, ReturnQuantity, ReturnReason, ReturnStatus) VALUES (903, 27409, '2026-07-20 23:15:16', 1, 'Defective', 'Approved');"
904,27420,2026-02-25 02:22:29,1,Incorrect Item,Rejected,"INSERT INTO dbo.Returns (ReturnID, OrderDetailID, ReturnDate, ReturnQuantity, ReturnReason, ReturnStatus) VALUES (904, 27420, '2026-02-25 02:22:29', 1, 'Incorrect Item', 'Rejected');"
905,27428,2026-04-30 17:35:26,1,Late Arrival,Completed,"INSERT INTO dbo.Returns (ReturnID, OrderDetailID, ReturnDate, ReturnQuantity, ReturnReason, ReturnStatus) VALUES (905, 27428, '2026-04-30 17:35:26', 1, 'Late Arrival', 'Completed');"
906,27477,2026-03-11 13:05:13,2,Defective,Approved,"INSERT INTO dbo.Returns (ReturnID, OrderDetailID, ReturnDate, ReturnQuantity, ReturnReason, ReturnStatus) VALUES (906, 27477, '2026-03-11 13:05:13', 2, 'Defective', 'Approved');"
907,27582,2025-07-22 02:02:27,2,Late Arrival,Requested,"INSERT INTO dbo.Returns (ReturnID, OrderDetailID, ReturnDate, ReturnQuantity, ReturnReason, ReturnStatus) VALUES (907, 27582, '2025-07-22 02:02:27', 2, 'Late Arrival', 'Requested');"
908,27601,2026-03-12 22:07:56,1,Defective,Requested,"INSERT INTO dbo.Returns (ReturnID, OrderDetailID, ReturnDate, ReturnQuantity, ReturnReason, ReturnStatus) VALUES (908, 27601, '2026-03-12 22:07:56', 1, 'Defective', 'Requested');"
909,27810,2025-02-07 06:07:47,4,Defective,Requested,"INSERT INTO dbo.Returns (ReturnID, OrderDetailID, ReturnDate, ReturnQuantity, ReturnReason, ReturnStatus) VALUES (909, 27810, '2025-02-07 06:07:47', 4, 'Defective', 'Requested');"
910,27848,2026-05-02 06:13:46,1,Defective,Approved,"INSERT INTO dbo.Returns (ReturnID, OrderDetailID, ReturnDate, ReturnQuantity, ReturnReason, ReturnStatus) VALUES (910, 27848, '2026-05-02 06:13:46', 1, 'Defective', 'Approved');"
911,27917,2026-04-09 18:48:12,1,Changed Mind,Rejected,"INSERT INTO dbo.Returns (ReturnID, OrderDetailID, ReturnDate, ReturnQuantity, ReturnReason, ReturnStatus) VALUES (911, 27917, '2026-04-09 18:48:12', 1, 'Changed Mind', 'Rejected');"
912,27923,2026-07-05 09:31:53,2,Defective,Completed,"INSERT INTO dbo.Returns (ReturnID, OrderDetailID, ReturnDate, ReturnQuantity, ReturnReason, ReturnStatus) VALUES (912, 27923, '2026-07-05 09:31:53', 2, 'Defective', 'Completed');"
913,27927,2026-07-26 03:15:15,1,Late Arrival,Requested,"INSERT INTO dbo.Returns (ReturnID, OrderDetailID, ReturnDate, ReturnQuantity, ReturnReason, ReturnStatus) VALUES (913, 27927, '2026-07-26 03:15:15', 1, 'Late Arrival', 'Requested');"
914,28028,2025-11-30 09:07:50,2,Changed Mind,Rejected,"INSERT INTO dbo.Returns (ReturnID, OrderDetailID, ReturnDate, ReturnQuantity, ReturnReason, ReturnStatus) VALUES (914, 28028, '2025-11-30 09:07:50', 2, 'Changed Mind', 'Rejected');"
915,28087,2026-06-29 07:25:24,1,Late Arrival,Approved,"INSERT INTO dbo.Returns (ReturnID, OrderDetailID, ReturnDate, ReturnQuantity, ReturnReason, ReturnStatus) VALUES (915, 28087, '2026-06-29 07:25:24', 1, 'Late Arrival', 'Approved');"
916,28134,2026-02-10 03:24:07,1,Changed Mind,Requested,"INSERT INTO dbo.Returns (ReturnID, OrderDetailID, ReturnDate, ReturnQuantity, ReturnReason, ReturnStatus) VALUES (916, 28134, '2026-02-10 03:24:07', 1, 'Changed Mind', 'Requested');"
917,28144,2026-01-13 15:12:51,1,Incorrect Item,Rejected,"INSERT INTO dbo.Returns (ReturnID, OrderDetailID, ReturnDate, ReturnQuantity, ReturnReason, ReturnStatus) VALUES (917, 28144, '2026-01-13 15:12:51', 1, 'Incorrect Item', 'Rejected');"
918,28148,2026-08-23 10:34:08,1,Incorrect Item,Completed,"INSERT INTO dbo.Returns (ReturnID, OrderDetailID, ReturnDate, ReturnQuantity, ReturnReason, ReturnStatus) VALUES (918, 28148, '2026-08-23 10:34:08', 1, 'Incorrect Item', 'Completed');"
919,28237,2026-04-28 11:59:23,1,Late Arrival,Requested,"INSERT INTO dbo.Returns (ReturnID, OrderDetailID, ReturnDate, ReturnQuantity, ReturnReason, ReturnStatus) VALUES (919, 28237, '2026-04-28 11:59:23', 1, 'Late Arrival', 'Requested');"
920,28255,2026-04-23 11:57:30,1,Late Arrival,Requested,"INSERT INTO dbo.Returns (ReturnID, OrderDetailID, ReturnDate, ReturnQuantity, ReturnReason, ReturnStatus) VALUES (920, 28255, '2026-04-23 11:57:30', 1, 'Late Arrival', 'Requested');"
921,28257,2026-04-13 11:57:30,1,Incorrect Item,Requested,"INSERT INTO dbo.Returns (ReturnID, OrderDetailID, ReturnDate, ReturnQuantity, ReturnReason, ReturnStatus) VALUES (921, 28257, '2026-04-13 11:57:30', 1, 'Incorrect Item', 'Requested');"
922,28270,2024-07-09 08:42:14,3,Defective,Rejected,"INSERT INTO dbo.Returns (ReturnID, OrderDetailID, ReturnDate, ReturnQuantity, ReturnReason, ReturnStatus) VALUES (922, 28270, '2024-07-09 08:42:14', 3, 'Defective', 'Rejected');"
923,28333,2026-04-07 00:46:14,2,Changed Mind,Rejected,"INSERT INTO dbo.Returns (ReturnID, OrderDetailID, ReturnDate, ReturnQuantity, ReturnReason, ReturnStatus) VALUES (923, 28333, '2026-04-07 00:46:14', 2, 'Changed Mind', 'Rejected');"
924,28360,2026-09-14 14:36:26,2,Changed Mind,Completed,"INSERT INTO dbo.Returns (ReturnID, OrderDetailID, ReturnDate, ReturnQuantity, ReturnReason, ReturnStatus) VALUES (924, 28360, '2026-09-14 14:36:26', 2, 'Changed Mind', 'Completed');"
925,28382,2026-07-05 22:29:06,1,Changed Mind,Rejected,"INSERT INTO dbo.Returns (ReturnID, OrderDetailID, ReturnDate, ReturnQuantity, ReturnReason, ReturnStatus) VALUES (925, 28382, '2026-07-05 22:29:06', 1, 'Changed Mind', 'Rejected');"
926,28464,2026-07-29 12:49:51,3,Defective,Requested,"INSERT INTO dbo.Returns (ReturnID, OrderDetailID, ReturnDate, ReturnQuantity, ReturnReason, ReturnStatus) VALUES (926, 28464, '2026-07-29 12:49:51', 3, 'Defective', 'Requested');"
927,28465,2026-07-22 12:49:51,1,Late Arrival,Requested,"INSERT INTO dbo.Returns (ReturnID, OrderDetailID, ReturnDate, ReturnQuantity, ReturnReason, ReturnStatus) VALUES (927, 28465, '2026-07-22 12:49:51', 1, 'Late Arrival', 'Requested');"
928,28470,2025-08-02 01:54:46,1,Changed Mind,Completed,"INSERT INTO dbo.Returns (ReturnID, OrderDetailID, ReturnDate, ReturnQuantity, ReturnReason, ReturnStatus) VALUES (928, 28470, '2025-08-02 01:54:46', 1, 'Changed Mind', 'Completed');"
929,28501,2026-08-29 08:07:35,1,Incorrect Item,Rejected,"INSERT INTO dbo.Returns (ReturnID, OrderDetailID, ReturnDate, ReturnQuantity, ReturnReason, ReturnStatus) VALUES (929, 28501, '2026-08-29 08:07:35', 1, 'Incorrect Item', 'Rejected');"
930,28503,2026-08-25 08:07:35,1,Changed Mind,Rejected,"INSERT INTO dbo.Returns (ReturnID, OrderDetailID, ReturnDate, ReturnQuantity, ReturnReason, ReturnStatus) VALUES (930, 28503, '2026-08-25 08:07:35', 1, 'Changed Mind', 'Rejected');"
931,28544,2026-05-19 07:20:52,1,Late Arrival,Approved,"INSERT INTO dbo.Returns (ReturnID, OrderDetailID, ReturnDate, ReturnQuantity, ReturnReason, ReturnStatus) VALUES (931, 28544, '2026-05-19 07:20:52', 1, 'Late Arrival', 'Approved');"
932,28584,2026-09-01 18:05:28,1,Changed Mind,Requested,"INSERT INTO dbo.Returns (ReturnID, OrderDetailID, ReturnDate, ReturnQuantity, ReturnReason, ReturnStatus) VALUES (932, 28584, '2026-09-01 18:05:28', 1, 'Changed Mind', 'Requested');"
933,28722,2026-02-22 14:03:27,1,Defective,Requested,"INSERT INTO dbo.Returns (ReturnID, OrderDetailID, ReturnDate, ReturnQuantity, ReturnReason, ReturnStatus) VALUES (933, 28722, '2026-02-22 14:03:27', 1, 'Defective', 'Requested');"
934,28765,2025-04-01 22:58:39,2,Changed Mind,Requested,"INSERT INTO dbo.Returns (ReturnID, OrderDetailID, ReturnDate, ReturnQuantity, ReturnReason, ReturnStatus) VALUES (934, 28765, '2025-04-01 22:58:39', 2, 'Changed Mind', 'Requested');"
935,28806,2026-08-10 09:20:25,1,Changed Mind,Requested,"INSERT INTO dbo.Returns (ReturnID, OrderDetailID, ReturnDate, ReturnQuantity, ReturnReason, ReturnStatus) VALUES (935, 28806, '2026-08-10 09:20:25', 1, 'Changed Mind', 'Requested');"
936,28855,2024-11-27 11:16:04,2,Changed Mind,Approved,"INSERT INTO dbo.Returns (ReturnID, OrderDetailID, ReturnDate, ReturnQuantity, ReturnReason, ReturnStatus) VALUES (936, 28855, '2024-11-27 11:16:04', 2, 'Changed Mind', 'Approved');"
937,28862,2026-01-08 22:40:14,1,Incorrect Item,Approved,"INSERT INTO dbo.Returns (ReturnID, OrderDetailID, ReturnDate, ReturnQuantity, ReturnReason, ReturnStatus) VALUES (937, 28862, '2026-01-08 22:40:14', 1, 'Incorrect Item', 'Approved');"
938,28869,2025-10-30 08:02:20,1,Late Arrival,Rejected,"INSERT INTO dbo.Returns (ReturnID, OrderDetailID, ReturnDate, ReturnQuantity, ReturnReason, ReturnStatus) VALUES (938, 28869, '2025-10-30 08:02:20', 1, 'Late Arrival', 'Rejected');"
939,28878,2026-08-01 22:16:18,3,Late Arrival,Rejected,"INSERT INTO dbo.Returns (ReturnID, OrderDetailID, ReturnDate, ReturnQuantity, ReturnReason, ReturnStatus) VALUES (939, 28878, '2026-08-01 22:16:18', 3, 'Late Arrival', 'Rejected');"
940,28928,2026-07-14 20:25:12,1,Defective,Requested,"INSERT INTO dbo.Returns (ReturnID, OrderDetailID, ReturnDate, ReturnQuantity, ReturnReason, ReturnStatus) VALUES (940, 28928, '2026-07-14 20:25:12', 1, 'Defective', 'Requested');"
941,28935,2025-08-27 08:27:13,1,Incorrect Item,Rejected,"INSERT INTO dbo.Returns (ReturnID, OrderDetailID, ReturnDate, ReturnQuantity, ReturnReason, ReturnStatus) VALUES (941, 28935, '2025-08-27 08:27:13', 1, 'Incorrect Item', 'Rejected');"
942,29047,2025-07-01 18:52:04,1,Changed Mind,Requested,"INSERT INTO dbo.Returns (ReturnID, OrderDetailID, ReturnDate, ReturnQuantity, ReturnReason, ReturnStatus) VALUES (942, 29047, '2025-07-01 18:52:04', 1, 'Changed Mind', 'Requested');"
943,29080,2026-07-30 06:26:35,1,Defective,Completed,"INSERT INTO dbo.Returns (ReturnID, OrderDetailID, ReturnDate, ReturnQuantity, ReturnReason, ReturnStatus) VALUES (943, 29080, '2026-07-30 06:26:35', 1, 'Defective', 'Completed');"
944,29092,2024-07-07 21:00:01,1,Changed Mind,Requested,"INSERT INTO dbo.Returns (ReturnID, OrderDetailID, ReturnDate, ReturnQuantity, ReturnReason, ReturnStatus) VALUES (944, 29092, '2024-07-07 21:00:01', 1, 'Changed Mind', 'Requested');"
945,29156,2026-04-30 10:07:56,1,Defective,Requested,"INSERT INTO dbo.Returns (ReturnID, OrderDetailID, ReturnDate, ReturnQuantity, ReturnReason, ReturnStatus) VALUES (945, 29156, '2026-04-30 10:07:56', 1, 'Defective', 'Requested');"
946,29229,2025-11-24 16:13:55,1,Late Arrival,Requested,"INSERT INTO dbo.Returns (ReturnID, OrderDetailID, ReturnDate, ReturnQuantity, ReturnReason, ReturnStatus) VALUES (946, 29229, '2025-11-24 16:13:55', 1, 'Late Arrival', 'Requested');"
947,29256,2026-08-13 02:46:00,1,Late Arrival,Requested,"INSERT INTO dbo.Returns (ReturnID, OrderDetailID, ReturnDate, ReturnQuantity, ReturnReason, ReturnStatus) VALUES (947, 29256, '2026-08-13 02:46:00', 1, 'Late Arrival', 'Requested');"
948,29287,2026-03-12 22:19:34,1,Defective,Approved,"INSERT INTO dbo.Returns (ReturnID, OrderDetailID, ReturnDate, ReturnQuantity, ReturnReason, ReturnStatus) VALUES (948, 29287, '2026-03-12 22:19:34', 1, 'Defective', 'Approved');"
949,29300,2025-08-29 17:15:23,1,Late Arrival,Completed,"INSERT INTO dbo.Returns (ReturnID, OrderDetailID, ReturnDate, ReturnQuantity, ReturnReason, ReturnStatus) VALUES (949, 29300, '2025-08-29 17:15:23', 1, 'Late Arrival', 'Completed');"
950,29319,2026-09-16 02:02:07,2,Changed Mind,Requested,"INSERT INTO dbo.Returns (ReturnID, OrderDetailID, ReturnDate, ReturnQuantity, ReturnReason, ReturnStatus) VALUES (950, 29319, '2026-09-16 02:02:07', 2, 'Changed Mind', 'Requested');"
951,29436,2024-06-18 17:48:02,1,Incorrect Item,Approved,"INSERT INTO dbo.Returns (ReturnID, OrderDetailID, ReturnDate, ReturnQuantity, ReturnReason, ReturnStatus) VALUES (951, 29436, '2024-06-18 17:48:02', 1, 'Incorrect Item', 'Approved');"
952,29480,2025-03-31 02:24:48,1,Incorrect Item,Rejected,"INSERT INTO dbo.Returns (ReturnID, OrderDetailID, ReturnDate, ReturnQuantity, ReturnReason, ReturnStatus) VALUES (952, 29480, '2025-03-31 02:24:48', 1, 'Incorrect Item', 'Rejected');"
953,29497,2025-11-07 20:29:34,2,Defective,Rejected,"INSERT INTO dbo.Returns (ReturnID, OrderDetailID, ReturnDate, ReturnQuantity, ReturnReason, ReturnStatus) VALUES (953, 29497, '2025-11-07 20:29:34', 2, 'Defective', 'Rejected');"
954,29507,2024-12-20 07:56:30,1,Incorrect Item,Rejected,"INSERT INTO dbo.Returns (ReturnID, OrderDetailID, ReturnDate, ReturnQuantity, ReturnReason, ReturnStatus) VALUES (954, 29507, '2024-12-20 07:56:30', 1, 'Incorrect Item', 'Rejected');"
955,29515,2025-06-09 19:55:04,1,Changed Mind,Rejected,"INSERT INTO dbo.Returns (ReturnID, OrderDetailID, ReturnDate, ReturnQuantity, ReturnReason, ReturnStatus) VALUES (955, 29515, '2025-06-09 19:55:04', 1, 'Changed Mind', 'Rejected');"
956,29559,2026-02-18 09:15:22,3,Late Arrival,Completed,"INSERT INTO dbo.Returns (ReturnID, OrderDetailID, ReturnDate, ReturnQuantity, ReturnReason, ReturnStatus) VALUES (956, 29559, '2026-02-18 09:15:22', 3, 'Late Arrival', 'Completed');"
957,29628,2026-06-19 07:52:06,1,Changed Mind,Approved,"INSERT INTO dbo.Returns (ReturnID, OrderDetailID, ReturnDate, ReturnQuantity, ReturnReason, ReturnStatus) VALUES (957, 29628, '2026-06-19 07:52:06', 1, 'Changed Mind', 'Approved');"
958,29709,2026-06-26 17:18:13,2,Defective,Requested,"INSERT INTO dbo.Returns (ReturnID, OrderDetailID, ReturnDate, ReturnQuantity, ReturnReason, ReturnStatus) VALUES (958, 29709, '2026-06-26 17:18:13', 2, 'Defective', 'Requested');"
959,29731,2025-05-07 06:27:01,1,Changed Mind,Rejected,"INSERT INTO dbo.Returns (ReturnID, OrderDetailID, ReturnDate, ReturnQuantity, ReturnReason, ReturnStatus) VALUES (959, 29731, '2025-05-07 06:27:01', 1, 'Changed Mind', 'Rejected');"
960,29765,2024-11-30 14:41:54,1,Defective,Requested,"INSERT INTO dbo.Returns (ReturnID, OrderDetailID, ReturnDate, ReturnQuantity, ReturnReason, ReturnStatus) VALUES (960, 29765, '2024-11-30 14:41:54', 1, 'Defective', 'Requested');"
961,29787,2026-08-02 20:41:43,1,Late Arrival,Requested,"INSERT INTO dbo.Returns (ReturnID, OrderDetailID, ReturnDate, ReturnQuantity, ReturnReason, ReturnStatus) VALUES (961, 29787, '2026-08-02 20:41:43', 1, 'Late Arrival', 'Requested');"
962,29814,2025-06-19 20:54:26,1,Defective,Completed,"INSERT INTO dbo.Returns (ReturnID, OrderDetailID, ReturnDate, ReturnQuantity, ReturnReason, ReturnStatus) VALUES (962, 29814, '2025-06-19 20:54:26', 1, 'Defective', 'Completed');"
963,29820,2026-06-06 03:19:09,1,Defective,Approved,"INSERT INTO dbo.Returns (ReturnID, OrderDetailID, ReturnDate, ReturnQuantity, ReturnReason, ReturnStatus) VALUES (963, 29820, '2026-06-06 03:19:09', 1, 'Defective', 'Approved');"
964,29870,2025-03-27 00:52:24,1,Late Arrival,Completed,"INSERT INTO dbo.Returns (ReturnID, OrderDetailID, ReturnDate, ReturnQuantity, ReturnReason, ReturnStatus) VALUES (964, 29870, '2025-03-27 00:52:24', 1, 'Late Arrival', 'Completed');"
965,29920,2026-07-08 15:59:51,1,Incorrect Item,Completed,"INSERT INTO dbo.Returns (ReturnID, OrderDetailID, ReturnDate, ReturnQuantity, ReturnReason, ReturnStatus) VALUES (965, 29920, '2026-07-08 15:59:51', 1, 'Incorrect Item', 'Completed');"
966,29923,2025-02-03 19:44:28,2,Defective,Rejected,"INSERT INTO dbo.Returns (ReturnID, OrderDetailID, ReturnDate, ReturnQuantity, ReturnReason, ReturnStatus) VALUES (966, 29923, '2025-02-03 19:44:28', 2, 'Defective', 'Rejected');"
967,29944,2025-04-09 06:58:30,1,Late Arrival,Approved,"INSERT INTO dbo.Returns (ReturnID, OrderDetailID, ReturnDate, ReturnQuantity, ReturnReason, ReturnStatus) VALUES (967, 29944, '2025-04-09 06:58:30', 1, 'Late Arrival', 'Approved');"
968,29950,2025-06-04 09:23:09,1,Defective,Approved,"INSERT INTO dbo.Returns (ReturnID, OrderDetailID, ReturnDate, ReturnQuantity, ReturnReason, ReturnStatus) VALUES (968, 29950, '2025-06-04 09:23:09', 1, 'Defective', 'Approved');"
969,29958,2026-05-13 00:53:54,2,Incorrect Item,Approved,"INSERT INTO dbo.Returns (ReturnID, OrderDetailID, ReturnDate, ReturnQuantity, ReturnReason, ReturnStatus) VALUES (969, 29958, '2026-05-13 00:53:54', 2, 'Incorrect Item', 'Approved');"
970,29979,2026-02-14 06:43:28,2,Late Arrival,Requested,"INSERT INTO dbo.Returns (ReturnID, OrderDetailID, ReturnDate, ReturnQuantity, ReturnReason, ReturnStatus) VALUES (970, 29979, '2026-02-14 06:43:28', 2, 'Late Arrival', 'Requested');"
971,30013,2026-09-04 10:47:14,1,Defective,Requested,"INSERT INTO dbo.Returns (ReturnID, OrderDetailID, ReturnDate, ReturnQuantity, ReturnReason, ReturnStatus) VALUES (971, 30013, '2026-09-04 10:47:14', 1, 'Defective', 'Requested');"
972,30057,2024-12-22 21:44:41,1,Defective,Completed,"INSERT INTO dbo.Returns (ReturnID, OrderDetailID, ReturnDate, ReturnQuantity, ReturnReason, ReturnStatus) VALUES (972, 30057, '2024-12-22 21:44:41', 1, 'Defective', 'Completed');"
973,30058,2024-12-18 21:44:41,1,Changed Mind,Rejected,"INSERT INTO dbo.Returns (ReturnID, OrderDetailID, ReturnDate, ReturnQuantity, ReturnReason, ReturnStatus) VALUES (973, 30058, '2024-12-18 21:44:41', 1, 'Changed Mind', 'Rejected');"
974,30076,2023-11-10 17:00:19,1,Incorrect Item,Rejected,"INSERT INTO dbo.Returns (ReturnID, OrderDetailID, ReturnDate, ReturnQuantity, ReturnReason, ReturnStatus) VALUES (974, 30076, '2023-11-10 17:00:19', 1, 'Incorrect Item', 'Rejected');"
975,30122,2026-03-14 21:57:11,2,Defective,Rejected,"INSERT INTO dbo.Returns (ReturnID, OrderDetailID, ReturnDate, ReturnQuantity, ReturnReason, ReturnStatus) VALUES (975, 30122, '2026-03-14 21:57:11', 2, 'Defective', 'Rejected');"
976,30175,2025-11-14 21:40:34,2,Changed Mind,Rejected,"INSERT INTO dbo.Returns (ReturnID, OrderDetailID, ReturnDate, ReturnQuantity, ReturnReason, ReturnStatus) VALUES (976, 30175, '2025-11-14 21:40:34', 2, 'Changed Mind', 'Rejected');"
977,30192,2026-08-13 11:09:50,1,Incorrect Item,Rejected,"INSERT INTO dbo.Returns (ReturnID, OrderDetailID, ReturnDate, ReturnQuantity, ReturnReason, ReturnStatus) VALUES (977, 30192, '2026-08-13 11:09:50', 1, 'Incorrect Item', 'Rejected');"
978,30214,2024-07-02 19:43:18,1,Defective,Completed,"INSERT INTO dbo.Returns (ReturnID, OrderDetailID, ReturnDate, ReturnQuantity, ReturnReason, ReturnStatus) VALUES (978, 30214, '2024-07-02 19:43:18', 1, 'Defective', 'Completed');"
979,30233,2026-01-17 11:18:17,1,Late Arrival,Approved,"INSERT INTO dbo.Returns (ReturnID, OrderDetailID, ReturnDate, ReturnQuantity, ReturnReason, ReturnStatus) VALUES (979, 30233, '2026-01-17 11:18:17', 1, 'Late Arrival', 'Approved');"
980,30267,2026-08-26 09:50:53,1,Changed Mind,Requested,"INSERT INTO dbo.Returns (ReturnID, OrderDetailID, ReturnDate, ReturnQuantity, ReturnReason, ReturnStatus) VALUES (980, 30267, '2026-08-26 09:50:53', 1, 'Changed Mind', 'Requested');"
981,30300,2026-01-29 21:28:07,1,Defective,Completed,"INSERT INTO dbo.Returns (ReturnID, OrderDetailID, ReturnDate, ReturnQuantity, ReturnReason, ReturnStatus) VALUES (981, 30300, '2026-01-29 21:28:07', 1, 'Defective', 'Completed');"
982,30308,2025-09-06 07:03:09,1,Late Arrival,Requested,"INSERT INTO dbo.Returns (ReturnID, OrderDetailID, ReturnDate, ReturnQuantity, ReturnReason, ReturnStatus) VALUES (982, 30308, '2025-09-06 07:03:09', 1, 'Late Arrival', 'Requested');"
983,30365,2024-10-01 16:32:41,1,Incorrect Item,Rejected,"INSERT INTO dbo.Returns (ReturnID, OrderDetailID, ReturnDate, ReturnQuantity, ReturnReason, ReturnStatus) VALUES (983, 30365, '2024-10-01 16:32:41', 1, 'Incorrect Item', 'Rejected');"
984,30373,2025-11-05 21:41:35,3,Defective,Approved,"INSERT INTO dbo.Returns (ReturnID, OrderDetailID, ReturnDate, ReturnQuantity, ReturnReason, ReturnStatus) VALUES (984, 30373, '2025-11-05 21:41:35', 3, 'Defective', 'Approved');"
985,30389,2025-09-28 07:25:27,1,Changed Mind,Approved,"INSERT INTO dbo.Returns (ReturnID, OrderDetailID, ReturnDate, ReturnQuantity, ReturnReason, ReturnStatus) VALUES (985, 30389, '2025-09-28 07:25:27', 1, 'Changed Mind', 'Approved');"
986,30403,2026-06-17 14:14:21,1,Defective,Completed,"INSERT INTO dbo.Returns (ReturnID, OrderDetailID, ReturnDate, ReturnQuantity, ReturnReason, ReturnStatus) VALUES (986, 30403, '2026-06-17 14:14:21', 1, 'Defective', 'Completed');"
987,30416,2026-05-08 15:40:22,1,Changed Mind,Approved,"INSERT INTO dbo.Returns (ReturnID, OrderDetailID, ReturnDate, ReturnQuantity, ReturnReason, ReturnStatus) VALUES (987, 30416, '2026-05-08 15:40:22', 1, 'Changed Mind', 'Approved');"
