ShipmentID,OrderID,ShipmentDate,EstimatedDeliveryDate,ActualDeliveryDate,ShippingMethod,TrackingNumber,ShipmentStatus
1,1,2026-04-15 23:41:29,2026-04-19,2026-04-19,Standard Ground,TRK-1-1,Delivered
2,3,2026-03-26 22:23:20,2026-03-30,,Standard Ground,TRK-3-2,In Transit
3,4,2026-03-10 14:14:44,2026-03-14,2026-03-15,Express Courier,TRK-4-3,Delivered
4,6,2025-09-13 09:18:45,2025-09-17,2025-09-15,Next-Day Air,TRK-6-4,Delivered
5,7,2025-03-23 05:06:13,2025-03-27,,Standard Ground,TRK-7-5,In Transit
6,8,2026-02-06 06:31:00,2026-02-10,2026-02-08,Standard Ground,TRK-8-6,Delivered
7,9,2024-08-11 13:59:57,2024-08-15,2024-08-13,Next-Day Air,TRK-9-7,Delivered
8,10,2025-06-16 22:21:41,2025-06-20,2025-06-20,Standard Ground,TRK-10-8,Delivered
9,11,2024-07-03 05:53:52,2024-07-07,2024-07-07,Standard Ground,TRK-11-9,Delivered
10,12,2026-06-16 12:23:20,2026-06-20,2026-06-18,Express Courier,TRK-12-10,Delivered
11,14,2024-10-25 14:00:50,2024-10-29,,Next-Day Air,TRK-14-11,In Transit
12,16,2026-05-07 19:02:08,2026-05-11,2026-05-12,Next-Day Air,TRK-16-12,Delivered
13,17,2025-01-07 08:54:13,2025-01-11,,Express Courier,TRK-17-13,In Transit
14,18,2026-08-24 18:26:49,2026-08-28,2026-08-28,Standard Ground,TRK-18-14,Delivered
15,20,2024-11-12 14:18:24,2024-11-16,,Next-Day Air,TRK-20-15,In Transit
16,21,2026-02-02 01:49:19,2026-02-06,2026-02-04,Next-Day Air,TRK-21-16,Delivered
17,22,2026-07-15 18:24:09,2026-07-19,2026-07-18,Next-Day Air,TRK-22-17,Delivered
18,23,2026-06-06 17:11:27,2026-06-10,2026-06-10,Express Courier,TRK-23-18,Delivered
19,24,2026-08-05 06:36:16,2026-08-09,2026-08-10,Standard Ground,TRK-24-19,Delivered
20,25,2026-08-31 16:02:21,2026-09-04,2026-09-03,Standard Ground,TRK-25-20,Delivered
21,26,2026-08-25 09:51:18,2026-08-29,2026-08-30,Next-Day Air,TRK-26-21,Delivered
22,27,2025-07-26 23:10:30,2025-07-30,2025-07-31,Next-Day Air,TRK-27-22,Delivered
23,31,2026-04-28 22:56:16,2026-05-02,2026-05-01,Express Courier,TRK-31-23,Delivered
24,32,2025-12-27 06:47:05,2025-12-31,2025-12-30,Next-Day Air,TRK-32-24,Delivered
25,33,2026-03-23 17:30:56,2026-03-27,2026-03-28,Next-Day Air,TRK-33-25,Delivered
26,34,2026-06-26 05:02:07,2026-06-30,2026-06-29,Next-Day Air,TRK-34-26,Delivered
27,36,2026-07-31 03:05:00,2026-08-04,2026-08-04,Next-Day Air,TRK-36-27,Delivered
28,37,2024-12-12 15:06:12,2024-12-16,2024-12-14,Standard Ground,TRK-37-28,Delivered
29,38,2025-01-01 16:37:52,2025-01-05,2025-01-03,Standard Ground,TRK-38-29,Delivered
30,39,2024-02-21 14:36:35,2024-02-25,2024-02-25,Next-Day Air,TRK-39-30,Delivered
31,40,2025-09-05 20:45:34,2025-09-09,2025-09-07,Express Courier,TRK-40-31,Delivered
32,41,2026-08-18 17:32:57,2026-08-22,2026-08-21,Express Courier,TRK-41-32,Delivered
33,42,2025-09-13 12:16:13,2025-09-17,2025-09-17,Standard Ground,TRK-42-33,Delivered
34,44,2026-03-08 01:43:11,2026-03-12,2026-03-13,Next-Day Air,TRK-44-34,Delivered
35,45,2026-04-25 21:52:04,2026-04-29,,Standard Ground,TRK-45-35,In Transit
36,46,2025-04-02 14:59:27,2025-04-06,2025-04-07,Standard Ground,TRK-46-36,Delivered
37,49,2026-07-17 13:25:00,2026-07-21,2026-07-21,Express Courier,TRK-49-37,Delivered
38,50,2024-09-30 03:12:15,2024-10-04,2024-10-05,Standard Ground,TRK-50-38,Delivered
39,53,2025-06-02 13:13:56,2025-06-06,,Next-Day Air,TRK-53-39,In Transit
40,55,2025-04-11 01:05:56,2025-04-15,2025-04-16,Next-Day Air,TRK-55-40,Delivered
41,56,2024-03-24 09:44:55,2024-03-28,2024-03-26,Standard Ground,TRK-56-41,Delivered
42,57,2025-06-25 09:40:51,2025-06-29,2025-06-28,Next-Day Air,TRK-57-42,Delivered
43,58,2025-09-19 02:11:19,2025-09-23,2025-09-23,Standard Ground,TRK-58-43,Delivered
44,59,2026-01-20 06:40:54,2026-01-24,2026-01-23,Standard Ground,TRK-59-44,Delivered
45,60,2025-08-28 05:03:18,2025-09-01,2025-09-02,Standard Ground,TRK-60-45,Delivered
46,61,2025-11-14 05:58:23,2025-11-18,2025-11-17,Next-Day Air,TRK-61-46,Delivered
47,62,2025-10-08 02:25:49,2025-10-12,,Next-Day Air,TRK-62-47,In Transit
48,63,2025-03-10 02:56:16,2025-03-14,2025-03-13,Next-Day Air,TRK-63-48,Delivered
49,65,2026-02-19 00:44:22,2026-02-23,,Standard Ground,TRK-65-49,In Transit
50,66,2026-08-08 20:34:29,2026-08-12,,Standard Ground,TRK-66-50,In Transit
51,67,2024-08-05 03:06:34,2024-08-09,,Express Courier,TRK-67-51,In Transit
52,68,2025-07-17 02:58:57,2025-07-21,2025-07-22,Standard Ground,TRK-68-52,Delivered
53,71,2024-06-13 00:08:55,2024-06-17,2024-06-17,Next-Day Air,TRK-71-53,Delivered
54,73,2026-01-28 01:54:54,2026-02-01,2026-02-01,Next-Day Air,TRK-73-54,Delivered
55,75,2026-01-18 04:00:21,2026-01-22,2026-01-21,Next-Day Air,TRK-75-55,Delivered
56,76,2026-01-20 09:37:40,2026-01-24,2026-01-24,Express Courier,TRK-76-56,Delivered
57,78,2026-06-25 12:48:11,2026-06-29,2026-06-28,Express Courier,TRK-78-57,Delivered
58,79,2026-06-15 02:22:33,2026-06-19,,Express Courier,TRK-79-58,In Transit
59,80,2026-08-30 09:03:03,2026-09-03,2026-09-01,Next-Day Air,TRK-80-59,Delivered
60,81,2026-07-01 13:11:04,2026-07-05,2026-07-03,Express Courier,TRK-81-60,Delivered
61,82,2026-07-10 07:39:26,2026-07-14,2026-07-15,Standard Ground,TRK-82-61,Delivered
62,83,2026-09-02 08:30:18,2026-09-06,2026-09-06,Next-Day Air,TRK-83-62,Delivered
63,84,2025-08-29 19:02:05,2025-09-02,2025-09-02,Standard Ground,TRK-84-63,Delivered
64,85,2024-06-29 18:39:44,2024-07-03,2024-07-03,Express Courier,TRK-85-64,Delivered
65,86,2026-06-07 15:33:37,2026-06-11,2026-06-10,Next-Day Air,TRK-86-65,Delivered
66,87,2025-09-12 09:14:27,2025-09-16,2025-09-16,Next-Day Air,TRK-87-66,Delivered
67,91,2026-07-05 11:59:13,2026-07-09,2026-07-08,Next-Day Air,TRK-91-67,Delivered
68,92,2025-09-04 10:06:17,2025-09-08,2025-09-06,Next-Day Air,TRK-92-68,Delivered
69,94,2026-01-31 04:10:44,2026-02-04,2026-02-03,Express Courier,TRK-94-69,Delivered
70,95,2026-05-02 15:29:52,2026-05-06,,Standard Ground,TRK-95-70,In Transit
71,96,2026-01-03 02:42:10,2026-01-07,2026-01-05,Standard Ground,TRK-96-71,Delivered
72,97,2026-04-04 21:30:14,2026-04-08,2026-04-09,Standard Ground,TRK-97-72,Delivered
73,98,2025-11-19 04:32:20,2025-11-23,,Standard Ground,TRK-98-73,In Transit
74,99,2025-11-24 10:09:34,2025-11-28,2025-11-27,Next-Day Air,TRK-99-74,Delivered
75,100,2025-10-15 06:07:55,2025-10-19,,Express Courier,TRK-100-75,In Transit
76,101,2026-04-22 14:41:42,2026-04-26,,Standard Ground,TRK-101-76,In Transit
77,102,2026-03-16 15:45:05,2026-03-20,,Express Courier,TRK-102-77,In Transit
78,103,2025-11-19 12:56:45,2025-11-23,2025-11-24,Next-Day Air,TRK-103-78,Delivered
79,104,2025-09-17 21:20:52,2025-09-21,2025-09-19,Standard Ground,TRK-104-79,Delivered
80,105,2025-02-11 03:04:09,2025-02-15,2025-02-13,Next-Day Air,TRK-105-80,Delivered
81,106,2025-01-16 09:40:35,2025-01-20,2025-01-20,Express Courier,TRK-106-81,Delivered
82,107,2025-01-30 20:22:03,2025-02-03,2025-02-02,Express Courier,TRK-107-82,Delivered
83,108,2024-09-14 02:40:26,2024-09-18,2024-09-17,Next-Day Air,TRK-108-83,Delivered
84,111,2024-09-16 09:24:43,2024-09-20,2024-09-18,Standard Ground,TRK-111-84,Delivered
85,113,2026-02-18 06:15:16,2026-02-22,2026-02-23,Express Courier,TRK-113-85,Delivered
86,115,2025-02-05 15:49:37,2025-02-09,2025-02-10,Next-Day Air,TRK-115-86,Delivered
87,117,2026-06-10 10:34:33,2026-06-14,,Express Courier,TRK-117-87,In Transit
88,118,2025-10-10 02:18:09,2025-10-14,2025-10-13,Standard Ground,TRK-118-88,Delivered
89,120,2026-08-31 09:40:14,2026-09-04,2026-09-02,Standard Ground,TRK-120-89,Delivered
90,121,2026-07-08 05:22:35,2026-07-12,2026-07-10,Next-Day Air,TRK-121-90,Delivered
91,124,2025-02-27 11:50:27,2025-03-03,2025-03-01,Next-Day Air,TRK-124-91,Delivered
92,125,2026-01-23 21:23:07,2026-01-27,2026-01-26,Express Courier,TRK-125-92,Delivered
93,126,2026-07-02 13:59:35,2026-07-06,,Express Courier,TRK-126-93,In Transit
94,127,2024-07-31 02:06:07,2024-08-04,2024-08-04,Standard Ground,TRK-127-94,Delivered
95,129,2026-05-12 14:18:57,2026-05-16,2026-05-16,Standard Ground,TRK-129-95,Delivered
96,130,2026-08-25 05:12:53,2026-08-29,2026-08-29,Standard Ground,TRK-130-96,Delivered
97,133,2026-01-14 00:28:51,2026-01-18,2026-01-18,Express Courier,TRK-133-97,Delivered
98,134,2024-03-16 21:29:54,2024-03-20,2024-03-18,Express Courier,TRK-134-98,Delivered
99,135,2026-06-21 17:58:52,2026-06-25,2026-06-25,Standard Ground,TRK-135-99,Delivered
100,136,2026-03-10 09:19:19,2026-03-14,2026-03-12,Standard Ground,TRK-136-100,Delivered
101,139,2026-05-30 09:32:31,2026-06-03,,Next-Day Air,TRK-139-101,In Transit
102,140,2025-02-09 05:20:08,2025-02-13,2025-02-14,Next-Day Air,TRK-140-102,Delivered
103,141,2025-10-14 01:49:31,2025-10-18,2025-10-19,Next-Day Air,TRK-141-103,Delivered
104,143,2026-07-08 16:12:56,2026-07-12,2026-07-11,Standard Ground,TRK-143-104,Delivered
105,145,2026-04-24 20:09:56,2026-04-28,2026-04-27,Standard Ground,TRK-145-105,Delivered
106,146,2026-03-16 07:14:47,2026-03-20,2026-03-19,Standard Ground,TRK-146-106,Delivered
107,147,2025-09-14 22:21:44,2025-09-18,2025-09-18,Next-Day Air,TRK-147-107,Delivered
108,148,2026-07-14 14:20:50,2026-07-18,2026-07-16,Standard Ground,TRK-148-108,Delivered
109,149,2026-04-16 07:27:30,2026-04-20,2026-04-19,Next-Day Air,TRK-149-109,Delivered
110,150,2026-04-27 13:55:25,2026-05-01,2026-05-02,Express Courier,TRK-150-110,Delivered
111,151,2025-08-27 12:47:23,2025-08-31,2025-08-31,Next-Day Air,TRK-151-111,Delivered
112,152,2025-05-31 12:37:58,2025-06-04,2025-06-05,Standard Ground,TRK-152-112,Delivered
113,153,2026-07-04 20:39:17,2026-07-08,2026-07-07,Next-Day Air,TRK-153-113,Delivered
114,155,2026-08-27 02:48:04,2026-08-31,2026-08-30,Next-Day Air,TRK-155-114,Delivered
115,156,2025-09-09 02:36:22,2025-09-13,2025-09-11,Standard Ground,TRK-156-115,Delivered
116,158,2024-04-27 03:06:19,2024-05-01,2024-05-02,Express Courier,TRK-158-116,Delivered
117,159,2026-08-20 00:34:36,2026-08-24,2026-08-23,Express Courier,TRK-159-117,Delivered
118,161,2026-01-20 05:03:52,2026-01-24,2026-01-22,Standard Ground,TRK-161-118,Delivered
119,163,2026-05-21 10:19:09,2026-05-25,2026-05-25,Next-Day Air,TRK-163-119,Delivered
120,164,2025-07-30 05:03:49,2025-08-03,2025-08-03,Next-Day Air,TRK-164-120,Delivered
121,165,2025-12-06 13:46:05,2025-12-10,2025-12-10,Next-Day Air,TRK-165-121,Delivered
122,166,2025-10-03 16:04:55,2025-10-07,2025-10-05,Next-Day Air,TRK-166-122,Delivered
123,168,2026-08-01 21:25:43,2026-08-05,2026-08-04,Next-Day Air,TRK-168-123,Delivered
124,169,2025-01-03 10:57:39,2025-01-07,,Next-Day Air,TRK-169-124,In Transit
125,170,2026-01-19 11:22:39,2026-01-23,2026-01-24,Express Courier,TRK-170-125,Delivered
126,171,2026-01-23 15:37:01,2026-01-27,2026-01-27,Standard Ground,TRK-171-126,Delivered
127,172,2026-03-08 04:49:18,2026-03-12,,Standard Ground,TRK-172-127,In Transit
128,173,2025-09-14 10:11:21,2025-09-18,2025-09-16,Express Courier,TRK-173-128,Delivered
129,174,2024-07-07 21:11:49,2024-07-11,2024-07-10,Next-Day Air,TRK-174-129,Delivered
130,175,2026-06-28 00:42:45,2026-07-02,2026-06-30,Standard Ground,TRK-175-130,Delivered
131,176,2025-11-13 07:26:08,2025-11-17,2025-11-17,Express Courier,TRK-176-131,Delivered
132,177,2024-02-05 00:33:40,2024-02-09,2024-02-10,Next-Day Air,TRK-177-132,Delivered
133,178,2026-02-12 20:25:40,2026-02-16,2026-02-16,Standard Ground,TRK-178-133,Delivered
134,179,2025-12-13 21:01:25,2025-12-17,2025-12-18,Next-Day Air,TRK-179-134,Delivered
135,180,2026-01-07 14:38:36,2026-01-11,2026-01-09,Standard Ground,TRK-180-135,Delivered
136,181,2026-07-25 03:29:08,2026-07-29,2026-07-27,Next-Day Air,TRK-181-136,Delivered
137,182,2026-01-19 16:49:27,2026-01-23,2026-01-21,Express Courier,TRK-182-137,Delivered
138,184,2026-02-25 05:55:43,2026-03-01,,Standard Ground,TRK-184-138,In Transit
139,185,2026-07-09 18:23:28,2026-07-13,2026-07-13,Express Courier,TRK-185-139,Delivered
140,186,2026-08-12 01:52:51,2026-08-16,2026-08-17,Next-Day Air,TRK-186-140,Delivered
141,188,2024-08-18 11:17:29,2024-08-22,2024-08-22,Standard Ground,TRK-188-141,Delivered
142,189,2026-07-27 12:45:30,2026-07-31,2026-07-30,Next-Day Air,TRK-189-142,Delivered
143,190,2024-12-10 11:50:27,2024-12-14,2024-12-12,Express Courier,TRK-190-143,Delivered
144,191,2026-08-28 05:10:32,2026-09-01,2026-08-31,Next-Day Air,TRK-191-144,Delivered
145,192,2025-08-05 13:05:40,2025-08-09,2025-08-09,Express Courier,TRK-192-145,Delivered
146,193,2026-08-30 08:31:47,2026-09-03,2026-09-01,Express Courier,TRK-193-146,Delivered
147,194,2026-04-24 05:16:38,2026-04-28,2026-04-28,Express Courier,TRK-194-147,Delivered
148,195,2026-02-16 01:19:01,2026-02-20,,Next-Day Air,TRK-195-148,In Transit
149,196,2025-07-19 13:44:50,2025-07-23,2025-07-24,Next-Day Air,TRK-196-149,Delivered
150,197,2026-04-05 03:09:18,2026-04-09,,Express Courier,TRK-197-150,In Transit
151,198,2026-08-15 17:55:17,2026-08-19,2026-08-20,Express Courier,TRK-198-151,Delivered
152,199,2024-04-07 17:13:46,2024-04-11,2024-04-09,Express Courier,TRK-199-152,Delivered
153,201,2025-09-24 22:58:53,2025-09-28,2025-09-29,Next-Day Air,TRK-201-153,Delivered
154,202,2026-04-09 03:17:01,2026-04-13,2026-04-12,Express Courier,TRK-202-154,Delivered
155,203,2025-06-29 13:00:08,2025-07-03,2025-07-03,Next-Day Air,TRK-203-155,Delivered
156,204,2025-10-22 07:11:52,2025-10-26,,Express Courier,TRK-204-156,In Transit
157,205,2025-07-17 18:29:29,2025-07-21,2025-07-22,Next-Day Air,TRK-205-157,Delivered
158,206,2026-07-17 16:32:45,2026-07-21,2026-07-20,Next-Day Air,TRK-206-158,Delivered
159,207,2026-06-23 06:03:29,2026-06-27,2026-06-26,Express Courier,TRK-207-159,Delivered
160,208,2026-05-11 19:15:05,2026-05-15,2026-05-13,Express Courier,TRK-208-160,Delivered
161,210,2026-08-17 15:57:56,2026-08-21,2026-08-20,Express Courier,TRK-210-161,Delivered
162,211,2026-05-30 07:40:41,2026-06-03,2026-06-02,Standard Ground,TRK-211-162,Delivered
163,212,2026-08-03 15:36:55,2026-08-07,,Standard Ground,TRK-212-163,In Transit
164,213,2026-08-28 22:21:11,2026-09-01,2026-09-01,Standard Ground,TRK-213-164,Delivered
165,214,2024-07-24 07:44:14,2024-07-28,2024-07-28,Express Courier,TRK-214-165,Delivered
166,215,2025-08-30 01:20:46,2025-09-03,2025-09-03,Next-Day Air,TRK-215-166,Delivered
167,216,2025-01-27 06:47:49,2025-01-31,2025-02-01,Express Courier,TRK-216-167,Delivered
168,217,2025-12-26 16:08:41,2025-12-30,2025-12-31,Standard Ground,TRK-217-168,Delivered
169,218,2025-03-20 11:47:35,2025-03-24,2025-03-24,Standard Ground,TRK-218-169,Delivered
170,220,2026-08-15 15:22:48,2026-08-19,,Express Courier,TRK-220-170,In Transit
171,221,2026-06-28 12:59:02,2026-07-02,2026-06-30,Standard Ground,TRK-221-171,Delivered
172,222,2024-11-17 02:34:06,2024-11-21,2024-11-20,Standard Ground,TRK-222-172,Delivered
173,223,2024-08-09 17:27:31,2024-08-13,2024-08-13,Standard Ground,TRK-223-173,Delivered
174,224,2026-05-02 20:52:04,2026-05-06,2026-05-04,Standard Ground,TRK-224-174,Delivered
175,225,2026-02-01 23:13:31,2026-02-05,2026-02-06,Standard Ground,TRK-225-175,Delivered
176,227,2025-06-17 02:06:36,2025-06-21,2025-06-20,Next-Day Air,TRK-227-176,Delivered
177,228,2026-07-04 08:51:04,2026-07-08,2026-07-07,Standard Ground,TRK-228-177,Delivered
178,229,2025-10-14 06:04:08,2025-10-18,2025-10-17,Standard Ground,TRK-229-178,Delivered
179,231,2026-01-27 07:24:23,2026-01-31,2026-01-30,Next-Day Air,TRK-231-179,Delivered
180,232,2026-06-21 11:14:47,2026-06-25,2026-06-25,Standard Ground,TRK-232-180,Delivered
181,233,2025-07-19 05:21:24,2025-07-23,2025-07-22,Next-Day Air,TRK-233-181,Delivered
182,234,2025-01-26 22:44:35,2025-01-30,2025-01-29,Standard Ground,TRK-234-182,Delivered
183,236,2026-06-27 23:37:23,2026-07-01,,Next-Day Air,TRK-236-183,In Transit
184,238,2026-02-06 09:46:29,2026-02-10,2026-02-09,Standard Ground,TRK-238-184,Delivered
185,239,2025-06-02 01:42:25,2025-06-06,,Standard Ground,TRK-239-185,In Transit
186,240,2026-04-29 09:46:12,2026-05-03,2026-05-02,Standard Ground,TRK-240-186,Delivered
187,241,2026-07-10 10:41:19,2026-07-14,,Express Courier,TRK-241-187,In Transit
188,243,2026-05-18 03:41:15,2026-05-22,2026-05-21,Express Courier,TRK-243-188,Delivered
189,244,2025-07-12 21:25:01,2025-07-16,2025-07-14,Express Courier,TRK-244-189,Delivered
190,245,2026-06-30 08:50:01,2026-07-04,2026-07-04,Express Courier,TRK-245-190,Delivered
191,246,2026-06-27 09:40:13,2026-07-01,2026-07-01,Standard Ground,TRK-246-191,Delivered
192,247,2025-05-28 14:13:27,2025-06-01,2025-06-01,Standard Ground,TRK-247-192,Delivered
193,248,2025-11-20 07:16:24,2025-11-24,2025-11-25,Express Courier,TRK-248-193,Delivered
194,250,2026-07-20 14:37:44,2026-07-24,,Express Courier,TRK-250-194,In Transit
195,251,2026-07-14 05:10:18,2026-07-18,2026-07-18,Express Courier,TRK-251-195,Delivered
196,252,2026-08-25 02:28:40,2026-08-29,,Standard Ground,TRK-252-196,In Transit
197,253,2025-03-28 20:07:38,2025-04-01,,Express Courier,TRK-253-197,In Transit
198,254,2024-10-16 12:31:04,2024-10-20,2024-10-20,Next-Day Air,TRK-254-198,Delivered
199,256,2025-11-25 03:55:30,2025-11-29,2025-11-28,Next-Day Air,TRK-256-199,Delivered
200,257,2024-11-02 17:13:23,2024-11-06,2024-11-04,Express Courier,TRK-257-200,Delivered
201,258,2024-10-18 19:29:21,2024-10-22,2024-10-22,Standard Ground,TRK-258-201,Delivered
202,259,2026-03-04 06:11:11,2026-03-08,,Next-Day Air,TRK-259-202,In Transit
203,260,2024-12-18 04:10:52,2024-12-22,2024-12-23,Next-Day Air,TRK-260-203,Delivered
204,261,2026-07-04 05:00:33,2026-07-08,2026-07-06,Express Courier,TRK-261-204,Delivered
205,262,2026-01-21 19:48:11,2026-01-25,,Next-Day Air,TRK-262-205,In Transit
206,264,2025-08-27 17:03:07,2025-08-31,2025-08-30,Next-Day Air,TRK-264-206,Delivered
207,265,2025-11-26 23:13:09,2025-11-30,2025-11-29,Next-Day Air,TRK-265-207,Delivered
208,266,2025-02-02 06:23:49,2025-02-06,2025-02-07,Standard Ground,TRK-266-208,Delivered
209,268,2025-03-23 12:56:54,2025-03-27,2025-03-25,Standard Ground,TRK-268-209,Delivered
210,270,2025-04-10 14:39:41,2025-04-14,2025-04-14,Standard Ground,TRK-270-210,Delivered
211,274,2024-09-09 05:46:58,2024-09-13,2024-09-14,Express Courier,TRK-274-211,Delivered
212,275,2025-07-31 05:57:09,2025-08-04,2025-08-05,Express Courier,TRK-275-212,Delivered
213,276,2026-07-28 04:08:37,2026-08-01,,Express Courier,TRK-276-213,In Transit
214,278,2026-08-28 11:20:19,2026-09-01,2026-09-01,Next-Day Air,TRK-278-214,Delivered
215,280,2025-12-11 01:29:24,2025-12-15,2025-12-14,Express Courier,TRK-280-215,Delivered
216,281,2025-12-02 04:14:50,2025-12-06,2025-12-04,Standard Ground,TRK-281-216,Delivered
217,282,2026-06-08 23:00:15,2026-06-12,2026-06-11,Standard Ground,TRK-282-217,Delivered
218,283,2025-05-06 16:40:27,2025-05-10,2025-05-10,Standard Ground,TRK-283-218,Delivered
219,284,2025-04-17 07:28:02,2025-04-21,2025-04-22,Express Courier,TRK-284-219,Delivered
220,285,2025-03-28 06:07:02,2025-04-01,2025-03-31,Next-Day Air,TRK-285-220,Delivered
221,286,2026-01-23 04:58:19,2026-01-27,,Express Courier,TRK-286-221,In Transit
222,287,2026-08-20 19:40:21,2026-08-24,2026-08-23,Express Courier,TRK-287-222,Delivered
223,290,2026-05-26 01:07:20,2026-05-30,,Express Courier,TRK-290-223,In Transit
224,291,2026-04-04 07:54:28,2026-04-08,2026-04-06,Express Courier,TRK-291-224,Delivered
225,292,2026-07-11 12:36:28,2026-07-15,2026-07-13,Express Courier,TRK-292-225,Delivered
226,294,2025-05-26 21:39:47,2025-05-30,2025-05-28,Standard Ground,TRK-294-226,Delivered
227,295,2026-07-16 16:00:58,2026-07-20,2026-07-19,Standard Ground,TRK-295-227,Delivered
228,297,2023-12-14 01:54:22,2023-12-18,2023-12-17,Next-Day Air,TRK-297-228,Delivered
229,298,2024-09-29 11:07:48,2024-10-03,2024-10-01,Next-Day Air,TRK-298-229,Delivered
230,300,2026-04-07 03:58:52,2026-04-11,2026-04-11,Standard Ground,TRK-300-230,Delivered
231,301,2026-06-26 16:41:07,2026-06-30,2026-06-28,Next-Day Air,TRK-301-231,Delivered
232,302,2026-05-09 20:03:28,2026-05-13,2026-05-11,Standard Ground,TRK-302-232,Delivered
233,303,2024-05-22 15:42:57,2024-05-26,2024-05-24,Next-Day Air,TRK-303-233,Delivered
234,304,2025-11-25 20:51:38,2025-11-29,2025-11-30,Express Courier,TRK-304-234,Delivered
235,305,2025-12-15 12:22:02,2025-12-19,2025-12-17,Next-Day Air,TRK-305-235,Delivered
236,306,2026-05-05 09:38:30,2026-05-09,2026-05-10,Express Courier,TRK-306-236,Delivered
237,307,2026-02-16 09:26:27,2026-02-20,2026-02-21,Next-Day Air,TRK-307-237,Delivered
238,308,2026-09-02 13:50:19,2026-09-06,2026-09-06,Next-Day Air,TRK-308-238,Delivered
239,309,2026-04-25 08:44:12,2026-04-29,2026-04-27,Next-Day Air,TRK-309-239,Delivered
240,311,2025-05-12 15:57:44,2025-05-16,2025-05-17,Next-Day Air,TRK-311-240,Delivered
241,312,2026-07-06 13:04:13,2026-07-10,2026-07-08,Express Courier,TRK-312-241,Delivered
242,313,2026-08-30 23:50:13,2026-09-03,2026-09-04,Standard Ground,TRK-313-242,Delivered
243,314,2025-07-25 23:11:53,2025-07-29,2025-07-27,Standard Ground,TRK-314-243,Delivered
244,315,2026-08-31 19:24:55,2026-09-04,2026-09-02,Express Courier,TRK-315-244,Delivered
245,316,2026-09-02 09:44:09,2026-09-06,2026-09-05,Next-Day Air,TRK-316-245,Delivered
246,317,2025-08-20 23:17:56,2025-08-24,2025-08-24,Standard Ground,TRK-317-246,Delivered
247,318,2024-09-22 18:06:07,2024-09-26,2024-09-25,Next-Day Air,TRK-318-247,Delivered
248,319,2025-06-30 07:08:22,2025-07-04,2025-07-03,Express Courier,TRK-319-248,Delivered
249,320,2026-04-04 20:16:03,2026-04-08,,Standard Ground,TRK-320-249,In Transit
250,321,2025-10-02 10:18:57,2025-10-06,2025-10-06,Next-Day Air,TRK-321-250,Delivered
251,322,2026-08-19 07:06:39,2026-08-23,,Next-Day Air,TRK-322-251,In Transit
252,323,2025-01-31 19:40:46,2025-02-04,2025-02-03,Express Courier,TRK-323-252,Delivered
253,324,2026-08-30 23:04:04,2026-09-03,2026-09-02,Standard Ground,TRK-324-253,Delivered
254,325,2024-10-15 13:52:41,2024-10-19,2024-10-20,Next-Day Air,TRK-325-254,Delivered
255,326,2025-04-09 11:25:18,2025-04-13,2025-04-11,Next-Day Air,TRK-326-255,Delivered
256,327,2026-06-16 05:29:39,2026-06-20,2026-06-19,Express Courier,TRK-327-256,Delivered
257,328,2025-06-10 03:14:31,2025-06-14,2025-06-15,Next-Day Air,TRK-328-257,Delivered
258,329,2025-08-09 22:45:26,2025-08-13,,Standard Ground,TRK-329-258,In Transit
259,331,2026-06-13 05:14:42,2026-06-17,,Express Courier,TRK-331-259,In Transit
260,332,2025-06-28 16:05:41,2025-07-02,2025-07-03,Standard Ground,TRK-332-260,Delivered
261,333,2026-08-17 16:26:30,2026-08-21,2026-08-20,Standard Ground,TRK-333-261,Delivered
262,334,2025-08-05 19:34:12,2025-08-09,2025-08-09,Next-Day Air,TRK-334-262,Delivered
263,335,2026-06-14 05:21:04,2026-06-18,2026-06-17,Next-Day Air,TRK-335-263,Delivered
264,336,2024-04-22 22:58:04,2024-04-26,2024-04-26,Express Courier,TRK-336-264,Delivered
265,338,2026-04-16 23:54:58,2026-04-20,2026-04-20,Express Courier,TRK-338-265,Delivered
266,339,2026-08-02 21:35:50,2026-08-06,2026-08-04,Standard Ground,TRK-339-266,Delivered
267,340,2025-07-12 10:51:44,2025-07-16,2025-07-14,Express Courier,TRK-340-267,Delivered
268,341,2026-07-13 08:55:26,2026-07-17,2026-07-17,Standard Ground,TRK-341-268,Delivered
269,343,2024-10-29 21:12:23,2024-11-02,2024-11-03,Next-Day Air,TRK-343-269,Delivered
270,344,2025-11-28 16:53:09,2025-12-02,2025-12-03,Express Courier,TRK-344-270,Delivered
271,345,2026-01-29 07:50:39,2026-02-02,2026-02-03,Next-Day Air,TRK-345-271,Delivered
272,346,2026-03-26 05:58:41,2026-03-30,2026-03-31,Standard Ground,TRK-346-272,Delivered
273,347,2024-11-29 20:19:21,2024-12-03,2024-12-03,Next-Day Air,TRK-347-273,Delivered
274,350,2025-06-09 18:13:08,2025-06-13,2025-06-11,Express Courier,TRK-350-274,Delivered
275,351,2026-03-21 05:31:28,2026-03-25,2026-03-24,Standard Ground,TRK-351-275,Delivered
276,352,2025-07-27 23:26:57,2025-07-31,2025-07-29,Standard Ground,TRK-352-276,Delivered
277,354,2025-07-06 10:04:45,2025-07-10,2025-07-10,Express Courier,TRK-354-277,Delivered
278,357,2025-09-28 22:15:33,2025-10-02,,Next-Day Air,TRK-357-278,In Transit
279,358,2026-04-03 11:00:35,2026-04-07,2026-04-05,Express Courier,TRK-358-279,Delivered
280,359,2026-07-23 01:26:43,2026-07-27,2026-07-27,Next-Day Air,TRK-359-280,Delivered
281,360,2024-03-20 17:56:00,2024-03-24,2024-03-25,Standard Ground,TRK-360-281,Delivered
282,361,2026-08-01 00:38:25,2026-08-05,2026-08-03,Express Courier,TRK-361-282,Delivered
283,362,2026-08-14 23:14:44,2026-08-18,2026-08-18,Standard Ground,TRK-362-283,Delivered
284,363,2026-02-11 11:57:30,2026-02-15,2026-02-14,Next-Day Air,TRK-363-284,Delivered
285,364,2024-06-27 22:17:46,2024-07-01,,Standard Ground,TRK-364-285,In Transit
286,366,2026-07-11 04:42:39,2026-07-15,2026-07-13,Express Courier,TRK-366-286,Delivered
287,370,2026-06-08 06:13:44,2026-06-12,,Next-Day Air,TRK-370-287,In Transit
288,371,2025-04-07 14:46:55,2025-04-11,,Standard Ground,TRK-371-288,In Transit
289,372,2024-09-13 20:07:39,2024-09-17,2024-09-15,Express Courier,TRK-372-289,Delivered
290,373,2026-03-14 00:00:03,2026-03-18,2026-03-18,Standard Ground,TRK-373-290,Delivered
291,374,2025-04-17 09:11:25,2025-04-21,,Next-Day Air,TRK-374-291,In Transit
292,375,2026-06-29 17:46:39,2026-07-03,2026-07-04,Standard Ground,TRK-375-292,Delivered
293,376,2025-05-26 11:54:58,2025-05-30,2025-05-28,Express Courier,TRK-376-293,Delivered
294,377,2025-05-01 00:04:03,2025-05-05,,Next-Day Air,TRK-377-294,In Transit
295,379,2026-07-18 00:34:47,2026-07-22,2026-07-20,Standard Ground,TRK-379-295,Delivered
296,380,2025-01-12 23:05:54,2025-01-16,2025-01-14,Express Courier,TRK-380-296,Delivered
297,381,2026-05-04 12:24:46,2026-05-08,2026-05-07,Standard Ground,TRK-381-297,Delivered
298,382,2024-09-28 02:43:17,2024-10-02,2024-10-03,Next-Day Air,TRK-382-298,Delivered
299,384,2025-08-04 10:37:46,2025-08-08,2025-08-09,Standard Ground,TRK-384-299,Delivered
300,386,2026-01-28 18:11:35,2026-02-01,2026-01-31,Express Courier,TRK-386-300,Delivered
301,388,2026-07-24 21:03:18,2026-07-28,2026-07-26,Standard Ground,TRK-388-301,Delivered
302,389,2025-07-08 17:27:24,2025-07-12,2025-07-12,Express Courier,TRK-389-302,Delivered
303,391,2026-03-05 03:42:15,2026-03-09,2026-03-09,Express Courier,TRK-391-303,Delivered
304,392,2026-04-02 17:31:33,2026-04-06,,Standard Ground,TRK-392-304,In Transit
305,393,2026-06-19 02:50:30,2026-06-23,2026-06-22,Express Courier,TRK-393-305,Delivered
306,394,2026-09-02 23:20:10,2026-09-06,2026-09-07,Next-Day Air,TRK-394-306,Delivered
307,395,2026-02-23 12:11:19,2026-02-27,2026-02-26,Next-Day Air,TRK-395-307,Delivered
308,396,2025-10-26 10:23:29,2025-10-30,2025-10-29,Express Courier,TRK-396-308,Delivered
309,397,2025-04-01 05:54:40,2025-04-05,2025-04-05,Next-Day Air,TRK-397-309,Delivered
310,398,2025-08-27 06:51:17,2025-08-31,,Express Courier,TRK-398-310,In Transit
311,399,2025-06-06 05:08:54,2025-06-10,2025-06-09,Next-Day Air,TRK-399-311,Delivered
312,400,2024-11-23 08:07:13,2024-11-27,2024-11-25,Next-Day Air,TRK-400-312,Delivered
313,402,2026-03-28 13:50:18,2026-04-01,2026-03-30,Standard Ground,TRK-402-313,Delivered
314,404,2025-03-19 23:21:35,2025-03-23,2025-03-21,Next-Day Air,TRK-404-314,Delivered
315,405,2026-03-28 09:38:07,2026-04-01,2026-04-01,Express Courier,TRK-405-315,Delivered
316,406,2026-06-03 05:34:43,2026-06-07,,Next-Day Air,TRK-406-316,In Transit
317,407,2026-03-23 17:49:51,2026-03-27,2026-03-28,Standard Ground,TRK-407-317,Delivered
318,408,2025-11-10 17:23:41,2025-11-14,2025-11-15,Next-Day Air,TRK-408-318,Delivered
319,409,2024-12-17 07:57:02,2024-12-21,,Express Courier,TRK-409-319,In Transit
320,410,2026-07-14 08:13:00,2026-07-18,,Next-Day Air,TRK-410-320,In Transit
321,412,2024-12-19 10:55:15,2024-12-23,2024-12-23,Standard Ground,TRK-412-321,Delivered
322,413,2026-06-24 08:46:56,2026-06-28,,Next-Day Air,TRK-413-322,In Transit
323,416,2025-12-20 22:08:25,2025-12-24,2025-12-23,Next-Day Air,TRK-416-323,Delivered
324,417,2025-11-07 13:30:34,2025-11-11,2025-11-09,Next-Day Air,TRK-417-324,Delivered
325,418,2026-08-10 05:44:17,2026-08-14,2026-08-13,Next-Day Air,TRK-418-325,Delivered
326,420,2025-03-21 22:28:32,2025-03-25,2025-03-26,Standard Ground,TRK-420-326,Delivered
327,423,2026-06-30 03:36:55,2026-07-04,2026-07-02,Standard Ground,TRK-423-327,Delivered
328,425,2026-08-15 00:33:58,2026-08-19,2026-08-20,Express Courier,TRK-425-328,Delivered
329,426,2026-04-28 03:28:00,2026-05-02,,Express Courier,TRK-426-329,In Transit
330,427,2025-10-26 02:11:31,2025-10-30,2025-10-28,Next-Day Air,TRK-427-330,Delivered
331,428,2026-08-07 06:59:04,2026-08-11,2026-08-11,Next-Day Air,TRK-428-331,Delivered
332,429,2025-02-02 14:30:15,2025-02-06,2025-02-07,Express Courier,TRK-429-332,Delivered
333,431,2026-01-02 06:24:44,2026-01-06,,Express Courier,TRK-431-333,In Transit
334,432,2024-11-29 09:46:24,2024-12-03,2024-12-02,Standard Ground,TRK-432-334,Delivered
335,434,2026-08-13 02:17:02,2026-08-17,2026-08-16,Next-Day Air,TRK-434-335,Delivered
336,436,2024-11-25 08:07:35,2024-11-29,2024-11-27,Standard Ground,TRK-436-336,Delivered
337,437,2026-01-30 14:04:26,2026-02-03,2026-02-04,Next-Day Air,TRK-437-337,Delivered
338,438,2026-08-05 02:50:24,2026-08-09,2026-08-10,Standard Ground,TRK-438-338,Delivered
339,440,2026-03-10 07:14:49,2026-03-14,2026-03-14,Next-Day Air,TRK-440-339,Delivered
340,442,2024-01-27 03:25:43,2024-01-31,2024-01-31,Express Courier,TRK-442-340,Delivered
341,443,2026-02-22 01:42:07,2026-02-26,2026-02-27,Next-Day Air,TRK-443-341,Delivered
342,444,2025-09-16 06:23:57,2025-09-20,2025-09-20,Express Courier,TRK-444-342,Delivered
343,445,2026-05-05 03:00:11,2026-05-09,2026-05-07,Next-Day Air,TRK-445-343,Delivered
344,446,2024-06-05 07:28:07,2024-06-09,,Next-Day Air,TRK-446-344,In Transit
345,447,2026-01-15 10:27:34,2026-01-19,2026-01-20,Express Courier,TRK-447-345,Delivered
346,448,2026-06-25 19:02:01,2026-06-29,2026-06-30,Standard Ground,TRK-448-346,Delivered
347,450,2024-11-18 00:07:16,2024-11-22,2024-11-21,Standard Ground,TRK-450-347,Delivered
348,451,2026-01-17 08:17:16,2026-01-21,,Standard Ground,TRK-451-348,In Transit
349,452,2026-02-12 22:47:15,2026-02-16,2026-02-16,Next-Day Air,TRK-452-349,Delivered
350,455,2026-04-21 16:37:18,2026-04-25,,Standard Ground,TRK-455-350,In Transit
351,456,2026-05-13 19:02:01,2026-05-17,,Standard Ground,TRK-456-351,In Transit
352,457,2026-01-22 04:45:40,2026-01-26,2026-01-25,Standard Ground,TRK-457-352,Delivered
353,459,2025-06-17 13:00:39,2025-06-21,2025-06-19,Standard Ground,TRK-459-353,Delivered
354,460,2025-06-02 19:14:35,2025-06-06,2025-06-04,Express Courier,TRK-460-354,Delivered
355,461,2026-09-02 10:34:52,2026-09-06,2026-09-04,Standard Ground,TRK-461-355,Delivered
356,462,2026-04-28 06:34:26,2026-05-02,2026-05-02,Express Courier,TRK-462-356,Delivered
357,464,2026-04-16 22:30:35,2026-04-20,2026-04-20,Next-Day Air,TRK-464-357,Delivered
358,465,2026-08-02 05:11:30,2026-08-06,2026-08-06,Express Courier,TRK-465-358,Delivered
359,466,2026-03-30 18:52:54,2026-04-03,2026-04-01,Next-Day Air,TRK-466-359,Delivered
360,468,2026-05-04 20:09:43,2026-05-08,,Next-Day Air,TRK-468-360,In Transit
361,469,2026-09-02 03:05:35,2026-09-06,2026-09-07,Express Courier,TRK-469-361,Delivered
362,470,2026-04-01 07:53:20,2026-04-05,2026-04-05,Standard Ground,TRK-470-362,Delivered
363,471,2026-01-22 19:31:17,2026-01-26,2026-01-24,Standard Ground,TRK-471-363,Delivered
364,472,2026-07-12 14:36:38,2026-07-16,2026-07-14,Next-Day Air,TRK-472-364,Delivered
365,473,2026-07-14 22:14:26,2026-07-18,2026-07-16,Express Courier,TRK-473-365,Delivered
366,475,2026-08-19 09:59:01,2026-08-23,,Express Courier,TRK-475-366,In Transit
367,476,2026-01-11 09:32:07,2026-01-15,2026-01-14,Express Courier,TRK-476-367,Delivered
368,477,2026-05-01 20:13:57,2026-05-05,2026-05-05,Next-Day Air,TRK-477-368,Delivered
369,478,2024-03-28 23:51:57,2024-04-01,2024-03-31,Next-Day Air,TRK-478-369,Delivered
370,479,2026-03-15 19:18:14,2026-03-19,2026-03-18,Next-Day Air,TRK-479-370,Delivered
371,480,2026-06-23 20:40:33,2026-06-27,2026-06-28,Next-Day Air,TRK-480-371,Delivered
372,481,2026-07-11 06:51:14,2026-07-15,2026-07-13,Next-Day Air,TRK-481-372,Delivered
373,482,2026-08-27 17:51:10,2026-08-31,,Next-Day Air,TRK-482-373,In Transit
374,484,2026-03-15 11:08:18,2026-03-19,2026-03-19,Next-Day Air,TRK-484-374,Delivered
375,485,2026-06-09 02:10:30,2026-06-13,2026-06-11,Standard Ground,TRK-485-375,Delivered
376,486,2026-07-20 18:26:19,2026-07-24,2026-07-23,Next-Day Air,TRK-486-376,Delivered
377,487,2026-07-12 15:22:27,2026-07-16,2026-07-15,Express Courier,TRK-487-377,Delivered
378,488,2026-02-27 17:48:06,2026-03-03,2026-03-03,Standard Ground,TRK-488-378,Delivered
379,490,2025-07-02 12:35:27,2025-07-06,2025-07-06,Next-Day Air,TRK-490-379,Delivered
380,491,2026-03-23 11:13:07,2026-03-27,2026-03-26,Express Courier,TRK-491-380,Delivered
381,492,2026-07-31 03:11:41,2026-08-04,2026-08-02,Express Courier,TRK-492-381,Delivered
382,494,2026-08-20 10:06:57,2026-08-24,,Express Courier,TRK-494-382,In Transit
383,496,2026-08-21 14:44:11,2026-08-25,2026-08-23,Standard Ground,TRK-496-383,Delivered
384,497,2026-08-09 06:20:38,2026-08-13,2026-08-12,Standard Ground,TRK-497-384,Delivered
385,498,2025-01-10 18:22:36,2025-01-14,2025-01-12,Express Courier,TRK-498-385,Delivered
386,499,2026-08-05 21:20:19,2026-08-09,2026-08-10,Express Courier,TRK-499-386,Delivered
387,500,2026-06-18 20:16:03,2026-06-22,2026-06-23,Next-Day Air,TRK-500-387,Delivered
388,501,2026-06-18 09:52:38,2026-06-22,,Next-Day Air,TRK-501-388,In Transit
389,503,2025-10-22 12:11:44,2025-10-26,2025-10-25,Standard Ground,TRK-503-389,Delivered
390,504,2026-08-16 13:12:39,2026-08-20,,Standard Ground,TRK-504-390,In Transit
391,505,2024-04-24 06:01:35,2024-04-28,2024-04-29,Express Courier,TRK-505-391,Delivered
392,506,2024-09-08 07:20:11,2024-09-12,2024-09-11,Express Courier,TRK-506-392,Delivered
393,507,2024-02-22 20:05:06,2024-02-26,2024-02-25,Express Courier,TRK-507-393,Delivered
394,508,2026-02-13 06:01:13,2026-02-17,2026-02-17,Standard Ground,TRK-508-394,Delivered
395,509,2026-01-01 11:27:43,2026-01-05,2026-01-06,Express Courier,TRK-509-395,Delivered
396,510,2026-02-01 07:31:44,2026-02-05,2026-02-06,Next-Day Air,TRK-510-396,Delivered
397,512,2026-05-03 13:20:47,2026-05-07,,Express Courier,TRK-512-397,In Transit
398,513,2026-03-23 16:53:18,2026-03-27,2026-03-28,Express Courier,TRK-513-398,Delivered
399,514,2025-05-02 03:59:59,2025-05-06,2025-05-04,Next-Day Air,TRK-514-399,Delivered
400,515,2026-07-12 15:52:00,2026-07-16,2026-07-14,Next-Day Air,TRK-515-400,Delivered
401,516,2025-11-10 06:04:38,2025-11-14,2025-11-15,Next-Day Air,TRK-516-401,Delivered
402,517,2026-08-12 21:35:34,2026-08-16,2026-08-14,Standard Ground,TRK-517-402,Delivered
403,518,2025-09-01 17:46:35,2025-09-05,2025-09-04,Standard Ground,TRK-518-403,Delivered
404,520,2024-12-22 23:16:47,2024-12-26,2024-12-24,Express Courier,TRK-520-404,Delivered
405,521,2025-03-27 20:42:04,2025-03-31,2025-03-30,Next-Day Air,TRK-521-405,Delivered
406,522,2025-11-11 05:51:17,2025-11-15,2025-11-15,Next-Day Air,TRK-522-406,Delivered
407,523,2026-01-21 13:16:08,2026-01-25,2026-01-25,Next-Day Air,TRK-523-407,Delivered
408,526,2026-07-03 00:37:31,2026-07-07,,Next-Day Air,TRK-526-408,In Transit
409,527,2026-06-10 20:34:11,2026-06-14,2026-06-12,Standard Ground,TRK-527-409,Delivered
410,529,2025-06-11 07:37:42,2025-06-15,,Express Courier,TRK-529-410,In Transit
411,530,2026-04-08 14:41:41,2026-04-12,2026-04-11,Next-Day Air,TRK-530-411,Delivered
412,531,2026-05-30 09:02:45,2026-06-03,2026-06-01,Next-Day Air,TRK-531-412,Delivered
413,532,2026-09-01 16:25:09,2026-09-05,2026-09-04,Standard Ground,TRK-532-413,Delivered
414,533,2026-04-12 21:33:40,2026-04-16,2026-04-14,Express Courier,TRK-533-414,Delivered
415,534,2025-11-19 15:07:17,2025-11-23,2025-11-22,Standard Ground,TRK-534-415,Delivered
416,535,2024-04-28 00:40:19,2024-05-02,2024-05-01,Next-Day Air,TRK-535-416,Delivered
417,537,2025-05-27 16:22:35,2025-05-31,,Standard Ground,TRK-537-417,In Transit
418,538,2026-02-25 16:45:41,2026-03-01,2026-02-27,Next-Day Air,TRK-538-418,Delivered
419,539,2026-08-25 12:57:42,2026-08-29,,Next-Day Air,TRK-539-419,In Transit
420,541,2025-10-26 04:54:53,2025-10-30,2025-10-30,Next-Day Air,TRK-541-420,Delivered
421,542,2026-03-31 05:05:52,2026-04-04,,Standard Ground,TRK-542-421,In Transit
422,543,2025-04-26 02:53:56,2025-04-30,,Standard Ground,TRK-543-422,In Transit
423,544,2025-06-26 09:49:14,2025-06-30,,Express Courier,TRK-544-423,In Transit
424,549,2026-06-12 02:11:05,2026-06-16,2026-06-15,Standard Ground,TRK-549-424,Delivered
425,550,2026-02-20 03:42:13,2026-02-24,,Next-Day Air,TRK-550-425,In Transit
426,552,2026-08-16 12:48:42,2026-08-20,2026-08-20,Express Courier,TRK-552-426,Delivered
427,553,2026-03-15 18:00:32,2026-03-19,2026-03-20,Express Courier,TRK-553-427,Delivered
428,554,2025-10-05 02:20:43,2025-10-09,2025-10-10,Express Courier,TRK-554-428,Delivered
429,557,2025-03-31 09:54:01,2025-04-04,2025-04-03,Express Courier,TRK-557-429,Delivered
430,558,2026-08-10 04:51:16,2026-08-14,2026-08-14,Express Courier,TRK-558-430,Delivered
431,559,2026-07-27 19:45:38,2026-07-31,2026-07-31,Express Courier,TRK-559-431,Delivered
432,560,2026-01-25 02:19:25,2026-01-29,2026-01-27,Standard Ground,TRK-560-432,Delivered
433,561,2026-08-27 03:36:43,2026-08-31,2026-08-31,Next-Day Air,TRK-561-433,Delivered
434,562,2025-12-13 13:00:57,2025-12-17,2025-12-17,Standard Ground,TRK-562-434,Delivered
435,563,2025-11-19 05:35:48,2025-11-23,2025-11-22,Express Courier,TRK-563-435,Delivered
436,564,2026-07-06 06:25:13,2026-07-10,2026-07-10,Express Courier,TRK-564-436,Delivered
437,565,2026-05-08 05:45:40,2026-05-12,2026-05-12,Standard Ground,TRK-565-437,Delivered
438,567,2023-10-05 00:27:46,2023-10-09,2023-10-07,Next-Day Air,TRK-567-438,Delivered
439,568,2026-07-27 03:39:04,2026-07-31,,Standard Ground,TRK-568-439,In Transit
440,569,2025-08-22 20:19:03,2025-08-26,2025-08-26,Express Courier,TRK-569-440,Delivered
441,571,2025-09-06 00:16:44,2025-09-10,,Standard Ground,TRK-571-441,In Transit
442,573,2026-03-02 13:27:06,2026-03-06,2026-03-07,Express Courier,TRK-573-442,Delivered
443,574,2025-12-31 14:58:23,2026-01-04,,Express Courier,TRK-574-443,In Transit
444,576,2026-08-13 04:00:04,2026-08-17,2026-08-18,Express Courier,TRK-576-444,Delivered
445,577,2026-06-06 22:44:30,2026-06-10,,Express Courier,TRK-577-445,In Transit
446,578,2024-10-17 18:25:57,2024-10-21,,Next-Day Air,TRK-578-446,In Transit
447,579,2026-06-07 11:53:41,2026-06-11,2026-06-09,Express Courier,TRK-579-447,Delivered
448,582,2025-08-20 08:27:39,2025-08-24,2025-08-23,Standard Ground,TRK-582-448,Delivered
449,583,2025-02-17 08:13:13,2025-02-21,2025-02-21,Express Courier,TRK-583-449,Delivered
450,584,2025-07-11 02:36:36,2025-07-15,2025-07-14,Standard Ground,TRK-584-450,Delivered
451,586,2026-04-09 22:17:55,2026-04-13,2026-04-12,Next-Day Air,TRK-586-451,Delivered
452,590,2026-08-21 14:25:04,2026-08-25,2026-08-24,Express Courier,TRK-590-452,Delivered
453,592,2025-09-14 16:52:02,2025-09-18,2025-09-17,Standard Ground,TRK-592-453,Delivered
454,594,2026-05-12 12:24:02,2026-05-16,2026-05-15,Express Courier,TRK-594-454,Delivered
455,595,2026-06-04 08:22:43,2026-06-08,2026-06-07,Standard Ground,TRK-595-455,Delivered
456,596,2026-05-09 01:52:40,2026-05-13,2026-05-12,Standard Ground,TRK-596-456,Delivered
457,597,2026-06-14 16:24:56,2026-06-18,,Next-Day Air,TRK-597-457,In Transit
458,599,2026-08-27 21:19:21,2026-08-31,2026-08-30,Standard Ground,TRK-599-458,Delivered
459,600,2026-07-28 05:03:59,2026-08-01,,Next-Day Air,TRK-600-459,In Transit
460,601,2026-07-13 05:46:58,2026-07-17,2026-07-15,Express Courier,TRK-601-460,Delivered
461,602,2026-05-28 03:32:17,2026-06-01,,Express Courier,TRK-602-461,In Transit
462,603,2026-04-17 00:35:05,2026-04-21,2026-04-20,Standard Ground,TRK-603-462,Delivered
463,605,2026-03-21 08:09:14,2026-03-25,,Next-Day Air,TRK-605-463,In Transit
464,606,2025-02-22 16:01:22,2025-02-26,2025-02-24,Standard Ground,TRK-606-464,Delivered
465,607,2024-12-31 15:03:47,2025-01-04,2025-01-05,Next-Day Air,TRK-607-465,Delivered
466,608,2026-08-09 12:00:54,2026-08-13,2026-08-11,Next-Day Air,TRK-608-466,Delivered
467,609,2026-07-14 11:46:04,2026-07-18,2026-07-16,Express Courier,TRK-609-467,Delivered
468,610,2026-03-14 17:52:50,2026-03-18,2026-03-19,Express Courier,TRK-610-468,Delivered
469,611,2025-10-05 11:12:11,2025-10-09,2025-10-09,Standard Ground,TRK-611-469,Delivered
470,613,2025-08-11 14:32:44,2025-08-15,2025-08-15,Standard Ground,TRK-613-470,Delivered
471,615,2026-03-19 07:14:41,2026-03-23,2026-03-22,Standard Ground,TRK-615-471,Delivered
472,617,2026-05-03 11:20:06,2026-05-07,2026-05-07,Next-Day Air,TRK-617-472,Delivered
473,618,2026-02-18 03:31:08,2026-02-22,2026-02-22,Next-Day Air,TRK-618-473,Delivered
474,619,2025-08-18 13:49:44,2025-08-22,2025-08-22,Express Courier,TRK-619-474,Delivered
475,620,2025-01-28 12:57:54,2025-02-01,2025-01-31,Express Courier,TRK-620-475,Delivered
476,621,2026-08-10 09:15:05,2026-08-14,2026-08-12,Express Courier,TRK-621-476,Delivered
477,622,2026-07-12 10:36:46,2026-07-16,2026-07-17,Express Courier,TRK-622-477,Delivered
478,623,2026-03-19 23:17:17,2026-03-23,2026-03-23,Express Courier,TRK-623-478,Delivered
479,624,2025-11-21 09:17:22,2025-11-25,2025-11-23,Next-Day Air,TRK-624-479,Delivered
480,625,2026-05-24 12:39:23,2026-05-28,,Standard Ground,TRK-625-480,In Transit
481,626,2026-05-04 11:07:35,2026-05-08,,Next-Day Air,TRK-626-481,In Transit
482,629,2026-08-17 00:18:34,2026-08-21,2026-08-20,Standard Ground,TRK-629-482,Delivered
483,631,2025-11-06 11:16:25,2025-11-10,2025-11-09,Standard Ground,TRK-631-483,Delivered
484,632,2026-01-13 20:41:11,2026-01-17,2026-01-15,Next-Day Air,TRK-632-484,Delivered
485,634,2025-08-02 08:57:40,2025-08-06,2025-08-05,Standard Ground,TRK-634-485,Delivered
486,635,2025-09-20 08:11:48,2025-09-24,2025-09-22,Express Courier,TRK-635-486,Delivered
487,636,2026-07-15 08:41:55,2026-07-19,2026-07-20,Next-Day Air,TRK-636-487,Delivered
488,639,2026-07-27 20:20:32,2026-07-31,2026-07-31,Express Courier,TRK-639-488,Delivered
489,641,2026-04-29 15:38:53,2026-05-03,2026-05-01,Express Courier,TRK-641-489,Delivered
490,642,2026-02-17 14:10:58,2026-02-21,2026-02-20,Next-Day Air,TRK-642-490,Delivered
491,643,2025-08-26 12:48:21,2025-08-30,2025-08-31,Next-Day Air,TRK-643-491,Delivered
492,648,2026-05-12 13:06:27,2026-05-16,2026-05-16,Next-Day Air,TRK-648-492,Delivered
493,649,2026-03-30 14:46:17,2026-04-03,2026-04-01,Express Courier,TRK-649-493,Delivered
494,650,2026-06-04 00:32:43,2026-06-08,2026-06-09,Next-Day Air,TRK-650-494,Delivered
495,651,2024-11-20 02:17:54,2024-11-24,,Next-Day Air,TRK-651-495,In Transit
496,652,2025-12-16 03:58:10,2025-12-20,2025-12-20,Next-Day Air,TRK-652-496,Delivered
497,653,2023-10-21 00:30:50,2023-10-25,2023-10-26,Express Courier,TRK-653-497,Delivered
498,654,2024-11-12 00:13:48,2024-11-16,2024-11-15,Express Courier,TRK-654-498,Delivered
499,656,2025-05-07 00:32:39,2025-05-11,2025-05-12,Express Courier,TRK-656-499,Delivered
500,657,2026-08-17 14:16:35,2026-08-21,2026-08-19,Standard Ground,TRK-657-500,Delivered
501,658,2026-08-18 14:52:13,2026-08-22,2026-08-20,Express Courier,TRK-658-501,Delivered
502,659,2026-09-01 05:26:06,2026-09-05,2026-09-04,Standard Ground,TRK-659-502,Delivered
503,661,2025-10-10 04:14:22,2025-10-14,2025-10-15,Standard Ground,TRK-661-503,Delivered
504,663,2026-01-17 22:06:18,2026-01-21,2026-01-22,Standard Ground,TRK-663-504,Delivered
505,664,2026-01-07 19:51:19,2026-01-11,2026-01-12,Next-Day Air,TRK-664-505,Delivered
506,667,2026-07-17 20:14:51,2026-07-21,,Express Courier,TRK-667-506,In Transit
507,668,2025-07-20 09:29:24,2025-07-24,2025-07-22,Express Courier,TRK-668-507,Delivered
508,671,2024-12-04 00:16:13,2024-12-08,2024-12-09,Standard Ground,TRK-671-508,Delivered
509,672,2026-07-17 21:50:01,2026-07-21,2026-07-19,Express Courier,TRK-672-509,Delivered
510,675,2025-12-16 04:49:40,2025-12-20,2025-12-19,Standard Ground,TRK-675-510,Delivered
511,676,2025-08-18 15:31:31,2025-08-22,,Standard Ground,TRK-676-511,In Transit
512,677,2025-11-09 04:31:40,2025-11-13,2025-11-12,Express Courier,TRK-677-512,Delivered
513,681,2026-05-22 12:31:17,2026-05-26,2026-05-25,Express Courier,TRK-681-513,Delivered
514,682,2024-02-26 11:11:39,2024-03-01,2024-03-01,Standard Ground,TRK-682-514,Delivered
515,684,2024-05-23 00:50:45,2024-05-27,2024-05-26,Express Courier,TRK-684-515,Delivered
516,687,2026-04-23 19:05:40,2026-04-27,2026-04-28,Next-Day Air,TRK-687-516,Delivered
517,688,2026-08-09 08:36:08,2026-08-13,2026-08-12,Next-Day Air,TRK-688-517,Delivered
518,689,2026-01-10 16:02:57,2026-01-14,2026-01-15,Next-Day Air,TRK-689-518,Delivered
519,690,2026-07-15 23:29:46,2026-07-19,2026-07-17,Next-Day Air,TRK-690-519,Delivered
520,691,2025-07-12 10:20:26,2025-07-16,2025-07-14,Standard Ground,TRK-691-520,Delivered
521,692,2025-12-23 06:00:41,2025-12-27,2025-12-26,Express Courier,TRK-692-521,Delivered
522,693,2026-04-29 18:51:58,2026-05-03,2026-05-04,Next-Day Air,TRK-693-522,Delivered
523,694,2026-06-30 09:59:38,2026-07-04,,Next-Day Air,TRK-694-523,In Transit
524,696,2025-11-27 17:15:37,2025-12-01,2025-12-01,Standard Ground,TRK-696-524,Delivered
525,697,2026-04-23 07:29:58,2026-04-27,2026-04-25,Standard Ground,TRK-697-525,Delivered
526,698,2026-05-13 04:25:29,2026-05-17,,Express Courier,TRK-698-526,In Transit
527,700,2026-05-17 19:04:38,2026-05-21,2026-05-21,Next-Day Air,TRK-700-527,Delivered
528,703,2026-03-06 00:34:29,2026-03-10,,Standard Ground,TRK-703-528,In Transit
529,704,2026-03-06 23:54:45,2026-03-10,2026-03-11,Next-Day Air,TRK-704-529,Delivered
530,705,2026-08-02 15:26:49,2026-08-06,2026-08-07,Standard Ground,TRK-705-530,Delivered
531,706,2026-07-09 20:40:22,2026-07-13,2026-07-12,Standard Ground,TRK-706-531,Delivered
532,707,2026-04-27 14:25:12,2026-05-01,2026-05-01,Express Courier,TRK-707-532,Delivered
533,710,2026-05-14 11:06:44,2026-05-18,2026-05-18,Standard Ground,TRK-710-533,Delivered
534,711,2026-06-17 18:13:44,2026-06-21,,Express Courier,TRK-711-534,In Transit
535,712,2026-09-03 23:17:43,2026-09-07,2026-09-06,Standard Ground,TRK-712-535,Delivered
536,713,2026-04-13 09:57:00,2026-04-17,2026-04-18,Standard Ground,TRK-713-536,Delivered
537,714,2026-05-11 04:28:30,2026-05-15,2026-05-13,Standard Ground,TRK-714-537,Delivered
538,715,2026-05-07 21:07:25,2026-05-11,2026-05-09,Express Courier,TRK-715-538,Delivered
539,716,2025-05-18 09:14:39,2025-05-22,2025-05-23,Standard Ground,TRK-716-539,Delivered
540,718,2025-10-24 08:13:58,2025-10-28,2025-10-27,Next-Day Air,TRK-718-540,Delivered
541,719,2024-08-05 11:20:33,2024-08-09,2024-08-07,Express Courier,TRK-719-541,Delivered
542,720,2026-04-23 19:41:00,2026-04-27,2026-04-27,Express Courier,TRK-720-542,Delivered
543,722,2026-06-21 22:39:06,2026-06-25,2026-06-24,Standard Ground,TRK-722-543,Delivered
544,723,2025-02-15 18:03:51,2025-02-19,2025-02-17,Standard Ground,TRK-723-544,Delivered
545,724,2025-12-14 00:41:08,2025-12-18,2025-12-19,Express Courier,TRK-724-545,Delivered
546,725,2026-08-27 16:58:19,2026-08-31,2026-09-01,Express Courier,TRK-725-546,Delivered
547,726,2026-02-13 20:51:00,2026-02-17,,Express Courier,TRK-726-547,In Transit
548,727,2026-07-11 21:37:29,2026-07-15,2026-07-15,Standard Ground,TRK-727-548,Delivered
549,728,2024-01-11 10:44:18,2024-01-15,2024-01-13,Next-Day Air,TRK-728-549,Delivered
550,729,2025-08-22 17:07:15,2025-08-26,2025-08-25,Standard Ground,TRK-729-550,Delivered
551,730,2026-07-26 23:21:51,2026-07-30,2026-07-29,Standard Ground,TRK-730-551,Delivered
552,731,2026-04-29 03:25:30,2026-05-03,2026-05-04,Next-Day Air,TRK-731-552,Delivered
553,732,2026-08-09 23:05:25,2026-08-13,2026-08-12,Standard Ground,TRK-732-553,Delivered
554,734,2026-08-31 05:21:18,2026-09-04,2026-09-05,Express Courier,TRK-734-554,Delivered
555,736,2024-08-07 14:28:45,2024-08-11,,Express Courier,TRK-736-555,In Transit
556,737,2025-02-18 17:52:07,2025-02-22,2025-02-20,Standard Ground,TRK-737-556,Delivered
557,738,2025-08-01 18:02:24,2025-08-05,2025-08-05,Next-Day Air,TRK-738-557,Delivered
558,739,2025-08-29 22:10:43,2025-09-02,,Standard Ground,TRK-739-558,In Transit
559,740,2025-02-12 09:53:47,2025-02-16,2025-02-17,Standard Ground,TRK-740-559,Delivered
560,742,2025-11-23 13:18:53,2025-11-27,2025-11-26,Next-Day Air,TRK-742-560,Delivered
561,743,2026-08-31 16:46:36,2026-09-04,2026-09-04,Express Courier,TRK-743-561,Delivered
562,744,2025-07-26 01:32:34,2025-07-30,2025-07-28,Express Courier,TRK-744-562,Delivered
563,745,2026-08-09 19:38:26,2026-08-13,,Express Courier,TRK-745-563,In Transit
564,746,2026-06-18 02:09:23,2026-06-22,2026-06-20,Next-Day Air,TRK-746-564,Delivered
565,748,2025-11-22 10:32:49,2025-11-26,2025-11-27,Express Courier,TRK-748-565,Delivered
566,750,2026-05-04 12:29:10,2026-05-08,2026-05-09,Express Courier,TRK-750-566,Delivered
567,751,2024-12-15 16:29:41,2024-12-19,2024-12-17,Next-Day Air,TRK-751-567,Delivered
568,756,2024-07-20 08:27:25,2024-07-24,,Express Courier,TRK-756-568,In Transit
569,757,2026-06-30 15:00:20,2026-07-04,2026-07-03,Next-Day Air,TRK-757-569,Delivered
570,758,2026-05-24 15:49:58,2026-05-28,2026-05-29,Standard Ground,TRK-758-570,Delivered
571,759,2024-08-26 17:36:05,2024-08-30,,Next-Day Air,TRK-759-571,In Transit
572,760,2026-01-16 01:05:02,2026-01-20,,Standard Ground,TRK-760-572,In Transit
573,761,2024-06-20 07:31:32,2024-06-24,2024-06-22,Next-Day Air,TRK-761-573,Delivered
574,762,2024-11-20 03:50:29,2024-11-24,,Next-Day Air,TRK-762-574,In Transit
575,763,2026-01-04 01:52:59,2026-01-08,2026-01-09,Standard Ground,TRK-763-575,Delivered
576,764,2026-08-05 05:56:12,2026-08-09,,Next-Day Air,TRK-764-576,In Transit
577,765,2025-10-29 22:46:09,2025-11-02,,Express Courier,TRK-765-577,In Transit
578,766,2026-01-29 23:34:33,2026-02-02,2026-02-03,Next-Day Air,TRK-766-578,Delivered
579,769,2025-06-27 18:33:18,2025-07-01,2025-06-30,Standard Ground,TRK-769-579,Delivered
580,770,2025-06-12 17:41:41,2025-06-16,,Express Courier,TRK-770-580,In Transit
581,771,2024-08-14 14:13:36,2024-08-18,2024-08-19,Express Courier,TRK-771-581,Delivered
582,774,2026-07-02 23:56:59,2026-07-06,2026-07-05,Next-Day Air,TRK-774-582,Delivered
583,776,2026-08-24 08:13:08,2026-08-28,2026-08-29,Standard Ground,TRK-776-583,Delivered
584,777,2026-03-16 00:56:10,2026-03-20,2026-03-19,Standard Ground,TRK-777-584,Delivered
585,778,2024-08-10 15:07:57,2024-08-14,2024-08-14,Standard Ground,TRK-778-585,Delivered
586,779,2026-07-21 15:37:57,2026-07-25,2026-07-23,Express Courier,TRK-779-586,Delivered
587,780,2024-12-27 10:14:53,2024-12-31,2025-01-01,Express Courier,TRK-780-587,Delivered
588,781,2026-08-25 04:39:28,2026-08-29,2026-08-29,Next-Day Air,TRK-781-588,Delivered
589,782,2026-01-04 23:59:00,2026-01-08,2026-01-09,Express Courier,TRK-782-589,Delivered
590,784,2026-04-03 16:00:06,2026-04-07,2026-04-07,Standard Ground,TRK-784-590,Delivered
591,787,2026-08-02 18:28:58,2026-08-06,2026-08-06,Standard Ground,TRK-787-591,Delivered
592,788,2026-01-20 18:08:09,2026-01-24,2026-01-22,Next-Day Air,TRK-788-592,Delivered
593,789,2026-06-02 23:14:48,2026-06-06,2026-06-05,Standard Ground,TRK-789-593,Delivered
594,790,2026-08-27 15:06:39,2026-08-31,2026-08-31,Next-Day Air,TRK-790-594,Delivered
595,791,2026-07-04 15:48:10,2026-07-08,2026-07-08,Express Courier,TRK-791-595,Delivered
596,793,2025-03-15 11:45:47,2025-03-19,2025-03-20,Standard Ground,TRK-793-596,Delivered
597,794,2026-07-04 23:48:00,2026-07-08,2026-07-06,Express Courier,TRK-794-597,Delivered
598,795,2025-11-17 16:11:28,2025-11-21,2025-11-22,Express Courier,TRK-795-598,Delivered
599,797,2025-12-29 17:51:01,2026-01-02,2025-12-31,Standard Ground,TRK-797-599,Delivered
600,798,2024-05-24 10:42:05,2024-05-28,2024-05-28,Standard Ground,TRK-798-600,Delivered
601,799,2024-06-19 06:27:43,2024-06-23,2024-06-23,Next-Day Air,TRK-799-601,Delivered
602,800,2025-01-23 12:35:08,2025-01-27,2025-01-25,Next-Day Air,TRK-800-602,Delivered
603,801,2026-07-25 09:45:04,2026-07-29,2026-07-30,Express Courier,TRK-801-603,Delivered
604,802,2026-08-07 02:17:24,2026-08-11,,Standard Ground,TRK-802-604,In Transit
605,803,2025-06-27 19:07:45,2025-07-01,2025-07-02,Express Courier,TRK-803-605,Delivered
606,804,2026-08-29 04:51:35,2026-09-02,2026-09-02,Standard Ground,TRK-804-606,Delivered
607,805,2026-07-23 07:49:23,2026-07-27,2026-07-25,Standard Ground,TRK-805-607,Delivered
608,806,2026-03-31 10:13:00,2026-04-04,2026-04-02,Next-Day Air,TRK-806-608,Delivered
609,807,2026-09-01 22:32:45,2026-09-05,2026-09-05,Express Courier,TRK-807-609,Delivered
610,808,2026-02-16 19:08:53,2026-02-20,2026-02-19,Standard Ground,TRK-808-610,Delivered
611,809,2025-06-26 04:35:33,2025-06-30,,Express Courier,TRK-809-611,In Transit
612,810,2026-06-19 18:22:04,2026-06-23,2026-06-24,Express Courier,TRK-810-612,Delivered
613,811,2026-08-28 06:44:49,2026-09-01,2026-09-01,Standard Ground,TRK-811-613,Delivered
614,812,2026-08-10 12:34:03,2026-08-14,2026-08-12,Next-Day Air,TRK-812-614,Delivered
615,814,2026-04-08 16:28:05,2026-04-12,2026-04-13,Next-Day Air,TRK-814-615,Delivered
616,817,2025-12-16 03:22:43,2025-12-20,2025-12-18,Next-Day Air,TRK-817-616,Delivered
617,820,2026-05-01 09:11:51,2026-05-05,,Express Courier,TRK-820-617,In Transit
618,821,2026-04-16 08:07:11,2026-04-20,2026-04-21,Standard Ground,TRK-821-618,Delivered
619,822,2026-06-27 18:28:28,2026-07-01,2026-06-30,Express Courier,TRK-822-619,Delivered
620,824,2026-06-24 04:00:07,2026-06-28,2026-06-28,Express Courier,TRK-824-620,Delivered
621,825,2025-09-23 11:56:16,2025-09-27,2025-09-25,Next-Day Air,TRK-825-621,Delivered
622,826,2026-08-06 22:27:40,2026-08-10,2026-08-08,Next-Day Air,TRK-826-622,Delivered
623,828,2025-05-16 00:44:41,2025-05-20,2025-05-19,Standard Ground,TRK-828-623,Delivered
624,829,2025-06-05 09:43:38,2025-06-09,2025-06-10,Next-Day Air,TRK-829-624,Delivered
625,830,2026-08-30 07:38:24,2026-09-03,,Next-Day Air,TRK-830-625,In Transit
626,833,2026-05-27 07:12:22,2026-05-31,2026-06-01,Standard Ground,TRK-833-626,Delivered
627,834,2026-01-23 18:52:44,2026-01-27,2026-01-27,Next-Day Air,TRK-834-627,Delivered
628,835,2026-08-09 10:48:44,2026-08-13,2026-08-14,Standard Ground,TRK-835-628,Delivered
629,836,2025-01-19 04:05:53,2025-01-23,2025-01-22,Standard Ground,TRK-836-629,Delivered
630,837,2025-09-08 18:47:19,2025-09-12,2025-09-11,Next-Day Air,TRK-837-630,Delivered
631,840,2026-08-28 13:04:28,2026-09-01,2026-08-30,Standard Ground,TRK-840-631,Delivered
632,842,2026-05-06 22:11:23,2026-05-10,2026-05-11,Next-Day Air,TRK-842-632,Delivered
633,843,2025-07-10 20:44:05,2025-07-14,2025-07-14,Express Courier,TRK-843-633,Delivered
634,844,2026-01-31 08:44:25,2026-02-04,2026-02-02,Express Courier,TRK-844-634,Delivered
635,845,2024-07-28 12:25:01,2024-08-01,2024-08-02,Next-Day Air,TRK-845-635,Delivered
636,846,2026-01-19 18:52:17,2026-01-23,2026-01-21,Express Courier,TRK-846-636,Delivered
637,848,2026-03-04 00:28:08,2026-03-08,2026-03-06,Express Courier,TRK-848-637,Delivered
638,849,2025-12-14 04:37:07,2025-12-18,2025-12-16,Standard Ground,TRK-849-638,Delivered
639,851,2026-05-14 16:01:54,2026-05-18,2026-05-17,Next-Day Air,TRK-851-639,Delivered
640,852,2026-05-24 12:40:29,2026-05-28,2026-05-28,Express Courier,TRK-852-640,Delivered
641,853,2026-04-16 03:02:46,2026-04-20,2026-04-21,Standard Ground,TRK-853-641,Delivered
642,854,2026-07-10 10:16:02,2026-07-14,2026-07-13,Next-Day Air,TRK-854-642,Delivered
643,856,2026-08-10 02:50:51,2026-08-14,2026-08-13,Next-Day Air,TRK-856-643,Delivered
644,858,2025-08-01 15:52:24,2025-08-05,2025-08-04,Next-Day Air,TRK-858-644,Delivered
645,859,2025-12-05 10:14:38,2025-12-09,2025-12-10,Standard Ground,TRK-859-645,Delivered
646,860,2025-10-26 21:14:53,2025-10-30,2025-10-29,Standard Ground,TRK-860-646,Delivered
647,861,2026-04-22 19:02:44,2026-04-26,2026-04-24,Standard Ground,TRK-861-647,Delivered
648,862,2026-05-22 21:39:25,2026-05-26,2026-05-27,Standard Ground,TRK-862-648,Delivered
649,863,2024-05-15 11:58:02,2024-05-19,2024-05-18,Express Courier,TRK-863-649,Delivered
650,865,2026-01-31 12:18:24,2026-02-04,2026-02-04,Next-Day Air,TRK-865-650,Delivered
651,866,2025-11-11 09:44:35,2025-11-15,,Express Courier,TRK-866-651,In Transit
652,867,2026-04-03 03:52:42,2026-04-07,2026-04-07,Standard Ground,TRK-867-652,Delivered
653,868,2026-02-26 16:16:59,2026-03-02,2026-03-03,Express Courier,TRK-868-653,Delivered
654,869,2024-09-21 09:29:39,2024-09-25,2024-09-26,Next-Day Air,TRK-869-654,Delivered
655,873,2025-05-19 08:08:15,2025-05-23,2025-05-21,Standard Ground,TRK-873-655,Delivered
656,875,2026-02-01 17:53:42,2026-02-05,2026-02-06,Standard Ground,TRK-875-656,Delivered
657,876,2026-03-09 15:16:54,2026-03-13,2026-03-13,Standard Ground,TRK-876-657,Delivered
658,878,2026-08-30 08:54:52,2026-09-03,2026-09-04,Next-Day Air,TRK-878-658,Delivered
659,879,2026-07-27 06:50:50,2026-07-31,,Next-Day Air,TRK-879-659,In Transit
660,880,2026-08-26 06:29:56,2026-08-30,2026-08-29,Express Courier,TRK-880-660,Delivered
661,881,2026-08-08 19:12:40,2026-08-12,2026-08-13,Express Courier,TRK-881-661,Delivered
662,883,2026-03-08 05:54:49,2026-03-12,2026-03-12,Standard Ground,TRK-883-662,Delivered
663,884,2026-05-02 12:42:59,2026-05-06,2026-05-07,Express Courier,TRK-884-663,Delivered
664,885,2026-05-09 00:06:00,2026-05-13,,Standard Ground,TRK-885-664,In Transit
665,886,2025-03-10 23:18:24,2025-03-14,2025-03-12,Express Courier,TRK-886-665,Delivered
666,887,2026-07-11 06:40:05,2026-07-15,2026-07-14,Standard Ground,TRK-887-666,Delivered
667,888,2026-07-19 18:34:45,2026-07-23,2026-07-22,Standard Ground,TRK-888-667,Delivered
668,889,2026-06-22 14:24:37,2026-06-26,2026-06-27,Standard Ground,TRK-889-668,Delivered
669,890,2024-08-07 21:36:06,2024-08-11,2024-08-09,Next-Day Air,TRK-890-669,Delivered
670,891,2024-08-03 13:04:33,2024-08-07,2024-08-08,Standard Ground,TRK-891-670,Delivered
671,893,2025-10-28 20:45:09,2025-11-01,2025-10-31,Express Courier,TRK-893-671,Delivered
672,894,2026-04-26 02:08:53,2026-04-30,2026-05-01,Express Courier,TRK-894-672,Delivered
673,895,2026-08-06 18:16:58,2026-08-10,2026-08-11,Next-Day Air,TRK-895-673,Delivered
674,896,2025-08-03 07:42:03,2025-08-07,2025-08-05,Express Courier,TRK-896-674,Delivered
675,897,2025-12-22 19:38:10,2025-12-26,,Express Courier,TRK-897-675,In Transit
676,898,2026-01-30 02:52:34,2026-02-03,2026-02-04,Express Courier,TRK-898-676,Delivered
677,899,2026-05-15 18:07:53,2026-05-19,2026-05-20,Express Courier,TRK-899-677,Delivered
678,901,2026-03-11 18:12:45,2026-03-15,2026-03-16,Standard Ground,TRK-901-678,Delivered
679,902,2026-08-06 22:56:39,2026-08-10,2026-08-08,Standard Ground,TRK-902-679,Delivered
680,903,2025-08-09 03:53:47,2025-08-13,2025-08-14,Next-Day Air,TRK-903-680,Delivered
681,904,2026-05-18 04:29:58,2026-05-22,2026-05-22,Standard Ground,TRK-904-681,Delivered
682,906,2025-04-07 13:28:16,2025-04-11,2025-04-09,Standard Ground,TRK-906-682,Delivered
683,907,2025-12-04 00:31:56,2025-12-08,2025-12-09,Standard Ground,TRK-907-683,Delivered
684,909,2024-12-12 13:45:50,2024-12-16,2024-12-16,Express Courier,TRK-909-684,Delivered
685,910,2026-07-04 06:36:53,2026-07-08,2026-07-09,Express Courier,TRK-910-685,Delivered
686,912,2026-06-30 18:58:44,2026-07-04,2026-07-05,Standard Ground,TRK-912-686,Delivered
687,913,2026-08-22 18:52:16,2026-08-26,2026-08-25,Standard Ground,TRK-913-687,Delivered
688,914,2026-06-12 19:34:17,2026-06-16,2026-06-16,Standard Ground,TRK-914-688,Delivered
689,915,2026-07-04 17:44:52,2026-07-08,2026-07-08,Express Courier,TRK-915-689,Delivered
690,916,2026-08-29 16:46:43,2026-09-02,2026-09-02,Express Courier,TRK-916-690,Delivered
691,919,2026-06-18 08:52:32,2026-06-22,,Next-Day Air,TRK-919-691,In Transit
692,920,2025-12-23 09:21:26,2025-12-27,2025-12-27,Next-Day Air,TRK-920-692,Delivered
693,922,2026-01-02 16:40:26,2026-01-06,2026-01-04,Standard Ground,TRK-922-693,Delivered
694,923,2024-12-01 01:01:46,2024-12-05,2024-12-03,Express Courier,TRK-923-694,Delivered
695,924,2026-07-07 20:53:39,2026-07-11,2026-07-09,Express Courier,TRK-924-695,Delivered
696,925,2026-01-10 17:54:22,2026-01-14,2026-01-13,Next-Day Air,TRK-925-696,Delivered
697,926,2026-05-28 05:17:02,2026-06-01,,Express Courier,TRK-926-697,In Transit
698,928,2025-08-29 05:39:40,2025-09-02,2025-08-31,Standard Ground,TRK-928-698,Delivered
699,930,2024-04-06 05:15:51,2024-04-10,2024-04-08,Next-Day Air,TRK-930-699,Delivered
700,932,2025-06-16 15:14:48,2025-06-20,2025-06-18,Standard Ground,TRK-932-700,Delivered
701,933,2025-12-22 19:11:34,2025-12-26,2025-12-25,Standard Ground,TRK-933-701,Delivered
702,934,2026-07-15 03:21:54,2026-07-19,2026-07-20,Express Courier,TRK-934-702,Delivered
703,935,2026-08-31 17:09:26,2026-09-04,2026-09-05,Next-Day Air,TRK-935-703,Delivered
704,936,2026-07-21 18:42:31,2026-07-25,2026-07-23,Standard Ground,TRK-936-704,Delivered
705,937,2025-05-16 14:03:30,2025-05-20,2025-05-20,Express Courier,TRK-937-705,Delivered
706,939,2026-07-04 00:07:59,2026-07-08,2026-07-09,Express Courier,TRK-939-706,Delivered
707,940,2026-07-06 15:49:52,2026-07-10,2026-07-10,Standard Ground,TRK-940-707,Delivered
708,941,2026-05-24 03:21:15,2026-05-28,2026-05-26,Express Courier,TRK-941-708,Delivered
709,944,2026-06-06 19:47:58,2026-06-10,2026-06-10,Express Courier,TRK-944-709,Delivered
710,947,2026-01-21 15:29:31,2026-01-25,2026-01-24,Next-Day Air,TRK-947-710,Delivered
711,948,2026-05-11 01:23:32,2026-05-15,2026-05-16,Express Courier,TRK-948-711,Delivered
712,949,2025-07-08 11:27:39,2025-07-12,2025-07-11,Express Courier,TRK-949-712,Delivered
713,950,2026-05-02 21:54:34,2026-05-06,2026-05-05,Express Courier,TRK-950-713,Delivered
714,951,2025-01-04 00:47:57,2025-01-08,2025-01-07,Express Courier,TRK-951-714,Delivered
715,952,2025-11-07 21:44:10,2025-11-11,2025-11-11,Express Courier,TRK-952-715,Delivered
716,953,2026-01-17 03:08:47,2026-01-21,2026-01-19,Express Courier,TRK-953-716,Delivered
717,955,2026-07-14 07:49:18,2026-07-18,2026-07-19,Standard Ground,TRK-955-717,Delivered
718,959,2025-09-20 14:09:32,2025-09-24,2025-09-24,Next-Day Air,TRK-959-718,Delivered
719,960,2026-08-04 22:04:19,2026-08-08,2026-08-06,Next-Day Air,TRK-960-719,Delivered
720,961,2026-06-28 21:15:39,2026-07-02,2026-07-03,Standard Ground,TRK-961-720,Delivered
721,962,2026-05-30 11:46:00,2026-06-03,2026-06-04,Next-Day Air,TRK-962-721,Delivered
722,963,2026-06-28 05:01:33,2026-07-02,2026-07-01,Next-Day Air,TRK-963-722,Delivered
723,964,2025-10-07 12:52:05,2025-10-11,2025-10-10,Express Courier,TRK-964-723,Delivered
724,965,2025-09-25 19:17:43,2025-09-29,2025-09-27,Express Courier,TRK-965-724,Delivered
725,966,2025-04-08 07:46:00,2025-04-12,,Express Courier,TRK-966-725,In Transit
726,967,2025-11-19 22:11:51,2025-11-23,2025-11-24,Standard Ground,TRK-967-726,Delivered
727,968,2026-04-04 21:21:59,2026-04-08,2026-04-06,Next-Day Air,TRK-968-727,Delivered
728,969,2026-07-24 00:24:37,2026-07-28,2026-07-28,Express Courier,TRK-969-728,Delivered
729,970,2025-09-29 14:13:33,2025-10-03,,Express Courier,TRK-970-729,In Transit
730,971,2024-01-30 06:54:16,2024-02-03,2024-02-04,Standard Ground,TRK-971-730,Delivered
731,972,2025-08-30 11:22:12,2025-09-03,,Standard Ground,TRK-972-731,In Transit
732,973,2025-06-21 19:20:20,2025-06-25,2025-06-26,Express Courier,TRK-973-732,Delivered
733,974,2025-03-17 14:58:15,2025-03-21,2025-03-20,Express Courier,TRK-974-733,Delivered
734,975,2026-07-23 08:21:58,2026-07-27,2026-07-28,Express Courier,TRK-975-734,Delivered
735,976,2026-01-06 06:47:18,2026-01-10,2026-01-08,Express Courier,TRK-976-735,Delivered
736,978,2026-04-29 19:15:03,2026-05-03,2026-05-02,Express Courier,TRK-978-736,Delivered
737,980,2024-12-14 00:08:03,2024-12-18,,Next-Day Air,TRK-980-737,In Transit
738,981,2026-07-21 00:48:28,2026-07-25,,Standard Ground,TRK-981-738,In Transit
739,983,2026-07-22 04:00:10,2026-07-26,,Next-Day Air,TRK-983-739,In Transit
740,985,2026-02-03 02:22:37,2026-02-07,2026-02-06,Next-Day Air,TRK-985-740,Delivered
741,986,2026-09-01 09:39:38,2026-09-05,2026-09-03,Next-Day Air,TRK-986-741,Delivered
742,987,2025-09-13 00:27:42,2025-09-17,2025-09-16,Next-Day Air,TRK-987-742,Delivered
743,988,2026-08-30 23:03:54,2026-09-03,2026-09-04,Standard Ground,TRK-988-743,Delivered
744,989,2026-02-21 12:26:17,2026-02-25,2026-02-25,Standard Ground,TRK-989-744,Delivered
745,990,2026-03-28 03:45:04,2026-04-01,2026-03-31,Next-Day Air,TRK-990-745,Delivered
746,991,2024-11-08 09:10:09,2024-11-12,2024-11-13,Express Courier,TRK-991-746,Delivered
747,993,2026-06-10 11:57:53,2026-06-14,2026-06-15,Standard Ground,TRK-993-747,Delivered
748,994,2025-11-30 22:52:39,2025-12-04,2025-12-04,Next-Day Air,TRK-994-748,Delivered
749,995,2025-09-07 13:01:54,2025-09-11,2025-09-11,Standard Ground,TRK-995-749,Delivered
750,996,2025-09-01 08:11:11,2025-09-05,2025-09-04,Express Courier,TRK-996-750,Delivered
751,998,2026-05-19 03:21:54,2026-05-23,2026-05-21,Standard Ground,TRK-998-751,Delivered
752,999,2026-02-21 09:35:35,2026-02-25,2026-02-26,Standard Ground,TRK-999-752,Delivered
753,1000,2025-05-26 10:08:39,2025-05-30,2025-05-29,Standard Ground,TRK-1000-753,Delivered
754,1003,2026-06-21 06:54:52,2026-06-25,2026-06-24,Express Courier,TRK-1003-754,Delivered
755,1004,2026-02-26 13:09:06,2026-03-02,2026-03-03,Standard Ground,TRK-1004-755,Delivered
756,1005,2025-11-16 18:53:52,2025-11-20,2025-11-19,Next-Day Air,TRK-1005-756,Delivered
757,1007,2025-10-02 16:47:42,2025-10-06,,Next-Day Air,TRK-1007-757,In Transit
758,1008,2026-08-21 23:42:08,2026-08-25,2026-08-26,Next-Day Air,TRK-1008-758,Delivered
759,1009,2026-04-02 19:00:10,2026-04-06,2026-04-06,Next-Day Air,TRK-1009-759,Delivered
760,1011,2026-08-25 12:27:26,2026-08-29,2026-08-29,Express Courier,TRK-1011-760,Delivered
761,1013,2025-09-23 23:13:47,2025-09-27,2025-09-26,Next-Day Air,TRK-1013-761,Delivered
762,1015,2026-06-14 10:28:41,2026-06-18,,Next-Day Air,TRK-1015-762,In Transit
763,1016,2025-03-13 06:44:58,2025-03-17,,Next-Day Air,TRK-1016-763,In Transit
764,1018,2026-08-18 06:45:36,2026-08-22,2026-08-20,Standard Ground,TRK-1018-764,Delivered
765,1019,2025-07-05 19:50:40,2025-07-09,2025-07-09,Express Courier,TRK-1019-765,Delivered
766,1020,2026-03-30 20:42:06,2026-04-03,2026-04-03,Standard Ground,TRK-1020-766,Delivered
767,1022,2026-07-20 05:25:35,2026-07-24,2026-07-23,Standard Ground,TRK-1022-767,Delivered
768,1023,2025-03-11 20:25:31,2025-03-15,2025-03-16,Standard Ground,TRK-1023-768,Delivered
769,1024,2024-08-23 20:08:06,2024-08-27,2024-08-27,Standard Ground,TRK-1024-769,Delivered
770,1026,2026-01-18 01:21:29,2026-01-22,2026-01-22,Express Courier,TRK-1026-770,Delivered
771,1028,2026-01-22 06:57:00,2026-01-26,2026-01-26,Next-Day Air,TRK-1028-771,Delivered
772,1031,2025-11-22 03:49:34,2025-11-26,,Express Courier,TRK-1031-772,In Transit
773,1032,2026-07-17 18:07:57,2026-07-21,2026-07-22,Express Courier,TRK-1032-773,Delivered
774,1034,2026-09-01 16:53:41,2026-09-05,,Next-Day Air,TRK-1034-774,In Transit
775,1035,2025-07-28 07:36:54,2025-08-01,2025-07-31,Next-Day Air,TRK-1035-775,Delivered
776,1037,2024-06-01 02:52:25,2024-06-05,,Express Courier,TRK-1037-776,In Transit
777,1038,2026-01-14 02:47:46,2026-01-18,2026-01-16,Standard Ground,TRK-1038-777,Delivered
778,1039,2026-05-23 15:16:58,2026-05-27,2026-05-28,Express Courier,TRK-1039-778,Delivered
779,1040,2026-05-12 21:03:21,2026-05-16,2026-05-16,Express Courier,TRK-1040-779,Delivered
780,1041,2026-07-17 13:25:16,2026-07-21,,Express Courier,TRK-1041-780,In Transit
781,1042,2025-11-22 00:50:44,2025-11-26,2025-11-25,Next-Day Air,TRK-1042-781,Delivered
782,1043,2026-05-24 22:28:55,2026-05-28,2026-05-28,Next-Day Air,TRK-1043-782,Delivered
783,1044,2024-03-24 00:25:11,2024-03-28,,Express Courier,TRK-1044-783,In Transit
784,1045,2024-05-05 06:08:44,2024-05-09,2024-05-10,Express Courier,TRK-1045-784,Delivered
785,1047,2026-08-16 06:58:48,2026-08-20,2026-08-20,Next-Day Air,TRK-1047-785,Delivered
786,1048,2025-02-28 18:30:51,2025-03-04,2025-03-05,Standard Ground,TRK-1048-786,Delivered
787,1049,2025-01-31 10:38:29,2025-02-04,2025-02-04,Standard Ground,TRK-1049-787,Delivered
788,1050,2026-05-29 05:06:25,2026-06-02,2026-05-31,Standard Ground,TRK-1050-788,Delivered
789,1051,2026-01-17 00:36:47,2026-01-21,2026-01-19,Next-Day Air,TRK-1051-789,Delivered
790,1052,2026-04-23 19:12:05,2026-04-27,2026-04-27,Standard Ground,TRK-1052-790,Delivered
791,1053,2024-02-13 14:17:51,2024-02-17,,Next-Day Air,TRK-1053-791,In Transit
792,1055,2026-04-04 09:45:06,2026-04-08,2026-04-06,Standard Ground,TRK-1055-792,Delivered
793,1056,2026-06-07 12:10:24,2026-06-11,2026-06-11,Express Courier,TRK-1056-793,Delivered
794,1058,2025-06-10 16:53:10,2025-06-14,2025-06-12,Express Courier,TRK-1058-794,Delivered
795,1059,2024-06-15 06:50:41,2024-06-19,2024-06-20,Express Courier,TRK-1059-795,Delivered
796,1060,2025-10-10 03:03:07,2025-10-14,2025-10-12,Next-Day Air,TRK-1060-796,Delivered
797,1061,2026-07-23 09:36:14,2026-07-27,2026-07-28,Standard Ground,TRK-1061-797,Delivered
798,1065,2026-04-27 17:02:33,2026-05-01,2026-04-29,Standard Ground,TRK-1065-798,Delivered
799,1068,2026-08-27 10:14:21,2026-08-31,2026-08-30,Standard Ground,TRK-1068-799,Delivered
800,1069,2026-09-02 16:08:40,2026-09-06,2026-09-06,Next-Day Air,TRK-1069-800,Delivered
801,1071,2026-01-17 01:51:01,2026-01-21,2026-01-22,Express Courier,TRK-1071-801,Delivered
802,1072,2025-10-29 01:39:28,2025-11-02,2025-11-03,Standard Ground,TRK-1072-802,Delivered
803,1073,2026-02-04 19:09:59,2026-02-08,,Standard Ground,TRK-1073-803,In Transit
804,1075,2026-01-04 12:05:17,2026-01-08,2026-01-06,Standard Ground,TRK-1075-804,Delivered
805,1076,2025-03-15 23:33:45,2025-03-19,2025-03-18,Standard Ground,TRK-1076-805,Delivered
806,1077,2026-08-07 03:13:39,2026-08-11,2026-08-11,Next-Day Air,TRK-1077-806,Delivered
807,1078,2026-07-14 08:05:15,2026-07-18,2026-07-17,Express Courier,TRK-1078-807,Delivered
808,1080,2026-02-18 22:38:01,2026-02-22,2026-02-21,Next-Day Air,TRK-1080-808,Delivered
809,1081,2025-05-08 03:22:34,2025-05-12,2025-05-11,Standard Ground,TRK-1081-809,Delivered
810,1082,2026-01-21 20:13:35,2026-01-25,,Standard Ground,TRK-1082-810,In Transit
811,1084,2026-07-04 01:58:31,2026-07-08,2026-07-08,Next-Day Air,TRK-1084-811,Delivered
812,1085,2025-06-24 09:29:52,2025-06-28,2025-06-28,Express Courier,TRK-1085-812,Delivered
813,1086,2025-10-16 07:40:41,2025-10-20,2025-10-19,Next-Day Air,TRK-1086-813,Delivered
814,1088,2025-08-13 15:43:43,2025-08-17,2025-08-17,Next-Day Air,TRK-1088-814,Delivered
815,1089,2026-08-02 11:45:39,2026-08-06,,Express Courier,TRK-1089-815,In Transit
816,1090,2026-06-11 15:40:28,2026-06-15,2026-06-15,Express Courier,TRK-1090-816,Delivered
817,1091,2026-03-03 01:48:01,2026-03-07,,Express Courier,TRK-1091-817,In Transit
818,1092,2025-09-23 22:13:09,2025-09-27,2025-09-28,Express Courier,TRK-1092-818,Delivered
819,1094,2026-08-18 10:58:08,2026-08-22,2026-08-20,Next-Day Air,TRK-1094-819,Delivered
820,1095,2025-09-15 08:09:55,2025-09-19,2025-09-18,Next-Day Air,TRK-1095-820,Delivered
821,1096,2025-12-30 09:44:23,2026-01-03,2026-01-01,Next-Day Air,TRK-1096-821,Delivered
822,1098,2026-07-21 00:50:04,2026-07-25,,Express Courier,TRK-1098-822,In Transit
823,1100,2024-06-27 05:22:05,2024-07-01,2024-07-01,Standard Ground,TRK-1100-823,Delivered
824,1101,2024-05-25 08:22:41,2024-05-29,2024-05-29,Standard Ground,TRK-1101-824,Delivered
825,1102,2026-02-11 12:33:38,2026-02-15,2026-02-13,Express Courier,TRK-1102-825,Delivered
826,1103,2024-10-10 00:22:05,2024-10-14,2024-10-14,Express Courier,TRK-1103-826,Delivered
827,1105,2026-08-05 08:22:26,2026-08-09,2026-08-10,Next-Day Air,TRK-1105-827,Delivered
828,1106,2024-04-28 08:55:34,2024-05-02,2024-04-30,Standard Ground,TRK-1106-828,Delivered
829,1107,2026-05-29 21:58:57,2026-06-02,,Next-Day Air,TRK-1107-829,In Transit
830,1108,2026-09-01 20:09:58,2026-09-05,2026-09-04,Next-Day Air,TRK-1108-830,Delivered
831,1109,2025-10-23 20:23:05,2025-10-27,,Next-Day Air,TRK-1109-831,In Transit
832,1110,2024-10-31 04:22:58,2024-11-04,2024-11-03,Express Courier,TRK-1110-832,Delivered
833,1111,2025-12-03 02:51:22,2025-12-07,2025-12-07,Express Courier,TRK-1111-833,Delivered
834,1112,2024-07-30 18:23:40,2024-08-03,2024-08-04,Express Courier,TRK-1112-834,Delivered
835,1113,2026-05-08 10:25:05,2026-05-12,,Standard Ground,TRK-1113-835,In Transit
836,1115,2026-05-28 00:01:32,2026-06-01,2026-05-31,Express Courier,TRK-1115-836,Delivered
837,1116,2025-07-19 00:17:28,2025-07-23,2025-07-22,Standard Ground,TRK-1116-837,Delivered
838,1117,2026-03-10 04:32:52,2026-03-14,2026-03-15,Standard Ground,TRK-1117-838,Delivered
839,1118,2026-05-18 10:00:27,2026-05-22,2026-05-20,Express Courier,TRK-1118-839,Delivered
840,1120,2025-10-27 17:59:38,2025-10-31,2025-11-01,Next-Day Air,TRK-1120-840,Delivered
841,1121,2024-07-29 07:20:27,2024-08-02,2024-08-01,Express Courier,TRK-1121-841,Delivered
842,1122,2026-06-22 16:55:18,2026-06-26,2026-06-24,Next-Day Air,TRK-1122-842,Delivered
843,1125,2025-06-17 04:18:11,2025-06-21,2025-06-19,Standard Ground,TRK-1125-843,Delivered
844,1126,2025-05-31 15:41:18,2025-06-04,2025-06-04,Standard Ground,TRK-1126-844,Delivered
845,1127,2026-01-18 21:44:30,2026-01-22,2026-01-23,Next-Day Air,TRK-1127-845,Delivered
846,1128,2026-08-25 07:08:19,2026-08-29,2026-08-29,Next-Day Air,TRK-1128-846,Delivered
847,1131,2025-08-12 12:37:36,2025-08-16,2025-08-16,Standard Ground,TRK-1131-847,Delivered
848,1132,2026-07-23 05:16:55,2026-07-27,2026-07-26,Next-Day Air,TRK-1132-848,Delivered
849,1135,2026-04-25 22:39:39,2026-04-29,2026-04-27,Express Courier,TRK-1135-849,Delivered
850,1136,2025-11-08 11:11:52,2025-11-12,2025-11-11,Express Courier,TRK-1136-850,Delivered
851,1137,2026-07-22 21:13:16,2026-07-26,2026-07-27,Express Courier,TRK-1137-851,Delivered
852,1138,2026-06-12 16:58:25,2026-06-16,2026-06-15,Standard Ground,TRK-1138-852,Delivered
853,1140,2026-08-31 10:03:03,2026-09-04,2026-09-03,Standard Ground,TRK-1140-853,Delivered
854,1141,2026-07-18 07:59:02,2026-07-22,,Next-Day Air,TRK-1141-854,In Transit
855,1142,2026-05-31 12:38:34,2026-06-04,2026-06-03,Standard Ground,TRK-1142-855,Delivered
856,1144,2026-04-05 18:30:19,2026-04-09,2026-04-07,Express Courier,TRK-1144-856,Delivered
857,1146,2026-03-06 13:30:09,2026-03-10,2026-03-11,Next-Day Air,TRK-1146-857,Delivered
858,1147,2026-03-17 17:07:33,2026-03-21,2026-03-22,Standard Ground,TRK-1147-858,Delivered
859,1148,2026-06-02 21:34:01,2026-06-06,2026-06-05,Express Courier,TRK-1148-859,Delivered
860,1149,2026-08-31 06:22:05,2026-09-04,2026-09-03,Next-Day Air,TRK-1149-860,Delivered
861,1150,2026-08-30 06:01:28,2026-09-03,2026-09-01,Standard Ground,TRK-1150-861,Delivered
862,1151,2025-12-21 07:26:10,2025-12-25,2025-12-25,Next-Day Air,TRK-1151-862,Delivered
863,1152,2026-02-14 04:18:28,2026-02-18,,Express Courier,TRK-1152-863,In Transit
864,1154,2025-04-30 06:56:16,2025-05-04,,Standard Ground,TRK-1154-864,In Transit
865,1155,2026-06-27 18:52:51,2026-07-01,2026-07-02,Standard Ground,TRK-1155-865,Delivered
866,1156,2026-06-22 08:21:01,2026-06-26,2026-06-24,Standard Ground,TRK-1156-866,Delivered
867,1157,2026-07-26 22:39:56,2026-07-30,2026-07-30,Standard Ground,TRK-1157-867,Delivered
868,1159,2026-03-05 09:22:26,2026-03-09,2026-03-10,Next-Day Air,TRK-1159-868,Delivered
869,1160,2025-07-08 19:39:16,2025-07-12,2025-07-11,Express Courier,TRK-1160-869,Delivered
870,1163,2026-07-30 15:22:03,2026-08-03,2026-08-03,Express Courier,TRK-1163-870,Delivered
871,1164,2025-10-15 06:14:18,2025-10-19,2025-10-20,Standard Ground,TRK-1164-871,Delivered
872,1165,2026-06-01 00:11:26,2026-06-05,2026-06-05,Express Courier,TRK-1165-872,Delivered
873,1167,2026-08-14 14:45:36,2026-08-18,2026-08-19,Standard Ground,TRK-1167-873,Delivered
874,1169,2026-08-07 17:25:43,2026-08-11,2026-08-09,Next-Day Air,TRK-1169-874,Delivered
875,1170,2026-08-04 01:33:41,2026-08-08,2026-08-08,Next-Day Air,TRK-1170-875,Delivered
876,1171,2025-01-31 20:17:20,2025-02-04,2025-02-05,Next-Day Air,TRK-1171-876,Delivered
877,1172,2025-07-21 17:17:25,2025-07-25,,Next-Day Air,TRK-1172-877,In Transit
878,1173,2025-01-17 05:34:05,2025-01-21,2025-01-19,Express Courier,TRK-1173-878,Delivered
879,1174,2026-07-07 01:32:22,2026-07-11,2026-07-11,Express Courier,TRK-1174-879,Delivered
880,1175,2026-02-10 06:29:22,2026-02-14,2026-02-12,Next-Day Air,TRK-1175-880,Delivered
881,1176,2025-04-26 13:11:38,2025-04-30,2025-04-30,Express Courier,TRK-1176-881,Delivered
882,1177,2026-05-12 11:30:17,2026-05-16,2026-05-15,Express Courier,TRK-1177-882,Delivered
883,1178,2026-02-09 08:55:00,2026-02-13,2026-02-12,Next-Day Air,TRK-1178-883,Delivered
884,1179,2026-03-21 01:16:36,2026-03-25,2026-03-25,Express Courier,TRK-1179-884,Delivered
885,1180,2026-04-07 15:10:26,2026-04-11,2026-04-12,Standard Ground,TRK-1180-885,Delivered
886,1181,2026-06-22 08:21:52,2026-06-26,2026-06-24,Standard Ground,TRK-1181-886,Delivered
887,1182,2024-10-22 21:23:39,2024-10-26,,Standard Ground,TRK-1182-887,In Transit
888,1183,2026-02-04 20:45:43,2026-02-08,2026-02-07,Express Courier,TRK-1183-888,Delivered
889,1185,2026-08-31 11:07:38,2026-09-04,2026-09-02,Standard Ground,TRK-1185-889,Delivered
890,1187,2026-08-17 08:29:59,2026-08-21,2026-08-19,Standard Ground,TRK-1187-890,Delivered
891,1188,2024-09-17 01:25:21,2024-09-21,2024-09-19,Express Courier,TRK-1188-891,Delivered
892,1190,2025-06-21 04:06:53,2025-06-25,,Next-Day Air,TRK-1190-892,In Transit
893,1192,2026-08-18 20:23:37,2026-08-22,,Next-Day Air,TRK-1192-893,In Transit
894,1193,2024-06-06 19:51:03,2024-06-10,2024-06-09,Standard Ground,TRK-1193-894,Delivered
895,1195,2026-08-25 22:49:19,2026-08-29,,Express Courier,TRK-1195-895,In Transit
896,1196,2026-08-20 17:19:33,2026-08-24,2026-08-22,Express Courier,TRK-1196-896,Delivered
897,1197,2024-06-12 21:19:47,2024-06-16,2024-06-17,Express Courier,TRK-1197-897,Delivered
898,1198,2026-05-31 05:31:33,2026-06-04,2026-06-02,Standard Ground,TRK-1198-898,Delivered
899,1199,2025-08-26 14:22:19,2025-08-30,,Next-Day Air,TRK-1199-899,In Transit
900,1200,2026-07-30 02:12:19,2026-08-03,2026-08-02,Standard Ground,TRK-1200-900,Delivered
901,1201,2026-03-13 17:48:11,2026-03-17,2026-03-17,Express Courier,TRK-1201-901,Delivered
902,1202,2026-07-14 10:45:23,2026-07-18,2026-07-18,Next-Day Air,TRK-1202-902,Delivered
903,1203,2026-05-14 20:56:44,2026-05-18,2026-05-19,Express Courier,TRK-1203-903,Delivered
904,1204,2026-02-18 20:05:23,2026-02-22,,Standard Ground,TRK-1204-904,In Transit
905,1205,2026-06-14 09:19:43,2026-06-18,2026-06-19,Standard Ground,TRK-1205-905,Delivered
906,1206,2025-11-29 13:39:33,2025-12-03,2025-12-02,Standard Ground,TRK-1206-906,Delivered
907,1207,2025-03-04 10:03:30,2025-03-08,2025-03-09,Standard Ground,TRK-1207-907,Delivered
908,1208,2026-06-15 20:26:33,2026-06-19,2026-06-19,Standard Ground,TRK-1208-908,Delivered
909,1210,2026-02-12 22:44:52,2026-02-16,2026-02-14,Next-Day Air,TRK-1210-909,Delivered
910,1212,2025-11-20 15:22:34,2025-11-24,2025-11-23,Express Courier,TRK-1212-910,Delivered
911,1213,2026-08-05 14:15:00,2026-08-09,2026-08-10,Standard Ground,TRK-1213-911,Delivered
912,1214,2025-10-02 23:34:59,2025-10-06,2025-10-05,Standard Ground,TRK-1214-912,Delivered
913,1217,2026-08-17 05:35:04,2026-08-21,2026-08-21,Next-Day Air,TRK-1217-913,Delivered
914,1218,2025-03-01 23:36:25,2025-03-05,2025-03-03,Next-Day Air,TRK-1218-914,Delivered
915,1219,2026-08-01 08:39:18,2026-08-05,2026-08-04,Next-Day Air,TRK-1219-915,Delivered
916,1221,2026-08-30 16:49:12,2026-09-03,2026-09-01,Express Courier,TRK-1221-916,Delivered
917,1222,2026-01-30 22:08:33,2026-02-03,2026-02-01,Next-Day Air,TRK-1222-917,Delivered
918,1223,2026-08-26 22:22:19,2026-08-30,,Standard Ground,TRK-1223-918,In Transit
919,1224,2026-02-07 13:12:29,2026-02-11,2026-02-09,Next-Day Air,TRK-1224-919,Delivered
920,1226,2025-10-23 23:23:49,2025-10-27,2025-10-27,Standard Ground,TRK-1226-920,Delivered
921,1227,2025-12-28 15:24:46,2026-01-01,2026-01-01,Express Courier,TRK-1227-921,Delivered
922,1228,2026-05-25 11:15:26,2026-05-29,2026-05-28,Next-Day Air,TRK-1228-922,Delivered
923,1229,2025-05-14 21:13:40,2025-05-18,2025-05-16,Standard Ground,TRK-1229-923,Delivered
924,1230,2026-04-19 14:01:06,2026-04-23,,Express Courier,TRK-1230-924,In Transit
925,1233,2026-03-03 03:11:58,2026-03-07,2026-03-05,Express Courier,TRK-1233-925,Delivered
926,1235,2026-06-15 23:15:35,2026-06-19,2026-06-20,Next-Day Air,TRK-1235-926,Delivered
927,1236,2025-04-09 19:15:59,2025-04-13,2025-04-11,Express Courier,TRK-1236-927,Delivered
928,1238,2026-08-26 00:48:58,2026-08-30,2026-08-31,Standard Ground,TRK-1238-928,Delivered
929,1240,2025-03-26 20:05:18,2025-03-30,2025-03-31,Express Courier,TRK-1240-929,Delivered
930,1241,2026-01-09 07:58:07,2026-01-13,,Next-Day Air,TRK-1241-930,In Transit
931,1242,2025-03-14 11:45:08,2025-03-18,2025-03-16,Express Courier,TRK-1242-931,Delivered
932,1243,2026-03-14 05:12:20,2026-03-18,2026-03-17,Express Courier,TRK-1243-932,Delivered
933,1244,2026-04-04 05:49:02,2026-04-08,2026-04-07,Next-Day Air,TRK-1244-933,Delivered
934,1245,2026-02-15 14:23:42,2026-02-19,2026-02-20,Standard Ground,TRK-1245-934,Delivered
935,1247,2025-06-19 06:31:50,2025-06-23,2025-06-21,Standard Ground,TRK-1247-935,Delivered
936,1248,2026-08-04 23:46:58,2026-08-08,2026-08-07,Standard Ground,TRK-1248-936,Delivered
937,1249,2026-07-26 19:06:38,2026-07-30,2026-07-28,Express Courier,TRK-1249-937,Delivered
938,1250,2026-08-04 13:53:11,2026-08-08,2026-08-06,Next-Day Air,TRK-1250-938,Delivered
939,1251,2026-04-22 03:33:36,2026-04-26,2026-04-27,Standard Ground,TRK-1251-939,Delivered
940,1252,2026-01-30 13:25:00,2026-02-03,2026-02-03,Standard Ground,TRK-1252-940,Delivered
941,1253,2026-03-07 00:44:46,2026-03-11,2026-03-10,Express Courier,TRK-1253-941,Delivered
942,1254,2026-04-03 10:15:10,2026-04-07,2026-04-08,Next-Day Air,TRK-1254-942,Delivered
943,1255,2025-09-13 08:55:01,2025-09-17,,Standard Ground,TRK-1255-943,In Transit
944,1256,2025-12-15 23:49:31,2025-12-19,2025-12-20,Next-Day Air,TRK-1256-944,Delivered
945,1257,2025-09-24 07:16:00,2025-09-28,2025-09-29,Express Courier,TRK-1257-945,Delivered
946,1259,2025-05-03 00:19:35,2025-05-07,,Standard Ground,TRK-1259-946,In Transit
947,1261,2026-01-12 19:18:45,2026-01-16,2026-01-15,Next-Day Air,TRK-1261-947,Delivered
948,1262,2026-06-01 10:35:25,2026-06-05,2026-06-03,Next-Day Air,TRK-1262-948,Delivered
949,1264,2026-02-09 13:16:58,2026-02-13,2026-02-12,Next-Day Air,TRK-1264-949,Delivered
950,1265,2025-10-01 04:18:38,2025-10-05,,Standard Ground,TRK-1265-950,In Transit
951,1266,2025-07-29 08:58:36,2025-08-02,2025-08-03,Express Courier,TRK-1266-951,Delivered
952,1267,2026-07-24 15:42:25,2026-07-28,2026-07-29,Standard Ground,TRK-1267-952,Delivered
953,1270,2026-09-02 00:34:50,2026-09-06,2026-09-06,Next-Day Air,TRK-1270-953,Delivered
954,1271,2025-12-08 06:50:24,2025-12-12,2025-12-12,Express Courier,TRK-1271-954,Delivered
955,1272,2026-08-01 05:12:42,2026-08-05,2026-08-05,Next-Day Air,TRK-1272-955,Delivered
956,1273,2026-01-16 04:18:48,2026-01-20,2026-01-18,Standard Ground,TRK-1273-956,Delivered
957,1274,2026-07-08 18:20:29,2026-07-12,2026-07-13,Next-Day Air,TRK-1274-957,Delivered
958,1276,2026-08-12 08:22:27,2026-08-16,2026-08-16,Next-Day Air,TRK-1276-958,Delivered
959,1277,2026-03-26 23:27:47,2026-03-30,2026-03-30,Express Courier,TRK-1277-959,Delivered
960,1279,2026-04-23 14:19:02,2026-04-27,2026-04-27,Standard Ground,TRK-1279-960,Delivered
961,1280,2024-12-08 16:01:19,2024-12-12,2024-12-13,Standard Ground,TRK-1280-961,Delivered
962,1281,2023-11-12 21:45:34,2023-11-16,2023-11-16,Express Courier,TRK-1281-962,Delivered
963,1283,2026-04-22 04:15:35,2026-04-26,,Standard Ground,TRK-1283-963,In Transit
964,1284,2026-08-26 05:55:57,2026-08-30,2026-08-28,Standard Ground,TRK-1284-964,Delivered
965,1285,2026-07-25 04:47:41,2026-07-29,2026-07-29,Next-Day Air,TRK-1285-965,Delivered
966,1286,2026-08-31 21:32:57,2026-09-04,2026-09-05,Next-Day Air,TRK-1286-966,Delivered
967,1287,2026-08-04 19:45:44,2026-08-08,2026-08-07,Next-Day Air,TRK-1287-967,Delivered
968,1288,2026-08-27 15:11:46,2026-08-31,2026-08-30,Express Courier,TRK-1288-968,Delivered
969,1290,2025-02-20 07:55:06,2025-02-24,2025-02-24,Express Courier,TRK-1290-969,Delivered
970,1292,2026-05-18 13:02:26,2026-05-22,2026-05-20,Standard Ground,TRK-1292-970,Delivered
971,1293,2026-08-05 10:40:19,2026-08-09,2026-08-09,Express Courier,TRK-1293-971,Delivered
972,1294,2026-06-18 02:40:46,2026-06-22,2026-06-23,Next-Day Air,TRK-1294-972,Delivered
973,1296,2026-08-18 13:52:13,2026-08-22,2026-08-21,Standard Ground,TRK-1296-973,Delivered
974,1298,2026-04-21 10:09:02,2026-04-25,,Express Courier,TRK-1298-974,In Transit
975,1299,2026-08-06 18:16:55,2026-08-10,2026-08-11,Standard Ground,TRK-1299-975,Delivered
976,1301,2025-11-25 12:30:32,2025-11-29,2025-11-29,Standard Ground,TRK-1301-976,Delivered
977,1303,2026-09-03 05:52:44,2026-09-07,2026-09-07,Next-Day Air,TRK-1303-977,Delivered
978,1304,2026-06-13 03:30:30,2026-06-17,2026-06-16,Next-Day Air,TRK-1304-978,Delivered
979,1305,2026-06-27 23:04:15,2026-07-01,2026-07-02,Standard Ground,TRK-1305-979,Delivered
980,1306,2026-08-04 00:23:37,2026-08-08,,Next-Day Air,TRK-1306-980,In Transit
981,1307,2025-09-03 17:58:31,2025-09-07,2025-09-05,Express Courier,TRK-1307-981,Delivered
982,1309,2026-04-12 13:46:06,2026-04-16,2026-04-15,Standard Ground,TRK-1309-982,Delivered
983,1310,2025-05-21 11:21:58,2025-05-25,,Express Courier,TRK-1310-983,In Transit
984,1311,2025-10-31 23:23:15,2025-11-04,2025-11-03,Standard Ground,TRK-1311-984,Delivered
985,1313,2026-05-13 06:48:49,2026-05-17,2026-05-18,Express Courier,TRK-1313-985,Delivered
986,1314,2026-07-16 10:47:59,2026-07-20,2026-07-19,Next-Day Air,TRK-1314-986,Delivered
987,1316,2026-04-29 04:07:08,2026-05-03,,Express Courier,TRK-1316-987,In Transit
988,1317,2024-02-22 00:47:13,2024-02-26,2024-02-25,Next-Day Air,TRK-1317-988,Delivered
989,1318,2025-12-15 21:38:05,2025-12-19,2025-12-18,Next-Day Air,TRK-1318-989,Delivered
990,1321,2026-09-02 10:43:48,2026-09-06,2026-09-04,Standard Ground,TRK-1321-990,Delivered
991,1322,2026-05-02 02:15:53,2026-05-06,2026-05-06,Standard Ground,TRK-1322-991,Delivered
992,1323,2025-09-25 20:09:43,2025-09-29,2025-09-29,Next-Day Air,TRK-1323-992,Delivered
993,1325,2026-06-17 02:06:37,2026-06-21,2026-06-19,Next-Day Air,TRK-1325-993,Delivered
994,1326,2026-01-03 20:43:09,2026-01-07,,Express Courier,TRK-1326-994,In Transit
995,1327,2026-05-23 16:20:21,2026-05-27,2026-05-25,Standard Ground,TRK-1327-995,Delivered
996,1328,2026-01-26 02:41:08,2026-01-30,2026-01-31,Express Courier,TRK-1328-996,Delivered
997,1329,2025-05-13 15:06:53,2025-05-17,2025-05-17,Express Courier,TRK-1329-997,Delivered
998,1330,2025-10-08 10:21:14,2025-10-12,2025-10-11,Express Courier,TRK-1330-998,Delivered
999,1331,2025-07-25 01:00:28,2025-07-29,2025-07-27,Express Courier,TRK-1331-999,Delivered
1000,1333,2026-03-12 01:43:08,2026-03-16,2026-03-15,Standard Ground,TRK-1333-1000,Delivered
1001,1334,2024-08-22 21:25:53,2024-08-26,2024-08-26,Standard Ground,TRK-1334-1001,Delivered
1002,1335,2026-03-15 13:13:42,2026-03-19,2026-03-20,Express Courier,TRK-1335-1002,Delivered
1003,1336,2026-05-03 03:50:47,2026-05-07,2026-05-07,Standard Ground,TRK-1336-1003,Delivered
1004,1339,2026-08-29 06:21:00,2026-09-02,2026-09-01,Next-Day Air,TRK-1339-1004,Delivered
1005,1340,2025-12-29 07:24:01,2026-01-02,2026-01-01,Standard Ground,TRK-1340-1005,Delivered
1006,1341,2025-03-19 19:11:39,2025-03-23,2025-03-24,Next-Day Air,TRK-1341-1006,Delivered
1007,1343,2024-10-14 20:09:24,2024-10-18,2024-10-17,Standard Ground,TRK-1343-1007,Delivered
1008,1344,2026-03-07 18:59:23,2026-03-11,2026-03-09,Express Courier,TRK-1344-1008,Delivered
1009,1345,2025-02-04 21:08:25,2025-02-08,2025-02-08,Next-Day Air,TRK-1345-1009,Delivered
1010,1346,2026-04-03 20:29:30,2026-04-07,2026-04-07,Standard Ground,TRK-1346-1010,Delivered
1011,1348,2025-11-03 10:48:06,2025-11-07,2025-11-05,Next-Day Air,TRK-1348-1011,Delivered
1012,1349,2025-11-13 05:45:56,2025-11-17,2025-11-16,Express Courier,TRK-1349-1012,Delivered
1013,1350,2026-07-16 19:46:43,2026-07-20,2026-07-19,Next-Day Air,TRK-1350-1013,Delivered
1014,1352,2025-07-23 06:06:55,2025-07-27,,Express Courier,TRK-1352-1014,In Transit
1015,1353,2025-03-11 21:09:39,2025-03-15,2025-03-15,Express Courier,TRK-1353-1015,Delivered
1016,1354,2026-03-29 14:58:52,2026-04-02,2026-03-31,Express Courier,TRK-1354-1016,Delivered
1017,1355,2026-08-31 22:39:30,2026-09-04,2026-09-03,Express Courier,TRK-1355-1017,Delivered
1018,1357,2026-05-24 07:09:08,2026-05-28,2026-05-28,Standard Ground,TRK-1357-1018,Delivered
1019,1358,2026-06-30 07:40:28,2026-07-04,2026-07-03,Next-Day Air,TRK-1358-1019,Delivered
1020,1359,2026-01-12 04:31:11,2026-01-16,2026-01-16,Standard Ground,TRK-1359-1020,Delivered
1021,1360,2026-03-19 14:41:37,2026-03-23,2026-03-24,Express Courier,TRK-1360-1021,Delivered
1022,1361,2025-12-12 03:41:49,2025-12-16,2025-12-16,Express Courier,TRK-1361-1022,Delivered
1023,1364,2026-08-14 08:04:02,2026-08-18,2026-08-16,Express Courier,TRK-1364-1023,Delivered
1024,1365,2026-08-06 20:40:57,2026-08-10,,Express Courier,TRK-1365-1024,In Transit
1025,1367,2025-11-04 05:06:01,2025-11-08,2025-11-08,Standard Ground,TRK-1367-1025,Delivered
1026,1368,2024-03-13 03:09:15,2024-03-17,2024-03-15,Next-Day Air,TRK-1368-1026,Delivered
1027,1369,2026-08-01 19:06:22,2026-08-05,2026-08-04,Next-Day Air,TRK-1369-1027,Delivered
1028,1370,2024-07-27 17:07:19,2024-07-31,2024-07-29,Next-Day Air,TRK-1370-1028,Delivered
1029,1371,2026-05-16 10:27:21,2026-05-20,2026-05-20,Next-Day Air,TRK-1371-1029,Delivered
1030,1372,2026-07-10 19:29:10,2026-07-14,2026-07-12,Next-Day Air,TRK-1372-1030,Delivered
1031,1373,2024-03-14 10:31:15,2024-03-18,2024-03-16,Standard Ground,TRK-1373-1031,Delivered
1032,1374,2025-07-05 14:19:37,2025-07-09,2025-07-09,Express Courier,TRK-1374-1032,Delivered
1033,1375,2026-04-01 09:54:02,2026-04-05,2026-04-03,Express Courier,TRK-1375-1033,Delivered
1034,1377,2026-08-05 12:20:44,2026-08-09,2026-08-09,Standard Ground,TRK-1377-1034,Delivered
1035,1379,2026-01-19 10:35:00,2026-01-23,2026-01-22,Express Courier,TRK-1379-1035,Delivered
1036,1380,2026-08-10 14:09:53,2026-08-14,2026-08-12,Express Courier,TRK-1380-1036,Delivered
1037,1382,2024-09-28 09:50:49,2024-10-02,,Express Courier,TRK-1382-1037,In Transit
1038,1383,2026-03-01 03:36:43,2026-03-05,,Next-Day Air,TRK-1383-1038,In Transit
1039,1385,2026-04-10 06:15:59,2026-04-14,2026-04-13,Next-Day Air,TRK-1385-1039,Delivered
1040,1386,2026-05-21 03:51:43,2026-05-25,2026-05-23,Next-Day Air,TRK-1386-1040,Delivered
1041,1387,2026-01-30 16:32:52,2026-02-03,2026-02-02,Next-Day Air,TRK-1387-1041,Delivered
1042,1388,2026-05-23 07:34:59,2026-05-27,2026-05-28,Next-Day Air,TRK-1388-1042,Delivered
1043,1389,2026-07-28 23:26:30,2026-08-01,2026-07-30,Express Courier,TRK-1389-1043,Delivered
1044,1390,2026-09-01 05:02:13,2026-09-05,,Next-Day Air,TRK-1390-1044,In Transit
1045,1391,2025-02-03 23:30:45,2025-02-07,2025-02-05,Standard Ground,TRK-1391-1045,Delivered
1046,1392,2026-04-23 11:50:59,2026-04-27,2026-04-26,Express Courier,TRK-1392-1046,Delivered
1047,1393,2026-05-26 11:20:45,2026-05-30,2026-05-31,Express Courier,TRK-1393-1047,Delivered
1048,1394,2026-07-22 03:55:10,2026-07-26,2026-07-25,Next-Day Air,TRK-1394-1048,Delivered
1049,1395,2025-08-08 08:32:38,2025-08-12,2025-08-13,Express Courier,TRK-1395-1049,Delivered
1050,1396,2025-07-01 17:02:20,2025-07-05,2025-07-03,Standard Ground,TRK-1396-1050,Delivered
1051,1397,2026-04-13 12:33:26,2026-04-17,2026-04-16,Next-Day Air,TRK-1397-1051,Delivered
1052,1398,2026-07-15 18:15:59,2026-07-19,2026-07-18,Next-Day Air,TRK-1398-1052,Delivered
1053,1399,2026-08-26 18:46:44,2026-08-30,2026-08-28,Standard Ground,TRK-1399-1053,Delivered
1054,1400,2026-08-15 09:28:36,2026-08-19,2026-08-18,Next-Day Air,TRK-1400-1054,Delivered
1055,1401,2025-08-20 10:10:05,2025-08-24,2025-08-24,Express Courier,TRK-1401-1055,Delivered
1056,1402,2026-08-18 12:58:03,2026-08-22,,Standard Ground,TRK-1402-1056,In Transit
1057,1403,2025-02-15 12:23:01,2025-02-19,2025-02-20,Standard Ground,TRK-1403-1057,Delivered
1058,1404,2026-08-08 23:50:16,2026-08-12,2026-08-13,Next-Day Air,TRK-1404-1058,Delivered
1059,1405,2024-08-22 08:28:44,2024-08-26,2024-08-26,Next-Day Air,TRK-1405-1059,Delivered
1060,1407,2025-11-24 22:36:03,2025-11-28,2025-11-26,Standard Ground,TRK-1407-1060,Delivered
1061,1408,2024-03-28 13:14:07,2024-04-01,2024-04-01,Express Courier,TRK-1408-1061,Delivered
1062,1411,2026-08-02 22:55:21,2026-08-06,2026-08-04,Next-Day Air,TRK-1411-1062,Delivered
1063,1412,2024-02-23 02:12:04,2024-02-27,2024-02-26,Standard Ground,TRK-1412-1063,Delivered
1064,1413,2025-02-20 05:17:14,2025-02-24,2025-02-22,Standard Ground,TRK-1413-1064,Delivered
1065,1417,2025-02-05 14:10:58,2025-02-09,2025-02-07,Standard Ground,TRK-1417-1065,Delivered
1066,1418,2025-08-14 22:01:25,2025-08-18,2025-08-17,Express Courier,TRK-1418-1066,Delivered
1067,1419,2025-08-15 20:23:53,2025-08-19,,Next-Day Air,TRK-1419-1067,In Transit
1068,1420,2025-06-29 02:22:58,2025-07-03,2025-07-04,Standard Ground,TRK-1420-1068,Delivered
1069,1421,2025-04-19 17:49:25,2025-04-23,2025-04-22,Standard Ground,TRK-1421-1069,Delivered
1070,1423,2026-07-15 01:57:40,2026-07-19,,Standard Ground,TRK-1423-1070,In Transit
1071,1424,2025-10-12 13:15:21,2025-10-16,2025-10-16,Next-Day Air,TRK-1424-1071,Delivered
1072,1425,2026-03-28 14:58:40,2026-04-01,2026-03-30,Express Courier,TRK-1425-1072,Delivered
1073,1426,2025-09-25 20:40:15,2025-09-29,2025-09-29,Standard Ground,TRK-1426-1073,Delivered
1074,1429,2026-06-18 23:34:00,2026-06-22,,Standard Ground,TRK-1429-1074,In Transit
1075,1430,2026-05-18 23:02:50,2026-05-22,2026-05-20,Express Courier,TRK-1430-1075,Delivered
1076,1431,2026-01-02 07:04:01,2026-01-06,2026-01-07,Next-Day Air,TRK-1431-1076,Delivered
1077,1432,2026-08-29 06:15:06,2026-09-02,2026-09-02,Express Courier,TRK-1432-1077,Delivered
1078,1434,2025-05-07 15:28:57,2025-05-11,2025-05-10,Next-Day Air,TRK-1434-1078,Delivered
1079,1435,2026-05-03 20:54:47,2026-05-07,,Standard Ground,TRK-1435-1079,In Transit
1080,1436,2025-09-29 02:09:27,2025-10-03,2025-10-01,Express Courier,TRK-1436-1080,Delivered
1081,1441,2025-10-16 08:28:41,2025-10-20,,Standard Ground,TRK-1441-1081,In Transit
1082,1442,2026-06-07 08:43:34,2026-06-11,2026-06-09,Express Courier,TRK-1442-1082,Delivered
1083,1443,2026-04-14 13:55:09,2026-04-18,2026-04-17,Express Courier,TRK-1443-1083,Delivered
1084,1444,2026-05-15 21:48:36,2026-05-19,2026-05-18,Standard Ground,TRK-1444-1084,Delivered
1085,1446,2025-03-24 20:06:06,2025-03-28,2025-03-28,Express Courier,TRK-1446-1085,Delivered
1086,1447,2023-11-08 03:47:48,2023-11-12,2023-11-12,Next-Day Air,TRK-1447-1086,Delivered
1087,1449,2026-03-31 16:09:26,2026-04-04,2026-04-05,Express Courier,TRK-1449-1087,Delivered
1088,1451,2024-12-16 19:33:29,2024-12-20,2024-12-20,Standard Ground,TRK-1451-1088,Delivered
1089,1452,2025-03-13 10:07:50,2025-03-17,2025-03-16,Express Courier,TRK-1452-1089,Delivered
1090,1453,2025-09-15 21:32:59,2025-09-19,2025-09-20,Next-Day Air,TRK-1453-1090,Delivered
1091,1455,2025-05-11 01:48:18,2025-05-15,2025-05-14,Next-Day Air,TRK-1455-1091,Delivered
1092,1456,2026-08-13 01:40:08,2026-08-17,2026-08-17,Standard Ground,TRK-1456-1092,Delivered
1093,1457,2026-06-20 12:34:49,2026-06-24,2026-06-23,Standard Ground,TRK-1457-1093,Delivered
1094,1458,2026-05-17 22:05:58,2026-05-21,2026-05-21,Express Courier,TRK-1458-1094,Delivered
1095,1461,2026-06-05 12:09:20,2026-06-09,2026-06-10,Standard Ground,TRK-1461-1095,Delivered
1096,1462,2026-08-22 13:09:24,2026-08-26,2026-08-24,Standard Ground,TRK-1462-1096,Delivered
1097,1463,2024-02-26 21:56:58,2024-03-01,2024-02-28,Standard Ground,TRK-1463-1097,Delivered
1098,1464,2026-07-01 14:49:10,2026-07-05,2026-07-04,Express Courier,TRK-1464-1098,Delivered
1099,1466,2026-05-19 04:03:33,2026-05-23,2026-05-24,Express Courier,TRK-1466-1099,Delivered
1100,1469,2026-01-12 00:52:08,2026-01-16,2026-01-16,Express Courier,TRK-1469-1100,Delivered
1101,1471,2025-10-27 04:36:23,2025-10-31,2025-10-31,Express Courier,TRK-1471-1101,Delivered
1102,1473,2025-11-15 14:06:45,2025-11-19,2025-11-17,Express Courier,TRK-1473-1102,Delivered
1103,1474,2026-08-04 11:51:29,2026-08-08,2026-08-09,Standard Ground,TRK-1474-1103,Delivered
1104,1475,2024-09-26 05:52:31,2024-09-30,,Standard Ground,TRK-1475-1104,In Transit
1105,1477,2025-04-25 17:00:37,2025-04-29,2025-04-27,Express Courier,TRK-1477-1105,Delivered
1106,1478,2026-07-10 17:16:13,2026-07-14,2026-07-15,Express Courier,TRK-1478-1106,Delivered
1107,1479,2026-01-19 10:23:10,2026-01-23,2026-01-21,Express Courier,TRK-1479-1107,Delivered
1108,1480,2024-07-23 05:38:31,2024-07-27,,Next-Day Air,TRK-1480-1108,In Transit
1109,1481,2026-01-23 01:32:39,2026-01-27,2026-01-26,Express Courier,TRK-1481-1109,Delivered
1110,1482,2025-10-14 01:12:38,2025-10-18,2025-10-18,Next-Day Air,TRK-1482-1110,Delivered
1111,1483,2026-08-14 16:52:13,2026-08-18,2026-08-16,Express Courier,TRK-1483-1111,Delivered
1112,1484,2025-12-19 23:56:33,2025-12-23,2025-12-24,Next-Day Air,TRK-1484-1112,Delivered
1113,1486,2025-07-13 05:56:14,2025-07-17,2025-07-16,Express Courier,TRK-1486-1113,Delivered
1114,1489,2024-10-23 05:54:33,2024-10-27,2024-10-26,Next-Day Air,TRK-1489-1114,Delivered
1115,1490,2026-07-14 02:08:02,2026-07-18,,Standard Ground,TRK-1490-1115,In Transit
1116,1491,2025-02-18 06:05:54,2025-02-22,,Next-Day Air,TRK-1491-1116,In Transit
1117,1492,2026-05-29 18:18:07,2026-06-02,,Express Courier,TRK-1492-1117,In Transit
1118,1493,2026-04-30 07:26:22,2026-05-04,2026-05-04,Express Courier,TRK-1493-1118,Delivered
1119,1495,2026-03-18 18:44:20,2026-03-22,,Standard Ground,TRK-1495-1119,In Transit
1120,1496,2026-07-18 23:39:15,2026-07-22,2026-07-20,Express Courier,TRK-1496-1120,Delivered
1121,1499,2026-06-28 12:12:52,2026-07-02,2026-07-01,Standard Ground,TRK-1499-1121,Delivered
1122,1500,2026-04-07 03:25:27,2026-04-11,2026-04-09,Express Courier,TRK-1500-1122,Delivered
1123,1501,2026-03-28 08:59:21,2026-04-01,2026-04-01,Next-Day Air,TRK-1501-1123,Delivered
1124,1502,2026-05-26 14:36:03,2026-05-30,,Next-Day Air,TRK-1502-1124,In Transit
1125,1504,2026-07-06 00:39:37,2026-07-10,2026-07-09,Express Courier,TRK-1504-1125,Delivered
1126,1505,2026-07-09 22:03:54,2026-07-13,2026-07-11,Standard Ground,TRK-1505-1126,Delivered
1127,1507,2026-08-13 07:06:27,2026-08-17,,Express Courier,TRK-1507-1127,In Transit
1128,1508,2025-06-06 07:31:53,2025-06-10,2025-06-09,Next-Day Air,TRK-1508-1128,Delivered
1129,1509,2025-11-12 04:12:04,2025-11-16,2025-11-15,Standard Ground,TRK-1509-1129,Delivered
1130,1510,2026-03-20 16:42:32,2026-03-24,2026-03-23,Next-Day Air,TRK-1510-1130,Delivered
1131,1511,2026-07-29 14:43:11,2026-08-02,,Next-Day Air,TRK-1511-1131,In Transit
1132,1512,2026-07-13 23:59:45,2026-07-17,2026-07-15,Next-Day Air,TRK-1512-1132,Delivered
1133,1514,2026-07-01 14:15:31,2026-07-05,2026-07-04,Standard Ground,TRK-1514-1133,Delivered
1134,1517,2024-06-14 17:09:01,2024-06-18,2024-06-19,Express Courier,TRK-1517-1134,Delivered
1135,1518,2025-12-16 16:48:27,2025-12-20,2025-12-18,Next-Day Air,TRK-1518-1135,Delivered
1136,1519,2026-08-23 10:47:10,2026-08-27,2026-08-26,Standard Ground,TRK-1519-1136,Delivered
1137,1520,2024-07-13 11:26:25,2024-07-17,,Next-Day Air,TRK-1520-1137,In Transit
1138,1521,2026-02-22 06:30:25,2026-02-26,2026-02-26,Standard Ground,TRK-1521-1138,Delivered
1139,1522,2025-08-08 06:52:45,2025-08-12,2025-08-10,Next-Day Air,TRK-1522-1139,Delivered
1140,1523,2026-05-13 04:08:10,2026-05-17,2026-05-17,Express Courier,TRK-1523-1140,Delivered
1141,1524,2026-03-28 17:42:22,2026-04-01,2026-03-30,Express Courier,TRK-1524-1141,Delivered
1142,1525,2024-09-09 10:45:28,2024-09-13,2024-09-13,Standard Ground,TRK-1525-1142,Delivered
1143,1526,2026-07-13 15:53:20,2026-07-17,2026-07-17,Next-Day Air,TRK-1526-1143,Delivered
1144,1527,2026-08-18 10:35:43,2026-08-22,2026-08-20,Standard Ground,TRK-1527-1144,Delivered
1145,1529,2025-08-30 21:42:14,2025-09-03,2025-09-04,Standard Ground,TRK-1529-1145,Delivered
1146,1530,2025-07-26 07:54:39,2025-07-30,2025-07-29,Express Courier,TRK-1530-1146,Delivered
1147,1531,2025-04-28 07:53:39,2025-05-02,2025-05-03,Next-Day Air,TRK-1531-1147,Delivered
1148,1532,2025-05-20 20:03:38,2025-05-24,2025-05-25,Express Courier,TRK-1532-1148,Delivered
1149,1533,2026-08-29 14:11:55,2026-09-02,2026-08-31,Standard Ground,TRK-1533-1149,Delivered
1150,1534,2026-08-01 19:15:29,2026-08-05,2026-08-06,Standard Ground,TRK-1534-1150,Delivered
1151,1535,2026-01-09 06:20:24,2026-01-13,2026-01-12,Standard Ground,TRK-1535-1151,Delivered
1152,1536,2026-02-24 22:30:05,2026-02-28,2026-02-28,Next-Day Air,TRK-1536-1152,Delivered
1153,1537,2026-08-22 23:27:28,2026-08-26,2026-08-26,Standard Ground,TRK-1537-1153,Delivered
1154,1539,2025-07-02 22:25:49,2025-07-06,,Express Courier,TRK-1539-1154,In Transit
1155,1541,2025-01-30 22:55:30,2025-02-03,2025-02-01,Standard Ground,TRK-1541-1155,Delivered
1156,1542,2023-11-12 18:01:43,2023-11-16,2023-11-15,Next-Day Air,TRK-1542-1156,Delivered
1157,1543,2025-11-15 11:44:16,2025-11-19,2025-11-19,Standard Ground,TRK-1543-1157,Delivered
1158,1544,2025-08-12 07:00:02,2025-08-16,2025-08-14,Next-Day Air,TRK-1544-1158,Delivered
1159,1545,2023-11-16 04:18:12,2023-11-20,2023-11-18,Express Courier,TRK-1545-1159,Delivered
1160,1546,2026-01-19 20:00:28,2026-01-23,2026-01-24,Express Courier,TRK-1546-1160,Delivered
1161,1547,2025-02-21 21:02:34,2025-02-25,2025-02-23,Next-Day Air,TRK-1547-1161,Delivered
1162,1548,2025-06-01 04:48:44,2025-06-05,2025-06-05,Next-Day Air,TRK-1548-1162,Delivered
1163,1549,2025-12-19 12:14:14,2025-12-23,2025-12-23,Next-Day Air,TRK-1549-1163,Delivered
1164,1550,2026-01-13 14:01:18,2026-01-17,,Express Courier,TRK-1550-1164,In Transit
1165,1551,2025-01-13 06:21:10,2025-01-17,,Next-Day Air,TRK-1551-1165,In Transit
1166,1552,2025-06-28 22:38:33,2025-07-02,2025-07-03,Standard Ground,TRK-1552-1166,Delivered
1167,1553,2026-08-08 02:14:11,2026-08-12,2026-08-13,Standard Ground,TRK-1553-1167,Delivered
1168,1554,2024-04-30 03:00:04,2024-05-04,2024-05-03,Next-Day Air,TRK-1554-1168,Delivered
1169,1556,2026-08-22 12:36:23,2026-08-26,2026-08-27,Express Courier,TRK-1556-1169,Delivered
1170,1557,2026-08-15 03:51:44,2026-08-19,2026-08-18,Express Courier,TRK-1557-1170,Delivered
1171,1559,2023-11-01 17:36:02,2023-11-05,2023-11-05,Next-Day Air,TRK-1559-1171,Delivered
1172,1560,2026-06-20 18:28:50,2026-06-24,,Standard Ground,TRK-1560-1172,In Transit
1173,1562,2026-05-13 07:56:49,2026-05-17,2026-05-16,Standard Ground,TRK-1562-1173,Delivered
1174,1563,2026-08-11 22:59:18,2026-08-15,2026-08-15,Standard Ground,TRK-1563-1174,Delivered
1175,1564,2026-06-08 01:01:06,2026-06-12,2026-06-10,Next-Day Air,TRK-1564-1175,Delivered
1176,1566,2025-06-30 19:08:55,2025-07-04,2025-07-04,Standard Ground,TRK-1566-1176,Delivered
1177,1567,2026-01-19 08:12:26,2026-01-23,,Express Courier,TRK-1567-1177,In Transit
1178,1569,2026-02-25 07:44:29,2026-03-01,2026-02-27,Next-Day Air,TRK-1569-1178,Delivered
1179,1570,2025-12-09 22:07:38,2025-12-13,,Next-Day Air,TRK-1570-1179,In Transit
1180,1571,2025-11-08 15:01:25,2025-11-12,2025-11-12,Next-Day Air,TRK-1571-1180,Delivered
1181,1573,2026-01-20 09:20:24,2026-01-24,2026-01-23,Express Courier,TRK-1573-1181,Delivered
1182,1574,2025-11-13 03:46:32,2025-11-17,2025-11-16,Standard Ground,TRK-1574-1182,Delivered
1183,1575,2024-11-24 00:38:07,2024-11-28,2024-11-26,Standard Ground,TRK-1575-1183,Delivered
1184,1576,2026-06-21 00:57:59,2026-06-25,2026-06-24,Next-Day Air,TRK-1576-1184,Delivered
1185,1577,2026-05-15 13:18:30,2026-05-19,2026-05-18,Standard Ground,TRK-1577-1185,Delivered
1186,1578,2026-07-27 21:57:57,2026-07-31,2026-08-01,Next-Day Air,TRK-1578-1186,Delivered
1187,1579,2026-08-09 23:41:30,2026-08-13,2026-08-12,Next-Day Air,TRK-1579-1187,Delivered
1188,1580,2025-07-25 18:25:38,2025-07-29,2025-07-30,Express Courier,TRK-1580-1188,Delivered
1189,1581,2026-06-21 19:44:58,2026-06-25,2026-06-25,Express Courier,TRK-1581-1189,Delivered
1190,1582,2026-07-06 15:48:06,2026-07-10,2026-07-11,Next-Day Air,TRK-1582-1190,Delivered
1191,1583,2026-05-05 05:04:18,2026-05-09,2026-05-07,Standard Ground,TRK-1583-1191,Delivered
1192,1584,2024-04-30 16:57:16,2024-05-04,2024-05-03,Next-Day Air,TRK-1584-1192,Delivered
1193,1585,2025-12-30 14:14:10,2026-01-03,2026-01-03,Express Courier,TRK-1585-1193,Delivered
1194,1586,2025-09-30 16:55:27,2025-10-04,2025-10-03,Next-Day Air,TRK-1586-1194,Delivered
1195,1589,2026-02-23 16:15:19,2026-02-27,2026-02-28,Express Courier,TRK-1589-1195,Delivered
1196,1590,2026-02-05 06:47:33,2026-02-09,2026-02-09,Next-Day Air,TRK-1590-1196,Delivered
1197,1593,2026-08-24 14:10:41,2026-08-28,2026-08-27,Standard Ground,TRK-1593-1197,Delivered
1198,1594,2026-06-20 03:55:01,2026-06-24,2026-06-22,Express Courier,TRK-1594-1198,Delivered
1199,1595,2026-08-19 01:10:08,2026-08-23,2026-08-24,Express Courier,TRK-1595-1199,Delivered
1200,1597,2024-08-09 15:13:33,2024-08-13,2024-08-11,Standard Ground,TRK-1597-1200,Delivered
1201,1598,2026-07-03 09:35:14,2026-07-07,,Next-Day Air,TRK-1598-1201,In Transit
1202,1601,2025-10-11 10:18:26,2025-10-15,2025-10-15,Next-Day Air,TRK-1601-1202,Delivered
1203,1602,2026-02-08 20:22:04,2026-02-12,2026-02-11,Next-Day Air,TRK-1602-1203,Delivered
1204,1605,2025-07-14 23:02:08,2025-07-18,2025-07-17,Standard Ground,TRK-1605-1204,Delivered
1205,1607,2026-08-22 19:42:19,2026-08-26,2026-08-26,Express Courier,TRK-1607-1205,Delivered
1206,1608,2024-09-30 14:45:21,2024-10-04,2024-10-05,Standard Ground,TRK-1608-1206,Delivered
1207,1609,2024-09-09 13:48:39,2024-09-13,2024-09-12,Next-Day Air,TRK-1609-1207,Delivered
1208,1612,2026-06-11 02:08:05,2026-06-15,2026-06-15,Next-Day Air,TRK-1612-1208,Delivered
1209,1613,2026-06-11 13:38:28,2026-06-15,2026-06-15,Next-Day Air,TRK-1613-1209,Delivered
1210,1614,2026-04-03 20:59:54,2026-04-07,2026-04-07,Standard Ground,TRK-1614-1210,Delivered
1211,1615,2025-12-22 23:31:27,2025-12-26,2025-12-25,Standard Ground,TRK-1615-1211,Delivered
1212,1617,2026-08-01 05:33:51,2026-08-05,2026-08-06,Next-Day Air,TRK-1617-1212,Delivered
1213,1618,2026-08-31 10:00:15,2026-09-04,2026-09-04,Standard Ground,TRK-1618-1213,Delivered
1214,1619,2026-05-04 01:10:14,2026-05-08,2026-05-07,Next-Day Air,TRK-1619-1214,Delivered
1215,1620,2026-03-24 22:25:18,2026-03-28,2026-03-28,Standard Ground,TRK-1620-1215,Delivered
1216,1621,2025-09-19 00:29:41,2025-09-23,2025-09-21,Express Courier,TRK-1621-1216,Delivered
1217,1622,2026-05-26 02:34:35,2026-05-30,2026-05-31,Express Courier,TRK-1622-1217,Delivered
1218,1623,2026-02-28 03:01:08,2026-03-04,2026-03-03,Express Courier,TRK-1623-1218,Delivered
1219,1625,2026-03-25 18:02:57,2026-03-29,2026-03-27,Standard Ground,TRK-1625-1219,Delivered
1220,1626,2026-05-10 18:01:54,2026-05-14,2026-05-14,Standard Ground,TRK-1626-1220,Delivered
1221,1627,2026-08-17 18:00:40,2026-08-21,2026-08-21,Express Courier,TRK-1627-1221,Delivered
1222,1628,2024-12-01 15:47:34,2024-12-05,2024-12-03,Standard Ground,TRK-1628-1222,Delivered
1223,1630,2025-10-03 15:43:11,2025-10-07,2025-10-07,Standard Ground,TRK-1630-1223,Delivered
1224,1632,2026-03-21 11:13:09,2026-03-25,2026-03-23,Next-Day Air,TRK-1632-1224,Delivered
1225,1633,2024-10-25 19:32:54,2024-10-29,2024-10-29,Next-Day Air,TRK-1633-1225,Delivered
1226,1635,2026-05-10 05:00:08,2026-05-14,2026-05-13,Express Courier,TRK-1635-1226,Delivered
1227,1637,2026-07-08 23:20:33,2026-07-12,2026-07-12,Standard Ground,TRK-1637-1227,Delivered
1228,1639,2025-08-11 22:41:50,2025-08-15,2025-08-14,Next-Day Air,TRK-1639-1228,Delivered
1229,1640,2025-08-11 08:54:08,2025-08-15,2025-08-13,Express Courier,TRK-1640-1229,Delivered
1230,1641,2026-05-31 06:12:50,2026-06-04,2026-06-02,Express Courier,TRK-1641-1230,Delivered
1231,1643,2026-07-07 05:55:12,2026-07-11,2026-07-10,Next-Day Air,TRK-1643-1231,Delivered
1232,1646,2026-08-22 12:23:55,2026-08-26,,Next-Day Air,TRK-1646-1232,In Transit
1233,1648,2026-08-27 10:47:21,2026-08-31,2026-09-01,Standard Ground,TRK-1648-1233,Delivered
1234,1649,2026-03-07 15:54:19,2026-03-11,,Standard Ground,TRK-1649-1234,In Transit
1235,1650,2025-12-08 07:17:05,2025-12-12,2025-12-11,Express Courier,TRK-1650-1235,Delivered
1236,1651,2026-07-07 19:13:55,2026-07-11,2026-07-11,Standard Ground,TRK-1651-1236,Delivered
1237,1653,2024-02-13 07:30:17,2024-02-17,,Express Courier,TRK-1653-1237,In Transit
1238,1654,2026-04-01 10:21:20,2026-04-05,2026-04-04,Next-Day Air,TRK-1654-1238,Delivered
1239,1655,2026-05-28 02:54:06,2026-06-01,2026-05-30,Standard Ground,TRK-1655-1239,Delivered
1240,1656,2026-09-01 07:28:45,2026-09-05,2026-09-04,Standard Ground,TRK-1656-1240,Delivered
1241,1657,2026-07-05 05:54:04,2026-07-09,2026-07-10,Standard Ground,TRK-1657-1241,Delivered
1242,1658,2025-09-23 13:05:45,2025-09-27,2025-09-25,Next-Day Air,TRK-1658-1242,Delivered
1243,1659,2026-03-29 10:21:54,2026-04-02,2026-04-01,Standard Ground,TRK-1659-1243,Delivered
1244,1660,2025-01-10 05:17:08,2025-01-14,2025-01-13,Express Courier,TRK-1660-1244,Delivered
1245,1662,2026-04-29 02:01:02,2026-05-03,2026-05-03,Express Courier,TRK-1662-1245,Delivered
1246,1664,2026-01-24 06:24:51,2026-01-28,,Standard Ground,TRK-1664-1246,In Transit
1247,1666,2025-08-30 14:41:56,2025-09-03,2025-09-03,Standard Ground,TRK-1666-1247,Delivered
1248,1667,2026-09-02 09:25:25,2026-09-06,2026-09-05,Next-Day Air,TRK-1667-1248,Delivered
1249,1668,2025-04-07 10:20:11,2025-04-11,2025-04-12,Express Courier,TRK-1668-1249,Delivered
1250,1669,2025-12-05 12:37:11,2025-12-09,2025-12-08,Express Courier,TRK-1669-1250,Delivered
1251,1670,2026-05-22 10:34:51,2026-05-26,2026-05-25,Next-Day Air,TRK-1670-1251,Delivered
1252,1671,2026-08-05 12:06:06,2026-08-09,,Standard Ground,TRK-1671-1252,In Transit
1253,1672,2026-03-21 13:11:51,2026-03-25,2026-03-24,Standard Ground,TRK-1672-1253,Delivered
1254,1673,2026-01-09 03:24:18,2026-01-13,2026-01-13,Standard Ground,TRK-1673-1254,Delivered
1255,1674,2025-06-28 13:02:42,2025-07-02,2025-07-03,Standard Ground,TRK-1674-1255,Delivered
1256,1675,2026-04-14 11:15:44,2026-04-18,2026-04-17,Standard Ground,TRK-1675-1256,Delivered
1257,1676,2024-12-10 08:44:54,2024-12-14,,Express Courier,TRK-1676-1257,In Transit
1258,1679,2025-07-07 01:44:40,2025-07-11,2025-07-10,Next-Day Air,TRK-1679-1258,Delivered
1259,1680,2025-08-05 23:07:37,2025-08-09,2025-08-10,Standard Ground,TRK-1680-1259,Delivered
1260,1682,2026-07-27 14:59:16,2026-07-31,2026-07-31,Express Courier,TRK-1682-1260,Delivered
1261,1683,2026-06-14 03:27:40,2026-06-18,,Express Courier,TRK-1683-1261,In Transit
1262,1684,2026-08-23 23:54:25,2026-08-27,,Standard Ground,TRK-1684-1262,In Transit
1263,1685,2026-05-01 07:12:31,2026-05-05,2026-05-06,Standard Ground,TRK-1685-1263,Delivered
1264,1686,2026-05-15 18:24:14,2026-05-19,,Next-Day Air,TRK-1686-1264,In Transit
1265,1688,2025-02-08 00:16:39,2025-02-12,,Next-Day Air,TRK-1688-1265,In Transit
1266,1689,2026-01-15 06:44:05,2026-01-19,2026-01-20,Express Courier,TRK-1689-1266,Delivered
1267,1690,2024-08-22 22:17:39,2024-08-26,2024-08-26,Express Courier,TRK-1690-1267,Delivered
1268,1691,2025-04-20 13:34:20,2025-04-24,2025-04-25,Next-Day Air,TRK-1691-1268,Delivered
1269,1693,2025-02-28 05:51:13,2025-03-04,2025-03-03,Express Courier,TRK-1693-1269,Delivered
1270,1694,2026-07-16 22:50:00,2026-07-20,2026-07-21,Next-Day Air,TRK-1694-1270,Delivered
1271,1695,2025-09-05 11:06:59,2025-09-09,,Next-Day Air,TRK-1695-1271,In Transit
1272,1696,2025-11-29 23:25:38,2025-12-03,2025-12-04,Express Courier,TRK-1696-1272,Delivered
1273,1698,2025-03-14 13:21:04,2025-03-18,,Standard Ground,TRK-1698-1273,In Transit
1274,1699,2026-07-05 08:58:03,2026-07-09,,Standard Ground,TRK-1699-1274,In Transit
1275,1700,2026-08-03 10:28:30,2026-08-07,2026-08-08,Standard Ground,TRK-1700-1275,Delivered
1276,1702,2023-12-17 07:55:24,2023-12-21,2023-12-19,Express Courier,TRK-1702-1276,Delivered
1277,1703,2025-01-21 12:14:47,2025-01-25,2025-01-25,Express Courier,TRK-1703-1277,Delivered
1278,1705,2026-06-14 12:10:56,2026-06-18,2026-06-17,Next-Day Air,TRK-1705-1278,Delivered
1279,1707,2026-05-27 04:52:32,2026-05-31,2026-05-30,Express Courier,TRK-1707-1279,Delivered
1280,1708,2026-03-14 04:30:27,2026-03-18,2026-03-18,Next-Day Air,TRK-1708-1280,Delivered
1281,1709,2025-11-14 00:55:28,2025-11-18,2025-11-17,Express Courier,TRK-1709-1281,Delivered
1282,1710,2026-03-25 23:16:59,2026-03-29,2026-03-30,Next-Day Air,TRK-1710-1282,Delivered
1283,1712,2025-01-23 00:15:38,2025-01-27,2025-01-26,Standard Ground,TRK-1712-1283,Delivered
1284,1714,2026-07-21 08:30:25,2026-07-25,,Express Courier,TRK-1714-1284,In Transit
1285,1715,2025-12-11 20:58:47,2025-12-15,2025-12-13,Express Courier,TRK-1715-1285,Delivered
1286,1717,2025-11-30 05:16:24,2025-12-04,2025-12-02,Express Courier,TRK-1717-1286,Delivered
1287,1718,2026-02-16 16:44:28,2026-02-20,,Next-Day Air,TRK-1718-1287,In Transit
1288,1719,2025-08-22 18:52:52,2025-08-26,2025-08-25,Express Courier,TRK-1719-1288,Delivered
1289,1720,2025-11-02 01:05:46,2025-11-06,2025-11-06,Express Courier,TRK-1720-1289,Delivered
1290,1721,2025-06-19 04:43:11,2025-06-23,2025-06-21,Next-Day Air,TRK-1721-1290,Delivered
1291,1722,2025-07-01 17:13:17,2025-07-05,2025-07-05,Standard Ground,TRK-1722-1291,Delivered
1292,1723,2026-01-27 11:32:51,2026-01-31,2026-02-01,Next-Day Air,TRK-1723-1292,Delivered
1293,1724,2025-08-18 06:52:16,2025-08-22,2025-08-22,Next-Day Air,TRK-1724-1293,Delivered
1294,1725,2026-08-09 17:54:46,2026-08-13,2026-08-14,Next-Day Air,TRK-1725-1294,Delivered
1295,1726,2026-09-02 02:02:21,2026-09-06,2026-09-05,Standard Ground,TRK-1726-1295,Delivered
1296,1727,2025-08-30 08:26:50,2025-09-03,2025-09-02,Standard Ground,TRK-1727-1296,Delivered
1297,1729,2025-10-24 00:38:10,2025-10-28,,Standard Ground,TRK-1729-1297,In Transit
1298,1730,2025-10-27 11:49:43,2025-10-31,2025-10-31,Standard Ground,TRK-1730-1298,Delivered
1299,1731,2025-09-08 06:00:29,2025-09-12,2025-09-13,Next-Day Air,TRK-1731-1299,Delivered
1300,1733,2024-09-02 16:28:11,2024-09-06,2024-09-07,Standard Ground,TRK-1733-1300,Delivered
1301,1734,2026-04-19 23:55:41,2026-04-23,2026-04-22,Express Courier,TRK-1734-1301,Delivered
1302,1735,2025-04-27 11:16:18,2025-05-01,2025-05-01,Standard Ground,TRK-1735-1302,Delivered
1303,1736,2024-02-12 17:28:05,2024-02-16,2024-02-16,Express Courier,TRK-1736-1303,Delivered
1304,1738,2024-02-18 15:10:19,2024-02-22,,Next-Day Air,TRK-1738-1304,In Transit
1305,1739,2025-01-25 04:49:32,2025-01-29,2025-01-29,Next-Day Air,TRK-1739-1305,Delivered
1306,1740,2025-04-15 01:01:02,2025-04-19,2025-04-20,Standard Ground,TRK-1740-1306,Delivered
1307,1741,2025-02-15 14:02:27,2025-02-19,2025-02-17,Next-Day Air,TRK-1741-1307,Delivered
1308,1743,2024-06-09 02:17:55,2024-06-13,2024-06-12,Express Courier,TRK-1743-1308,Delivered
1309,1744,2026-08-23 17:55:08,2026-08-27,2026-08-25,Standard Ground,TRK-1744-1309,Delivered
1310,1745,2026-06-29 01:55:25,2026-07-03,2026-07-01,Express Courier,TRK-1745-1310,Delivered
1311,1746,2024-11-13 18:30:20,2024-11-17,2024-11-18,Next-Day Air,TRK-1746-1311,Delivered
1312,1747,2024-12-11 08:27:36,2024-12-15,2024-12-15,Express Courier,TRK-1747-1312,Delivered
1313,1749,2024-09-02 02:50:25,2024-09-06,2024-09-04,Standard Ground,TRK-1749-1313,Delivered
1314,1750,2025-01-10 11:41:49,2025-01-14,2025-01-15,Next-Day Air,TRK-1750-1314,Delivered
1315,1751,2025-12-02 17:30:12,2025-12-06,,Next-Day Air,TRK-1751-1315,In Transit
1316,1752,2025-10-25 06:19:07,2025-10-29,2025-10-30,Standard Ground,TRK-1752-1316,Delivered
1317,1753,2026-08-16 13:40:27,2026-08-20,2026-08-21,Standard Ground,TRK-1753-1317,Delivered
1318,1754,2025-06-09 22:10:16,2025-06-13,2025-06-13,Express Courier,TRK-1754-1318,Delivered
1319,1756,2024-11-03 15:35:39,2024-11-07,,Express Courier,TRK-1756-1319,In Transit
1320,1757,2026-01-25 14:07:41,2026-01-29,2026-01-29,Next-Day Air,TRK-1757-1320,Delivered
1321,1758,2026-02-20 21:14:47,2026-02-24,2026-02-22,Next-Day Air,TRK-1758-1321,Delivered
1322,1759,2025-05-19 23:55:57,2025-05-23,2025-05-21,Next-Day Air,TRK-1759-1322,Delivered
1323,1760,2026-04-22 06:19:07,2026-04-26,2026-04-24,Next-Day Air,TRK-1760-1323,Delivered
1324,1762,2026-08-22 17:47:45,2026-08-26,2026-08-27,Next-Day Air,TRK-1762-1324,Delivered
1325,1763,2025-06-18 16:51:36,2025-06-22,2025-06-20,Next-Day Air,TRK-1763-1325,Delivered
1326,1764,2025-10-20 21:35:00,2025-10-24,2025-10-24,Standard Ground,TRK-1764-1326,Delivered
1327,1765,2026-06-26 23:41:11,2026-06-30,2026-06-30,Express Courier,TRK-1765-1327,Delivered
1328,1766,2026-02-28 16:01:41,2026-03-04,2026-03-03,Next-Day Air,TRK-1766-1328,Delivered
1329,1768,2026-09-01 21:21:39,2026-09-05,,Standard Ground,TRK-1768-1329,In Transit
1330,1769,2026-01-25 01:40:55,2026-01-29,2026-01-30,Next-Day Air,TRK-1769-1330,Delivered
1331,1770,2024-12-16 16:30:33,2024-12-20,2024-12-18,Standard Ground,TRK-1770-1331,Delivered
1332,1772,2026-07-14 12:10:44,2026-07-18,2026-07-16,Next-Day Air,TRK-1772-1332,Delivered
1333,1773,2026-03-14 01:43:18,2026-03-18,,Express Courier,TRK-1773-1333,In Transit
1334,1777,2026-05-07 10:56:36,2026-05-11,2026-05-11,Standard Ground,TRK-1777-1334,Delivered
1335,1778,2026-07-24 20:12:35,2026-07-28,2026-07-26,Standard Ground,TRK-1778-1335,Delivered
1336,1781,2025-09-19 11:57:22,2025-09-23,2025-09-21,Express Courier,TRK-1781-1336,Delivered
1337,1782,2025-11-21 18:42:30,2025-11-25,2025-11-25,Standard Ground,TRK-1782-1337,Delivered
1338,1783,2026-03-02 11:27:09,2026-03-06,2026-03-06,Next-Day Air,TRK-1783-1338,Delivered
1339,1784,2026-05-06 21:31:20,2026-05-10,2026-05-10,Next-Day Air,TRK-1784-1339,Delivered
1340,1786,2026-08-17 08:47:33,2026-08-21,2026-08-21,Express Courier,TRK-1786-1340,Delivered
1341,1789,2026-08-31 12:44:29,2026-09-04,2026-09-05,Next-Day Air,TRK-1789-1341,Delivered
1342,1790,2026-05-07 13:53:43,2026-05-11,2026-05-10,Express Courier,TRK-1790-1342,Delivered
1343,1791,2026-03-27 12:15:43,2026-03-31,2026-03-30,Standard Ground,TRK-1791-1343,Delivered
1344,1793,2026-08-29 11:49:36,2026-09-02,2026-09-02,Express Courier,TRK-1793-1344,Delivered
1345,1794,2025-12-11 09:44:48,2025-12-15,2025-12-14,Standard Ground,TRK-1794-1345,Delivered
1346,1795,2026-07-05 06:10:16,2026-07-09,2026-07-08,Next-Day Air,TRK-1795-1346,Delivered
1347,1796,2024-12-04 18:57:15,2024-12-08,2024-12-06,Express Courier,TRK-1796-1347,Delivered
1348,1797,2026-08-24 12:22:22,2026-08-28,2026-08-28,Standard Ground,TRK-1797-1348,Delivered
1349,1799,2025-10-03 15:26:38,2025-10-07,,Next-Day Air,TRK-1799-1349,In Transit
1350,1800,2026-05-20 21:48:29,2026-05-24,2026-05-24,Standard Ground,TRK-1800-1350,Delivered
1351,1801,2026-04-29 21:05:33,2026-05-03,2026-05-02,Express Courier,TRK-1801-1351,Delivered
1352,1802,2026-07-31 23:08:48,2026-08-04,2026-08-04,Standard Ground,TRK-1802-1352,Delivered
1353,1803,2026-03-08 19:20:26,2026-03-12,2026-03-13,Next-Day Air,TRK-1803-1353,Delivered
1354,1804,2026-05-19 07:00:39,2026-05-23,,Next-Day Air,TRK-1804-1354,In Transit
1355,1805,2025-05-06 19:42:41,2025-05-10,2025-05-09,Next-Day Air,TRK-1805-1355,Delivered
1356,1808,2026-03-10 13:06:15,2026-03-14,,Standard Ground,TRK-1808-1356,In Transit
1357,1809,2026-07-07 22:21:46,2026-07-11,2026-07-10,Next-Day Air,TRK-1809-1357,Delivered
1358,1810,2026-06-25 18:51:22,2026-06-29,2026-06-30,Standard Ground,TRK-1810-1358,Delivered
1359,1811,2025-09-21 04:56:57,2025-09-25,2025-09-26,Standard Ground,TRK-1811-1359,Delivered
1360,1812,2026-06-26 17:49:01,2026-06-30,2026-07-01,Express Courier,TRK-1812-1360,Delivered
1361,1813,2026-04-25 21:14:56,2026-04-29,2026-04-30,Express Courier,TRK-1813-1361,Delivered
1362,1814,2026-03-30 03:27:48,2026-04-03,2026-04-01,Express Courier,TRK-1814-1362,Delivered
1363,1815,2024-07-25 21:52:40,2024-07-29,2024-07-27,Next-Day Air,TRK-1815-1363,Delivered
1364,1816,2025-07-28 03:28:56,2025-08-01,2025-08-01,Standard Ground,TRK-1816-1364,Delivered
1365,1818,2025-09-12 16:17:21,2025-09-16,2025-09-17,Standard Ground,TRK-1818-1365,Delivered
1366,1819,2026-02-15 11:04:11,2026-02-19,2026-02-19,Express Courier,TRK-1819-1366,Delivered
1367,1820,2026-05-17 03:05:28,2026-05-21,2026-05-19,Express Courier,TRK-1820-1367,Delivered
1368,1821,2026-07-18 15:13:54,2026-07-22,2026-07-21,Next-Day Air,TRK-1821-1368,Delivered
1369,1822,2026-06-18 12:15:30,2026-06-22,2026-06-20,Next-Day Air,TRK-1822-1369,Delivered
1370,1823,2026-08-16 18:44:42,2026-08-20,,Express Courier,TRK-1823-1370,In Transit
1371,1826,2025-07-26 02:41:38,2025-07-30,2025-07-31,Standard Ground,TRK-1826-1371,Delivered
1372,1827,2026-03-19 18:42:26,2026-03-23,2026-03-23,Next-Day Air,TRK-1827-1372,Delivered
1373,1828,2024-02-25 07:07:20,2024-02-29,2024-02-27,Standard Ground,TRK-1828-1373,Delivered
1374,1829,2026-04-05 05:57:53,2026-04-09,2026-04-09,Standard Ground,TRK-1829-1374,Delivered
1375,1830,2026-08-12 17:33:14,2026-08-16,2026-08-16,Express Courier,TRK-1830-1375,Delivered
1376,1831,2025-12-04 03:56:47,2025-12-08,2025-12-08,Standard Ground,TRK-1831-1376,Delivered
1377,1832,2025-02-07 22:45:26,2025-02-11,2025-02-12,Next-Day Air,TRK-1832-1377,Delivered
1378,1833,2026-06-05 11:43:57,2026-06-09,2026-06-07,Express Courier,TRK-1833-1378,Delivered
1379,1834,2026-08-08 10:57:39,2026-08-12,2026-08-11,Express Courier,TRK-1834-1379,Delivered
1380,1835,2026-03-11 02:13:21,2026-03-15,,Standard Ground,TRK-1835-1380,In Transit
1381,1837,2025-06-04 16:29:53,2025-06-08,2025-06-09,Standard Ground,TRK-1837-1381,Delivered
1382,1838,2026-03-08 10:34:05,2026-03-12,2026-03-11,Express Courier,TRK-1838-1382,Delivered
1383,1839,2025-07-07 11:30:53,2025-07-11,2025-07-10,Next-Day Air,TRK-1839-1383,Delivered
1384,1840,2024-10-14 12:40:01,2024-10-18,2024-10-19,Standard Ground,TRK-1840-1384,Delivered
1385,1841,2025-09-18 20:29:40,2025-09-22,2025-09-20,Express Courier,TRK-1841-1385,Delivered
1386,1842,2026-07-31 21:21:32,2026-08-04,2026-08-02,Next-Day Air,TRK-1842-1386,Delivered
1387,1843,2026-08-11 15:24:18,2026-08-15,2026-08-13,Express Courier,TRK-1843-1387,Delivered
1388,1844,2025-12-06 13:03:41,2025-12-10,2025-12-11,Next-Day Air,TRK-1844-1388,Delivered
1389,1845,2026-07-10 08:03:42,2026-07-14,2026-07-14,Express Courier,TRK-1845-1389,Delivered
1390,1846,2025-03-18 10:28:17,2025-03-22,2025-03-22,Standard Ground,TRK-1846-1390,Delivered
1391,1847,2025-10-14 21:50:59,2025-10-18,2025-10-16,Express Courier,TRK-1847-1391,Delivered
1392,1849,2024-09-20 06:34:22,2024-09-24,2024-09-25,Standard Ground,TRK-1849-1392,Delivered
1393,1850,2026-03-23 11:01:55,2026-03-27,2026-03-26,Next-Day Air,TRK-1850-1393,Delivered
1394,1851,2026-02-15 09:26:20,2026-02-19,,Next-Day Air,TRK-1851-1394,In Transit
1395,1853,2024-03-07 09:50:54,2024-03-11,2024-03-09,Next-Day Air,TRK-1853-1395,Delivered
1396,1855,2026-03-16 23:49:56,2026-03-20,2026-03-21,Express Courier,TRK-1855-1396,Delivered
1397,1856,2025-02-04 02:45:02,2025-02-08,2025-02-08,Standard Ground,TRK-1856-1397,Delivered
1398,1857,2025-02-06 09:36:46,2025-02-10,2025-02-10,Standard Ground,TRK-1857-1398,Delivered
1399,1859,2026-05-15 05:04:57,2026-05-19,2026-05-18,Next-Day Air,TRK-1859-1399,Delivered
1400,1860,2024-12-01 07:01:16,2024-12-05,2024-12-05,Standard Ground,TRK-1860-1400,Delivered
1401,1861,2024-12-30 22:12:37,2025-01-03,2025-01-01,Express Courier,TRK-1861-1401,Delivered
1402,1862,2025-12-02 20:07:28,2025-12-06,2025-12-07,Next-Day Air,TRK-1862-1402,Delivered
1403,1863,2025-09-14 14:25:49,2025-09-18,2025-09-18,Standard Ground,TRK-1863-1403,Delivered
1404,1864,2026-04-20 19:30:40,2026-04-24,,Standard Ground,TRK-1864-1404,In Transit
1405,1865,2025-02-04 23:31:44,2025-02-08,2025-02-09,Next-Day Air,TRK-1865-1405,Delivered
1406,1866,2025-03-29 03:41:17,2025-04-02,2025-04-02,Next-Day Air,TRK-1866-1406,Delivered
1407,1869,2026-01-18 23:05:38,2026-01-22,2026-01-21,Standard Ground,TRK-1869-1407,Delivered
1408,1870,2026-07-16 05:48:42,2026-07-20,2026-07-18,Express Courier,TRK-1870-1408,Delivered
1409,1871,2024-02-09 11:20:07,2024-02-13,2024-02-12,Next-Day Air,TRK-1871-1409,Delivered
1410,1873,2025-05-15 03:40:53,2025-05-19,2025-05-19,Next-Day Air,TRK-1873-1410,Delivered
1411,1875,2025-10-31 03:11:09,2025-11-04,,Next-Day Air,TRK-1875-1411,In Transit
1412,1876,2024-03-15 01:58:31,2024-03-19,2024-03-17,Express Courier,TRK-1876-1412,Delivered
1413,1877,2026-08-20 14:50:05,2026-08-24,2026-08-22,Next-Day Air,TRK-1877-1413,Delivered
1414,1879,2026-08-18 10:24:55,2026-08-22,2026-08-21,Standard Ground,TRK-1879-1414,Delivered
1415,1881,2026-03-19 06:33:01,2026-03-23,2026-03-21,Express Courier,TRK-1881-1415,Delivered
1416,1882,2026-04-04 20:55:57,2026-04-08,,Next-Day Air,TRK-1882-1416,In Transit
1417,1883,2026-07-29 15:09:17,2026-08-02,2026-08-01,Next-Day Air,TRK-1883-1417,Delivered
1418,1884,2026-08-14 17:30:49,2026-08-18,,Standard Ground,TRK-1884-1418,In Transit
1419,1885,2025-05-19 02:17:56,2025-05-23,2025-05-21,Standard Ground,TRK-1885-1419,Delivered
1420,1886,2026-04-03 14:54:03,2026-04-07,2026-04-06,Next-Day Air,TRK-1886-1420,Delivered
1421,1887,2025-10-10 13:32:02,2025-10-14,2025-10-12,Express Courier,TRK-1887-1421,Delivered
1422,1888,2025-12-14 02:07:24,2025-12-18,2025-12-16,Next-Day Air,TRK-1888-1422,Delivered
1423,1889,2026-05-12 12:58:45,2026-05-16,2026-05-15,Next-Day Air,TRK-1889-1423,Delivered
1424,1890,2026-01-09 15:25:32,2026-01-13,2026-01-13,Next-Day Air,TRK-1890-1424,Delivered
1425,1891,2024-05-12 12:28:26,2024-05-16,2024-05-15,Standard Ground,TRK-1891-1425,Delivered
1426,1893,2025-10-15 12:39:39,2025-10-19,,Next-Day Air,TRK-1893-1426,In Transit
1427,1894,2025-06-03 00:15:42,2025-06-07,2025-06-05,Express Courier,TRK-1894-1427,Delivered
1428,1895,2026-01-22 23:33:04,2026-01-26,2026-01-27,Express Courier,TRK-1895-1428,Delivered
1429,1896,2026-01-22 06:53:26,2026-01-26,2026-01-26,Next-Day Air,TRK-1896-1429,Delivered
1430,1897,2026-07-20 14:07:32,2026-07-24,2026-07-23,Express Courier,TRK-1897-1430,Delivered
1431,1898,2024-12-30 18:05:38,2025-01-03,2025-01-01,Express Courier,TRK-1898-1431,Delivered
1432,1899,2024-05-21 06:20:27,2024-05-25,2024-05-24,Express Courier,TRK-1899-1432,Delivered
1433,1900,2026-04-16 23:27:48,2026-04-20,2026-04-21,Next-Day Air,TRK-1900-1433,Delivered
1434,1902,2025-04-03 01:28:04,2025-04-07,2025-04-05,Standard Ground,TRK-1902-1434,Delivered
1435,1903,2026-08-14 22:45:33,2026-08-18,2026-08-18,Express Courier,TRK-1903-1435,Delivered
1436,1905,2026-03-25 16:35:09,2026-03-29,2026-03-28,Express Courier,TRK-1905-1436,Delivered
1437,1906,2025-10-10 02:29:56,2025-10-14,2025-10-15,Standard Ground,TRK-1906-1437,Delivered
1438,1907,2025-07-15 04:23:44,2025-07-19,2025-07-19,Express Courier,TRK-1907-1438,Delivered
1439,1908,2026-08-25 00:24:55,2026-08-29,2026-08-27,Next-Day Air,TRK-1908-1439,Delivered
1440,1909,2025-11-01 03:46:58,2025-11-05,2025-11-04,Standard Ground,TRK-1909-1440,Delivered
1441,1910,2025-11-21 11:25:11,2025-11-25,2025-11-25,Express Courier,TRK-1910-1441,Delivered
1442,1911,2026-08-26 09:48:46,2026-08-30,2026-08-29,Standard Ground,TRK-1911-1442,Delivered
1443,1913,2025-04-25 08:11:43,2025-04-29,2025-04-28,Standard Ground,TRK-1913-1443,Delivered
1444,1915,2025-07-29 16:46:11,2025-08-02,2025-08-03,Next-Day Air,TRK-1915-1444,Delivered
1445,1916,2026-03-01 00:18:18,2026-03-05,2026-03-06,Standard Ground,TRK-1916-1445,Delivered
1446,1917,2025-07-04 22:48:51,2025-07-08,2025-07-07,Express Courier,TRK-1917-1446,Delivered
1447,1918,2024-10-14 10:31:03,2024-10-18,2024-10-16,Express Courier,TRK-1918-1447,Delivered
1448,1919,2024-10-17 05:35:57,2024-10-21,2024-10-20,Next-Day Air,TRK-1919-1448,Delivered
1449,1920,2026-03-04 12:09:45,2026-03-08,2026-03-07,Standard Ground,TRK-1920-1449,Delivered
1450,1922,2026-04-19 09:45:51,2026-04-23,2026-04-21,Express Courier,TRK-1922-1450,Delivered
1451,1923,2025-08-19 07:21:17,2025-08-23,,Standard Ground,TRK-1923-1451,In Transit
1452,1925,2026-03-12 03:36:27,2026-03-16,2026-03-16,Next-Day Air,TRK-1925-1452,Delivered
1453,1926,2025-09-01 21:25:14,2025-09-05,2025-09-04,Next-Day Air,TRK-1926-1453,Delivered
1454,1927,2025-02-18 14:20:31,2025-02-22,2025-02-22,Next-Day Air,TRK-1927-1454,Delivered
1455,1928,2025-05-17 14:32:25,2025-05-21,2025-05-19,Standard Ground,TRK-1928-1455,Delivered
1456,1929,2025-02-02 15:15:56,2025-02-06,2025-02-04,Express Courier,TRK-1929-1456,Delivered
1457,1930,2026-08-26 15:10:28,2026-08-30,2026-08-28,Standard Ground,TRK-1930-1457,Delivered
1458,1931,2025-09-19 11:13:48,2025-09-23,2025-09-23,Standard Ground,TRK-1931-1458,Delivered
1459,1932,2025-07-01 09:17:59,2025-07-05,2025-07-06,Standard Ground,TRK-1932-1459,Delivered
1460,1933,2025-02-13 20:35:50,2025-02-17,2025-02-16,Next-Day Air,TRK-1933-1460,Delivered
1461,1934,2026-06-10 18:33:11,2026-06-14,2026-06-13,Next-Day Air,TRK-1934-1461,Delivered
1462,1935,2026-08-01 19:57:20,2026-08-05,2026-08-03,Express Courier,TRK-1935-1462,Delivered
1463,1936,2026-08-23 22:56:19,2026-08-27,2026-08-28,Express Courier,TRK-1936-1463,Delivered
1464,1937,2026-02-25 20:12:37,2026-03-01,2026-02-27,Express Courier,TRK-1937-1464,Delivered
1465,1938,2026-04-10 06:51:23,2026-04-14,2026-04-15,Standard Ground,TRK-1938-1465,Delivered
1466,1940,2023-10-23 14:01:17,2023-10-27,2023-10-26,Next-Day Air,TRK-1940-1466,Delivered
1467,1941,2025-12-05 14:40:22,2025-12-09,2025-12-10,Express Courier,TRK-1941-1467,Delivered
1468,1942,2026-06-11 01:07:13,2026-06-15,2026-06-16,Next-Day Air,TRK-1942-1468,Delivered
1469,1943,2026-07-05 10:48:29,2026-07-09,2026-07-10,Standard Ground,TRK-1943-1469,Delivered
1470,1944,2026-05-16 03:45:21,2026-05-20,2026-05-19,Standard Ground,TRK-1944-1470,Delivered
1471,1945,2024-08-30 07:22:46,2024-09-03,2024-09-02,Next-Day Air,TRK-1945-1471,Delivered
1472,1946,2026-04-09 21:49:48,2026-04-13,2026-04-12,Express Courier,TRK-1946-1472,Delivered
1473,1947,2026-04-02 13:10:16,2026-04-06,2026-04-07,Standard Ground,TRK-1947-1473,Delivered
1474,1948,2026-06-21 23:09:34,2026-06-25,2026-06-24,Standard Ground,TRK-1948-1474,Delivered
1475,1949,2024-09-04 00:35:24,2024-09-08,2024-09-06,Next-Day Air,TRK-1949-1475,Delivered
1476,1950,2026-08-25 13:17:39,2026-08-29,2026-08-30,Express Courier,TRK-1950-1476,Delivered
1477,1952,2026-06-11 06:02:00,2026-06-15,2026-06-13,Next-Day Air,TRK-1952-1477,Delivered
1478,1953,2026-06-03 07:27:29,2026-06-07,2026-06-08,Express Courier,TRK-1953-1478,Delivered
1479,1955,2026-07-21 20:30:28,2026-07-25,2026-07-23,Express Courier,TRK-1955-1479,Delivered
1480,1956,2026-06-28 21:53:59,2026-07-02,2026-07-03,Next-Day Air,TRK-1956-1480,Delivered
1481,1957,2024-09-25 17:40:36,2024-09-29,2024-09-29,Next-Day Air,TRK-1957-1481,Delivered
1482,1958,2026-04-02 09:26:36,2026-04-06,2026-04-05,Next-Day Air,TRK-1958-1482,Delivered
1483,1961,2025-10-08 05:45:00,2025-10-12,2025-10-13,Express Courier,TRK-1961-1483,Delivered
1484,1962,2026-08-10 02:46:12,2026-08-14,2026-08-15,Next-Day Air,TRK-1962-1484,Delivered
1485,1963,2025-04-26 09:12:16,2025-04-30,2025-04-29,Next-Day Air,TRK-1963-1485,Delivered
1486,1964,2025-12-08 00:17:02,2025-12-12,,Standard Ground,TRK-1964-1486,In Transit
1487,1965,2025-06-02 09:49:04,2025-06-06,2025-06-07,Standard Ground,TRK-1965-1487,Delivered
1488,1966,2026-08-13 06:31:07,2026-08-17,,Next-Day Air,TRK-1966-1488,In Transit
1489,1967,2025-09-30 07:43:55,2025-10-04,2025-10-05,Next-Day Air,TRK-1967-1489,Delivered
1490,1968,2025-10-08 07:53:42,2025-10-12,2025-10-13,Next-Day Air,TRK-1968-1490,Delivered
1491,1969,2026-01-19 12:28:29,2026-01-23,2026-01-21,Express Courier,TRK-1969-1491,Delivered
1492,1970,2026-07-25 23:10:03,2026-07-29,2026-07-30,Express Courier,TRK-1970-1492,Delivered
1493,1971,2026-03-18 04:59:07,2026-03-22,2026-03-22,Standard Ground,TRK-1971-1493,Delivered
1494,1972,2026-08-01 20:20:16,2026-08-05,2026-08-04,Standard Ground,TRK-1972-1494,Delivered
1495,1973,2026-06-21 09:35:29,2026-06-25,2026-06-24,Next-Day Air,TRK-1973-1495,Delivered
1496,1974,2025-04-14 07:22:29,2025-04-18,2025-04-16,Next-Day Air,TRK-1974-1496,Delivered
1497,1975,2025-09-25 20:53:50,2025-09-29,2025-09-27,Express Courier,TRK-1975-1497,Delivered
1498,1977,2026-05-15 23:28:25,2026-05-19,2026-05-20,Express Courier,TRK-1977-1498,Delivered
1499,1979,2026-03-23 13:58:22,2026-03-27,2026-03-27,Standard Ground,TRK-1979-1499,Delivered
1500,1981,2025-06-08 13:38:18,2025-06-12,2025-06-13,Express Courier,TRK-1981-1500,Delivered
1501,1984,2025-07-26 16:17:25,2025-07-30,2025-07-31,Next-Day Air,TRK-1984-1501,Delivered
1502,1985,2025-09-23 05:16:41,2025-09-27,2025-09-28,Next-Day Air,TRK-1985-1502,Delivered
1503,1986,2025-12-08 17:02:25,2025-12-12,2025-12-10,Standard Ground,TRK-1986-1503,Delivered
1504,1987,2026-02-18 09:18:44,2026-02-22,2026-02-20,Next-Day Air,TRK-1987-1504,Delivered
1505,1988,2025-10-17 09:05:12,2025-10-21,2025-10-22,Next-Day Air,TRK-1988-1505,Delivered
1506,1989,2026-08-18 01:05:44,2026-08-22,2026-08-23,Next-Day Air,TRK-1989-1506,Delivered
1507,1990,2026-08-03 14:02:16,2026-08-07,2026-08-08,Express Courier,TRK-1990-1507,Delivered
1508,1991,2026-07-04 16:36:16,2026-07-08,2026-07-06,Next-Day Air,TRK-1991-1508,Delivered
1509,1992,2026-03-02 15:09:38,2026-03-06,2026-03-06,Next-Day Air,TRK-1992-1509,Delivered
1510,1993,2026-08-28 09:32:50,2026-09-01,2026-08-30,Next-Day Air,TRK-1993-1510,Delivered
1511,1994,2025-08-27 10:06:36,2025-08-31,2025-08-31,Express Courier,TRK-1994-1511,Delivered
1512,1995,2026-06-06 15:20:25,2026-06-10,,Next-Day Air,TRK-1995-1512,In Transit
1513,1996,2025-03-12 05:43:53,2025-03-16,2025-03-14,Express Courier,TRK-1996-1513,Delivered
1514,1997,2025-10-21 17:39:31,2025-10-25,2025-10-23,Express Courier,TRK-1997-1514,Delivered
1515,1999,2025-10-11 16:40:43,2025-10-15,2025-10-13,Next-Day Air,TRK-1999-1515,Delivered
1516,2001,2026-07-25 22:53:58,2026-07-29,2026-07-29,Standard Ground,TRK-2001-1516,Delivered
1517,2003,2026-03-13 04:38:50,2026-03-17,2026-03-17,Next-Day Air,TRK-2003-1517,Delivered
1518,2006,2025-02-22 11:02:53,2025-02-26,2025-02-27,Next-Day Air,TRK-2006-1518,Delivered
1519,2007,2025-09-11 02:30:45,2025-09-15,2025-09-16,Standard Ground,TRK-2007-1519,Delivered
1520,2008,2026-05-29 21:16:13,2026-06-02,2026-06-01,Next-Day Air,TRK-2008-1520,Delivered
1521,2009,2026-08-16 22:54:23,2026-08-20,2026-08-18,Standard Ground,TRK-2009-1521,Delivered
1522,2010,2025-03-03 05:03:25,2025-03-07,2025-03-06,Express Courier,TRK-2010-1522,Delivered
1523,2011,2026-03-18 18:55:34,2026-03-22,2026-03-22,Next-Day Air,TRK-2011-1523,Delivered
1524,2012,2025-11-21 06:26:05,2025-11-25,2025-11-26,Express Courier,TRK-2012-1524,Delivered
1525,2013,2025-04-26 01:19:31,2025-04-30,2025-05-01,Express Courier,TRK-2013-1525,Delivered
1526,2014,2026-08-30 18:06:15,2026-09-03,2026-09-01,Express Courier,TRK-2014-1526,Delivered
1527,2015,2025-11-15 21:10:55,2025-11-19,2025-11-17,Next-Day Air,TRK-2015-1527,Delivered
1528,2016,2026-03-06 02:02:24,2026-03-10,2026-03-08,Express Courier,TRK-2016-1528,Delivered
1529,2018,2025-05-18 00:09:33,2025-05-22,2025-05-21,Standard Ground,TRK-2018-1529,Delivered
1530,2020,2025-04-21 03:04:10,2025-04-25,2025-04-23,Next-Day Air,TRK-2020-1530,Delivered
1531,2021,2026-05-25 18:11:00,2026-05-29,,Express Courier,TRK-2021-1531,In Transit
1532,2022,2026-06-27 13:38:43,2026-07-01,2026-07-01,Express Courier,TRK-2022-1532,Delivered
1533,2024,2026-05-02 00:52:40,2026-05-06,2026-05-05,Express Courier,TRK-2024-1533,Delivered
1534,2025,2026-02-04 16:42:33,2026-02-08,2026-02-06,Standard Ground,TRK-2025-1534,Delivered
1535,2028,2025-03-05 19:58:02,2025-03-09,,Express Courier,TRK-2028-1535,In Transit
1536,2029,2025-06-17 12:37:12,2025-06-21,2025-06-20,Standard Ground,TRK-2029-1536,Delivered
1537,2030,2026-04-29 20:55:14,2026-05-03,2026-05-03,Next-Day Air,TRK-2030-1537,Delivered
1538,2031,2026-06-30 02:37:38,2026-07-04,2026-07-02,Standard Ground,TRK-2031-1538,Delivered
1539,2033,2026-06-03 09:22:08,2026-06-07,2026-06-08,Next-Day Air,TRK-2033-1539,Delivered
1540,2034,2024-11-28 08:55:12,2024-12-02,2024-12-02,Express Courier,TRK-2034-1540,Delivered
1541,2035,2026-05-25 09:26:28,2026-05-29,2026-05-27,Standard Ground,TRK-2035-1541,Delivered
1542,2036,2026-04-04 21:31:10,2026-04-08,,Standard Ground,TRK-2036-1542,In Transit
1543,2038,2026-05-29 19:09:06,2026-06-02,,Standard Ground,TRK-2038-1543,In Transit
1544,2039,2025-09-26 13:14:02,2025-09-30,2025-09-29,Standard Ground,TRK-2039-1544,Delivered
1545,2040,2026-01-29 14:18:09,2026-02-02,2026-02-02,Next-Day Air,TRK-2040-1545,Delivered
1546,2041,2026-07-30 21:02:07,2026-08-03,2026-08-03,Next-Day Air,TRK-2041-1546,Delivered
1547,2042,2026-08-17 21:59:32,2026-08-21,2026-08-21,Express Courier,TRK-2042-1547,Delivered
1548,2043,2025-02-19 17:51:49,2025-02-23,2025-02-24,Express Courier,TRK-2043-1548,Delivered
1549,2045,2025-11-07 05:55:56,2025-11-11,2025-11-11,Express Courier,TRK-2045-1549,Delivered
1550,2046,2026-06-09 08:02:10,2026-06-13,2026-06-14,Express Courier,TRK-2046-1550,Delivered
1551,2048,2026-05-14 05:35:24,2026-05-18,2026-05-18,Next-Day Air,TRK-2048-1551,Delivered
1552,2050,2025-08-30 08:15:47,2025-09-03,2025-09-03,Next-Day Air,TRK-2050-1552,Delivered
1553,2052,2024-08-22 01:09:54,2024-08-26,2024-08-27,Standard Ground,TRK-2052-1553,Delivered
1554,2053,2026-08-01 20:08:57,2026-08-05,2026-08-05,Standard Ground,TRK-2053-1554,Delivered
1555,2054,2025-07-23 08:24:04,2025-07-27,,Standard Ground,TRK-2054-1555,In Transit
1556,2055,2025-04-08 12:50:18,2025-04-12,2025-04-12,Standard Ground,TRK-2055-1556,Delivered
1557,2058,2026-04-07 21:31:56,2026-04-11,2026-04-09,Express Courier,TRK-2058-1557,Delivered
1558,2059,2026-08-31 19:35:55,2026-09-04,2026-09-04,Standard Ground,TRK-2059-1558,Delivered
1559,2061,2026-04-17 14:32:42,2026-04-21,2026-04-22,Standard Ground,TRK-2061-1559,Delivered
1560,2063,2025-02-17 19:43:48,2025-02-21,2025-02-19,Standard Ground,TRK-2063-1560,Delivered
1561,2064,2026-04-14 04:02:41,2026-04-18,2026-04-16,Next-Day Air,TRK-2064-1561,Delivered
1562,2065,2026-06-14 00:06:56,2026-06-18,2026-06-16,Express Courier,TRK-2065-1562,Delivered
1563,2066,2025-05-06 23:57:11,2025-05-10,2025-05-08,Next-Day Air,TRK-2066-1563,Delivered
1564,2067,2025-06-25 09:01:10,2025-06-29,2025-06-28,Standard Ground,TRK-2067-1564,Delivered
1565,2068,2025-06-27 08:25:57,2025-07-01,2025-06-30,Next-Day Air,TRK-2068-1565,Delivered
1566,2069,2026-04-20 10:30:18,2026-04-24,2026-04-22,Next-Day Air,TRK-2069-1566,Delivered
1567,2070,2026-05-05 16:58:28,2026-05-09,2026-05-10,Next-Day Air,TRK-2070-1567,Delivered
1568,2071,2026-08-29 23:16:36,2026-09-02,2026-09-01,Express Courier,TRK-2071-1568,Delivered
1569,2072,2026-01-05 23:55:28,2026-01-09,2026-01-08,Express Courier,TRK-2072-1569,Delivered
1570,2076,2026-06-21 23:55:39,2026-06-25,2026-06-25,Express Courier,TRK-2076-1570,Delivered
1571,2078,2025-11-26 18:33:21,2025-11-30,,Standard Ground,TRK-2078-1571,In Transit
1572,2079,2024-11-07 11:34:09,2024-11-11,,Next-Day Air,TRK-2079-1572,In Transit
1573,2080,2024-12-09 01:13:15,2024-12-13,2024-12-14,Standard Ground,TRK-2080-1573,Delivered
1574,2081,2025-10-17 01:01:51,2025-10-21,2025-10-20,Express Courier,TRK-2081-1574,Delivered
1575,2082,2026-06-18 10:57:43,2026-06-22,2026-06-21,Express Courier,TRK-2082-1575,Delivered
1576,2083,2024-12-23 01:49:15,2024-12-27,2024-12-28,Standard Ground,TRK-2083-1576,Delivered
1577,2084,2026-08-23 10:34:51,2026-08-27,,Next-Day Air,TRK-2084-1577,In Transit
1578,2087,2025-01-06 00:51:28,2025-01-10,2025-01-11,Standard Ground,TRK-2087-1578,Delivered
1579,2089,2026-08-16 01:29:54,2026-08-20,2026-08-19,Express Courier,TRK-2089-1579,Delivered
1580,2091,2026-02-06 07:16:37,2026-02-10,,Express Courier,TRK-2091-1580,In Transit
1581,2092,2026-06-25 08:06:27,2026-06-29,2026-06-27,Express Courier,TRK-2092-1581,Delivered
1582,2093,2025-01-29 05:29:31,2025-02-02,2025-01-31,Standard Ground,TRK-2093-1582,Delivered
1583,2095,2026-06-07 07:58:39,2026-06-11,2026-06-11,Standard Ground,TRK-2095-1583,Delivered
1584,2096,2026-07-26 20:20:28,2026-07-30,2026-07-30,Express Courier,TRK-2096-1584,Delivered
1585,2097,2026-07-13 07:27:04,2026-07-17,2026-07-16,Standard Ground,TRK-2097-1585,Delivered
1586,2099,2026-08-24 00:29:06,2026-08-28,2026-08-28,Standard Ground,TRK-2099-1586,Delivered
1587,2101,2025-08-01 04:55:57,2025-08-05,2025-08-05,Standard Ground,TRK-2101-1587,Delivered
1588,2102,2026-03-11 06:27:18,2026-03-15,2026-03-15,Express Courier,TRK-2102-1588,Delivered
1589,2103,2026-02-03 01:54:33,2026-02-07,2026-02-07,Express Courier,TRK-2103-1589,Delivered
1590,2105,2026-01-19 19:26:25,2026-01-23,2026-01-23,Next-Day Air,TRK-2105-1590,Delivered
1591,2106,2026-07-28 21:06:14,2026-08-01,2026-07-30,Next-Day Air,TRK-2106-1591,Delivered
1592,2107,2026-08-19 06:02:27,2026-08-23,2026-08-21,Express Courier,TRK-2107-1592,Delivered
1593,2108,2025-11-08 06:35:43,2025-11-12,,Standard Ground,TRK-2108-1593,In Transit
1594,2109,2024-06-01 17:42:49,2024-06-05,2024-06-04,Express Courier,TRK-2109-1594,Delivered
1595,2112,2025-05-15 11:48:18,2025-05-19,2025-05-17,Next-Day Air,TRK-2112-1595,Delivered
1596,2113,2025-08-20 09:09:07,2025-08-24,2025-08-24,Next-Day Air,TRK-2113-1596,Delivered
1597,2114,2026-06-03 01:24:11,2026-06-07,,Next-Day Air,TRK-2114-1597,In Transit
1598,2115,2026-03-26 03:27:53,2026-03-30,2026-03-31,Express Courier,TRK-2115-1598,Delivered
1599,2116,2026-08-03 04:43:30,2026-08-07,2026-08-08,Express Courier,TRK-2116-1599,Delivered
1600,2117,2026-08-22 05:41:19,2026-08-26,2026-08-26,Next-Day Air,TRK-2117-1600,Delivered
1601,2118,2026-02-14 09:25:23,2026-02-18,2026-02-16,Standard Ground,TRK-2118-1601,Delivered
1602,2122,2026-05-24 12:53:07,2026-05-28,2026-05-28,Express Courier,TRK-2122-1602,Delivered
1603,2123,2026-07-11 11:26:55,2026-07-15,2026-07-13,Next-Day Air,TRK-2123-1603,Delivered
1604,2124,2025-12-10 04:51:44,2025-12-14,2025-12-15,Express Courier,TRK-2124-1604,Delivered
1605,2126,2025-10-11 00:17:03,2025-10-15,2025-10-14,Express Courier,TRK-2126-1605,Delivered
1606,2127,2026-01-18 08:29:57,2026-01-22,2026-01-23,Standard Ground,TRK-2127-1606,Delivered
1607,2128,2026-04-12 19:07:03,2026-04-16,2026-04-15,Express Courier,TRK-2128-1607,Delivered
1608,2129,2025-05-25 00:38:53,2025-05-29,2025-05-30,Express Courier,TRK-2129-1608,Delivered
1609,2131,2026-08-15 06:08:07,2026-08-19,2026-08-19,Next-Day Air,TRK-2131-1609,Delivered
1610,2132,2025-06-27 12:50:44,2025-07-01,,Express Courier,TRK-2132-1610,In Transit
1611,2133,2026-06-10 18:43:01,2026-06-14,2026-06-14,Standard Ground,TRK-2133-1611,Delivered
1612,2134,2024-09-05 14:12:18,2024-09-09,2024-09-07,Standard Ground,TRK-2134-1612,Delivered
1613,2135,2025-08-25 06:28:57,2025-08-29,2025-08-27,Express Courier,TRK-2135-1613,Delivered
1614,2136,2026-04-10 01:21:41,2026-04-14,2026-04-14,Next-Day Air,TRK-2136-1614,Delivered
1615,2137,2024-11-22 02:57:24,2024-11-26,2024-11-26,Next-Day Air,TRK-2137-1615,Delivered
1616,2138,2026-09-02 15:46:22,2026-09-06,2026-09-06,Next-Day Air,TRK-2138-1616,Delivered
1617,2139,2026-02-05 22:51:58,2026-02-09,2026-02-08,Standard Ground,TRK-2139-1617,Delivered
1618,2142,2026-04-28 13:47:46,2026-05-02,2026-05-03,Express Courier,TRK-2142-1618,Delivered
1619,2143,2026-04-09 20:15:14,2026-04-13,2026-04-11,Next-Day Air,TRK-2143-1619,Delivered
1620,2144,2026-08-22 02:58:25,2026-08-26,2026-08-26,Standard Ground,TRK-2144-1620,Delivered
1621,2145,2026-05-30 04:58:10,2026-06-03,2026-06-03,Express Courier,TRK-2145-1621,Delivered
1622,2146,2025-11-24 23:19:14,2025-11-28,2025-11-26,Standard Ground,TRK-2146-1622,Delivered
1623,2147,2024-10-22 08:23:02,2024-10-26,,Next-Day Air,TRK-2147-1623,In Transit
1624,2148,2025-12-17 15:22:46,2025-12-21,,Standard Ground,TRK-2148-1624,In Transit
1625,2149,2026-05-13 07:14:31,2026-05-17,2026-05-18,Next-Day Air,TRK-2149-1625,Delivered
1626,2150,2025-03-23 09:30:25,2025-03-27,2025-03-28,Express Courier,TRK-2150-1626,Delivered
1627,2151,2024-08-12 09:08:17,2024-08-16,2024-08-16,Express Courier,TRK-2151-1627,Delivered
1628,2153,2025-03-30 13:44:27,2025-04-03,2025-04-01,Express Courier,TRK-2153-1628,Delivered
1629,2155,2025-08-27 10:20:40,2025-08-31,,Standard Ground,TRK-2155-1629,In Transit
1630,2156,2026-03-22 23:14:41,2026-03-26,2026-03-24,Standard Ground,TRK-2156-1630,Delivered
1631,2157,2026-08-15 09:16:21,2026-08-19,2026-08-19,Express Courier,TRK-2157-1631,Delivered
1632,2158,2026-03-31 11:12:09,2026-04-04,2026-04-04,Standard Ground,TRK-2158-1632,Delivered
1633,2159,2025-09-26 06:04:12,2025-09-30,2025-09-29,Standard Ground,TRK-2159-1633,Delivered
1634,2160,2025-07-17 04:39:51,2025-07-21,2025-07-19,Next-Day Air,TRK-2160-1634,Delivered
1635,2161,2025-08-02 21:22:36,2025-08-06,2025-08-05,Standard Ground,TRK-2161-1635,Delivered
1636,2162,2026-04-10 02:45:52,2026-04-14,2026-04-12,Next-Day Air,TRK-2162-1636,Delivered
1637,2163,2025-10-09 08:56:32,2025-10-13,2025-10-12,Express Courier,TRK-2163-1637,Delivered
1638,2164,2026-05-05 01:34:31,2026-05-09,2026-05-07,Express Courier,TRK-2164-1638,Delivered
1639,2165,2025-11-15 03:25:50,2025-11-19,2025-11-20,Standard Ground,TRK-2165-1639,Delivered
1640,2166,2025-10-13 12:06:14,2025-10-17,2025-10-18,Next-Day Air,TRK-2166-1640,Delivered
1641,2168,2026-03-02 04:10:17,2026-03-06,2026-03-07,Express Courier,TRK-2168-1641,Delivered
1642,2169,2025-11-07 18:20:47,2025-11-11,2025-11-09,Next-Day Air,TRK-2169-1642,Delivered
1643,2171,2026-03-15 22:54:17,2026-03-19,,Standard Ground,TRK-2171-1643,In Transit
1644,2172,2024-03-14 16:05:29,2024-03-18,2024-03-16,Next-Day Air,TRK-2172-1644,Delivered
1645,2173,2025-03-22 00:49:32,2025-03-26,2025-03-25,Standard Ground,TRK-2173-1645,Delivered
1646,2174,2025-03-25 16:40:36,2025-03-29,2025-03-30,Express Courier,TRK-2174-1646,Delivered
1647,2175,2025-01-19 14:44:58,2025-01-23,2025-01-21,Next-Day Air,TRK-2175-1647,Delivered
1648,2176,2025-11-17 09:29:55,2025-11-21,2025-11-20,Next-Day Air,TRK-2176-1648,Delivered
1649,2177,2025-04-12 16:33:38,2025-04-16,2025-04-14,Standard Ground,TRK-2177-1649,Delivered
1650,2178,2025-03-28 17:02:26,2025-04-01,2025-04-02,Express Courier,TRK-2178-1650,Delivered
1651,2179,2026-07-11 02:00:01,2026-07-15,2026-07-16,Standard Ground,TRK-2179-1651,Delivered
1652,2180,2026-01-12 16:41:07,2026-01-16,2026-01-15,Next-Day Air,TRK-2180-1652,Delivered
1653,2181,2026-07-19 00:40:27,2026-07-23,2026-07-23,Express Courier,TRK-2181-1653,Delivered
1654,2182,2025-09-19 09:29:43,2025-09-23,2025-09-23,Express Courier,TRK-2182-1654,Delivered
1655,2184,2026-07-29 14:03:41,2026-08-02,2026-08-03,Standard Ground,TRK-2184-1655,Delivered
1656,2185,2026-01-31 23:32:18,2026-02-04,,Standard Ground,TRK-2185-1656,In Transit
1657,2187,2026-06-12 21:20:08,2026-06-16,2026-06-16,Standard Ground,TRK-2187-1657,Delivered
1658,2188,2026-06-17 21:05:34,2026-06-21,2026-06-19,Next-Day Air,TRK-2188-1658,Delivered
1659,2189,2026-01-15 15:43:10,2026-01-19,2026-01-20,Next-Day Air,TRK-2189-1659,Delivered
1660,2190,2026-07-19 08:00:48,2026-07-23,2026-07-22,Next-Day Air,TRK-2190-1660,Delivered
1661,2191,2025-08-08 10:36:25,2025-08-12,2025-08-12,Next-Day Air,TRK-2191-1661,Delivered
1662,2192,2025-03-29 20:05:20,2025-04-02,,Standard Ground,TRK-2192-1662,In Transit
1663,2194,2024-01-03 13:31:58,2024-01-07,2024-01-07,Standard Ground,TRK-2194-1663,Delivered
1664,2195,2026-08-27 08:26:44,2026-08-31,2026-08-31,Express Courier,TRK-2195-1664,Delivered
1665,2196,2025-10-25 07:07:20,2025-10-29,2025-10-29,Express Courier,TRK-2196-1665,Delivered
1666,2197,2026-08-09 11:25:01,2026-08-13,2026-08-13,Next-Day Air,TRK-2197-1666,Delivered
1667,2198,2024-07-24 13:45:33,2024-07-28,2024-07-28,Standard Ground,TRK-2198-1667,Delivered
1668,2199,2024-11-09 03:56:02,2024-11-13,,Standard Ground,TRK-2199-1668,In Transit
1669,2200,2026-01-24 09:30:50,2026-01-28,2026-01-27,Standard Ground,TRK-2200-1669,Delivered
1670,2201,2025-09-19 14:28:07,2025-09-23,,Standard Ground,TRK-2201-1670,In Transit
1671,2202,2026-06-25 16:46:26,2026-06-29,2026-06-27,Next-Day Air,TRK-2202-1671,Delivered
1672,2203,2026-05-25 02:38:07,2026-05-29,2026-05-29,Express Courier,TRK-2203-1672,Delivered
1673,2204,2026-05-03 17:25:36,2026-05-07,2026-05-07,Standard Ground,TRK-2204-1673,Delivered
1674,2205,2026-02-07 06:24:04,2026-02-11,,Next-Day Air,TRK-2205-1674,In Transit
1675,2207,2025-01-19 16:06:46,2025-01-23,2025-01-24,Express Courier,TRK-2207-1675,Delivered
1676,2210,2026-01-22 13:29:20,2026-01-26,2026-01-24,Standard Ground,TRK-2210-1676,Delivered
1677,2211,2025-04-01 02:20:44,2025-04-05,2025-04-05,Next-Day Air,TRK-2211-1677,Delivered
1678,2212,2026-04-23 14:08:13,2026-04-27,2026-04-28,Standard Ground,TRK-2212-1678,Delivered
1679,2214,2025-04-06 00:23:27,2025-04-10,2025-04-11,Next-Day Air,TRK-2214-1679,Delivered
1680,2215,2025-02-13 03:33:13,2025-02-17,2025-02-18,Express Courier,TRK-2215-1680,Delivered
1681,2216,2025-11-16 19:13:46,2025-11-20,2025-11-19,Standard Ground,TRK-2216-1681,Delivered
1682,2217,2026-06-07 07:55:57,2026-06-11,2026-06-11,Standard Ground,TRK-2217-1682,Delivered
1683,2218,2025-10-09 23:29:21,2025-10-13,2025-10-13,Next-Day Air,TRK-2218-1683,Delivered
1684,2219,2026-04-08 01:30:17,2026-04-12,2026-04-12,Standard Ground,TRK-2219-1684,Delivered
1685,2220,2025-03-15 10:12:20,2025-03-19,,Express Courier,TRK-2220-1685,In Transit
1686,2221,2025-04-06 03:13:21,2025-04-10,2025-04-11,Next-Day Air,TRK-2221-1686,Delivered
1687,2222,2026-07-21 08:04:37,2026-07-25,2026-07-23,Next-Day Air,TRK-2222-1687,Delivered
1688,2223,2025-08-06 14:06:52,2025-08-10,2025-08-08,Standard Ground,TRK-2223-1688,Delivered
1689,2224,2026-07-12 01:57:13,2026-07-16,2026-07-15,Standard Ground,TRK-2224-1689,Delivered
1690,2225,2026-08-23 09:38:12,2026-08-27,,Express Courier,TRK-2225-1690,In Transit
1691,2226,2024-07-31 13:02:23,2024-08-04,,Standard Ground,TRK-2226-1691,In Transit
1692,2228,2025-07-23 14:58:49,2025-07-27,2025-07-28,Next-Day Air,TRK-2228-1692,Delivered
1693,2229,2025-01-06 01:53:36,2025-01-10,2025-01-11,Express Courier,TRK-2229-1693,Delivered
1694,2230,2026-03-07 18:22:01,2026-03-11,2026-03-10,Next-Day Air,TRK-2230-1694,Delivered
1695,2231,2024-09-17 20:06:44,2024-09-21,2024-09-19,Express Courier,TRK-2231-1695,Delivered
1696,2233,2026-01-05 17:43:27,2026-01-09,2026-01-09,Next-Day Air,TRK-2233-1696,Delivered
1697,2234,2025-10-21 19:47:43,2025-10-25,,Express Courier,TRK-2234-1697,In Transit
1698,2235,2026-01-19 03:14:55,2026-01-23,2026-01-21,Express Courier,TRK-2235-1698,Delivered
1699,2237,2025-11-12 03:58:23,2025-11-16,,Express Courier,TRK-2237-1699,In Transit
1700,2238,2026-05-04 20:54:43,2026-05-08,2026-05-06,Standard Ground,TRK-2238-1700,Delivered
1701,2239,2025-08-29 19:02:28,2025-09-02,2025-08-31,Express Courier,TRK-2239-1701,Delivered
1702,2240,2026-08-04 16:10:09,2026-08-08,2026-08-08,Standard Ground,TRK-2240-1702,Delivered
1703,2241,2024-02-20 07:39:28,2024-02-24,2024-02-25,Standard Ground,TRK-2241-1703,Delivered
1704,2242,2026-01-27 18:20:40,2026-01-31,2026-01-31,Standard Ground,TRK-2242-1704,Delivered
1705,2243,2026-07-05 11:15:08,2026-07-09,2026-07-09,Standard Ground,TRK-2243-1705,Delivered
1706,2244,2026-08-09 02:58:39,2026-08-13,2026-08-12,Express Courier,TRK-2244-1706,Delivered
1707,2245,2026-08-30 01:32:58,2026-09-03,,Next-Day Air,TRK-2245-1707,In Transit
1708,2247,2026-01-04 21:35:26,2026-01-08,2026-01-07,Express Courier,TRK-2247-1708,Delivered
1709,2249,2025-11-12 18:23:04,2025-11-16,2025-11-15,Next-Day Air,TRK-2249-1709,Delivered
1710,2250,2026-06-28 07:19:59,2026-07-02,2026-07-01,Standard Ground,TRK-2250-1710,Delivered
1711,2251,2026-04-01 02:27:25,2026-04-05,2026-04-04,Standard Ground,TRK-2251-1711,Delivered
1712,2253,2026-06-20 08:23:09,2026-06-24,2026-06-25,Standard Ground,TRK-2253-1712,Delivered
1713,2254,2026-01-22 13:04:28,2026-01-26,2026-01-24,Standard Ground,TRK-2254-1713,Delivered
1714,2255,2026-02-21 23:50:24,2026-02-25,2026-02-26,Standard Ground,TRK-2255-1714,Delivered
1715,2256,2026-06-16 00:11:34,2026-06-20,2026-06-21,Standard Ground,TRK-2256-1715,Delivered
1716,2258,2026-03-24 16:21:38,2026-03-28,2026-03-28,Standard Ground,TRK-2258-1716,Delivered
1717,2259,2026-07-27 05:37:04,2026-07-31,2026-07-31,Express Courier,TRK-2259-1717,Delivered
1718,2260,2024-12-01 09:10:26,2024-12-05,,Express Courier,TRK-2260-1718,In Transit
1719,2262,2026-01-07 02:39:59,2026-01-11,2026-01-10,Standard Ground,TRK-2262-1719,Delivered
1720,2263,2026-01-13 22:40:11,2026-01-17,2026-01-18,Standard Ground,TRK-2263-1720,Delivered
1721,2264,2026-05-01 12:58:38,2026-05-05,2026-05-05,Express Courier,TRK-2264-1721,Delivered
1722,2265,2026-04-13 15:41:45,2026-04-17,2026-04-17,Standard Ground,TRK-2265-1722,Delivered
1723,2266,2024-09-03 17:29:33,2024-09-07,2024-09-07,Standard Ground,TRK-2266-1723,Delivered
1724,2268,2025-01-26 23:03:24,2025-01-30,2025-01-28,Standard Ground,TRK-2268-1724,Delivered
1725,2269,2025-05-25 14:11:19,2025-05-29,2025-05-27,Express Courier,TRK-2269-1725,Delivered
1726,2270,2025-04-24 18:12:58,2025-04-28,2025-04-26,Next-Day Air,TRK-2270-1726,Delivered
1727,2273,2026-07-19 16:25:25,2026-07-23,2026-07-22,Standard Ground,TRK-2273-1727,Delivered
1728,2274,2026-08-21 16:53:39,2026-08-25,2026-08-23,Express Courier,TRK-2274-1728,Delivered
1729,2275,2025-04-10 10:40:09,2025-04-14,2025-04-14,Express Courier,TRK-2275-1729,Delivered
1730,2276,2026-07-02 05:31:27,2026-07-06,2026-07-04,Express Courier,TRK-2276-1730,Delivered
1731,2277,2026-05-20 05:17:00,2026-05-24,2026-05-22,Next-Day Air,TRK-2277-1731,Delivered
1732,2279,2026-03-28 12:28:14,2026-04-01,2026-04-01,Next-Day Air,TRK-2279-1732,Delivered
1733,2281,2026-09-03 04:11:18,2026-09-07,2026-09-08,Express Courier,TRK-2281-1733,Delivered
1734,2282,2026-01-28 04:27:48,2026-02-01,,Express Courier,TRK-2282-1734,In Transit
1735,2284,2026-07-03 03:58:43,2026-07-07,2026-07-08,Express Courier,TRK-2284-1735,Delivered
1736,2286,2026-07-31 01:56:53,2026-08-04,2026-08-05,Standard Ground,TRK-2286-1736,Delivered
1737,2287,2026-08-13 07:43:10,2026-08-17,2026-08-15,Next-Day Air,TRK-2287-1737,Delivered
1738,2288,2026-03-13 03:41:09,2026-03-17,2026-03-15,Standard Ground,TRK-2288-1738,Delivered
1739,2289,2026-09-01 07:05:43,2026-09-05,2026-09-05,Standard Ground,TRK-2289-1739,Delivered
1740,2291,2026-06-28 08:31:02,2026-07-02,2026-07-01,Express Courier,TRK-2291-1740,Delivered
1741,2292,2026-08-08 02:49:57,2026-08-12,2026-08-13,Standard Ground,TRK-2292-1741,Delivered
1742,2293,2025-11-01 06:17:27,2025-11-05,2025-11-06,Standard Ground,TRK-2293-1742,Delivered
1743,2296,2026-08-26 03:10:32,2026-08-30,2026-08-31,Standard Ground,TRK-2296-1743,Delivered
1744,2297,2024-07-23 10:24:36,2024-07-27,2024-07-28,Next-Day Air,TRK-2297-1744,Delivered
1745,2298,2026-03-21 19:43:56,2026-03-25,2026-03-24,Standard Ground,TRK-2298-1745,Delivered
1746,2299,2025-07-26 11:24:45,2025-07-30,2025-07-31,Express Courier,TRK-2299-1746,Delivered
1747,2300,2026-03-20 20:31:48,2026-03-24,2026-03-24,Next-Day Air,TRK-2300-1747,Delivered
1748,2301,2026-02-24 02:55:06,2026-02-28,2026-02-26,Express Courier,TRK-2301-1748,Delivered
1749,2302,2026-02-27 17:22:56,2026-03-03,2026-03-02,Express Courier,TRK-2302-1749,Delivered
1750,2304,2026-05-10 21:35:20,2026-05-14,2026-05-15,Express Courier,TRK-2304-1750,Delivered
1751,2305,2025-08-12 14:09:08,2025-08-16,2025-08-15,Next-Day Air,TRK-2305-1751,Delivered
1752,2306,2026-05-22 02:45:57,2026-05-26,2026-05-24,Standard Ground,TRK-2306-1752,Delivered
1753,2307,2026-04-19 08:42:16,2026-04-23,2026-04-21,Standard Ground,TRK-2307-1753,Delivered
1754,2308,2026-09-02 08:08:26,2026-09-06,2026-09-04,Standard Ground,TRK-2308-1754,Delivered
1755,2309,2026-02-02 14:32:13,2026-02-06,2026-02-05,Express Courier,TRK-2309-1755,Delivered
1756,2310,2026-08-16 09:26:00,2026-08-20,2026-08-20,Express Courier,TRK-2310-1756,Delivered
1757,2311,2024-11-10 23:35:55,2024-11-14,2024-11-15,Next-Day Air,TRK-2311-1757,Delivered
1758,2312,2026-05-24 04:02:15,2026-05-28,2026-05-29,Next-Day Air,TRK-2312-1758,Delivered
1759,2314,2026-02-28 10:48:59,2026-03-04,2026-03-05,Next-Day Air,TRK-2314-1759,Delivered
1760,2315,2026-06-13 20:53:04,2026-06-17,,Next-Day Air,TRK-2315-1760,In Transit
1761,2316,2026-03-16 08:23:23,2026-03-20,2026-03-21,Next-Day Air,TRK-2316-1761,Delivered
1762,2317,2024-08-07 16:23:00,2024-08-11,2024-08-11,Standard Ground,TRK-2317-1762,Delivered
1763,2318,2025-12-29 21:28:15,2026-01-02,2025-12-31,Next-Day Air,TRK-2318-1763,Delivered
1764,2319,2025-03-06 09:40:59,2025-03-10,2025-03-10,Next-Day Air,TRK-2319-1764,Delivered
1765,2320,2025-11-03 17:32:37,2025-11-07,2025-11-05,Next-Day Air,TRK-2320-1765,Delivered
1766,2321,2024-08-29 12:59:59,2024-09-02,,Next-Day Air,TRK-2321-1766,In Transit
1767,2322,2026-08-23 10:30:57,2026-08-27,2026-08-28,Express Courier,TRK-2322-1767,Delivered
1768,2323,2024-12-16 23:51:01,2024-12-20,2024-12-21,Standard Ground,TRK-2323-1768,Delivered
1769,2324,2024-12-08 16:39:52,2024-12-12,2024-12-10,Express Courier,TRK-2324-1769,Delivered
1770,2325,2026-07-02 18:13:46,2026-07-06,2026-07-06,Express Courier,TRK-2325-1770,Delivered
1771,2326,2026-04-02 20:40:07,2026-04-06,,Next-Day Air,TRK-2326-1771,In Transit
1772,2328,2026-07-09 05:24:47,2026-07-13,2026-07-13,Express Courier,TRK-2328-1772,Delivered
1773,2329,2026-06-21 23:22:28,2026-06-25,2026-06-23,Express Courier,TRK-2329-1773,Delivered
1774,2330,2026-03-10 04:55:21,2026-03-14,2026-03-13,Next-Day Air,TRK-2330-1774,Delivered
1775,2331,2025-12-26 14:13:30,2025-12-30,,Express Courier,TRK-2331-1775,In Transit
1776,2332,2026-08-23 07:16:09,2026-08-27,2026-08-27,Standard Ground,TRK-2332-1776,Delivered
1777,2333,2026-08-05 04:24:46,2026-08-09,2026-08-09,Next-Day Air,TRK-2333-1777,Delivered
1778,2334,2026-08-08 01:24:02,2026-08-12,,Standard Ground,TRK-2334-1778,In Transit
1779,2336,2025-07-06 10:11:05,2025-07-10,2025-07-10,Next-Day Air,TRK-2336-1779,Delivered
1780,2339,2025-09-15 10:05:51,2025-09-19,2025-09-17,Next-Day Air,TRK-2339-1780,Delivered
1781,2340,2025-01-14 12:18:32,2025-01-18,2025-01-19,Standard Ground,TRK-2340-1781,Delivered
1782,2341,2024-03-08 03:45:48,2024-03-12,2024-03-11,Standard Ground,TRK-2341-1782,Delivered
1783,2342,2024-10-12 23:45:00,2024-10-16,2024-10-14,Next-Day Air,TRK-2342-1783,Delivered
1784,2343,2024-12-10 18:17:20,2024-12-14,2024-12-15,Express Courier,TRK-2343-1784,Delivered
1785,2344,2025-12-20 04:50:47,2025-12-24,,Next-Day Air,TRK-2344-1785,In Transit
1786,2345,2026-08-29 10:29:13,2026-09-02,2026-08-31,Express Courier,TRK-2345-1786,Delivered
1787,2346,2026-08-22 20:13:00,2026-08-26,2026-08-26,Express Courier,TRK-2346-1787,Delivered
1788,2347,2025-04-30 10:19:16,2025-05-04,2025-05-04,Standard Ground,TRK-2347-1788,Delivered
1789,2348,2026-07-01 12:18:11,2026-07-05,2026-07-04,Next-Day Air,TRK-2348-1789,Delivered
1790,2349,2026-08-31 07:20:23,2026-09-04,,Express Courier,TRK-2349-1790,In Transit
1791,2351,2026-07-03 22:22:15,2026-07-07,2026-07-05,Express Courier,TRK-2351-1791,Delivered
1792,2352,2026-03-28 23:39:17,2026-04-01,2026-03-30,Express Courier,TRK-2352-1792,Delivered
1793,2353,2026-01-28 09:41:59,2026-02-01,2026-02-02,Express Courier,TRK-2353-1793,Delivered
1794,2354,2025-03-30 17:26:15,2025-04-03,,Standard Ground,TRK-2354-1794,In Transit
1795,2355,2025-11-26 16:13:19,2025-11-30,2025-12-01,Express Courier,TRK-2355-1795,Delivered
1796,2358,2026-08-09 02:00:53,2026-08-13,2026-08-11,Express Courier,TRK-2358-1796,Delivered
1797,2359,2025-11-20 00:02:16,2025-11-24,2025-11-25,Express Courier,TRK-2359-1797,Delivered
1798,2360,2026-03-27 13:37:46,2026-03-31,2026-03-29,Express Courier,TRK-2360-1798,Delivered
1799,2361,2025-06-26 22:40:28,2025-06-30,2025-06-30,Express Courier,TRK-2361-1799,Delivered
1800,2362,2025-05-22 02:02:00,2025-05-26,2025-05-26,Standard Ground,TRK-2362-1800,Delivered
1801,2363,2025-01-09 22:50:43,2025-01-13,2025-01-13,Next-Day Air,TRK-2363-1801,Delivered
1802,2364,2026-01-09 19:32:01,2026-01-13,2026-01-11,Express Courier,TRK-2364-1802,Delivered
1803,2365,2026-03-23 22:23:25,2026-03-27,2026-03-25,Next-Day Air,TRK-2365-1803,Delivered
1804,2368,2025-06-06 14:47:28,2025-06-10,2025-06-11,Standard Ground,TRK-2368-1804,Delivered
1805,2369,2026-05-27 03:31:46,2026-05-31,2026-05-31,Standard Ground,TRK-2369-1805,Delivered
1806,2370,2024-10-06 22:12:50,2024-10-10,2024-10-11,Standard Ground,TRK-2370-1806,Delivered
1807,2371,2026-04-27 04:02:57,2026-05-01,2026-05-01,Standard Ground,TRK-2371-1807,Delivered
1808,2373,2026-07-15 12:48:02,2026-07-19,,Next-Day Air,TRK-2373-1808,In Transit
1809,2374,2026-01-28 20:06:47,2026-02-01,2026-02-02,Next-Day Air,TRK-2374-1809,Delivered
1810,2376,2026-05-20 03:14:57,2026-05-24,2026-05-25,Express Courier,TRK-2376-1810,Delivered
1811,2377,2026-08-02 16:42:56,2026-08-06,2026-08-04,Standard Ground,TRK-2377-1811,Delivered
1812,2379,2025-05-18 15:38:48,2025-05-22,2025-05-22,Express Courier,TRK-2379-1812,Delivered
1813,2380,2025-09-04 14:05:11,2025-09-08,2025-09-09,Standard Ground,TRK-2380-1813,Delivered
1814,2381,2025-10-06 16:24:35,2025-10-10,,Next-Day Air,TRK-2381-1814,In Transit
1815,2382,2026-08-03 01:42:04,2026-08-07,2026-08-08,Next-Day Air,TRK-2382-1815,Delivered
1816,2383,2025-10-30 03:53:37,2025-11-03,2025-11-03,Standard Ground,TRK-2383-1816,Delivered
1817,2384,2025-07-09 03:03:43,2025-07-13,2025-07-14,Next-Day Air,TRK-2384-1817,Delivered
1818,2385,2024-11-11 03:20:55,2024-11-15,2024-11-15,Express Courier,TRK-2385-1818,Delivered
1819,2386,2026-08-18 21:27:03,2026-08-22,2026-08-21,Next-Day Air,TRK-2386-1819,Delivered
1820,2387,2026-09-01 19:29:57,2026-09-05,2026-09-03,Express Courier,TRK-2387-1820,Delivered
1821,2389,2025-10-22 09:37:28,2025-10-26,2025-10-25,Standard Ground,TRK-2389-1821,Delivered
1822,2391,2026-03-15 12:17:19,2026-03-19,2026-03-20,Standard Ground,TRK-2391-1822,Delivered
1823,2392,2026-07-13 08:12:47,2026-07-17,2026-07-15,Next-Day Air,TRK-2392-1823,Delivered
1824,2393,2025-11-16 02:35:40,2025-11-20,2025-11-21,Express Courier,TRK-2393-1824,Delivered
1825,2394,2025-12-26 07:29:17,2025-12-30,,Express Courier,TRK-2394-1825,In Transit
1826,2395,2024-08-09 01:19:54,2024-08-13,2024-08-12,Next-Day Air,TRK-2395-1826,Delivered
1827,2397,2025-03-12 02:49:57,2025-03-16,2025-03-17,Next-Day Air,TRK-2397-1827,Delivered
1828,2398,2026-06-28 06:32:36,2026-07-02,2026-07-03,Express Courier,TRK-2398-1828,Delivered
1829,2399,2026-04-06 16:36:01,2026-04-10,2026-04-09,Standard Ground,TRK-2399-1829,Delivered
1830,2402,2026-01-02 13:30:36,2026-01-06,2026-01-05,Standard Ground,TRK-2402-1830,Delivered
1831,2403,2026-04-16 11:19:52,2026-04-20,2026-04-19,Express Courier,TRK-2403-1831,Delivered
1832,2404,2025-12-14 16:34:26,2025-12-18,2025-12-16,Next-Day Air,TRK-2404-1832,Delivered
1833,2405,2026-03-09 15:18:21,2026-03-13,2026-03-14,Standard Ground,TRK-2405-1833,Delivered
1834,2406,2026-08-03 21:40:12,2026-08-07,2026-08-06,Standard Ground,TRK-2406-1834,Delivered
1835,2407,2026-07-08 14:58:24,2026-07-12,2026-07-11,Next-Day Air,TRK-2407-1835,Delivered
1836,2408,2026-04-10 13:19:44,2026-04-14,2026-04-14,Next-Day Air,TRK-2408-1836,Delivered
1837,2409,2025-05-14 19:47:29,2025-05-18,,Standard Ground,TRK-2409-1837,In Transit
1838,2411,2025-12-10 03:28:31,2025-12-14,2025-12-13,Express Courier,TRK-2411-1838,Delivered
1839,2412,2025-07-06 17:30:33,2025-07-10,2025-07-11,Express Courier,TRK-2412-1839,Delivered
1840,2413,2024-12-08 15:01:30,2024-12-12,2024-12-11,Standard Ground,TRK-2413-1840,Delivered
1841,2414,2026-06-27 15:09:33,2026-07-01,2026-07-02,Next-Day Air,TRK-2414-1841,Delivered
1842,2415,2025-11-14 03:28:30,2025-11-18,2025-11-18,Standard Ground,TRK-2415-1842,Delivered
1843,2416,2026-05-24 04:12:03,2026-05-28,2026-05-27,Express Courier,TRK-2416-1843,Delivered
1844,2417,2025-11-18 00:27:26,2025-11-22,2025-11-23,Express Courier,TRK-2417-1844,Delivered
1845,2418,2026-04-10 21:57:10,2026-04-14,,Standard Ground,TRK-2418-1845,In Transit
1846,2419,2025-09-07 14:04:23,2025-09-11,2025-09-11,Express Courier,TRK-2419-1846,Delivered
1847,2420,2026-03-13 06:04:35,2026-03-17,,Standard Ground,TRK-2420-1847,In Transit
1848,2421,2026-08-18 08:26:23,2026-08-22,2026-08-22,Next-Day Air,TRK-2421-1848,Delivered
1849,2422,2025-10-28 03:58:48,2025-11-01,,Express Courier,TRK-2422-1849,In Transit
1850,2423,2026-08-21 07:04:19,2026-08-25,2026-08-24,Express Courier,TRK-2423-1850,Delivered
1851,2427,2024-09-08 21:41:10,2024-09-12,2024-09-12,Express Courier,TRK-2427-1851,Delivered
1852,2428,2025-10-13 16:07:47,2025-10-17,2025-10-15,Express Courier,TRK-2428-1852,Delivered
1853,2429,2026-06-06 08:17:03,2026-06-10,2026-06-09,Next-Day Air,TRK-2429-1853,Delivered
1854,2431,2024-05-23 04:50:56,2024-05-27,,Standard Ground,TRK-2431-1854,In Transit
1855,2432,2025-07-19 23:46:14,2025-07-23,2025-07-22,Standard Ground,TRK-2432-1855,Delivered
1856,2433,2026-04-27 05:22:45,2026-05-01,2026-05-01,Next-Day Air,TRK-2433-1856,Delivered
1857,2434,2025-03-27 07:43:49,2025-03-31,2025-03-29,Next-Day Air,TRK-2434-1857,Delivered
1858,2435,2026-01-05 23:29:51,2026-01-09,2026-01-07,Standard Ground,TRK-2435-1858,Delivered
1859,2436,2025-04-27 14:49:45,2025-05-01,2025-05-02,Standard Ground,TRK-2436-1859,Delivered
1860,2439,2025-09-16 08:23:58,2025-09-20,2025-09-20,Standard Ground,TRK-2439-1860,Delivered
1861,2441,2026-01-22 02:57:52,2026-01-26,2026-01-24,Standard Ground,TRK-2441-1861,Delivered
1862,2442,2023-11-19 00:49:41,2023-11-23,2023-11-24,Next-Day Air,TRK-2442-1862,Delivered
1863,2443,2025-01-13 09:07:24,2025-01-17,2025-01-15,Next-Day Air,TRK-2443-1863,Delivered
1864,2444,2026-05-17 21:19:09,2026-05-21,2026-05-22,Express Courier,TRK-2444-1864,Delivered
1865,2445,2024-12-07 14:45:55,2024-12-11,2024-12-12,Express Courier,TRK-2445-1865,Delivered
1866,2446,2026-08-26 23:46:52,2026-08-30,2026-08-30,Standard Ground,TRK-2446-1866,Delivered
1867,2447,2026-07-20 07:39:38,2026-07-24,2026-07-23,Express Courier,TRK-2447-1867,Delivered
1868,2448,2026-02-12 12:19:02,2026-02-16,2026-02-16,Express Courier,TRK-2448-1868,Delivered
1869,2449,2026-05-26 14:00:37,2026-05-30,2026-05-29,Express Courier,TRK-2449-1869,Delivered
1870,2451,2026-06-22 22:31:44,2026-06-26,2026-06-24,Standard Ground,TRK-2451-1870,Delivered
1871,2452,2025-05-02 06:15:25,2025-05-06,2025-05-06,Next-Day Air,TRK-2452-1871,Delivered
1872,2455,2025-10-20 05:12:29,2025-10-24,2025-10-22,Next-Day Air,TRK-2455-1872,Delivered
1873,2456,2026-07-17 01:37:05,2026-07-21,2026-07-21,Next-Day Air,TRK-2456-1873,Delivered
1874,2457,2026-03-05 17:17:42,2026-03-09,2026-03-07,Express Courier,TRK-2457-1874,Delivered
1875,2458,2025-08-26 23:57:05,2025-08-30,2025-08-29,Express Courier,TRK-2458-1875,Delivered
1876,2459,2024-07-14 19:48:11,2024-07-18,2024-07-19,Standard Ground,TRK-2459-1876,Delivered
1877,2460,2026-01-26 22:49:48,2026-01-30,2026-01-28,Next-Day Air,TRK-2460-1877,Delivered
1878,2461,2026-04-26 18:12:00,2026-04-30,2026-04-30,Express Courier,TRK-2461-1878,Delivered
1879,2462,2026-05-22 14:36:26,2026-05-26,2026-05-24,Standard Ground,TRK-2462-1879,Delivered
1880,2463,2025-06-07 03:33:27,2025-06-11,2025-06-12,Next-Day Air,TRK-2463-1880,Delivered
1881,2465,2025-12-20 03:51:34,2025-12-24,2025-12-25,Express Courier,TRK-2465-1881,Delivered
1882,2466,2025-12-24 22:51:19,2025-12-28,2025-12-29,Next-Day Air,TRK-2466-1882,Delivered
1883,2467,2025-07-30 22:24:55,2025-08-03,2025-08-04,Express Courier,TRK-2467-1883,Delivered
1884,2468,2026-03-24 17:12:45,2026-03-28,2026-03-26,Express Courier,TRK-2468-1884,Delivered
1885,2469,2026-04-22 11:38:13,2026-04-26,2026-04-26,Express Courier,TRK-2469-1885,Delivered
1886,2470,2026-08-11 13:46:43,2026-08-15,2026-08-13,Next-Day Air,TRK-2470-1886,Delivered
1887,2471,2026-07-16 11:38:19,2026-07-20,2026-07-20,Next-Day Air,TRK-2471-1887,Delivered
1888,2472,2026-01-29 04:21:09,2026-02-02,2026-02-01,Express Courier,TRK-2472-1888,Delivered
1889,2473,2025-07-02 18:09:26,2025-07-06,2025-07-05,Express Courier,TRK-2473-1889,Delivered
1890,2474,2025-05-29 21:27:41,2025-06-02,2025-06-03,Standard Ground,TRK-2474-1890,Delivered
1891,2475,2026-05-21 05:30:12,2026-05-25,2026-05-24,Standard Ground,TRK-2475-1891,Delivered
1892,2476,2025-01-16 03:55:42,2025-01-20,,Next-Day Air,TRK-2476-1892,In Transit
1893,2477,2026-09-02 05:25:36,2026-09-06,2026-09-04,Express Courier,TRK-2477-1893,Delivered
1894,2479,2025-06-04 05:45:35,2025-06-08,2025-06-07,Standard Ground,TRK-2479-1894,Delivered
1895,2481,2026-01-23 13:00:46,2026-01-27,2026-01-27,Next-Day Air,TRK-2481-1895,Delivered
1896,2484,2024-12-09 04:33:45,2024-12-13,2024-12-13,Express Courier,TRK-2484-1896,Delivered
1897,2485,2025-12-03 18:09:39,2025-12-07,2025-12-06,Express Courier,TRK-2485-1897,Delivered
1898,2486,2026-04-21 07:04:15,2026-04-25,2026-04-23,Express Courier,TRK-2486-1898,Delivered
1899,2487,2026-04-11 00:59:37,2026-04-15,2026-04-14,Standard Ground,TRK-2487-1899,Delivered
1900,2488,2026-01-31 05:40:28,2026-02-04,2026-02-02,Standard Ground,TRK-2488-1900,Delivered
1901,2490,2026-07-07 23:39:51,2026-07-11,2026-07-10,Next-Day Air,TRK-2490-1901,Delivered
1902,2491,2025-06-11 22:33:17,2025-06-15,2025-06-16,Next-Day Air,TRK-2491-1902,Delivered
1903,2492,2025-02-25 23:09:48,2025-03-01,,Standard Ground,TRK-2492-1903,In Transit
1904,2493,2026-09-01 22:51:00,2026-09-05,2026-09-06,Express Courier,TRK-2493-1904,Delivered
1905,2494,2025-02-12 12:54:04,2025-02-16,2025-02-15,Next-Day Air,TRK-2494-1905,Delivered
1906,2495,2026-06-27 22:33:55,2026-07-01,2026-07-02,Standard Ground,TRK-2495-1906,Delivered
1907,2496,2025-01-29 15:34:40,2025-02-02,2025-02-02,Express Courier,TRK-2496-1907,Delivered
1908,2497,2026-02-28 20:07:02,2026-03-04,2026-03-04,Next-Day Air,TRK-2497-1908,Delivered
1909,2498,2026-05-18 15:20:02,2026-05-22,2026-05-23,Standard Ground,TRK-2498-1909,Delivered
1910,2499,2026-07-13 10:11:40,2026-07-17,2026-07-17,Next-Day Air,TRK-2499-1910,Delivered
1911,2500,2026-07-22 22:36:31,2026-07-26,,Next-Day Air,TRK-2500-1911,In Transit
1912,2502,2026-07-16 10:38:28,2026-07-20,2026-07-18,Next-Day Air,TRK-2502-1912,Delivered
1913,2504,2024-04-27 06:26:49,2024-05-01,2024-04-30,Standard Ground,TRK-2504-1913,Delivered
1914,2505,2025-04-14 15:56:15,2025-04-18,2025-04-17,Standard Ground,TRK-2505-1914,Delivered
1915,2507,2025-08-14 03:54:47,2025-08-18,,Next-Day Air,TRK-2507-1915,In Transit
1916,2508,2026-08-21 12:49:39,2026-08-25,2026-08-26,Next-Day Air,TRK-2508-1916,Delivered
1917,2509,2026-02-25 19:54:01,2026-03-01,,Next-Day Air,TRK-2509-1917,In Transit
1918,2510,2026-07-01 09:00:36,2026-07-05,,Standard Ground,TRK-2510-1918,In Transit
1919,2511,2026-09-02 11:29:07,2026-09-06,2026-09-07,Standard Ground,TRK-2511-1919,Delivered
1920,2512,2024-10-02 18:01:31,2024-10-06,2024-10-05,Next-Day Air,TRK-2512-1920,Delivered
1921,2513,2024-10-02 23:04:38,2024-10-06,2024-10-04,Express Courier,TRK-2513-1921,Delivered
1922,2515,2025-01-02 05:38:50,2025-01-06,2025-01-06,Standard Ground,TRK-2515-1922,Delivered
1923,2516,2026-06-16 20:35:53,2026-06-20,2026-06-21,Standard Ground,TRK-2516-1923,Delivered
1924,2517,2025-11-23 09:34:15,2025-11-27,2025-11-26,Express Courier,TRK-2517-1924,Delivered
1925,2519,2026-01-26 02:48:50,2026-01-30,,Express Courier,TRK-2519-1925,In Transit
1926,2520,2026-01-09 10:06:38,2026-01-13,2026-01-11,Standard Ground,TRK-2520-1926,Delivered
1927,2521,2026-08-07 13:01:57,2026-08-11,2026-08-10,Express Courier,TRK-2521-1927,Delivered
1928,2522,2024-12-16 05:59:28,2024-12-20,2024-12-19,Express Courier,TRK-2522-1928,Delivered
1929,2524,2025-06-19 04:30:51,2025-06-23,,Standard Ground,TRK-2524-1929,In Transit
1930,2525,2026-08-23 21:54:35,2026-08-27,2026-08-25,Standard Ground,TRK-2525-1930,Delivered
1931,2526,2025-11-10 02:33:08,2025-11-14,,Next-Day Air,TRK-2526-1931,In Transit
1932,2527,2026-02-09 21:15:24,2026-02-13,2026-02-14,Standard Ground,TRK-2527-1932,Delivered
1933,2528,2025-09-11 15:29:18,2025-09-15,2025-09-14,Standard Ground,TRK-2528-1933,Delivered
1934,2529,2025-12-17 05:51:19,2025-12-21,2025-12-22,Express Courier,TRK-2529-1934,Delivered
1935,2530,2025-08-03 02:32:24,2025-08-07,2025-08-07,Express Courier,TRK-2530-1935,Delivered
1936,2531,2026-01-06 18:41:45,2026-01-10,,Standard Ground,TRK-2531-1936,In Transit
1937,2532,2026-05-03 03:21:58,2026-05-07,2026-05-08,Standard Ground,TRK-2532-1937,Delivered
1938,2534,2024-12-24 17:57:13,2024-12-28,2024-12-29,Next-Day Air,TRK-2534-1938,Delivered
1939,2535,2026-04-04 06:23:52,2026-04-08,2026-04-07,Express Courier,TRK-2535-1939,Delivered
1940,2536,2024-12-07 03:30:17,2024-12-11,2024-12-10,Express Courier,TRK-2536-1940,Delivered
1941,2537,2026-02-03 16:08:12,2026-02-07,2026-02-05,Express Courier,TRK-2537-1941,Delivered
1942,2539,2024-10-27 01:54:00,2024-10-31,2024-10-29,Standard Ground,TRK-2539-1942,Delivered
1943,2540,2025-02-13 19:03:39,2025-02-17,2025-02-18,Next-Day Air,TRK-2540-1943,Delivered
1944,2541,2025-10-31 13:24:37,2025-11-04,,Standard Ground,TRK-2541-1944,In Transit
1945,2542,2026-06-07 14:11:27,2026-06-11,2026-06-09,Next-Day Air,TRK-2542-1945,Delivered
1946,2543,2025-01-23 01:16:31,2025-01-27,2025-01-26,Standard Ground,TRK-2543-1946,Delivered
1947,2544,2026-06-23 22:34:25,2026-06-27,2026-06-25,Express Courier,TRK-2544-1947,Delivered
1948,2546,2025-11-16 02:22:30,2025-11-20,2025-11-20,Standard Ground,TRK-2546-1948,Delivered
1949,2547,2026-05-11 02:14:17,2026-05-15,2026-05-15,Express Courier,TRK-2547-1949,Delivered
1950,2548,2026-07-30 15:44:19,2026-08-03,2026-08-02,Standard Ground,TRK-2548-1950,Delivered
1951,2549,2026-07-08 02:41:28,2026-07-12,2026-07-13,Express Courier,TRK-2549-1951,Delivered
1952,2551,2024-12-08 07:20:40,2024-12-12,2024-12-13,Next-Day Air,TRK-2551-1952,Delivered
1953,2552,2026-03-28 22:18:02,2026-04-01,2026-03-30,Express Courier,TRK-2552-1953,Delivered
1954,2553,2024-08-24 21:27:02,2024-08-28,2024-08-28,Standard Ground,TRK-2553-1954,Delivered
1955,2554,2025-09-30 07:56:19,2025-10-04,2025-10-04,Express Courier,TRK-2554-1955,Delivered
1956,2555,2024-11-02 05:15:23,2024-11-06,2024-11-04,Next-Day Air,TRK-2555-1956,Delivered
1957,2562,2026-03-21 18:47:19,2026-03-25,2026-03-23,Next-Day Air,TRK-2562-1957,Delivered
1958,2563,2026-06-19 14:35:58,2026-06-23,2026-06-22,Next-Day Air,TRK-2563-1958,Delivered
1959,2565,2025-07-26 08:35:52,2025-07-30,,Standard Ground,TRK-2565-1959,In Transit
1960,2566,2025-10-20 18:15:10,2025-10-24,2025-10-24,Express Courier,TRK-2566-1960,Delivered
1961,2568,2026-07-03 19:41:55,2026-07-07,2026-07-05,Express Courier,TRK-2568-1961,Delivered
1962,2569,2024-01-05 00:37:19,2024-01-09,2024-01-10,Standard Ground,TRK-2569-1962,Delivered
1963,2570,2026-05-25 05:40:07,2026-05-29,2026-05-29,Standard Ground,TRK-2570-1963,Delivered
1964,2571,2024-12-08 01:03:44,2024-12-12,2024-12-13,Express Courier,TRK-2571-1964,Delivered
1965,2572,2025-04-16 15:53:17,2025-04-20,,Next-Day Air,TRK-2572-1965,In Transit
1966,2574,2026-03-31 13:05:26,2026-04-04,2026-04-04,Express Courier,TRK-2574-1966,Delivered
1967,2575,2025-08-29 18:58:52,2025-09-02,,Express Courier,TRK-2575-1967,In Transit
1968,2576,2026-02-08 05:14:50,2026-02-12,2026-02-12,Express Courier,TRK-2576-1968,Delivered
1969,2578,2025-10-28 04:06:25,2025-11-01,2025-10-30,Express Courier,TRK-2578-1969,Delivered
1970,2579,2026-06-03 05:11:23,2026-06-07,2026-06-07,Express Courier,TRK-2579-1970,Delivered
1971,2580,2026-08-11 09:59:12,2026-08-15,2026-08-13,Standard Ground,TRK-2580-1971,Delivered
1972,2581,2026-06-10 17:49:02,2026-06-14,2026-06-13,Standard Ground,TRK-2581-1972,Delivered
1973,2582,2025-10-16 01:12:39,2025-10-20,2025-10-18,Next-Day Air,TRK-2582-1973,Delivered
1974,2583,2026-08-20 20:03:57,2026-08-24,2026-08-22,Standard Ground,TRK-2583-1974,Delivered
1975,2584,2026-06-16 05:59:49,2026-06-20,2026-06-19,Express Courier,TRK-2584-1975,Delivered
1976,2585,2025-06-28 14:39:15,2025-07-02,2025-07-02,Express Courier,TRK-2585-1976,Delivered
1977,2586,2026-02-23 11:22:31,2026-02-27,2026-02-26,Next-Day Air,TRK-2586-1977,Delivered
1978,2587,2026-01-25 02:34:32,2026-01-29,2026-01-28,Next-Day Air,TRK-2587-1978,Delivered
1979,2588,2026-02-18 13:20:53,2026-02-22,2026-02-22,Next-Day Air,TRK-2588-1979,Delivered
1980,2590,2025-10-17 17:19:03,2025-10-21,2025-10-21,Standard Ground,TRK-2590-1980,Delivered
1981,2591,2025-12-01 06:16:30,2025-12-05,2025-12-06,Next-Day Air,TRK-2591-1981,Delivered
1982,2592,2024-11-25 18:13:43,2024-11-29,2024-11-28,Express Courier,TRK-2592-1982,Delivered
1983,2593,2024-05-26 03:40:41,2024-05-30,2024-05-30,Standard Ground,TRK-2593-1983,Delivered
1984,2595,2024-10-30 13:37:44,2024-11-03,,Standard Ground,TRK-2595-1984,In Transit
1985,2597,2025-02-28 22:46:46,2025-03-04,,Next-Day Air,TRK-2597-1985,In Transit
1986,2598,2026-02-08 02:21:10,2026-02-12,,Standard Ground,TRK-2598-1986,In Transit
1987,2601,2026-03-08 09:27:18,2026-03-12,2026-03-11,Express Courier,TRK-2601-1987,Delivered
1988,2602,2025-12-27 23:18:02,2025-12-31,2025-12-30,Express Courier,TRK-2602-1988,Delivered
1989,2603,2026-06-27 11:35:23,2026-07-01,,Next-Day Air,TRK-2603-1989,In Transit
1990,2604,2026-06-17 09:54:04,2026-06-21,2026-06-20,Standard Ground,TRK-2604-1990,Delivered
1991,2605,2025-11-12 09:16:16,2025-11-16,2025-11-16,Next-Day Air,TRK-2605-1991,Delivered
1992,2606,2025-07-12 14:26:51,2025-07-16,2025-07-14,Next-Day Air,TRK-2606-1992,Delivered
1993,2607,2026-05-13 13:11:19,2026-05-17,2026-05-17,Next-Day Air,TRK-2607-1993,Delivered
1994,2609,2026-07-13 18:26:29,2026-07-17,2026-07-16,Express Courier,TRK-2609-1994,Delivered
1995,2612,2026-04-14 14:08:20,2026-04-18,2026-04-19,Express Courier,TRK-2612-1995,Delivered
1996,2613,2026-03-11 06:06:12,2026-03-15,2026-03-14,Express Courier,TRK-2613-1996,Delivered
1997,2618,2024-11-13 07:38:50,2024-11-17,2024-11-17,Express Courier,TRK-2618-1997,Delivered
1998,2619,2026-05-31 07:12:03,2026-06-04,,Express Courier,TRK-2619-1998,In Transit
1999,2620,2026-09-02 22:17:05,2026-09-06,,Standard Ground,TRK-2620-1999,In Transit
2000,2621,2025-05-25 08:00:13,2025-05-29,2025-05-30,Next-Day Air,TRK-2621-2000,Delivered
2001,2622,2025-11-30 11:13:39,2025-12-04,2025-12-05,Standard Ground,TRK-2622-2001,Delivered
2002,2623,2025-08-11 05:02:18,2025-08-15,2025-08-13,Next-Day Air,TRK-2623-2002,Delivered
2003,2625,2026-01-01 10:54:50,2026-01-05,2026-01-06,Standard Ground,TRK-2625-2003,Delivered
2004,2626,2026-04-11 10:30:42,2026-04-15,2026-04-14,Express Courier,TRK-2626-2004,Delivered
2005,2627,2026-08-06 05:23:57,2026-08-10,2026-08-09,Standard Ground,TRK-2627-2005,Delivered
2006,2628,2026-08-19 17:25:42,2026-08-23,2026-08-22,Express Courier,TRK-2628-2006,Delivered
2007,2629,2025-12-16 09:51:26,2025-12-20,2025-12-20,Standard Ground,TRK-2629-2007,Delivered
2008,2630,2026-07-17 13:01:38,2026-07-21,2026-07-22,Next-Day Air,TRK-2630-2008,Delivered
2009,2632,2026-06-10 08:44:29,2026-06-14,2026-06-15,Next-Day Air,TRK-2632-2009,Delivered
2010,2634,2026-08-04 05:15:09,2026-08-08,,Next-Day Air,TRK-2634-2010,In Transit
2011,2635,2025-09-18 10:16:39,2025-09-22,2025-09-22,Standard Ground,TRK-2635-2011,Delivered
2012,2636,2026-03-18 20:01:33,2026-03-22,2026-03-22,Express Courier,TRK-2636-2012,Delivered
2013,2637,2026-07-17 04:30:30,2026-07-21,2026-07-19,Next-Day Air,TRK-2637-2013,Delivered
2014,2639,2025-11-26 05:44:52,2025-11-30,2025-11-29,Express Courier,TRK-2639-2014,Delivered
2015,2641,2026-06-09 20:57:51,2026-06-13,2026-06-12,Standard Ground,TRK-2641-2015,Delivered
2016,2642,2026-01-24 11:13:31,2026-01-28,2026-01-28,Next-Day Air,TRK-2642-2016,Delivered
2017,2643,2024-10-21 18:51:15,2024-10-25,2024-10-25,Express Courier,TRK-2643-2017,Delivered
2018,2645,2026-07-20 15:33:07,2026-07-24,2026-07-25,Next-Day Air,TRK-2645-2018,Delivered
2019,2646,2026-07-10 04:56:22,2026-07-14,,Express Courier,TRK-2646-2019,In Transit
2020,2647,2026-01-06 11:09:19,2026-01-10,2026-01-08,Standard Ground,TRK-2647-2020,Delivered
2021,2648,2025-12-09 19:11:37,2025-12-13,2025-12-14,Standard Ground,TRK-2648-2021,Delivered
2022,2653,2025-12-03 11:44:36,2025-12-07,2025-12-08,Next-Day Air,TRK-2653-2022,Delivered
2023,2654,2024-02-24 21:34:37,2024-02-28,,Express Courier,TRK-2654-2023,In Transit
2024,2656,2025-04-24 05:27:40,2025-04-28,,Standard Ground,TRK-2656-2024,In Transit
2025,2657,2024-03-01 22:35:43,2024-03-05,2024-03-06,Express Courier,TRK-2657-2025,Delivered
2026,2658,2025-11-20 07:06:58,2025-11-24,2025-11-24,Express Courier,TRK-2658-2026,Delivered
2027,2659,2026-07-06 07:44:14,2026-07-10,,Standard Ground,TRK-2659-2027,In Transit
2028,2660,2026-08-09 18:33:05,2026-08-13,2026-08-14,Standard Ground,TRK-2660-2028,Delivered
2029,2661,2026-07-22 06:02:15,2026-07-26,2026-07-24,Standard Ground,TRK-2661-2029,Delivered
2030,2663,2024-08-17 04:38:22,2024-08-21,,Next-Day Air,TRK-2663-2030,In Transit
2031,2664,2026-06-26 05:39:24,2026-06-30,2026-06-30,Next-Day Air,TRK-2664-2031,Delivered
2032,2665,2026-06-14 00:18:20,2026-06-18,2026-06-17,Express Courier,TRK-2665-2032,Delivered
2033,2666,2026-06-08 05:27:20,2026-06-12,2026-06-11,Standard Ground,TRK-2666-2033,Delivered
2034,2667,2026-09-01 11:28:29,2026-09-05,2026-09-05,Standard Ground,TRK-2667-2034,Delivered
2035,2668,2026-05-13 23:49:50,2026-05-17,2026-05-18,Standard Ground,TRK-2668-2035,Delivered
2036,2671,2025-06-29 10:08:13,2025-07-03,2025-07-01,Next-Day Air,TRK-2671-2036,Delivered
2037,2673,2024-11-29 11:42:58,2024-12-03,,Express Courier,TRK-2673-2037,In Transit
2038,2674,2026-08-11 08:58:57,2026-08-15,,Next-Day Air,TRK-2674-2038,In Transit
2039,2675,2026-06-06 04:42:34,2026-06-10,2026-06-08,Standard Ground,TRK-2675-2039,Delivered
2040,2676,2025-07-06 19:09:03,2025-07-10,2025-07-08,Express Courier,TRK-2676-2040,Delivered
2041,2677,2024-01-01 03:53:44,2024-01-05,2024-01-03,Next-Day Air,TRK-2677-2041,Delivered
2042,2678,2025-10-24 08:32:15,2025-10-28,2025-10-27,Standard Ground,TRK-2678-2042,Delivered
2043,2679,2026-07-05 15:59:30,2026-07-09,2026-07-09,Express Courier,TRK-2679-2043,Delivered
2044,2680,2026-05-01 05:20:40,2026-05-05,,Next-Day Air,TRK-2680-2044,In Transit
2045,2681,2026-08-10 20:31:04,2026-08-14,2026-08-15,Next-Day Air,TRK-2681-2045,Delivered
2046,2683,2026-04-19 11:06:52,2026-04-23,2026-04-22,Standard Ground,TRK-2683-2046,Delivered
2047,2685,2026-02-05 05:42:25,2026-02-09,2026-02-08,Express Courier,TRK-2685-2047,Delivered
2048,2686,2025-10-13 15:03:58,2025-10-17,2025-10-16,Standard Ground,TRK-2686-2048,Delivered
2049,2687,2024-05-15 09:59:03,2024-05-19,2024-05-18,Next-Day Air,TRK-2687-2049,Delivered
2050,2689,2026-07-07 01:30:17,2026-07-11,2026-07-12,Standard Ground,TRK-2689-2050,Delivered
2051,2692,2025-12-24 10:11:50,2025-12-28,2025-12-26,Standard Ground,TRK-2692-2051,Delivered
2052,2693,2026-07-10 17:58:36,2026-07-14,,Standard Ground,TRK-2693-2052,In Transit
2053,2695,2026-06-10 11:45:59,2026-06-14,2026-06-15,Standard Ground,TRK-2695-2053,Delivered
2054,2696,2026-07-20 19:46:22,2026-07-24,2026-07-22,Next-Day Air,TRK-2696-2054,Delivered
2055,2699,2025-09-26 06:40:55,2025-09-30,,Next-Day Air,TRK-2699-2055,In Transit
2056,2700,2025-07-24 14:47:37,2025-07-28,2025-07-28,Express Courier,TRK-2700-2056,Delivered
2057,2702,2025-01-22 19:25:05,2025-01-26,,Next-Day Air,TRK-2702-2057,In Transit
2058,2703,2026-03-21 02:32:40,2026-03-25,2026-03-25,Next-Day Air,TRK-2703-2058,Delivered
2059,2704,2025-03-25 07:49:17,2025-03-29,2025-03-27,Express Courier,TRK-2704-2059,Delivered
2060,2707,2024-05-18 07:20:03,2024-05-22,2024-05-23,Express Courier,TRK-2707-2060,Delivered
2061,2709,2025-07-05 15:26:08,2025-07-09,,Express Courier,TRK-2709-2061,In Transit
2062,2710,2026-08-26 20:02:31,2026-08-30,,Standard Ground,TRK-2710-2062,In Transit
2063,2711,2025-04-07 00:56:11,2025-04-11,,Standard Ground,TRK-2711-2063,In Transit
2064,2712,2026-08-04 03:17:22,2026-08-08,,Next-Day Air,TRK-2712-2064,In Transit
2065,2713,2025-07-03 15:24:36,2025-07-07,2025-07-07,Next-Day Air,TRK-2713-2065,Delivered
2066,2714,2025-03-19 03:41:22,2025-03-23,2025-03-24,Next-Day Air,TRK-2714-2066,Delivered
2067,2715,2026-06-14 03:46:31,2026-06-18,,Next-Day Air,TRK-2715-2067,In Transit
2068,2716,2026-06-21 19:01:51,2026-06-25,2026-06-23,Standard Ground,TRK-2716-2068,Delivered
2069,2717,2026-07-25 19:29:19,2026-07-29,2026-07-27,Standard Ground,TRK-2717-2069,Delivered
2070,2718,2024-02-09 06:24:27,2024-02-13,2024-02-13,Express Courier,TRK-2718-2070,Delivered
2071,2719,2026-05-05 22:32:51,2026-05-09,2026-05-07,Standard Ground,TRK-2719-2071,Delivered
2072,2720,2026-07-04 08:54:04,2026-07-08,2026-07-09,Next-Day Air,TRK-2720-2072,Delivered
2073,2721,2025-10-22 20:30:25,2025-10-26,2025-10-24,Next-Day Air,TRK-2721-2073,Delivered
2074,2722,2026-08-12 00:36:51,2026-08-16,,Express Courier,TRK-2722-2074,In Transit
2075,2723,2026-04-21 00:07:10,2026-04-25,,Express Courier,TRK-2723-2075,In Transit
2076,2725,2026-08-28 11:38:38,2026-09-01,2026-09-02,Next-Day Air,TRK-2725-2076,Delivered
2077,2726,2025-09-11 11:27:43,2025-09-15,,Next-Day Air,TRK-2726-2077,In Transit
2078,2728,2026-08-18 07:53:23,2026-08-22,2026-08-22,Next-Day Air,TRK-2728-2078,Delivered
2079,2729,2026-08-17 14:09:46,2026-08-21,2026-08-19,Express Courier,TRK-2729-2079,Delivered
2080,2730,2026-09-03 10:47:46,2026-09-07,2026-09-06,Express Courier,TRK-2730-2080,Delivered
2081,2731,2025-09-15 00:37:14,2025-09-19,,Next-Day Air,TRK-2731-2081,In Transit
2082,2732,2026-01-31 06:09:07,2026-02-04,2026-02-02,Next-Day Air,TRK-2732-2082,Delivered
2083,2734,2024-11-30 03:46:01,2024-12-04,2024-12-05,Express Courier,TRK-2734-2083,Delivered
2084,2735,2024-12-26 18:33:45,2024-12-30,2024-12-28,Standard Ground,TRK-2735-2084,Delivered
2085,2736,2025-09-27 16:53:28,2025-10-01,2025-10-02,Next-Day Air,TRK-2736-2085,Delivered
2086,2737,2024-11-02 00:03:40,2024-11-06,2024-11-05,Express Courier,TRK-2737-2086,Delivered
2087,2739,2024-10-08 21:49:35,2024-10-12,,Standard Ground,TRK-2739-2087,In Transit
2088,2740,2025-08-19 02:46:40,2025-08-23,2025-08-23,Standard Ground,TRK-2740-2088,Delivered
2089,2741,2026-07-18 11:21:54,2026-07-22,2026-07-21,Next-Day Air,TRK-2741-2089,Delivered
2090,2742,2025-02-06 00:03:42,2025-02-10,2025-02-10,Next-Day Air,TRK-2742-2090,Delivered
2091,2743,2026-08-15 09:14:48,2026-08-19,2026-08-17,Express Courier,TRK-2743-2091,Delivered
2092,2746,2024-10-06 00:34:20,2024-10-10,2024-10-08,Standard Ground,TRK-2746-2092,Delivered
2093,2747,2025-08-21 18:45:40,2025-08-25,2025-08-25,Next-Day Air,TRK-2747-2093,Delivered
2094,2749,2025-09-22 15:09:46,2025-09-26,2025-09-27,Standard Ground,TRK-2749-2094,Delivered
2095,2751,2026-05-04 06:11:34,2026-05-08,,Next-Day Air,TRK-2751-2095,In Transit
2096,2752,2025-01-19 17:00:49,2025-01-23,2025-01-23,Next-Day Air,TRK-2752-2096,Delivered
2097,2753,2025-10-04 05:12:28,2025-10-08,2025-10-09,Standard Ground,TRK-2753-2097,Delivered
2098,2754,2026-03-10 05:15:41,2026-03-14,2026-03-14,Express Courier,TRK-2754-2098,Delivered
2099,2755,2025-08-10 04:41:13,2025-08-14,2025-08-14,Standard Ground,TRK-2755-2099,Delivered
2100,2756,2026-08-22 16:12:49,2026-08-26,2026-08-26,Standard Ground,TRK-2756-2100,Delivered
2101,2758,2026-05-28 10:36:13,2026-06-01,2026-05-31,Standard Ground,TRK-2758-2101,Delivered
2102,2759,2025-07-30 19:35:24,2025-08-03,2025-08-04,Next-Day Air,TRK-2759-2102,Delivered
2103,2760,2026-06-08 22:36:08,2026-06-12,2026-06-10,Next-Day Air,TRK-2760-2103,Delivered
2104,2761,2026-03-17 20:29:58,2026-03-21,2026-03-22,Next-Day Air,TRK-2761-2104,Delivered
2105,2762,2024-11-01 13:09:19,2024-11-05,2024-11-04,Next-Day Air,TRK-2762-2105,Delivered
2106,2763,2024-10-24 11:32:57,2024-10-28,2024-10-27,Next-Day Air,TRK-2763-2106,Delivered
2107,2764,2024-01-03 14:02:31,2024-01-07,2024-01-08,Next-Day Air,TRK-2764-2107,Delivered
2108,2765,2026-05-18 07:05:53,2026-05-22,,Standard Ground,TRK-2765-2108,In Transit
2109,2769,2025-08-27 14:09:06,2025-08-31,2025-09-01,Next-Day Air,TRK-2769-2109,Delivered
2110,2770,2026-06-07 16:56:24,2026-06-11,2026-06-09,Standard Ground,TRK-2770-2110,Delivered
2111,2771,2025-07-28 07:12:29,2025-08-01,2025-08-01,Next-Day Air,TRK-2771-2111,Delivered
2112,2772,2026-04-09 21:56:03,2026-04-13,2026-04-11,Express Courier,TRK-2772-2112,Delivered
2113,2773,2026-01-13 04:42:11,2026-01-17,,Next-Day Air,TRK-2773-2113,In Transit
2114,2774,2026-04-21 11:52:35,2026-04-25,,Next-Day Air,TRK-2774-2114,In Transit
2115,2776,2025-11-20 07:16:22,2025-11-24,2025-11-25,Next-Day Air,TRK-2776-2115,Delivered
2116,2777,2026-08-05 16:41:33,2026-08-09,2026-08-08,Standard Ground,TRK-2777-2116,Delivered
2117,2779,2025-09-28 16:17:02,2025-10-02,2025-10-03,Express Courier,TRK-2779-2117,Delivered
2118,2780,2025-01-26 19:56:37,2025-01-30,2025-01-29,Express Courier,TRK-2780-2118,Delivered
2119,2781,2025-09-17 12:05:08,2025-09-21,,Next-Day Air,TRK-2781-2119,In Transit
2120,2782,2026-03-10 22:12:20,2026-03-14,2026-03-13,Standard Ground,TRK-2782-2120,Delivered
2121,2783,2025-09-15 21:07:39,2025-09-19,2025-09-17,Express Courier,TRK-2783-2121,Delivered
2122,2784,2026-06-01 10:45:17,2026-06-05,2026-06-03,Standard Ground,TRK-2784-2122,Delivered
2123,2785,2026-07-20 00:58:30,2026-07-24,2026-07-22,Express Courier,TRK-2785-2123,Delivered
2124,2786,2026-06-09 02:08:21,2026-06-13,2026-06-11,Next-Day Air,TRK-2786-2124,Delivered
2125,2788,2026-08-22 03:31:00,2026-08-26,2026-08-24,Next-Day Air,TRK-2788-2125,Delivered
2126,2790,2026-07-04 13:18:06,2026-07-08,2026-07-07,Next-Day Air,TRK-2790-2126,Delivered
2127,2792,2026-08-19 03:28:02,2026-08-23,2026-08-24,Next-Day Air,TRK-2792-2127,Delivered
2128,2793,2025-11-18 14:51:20,2025-11-22,2025-11-21,Standard Ground,TRK-2793-2128,Delivered
2129,2794,2026-02-28 13:16:39,2026-03-04,2026-03-02,Standard Ground,TRK-2794-2129,Delivered
2130,2796,2026-08-24 16:00:37,2026-08-28,2026-08-26,Next-Day Air,TRK-2796-2130,Delivered
2131,2798,2026-07-03 15:59:38,2026-07-07,2026-07-08,Next-Day Air,TRK-2798-2131,Delivered
2132,2799,2025-07-31 01:16:26,2025-08-04,2025-08-05,Standard Ground,TRK-2799-2132,Delivered
2133,2800,2026-08-26 00:47:47,2026-08-30,,Standard Ground,TRK-2800-2133,In Transit
2134,2801,2026-04-12 14:43:00,2026-04-16,2026-04-15,Standard Ground,TRK-2801-2134,Delivered
2135,2804,2026-04-26 20:17:26,2026-04-30,2026-05-01,Express Courier,TRK-2804-2135,Delivered
2136,2805,2024-09-26 10:57:35,2024-09-30,2024-10-01,Express Courier,TRK-2805-2136,Delivered
2137,2806,2024-11-21 20:23:05,2024-11-25,2024-11-26,Express Courier,TRK-2806-2137,Delivered
2138,2807,2026-03-26 05:41:33,2026-03-30,,Express Courier,TRK-2807-2138,In Transit
2139,2808,2024-10-12 21:04:27,2024-10-16,2024-10-17,Express Courier,TRK-2808-2139,Delivered
2140,2809,2026-05-23 11:14:24,2026-05-27,2026-05-28,Express Courier,TRK-2809-2140,Delivered
2141,2810,2026-05-14 06:29:06,2026-05-18,2026-05-17,Next-Day Air,TRK-2810-2141,Delivered
2142,2811,2025-11-01 06:40:39,2025-11-05,2025-11-05,Next-Day Air,TRK-2811-2142,Delivered
2143,2812,2026-07-08 04:21:31,2026-07-12,2026-07-13,Standard Ground,TRK-2812-2143,Delivered
2144,2813,2026-03-27 19:05:00,2026-03-31,2026-03-31,Express Courier,TRK-2813-2144,Delivered
2145,2814,2025-01-12 13:04:07,2025-01-16,2025-01-15,Express Courier,TRK-2814-2145,Delivered
2146,2815,2026-08-02 04:14:23,2026-08-06,2026-08-04,Next-Day Air,TRK-2815-2146,Delivered
2147,2816,2026-05-09 04:55:37,2026-05-13,,Express Courier,TRK-2816-2147,In Transit
2148,2817,2026-02-23 14:20:09,2026-02-27,2026-02-27,Next-Day Air,TRK-2817-2148,Delivered
2149,2818,2024-08-13 05:05:27,2024-08-17,2024-08-17,Next-Day Air,TRK-2818-2149,Delivered
2150,2820,2026-06-19 13:32:29,2026-06-23,2026-06-23,Express Courier,TRK-2820-2150,Delivered
2151,2822,2024-07-14 03:18:50,2024-07-18,2024-07-19,Standard Ground,TRK-2822-2151,Delivered
2152,2824,2025-08-06 18:18:20,2025-08-10,2025-08-08,Standard Ground,TRK-2824-2152,Delivered
2153,2825,2026-02-11 05:58:50,2026-02-15,,Express Courier,TRK-2825-2153,In Transit
2154,2827,2024-12-28 03:58:00,2025-01-01,2024-12-31,Standard Ground,TRK-2827-2154,Delivered
2155,2828,2026-03-29 20:18:18,2026-04-02,,Express Courier,TRK-2828-2155,In Transit
2156,2830,2026-06-25 19:54:33,2026-06-29,2026-06-30,Standard Ground,TRK-2830-2156,Delivered
2157,2832,2026-08-07 15:21:46,2026-08-11,2026-08-10,Standard Ground,TRK-2832-2157,Delivered
2158,2834,2026-03-30 21:29:03,2026-04-03,2026-04-01,Standard Ground,TRK-2834-2158,Delivered
2159,2836,2024-06-17 17:16:49,2024-06-21,2024-06-20,Standard Ground,TRK-2836-2159,Delivered
2160,2837,2024-07-11 12:02:35,2024-07-15,2024-07-13,Next-Day Air,TRK-2837-2160,Delivered
2161,2839,2026-03-01 15:33:18,2026-03-05,,Express Courier,TRK-2839-2161,In Transit
2162,2840,2026-08-12 15:44:28,2026-08-16,2026-08-14,Next-Day Air,TRK-2840-2162,Delivered
2163,2841,2025-04-19 15:30:16,2025-04-23,,Standard Ground,TRK-2841-2163,In Transit
2164,2843,2026-06-02 21:01:01,2026-06-06,2026-06-04,Standard Ground,TRK-2843-2164,Delivered
2165,2844,2025-06-04 04:51:34,2025-06-08,,Next-Day Air,TRK-2844-2165,In Transit
2166,2846,2026-05-15 06:22:57,2026-05-19,2026-05-19,Express Courier,TRK-2846-2166,Delivered
2167,2848,2026-05-16 07:42:44,2026-05-20,2026-05-20,Next-Day Air,TRK-2848-2167,Delivered
2168,2849,2026-01-07 16:23:09,2026-01-11,2026-01-09,Standard Ground,TRK-2849-2168,Delivered
2169,2850,2026-07-10 04:57:31,2026-07-14,2026-07-12,Next-Day Air,TRK-2850-2169,Delivered
2170,2851,2026-02-16 06:37:23,2026-02-20,2026-02-18,Express Courier,TRK-2851-2170,Delivered
2171,2853,2026-04-02 01:47:31,2026-04-06,2026-04-06,Express Courier,TRK-2853-2171,Delivered
2172,2854,2026-06-26 21:04:11,2026-06-30,2026-07-01,Express Courier,TRK-2854-2172,Delivered
2173,2855,2024-06-01 21:54:53,2024-06-05,,Express Courier,TRK-2855-2173,In Transit
2174,2857,2025-09-27 04:47:04,2025-10-01,2025-09-29,Next-Day Air,TRK-2857-2174,Delivered
2175,2858,2026-07-03 10:40:21,2026-07-07,,Next-Day Air,TRK-2858-2175,In Transit
2176,2859,2025-12-27 12:37:29,2025-12-31,2025-12-29,Next-Day Air,TRK-2859-2176,Delivered
2177,2861,2025-04-10 02:15:44,2025-04-14,2025-04-12,Express Courier,TRK-2861-2177,Delivered
2178,2862,2026-08-13 12:22:17,2026-08-17,,Express Courier,TRK-2862-2178,In Transit
2179,2863,2026-07-21 02:36:02,2026-07-25,2026-07-25,Express Courier,TRK-2863-2179,Delivered
2180,2864,2026-08-08 01:25:33,2026-08-12,2026-08-12,Standard Ground,TRK-2864-2180,Delivered
2181,2865,2026-08-14 06:22:45,2026-08-18,2026-08-17,Next-Day Air,TRK-2865-2181,Delivered
2182,2866,2026-04-02 23:49:00,2026-04-06,2026-04-04,Next-Day Air,TRK-2866-2182,Delivered
2183,2867,2025-05-07 12:11:24,2025-05-11,2025-05-11,Next-Day Air,TRK-2867-2183,Delivered
2184,2869,2026-06-04 06:17:46,2026-06-08,2026-06-08,Standard Ground,TRK-2869-2184,Delivered
2185,2871,2026-07-10 08:46:03,2026-07-14,2026-07-13,Express Courier,TRK-2871-2185,Delivered
2186,2872,2025-02-21 08:55:22,2025-02-25,2025-02-25,Express Courier,TRK-2872-2186,Delivered
2187,2873,2025-05-01 04:11:08,2025-05-05,2025-05-06,Next-Day Air,TRK-2873-2187,Delivered
2188,2874,2025-11-22 15:29:37,2025-11-26,2025-11-26,Next-Day Air,TRK-2874-2188,Delivered
2189,2875,2026-07-27 02:51:18,2026-07-31,2026-07-31,Standard Ground,TRK-2875-2189,Delivered
2190,2876,2025-06-10 14:53:43,2025-06-14,2025-06-14,Standard Ground,TRK-2876-2190,Delivered
2191,2877,2026-08-21 10:19:58,2026-08-25,2026-08-26,Next-Day Air,TRK-2877-2191,Delivered
2192,2878,2026-01-10 12:20:40,2026-01-14,2026-01-15,Standard Ground,TRK-2878-2192,Delivered
2193,2879,2026-03-16 23:14:41,2026-03-20,2026-03-21,Express Courier,TRK-2879-2193,Delivered
2194,2880,2026-08-05 23:08:17,2026-08-09,2026-08-10,Next-Day Air,TRK-2880-2194,Delivered
2195,2882,2024-12-15 02:41:30,2024-12-19,2024-12-19,Express Courier,TRK-2882-2195,Delivered
2196,2883,2026-05-23 10:18:54,2026-05-27,,Standard Ground,TRK-2883-2196,In Transit
2197,2885,2025-07-24 01:00:40,2025-07-28,2025-07-29,Express Courier,TRK-2885-2197,Delivered
2198,2886,2025-09-29 15:15:49,2025-10-03,,Express Courier,TRK-2886-2198,In Transit
2199,2887,2026-08-10 02:31:03,2026-08-14,2026-08-13,Express Courier,TRK-2887-2199,Delivered
2200,2888,2026-03-02 08:57:20,2026-03-06,2026-03-05,Express Courier,TRK-2888-2200,Delivered
2201,2889,2024-02-21 20:42:17,2024-02-25,2024-02-26,Next-Day Air,TRK-2889-2201,Delivered
2202,2890,2026-05-07 14:49:09,2026-05-11,,Express Courier,TRK-2890-2202,In Transit
2203,2891,2026-06-25 14:09:00,2026-06-29,2026-06-28,Next-Day Air,TRK-2891-2203,Delivered
2204,2892,2026-02-02 04:56:38,2026-02-06,2026-02-06,Next-Day Air,TRK-2892-2204,Delivered
2205,2893,2026-08-19 00:15:45,2026-08-23,2026-08-21,Standard Ground,TRK-2893-2205,Delivered
2206,2894,2025-04-08 23:06:54,2025-04-12,2025-04-11,Standard Ground,TRK-2894-2206,Delivered
2207,2896,2026-07-05 21:52:00,2026-07-09,,Next-Day Air,TRK-2896-2207,In Transit
2208,2898,2026-03-15 19:01:22,2026-03-19,2026-03-17,Standard Ground,TRK-2898-2208,Delivered
2209,2899,2026-01-16 16:55:19,2026-01-20,2026-01-20,Standard Ground,TRK-2899-2209,Delivered
2210,2900,2026-09-03 09:19:55,2026-09-07,2026-09-08,Next-Day Air,TRK-2900-2210,Delivered
2211,2901,2024-08-18 14:18:55,2024-08-22,2024-08-20,Next-Day Air,TRK-2901-2211,Delivered
2212,2902,2024-06-21 21:12:06,2024-06-25,2024-06-24,Next-Day Air,TRK-2902-2212,Delivered
2213,2903,2026-07-25 18:38:49,2026-07-29,2026-07-27,Next-Day Air,TRK-2903-2213,Delivered
2214,2904,2025-03-02 06:51:33,2025-03-06,2025-03-07,Express Courier,TRK-2904-2214,Delivered
2215,2905,2026-06-21 22:24:51,2026-06-25,,Next-Day Air,TRK-2905-2215,In Transit
2216,2906,2024-11-06 13:26:53,2024-11-10,2024-11-10,Standard Ground,TRK-2906-2216,Delivered
2217,2908,2026-09-01 06:46:27,2026-09-05,2026-09-04,Standard Ground,TRK-2908-2217,Delivered
2218,2909,2026-03-06 17:51:49,2026-03-10,2026-03-11,Next-Day Air,TRK-2909-2218,Delivered
2219,2910,2025-09-28 18:57:42,2025-10-02,2025-09-30,Express Courier,TRK-2910-2219,Delivered
2220,2911,2026-06-10 08:19:08,2026-06-14,2026-06-14,Next-Day Air,TRK-2911-2220,Delivered
2221,2913,2026-01-03 12:36:03,2026-01-07,,Express Courier,TRK-2913-2221,In Transit
2222,2914,2026-07-01 01:40:54,2026-07-05,2026-07-05,Next-Day Air,TRK-2914-2222,Delivered
2223,2915,2025-12-20 09:55:48,2025-12-24,2025-12-22,Next-Day Air,TRK-2915-2223,Delivered
2224,2916,2026-03-25 22:34:00,2026-03-29,2026-03-28,Next-Day Air,TRK-2916-2224,Delivered
2225,2917,2026-08-07 12:40:04,2026-08-11,2026-08-10,Standard Ground,TRK-2917-2225,Delivered
2226,2918,2026-07-08 03:05:53,2026-07-12,2026-07-10,Next-Day Air,TRK-2918-2226,Delivered
2227,2919,2026-07-05 15:31:35,2026-07-09,,Express Courier,TRK-2919-2227,In Transit
2228,2921,2026-03-20 00:48:42,2026-03-24,2026-03-24,Next-Day Air,TRK-2921-2228,Delivered
2229,2922,2026-04-24 21:36:03,2026-04-28,2026-04-28,Express Courier,TRK-2922-2229,Delivered
2230,2923,2026-02-03 20:09:38,2026-02-07,2026-02-07,Next-Day Air,TRK-2923-2230,Delivered
2231,2924,2026-06-17 11:52:07,2026-06-21,2026-06-21,Standard Ground,TRK-2924-2231,Delivered
2232,2925,2026-03-28 21:03:12,2026-04-01,,Next-Day Air,TRK-2925-2232,In Transit
2233,2926,2026-08-27 12:26:54,2026-08-31,2026-09-01,Express Courier,TRK-2926-2233,Delivered
2234,2927,2026-09-01 19:50:40,2026-09-05,2026-09-03,Standard Ground,TRK-2927-2234,Delivered
2235,2930,2024-09-08 15:44:42,2024-09-12,2024-09-10,Standard Ground,TRK-2930-2235,Delivered
2236,2932,2025-12-21 06:39:36,2025-12-25,2025-12-23,Express Courier,TRK-2932-2236,Delivered
2237,2933,2025-07-20 14:47:10,2025-07-24,2025-07-25,Standard Ground,TRK-2933-2237,Delivered
2238,2934,2025-12-29 04:24:17,2026-01-02,,Next-Day Air,TRK-2934-2238,In Transit
2239,2935,2026-09-01 08:59:26,2026-09-05,2026-09-05,Express Courier,TRK-2935-2239,Delivered
2240,2936,2026-04-09 14:05:40,2026-04-13,2026-04-12,Express Courier,TRK-2936-2240,Delivered
2241,2937,2026-03-28 09:49:00,2026-04-01,2026-03-30,Express Courier,TRK-2937-2241,Delivered
2242,2938,2025-07-24 01:01:43,2025-07-28,2025-07-29,Express Courier,TRK-2938-2242,Delivered
2243,2941,2026-08-03 09:55:47,2026-08-07,2026-08-06,Next-Day Air,TRK-2941-2243,Delivered
2244,2943,2026-05-04 05:22:55,2026-05-08,2026-05-06,Next-Day Air,TRK-2943-2244,Delivered
2245,2944,2025-01-27 06:03:51,2025-01-31,,Next-Day Air,TRK-2944-2245,In Transit
2246,2945,2026-08-30 19:58:17,2026-09-03,2026-09-01,Next-Day Air,TRK-2945-2246,Delivered
2247,2946,2025-01-07 19:50:46,2025-01-11,2025-01-11,Next-Day Air,TRK-2946-2247,Delivered
2248,2948,2025-12-08 05:27:19,2025-12-12,,Express Courier,TRK-2948-2248,In Transit
2249,2950,2026-08-20 16:01:43,2026-08-24,2026-08-23,Standard Ground,TRK-2950-2249,Delivered
2250,2952,2026-06-13 18:42:05,2026-06-17,,Express Courier,TRK-2952-2250,In Transit
2251,2953,2026-08-15 06:02:04,2026-08-19,2026-08-20,Standard Ground,TRK-2953-2251,Delivered
2252,2954,2024-08-09 01:00:42,2024-08-13,2024-08-14,Express Courier,TRK-2954-2252,Delivered
2253,2955,2026-02-24 20:15:30,2026-02-28,2026-02-26,Express Courier,TRK-2955-2253,Delivered
2254,2956,2026-06-18 15:37:33,2026-06-22,2026-06-23,Standard Ground,TRK-2956-2254,Delivered
2255,2957,2025-09-02 06:50:18,2025-09-06,2025-09-07,Standard Ground,TRK-2957-2255,Delivered
2256,2958,2026-03-25 13:30:03,2026-03-29,,Express Courier,TRK-2958-2256,In Transit
2257,2959,2026-06-26 16:57:46,2026-06-30,2026-06-28,Standard Ground,TRK-2959-2257,Delivered
2258,2961,2026-06-15 20:58:47,2026-06-19,2026-06-17,Next-Day Air,TRK-2961-2258,Delivered
2259,2962,2026-02-18 10:14:58,2026-02-22,2026-02-22,Standard Ground,TRK-2962-2259,Delivered
2260,2963,2025-08-27 13:24:36,2025-08-31,,Standard Ground,TRK-2963-2260,In Transit
2261,2964,2026-08-18 03:26:37,2026-08-22,2026-08-23,Standard Ground,TRK-2964-2261,Delivered
2262,2965,2024-11-28 02:41:06,2024-12-02,2024-12-02,Next-Day Air,TRK-2965-2262,Delivered
2263,2966,2026-07-28 06:28:12,2026-08-01,2026-08-02,Express Courier,TRK-2966-2263,Delivered
2264,2967,2026-06-14 11:39:04,2026-06-18,2026-06-16,Next-Day Air,TRK-2967-2264,Delivered
2265,2968,2025-06-27 23:16:46,2025-07-01,2025-07-01,Next-Day Air,TRK-2968-2265,Delivered
2266,2969,2026-05-23 00:54:05,2026-05-27,,Next-Day Air,TRK-2969-2266,In Transit
2267,2970,2026-05-22 17:39:56,2026-05-26,2026-05-25,Express Courier,TRK-2970-2267,Delivered
2268,2971,2026-06-11 06:43:19,2026-06-15,2026-06-14,Express Courier,TRK-2971-2268,Delivered
2269,2973,2025-10-18 13:39:49,2025-10-22,,Express Courier,TRK-2973-2269,In Transit
2270,2974,2025-03-17 02:03:42,2025-03-21,2025-03-22,Express Courier,TRK-2974-2270,Delivered
2271,2975,2026-09-02 22:13:03,2026-09-06,2026-09-05,Next-Day Air,TRK-2975-2271,Delivered
2272,2976,2026-05-21 08:03:55,2026-05-25,,Express Courier,TRK-2976-2272,In Transit
2273,2977,2026-04-03 02:31:17,2026-04-07,,Express Courier,TRK-2977-2273,In Transit
2274,2978,2026-06-25 06:16:08,2026-06-29,2026-06-27,Express Courier,TRK-2978-2274,Delivered
2275,2979,2026-01-10 07:48:58,2026-01-14,2026-01-15,Express Courier,TRK-2979-2275,Delivered
2276,2980,2024-08-08 20:13:40,2024-08-12,,Next-Day Air,TRK-2980-2276,In Transit
2277,2981,2026-06-13 06:14:47,2026-06-17,2026-06-18,Express Courier,TRK-2981-2277,Delivered
2278,2982,2025-12-17 04:12:25,2025-12-21,2025-12-19,Standard Ground,TRK-2982-2278,Delivered
2279,2983,2026-02-23 10:34:03,2026-02-27,,Standard Ground,TRK-2983-2279,In Transit
2280,2984,2026-08-29 13:19:55,2026-09-02,2026-09-02,Next-Day Air,TRK-2984-2280,Delivered
2281,2986,2026-01-14 07:02:03,2026-01-18,2026-01-16,Express Courier,TRK-2986-2281,Delivered
2282,2988,2026-07-20 10:50:54,2026-07-24,2026-07-24,Next-Day Air,TRK-2988-2282,Delivered
2283,2989,2025-07-23 18:23:23,2025-07-27,2025-07-25,Standard Ground,TRK-2989-2283,Delivered
2284,2990,2024-05-02 16:54:01,2024-05-06,2024-05-06,Express Courier,TRK-2990-2284,Delivered
2285,2991,2026-05-08 06:37:31,2026-05-12,2026-05-10,Express Courier,TRK-2991-2285,Delivered
2286,2992,2026-08-30 13:13:55,2026-09-03,2026-09-03,Express Courier,TRK-2992-2286,Delivered
2287,2994,2026-02-11 06:24:08,2026-02-15,2026-02-14,Express Courier,TRK-2994-2287,Delivered
2288,2995,2024-10-21 05:46:28,2024-10-25,2024-10-25,Next-Day Air,TRK-2995-2288,Delivered
2289,2998,2026-06-23 05:46:17,2026-06-27,2026-06-28,Express Courier,TRK-2998-2289,Delivered
2290,2999,2026-02-05 09:59:37,2026-02-09,2026-02-10,Standard Ground,TRK-2999-2290,Delivered
2291,3000,2026-03-10 05:49:22,2026-03-14,2026-03-15,Express Courier,TRK-3000-2291,Delivered
2292,3001,2024-10-18 19:51:51,2024-10-22,2024-10-20,Next-Day Air,TRK-3001-2292,Delivered
2293,3003,2025-07-31 05:39:48,2025-08-04,2025-08-04,Standard Ground,TRK-3003-2293,Delivered
2294,3006,2026-02-01 23:08:17,2026-02-05,2026-02-06,Express Courier,TRK-3006-2294,Delivered
2295,3007,2025-03-02 01:58:10,2025-03-06,,Next-Day Air,TRK-3007-2295,In Transit
2296,3008,2026-06-27 20:31:49,2026-07-01,2026-06-29,Standard Ground,TRK-3008-2296,Delivered
2297,3010,2026-02-18 03:33:05,2026-02-22,2026-02-23,Next-Day Air,TRK-3010-2297,Delivered
2298,3011,2026-05-01 21:21:53,2026-05-05,2026-05-05,Next-Day Air,TRK-3011-2298,Delivered
2299,3013,2026-06-27 17:16:39,2026-07-01,2026-07-02,Next-Day Air,TRK-3013-2299,Delivered
2300,3014,2026-08-20 03:04:07,2026-08-24,2026-08-22,Express Courier,TRK-3014-2300,Delivered
2301,3016,2025-10-17 05:59:22,2025-10-21,2025-10-19,Next-Day Air,TRK-3016-2301,Delivered
2302,3017,2026-08-11 23:34:35,2026-08-15,2026-08-14,Standard Ground,TRK-3017-2302,Delivered
2303,3020,2026-04-26 12:19:17,2026-04-30,2026-04-30,Next-Day Air,TRK-3020-2303,Delivered
2304,3021,2025-01-31 00:21:57,2025-02-04,2025-02-02,Standard Ground,TRK-3021-2304,Delivered
2305,3022,2024-06-22 10:05:24,2024-06-26,2024-06-24,Express Courier,TRK-3022-2305,Delivered
2306,3023,2026-06-03 17:19:28,2026-06-07,2026-06-07,Standard Ground,TRK-3023-2306,Delivered
2307,3025,2026-06-02 08:54:51,2026-06-06,2026-06-04,Next-Day Air,TRK-3025-2307,Delivered
2308,3026,2025-01-14 12:06:01,2025-01-18,2025-01-16,Standard Ground,TRK-3026-2308,Delivered
2309,3027,2026-08-27 17:41:49,2026-08-31,2026-09-01,Standard Ground,TRK-3027-2309,Delivered
2310,3029,2026-07-15 17:05:13,2026-07-19,2026-07-17,Next-Day Air,TRK-3029-2310,Delivered
2311,3031,2026-07-30 13:23:05,2026-08-03,2026-08-01,Next-Day Air,TRK-3031-2311,Delivered
2312,3032,2025-11-28 07:22:35,2025-12-02,,Next-Day Air,TRK-3032-2312,In Transit
2313,3033,2026-07-03 01:13:14,2026-07-07,2026-07-06,Next-Day Air,TRK-3033-2313,Delivered
2314,3034,2026-04-17 18:16:13,2026-04-21,2026-04-19,Express Courier,TRK-3034-2314,Delivered
2315,3035,2025-05-06 20:24:02,2025-05-10,2025-05-10,Next-Day Air,TRK-3035-2315,Delivered
2316,3036,2026-09-02 06:51:26,2026-09-06,2026-09-05,Standard Ground,TRK-3036-2316,Delivered
2317,3037,2026-03-18 06:12:27,2026-03-22,2026-03-21,Express Courier,TRK-3037-2317,Delivered
2318,3038,2026-08-10 01:20:12,2026-08-14,,Standard Ground,TRK-3038-2318,In Transit
2319,3039,2026-06-01 02:07:19,2026-06-05,2026-06-05,Express Courier,TRK-3039-2319,Delivered
2320,3041,2026-06-25 23:05:28,2026-06-29,2026-06-30,Next-Day Air,TRK-3041-2320,Delivered
2321,3042,2025-05-15 14:55:57,2025-05-19,2025-05-20,Standard Ground,TRK-3042-2321,Delivered
2322,3046,2024-09-10 17:22:37,2024-09-14,2024-09-14,Express Courier,TRK-3046-2322,Delivered
2323,3048,2025-10-25 01:26:26,2025-10-29,2025-10-28,Express Courier,TRK-3048-2323,Delivered
2324,3049,2026-05-03 06:58:38,2026-05-07,2026-05-07,Standard Ground,TRK-3049-2324,Delivered
2325,3052,2025-09-04 15:05:27,2025-09-08,2025-09-06,Express Courier,TRK-3052-2325,Delivered
2326,3054,2026-07-16 15:42:49,2026-07-20,2026-07-19,Express Courier,TRK-3054-2326,Delivered
2327,3055,2025-09-22 16:04:29,2025-09-26,2025-09-27,Standard Ground,TRK-3055-2327,Delivered
2328,3056,2025-02-07 23:27:04,2025-02-11,2025-02-09,Next-Day Air,TRK-3056-2328,Delivered
2329,3057,2024-11-12 15:38:52,2024-11-16,2024-11-16,Next-Day Air,TRK-3057-2329,Delivered
2330,3058,2025-12-24 00:51:05,2025-12-28,2025-12-27,Next-Day Air,TRK-3058-2330,Delivered
2331,3059,2026-09-01 11:44:51,2026-09-05,2026-09-04,Next-Day Air,TRK-3059-2331,Delivered
2332,3061,2026-01-17 04:58:25,2026-01-21,,Next-Day Air,TRK-3061-2332,In Transit
2333,3062,2026-03-29 01:33:59,2026-04-02,2026-04-03,Standard Ground,TRK-3062-2333,Delivered
2334,3065,2026-03-01 21:08:58,2026-03-05,2026-03-06,Next-Day Air,TRK-3065-2334,Delivered
2335,3066,2026-07-10 03:03:50,2026-07-14,2026-07-13,Standard Ground,TRK-3066-2335,Delivered
2336,3067,2026-07-09 09:17:07,2026-07-13,2026-07-11,Express Courier,TRK-3067-2336,Delivered
2337,3068,2024-02-19 09:34:26,2024-02-23,2024-02-24,Next-Day Air,TRK-3068-2337,Delivered
2338,3069,2025-05-21 03:56:25,2025-05-25,,Standard Ground,TRK-3069-2338,In Transit
2339,3071,2026-08-07 02:13:03,2026-08-11,2026-08-12,Standard Ground,TRK-3071-2339,Delivered
2340,3072,2026-04-25 19:34:06,2026-04-29,2026-04-28,Express Courier,TRK-3072-2340,Delivered
2341,3073,2026-06-21 05:38:41,2026-06-25,2026-06-25,Next-Day Air,TRK-3073-2341,Delivered
2342,3074,2025-07-01 06:19:15,2025-07-05,2025-07-04,Next-Day Air,TRK-3074-2342,Delivered
2343,3075,2025-05-24 01:49:46,2025-05-28,2025-05-26,Next-Day Air,TRK-3075-2343,Delivered
2344,3076,2026-06-10 12:59:56,2026-06-14,,Standard Ground,TRK-3076-2344,In Transit
2345,3077,2026-07-01 05:07:40,2026-07-05,2026-07-04,Express Courier,TRK-3077-2345,Delivered
2346,3079,2025-10-16 09:13:58,2025-10-20,2025-10-18,Express Courier,TRK-3079-2346,Delivered
2347,3080,2025-05-30 20:32:02,2025-06-03,2025-06-04,Next-Day Air,TRK-3080-2347,Delivered
2348,3081,2025-06-18 02:26:03,2025-06-22,2025-06-23,Express Courier,TRK-3081-2348,Delivered
2349,3083,2026-04-14 00:16:20,2026-04-18,,Next-Day Air,TRK-3083-2349,In Transit
2350,3084,2025-04-18 00:16:28,2025-04-22,2025-04-23,Next-Day Air,TRK-3084-2350,Delivered
2351,3088,2026-06-25 18:31:10,2026-06-29,2026-06-29,Next-Day Air,TRK-3088-2351,Delivered
2352,3089,2026-03-02 10:20:09,2026-03-06,2026-03-06,Express Courier,TRK-3089-2352,Delivered
2353,3090,2025-11-04 05:06:37,2025-11-08,2025-11-08,Next-Day Air,TRK-3090-2353,Delivered
2354,3091,2026-05-27 05:09:29,2026-05-31,2026-05-29,Express Courier,TRK-3091-2354,Delivered
2355,3092,2025-04-29 19:11:57,2025-05-03,2025-05-04,Express Courier,TRK-3092-2355,Delivered
2356,3094,2026-05-31 16:29:58,2026-06-04,,Next-Day Air,TRK-3094-2356,In Transit
2357,3095,2026-05-09 11:13:07,2026-05-13,2026-05-12,Standard Ground,TRK-3095-2357,Delivered
2358,3097,2025-11-25 15:59:56,2025-11-29,2025-11-27,Standard Ground,TRK-3097-2358,Delivered
2359,3101,2024-10-14 21:21:30,2024-10-18,2024-10-19,Next-Day Air,TRK-3101-2359,Delivered
2360,3103,2026-07-12 23:28:14,2026-07-16,,Next-Day Air,TRK-3103-2360,In Transit
2361,3104,2026-08-07 21:50:10,2026-08-11,2026-08-10,Express Courier,TRK-3104-2361,Delivered
2362,3105,2025-07-25 06:09:16,2025-07-29,,Express Courier,TRK-3105-2362,In Transit
2363,3106,2025-08-14 04:15:35,2025-08-18,2025-08-19,Next-Day Air,TRK-3106-2363,Delivered
2364,3107,2026-07-19 00:09:42,2026-07-23,2026-07-23,Standard Ground,TRK-3107-2364,Delivered
2365,3108,2026-08-16 14:19:42,2026-08-20,2026-08-21,Standard Ground,TRK-3108-2365,Delivered
2366,3110,2026-01-22 01:06:12,2026-01-26,2026-01-24,Express Courier,TRK-3110-2366,Delivered
2367,3111,2026-05-31 19:50:56,2026-06-04,2026-06-03,Next-Day Air,TRK-3111-2367,Delivered
2368,3112,2026-04-29 11:40:18,2026-05-03,,Next-Day Air,TRK-3112-2368,In Transit
2369,3114,2026-04-20 09:25:31,2026-04-24,2026-04-23,Standard Ground,TRK-3114-2369,Delivered
2370,3115,2026-08-13 09:31:45,2026-08-17,,Next-Day Air,TRK-3115-2370,In Transit
2371,3116,2025-09-13 16:23:51,2025-09-17,2025-09-16,Next-Day Air,TRK-3116-2371,Delivered
2372,3117,2025-08-22 23:08:14,2025-08-26,2025-08-25,Express Courier,TRK-3117-2372,Delivered
2373,3118,2024-08-04 14:24:05,2024-08-08,2024-08-06,Next-Day Air,TRK-3118-2373,Delivered
2374,3119,2026-08-05 23:53:04,2026-08-09,2026-08-09,Express Courier,TRK-3119-2374,Delivered
2375,3120,2026-04-23 04:30:53,2026-04-27,2026-04-27,Standard Ground,TRK-3120-2375,Delivered
2376,3121,2026-01-15 17:58:46,2026-01-19,2026-01-20,Standard Ground,TRK-3121-2376,Delivered
2377,3122,2025-12-10 21:47:37,2025-12-14,2025-12-15,Express Courier,TRK-3122-2377,Delivered
2378,3124,2025-04-04 14:11:03,2025-04-08,2025-04-08,Standard Ground,TRK-3124-2378,Delivered
2379,3125,2026-04-17 16:05:31,2026-04-21,2026-04-20,Next-Day Air,TRK-3125-2379,Delivered
2380,3126,2026-03-29 22:32:46,2026-04-02,2026-04-02,Express Courier,TRK-3126-2380,Delivered
2381,3127,2026-07-01 19:32:13,2026-07-05,2026-07-03,Express Courier,TRK-3127-2381,Delivered
2382,3130,2026-06-04 13:49:25,2026-06-08,,Express Courier,TRK-3130-2382,In Transit
2383,3131,2026-08-13 02:45:20,2026-08-17,2026-08-15,Standard Ground,TRK-3131-2383,Delivered
2384,3132,2025-02-05 11:55:26,2025-02-09,2025-02-09,Next-Day Air,TRK-3132-2384,Delivered
2385,3133,2025-06-26 15:13:54,2025-06-30,,Standard Ground,TRK-3133-2385,In Transit
2386,3135,2026-01-01 08:26:43,2026-01-05,2026-01-04,Express Courier,TRK-3135-2386,Delivered
2387,3136,2026-08-23 06:54:44,2026-08-27,,Next-Day Air,TRK-3136-2387,In Transit
2388,3138,2025-12-16 23:13:46,2025-12-20,2025-12-21,Express Courier,TRK-3138-2388,Delivered
2389,3139,2025-06-07 01:45:25,2025-06-11,2025-06-11,Next-Day Air,TRK-3139-2389,Delivered
2390,3140,2026-08-11 05:57:38,2026-08-15,,Next-Day Air,TRK-3140-2390,In Transit
2391,3141,2024-10-30 00:08:26,2024-11-03,2024-11-04,Next-Day Air,TRK-3141-2391,Delivered
2392,3142,2026-05-05 21:02:32,2026-05-09,2026-05-08,Standard Ground,TRK-3142-2392,Delivered
2393,3143,2026-07-27 16:22:44,2026-07-31,2026-07-31,Standard Ground,TRK-3143-2393,Delivered
2394,3144,2025-05-04 00:02:41,2025-05-08,2025-05-08,Standard Ground,TRK-3144-2394,Delivered
2395,3145,2026-08-25 13:34:38,2026-08-29,2026-08-30,Next-Day Air,TRK-3145-2395,Delivered
2396,3146,2024-08-04 22:58:24,2024-08-08,2024-08-09,Express Courier,TRK-3146-2396,Delivered
2397,3147,2026-04-28 04:00:50,2026-05-02,2026-05-02,Express Courier,TRK-3147-2397,Delivered
2398,3148,2025-08-14 18:20:49,2025-08-18,2025-08-16,Express Courier,TRK-3148-2398,Delivered
2399,3152,2026-07-20 06:49:15,2026-07-24,2026-07-23,Next-Day Air,TRK-3152-2399,Delivered
2400,3153,2025-03-14 15:51:36,2025-03-18,2025-03-19,Express Courier,TRK-3153-2400,Delivered
2401,3154,2025-02-03 20:15:07,2025-02-07,,Express Courier,TRK-3154-2401,In Transit
2402,3157,2026-05-19 09:02:03,2026-05-23,,Next-Day Air,TRK-3157-2402,In Transit
2403,3158,2024-12-06 19:11:33,2024-12-10,,Standard Ground,TRK-3158-2403,In Transit
2404,3159,2025-10-17 06:20:42,2025-10-21,2025-10-21,Express Courier,TRK-3159-2404,Delivered
2405,3160,2026-08-10 15:25:53,2026-08-14,2026-08-13,Next-Day Air,TRK-3160-2405,Delivered
2406,3161,2026-05-30 23:15:49,2026-06-03,,Express Courier,TRK-3161-2406,In Transit
2407,3163,2026-03-02 01:19:02,2026-03-06,2026-03-05,Standard Ground,TRK-3163-2407,Delivered
2408,3164,2025-02-26 10:07:24,2025-03-02,2025-03-01,Express Courier,TRK-3164-2408,Delivered
2409,3165,2024-11-08 19:23:58,2024-11-12,2024-11-11,Express Courier,TRK-3165-2409,Delivered
2410,3166,2026-08-29 10:03:26,2026-09-02,2026-09-03,Express Courier,TRK-3166-2410,Delivered
2411,3167,2026-04-10 08:02:05,2026-04-14,,Standard Ground,TRK-3167-2411,In Transit
2412,3168,2026-05-23 04:41:56,2026-05-27,2026-05-26,Next-Day Air,TRK-3168-2412,Delivered
2413,3170,2024-08-28 15:33:05,2024-09-01,2024-08-31,Express Courier,TRK-3170-2413,Delivered
2414,3171,2025-12-19 05:54:24,2025-12-23,2025-12-21,Next-Day Air,TRK-3171-2414,Delivered
2415,3172,2025-04-14 16:44:05,2025-04-18,2025-04-19,Express Courier,TRK-3172-2415,Delivered
2416,3173,2024-09-21 01:24:41,2024-09-25,2024-09-24,Standard Ground,TRK-3173-2416,Delivered
2417,3175,2026-02-16 19:58:55,2026-02-20,2026-02-19,Next-Day Air,TRK-3175-2417,Delivered
2418,3176,2026-01-09 05:19:07,2026-01-13,,Next-Day Air,TRK-3176-2418,In Transit
2419,3181,2026-05-29 10:23:45,2026-06-02,2026-06-01,Standard Ground,TRK-3181-2419,Delivered
2420,3182,2025-01-28 12:07:53,2025-02-01,,Next-Day Air,TRK-3182-2420,In Transit
2421,3183,2026-03-13 22:50:50,2026-03-17,2026-03-16,Standard Ground,TRK-3183-2421,Delivered
2422,3184,2026-05-19 11:59:58,2026-05-23,2026-05-24,Next-Day Air,TRK-3184-2422,Delivered
2423,3185,2026-05-17 06:13:14,2026-05-21,2026-05-22,Express Courier,TRK-3185-2423,Delivered
2424,3186,2026-08-10 06:27:20,2026-08-14,2026-08-13,Next-Day Air,TRK-3186-2424,Delivered
2425,3187,2025-11-25 07:37:58,2025-11-29,,Standard Ground,TRK-3187-2425,In Transit
2426,3188,2026-07-31 15:01:40,2026-08-04,2026-08-03,Standard Ground,TRK-3188-2426,Delivered
2427,3191,2026-07-19 07:27:15,2026-07-23,2026-07-22,Next-Day Air,TRK-3191-2427,Delivered
2428,3193,2025-12-03 16:20:33,2025-12-07,,Next-Day Air,TRK-3193-2428,In Transit
2429,3194,2026-04-24 08:06:06,2026-04-28,,Standard Ground,TRK-3194-2429,In Transit
2430,3195,2025-11-29 18:33:10,2025-12-03,2025-12-02,Standard Ground,TRK-3195-2430,Delivered
2431,3196,2026-01-03 12:14:11,2026-01-07,2026-01-08,Standard Ground,TRK-3196-2431,Delivered
2432,3197,2026-07-11 12:31:12,2026-07-15,2026-07-15,Next-Day Air,TRK-3197-2432,Delivered
2433,3198,2025-06-24 15:41:30,2025-06-28,2025-06-29,Express Courier,TRK-3198-2433,Delivered
2434,3199,2026-03-03 11:49:25,2026-03-07,,Next-Day Air,TRK-3199-2434,In Transit
2435,3201,2024-03-05 18:32:20,2024-03-09,2024-03-09,Standard Ground,TRK-3201-2435,Delivered
2436,3202,2026-03-21 02:23:21,2026-03-25,2026-03-24,Next-Day Air,TRK-3202-2436,Delivered
2437,3203,2026-05-24 06:03:57,2026-05-28,2026-05-26,Next-Day Air,TRK-3203-2437,Delivered
2438,3204,2025-12-18 09:12:39,2025-12-22,2025-12-21,Next-Day Air,TRK-3204-2438,Delivered
2439,3206,2026-08-01 10:21:11,2026-08-05,2026-08-04,Next-Day Air,TRK-3206-2439,Delivered
2440,3207,2026-04-14 08:32:02,2026-04-18,2026-04-18,Express Courier,TRK-3207-2440,Delivered
2441,3209,2026-05-13 08:40:56,2026-05-17,2026-05-16,Standard Ground,TRK-3209-2441,Delivered
2442,3210,2026-04-25 21:11:37,2026-04-29,2026-04-28,Standard Ground,TRK-3210-2442,Delivered
2443,3212,2026-05-29 00:37:14,2026-06-02,2026-06-03,Express Courier,TRK-3212-2443,Delivered
2444,3213,2025-07-14 20:06:06,2025-07-18,,Standard Ground,TRK-3213-2444,In Transit
2445,3214,2025-10-06 17:08:13,2025-10-10,2025-10-09,Next-Day Air,TRK-3214-2445,Delivered
2446,3215,2026-01-20 14:47:47,2026-01-24,2026-01-23,Standard Ground,TRK-3215-2446,Delivered
2447,3216,2026-07-14 12:23:35,2026-07-18,2026-07-19,Standard Ground,TRK-3216-2447,Delivered
2448,3217,2026-01-13 22:06:04,2026-01-17,2026-01-17,Next-Day Air,TRK-3217-2448,Delivered
2449,3219,2026-06-14 01:33:09,2026-06-18,2026-06-19,Standard Ground,TRK-3219-2449,Delivered
2450,3220,2025-01-09 06:24:24,2025-01-13,2025-01-11,Express Courier,TRK-3220-2450,Delivered
2451,3221,2025-08-24 00:36:56,2025-08-28,2025-08-26,Express Courier,TRK-3221-2451,Delivered
2452,3222,2026-04-01 19:07:21,2026-04-05,2026-04-06,Express Courier,TRK-3222-2452,Delivered
2453,3224,2025-02-09 20:33:46,2025-02-13,2025-02-11,Next-Day Air,TRK-3224-2453,Delivered
2454,3226,2026-09-01 11:08:48,2026-09-05,,Express Courier,TRK-3226-2454,In Transit
2455,3228,2026-08-17 22:53:51,2026-08-21,2026-08-20,Express Courier,TRK-3228-2455,Delivered
2456,3229,2025-04-11 15:55:46,2025-04-15,2025-04-15,Express Courier,TRK-3229-2456,Delivered
2457,3230,2026-04-20 22:52:42,2026-04-24,2026-04-25,Next-Day Air,TRK-3230-2457,Delivered
2458,3233,2025-03-12 09:31:32,2025-03-16,2025-03-17,Standard Ground,TRK-3233-2458,Delivered
2459,3234,2026-08-22 03:27:46,2026-08-26,,Next-Day Air,TRK-3234-2459,In Transit
2460,3235,2026-06-17 21:49:11,2026-06-21,2026-06-19,Next-Day Air,TRK-3235-2460,Delivered
2461,3237,2024-10-30 16:10:47,2024-11-03,2024-11-02,Express Courier,TRK-3237-2461,Delivered
2462,3238,2024-12-04 20:17:07,2024-12-08,2024-12-09,Next-Day Air,TRK-3238-2462,Delivered
2463,3240,2026-08-12 21:18:12,2026-08-16,2026-08-15,Next-Day Air,TRK-3240-2463,Delivered
2464,3241,2026-02-17 05:11:32,2026-02-21,2026-02-19,Standard Ground,TRK-3241-2464,Delivered
2465,3243,2026-07-01 17:10:14,2026-07-05,,Standard Ground,TRK-3243-2465,In Transit
2466,3246,2026-07-05 01:16:56,2026-07-09,2026-07-10,Standard Ground,TRK-3246-2466,Delivered
2467,3247,2026-06-08 08:27:51,2026-06-12,,Standard Ground,TRK-3247-2467,In Transit
2468,3248,2026-05-02 10:31:29,2026-05-06,,Next-Day Air,TRK-3248-2468,In Transit
2469,3250,2025-10-07 23:05:19,2025-10-11,2025-10-10,Express Courier,TRK-3250-2469,Delivered
2470,3252,2025-06-05 01:55:08,2025-06-09,,Express Courier,TRK-3252-2470,In Transit
2471,3253,2026-07-29 15:47:42,2026-08-02,2026-08-02,Express Courier,TRK-3253-2471,Delivered
2472,3254,2025-08-06 16:45:33,2025-08-10,2025-08-08,Next-Day Air,TRK-3254-2472,Delivered
2473,3255,2025-11-01 19:55:24,2025-11-05,,Standard Ground,TRK-3255-2473,In Transit
2474,3256,2025-09-16 09:55:50,2025-09-20,,Next-Day Air,TRK-3256-2474,In Transit
2475,3257,2024-05-26 13:29:19,2024-05-30,2024-05-28,Express Courier,TRK-3257-2475,Delivered
2476,3260,2026-01-20 00:24:58,2026-01-24,,Standard Ground,TRK-3260-2476,In Transit
2477,3261,2026-08-27 11:32:59,2026-08-31,2026-08-31,Express Courier,TRK-3261-2477,Delivered
2478,3262,2025-05-20 11:14:09,2025-05-24,,Standard Ground,TRK-3262-2478,In Transit
2479,3263,2026-02-17 12:33:40,2026-02-21,,Express Courier,TRK-3263-2479,In Transit
2480,3264,2026-08-11 08:34:04,2026-08-15,,Express Courier,TRK-3264-2480,In Transit
2481,3265,2026-05-19 08:11:53,2026-05-23,,Express Courier,TRK-3265-2481,In Transit
2482,3268,2026-06-26 20:24:42,2026-06-30,,Next-Day Air,TRK-3268-2482,In Transit
2483,3269,2026-08-01 21:41:35,2026-08-05,2026-08-04,Express Courier,TRK-3269-2483,Delivered
2484,3270,2026-04-02 11:08:09,2026-04-06,,Next-Day Air,TRK-3270-2484,In Transit
2485,3272,2025-10-26 01:30:17,2025-10-30,,Express Courier,TRK-3272-2485,In Transit
2486,3274,2024-10-01 12:32:23,2024-10-05,2024-10-04,Standard Ground,TRK-3274-2486,Delivered
2487,3275,2025-06-09 11:35:10,2025-06-13,2025-06-14,Standard Ground,TRK-3275-2487,Delivered
2488,3276,2025-10-05 16:34:45,2025-10-09,,Next-Day Air,TRK-3276-2488,In Transit
2489,3277,2026-03-22 15:48:20,2026-03-26,2026-03-26,Express Courier,TRK-3277-2489,Delivered
2490,3278,2024-05-10 07:43:58,2024-05-14,2024-05-14,Express Courier,TRK-3278-2490,Delivered
2491,3279,2024-06-28 04:54:54,2024-07-02,2024-07-02,Next-Day Air,TRK-3279-2491,Delivered
2492,3280,2026-08-29 08:09:43,2026-09-02,2026-09-02,Next-Day Air,TRK-3280-2492,Delivered
2493,3281,2026-03-10 18:08:55,2026-03-14,2026-03-12,Next-Day Air,TRK-3281-2493,Delivered
2494,3282,2025-04-18 19:25:10,2025-04-22,2025-04-20,Standard Ground,TRK-3282-2494,Delivered
2495,3283,2026-06-26 14:34:45,2026-06-30,2026-06-29,Next-Day Air,TRK-3283-2495,Delivered
2496,3284,2025-06-01 12:03:18,2025-06-05,2025-06-05,Express Courier,TRK-3284-2496,Delivered
2497,3285,2026-02-01 07:16:53,2026-02-05,2026-02-04,Next-Day Air,TRK-3285-2497,Delivered
2498,3286,2026-01-14 11:20:44,2026-01-18,2026-01-19,Standard Ground,TRK-3286-2498,Delivered
2499,3288,2026-03-20 21:27:07,2026-03-24,2026-03-22,Express Courier,TRK-3288-2499,Delivered
2500,3289,2025-10-25 08:42:48,2025-10-29,2025-10-29,Next-Day Air,TRK-3289-2500,Delivered
2501,3290,2025-11-15 03:24:35,2025-11-19,2025-11-18,Standard Ground,TRK-3290-2501,Delivered
2502,3291,2025-06-20 12:45:21,2025-06-24,,Next-Day Air,TRK-3291-2502,In Transit
2503,3292,2026-06-06 20:41:16,2026-06-10,2026-06-11,Express Courier,TRK-3292-2503,Delivered
2504,3294,2026-02-02 16:05:49,2026-02-06,2026-02-05,Express Courier,TRK-3294-2504,Delivered
2505,3295,2026-02-16 23:05:53,2026-02-20,2026-02-20,Standard Ground,TRK-3295-2505,Delivered
2506,3296,2026-06-19 05:53:15,2026-06-23,2026-06-23,Next-Day Air,TRK-3296-2506,Delivered
2507,3298,2026-05-28 00:41:41,2026-06-01,,Next-Day Air,TRK-3298-2507,In Transit
2508,3299,2026-03-02 10:25:20,2026-03-06,,Next-Day Air,TRK-3299-2508,In Transit
2509,3300,2026-08-22 17:16:33,2026-08-26,2026-08-26,Standard Ground,TRK-3300-2509,Delivered
2510,3301,2025-08-11 13:40:34,2025-08-15,2025-08-14,Next-Day Air,TRK-3301-2510,Delivered
2511,3303,2026-05-16 04:00:16,2026-05-20,2026-05-21,Next-Day Air,TRK-3303-2511,Delivered
2512,3304,2025-07-28 04:15:30,2025-08-01,2025-07-31,Standard Ground,TRK-3304-2512,Delivered
2513,3305,2026-04-20 02:49:03,2026-04-24,2026-04-24,Express Courier,TRK-3305-2513,Delivered
2514,3306,2025-10-15 20:47:16,2025-10-19,2025-10-18,Standard Ground,TRK-3306-2514,Delivered
2515,3307,2026-01-03 17:34:43,2026-01-07,2026-01-06,Standard Ground,TRK-3307-2515,Delivered
2516,3310,2026-08-18 05:40:45,2026-08-22,2026-08-22,Express Courier,TRK-3310-2516,Delivered
2517,3312,2025-05-06 18:28:29,2025-05-10,2025-05-09,Standard Ground,TRK-3312-2517,Delivered
2518,3314,2026-08-16 04:09:42,2026-08-20,2026-08-19,Next-Day Air,TRK-3314-2518,Delivered
2519,3316,2025-02-14 18:00:21,2025-02-18,2025-02-16,Standard Ground,TRK-3316-2519,Delivered
2520,3317,2024-05-19 07:15:09,2024-05-23,,Express Courier,TRK-3317-2520,In Transit
2521,3318,2024-09-01 04:30:08,2024-09-05,2024-09-05,Next-Day Air,TRK-3318-2521,Delivered
2522,3319,2024-10-27 11:15:29,2024-10-31,2024-11-01,Express Courier,TRK-3319-2522,Delivered
2523,3320,2026-04-14 03:15:56,2026-04-18,2026-04-17,Express Courier,TRK-3320-2523,Delivered
2524,3322,2026-08-16 16:12:08,2026-08-20,2026-08-19,Express Courier,TRK-3322-2524,Delivered
2525,3324,2026-08-03 15:18:04,2026-08-07,2026-08-07,Express Courier,TRK-3324-2525,Delivered
2526,3325,2026-09-01 10:33:54,2026-09-05,2026-09-05,Express Courier,TRK-3325-2526,Delivered
2527,3326,2026-06-09 16:23:50,2026-06-13,2026-06-12,Standard Ground,TRK-3326-2527,Delivered
2528,3327,2026-06-07 19:53:03,2026-06-11,2026-06-09,Standard Ground,TRK-3327-2528,Delivered
2529,3328,2026-09-01 02:59:30,2026-09-05,,Express Courier,TRK-3328-2529,In Transit
2530,3329,2026-07-25 12:14:31,2026-07-29,2026-07-29,Express Courier,TRK-3329-2530,Delivered
2531,3330,2026-05-22 13:36:08,2026-05-26,2026-05-27,Standard Ground,TRK-3330-2531,Delivered
2532,3331,2026-03-13 18:11:25,2026-03-17,2026-03-15,Next-Day Air,TRK-3331-2532,Delivered
2533,3332,2024-05-28 07:16:48,2024-06-01,2024-06-01,Standard Ground,TRK-3332-2533,Delivered
2534,3335,2023-12-10 10:51:44,2023-12-14,2023-12-15,Standard Ground,TRK-3335-2534,Delivered
2535,3336,2026-08-19 05:47:36,2026-08-23,2026-08-24,Express Courier,TRK-3336-2535,Delivered
2536,3337,2026-05-11 02:36:40,2026-05-15,2026-05-14,Express Courier,TRK-3337-2536,Delivered
2537,3338,2026-04-18 20:50:38,2026-04-22,2026-04-21,Express Courier,TRK-3338-2537,Delivered
2538,3339,2025-04-07 17:14:09,2025-04-11,2025-04-10,Next-Day Air,TRK-3339-2538,Delivered
2539,3340,2025-06-01 22:16:48,2025-06-05,2025-06-05,Next-Day Air,TRK-3340-2539,Delivered
2540,3341,2024-03-31 10:02:20,2024-04-04,2024-04-04,Express Courier,TRK-3341-2540,Delivered
2541,3342,2026-09-01 01:45:07,2026-09-05,2026-09-06,Next-Day Air,TRK-3342-2541,Delivered
2542,3343,2025-10-16 04:01:23,2025-10-20,2025-10-19,Express Courier,TRK-3343-2542,Delivered
2543,3344,2025-06-15 20:52:02,2025-06-19,,Next-Day Air,TRK-3344-2543,In Transit
2544,3345,2024-11-06 17:40:33,2024-11-10,2024-11-11,Next-Day Air,TRK-3345-2544,Delivered
2545,3346,2026-03-05 07:28:06,2026-03-09,2026-03-07,Standard Ground,TRK-3346-2545,Delivered
2546,3350,2026-04-03 01:20:27,2026-04-07,2026-04-08,Express Courier,TRK-3350-2546,Delivered
2547,3351,2026-08-29 19:25:55,2026-09-02,2026-09-03,Next-Day Air,TRK-3351-2547,Delivered
2548,3352,2026-08-22 05:33:21,2026-08-26,2026-08-24,Next-Day Air,TRK-3352-2548,Delivered
2549,3353,2026-04-10 10:14:37,2026-04-14,2026-04-12,Next-Day Air,TRK-3353-2549,Delivered
2550,3354,2025-09-04 21:36:24,2025-09-08,2025-09-07,Next-Day Air,TRK-3354-2550,Delivered
2551,3355,2026-03-21 07:09:36,2026-03-25,2026-03-25,Standard Ground,TRK-3355-2551,Delivered
2552,3356,2026-07-10 04:32:33,2026-07-14,2026-07-13,Standard Ground,TRK-3356-2552,Delivered
2553,3357,2026-08-14 22:39:04,2026-08-18,2026-08-16,Next-Day Air,TRK-3357-2553,Delivered
2554,3358,2025-10-15 15:38:27,2025-10-19,2025-10-18,Next-Day Air,TRK-3358-2554,Delivered
2555,3360,2026-08-24 02:24:10,2026-08-28,2026-08-29,Express Courier,TRK-3360-2555,Delivered
2556,3361,2025-11-09 10:45:47,2025-11-13,2025-11-11,Standard Ground,TRK-3361-2556,Delivered
2557,3362,2026-06-03 22:01:12,2026-06-07,2026-06-08,Standard Ground,TRK-3362-2557,Delivered
2558,3363,2026-06-24 19:01:17,2026-06-28,,Next-Day Air,TRK-3363-2558,In Transit
2559,3365,2026-06-15 20:30:37,2026-06-19,2026-06-18,Standard Ground,TRK-3365-2559,Delivered
2560,3367,2025-05-09 21:49:03,2025-05-13,2025-05-14,Standard Ground,TRK-3367-2560,Delivered
2561,3368,2025-05-15 12:52:02,2025-05-19,2025-05-20,Express Courier,TRK-3368-2561,Delivered
2562,3369,2024-12-03 12:20:47,2024-12-07,2024-12-08,Express Courier,TRK-3369-2562,Delivered
2563,3372,2026-08-14 22:43:55,2026-08-18,2026-08-17,Express Courier,TRK-3372-2563,Delivered
2564,3373,2024-12-02 22:10:58,2024-12-06,2024-12-06,Standard Ground,TRK-3373-2564,Delivered
2565,3375,2024-12-14 20:30:04,2024-12-18,2024-12-19,Express Courier,TRK-3375-2565,Delivered
2566,3376,2026-05-04 13:00:21,2026-05-08,2026-05-06,Express Courier,TRK-3376-2566,Delivered
2567,3377,2026-08-18 20:12:15,2026-08-22,2026-08-21,Standard Ground,TRK-3377-2567,Delivered
2568,3378,2024-06-27 04:35:21,2024-07-01,2024-06-30,Standard Ground,TRK-3378-2568,Delivered
2569,3379,2026-07-21 13:32:31,2026-07-25,2026-07-25,Standard Ground,TRK-3379-2569,Delivered
2570,3380,2026-08-31 04:32:32,2026-09-04,2026-09-02,Express Courier,TRK-3380-2570,Delivered
2571,3382,2024-09-23 18:57:34,2024-09-27,2024-09-25,Next-Day Air,TRK-3382-2571,Delivered
2572,3383,2025-11-08 23:09:18,2025-11-12,,Next-Day Air,TRK-3383-2572,In Transit
2573,3384,2026-03-24 16:30:09,2026-03-28,,Standard Ground,TRK-3384-2573,In Transit
2574,3386,2026-08-03 09:23:31,2026-08-07,2026-08-06,Standard Ground,TRK-3386-2574,Delivered
2575,3389,2026-07-04 04:47:55,2026-07-08,2026-07-06,Standard Ground,TRK-3389-2575,Delivered
2576,3391,2025-10-29 17:13:23,2025-11-02,2025-11-03,Standard Ground,TRK-3391-2576,Delivered
2577,3392,2025-09-25 22:18:24,2025-09-29,,Standard Ground,TRK-3392-2577,In Transit
2578,3394,2026-07-03 08:22:00,2026-07-07,2026-07-08,Standard Ground,TRK-3394-2578,Delivered
2579,3395,2024-11-22 12:40:58,2024-11-26,2024-11-24,Next-Day Air,TRK-3395-2579,Delivered
2580,3396,2026-07-15 04:57:24,2026-07-19,2026-07-18,Express Courier,TRK-3396-2580,Delivered
2581,3397,2026-08-30 12:07:13,2026-09-03,2026-09-03,Express Courier,TRK-3397-2581,Delivered
2582,3398,2026-04-04 01:20:12,2026-04-08,2026-04-07,Next-Day Air,TRK-3398-2582,Delivered
2583,3399,2026-08-20 10:13:31,2026-08-24,2026-08-22,Express Courier,TRK-3399-2583,Delivered
2584,3400,2026-06-02 10:36:37,2026-06-06,2026-06-07,Next-Day Air,TRK-3400-2584,Delivered
2585,3405,2026-02-18 03:35:05,2026-02-22,2026-02-23,Express Courier,TRK-3405-2585,Delivered
2586,3406,2025-11-28 01:08:03,2025-12-02,,Next-Day Air,TRK-3406-2586,In Transit
2587,3407,2024-12-11 10:25:02,2024-12-15,,Next-Day Air,TRK-3407-2587,In Transit
2588,3410,2026-08-11 14:11:32,2026-08-15,,Next-Day Air,TRK-3410-2588,In Transit
2589,3411,2026-07-20 04:41:19,2026-07-24,,Express Courier,TRK-3411-2589,In Transit
2590,3413,2026-03-08 05:33:43,2026-03-12,,Express Courier,TRK-3413-2590,In Transit
2591,3415,2025-07-25 23:32:55,2025-07-29,2025-07-29,Standard Ground,TRK-3415-2591,Delivered
2592,3416,2026-01-04 21:49:40,2026-01-08,,Express Courier,TRK-3416-2592,In Transit
2593,3418,2026-01-16 16:26:28,2026-01-20,,Next-Day Air,TRK-3418-2593,In Transit
2594,3419,2026-02-28 23:17:39,2026-03-04,,Standard Ground,TRK-3419-2594,In Transit
2595,3421,2025-10-21 21:05:00,2025-10-25,2025-10-24,Express Courier,TRK-3421-2595,Delivered
2596,3422,2025-05-27 12:01:14,2025-05-31,2025-05-29,Express Courier,TRK-3422-2596,Delivered
2597,3423,2025-05-05 16:19:04,2025-05-09,2025-05-09,Standard Ground,TRK-3423-2597,Delivered
2598,3424,2026-08-01 23:27:06,2026-08-05,2026-08-06,Next-Day Air,TRK-3424-2598,Delivered
2599,3426,2026-01-10 16:38:26,2026-01-14,2026-01-13,Express Courier,TRK-3426-2599,Delivered
2600,3428,2026-08-10 08:01:26,2026-08-14,2026-08-13,Standard Ground,TRK-3428-2600,Delivered
2601,3429,2024-02-04 16:05:40,2024-02-08,2024-02-07,Next-Day Air,TRK-3429-2601,Delivered
2602,3431,2025-06-14 14:27:13,2025-06-18,2025-06-18,Express Courier,TRK-3431-2602,Delivered
2603,3432,2026-05-05 22:39:18,2026-05-09,2026-05-10,Express Courier,TRK-3432-2603,Delivered
2604,3433,2025-12-13 16:31:24,2025-12-17,2025-12-16,Next-Day Air,TRK-3433-2604,Delivered
2605,3435,2026-02-18 05:56:09,2026-02-22,2026-02-20,Next-Day Air,TRK-3435-2605,Delivered
2606,3436,2026-01-11 13:09:34,2026-01-15,2026-01-13,Standard Ground,TRK-3436-2606,Delivered
2607,3437,2024-12-20 12:44:39,2024-12-24,2024-12-22,Express Courier,TRK-3437-2607,Delivered
2608,3439,2026-05-04 05:28:33,2026-05-08,2026-05-09,Standard Ground,TRK-3439-2608,Delivered
2609,3440,2026-05-26 04:07:05,2026-05-30,2026-05-31,Next-Day Air,TRK-3440-2609,Delivered
2610,3441,2025-11-22 13:29:45,2025-11-26,2025-11-24,Next-Day Air,TRK-3441-2610,Delivered
2611,3442,2024-02-26 03:11:54,2024-03-01,2024-03-02,Standard Ground,TRK-3442-2611,Delivered
2612,3443,2026-03-13 11:47:52,2026-03-17,2026-03-18,Express Courier,TRK-3443-2612,Delivered
2613,3445,2026-05-01 09:48:59,2026-05-05,2026-05-03,Next-Day Air,TRK-3445-2613,Delivered
2614,3448,2026-05-01 02:54:49,2026-05-05,2026-05-06,Express Courier,TRK-3448-2614,Delivered
2615,3450,2024-05-19 14:42:50,2024-05-23,2024-05-23,Express Courier,TRK-3450-2615,Delivered
2616,3451,2026-07-20 03:08:52,2026-07-24,2026-07-25,Express Courier,TRK-3451-2616,Delivered
2617,3452,2026-06-26 09:43:33,2026-06-30,2026-06-29,Standard Ground,TRK-3452-2617,Delivered
2618,3453,2026-04-04 16:08:24,2026-04-08,2026-04-07,Next-Day Air,TRK-3453-2618,Delivered
2619,3455,2025-11-27 17:37:07,2025-12-01,,Express Courier,TRK-3455-2619,In Transit
2620,3456,2024-02-03 06:37:58,2024-02-07,2024-02-05,Next-Day Air,TRK-3456-2620,Delivered
2621,3458,2026-04-15 04:10:52,2026-04-19,2026-04-20,Standard Ground,TRK-3458-2621,Delivered
2622,3459,2024-09-27 05:46:37,2024-10-01,,Next-Day Air,TRK-3459-2622,In Transit
2623,3460,2025-03-20 05:37:44,2025-03-24,2025-03-23,Next-Day Air,TRK-3460-2623,Delivered
2624,3461,2025-02-17 03:54:00,2025-02-21,2025-02-20,Next-Day Air,TRK-3461-2624,Delivered
2625,3463,2026-04-14 13:28:26,2026-04-18,2026-04-19,Express Courier,TRK-3463-2625,Delivered
2626,3466,2026-08-11 08:07:27,2026-08-15,2026-08-16,Standard Ground,TRK-3466-2626,Delivered
2627,3467,2025-02-10 17:52:14,2025-02-14,2025-02-13,Next-Day Air,TRK-3467-2627,Delivered
2628,3470,2026-08-30 16:23:08,2026-09-03,2026-09-02,Standard Ground,TRK-3470-2628,Delivered
2629,3471,2026-08-23 01:25:24,2026-08-27,2026-08-26,Next-Day Air,TRK-3471-2629,Delivered
2630,3472,2026-02-28 22:59:57,2026-03-04,2026-03-04,Express Courier,TRK-3472-2630,Delivered
2631,3473,2025-10-06 01:31:36,2025-10-10,2025-10-08,Express Courier,TRK-3473-2631,Delivered
2632,3474,2026-07-10 15:39:41,2026-07-14,2026-07-14,Standard Ground,TRK-3474-2632,Delivered
2633,3475,2025-03-11 04:44:07,2025-03-15,2025-03-15,Standard Ground,TRK-3475-2633,Delivered
2634,3476,2025-04-26 03:13:59,2025-04-30,2025-04-28,Next-Day Air,TRK-3476-2634,Delivered
2635,3478,2025-12-23 21:33:44,2025-12-27,2025-12-27,Standard Ground,TRK-3478-2635,Delivered
2636,3479,2024-12-26 17:37:25,2024-12-30,2024-12-31,Express Courier,TRK-3479-2636,Delivered
2637,3480,2026-05-11 15:03:16,2026-05-15,,Express Courier,TRK-3480-2637,In Transit
2638,3481,2026-03-11 02:51:19,2026-03-15,2026-03-15,Standard Ground,TRK-3481-2638,Delivered
2639,3482,2025-06-06 17:53:11,2025-06-10,2025-06-09,Standard Ground,TRK-3482-2639,Delivered
2640,3484,2026-05-17 00:20:11,2026-05-21,2026-05-20,Next-Day Air,TRK-3484-2640,Delivered
2641,3485,2026-07-31 09:00:18,2026-08-04,2026-08-05,Next-Day Air,TRK-3485-2641,Delivered
2642,3486,2026-07-18 19:51:06,2026-07-22,2026-07-23,Standard Ground,TRK-3486-2642,Delivered
2643,3487,2026-02-16 00:46:54,2026-02-20,,Standard Ground,TRK-3487-2643,In Transit
2644,3488,2024-06-28 00:45:09,2024-07-02,2024-07-01,Standard Ground,TRK-3488-2644,Delivered
2645,3491,2026-03-31 14:48:52,2026-04-04,2026-04-02,Express Courier,TRK-3491-2645,Delivered
2646,3492,2025-04-15 06:43:43,2025-04-19,2025-04-20,Next-Day Air,TRK-3492-2646,Delivered
2647,3493,2025-12-06 08:52:49,2025-12-10,2025-12-08,Express Courier,TRK-3493-2647,Delivered
2648,3494,2026-08-28 17:36:40,2026-09-01,2026-08-30,Standard Ground,TRK-3494-2648,Delivered
2649,3496,2026-08-21 14:03:03,2026-08-25,2026-08-26,Express Courier,TRK-3496-2649,Delivered
2650,3497,2025-09-09 14:02:25,2025-09-13,,Express Courier,TRK-3497-2650,In Transit
2651,3498,2025-10-06 02:08:36,2025-10-10,,Express Courier,TRK-3498-2651,In Transit
2652,3499,2025-12-04 19:14:43,2025-12-08,2025-12-08,Standard Ground,TRK-3499-2652,Delivered
2653,3500,2024-04-03 21:37:40,2024-04-07,2024-04-06,Standard Ground,TRK-3500-2653,Delivered
2654,3501,2026-05-13 06:53:01,2026-05-17,2026-05-18,Next-Day Air,TRK-3501-2654,Delivered
2655,3502,2026-05-26 07:44:49,2026-05-30,2026-05-28,Standard Ground,TRK-3502-2655,Delivered
2656,3503,2024-09-07 13:02:10,2024-09-11,2024-09-12,Express Courier,TRK-3503-2656,Delivered
2657,3504,2026-04-09 08:03:29,2026-04-13,2026-04-13,Express Courier,TRK-3504-2657,Delivered
2658,3505,2025-11-07 21:43:59,2025-11-11,2025-11-10,Standard Ground,TRK-3505-2658,Delivered
2659,3506,2025-05-09 23:12:06,2025-05-13,2025-05-14,Next-Day Air,TRK-3506-2659,Delivered
2660,3507,2025-12-21 10:55:44,2025-12-25,,Next-Day Air,TRK-3507-2660,In Transit
2661,3508,2025-12-21 00:14:34,2025-12-25,,Standard Ground,TRK-3508-2661,In Transit
2662,3510,2024-12-05 12:58:13,2024-12-09,2024-12-09,Standard Ground,TRK-3510-2662,Delivered
2663,3511,2024-11-27 04:50:09,2024-12-01,2024-11-29,Next-Day Air,TRK-3511-2663,Delivered
2664,3512,2025-04-20 17:13:22,2025-04-24,2025-04-22,Next-Day Air,TRK-3512-2664,Delivered
2665,3514,2025-01-26 04:02:19,2025-01-30,2025-01-31,Express Courier,TRK-3514-2665,Delivered
2666,3515,2025-09-03 19:56:48,2025-09-07,2025-09-06,Express Courier,TRK-3515-2666,Delivered
2667,3518,2026-04-10 08:47:33,2026-04-14,2026-04-14,Standard Ground,TRK-3518-2667,Delivered
2668,3519,2026-02-21 17:49:49,2026-02-25,2026-02-23,Next-Day Air,TRK-3519-2668,Delivered
2669,3520,2024-08-25 21:01:11,2024-08-29,2024-08-28,Standard Ground,TRK-3520-2669,Delivered
2670,3521,2026-06-01 10:51:15,2026-06-05,2026-06-03,Next-Day Air,TRK-3521-2670,Delivered
2671,3522,2026-05-14 10:59:15,2026-05-18,2026-05-16,Standard Ground,TRK-3522-2671,Delivered
2672,3523,2026-05-21 07:22:49,2026-05-25,2026-05-24,Express Courier,TRK-3523-2672,Delivered
2673,3524,2024-08-03 22:48:53,2024-08-07,2024-08-07,Standard Ground,TRK-3524-2673,Delivered
2674,3525,2026-06-02 20:43:57,2026-06-06,2026-06-06,Express Courier,TRK-3525-2674,Delivered
2675,3527,2026-01-10 03:28:35,2026-01-14,2026-01-15,Express Courier,TRK-3527-2675,Delivered
2676,3528,2024-11-24 06:11:11,2024-11-28,,Standard Ground,TRK-3528-2676,In Transit
2677,3530,2026-02-16 08:50:21,2026-02-20,2026-02-20,Express Courier,TRK-3530-2677,Delivered
2678,3531,2025-11-27 13:25:30,2025-12-01,2025-11-30,Express Courier,TRK-3531-2678,Delivered
2679,3532,2026-03-16 00:03:45,2026-03-20,2026-03-20,Standard Ground,TRK-3532-2679,Delivered
2680,3533,2025-02-17 15:43:41,2025-02-21,2025-02-19,Next-Day Air,TRK-3533-2680,Delivered
2681,3534,2026-07-01 08:25:20,2026-07-05,,Standard Ground,TRK-3534-2681,In Transit
2682,3535,2026-03-07 10:19:05,2026-03-11,2026-03-11,Next-Day Air,TRK-3535-2682,Delivered
2683,3537,2026-05-08 18:26:20,2026-05-12,,Express Courier,TRK-3537-2683,In Transit
2684,3538,2026-06-24 15:47:57,2026-06-28,2026-06-26,Next-Day Air,TRK-3538-2684,Delivered
2685,3539,2026-07-02 12:49:09,2026-07-06,2026-07-06,Standard Ground,TRK-3539-2685,Delivered
2686,3540,2025-08-20 01:31:53,2025-08-24,2025-08-25,Standard Ground,TRK-3540-2686,Delivered
2687,3541,2026-08-27 01:30:46,2026-08-31,2026-09-01,Express Courier,TRK-3541-2687,Delivered
2688,3542,2025-11-15 07:57:59,2025-11-19,2025-11-17,Standard Ground,TRK-3542-2688,Delivered
2689,3543,2026-08-02 02:22:06,2026-08-06,2026-08-05,Standard Ground,TRK-3543-2689,Delivered
2690,3544,2026-06-15 12:04:54,2026-06-19,2026-06-17,Express Courier,TRK-3544-2690,Delivered
2691,3545,2026-09-02 01:52:37,2026-09-06,2026-09-05,Next-Day Air,TRK-3545-2691,Delivered
2692,3546,2025-10-05 07:16:35,2025-10-09,,Next-Day Air,TRK-3546-2692,In Transit
2693,3547,2026-08-27 16:30:07,2026-08-31,2026-08-30,Standard Ground,TRK-3547-2693,Delivered
2694,3548,2026-08-13 13:51:30,2026-08-17,2026-08-18,Express Courier,TRK-3548-2694,Delivered
2695,3549,2025-12-11 22:27:43,2025-12-15,2025-12-15,Standard Ground,TRK-3549-2695,Delivered
2696,3550,2026-02-14 05:45:03,2026-02-18,2026-02-16,Next-Day Air,TRK-3550-2696,Delivered
2697,3552,2025-01-06 11:49:43,2025-01-10,2025-01-10,Next-Day Air,TRK-3552-2697,Delivered
2698,3554,2026-04-04 08:46:43,2026-04-08,2026-04-08,Next-Day Air,TRK-3554-2698,Delivered
2699,3555,2024-09-08 09:41:17,2024-09-12,,Express Courier,TRK-3555-2699,In Transit
2700,3558,2026-05-18 16:31:56,2026-05-22,2026-05-23,Standard Ground,TRK-3558-2700,Delivered
2701,3559,2024-09-05 06:57:53,2024-09-09,2024-09-10,Express Courier,TRK-3559-2701,Delivered
2702,3560,2026-02-07 21:12:14,2026-02-11,2026-02-10,Express Courier,TRK-3560-2702,Delivered
2703,3562,2026-03-19 16:36:51,2026-03-23,2026-03-24,Next-Day Air,TRK-3562-2703,Delivered
2704,3563,2026-01-05 10:00:16,2026-01-09,2026-01-10,Express Courier,TRK-3563-2704,Delivered
2705,3565,2026-02-20 07:24:49,2026-02-24,2026-02-22,Next-Day Air,TRK-3565-2705,Delivered
2706,3567,2026-06-15 11:03:00,2026-06-19,2026-06-20,Express Courier,TRK-3567-2706,Delivered
2707,3568,2026-03-18 18:12:58,2026-03-22,,Express Courier,TRK-3568-2707,In Transit
2708,3569,2025-09-13 00:32:54,2025-09-17,2025-09-15,Standard Ground,TRK-3569-2708,Delivered
2709,3570,2026-05-01 07:52:59,2026-05-05,2026-05-04,Standard Ground,TRK-3570-2709,Delivered
2710,3571,2024-12-19 13:04:08,2024-12-23,2024-12-23,Standard Ground,TRK-3571-2710,Delivered
2711,3572,2026-02-14 09:17:07,2026-02-18,2026-02-16,Express Courier,TRK-3572-2711,Delivered
2712,3573,2026-05-10 08:31:48,2026-05-14,2026-05-15,Standard Ground,TRK-3573-2712,Delivered
2713,3574,2026-07-06 00:17:50,2026-07-10,,Express Courier,TRK-3574-2713,In Transit
2714,3575,2025-09-26 09:01:03,2025-09-30,2025-09-28,Express Courier,TRK-3575-2714,Delivered
2715,3576,2025-01-10 19:36:29,2025-01-14,2025-01-13,Standard Ground,TRK-3576-2715,Delivered
2716,3577,2026-02-12 17:42:41,2026-02-16,2026-02-17,Express Courier,TRK-3577-2716,Delivered
2717,3579,2025-08-16 23:18:08,2025-08-20,2025-08-20,Express Courier,TRK-3579-2717,Delivered
2718,3580,2026-05-19 17:44:12,2026-05-23,,Next-Day Air,TRK-3580-2718,In Transit
2719,3581,2026-07-17 22:18:28,2026-07-21,2026-07-21,Next-Day Air,TRK-3581-2719,Delivered
2720,3582,2025-07-20 23:27:49,2025-07-24,2025-07-25,Standard Ground,TRK-3582-2720,Delivered
2721,3584,2026-07-07 16:49:37,2026-07-11,2026-07-12,Next-Day Air,TRK-3584-2721,Delivered
2722,3585,2024-10-24 21:47:12,2024-10-28,2024-10-27,Standard Ground,TRK-3585-2722,Delivered
2723,3587,2026-07-21 08:43:05,2026-07-25,2026-07-24,Standard Ground,TRK-3587-2723,Delivered
2724,3588,2026-08-13 16:14:27,2026-08-17,,Express Courier,TRK-3588-2724,In Transit
2725,3589,2026-03-06 19:42:22,2026-03-10,2026-03-09,Express Courier,TRK-3589-2725,Delivered
2726,3591,2024-12-07 16:16:47,2024-12-11,2024-12-12,Express Courier,TRK-3591-2726,Delivered
2727,3592,2025-05-22 02:48:24,2025-05-26,2025-05-25,Standard Ground,TRK-3592-2727,Delivered
2728,3593,2026-07-05 07:31:15,2026-07-09,2026-07-09,Standard Ground,TRK-3593-2728,Delivered
2729,3594,2025-10-09 12:30:55,2025-10-13,,Express Courier,TRK-3594-2729,In Transit
2730,3595,2024-07-10 15:43:00,2024-07-14,2024-07-15,Next-Day Air,TRK-3595-2730,Delivered
2731,3597,2026-08-29 14:00:44,2026-09-02,2026-09-02,Next-Day Air,TRK-3597-2731,Delivered
2732,3599,2026-07-21 03:04:16,2026-07-25,2026-07-23,Express Courier,TRK-3599-2732,Delivered
2733,3600,2024-11-23 17:18:55,2024-11-27,2024-11-26,Express Courier,TRK-3600-2733,Delivered
2734,3601,2024-05-21 23:10:34,2024-05-25,2024-05-25,Express Courier,TRK-3601-2734,Delivered
2735,3602,2025-03-21 05:45:57,2025-03-25,2025-03-24,Standard Ground,TRK-3602-2735,Delivered
2736,3604,2024-09-19 08:57:43,2024-09-23,2024-09-24,Express Courier,TRK-3604-2736,Delivered
2737,3605,2025-06-04 17:55:55,2025-06-08,,Next-Day Air,TRK-3605-2737,In Transit
2738,3606,2026-08-19 21:48:17,2026-08-23,2026-08-24,Standard Ground,TRK-3606-2738,Delivered
2739,3608,2025-08-29 00:05:12,2025-09-02,,Express Courier,TRK-3608-2739,In Transit
2740,3610,2026-08-23 11:56:21,2026-08-27,,Next-Day Air,TRK-3610-2740,In Transit
2741,3611,2026-06-21 07:28:22,2026-06-25,2026-06-23,Next-Day Air,TRK-3611-2741,Delivered
2742,3612,2025-04-01 21:51:41,2025-04-05,2025-04-03,Next-Day Air,TRK-3612-2742,Delivered
2743,3613,2026-05-04 14:31:39,2026-05-08,2026-05-09,Next-Day Air,TRK-3613-2743,Delivered
2744,3614,2024-08-17 15:35:37,2024-08-21,2024-08-19,Standard Ground,TRK-3614-2744,Delivered
2745,3615,2025-05-05 04:50:04,2025-05-09,2025-05-09,Next-Day Air,TRK-3615-2745,Delivered
2746,3617,2024-03-24 17:54:41,2024-03-28,2024-03-27,Next-Day Air,TRK-3617-2746,Delivered
2747,3618,2025-07-10 22:24:47,2025-07-14,2025-07-12,Standard Ground,TRK-3618-2747,Delivered
2748,3619,2025-12-11 12:04:12,2025-12-15,2025-12-15,Express Courier,TRK-3619-2748,Delivered
2749,3620,2024-09-24 02:01:06,2024-09-28,2024-09-26,Next-Day Air,TRK-3620-2749,Delivered
2750,3622,2025-07-31 00:06:04,2025-08-04,2025-08-02,Express Courier,TRK-3622-2750,Delivered
2751,3623,2026-07-28 16:42:26,2026-08-01,2026-07-30,Next-Day Air,TRK-3623-2751,Delivered
2752,3624,2026-08-13 13:42:44,2026-08-17,2026-08-16,Standard Ground,TRK-3624-2752,Delivered
2753,3625,2026-08-30 08:49:00,2026-09-03,2026-09-03,Standard Ground,TRK-3625-2753,Delivered
2754,3627,2025-10-28 10:11:17,2025-11-01,2025-10-30,Next-Day Air,TRK-3627-2754,Delivered
2755,3628,2025-10-20 15:14:16,2025-10-24,2025-10-22,Express Courier,TRK-3628-2755,Delivered
2756,3629,2025-05-08 07:54:39,2025-05-12,2025-05-11,Next-Day Air,TRK-3629-2756,Delivered
2757,3630,2025-04-10 15:31:41,2025-04-14,,Next-Day Air,TRK-3630-2757,In Transit
2758,3632,2025-09-12 19:53:35,2025-09-16,2025-09-14,Express Courier,TRK-3632-2758,Delivered
2759,3633,2026-02-06 16:37:14,2026-02-10,2026-02-09,Next-Day Air,TRK-3633-2759,Delivered
2760,3634,2025-01-25 19:51:29,2025-01-29,2025-01-28,Express Courier,TRK-3634-2760,Delivered
2761,3635,2026-08-30 19:04:04,2026-09-03,,Express Courier,TRK-3635-2761,In Transit
2762,3636,2025-05-22 16:10:43,2025-05-26,2025-05-26,Express Courier,TRK-3636-2762,Delivered
2763,3637,2024-04-10 00:33:58,2024-04-14,2024-04-12,Express Courier,TRK-3637-2763,Delivered
2764,3638,2026-06-18 20:01:13,2026-06-22,2026-06-23,Express Courier,TRK-3638-2764,Delivered
2765,3639,2025-06-19 07:43:38,2025-06-23,2025-06-23,Next-Day Air,TRK-3639-2765,Delivered
2766,3640,2025-06-22 05:39:14,2025-06-26,2025-06-26,Express Courier,TRK-3640-2766,Delivered
2767,3641,2026-04-18 10:37:56,2026-04-22,2026-04-21,Next-Day Air,TRK-3641-2767,Delivered
2768,3642,2026-06-16 06:41:01,2026-06-20,,Next-Day Air,TRK-3642-2768,In Transit
2769,3643,2026-08-22 02:39:13,2026-08-26,2026-08-25,Standard Ground,TRK-3643-2769,Delivered
2770,3644,2025-10-29 03:12:35,2025-11-02,2025-11-02,Next-Day Air,TRK-3644-2770,Delivered
2771,3645,2025-10-18 08:31:39,2025-10-22,2025-10-21,Next-Day Air,TRK-3645-2771,Delivered
2772,3646,2026-08-29 21:36:23,2026-09-02,2026-09-02,Standard Ground,TRK-3646-2772,Delivered
2773,3647,2025-10-29 02:21:36,2025-11-02,,Standard Ground,TRK-3647-2773,In Transit
2774,3649,2025-08-13 00:42:38,2025-08-17,2025-08-16,Express Courier,TRK-3649-2774,Delivered
2775,3650,2026-05-06 17:56:44,2026-05-10,2026-05-08,Standard Ground,TRK-3650-2775,Delivered
2776,3651,2025-10-20 18:25:39,2025-10-24,2025-10-24,Standard Ground,TRK-3651-2776,Delivered
2777,3652,2024-12-01 21:32:03,2024-12-05,2024-12-03,Express Courier,TRK-3652-2777,Delivered
2778,3653,2026-05-21 04:36:05,2026-05-25,2026-05-23,Next-Day Air,TRK-3653-2778,Delivered
2779,3654,2026-02-15 04:37:32,2026-02-19,2026-02-19,Express Courier,TRK-3654-2779,Delivered
2780,3655,2026-08-17 21:12:04,2026-08-21,2026-08-22,Express Courier,TRK-3655-2780,Delivered
2781,3656,2024-04-08 12:38:09,2024-04-12,2024-04-10,Express Courier,TRK-3656-2781,Delivered
2782,3657,2025-10-01 14:04:53,2025-10-05,2025-10-06,Express Courier,TRK-3657-2782,Delivered
2783,3659,2026-08-20 21:28:47,2026-08-24,2026-08-22,Next-Day Air,TRK-3659-2783,Delivered
2784,3660,2026-02-28 05:23:46,2026-03-04,2026-03-05,Standard Ground,TRK-3660-2784,Delivered
2785,3662,2026-06-05 23:51:32,2026-06-09,2026-06-09,Next-Day Air,TRK-3662-2785,Delivered
2786,3663,2026-08-05 22:16:35,2026-08-09,2026-08-07,Express Courier,TRK-3663-2786,Delivered
2787,3664,2025-08-18 17:50:33,2025-08-22,2025-08-21,Express Courier,TRK-3664-2787,Delivered
2788,3666,2026-06-03 10:06:55,2026-06-07,,Express Courier,TRK-3666-2788,In Transit
2789,3669,2024-04-25 13:13:57,2024-04-29,2024-04-29,Standard Ground,TRK-3669-2789,Delivered
2790,3671,2026-01-05 11:27:08,2026-01-09,2026-01-07,Express Courier,TRK-3671-2790,Delivered
2791,3672,2026-02-07 14:53:50,2026-02-11,2026-02-09,Next-Day Air,TRK-3672-2791,Delivered
2792,3674,2026-05-18 13:17:11,2026-05-22,,Standard Ground,TRK-3674-2792,In Transit
2793,3675,2026-07-12 11:55:40,2026-07-16,2026-07-14,Next-Day Air,TRK-3675-2793,Delivered
2794,3676,2025-06-26 23:06:06,2025-06-30,2025-06-28,Standard Ground,TRK-3676-2794,Delivered
2795,3680,2026-03-31 16:31:13,2026-04-04,,Express Courier,TRK-3680-2795,In Transit
2796,3681,2026-03-06 07:32:29,2026-03-10,2026-03-10,Standard Ground,TRK-3681-2796,Delivered
2797,3683,2025-09-20 20:59:24,2025-09-24,2025-09-25,Standard Ground,TRK-3683-2797,Delivered
2798,3684,2026-07-18 03:29:46,2026-07-22,2026-07-23,Express Courier,TRK-3684-2798,Delivered
2799,3685,2026-04-29 22:52:11,2026-05-03,,Next-Day Air,TRK-3685-2799,In Transit
2800,3686,2026-03-15 04:39:53,2026-03-19,2026-03-20,Express Courier,TRK-3686-2800,Delivered
2801,3687,2025-10-07 14:31:55,2025-10-11,,Next-Day Air,TRK-3687-2801,In Transit
2802,3688,2026-07-15 07:41:59,2026-07-19,,Express Courier,TRK-3688-2802,In Transit
2803,3690,2026-08-13 17:23:59,2026-08-17,,Next-Day Air,TRK-3690-2803,In Transit
2804,3691,2024-12-22 19:08:47,2024-12-26,2024-12-27,Standard Ground,TRK-3691-2804,Delivered
2805,3692,2026-01-14 14:30:19,2026-01-18,2026-01-17,Standard Ground,TRK-3692-2805,Delivered
2806,3693,2026-07-12 02:23:56,2026-07-16,2026-07-14,Express Courier,TRK-3693-2806,Delivered
2807,3694,2025-07-04 14:15:57,2025-07-08,2025-07-08,Next-Day Air,TRK-3694-2807,Delivered
2808,3695,2025-08-10 05:17:08,2025-08-14,2025-08-15,Standard Ground,TRK-3695-2808,Delivered
2809,3696,2025-02-21 15:01:29,2025-02-25,2025-02-23,Standard Ground,TRK-3696-2809,Delivered
2810,3697,2024-09-01 19:48:57,2024-09-05,2024-09-03,Standard Ground,TRK-3697-2810,Delivered
2811,3698,2025-11-03 06:12:20,2025-11-07,2025-11-05,Next-Day Air,TRK-3698-2811,Delivered
2812,3700,2026-05-22 07:17:41,2026-05-26,2026-05-25,Standard Ground,TRK-3700-2812,Delivered
2813,3701,2024-08-28 19:26:24,2024-09-01,,Express Courier,TRK-3701-2813,In Transit
2814,3702,2025-06-25 15:43:04,2025-06-29,,Express Courier,TRK-3702-2814,In Transit
2815,3703,2026-03-07 23:59:13,2026-03-11,2026-03-11,Standard Ground,TRK-3703-2815,Delivered
2816,3704,2025-10-14 04:54:51,2025-10-18,2025-10-16,Next-Day Air,TRK-3704-2816,Delivered
2817,3706,2025-11-15 08:40:22,2025-11-19,2025-11-20,Standard Ground,TRK-3706-2817,Delivered
2818,3708,2026-03-09 23:38:13,2026-03-13,2026-03-14,Next-Day Air,TRK-3708-2818,Delivered
2819,3709,2026-08-10 17:12:43,2026-08-14,,Express Courier,TRK-3709-2819,In Transit
2820,3711,2026-08-05 09:18:31,2026-08-09,2026-08-10,Standard Ground,TRK-3711-2820,Delivered
2821,3712,2026-08-23 05:58:55,2026-08-27,2026-08-26,Next-Day Air,TRK-3712-2821,Delivered
2822,3713,2024-11-25 15:05:39,2024-11-29,2024-11-28,Standard Ground,TRK-3713-2822,Delivered
2823,3714,2026-06-05 01:24:28,2026-06-09,2026-06-08,Standard Ground,TRK-3714-2823,Delivered
2824,3718,2025-11-27 18:16:26,2025-12-01,2025-11-30,Next-Day Air,TRK-3718-2824,Delivered
2825,3719,2024-10-01 13:06:53,2024-10-05,2024-10-06,Next-Day Air,TRK-3719-2825,Delivered
2826,3720,2024-06-22 21:04:04,2024-06-26,2024-06-25,Standard Ground,TRK-3720-2826,Delivered
2827,3721,2024-06-24 06:44:09,2024-06-28,2024-06-27,Express Courier,TRK-3721-2827,Delivered
2828,3722,2025-08-10 20:13:15,2025-08-14,2025-08-15,Next-Day Air,TRK-3722-2828,Delivered
2829,3723,2025-07-18 12:58:56,2025-07-22,2025-07-20,Express Courier,TRK-3723-2829,Delivered
2830,3724,2025-04-06 12:24:42,2025-04-10,,Express Courier,TRK-3724-2830,In Transit
2831,3725,2026-04-21 22:06:33,2026-04-25,2026-04-24,Next-Day Air,TRK-3725-2831,Delivered
2832,3726,2025-12-01 06:57:23,2025-12-05,2025-12-06,Standard Ground,TRK-3726-2832,Delivered
2833,3727,2025-07-08 14:41:34,2025-07-12,2025-07-11,Next-Day Air,TRK-3727-2833,Delivered
2834,3728,2026-08-21 15:44:03,2026-08-25,2026-08-23,Standard Ground,TRK-3728-2834,Delivered
2835,3729,2024-05-26 04:54:02,2024-05-30,,Standard Ground,TRK-3729-2835,In Transit
2836,3730,2024-02-14 03:12:48,2024-02-18,,Express Courier,TRK-3730-2836,In Transit
2837,3732,2026-08-22 10:52:59,2026-08-26,2026-08-25,Next-Day Air,TRK-3732-2837,Delivered
2838,3733,2026-03-10 06:05:00,2026-03-14,,Express Courier,TRK-3733-2838,In Transit
2839,3734,2026-04-21 05:55:50,2026-04-25,2026-04-23,Express Courier,TRK-3734-2839,Delivered
2840,3735,2026-06-30 06:21:22,2026-07-04,2026-07-05,Next-Day Air,TRK-3735-2840,Delivered
2841,3738,2026-03-09 06:53:58,2026-03-13,2026-03-14,Next-Day Air,TRK-3738-2841,Delivered
2842,3739,2025-03-01 14:53:05,2025-03-05,2025-03-04,Standard Ground,TRK-3739-2842,Delivered
2843,3740,2026-03-06 10:02:36,2026-03-10,,Standard Ground,TRK-3740-2843,In Transit
2844,3741,2026-07-27 18:10:46,2026-07-31,2026-08-01,Next-Day Air,TRK-3741-2844,Delivered
2845,3742,2026-08-01 06:10:41,2026-08-05,2026-08-05,Express Courier,TRK-3742-2845,Delivered
2846,3743,2026-07-13 12:58:52,2026-07-17,,Next-Day Air,TRK-3743-2846,In Transit
2847,3744,2026-06-07 10:40:43,2026-06-11,,Next-Day Air,TRK-3744-2847,In Transit
2848,3745,2025-01-21 10:26:01,2025-01-25,2025-01-26,Standard Ground,TRK-3745-2848,Delivered
2849,3746,2026-05-19 14:06:40,2026-05-23,2026-05-22,Next-Day Air,TRK-3746-2849,Delivered
2850,3747,2026-09-01 10:07:52,2026-09-05,2026-09-06,Express Courier,TRK-3747-2850,Delivered
2851,3748,2026-07-23 21:12:14,2026-07-27,,Express Courier,TRK-3748-2851,In Transit
2852,3749,2024-08-28 03:42:24,2024-09-01,2024-09-02,Express Courier,TRK-3749-2852,Delivered
2853,3750,2026-01-27 14:01:53,2026-01-31,2026-02-01,Express Courier,TRK-3750-2853,Delivered
2854,3751,2025-11-22 19:11:51,2025-11-26,,Next-Day Air,TRK-3751-2854,In Transit
2855,3752,2026-06-25 15:44:22,2026-06-29,2026-06-30,Express Courier,TRK-3752-2855,Delivered
2856,3753,2026-07-06 16:43:53,2026-07-10,2026-07-10,Next-Day Air,TRK-3753-2856,Delivered
2857,3754,2026-04-16 01:39:32,2026-04-20,,Next-Day Air,TRK-3754-2857,In Transit
2858,3757,2026-06-11 20:34:54,2026-06-15,2026-06-15,Standard Ground,TRK-3757-2858,Delivered
2859,3758,2025-07-23 22:47:40,2025-07-27,2025-07-28,Next-Day Air,TRK-3758-2859,Delivered
2860,3759,2025-10-01 00:33:06,2025-10-05,2025-10-04,Express Courier,TRK-3759-2860,Delivered
2861,3760,2025-08-31 20:06:58,2025-09-04,,Standard Ground,TRK-3760-2861,In Transit
2862,3761,2025-12-29 17:17:29,2026-01-02,2026-01-03,Express Courier,TRK-3761-2862,Delivered
2863,3763,2026-04-22 20:41:00,2026-04-26,2026-04-27,Next-Day Air,TRK-3763-2863,Delivered
2864,3764,2026-04-27 14:19:43,2026-05-01,2026-04-30,Standard Ground,TRK-3764-2864,Delivered
2865,3765,2026-04-23 17:18:53,2026-04-27,2026-04-27,Express Courier,TRK-3765-2865,Delivered
2866,3767,2025-01-27 20:30:28,2025-01-31,2025-01-31,Express Courier,TRK-3767-2866,Delivered
2867,3768,2026-03-17 01:19:14,2026-03-21,2026-03-22,Express Courier,TRK-3768-2867,Delivered
2868,3769,2026-09-03 19:28:22,2026-09-07,2026-09-07,Standard Ground,TRK-3769-2868,Delivered
2869,3770,2026-05-18 13:55:37,2026-05-22,2026-05-20,Standard Ground,TRK-3770-2869,Delivered
2870,3771,2024-12-19 22:20:32,2024-12-23,2024-12-21,Standard Ground,TRK-3771-2870,Delivered
2871,3772,2025-03-01 06:01:36,2025-03-05,2025-03-03,Express Courier,TRK-3772-2871,Delivered
2872,3773,2026-03-21 03:24:59,2026-03-25,2026-03-25,Next-Day Air,TRK-3773-2872,Delivered
2873,3775,2026-07-12 15:24:03,2026-07-16,2026-07-14,Standard Ground,TRK-3775-2873,Delivered
2874,3776,2026-04-04 05:00:39,2026-04-08,2026-04-09,Next-Day Air,TRK-3776-2874,Delivered
2875,3778,2024-12-26 13:03:23,2024-12-30,2024-12-30,Standard Ground,TRK-3778-2875,Delivered
2876,3779,2026-02-15 01:42:36,2026-02-19,2026-02-17,Express Courier,TRK-3779-2876,Delivered
2877,3780,2026-07-20 01:59:33,2026-07-24,,Express Courier,TRK-3780-2877,In Transit
2878,3782,2026-08-09 00:29:18,2026-08-13,2026-08-14,Express Courier,TRK-3782-2878,Delivered
2879,3783,2026-08-29 12:18:59,2026-09-02,2026-09-02,Next-Day Air,TRK-3783-2879,Delivered
2880,3786,2025-07-07 22:23:36,2025-07-11,,Standard Ground,TRK-3786-2880,In Transit
2881,3787,2026-01-08 22:14:31,2026-01-12,2026-01-13,Express Courier,TRK-3787-2881,Delivered
2882,3788,2024-08-29 04:48:20,2024-09-02,,Express Courier,TRK-3788-2882,In Transit
2883,3789,2026-08-13 04:31:38,2026-08-17,,Next-Day Air,TRK-3789-2883,In Transit
2884,3790,2023-12-30 23:59:29,2024-01-03,2024-01-01,Express Courier,TRK-3790-2884,Delivered
2885,3792,2026-04-08 21:46:20,2026-04-12,2026-04-10,Express Courier,TRK-3792-2885,Delivered
2886,3794,2026-08-16 21:06:48,2026-08-20,,Standard Ground,TRK-3794-2886,In Transit
2887,3796,2024-03-19 10:53:29,2024-03-23,2024-03-21,Standard Ground,TRK-3796-2887,Delivered
2888,3798,2025-02-18 19:58:05,2025-02-22,2025-02-21,Next-Day Air,TRK-3798-2888,Delivered
2889,3799,2026-04-15 08:19:24,2026-04-19,2026-04-18,Next-Day Air,TRK-3799-2889,Delivered
2890,3801,2025-02-03 16:33:45,2025-02-07,2025-02-05,Express Courier,TRK-3801-2890,Delivered
2891,3803,2026-06-13 12:20:14,2026-06-17,2026-06-18,Standard Ground,TRK-3803-2891,Delivered
2892,3804,2026-09-03 18:59:33,2026-09-07,2026-09-05,Next-Day Air,TRK-3804-2892,Delivered
2893,3805,2024-08-03 07:30:57,2024-08-07,2024-08-07,Express Courier,TRK-3805-2893,Delivered
2894,3806,2026-02-10 01:42:08,2026-02-14,2026-02-12,Express Courier,TRK-3806-2894,Delivered
2895,3809,2026-08-29 23:34:53,2026-09-02,2026-09-02,Next-Day Air,TRK-3809-2895,Delivered
2896,3811,2026-03-13 01:39:46,2026-03-17,2026-03-15,Express Courier,TRK-3811-2896,Delivered
2897,3812,2026-04-23 01:46:35,2026-04-27,2026-04-25,Next-Day Air,TRK-3812-2897,Delivered
2898,3813,2026-01-13 20:56:57,2026-01-17,2026-01-15,Next-Day Air,TRK-3813-2898,Delivered
2899,3814,2026-08-28 03:44:31,2026-09-01,2026-08-30,Standard Ground,TRK-3814-2899,Delivered
2900,3815,2024-05-11 14:49:01,2024-05-15,2024-05-15,Standard Ground,TRK-3815-2900,Delivered
2901,3816,2025-08-24 14:23:36,2025-08-28,2025-08-27,Express Courier,TRK-3816-2901,Delivered
2902,3817,2026-04-02 07:24:57,2026-04-06,2026-04-06,Standard Ground,TRK-3817-2902,Delivered
2903,3818,2026-04-23 21:07:13,2026-04-27,2026-04-27,Express Courier,TRK-3818-2903,Delivered
2904,3819,2026-06-27 18:01:38,2026-07-01,2026-07-01,Next-Day Air,TRK-3819-2904,Delivered
2905,3820,2025-02-01 19:38:51,2025-02-05,2025-02-06,Express Courier,TRK-3820-2905,Delivered
2906,3824,2026-04-06 10:54:16,2026-04-10,2026-04-08,Express Courier,TRK-3824-2906,Delivered
2907,3825,2025-04-24 03:47:58,2025-04-28,2025-04-27,Next-Day Air,TRK-3825-2907,Delivered
2908,3826,2026-08-20 21:08:38,2026-08-24,2026-08-23,Standard Ground,TRK-3826-2908,Delivered
2909,3827,2025-08-27 01:17:16,2025-08-31,2025-09-01,Standard Ground,TRK-3827-2909,Delivered
2910,3828,2026-02-10 09:48:43,2026-02-14,,Standard Ground,TRK-3828-2910,In Transit
2911,3829,2026-01-30 10:50:33,2026-02-03,2026-02-01,Express Courier,TRK-3829-2911,Delivered
2912,3830,2024-11-26 11:58:49,2024-11-30,2024-11-28,Standard Ground,TRK-3830-2912,Delivered
2913,3831,2026-05-12 13:38:53,2026-05-16,,Next-Day Air,TRK-3831-2913,In Transit
2914,3832,2026-06-26 07:00:24,2026-06-30,2026-06-30,Next-Day Air,TRK-3832-2914,Delivered
2915,3834,2024-10-06 09:26:09,2024-10-10,2024-10-08,Next-Day Air,TRK-3834-2915,Delivered
2916,3838,2025-12-23 23:51:41,2025-12-27,2025-12-26,Next-Day Air,TRK-3838-2916,Delivered
2917,3840,2026-06-28 14:57:10,2026-07-02,2026-07-02,Standard Ground,TRK-3840-2917,Delivered
2918,3841,2025-05-23 12:19:50,2025-05-27,2025-05-25,Standard Ground,TRK-3841-2918,Delivered
2919,3842,2026-07-22 20:27:22,2026-07-26,2026-07-26,Next-Day Air,TRK-3842-2919,Delivered
2920,3843,2026-05-29 06:50:54,2026-06-02,2026-05-31,Next-Day Air,TRK-3843-2920,Delivered
2921,3847,2026-08-28 12:32:31,2026-09-01,2026-09-01,Express Courier,TRK-3847-2921,Delivered
2922,3850,2026-02-10 16:33:49,2026-02-14,2026-02-12,Next-Day Air,TRK-3850-2922,Delivered
2923,3851,2025-09-11 23:06:30,2025-09-15,2025-09-16,Express Courier,TRK-3851-2923,Delivered
2924,3853,2025-12-29 10:11:06,2026-01-02,2026-01-02,Express Courier,TRK-3853-2924,Delivered
2925,3855,2025-12-12 11:43:32,2025-12-16,2025-12-16,Express Courier,TRK-3855-2925,Delivered
2926,3856,2026-08-24 08:49:25,2026-08-28,2026-08-29,Next-Day Air,TRK-3856-2926,Delivered
2927,3857,2026-06-20 13:16:38,2026-06-24,,Express Courier,TRK-3857-2927,In Transit
2928,3858,2025-04-27 00:05:11,2025-05-01,2025-05-01,Standard Ground,TRK-3858-2928,Delivered
2929,3859,2026-06-23 09:14:27,2026-06-27,2026-06-26,Next-Day Air,TRK-3859-2929,Delivered
2930,3860,2025-04-15 14:51:19,2025-04-19,2025-04-20,Standard Ground,TRK-3860-2930,Delivered
2931,3861,2025-02-05 20:01:10,2025-02-09,2025-02-10,Next-Day Air,TRK-3861-2931,Delivered
2932,3862,2025-04-11 17:52:41,2025-04-15,2025-04-16,Next-Day Air,TRK-3862-2932,Delivered
2933,3865,2024-01-20 04:21:55,2024-01-24,2024-01-24,Next-Day Air,TRK-3865-2933,Delivered
2934,3866,2026-07-21 19:54:58,2026-07-25,2026-07-24,Standard Ground,TRK-3866-2934,Delivered
2935,3868,2026-05-13 16:45:19,2026-05-17,2026-05-17,Express Courier,TRK-3868-2935,Delivered
2936,3869,2026-05-18 10:57:56,2026-05-22,2026-05-20,Next-Day Air,TRK-3869-2936,Delivered
2937,3870,2026-03-14 05:50:38,2026-03-18,2026-03-18,Express Courier,TRK-3870-2937,Delivered
2938,3871,2025-03-12 20:57:12,2025-03-16,2025-03-15,Standard Ground,TRK-3871-2938,Delivered
2939,3872,2025-04-04 22:15:26,2025-04-08,2025-04-08,Standard Ground,TRK-3872-2939,Delivered
2940,3874,2026-07-08 12:01:06,2026-07-12,2026-07-13,Express Courier,TRK-3874-2940,Delivered
2941,3875,2026-06-14 03:40:48,2026-06-18,2026-06-18,Next-Day Air,TRK-3875-2941,Delivered
2942,3876,2026-06-14 23:17:13,2026-06-18,2026-06-18,Standard Ground,TRK-3876-2942,Delivered
2943,3878,2026-01-27 22:21:52,2026-01-31,2026-01-30,Express Courier,TRK-3878-2943,Delivered
2944,3879,2025-09-25 05:27:10,2025-09-29,2025-09-30,Next-Day Air,TRK-3879-2944,Delivered
2945,3880,2025-04-30 13:30:38,2025-05-04,2025-05-04,Next-Day Air,TRK-3880-2945,Delivered
2946,3881,2026-03-29 03:05:09,2026-04-02,2026-03-31,Standard Ground,TRK-3881-2946,Delivered
2947,3882,2026-02-02 08:42:28,2026-02-06,2026-02-05,Next-Day Air,TRK-3882-2947,Delivered
2948,3883,2026-05-30 07:45:11,2026-06-03,2026-06-01,Express Courier,TRK-3883-2948,Delivered
2949,3884,2026-06-23 23:58:28,2026-06-27,2026-06-27,Standard Ground,TRK-3884-2949,Delivered
2950,3885,2026-06-26 02:08:52,2026-06-30,2026-06-28,Standard Ground,TRK-3885-2950,Delivered
2951,3886,2025-02-15 12:30:01,2025-02-19,,Standard Ground,TRK-3886-2951,In Transit
2952,3888,2026-03-01 11:52:24,2026-03-05,2026-03-05,Standard Ground,TRK-3888-2952,Delivered
2953,3889,2026-05-25 06:01:25,2026-05-29,2026-05-29,Express Courier,TRK-3889-2953,Delivered
2954,3890,2025-07-11 23:23:02,2025-07-15,2025-07-14,Standard Ground,TRK-3890-2954,Delivered
2955,3891,2026-03-23 16:16:36,2026-03-27,2026-03-26,Express Courier,TRK-3891-2955,Delivered
2956,3894,2026-08-25 23:23:51,2026-08-29,2026-08-30,Next-Day Air,TRK-3894-2956,Delivered
2957,3895,2024-06-15 07:58:53,2024-06-19,2024-06-20,Next-Day Air,TRK-3895-2957,Delivered
2958,3896,2025-10-01 08:21:41,2025-10-05,2025-10-05,Next-Day Air,TRK-3896-2958,Delivered
2959,3897,2026-06-14 11:25:45,2026-06-18,2026-06-18,Standard Ground,TRK-3897-2959,Delivered
2960,3900,2026-04-22 02:22:07,2026-04-26,2026-04-25,Next-Day Air,TRK-3900-2960,Delivered
2961,3901,2026-02-09 14:53:40,2026-02-13,2026-02-12,Express Courier,TRK-3901-2961,Delivered
2962,3902,2026-07-26 19:15:38,2026-07-30,2026-07-29,Next-Day Air,TRK-3902-2962,Delivered
2963,3903,2026-07-27 17:21:33,2026-07-31,2026-07-31,Next-Day Air,TRK-3903-2963,Delivered
2964,3904,2025-07-07 17:15:50,2025-07-11,2025-07-11,Next-Day Air,TRK-3904-2964,Delivered
2965,3905,2026-04-07 00:32:32,2026-04-11,2026-04-09,Next-Day Air,TRK-3905-2965,Delivered
2966,3906,2026-03-07 10:01:44,2026-03-11,2026-03-10,Express Courier,TRK-3906-2966,Delivered
2967,3907,2025-12-14 00:54:55,2025-12-18,2025-12-16,Next-Day Air,TRK-3907-2967,Delivered
2968,3908,2026-04-27 11:49:18,2026-05-01,2026-05-01,Express Courier,TRK-3908-2968,Delivered
2969,3909,2026-06-28 14:22:43,2026-07-02,,Express Courier,TRK-3909-2969,In Transit
2970,3911,2026-08-07 10:33:06,2026-08-11,2026-08-09,Express Courier,TRK-3911-2970,Delivered
2971,3912,2025-03-23 23:55:37,2025-03-27,2025-03-26,Standard Ground,TRK-3912-2971,Delivered
2972,3913,2025-11-05 06:03:26,2025-11-09,,Next-Day Air,TRK-3913-2972,In Transit
2973,3915,2025-12-11 13:21:52,2025-12-15,2025-12-16,Express Courier,TRK-3915-2973,Delivered
2974,3916,2026-05-09 13:15:13,2026-05-13,2026-05-13,Next-Day Air,TRK-3916-2974,Delivered
2975,3917,2026-05-04 12:45:33,2026-05-08,2026-05-06,Next-Day Air,TRK-3917-2975,Delivered
2976,3918,2026-08-28 01:46:35,2026-09-01,2026-08-30,Express Courier,TRK-3918-2976,Delivered
2977,3919,2026-08-19 16:52:54,2026-08-23,2026-08-21,Next-Day Air,TRK-3919-2977,Delivered
2978,3922,2026-07-01 10:22:04,2026-07-05,2026-07-04,Standard Ground,TRK-3922-2978,Delivered
2979,3923,2024-09-27 14:54:43,2024-10-01,2024-10-01,Standard Ground,TRK-3923-2979,Delivered
2980,3925,2024-11-07 16:24:46,2024-11-11,2024-11-09,Next-Day Air,TRK-3925-2980,Delivered
2981,3926,2025-12-28 12:04:19,2026-01-01,2025-12-31,Standard Ground,TRK-3926-2981,Delivered
2982,3927,2026-07-01 10:54:16,2026-07-05,2026-07-06,Next-Day Air,TRK-3927-2982,Delivered
2983,3929,2024-08-13 12:56:43,2024-08-17,,Standard Ground,TRK-3929-2983,In Transit
2984,3930,2026-05-06 00:24:58,2026-05-10,2026-05-08,Express Courier,TRK-3930-2984,Delivered
2985,3931,2025-11-28 05:30:44,2025-12-02,2025-12-02,Express Courier,TRK-3931-2985,Delivered
2986,3932,2026-06-18 15:52:33,2026-06-22,2026-06-22,Next-Day Air,TRK-3932-2986,Delivered
2987,3933,2025-01-25 05:33:00,2025-01-29,2025-01-28,Standard Ground,TRK-3933-2987,Delivered
2988,3934,2026-03-01 17:02:03,2026-03-05,2026-03-03,Express Courier,TRK-3934-2988,Delivered
2989,3935,2026-07-28 05:55:02,2026-08-01,2026-07-30,Express Courier,TRK-3935-2989,Delivered
2990,3937,2024-05-25 00:07:03,2024-05-29,,Next-Day Air,TRK-3937-2990,In Transit
2991,3938,2025-08-07 12:21:14,2025-08-11,2025-08-11,Express Courier,TRK-3938-2991,Delivered
2992,3939,2025-01-24 12:01:38,2025-01-28,2025-01-28,Next-Day Air,TRK-3939-2992,Delivered
2993,3940,2026-06-18 07:15:41,2026-06-22,2026-06-20,Standard Ground,TRK-3940-2993,Delivered
2994,3941,2026-05-08 10:13:33,2026-05-12,2026-05-13,Next-Day Air,TRK-3941-2994,Delivered
2995,3942,2024-12-12 15:20:11,2024-12-16,2024-12-16,Standard Ground,TRK-3942-2995,Delivered
2996,3944,2026-01-11 18:51:32,2026-01-15,2026-01-15,Express Courier,TRK-3944-2996,Delivered
2997,3945,2026-08-15 06:34:56,2026-08-19,2026-08-17,Express Courier,TRK-3945-2997,Delivered
2998,3947,2025-12-16 15:37:16,2025-12-20,,Next-Day Air,TRK-3947-2998,In Transit
2999,3948,2025-09-16 10:08:02,2025-09-20,2025-09-21,Express Courier,TRK-3948-2999,Delivered
3000,3949,2025-07-26 21:59:05,2025-07-30,2025-07-29,Standard Ground,TRK-3949-3000,Delivered
3001,3950,2026-04-08 23:29:33,2026-04-12,2026-04-10,Standard Ground,TRK-3950-3001,Delivered
3002,3951,2026-07-14 04:38:26,2026-07-18,2026-07-17,Standard Ground,TRK-3951-3002,Delivered
3003,3953,2026-01-12 10:38:34,2026-01-16,2026-01-17,Standard Ground,TRK-3953-3003,Delivered
3004,3955,2026-07-30 00:17:17,2026-08-03,2026-08-01,Standard Ground,TRK-3955-3004,Delivered
3005,3956,2026-05-08 07:29:07,2026-05-12,2026-05-13,Next-Day Air,TRK-3956-3005,Delivered
3006,3957,2025-06-18 15:21:52,2025-06-22,2025-06-20,Express Courier,TRK-3957-3006,Delivered
3007,3958,2025-04-22 11:29:07,2025-04-26,2025-04-24,Express Courier,TRK-3958-3007,Delivered
3008,3959,2024-06-02 06:00:49,2024-06-06,2024-06-07,Standard Ground,TRK-3959-3008,Delivered
3009,3961,2026-07-27 11:24:14,2026-07-31,2026-07-29,Express Courier,TRK-3961-3009,Delivered
3010,3962,2026-07-24 00:58:26,2026-07-28,2026-07-27,Standard Ground,TRK-3962-3010,Delivered
3011,3963,2026-06-11 17:18:38,2026-06-15,2026-06-16,Standard Ground,TRK-3963-3011,Delivered
3012,3964,2025-09-05 13:09:30,2025-09-09,2025-09-08,Next-Day Air,TRK-3964-3012,Delivered
3013,3965,2025-10-30 16:23:53,2025-11-03,2025-11-01,Next-Day Air,TRK-3965-3013,Delivered
3014,3968,2026-02-10 12:10:31,2026-02-14,2026-02-13,Express Courier,TRK-3968-3014,Delivered
3015,3970,2026-01-08 02:24:43,2026-01-12,2026-01-10,Next-Day Air,TRK-3970-3015,Delivered
3016,3972,2025-03-13 22:41:18,2025-03-17,2025-03-15,Express Courier,TRK-3972-3016,Delivered
3017,3974,2026-07-15 19:13:31,2026-07-19,2026-07-18,Standard Ground,TRK-3974-3017,Delivered
3018,3975,2026-07-20 19:21:54,2026-07-24,2026-07-25,Standard Ground,TRK-3975-3018,Delivered
3019,3976,2026-08-16 02:40:07,2026-08-20,2026-08-20,Express Courier,TRK-3976-3019,Delivered
3020,3977,2026-08-08 07:44:55,2026-08-12,2026-08-11,Next-Day Air,TRK-3977-3020,Delivered
3021,3978,2025-01-06 06:36:28,2025-01-10,2025-01-11,Next-Day Air,TRK-3978-3021,Delivered
3022,3979,2026-03-05 21:04:54,2026-03-09,,Express Courier,TRK-3979-3022,In Transit
3023,3980,2025-04-14 22:24:15,2025-04-18,2025-04-17,Express Courier,TRK-3980-3023,Delivered
3024,3981,2025-08-03 12:17:16,2025-08-07,2025-08-05,Express Courier,TRK-3981-3024,Delivered
3025,3983,2026-06-15 01:23:55,2026-06-19,2026-06-18,Next-Day Air,TRK-3983-3025,Delivered
3026,3984,2026-04-20 15:14:36,2026-04-24,2026-04-22,Standard Ground,TRK-3984-3026,Delivered
3027,3985,2025-08-28 13:12:26,2025-09-01,2025-09-01,Next-Day Air,TRK-3985-3027,Delivered
3028,3986,2025-02-16 00:49:41,2025-02-20,2025-02-18,Express Courier,TRK-3986-3028,Delivered
3029,3987,2026-09-01 19:17:36,2026-09-05,,Express Courier,TRK-3987-3029,In Transit
3030,3990,2026-08-24 16:49:38,2026-08-28,2026-08-27,Standard Ground,TRK-3990-3030,Delivered
3031,3991,2025-07-21 13:41:18,2025-07-25,2025-07-23,Express Courier,TRK-3991-3031,Delivered
3032,3994,2025-11-18 19:59:20,2025-11-22,2025-11-20,Standard Ground,TRK-3994-3032,Delivered
3033,3995,2026-03-01 16:18:23,2026-03-05,,Standard Ground,TRK-3995-3033,In Transit
3034,3996,2026-04-17 21:59:49,2026-04-21,2026-04-19,Next-Day Air,TRK-3996-3034,Delivered
3035,3997,2026-08-11 23:56:20,2026-08-15,2026-08-16,Next-Day Air,TRK-3997-3035,Delivered
3036,3998,2025-03-03 22:22:51,2025-03-07,,Next-Day Air,TRK-3998-3036,In Transit
3037,3999,2026-07-19 12:38:56,2026-07-23,2026-07-24,Next-Day Air,TRK-3999-3037,Delivered
3038,4002,2024-10-15 01:05:42,2024-10-19,2024-10-17,Express Courier,TRK-4002-3038,Delivered
3039,4003,2026-08-28 12:50:59,2026-09-01,2026-09-01,Next-Day Air,TRK-4003-3039,Delivered
3040,4004,2024-03-19 02:59:20,2024-03-23,2024-03-23,Express Courier,TRK-4004-3040,Delivered
3041,4005,2024-12-02 06:16:42,2024-12-06,2024-12-06,Next-Day Air,TRK-4005-3041,Delivered
3042,4006,2026-05-10 04:41:35,2026-05-14,2026-05-13,Standard Ground,TRK-4006-3042,Delivered
3043,4008,2026-08-25 18:11:14,2026-08-29,2026-08-27,Standard Ground,TRK-4008-3043,Delivered
3044,4009,2025-09-13 03:27:33,2025-09-17,,Express Courier,TRK-4009-3044,In Transit
3045,4010,2025-05-10 03:11:26,2025-05-14,2025-05-13,Next-Day Air,TRK-4010-3045,Delivered
3046,4011,2025-01-21 12:22:20,2025-01-25,2025-01-23,Express Courier,TRK-4011-3046,Delivered
3047,4012,2025-02-26 12:47:56,2025-03-02,2025-03-01,Standard Ground,TRK-4012-3047,Delivered
3048,4013,2026-02-06 10:03:34,2026-02-10,2026-02-08,Next-Day Air,TRK-4013-3048,Delivered
3049,4015,2026-01-17 17:03:08,2026-01-21,,Express Courier,TRK-4015-3049,In Transit
3050,4016,2026-07-01 14:32:01,2026-07-05,2026-07-06,Express Courier,TRK-4016-3050,Delivered
3051,4018,2026-08-08 20:38:05,2026-08-12,2026-08-11,Express Courier,TRK-4018-3051,Delivered
3052,4019,2026-06-15 11:17:55,2026-06-19,2026-06-18,Standard Ground,TRK-4019-3052,Delivered
3053,4021,2025-12-21 14:12:42,2025-12-25,2025-12-24,Standard Ground,TRK-4021-3053,Delivered
3054,4022,2024-10-15 00:32:57,2024-10-19,2024-10-18,Express Courier,TRK-4022-3054,Delivered
3055,4023,2024-10-04 06:37:45,2024-10-08,2024-10-08,Next-Day Air,TRK-4023-3055,Delivered
3056,4024,2026-05-27 18:22:12,2026-05-31,,Standard Ground,TRK-4024-3056,In Transit
3057,4028,2025-05-19 09:29:17,2025-05-23,2025-05-21,Next-Day Air,TRK-4028-3057,Delivered
3058,4029,2026-08-29 09:32:32,2026-09-02,2026-09-01,Standard Ground,TRK-4029-3058,Delivered
3059,4030,2026-05-20 06:32:20,2026-05-24,2026-05-23,Next-Day Air,TRK-4030-3059,Delivered
3060,4031,2025-10-23 16:26:44,2025-10-27,2025-10-25,Next-Day Air,TRK-4031-3060,Delivered
3061,4033,2024-12-11 13:07:16,2024-12-15,,Express Courier,TRK-4033-3061,In Transit
3062,4035,2026-08-24 16:43:25,2026-08-28,2026-08-28,Standard Ground,TRK-4035-3062,Delivered
3063,4036,2025-12-16 06:37:24,2025-12-20,,Standard Ground,TRK-4036-3063,In Transit
3064,4037,2025-08-19 10:05:26,2025-08-23,2025-08-22,Standard Ground,TRK-4037-3064,Delivered
3065,4038,2026-06-14 19:03:31,2026-06-18,2026-06-19,Next-Day Air,TRK-4038-3065,Delivered
3066,4039,2025-11-21 21:32:10,2025-11-25,,Express Courier,TRK-4039-3066,In Transit
3067,4040,2026-08-04 02:00:42,2026-08-08,2026-08-07,Standard Ground,TRK-4040-3067,Delivered
3068,4041,2025-03-16 19:25:52,2025-03-20,2025-03-18,Standard Ground,TRK-4041-3068,Delivered
3069,4045,2026-02-26 11:57:40,2026-03-02,2026-03-02,Next-Day Air,TRK-4045-3069,Delivered
3070,4046,2025-05-11 16:26:55,2025-05-15,2025-05-14,Standard Ground,TRK-4046-3070,Delivered
3071,4047,2025-07-08 21:22:10,2025-07-12,2025-07-11,Standard Ground,TRK-4047-3071,Delivered
3072,4048,2025-12-17 21:29:35,2025-12-21,2025-12-22,Next-Day Air,TRK-4048-3072,Delivered
3073,4049,2025-07-25 04:01:57,2025-07-29,2025-07-29,Express Courier,TRK-4049-3073,Delivered
3074,4050,2025-12-08 08:11:41,2025-12-12,,Next-Day Air,TRK-4050-3074,In Transit
3075,4051,2026-07-26 01:22:54,2026-07-30,2026-07-31,Next-Day Air,TRK-4051-3075,Delivered
3076,4052,2026-08-03 10:55:44,2026-08-07,2026-08-05,Next-Day Air,TRK-4052-3076,Delivered
3077,4054,2025-05-03 11:08:35,2025-05-07,2025-05-07,Next-Day Air,TRK-4054-3077,Delivered
3078,4055,2026-08-29 15:07:35,2026-09-02,2026-09-01,Standard Ground,TRK-4055-3078,Delivered
3079,4057,2026-04-27 12:18:44,2026-05-01,2026-04-29,Standard Ground,TRK-4057-3079,Delivered
3080,4058,2026-05-04 19:28:07,2026-05-08,2026-05-08,Standard Ground,TRK-4058-3080,Delivered
3081,4059,2026-01-21 21:05:24,2026-01-25,,Next-Day Air,TRK-4059-3081,In Transit
3082,4060,2026-02-11 02:37:48,2026-02-15,,Standard Ground,TRK-4060-3082,In Transit
3083,4063,2026-08-12 10:29:49,2026-08-16,2026-08-14,Standard Ground,TRK-4063-3083,Delivered
3084,4064,2026-07-07 04:49:22,2026-07-11,2026-07-10,Standard Ground,TRK-4064-3084,Delivered
3085,4065,2026-06-05 07:11:44,2026-06-09,2026-06-10,Standard Ground,TRK-4065-3085,Delivered
3086,4066,2026-06-21 06:57:42,2026-06-25,2026-06-26,Standard Ground,TRK-4066-3086,Delivered
3087,4069,2025-07-04 17:20:20,2025-07-08,,Standard Ground,TRK-4069-3087,In Transit
3088,4070,2026-06-29 00:46:18,2026-07-03,2026-07-03,Standard Ground,TRK-4070-3088,Delivered
3089,4071,2026-08-28 10:23:40,2026-09-01,2026-09-01,Next-Day Air,TRK-4071-3089,Delivered
3090,4073,2026-07-03 21:30:38,2026-07-07,2026-07-08,Standard Ground,TRK-4073-3090,Delivered
3091,4074,2026-05-30 03:05:04,2026-06-03,,Express Courier,TRK-4074-3091,In Transit
3092,4075,2025-11-17 17:42:31,2025-11-21,2025-11-22,Standard Ground,TRK-4075-3092,Delivered
3093,4077,2026-05-16 05:20:37,2026-05-20,,Next-Day Air,TRK-4077-3093,In Transit
3094,4079,2026-08-17 13:12:02,2026-08-21,2026-08-22,Standard Ground,TRK-4079-3094,Delivered
3095,4080,2026-08-12 09:45:51,2026-08-16,2026-08-15,Standard Ground,TRK-4080-3095,Delivered
3096,4081,2024-11-01 02:35:15,2024-11-05,2024-11-05,Next-Day Air,TRK-4081-3096,Delivered
3097,4082,2025-10-12 03:31:55,2025-10-16,2025-10-16,Express Courier,TRK-4082-3097,Delivered
3098,4083,2024-01-20 12:11:28,2024-01-24,2024-01-24,Express Courier,TRK-4083-3098,Delivered
3099,4085,2026-06-21 00:27:41,2026-06-25,2026-06-25,Express Courier,TRK-4085-3099,Delivered
3100,4086,2024-11-04 19:50:52,2024-11-08,2024-11-06,Next-Day Air,TRK-4086-3100,Delivered
3101,4087,2024-07-02 22:13:43,2024-07-06,2024-07-05,Express Courier,TRK-4087-3101,Delivered
3102,4088,2025-11-04 19:15:02,2025-11-08,2025-11-09,Express Courier,TRK-4088-3102,Delivered
3103,4090,2026-07-30 15:46:50,2026-08-03,2026-08-04,Standard Ground,TRK-4090-3103,Delivered
3104,4091,2026-01-27 18:14:05,2026-01-31,2026-01-29,Express Courier,TRK-4091-3104,Delivered
3105,4092,2026-03-04 02:44:58,2026-03-08,2026-03-09,Next-Day Air,TRK-4092-3105,Delivered
3106,4094,2026-07-27 23:47:42,2026-07-31,2026-07-31,Standard Ground,TRK-4094-3106,Delivered
3107,4097,2026-08-14 19:59:16,2026-08-18,,Standard Ground,TRK-4097-3107,In Transit
3108,4098,2025-12-19 12:51:52,2025-12-23,2025-12-21,Standard Ground,TRK-4098-3108,Delivered
3109,4099,2025-12-31 14:57:09,2026-01-04,2026-01-04,Express Courier,TRK-4099-3109,Delivered
3110,4100,2026-06-08 17:26:45,2026-06-12,2026-06-10,Next-Day Air,TRK-4100-3110,Delivered
3111,4101,2026-07-12 03:11:18,2026-07-16,,Express Courier,TRK-4101-3111,In Transit
3112,4102,2026-02-04 17:54:46,2026-02-08,2026-02-09,Express Courier,TRK-4102-3112,Delivered
3113,4103,2026-07-15 09:47:30,2026-07-19,2026-07-17,Next-Day Air,TRK-4103-3113,Delivered
3114,4104,2026-04-03 20:09:25,2026-04-07,2026-04-07,Next-Day Air,TRK-4104-3114,Delivered
3115,4105,2025-09-29 19:54:53,2025-10-03,2025-10-02,Standard Ground,TRK-4105-3115,Delivered
3116,4106,2026-07-22 07:24:29,2026-07-26,2026-07-25,Next-Day Air,TRK-4106-3116,Delivered
3117,4107,2026-05-27 05:10:41,2026-05-31,2026-05-31,Standard Ground,TRK-4107-3117,Delivered
3118,4108,2026-07-23 06:14:02,2026-07-27,,Express Courier,TRK-4108-3118,In Transit
3119,4109,2026-08-19 13:54:00,2026-08-23,2026-08-21,Standard Ground,TRK-4109-3119,Delivered
3120,4110,2026-07-10 12:55:26,2026-07-14,2026-07-14,Express Courier,TRK-4110-3120,Delivered
3121,4112,2026-07-10 22:20:43,2026-07-14,2026-07-15,Express Courier,TRK-4112-3121,Delivered
3122,4114,2026-06-15 20:05:00,2026-06-19,2026-06-20,Express Courier,TRK-4114-3122,Delivered
3123,4115,2026-08-18 17:26:51,2026-08-22,2026-08-22,Next-Day Air,TRK-4115-3123,Delivered
3124,4116,2025-03-22 22:14:17,2025-03-26,2025-03-25,Standard Ground,TRK-4116-3124,Delivered
3125,4117,2026-05-20 17:07:50,2026-05-24,,Next-Day Air,TRK-4117-3125,In Transit
3126,4118,2026-07-28 19:30:20,2026-08-01,2026-08-01,Standard Ground,TRK-4118-3126,Delivered
3127,4119,2026-01-17 01:53:30,2026-01-21,2026-01-22,Next-Day Air,TRK-4119-3127,Delivered
3128,4120,2026-09-01 21:02:58,2026-09-05,2026-09-05,Standard Ground,TRK-4120-3128,Delivered
3129,4121,2025-11-25 16:38:19,2025-11-29,2025-11-29,Next-Day Air,TRK-4121-3129,Delivered
3130,4122,2025-02-22 20:03:03,2025-02-26,2025-02-25,Express Courier,TRK-4122-3130,Delivered
3131,4125,2024-07-28 23:39:53,2024-08-01,2024-07-31,Standard Ground,TRK-4125-3131,Delivered
3132,4126,2025-08-21 21:26:55,2025-08-25,,Standard Ground,TRK-4126-3132,In Transit
3133,4127,2026-01-22 20:12:37,2026-01-26,2026-01-26,Express Courier,TRK-4127-3133,Delivered
3134,4128,2026-08-31 09:28:45,2026-09-04,2026-09-02,Standard Ground,TRK-4128-3134,Delivered
3135,4129,2024-10-13 12:58:52,2024-10-17,2024-10-16,Standard Ground,TRK-4129-3135,Delivered
3136,4130,2026-04-20 03:14:27,2026-04-24,2026-04-22,Next-Day Air,TRK-4130-3136,Delivered
3137,4131,2024-05-23 09:28:40,2024-05-27,2024-05-28,Express Courier,TRK-4131-3137,Delivered
3138,4132,2024-09-22 09:25:27,2024-09-26,2024-09-27,Next-Day Air,TRK-4132-3138,Delivered
3139,4133,2025-06-26 16:49:49,2025-06-30,2025-07-01,Next-Day Air,TRK-4133-3139,Delivered
3140,4136,2024-12-01 10:01:10,2024-12-05,2024-12-05,Express Courier,TRK-4136-3140,Delivered
3141,4138,2026-03-23 04:40:06,2026-03-27,2026-03-27,Next-Day Air,TRK-4138-3141,Delivered
3142,4139,2026-08-13 23:40:30,2026-08-17,2026-08-15,Next-Day Air,TRK-4139-3142,Delivered
3143,4140,2025-09-04 22:47:13,2025-09-08,2025-09-07,Standard Ground,TRK-4140-3143,Delivered
3144,4141,2026-08-23 18:31:34,2026-08-27,,Next-Day Air,TRK-4141-3144,In Transit
3145,4143,2025-05-30 06:45:46,2025-06-03,2025-06-03,Next-Day Air,TRK-4143-3145,Delivered
3146,4144,2026-07-15 19:36:55,2026-07-19,2026-07-19,Standard Ground,TRK-4144-3146,Delivered
3147,4145,2026-03-31 11:56:22,2026-04-04,2026-04-03,Express Courier,TRK-4145-3147,Delivered
3148,4146,2025-07-10 04:00:26,2025-07-14,2025-07-12,Next-Day Air,TRK-4146-3148,Delivered
3149,4147,2025-11-30 06:26:15,2025-12-04,2025-12-04,Standard Ground,TRK-4147-3149,Delivered
3150,4148,2025-05-07 09:31:14,2025-05-11,2025-05-11,Standard Ground,TRK-4148-3150,Delivered
3151,4151,2025-07-15 08:04:25,2025-07-19,2025-07-20,Standard Ground,TRK-4151-3151,Delivered
3152,4153,2025-10-24 09:52:35,2025-10-28,2025-10-26,Next-Day Air,TRK-4153-3152,Delivered
3153,4154,2026-04-06 00:46:48,2026-04-10,,Standard Ground,TRK-4154-3153,In Transit
3154,4155,2024-12-07 11:15:14,2024-12-11,2024-12-10,Standard Ground,TRK-4155-3154,Delivered
3155,4156,2026-08-06 11:27:38,2026-08-10,2026-08-08,Express Courier,TRK-4156-3155,Delivered
3156,4157,2026-01-24 18:04:18,2026-01-28,2026-01-27,Standard Ground,TRK-4157-3156,Delivered
3157,4158,2025-02-18 12:14:32,2025-02-22,2025-02-20,Next-Day Air,TRK-4158-3157,Delivered
3158,4159,2026-01-23 13:33:43,2026-01-27,2026-01-27,Next-Day Air,TRK-4159-3158,Delivered
3159,4160,2025-06-15 04:16:55,2025-06-19,2025-06-17,Next-Day Air,TRK-4160-3159,Delivered
3160,4161,2026-08-16 21:20:18,2026-08-20,2026-08-18,Next-Day Air,TRK-4161-3160,Delivered
3161,4163,2024-09-18 13:14:35,2024-09-22,2024-09-21,Next-Day Air,TRK-4163-3161,Delivered
3162,4165,2024-08-11 18:09:01,2024-08-15,2024-08-16,Express Courier,TRK-4165-3162,Delivered
3163,4166,2025-06-27 19:46:52,2025-07-01,2025-07-01,Standard Ground,TRK-4166-3163,Delivered
3164,4167,2026-01-31 16:06:06,2026-02-04,2026-02-03,Standard Ground,TRK-4167-3164,Delivered
3165,4168,2025-02-20 23:35:56,2025-02-24,2025-02-22,Express Courier,TRK-4168-3165,Delivered
3166,4169,2026-03-24 01:44:21,2026-03-28,2026-03-27,Express Courier,TRK-4169-3166,Delivered
3167,4170,2026-07-31 08:21:32,2026-08-04,2026-08-02,Standard Ground,TRK-4170-3167,Delivered
3168,4171,2025-11-02 00:00:49,2025-11-06,2025-11-04,Standard Ground,TRK-4171-3168,Delivered
3169,4172,2024-05-15 12:26:41,2024-05-19,,Express Courier,TRK-4172-3169,In Transit
3170,4173,2026-08-29 00:39:47,2026-09-02,2026-08-31,Next-Day Air,TRK-4173-3170,Delivered
3171,4174,2026-08-13 02:27:25,2026-08-17,2026-08-17,Next-Day Air,TRK-4174-3171,Delivered
3172,4176,2026-06-21 08:27:05,2026-06-25,2026-06-24,Standard Ground,TRK-4176-3172,Delivered
3173,4177,2025-09-04 00:08:08,2025-09-08,2025-09-06,Standard Ground,TRK-4177-3173,Delivered
3174,4178,2026-02-21 15:41:24,2026-02-25,2026-02-25,Standard Ground,TRK-4178-3174,Delivered
3175,4181,2026-09-02 16:20:52,2026-09-06,2026-09-04,Next-Day Air,TRK-4181-3175,Delivered
3176,4182,2026-04-28 03:19:08,2026-05-02,2026-05-01,Express Courier,TRK-4182-3176,Delivered
3177,4184,2025-05-10 00:23:38,2025-05-14,2025-05-15,Next-Day Air,TRK-4184-3177,Delivered
3178,4187,2025-08-11 18:33:18,2025-08-15,2025-08-15,Standard Ground,TRK-4187-3178,Delivered
3179,4188,2025-10-27 04:30:58,2025-10-31,,Standard Ground,TRK-4188-3179,In Transit
3180,4190,2026-08-10 15:07:36,2026-08-14,,Standard Ground,TRK-4190-3180,In Transit
3181,4191,2025-05-10 01:22:02,2025-05-14,,Standard Ground,TRK-4191-3181,In Transit
3182,4192,2026-09-02 07:32:51,2026-09-06,,Express Courier,TRK-4192-3182,In Transit
3183,4193,2026-06-22 16:17:54,2026-06-26,,Express Courier,TRK-4193-3183,In Transit
3184,4195,2026-08-25 21:34:00,2026-08-29,2026-08-28,Express Courier,TRK-4195-3184,Delivered
3185,4196,2025-10-08 05:56:43,2025-10-12,2025-10-10,Next-Day Air,TRK-4196-3185,Delivered
3186,4197,2024-05-28 10:07:30,2024-06-01,2024-06-02,Standard Ground,TRK-4197-3186,Delivered
3187,4198,2025-08-31 15:37:52,2025-09-04,2025-09-03,Express Courier,TRK-4198-3187,Delivered
3188,4199,2025-09-18 09:35:06,2025-09-22,2025-09-23,Next-Day Air,TRK-4199-3188,Delivered
3189,4200,2026-03-05 10:58:41,2026-03-09,2026-03-10,Express Courier,TRK-4200-3189,Delivered
3190,4201,2025-11-13 22:57:48,2025-11-17,2025-11-16,Next-Day Air,TRK-4201-3190,Delivered
3191,4202,2026-02-12 10:33:26,2026-02-16,2026-02-17,Standard Ground,TRK-4202-3191,Delivered
3192,4204,2026-06-26 22:39:08,2026-06-30,2026-07-01,Next-Day Air,TRK-4204-3192,Delivered
3193,4205,2025-07-27 13:43:56,2025-07-31,2025-07-29,Express Courier,TRK-4205-3193,Delivered
3194,4206,2026-03-05 16:46:28,2026-03-09,2026-03-07,Next-Day Air,TRK-4206-3194,Delivered
3195,4207,2026-03-09 00:42:20,2026-03-13,2026-03-12,Standard Ground,TRK-4207-3195,Delivered
3196,4208,2026-07-23 18:01:08,2026-07-27,2026-07-27,Standard Ground,TRK-4208-3196,Delivered
3197,4210,2026-05-22 17:24:43,2026-05-26,2026-05-25,Next-Day Air,TRK-4210-3197,Delivered
3198,4211,2026-05-13 10:54:29,2026-05-17,2026-05-17,Express Courier,TRK-4211-3198,Delivered
3199,4212,2025-11-06 15:33:10,2025-11-10,2025-11-10,Standard Ground,TRK-4212-3199,Delivered
3200,4213,2026-08-23 03:59:53,2026-08-27,,Express Courier,TRK-4213-3200,In Transit
3201,4214,2025-01-22 22:56:42,2025-01-26,2025-01-24,Next-Day Air,TRK-4214-3201,Delivered
3202,4215,2025-12-06 19:17:42,2025-12-10,2025-12-10,Next-Day Air,TRK-4215-3202,Delivered
3203,4217,2025-05-27 21:39:08,2025-05-31,2025-05-31,Express Courier,TRK-4217-3203,Delivered
3204,4218,2026-07-26 12:28:58,2026-07-30,2026-07-28,Standard Ground,TRK-4218-3204,Delivered
3205,4219,2026-01-13 14:33:23,2026-01-17,,Next-Day Air,TRK-4219-3205,In Transit
3206,4220,2026-03-21 13:06:05,2026-03-25,2026-03-25,Next-Day Air,TRK-4220-3206,Delivered
3207,4221,2024-08-22 20:41:53,2024-08-26,2024-08-25,Express Courier,TRK-4221-3207,Delivered
3208,4224,2025-07-16 05:47:16,2025-07-20,2025-07-21,Standard Ground,TRK-4224-3208,Delivered
3209,4225,2026-03-11 08:04:07,2026-03-15,2026-03-16,Standard Ground,TRK-4225-3209,Delivered
3210,4226,2026-04-16 19:11:00,2026-04-20,2026-04-19,Standard Ground,TRK-4226-3210,Delivered
3211,4227,2026-04-21 04:08:41,2026-04-25,2026-04-24,Standard Ground,TRK-4227-3211,Delivered
3212,4228,2026-07-11 00:26:01,2026-07-15,2026-07-14,Express Courier,TRK-4228-3212,Delivered
3213,4229,2026-06-26 02:58:18,2026-06-30,2026-06-30,Express Courier,TRK-4229-3213,Delivered
3214,4231,2026-05-28 09:17:56,2026-06-01,,Express Courier,TRK-4231-3214,In Transit
3215,4232,2026-01-10 22:45:05,2026-01-14,,Express Courier,TRK-4232-3215,In Transit
3216,4233,2025-02-17 17:53:45,2025-02-21,2025-02-19,Standard Ground,TRK-4233-3216,Delivered
3217,4234,2026-02-12 06:35:04,2026-02-16,2026-02-17,Next-Day Air,TRK-4234-3217,Delivered
3218,4235,2026-07-30 20:31:41,2026-08-03,2026-08-02,Standard Ground,TRK-4235-3218,Delivered
3219,4236,2026-02-12 17:09:01,2026-02-16,2026-02-14,Standard Ground,TRK-4236-3219,Delivered
3220,4238,2025-04-11 13:22:42,2025-04-15,,Standard Ground,TRK-4238-3220,In Transit
3221,4242,2024-10-17 16:36:37,2024-10-21,2024-10-22,Express Courier,TRK-4242-3221,Delivered
3222,4243,2026-07-01 16:03:35,2026-07-05,2026-07-04,Next-Day Air,TRK-4243-3222,Delivered
3223,4244,2026-01-24 21:20:53,2026-01-28,2026-01-28,Next-Day Air,TRK-4244-3223,Delivered
3224,4245,2025-12-06 02:17:42,2025-12-10,,Standard Ground,TRK-4245-3224,In Transit
3225,4246,2026-05-01 03:34:15,2026-05-05,2026-05-03,Standard Ground,TRK-4246-3225,Delivered
3226,4247,2026-02-21 21:47:00,2026-02-25,2026-02-26,Standard Ground,TRK-4247-3226,Delivered
3227,4248,2025-05-15 23:20:35,2025-05-19,2025-05-19,Express Courier,TRK-4248-3227,Delivered
3228,4249,2025-06-07 13:11:49,2025-06-11,2025-06-12,Next-Day Air,TRK-4249-3228,Delivered
3229,4250,2026-04-05 03:37:09,2026-04-09,2026-04-07,Next-Day Air,TRK-4250-3229,Delivered
3230,4251,2026-04-12 18:57:02,2026-04-16,2026-04-14,Next-Day Air,TRK-4251-3230,Delivered
3231,4252,2025-03-06 23:49:36,2025-03-10,2025-03-08,Express Courier,TRK-4252-3231,Delivered
3232,4253,2026-06-12 12:02:43,2026-06-16,2026-06-16,Next-Day Air,TRK-4253-3232,Delivered
3233,4254,2026-09-02 01:08:28,2026-09-06,2026-09-04,Next-Day Air,TRK-4254-3233,Delivered
3234,4255,2026-08-21 10:33:46,2026-08-25,,Standard Ground,TRK-4255-3234,In Transit
3235,4257,2026-08-06 20:31:14,2026-08-10,,Next-Day Air,TRK-4257-3235,In Transit
3236,4259,2025-09-12 23:34:49,2025-09-16,2025-09-14,Standard Ground,TRK-4259-3236,Delivered
3237,4260,2026-07-18 06:31:25,2026-07-22,2026-07-22,Next-Day Air,TRK-4260-3237,Delivered
3238,4262,2026-08-13 17:13:41,2026-08-17,2026-08-16,Next-Day Air,TRK-4262-3238,Delivered
3239,4263,2024-06-17 02:39:49,2024-06-21,2024-06-22,Next-Day Air,TRK-4263-3239,Delivered
3240,4264,2026-08-28 16:35:39,2026-09-01,2026-09-01,Standard Ground,TRK-4264-3240,Delivered
3241,4265,2026-07-14 02:13:30,2026-07-18,2026-07-17,Standard Ground,TRK-4265-3241,Delivered
3242,4266,2026-03-15 21:38:26,2026-03-19,2026-03-20,Express Courier,TRK-4266-3242,Delivered
3243,4267,2026-06-30 19:38:10,2026-07-04,2026-07-05,Express Courier,TRK-4267-3243,Delivered
3244,4268,2025-01-12 07:22:07,2025-01-16,2025-01-16,Standard Ground,TRK-4268-3244,Delivered
3245,4269,2026-08-12 15:55:07,2026-08-16,,Next-Day Air,TRK-4269-3245,In Transit
3246,4270,2026-08-27 01:07:03,2026-08-31,2026-09-01,Next-Day Air,TRK-4270-3246,Delivered
3247,4271,2026-06-12 17:59:34,2026-06-16,2026-06-16,Standard Ground,TRK-4271-3247,Delivered
3248,4273,2025-03-24 03:26:53,2025-03-28,,Next-Day Air,TRK-4273-3248,In Transit
3249,4274,2026-05-30 10:13:48,2026-06-03,2026-06-01,Standard Ground,TRK-4274-3249,Delivered
3250,4275,2026-04-18 18:32:35,2026-04-22,2026-04-20,Express Courier,TRK-4275-3250,Delivered
3251,4276,2026-08-25 18:00:36,2026-08-29,,Next-Day Air,TRK-4276-3251,In Transit
3252,4277,2024-06-20 02:58:15,2024-06-24,2024-06-24,Next-Day Air,TRK-4277-3252,Delivered
3253,4278,2026-08-21 07:11:36,2026-08-25,,Standard Ground,TRK-4278-3253,In Transit
3254,4279,2026-03-24 14:37:59,2026-03-28,,Standard Ground,TRK-4279-3254,In Transit
3255,4280,2025-08-24 13:33:55,2025-08-28,2025-08-28,Next-Day Air,TRK-4280-3255,Delivered
3256,4283,2025-06-27 08:59:49,2025-07-01,2025-07-02,Next-Day Air,TRK-4283-3256,Delivered
3257,4284,2026-03-27 04:26:17,2026-03-31,2026-03-30,Standard Ground,TRK-4284-3257,Delivered
3258,4285,2026-01-29 06:26:50,2026-02-02,2026-02-02,Next-Day Air,TRK-4285-3258,Delivered
3259,4286,2026-04-18 23:07:42,2026-04-22,2026-04-23,Express Courier,TRK-4286-3259,Delivered
3260,4287,2026-05-31 11:42:28,2026-06-04,2026-06-02,Express Courier,TRK-4287-3260,Delivered
3261,4288,2026-06-19 03:09:14,2026-06-23,2026-06-24,Next-Day Air,TRK-4288-3261,Delivered
3262,4289,2026-08-24 15:48:07,2026-08-28,2026-08-28,Standard Ground,TRK-4289-3262,Delivered
3263,4290,2026-04-05 04:25:11,2026-04-09,2026-04-09,Express Courier,TRK-4290-3263,Delivered
3264,4292,2026-07-06 03:37:07,2026-07-10,2026-07-11,Standard Ground,TRK-4292-3264,Delivered
3265,4293,2024-10-31 15:20:12,2024-11-04,2024-11-05,Next-Day Air,TRK-4293-3265,Delivered
3266,4294,2026-05-18 03:33:10,2026-05-22,2026-05-21,Next-Day Air,TRK-4294-3266,Delivered
3267,4295,2025-09-03 07:41:46,2025-09-07,2025-09-05,Standard Ground,TRK-4295-3267,Delivered
3268,4296,2026-06-24 20:59:04,2026-06-28,2026-06-29,Express Courier,TRK-4296-3268,Delivered
3269,4297,2026-09-01 23:15:37,2026-09-05,2026-09-03,Standard Ground,TRK-4297-3269,Delivered
3270,4299,2026-06-07 07:11:02,2026-06-11,,Next-Day Air,TRK-4299-3270,In Transit
3271,4300,2026-05-21 01:45:38,2026-05-25,,Next-Day Air,TRK-4300-3271,In Transit
3272,4301,2026-08-29 03:53:46,2026-09-02,2026-08-31,Express Courier,TRK-4301-3272,Delivered
3273,4302,2025-03-06 23:28:58,2025-03-10,,Next-Day Air,TRK-4302-3273,In Transit
3274,4304,2026-09-02 08:52:42,2026-09-06,2026-09-06,Express Courier,TRK-4304-3274,Delivered
3275,4305,2026-02-11 10:07:52,2026-02-15,,Next-Day Air,TRK-4305-3275,In Transit
3276,4306,2026-01-24 11:53:00,2026-01-28,2026-01-27,Next-Day Air,TRK-4306-3276,Delivered
3277,4307,2025-02-26 20:09:33,2025-03-02,2025-03-01,Standard Ground,TRK-4307-3277,Delivered
3278,4309,2026-06-01 01:39:08,2026-06-05,2026-06-03,Express Courier,TRK-4309-3278,Delivered
3279,4310,2026-07-08 13:57:57,2026-07-12,2026-07-11,Next-Day Air,TRK-4310-3279,Delivered
3280,4311,2026-01-08 09:50:24,2026-01-12,2026-01-10,Standard Ground,TRK-4311-3280,Delivered
3281,4312,2026-04-16 11:38:04,2026-04-20,2026-04-18,Next-Day Air,TRK-4312-3281,Delivered
3282,4313,2025-12-27 16:34:38,2025-12-31,2025-12-29,Express Courier,TRK-4313-3282,Delivered
3283,4314,2025-06-07 04:38:01,2025-06-11,2025-06-09,Next-Day Air,TRK-4314-3283,Delivered
3284,4315,2025-07-09 07:59:08,2025-07-13,2025-07-11,Next-Day Air,TRK-4315-3284,Delivered
3285,4317,2025-07-18 22:36:26,2025-07-22,2025-07-21,Next-Day Air,TRK-4317-3285,Delivered
3286,4318,2026-05-06 21:21:13,2026-05-10,2026-05-09,Standard Ground,TRK-4318-3286,Delivered
3287,4319,2025-05-22 04:26:01,2025-05-26,,Next-Day Air,TRK-4319-3287,In Transit
3288,4320,2026-06-27 15:20:10,2026-07-01,2026-07-02,Express Courier,TRK-4320-3288,Delivered
3289,4322,2026-01-14 05:13:55,2026-01-18,2026-01-17,Standard Ground,TRK-4322-3289,Delivered
3290,4323,2026-03-11 16:53:04,2026-03-15,2026-03-15,Express Courier,TRK-4323-3290,Delivered
3291,4324,2026-02-14 05:32:16,2026-02-18,2026-02-16,Express Courier,TRK-4324-3291,Delivered
3292,4325,2026-06-23 23:40:19,2026-06-27,2026-06-26,Next-Day Air,TRK-4325-3292,Delivered
3293,4326,2026-01-21 12:22:35,2026-01-25,,Next-Day Air,TRK-4326-3293,In Transit
3294,4328,2025-08-27 02:23:59,2025-08-31,2025-08-30,Standard Ground,TRK-4328-3294,Delivered
3295,4329,2026-05-13 15:48:54,2026-05-17,2026-05-16,Express Courier,TRK-4329-3295,Delivered
3296,4330,2025-12-19 20:45:32,2025-12-23,2025-12-23,Standard Ground,TRK-4330-3296,Delivered
3297,4331,2026-06-17 11:02:22,2026-06-21,2026-06-19,Next-Day Air,TRK-4331-3297,Delivered
3298,4333,2025-12-04 12:09:10,2025-12-08,2025-12-06,Next-Day Air,TRK-4333-3298,Delivered
3299,4334,2025-06-17 03:27:54,2025-06-21,2025-06-20,Next-Day Air,TRK-4334-3299,Delivered
3300,4336,2026-06-04 00:23:31,2026-06-08,,Express Courier,TRK-4336-3300,In Transit
3301,4337,2026-07-17 05:45:40,2026-07-21,2026-07-20,Next-Day Air,TRK-4337-3301,Delivered
3302,4340,2026-08-02 11:15:21,2026-08-06,2026-08-06,Standard Ground,TRK-4340-3302,Delivered
3303,4342,2026-07-10 13:16:34,2026-07-14,2026-07-15,Standard Ground,TRK-4342-3303,Delivered
3304,4346,2026-05-24 15:55:10,2026-05-28,,Next-Day Air,TRK-4346-3304,In Transit
3305,4347,2025-01-30 12:50:49,2025-02-03,2025-02-04,Standard Ground,TRK-4347-3305,Delivered
3306,4348,2025-10-07 00:27:45,2025-10-11,2025-10-09,Express Courier,TRK-4348-3306,Delivered
3307,4349,2024-11-11 07:01:04,2024-11-15,2024-11-13,Next-Day Air,TRK-4349-3307,Delivered
3308,4351,2026-04-06 14:32:58,2026-04-10,2026-04-08,Standard Ground,TRK-4351-3308,Delivered
3309,4352,2026-04-13 22:16:19,2026-04-17,2026-04-16,Express Courier,TRK-4352-3309,Delivered
3310,4354,2024-04-29 23:11:25,2024-05-03,2024-05-01,Next-Day Air,TRK-4354-3310,Delivered
3311,4355,2026-03-10 01:20:11,2026-03-14,2026-03-12,Express Courier,TRK-4355-3311,Delivered
3312,4356,2025-10-21 09:22:47,2025-10-25,,Express Courier,TRK-4356-3312,In Transit
3313,4357,2026-05-16 18:01:09,2026-05-20,2026-05-18,Next-Day Air,TRK-4357-3313,Delivered
3314,4360,2024-12-27 02:44:22,2024-12-31,2024-12-30,Express Courier,TRK-4360-3314,Delivered
3315,4361,2024-07-30 09:18:51,2024-08-03,2024-08-01,Next-Day Air,TRK-4361-3315,Delivered
3316,4362,2026-07-07 05:08:43,2026-07-11,2026-07-12,Next-Day Air,TRK-4362-3316,Delivered
3317,4363,2026-07-22 09:03:27,2026-07-26,2026-07-26,Standard Ground,TRK-4363-3317,Delivered
3318,4365,2026-08-27 05:59:41,2026-08-31,2026-08-30,Express Courier,TRK-4365-3318,Delivered
3319,4366,2026-04-29 06:33:40,2026-05-03,,Next-Day Air,TRK-4366-3319,In Transit
3320,4367,2025-08-26 04:52:27,2025-08-30,2025-08-30,Next-Day Air,TRK-4367-3320,Delivered
3321,4370,2026-03-12 16:33:26,2026-03-16,2026-03-15,Next-Day Air,TRK-4370-3321,Delivered
3322,4372,2026-04-16 05:02:28,2026-04-20,2026-04-21,Standard Ground,TRK-4372-3322,Delivered
3323,4373,2026-01-06 10:25:37,2026-01-10,2026-01-10,Next-Day Air,TRK-4373-3323,Delivered
3324,4374,2025-03-24 11:19:01,2025-03-28,2025-03-28,Express Courier,TRK-4374-3324,Delivered
3325,4375,2026-01-07 16:54:12,2026-01-11,2026-01-10,Express Courier,TRK-4375-3325,Delivered
3326,4377,2025-03-21 02:21:51,2025-03-25,2025-03-26,Express Courier,TRK-4377-3326,Delivered
3327,4378,2024-04-05 03:16:48,2024-04-09,2024-04-08,Standard Ground,TRK-4378-3327,Delivered
3328,4379,2026-03-16 16:50:28,2026-03-20,,Standard Ground,TRK-4379-3328,In Transit
3329,4381,2025-11-17 16:42:33,2025-11-21,,Next-Day Air,TRK-4381-3329,In Transit
3330,4383,2026-07-13 14:54:24,2026-07-17,,Next-Day Air,TRK-4383-3330,In Transit
3331,4384,2026-07-11 21:42:37,2026-07-15,2026-07-16,Express Courier,TRK-4384-3331,Delivered
3332,4385,2026-01-11 01:30:02,2026-01-15,2026-01-13,Express Courier,TRK-4385-3332,Delivered
3333,4386,2026-06-22 21:44:38,2026-06-26,2026-06-26,Next-Day Air,TRK-4386-3333,Delivered
3334,4387,2026-03-29 00:32:18,2026-04-02,,Standard Ground,TRK-4387-3334,In Transit
3335,4389,2025-11-10 21:38:18,2025-11-14,2025-11-15,Express Courier,TRK-4389-3335,Delivered
3336,4391,2026-07-18 14:43:13,2026-07-22,2026-07-23,Next-Day Air,TRK-4391-3336,Delivered
3337,4392,2025-08-31 13:09:09,2025-09-04,2025-09-05,Standard Ground,TRK-4392-3337,Delivered
3338,4393,2026-02-11 04:53:00,2026-02-15,2026-02-13,Standard Ground,TRK-4393-3338,Delivered
3339,4394,2026-05-20 13:43:22,2026-05-24,2026-05-23,Express Courier,TRK-4394-3339,Delivered
3340,4395,2025-11-19 12:09:26,2025-11-23,2025-11-24,Next-Day Air,TRK-4395-3340,Delivered
3341,4396,2025-08-28 09:23:10,2025-09-01,2025-09-02,Standard Ground,TRK-4396-3341,Delivered
3342,4397,2025-07-24 22:01:05,2025-07-28,,Express Courier,TRK-4397-3342,In Transit
3343,4398,2025-11-10 10:05:24,2025-11-14,2025-11-12,Express Courier,TRK-4398-3343,Delivered
3344,4400,2024-02-16 04:30:41,2024-02-20,2024-02-21,Standard Ground,TRK-4400-3344,Delivered
3345,4401,2025-07-06 02:37:21,2025-07-10,2025-07-11,Next-Day Air,TRK-4401-3345,Delivered
3346,4402,2026-05-20 12:33:42,2026-05-24,,Standard Ground,TRK-4402-3346,In Transit
3347,4403,2026-08-12 02:51:52,2026-08-16,2026-08-14,Standard Ground,TRK-4403-3347,Delivered
3348,4404,2026-03-11 00:01:42,2026-03-15,2026-03-14,Next-Day Air,TRK-4404-3348,Delivered
3349,4405,2025-02-17 16:16:07,2025-02-21,2025-02-22,Standard Ground,TRK-4405-3349,Delivered
3350,4406,2025-05-04 17:16:19,2025-05-08,,Express Courier,TRK-4406-3350,In Transit
3351,4407,2025-12-22 00:43:23,2025-12-26,,Express Courier,TRK-4407-3351,In Transit
3352,4408,2025-07-09 11:50:14,2025-07-13,2025-07-11,Next-Day Air,TRK-4408-3352,Delivered
3353,4410,2024-01-17 06:39:36,2024-01-21,2024-01-22,Express Courier,TRK-4410-3353,Delivered
3354,4411,2025-07-06 23:00:59,2025-07-10,2025-07-08,Standard Ground,TRK-4411-3354,Delivered
3355,4412,2026-03-02 07:44:29,2026-03-06,2026-03-04,Standard Ground,TRK-4412-3355,Delivered
3356,4413,2026-05-22 08:46:59,2026-05-26,2026-05-26,Next-Day Air,TRK-4413-3356,Delivered
3357,4415,2026-09-01 23:31:48,2026-09-05,,Standard Ground,TRK-4415-3357,In Transit
3358,4416,2026-06-13 12:38:56,2026-06-17,2026-06-16,Next-Day Air,TRK-4416-3358,Delivered
3359,4417,2026-01-12 11:39:19,2026-01-16,2026-01-16,Standard Ground,TRK-4417-3359,Delivered
3360,4418,2026-08-03 18:10:27,2026-08-07,2026-08-06,Standard Ground,TRK-4418-3360,Delivered
3361,4421,2025-04-09 19:17:16,2025-04-13,2025-04-11,Next-Day Air,TRK-4421-3361,Delivered
3362,4422,2026-03-01 01:30:00,2026-03-05,2026-03-04,Express Courier,TRK-4422-3362,Delivered
3363,4424,2025-10-10 02:02:04,2025-10-14,2025-10-13,Standard Ground,TRK-4424-3363,Delivered
3364,4425,2026-08-15 14:35:03,2026-08-19,2026-08-17,Next-Day Air,TRK-4425-3364,Delivered
3365,4427,2026-03-16 09:13:39,2026-03-20,2026-03-21,Next-Day Air,TRK-4427-3365,Delivered
3366,4428,2026-07-31 01:33:22,2026-08-04,2026-08-02,Next-Day Air,TRK-4428-3366,Delivered
3367,4429,2026-05-08 06:31:20,2026-05-12,2026-05-10,Express Courier,TRK-4429-3367,Delivered
3368,4430,2026-08-27 09:03:25,2026-08-31,2026-08-30,Next-Day Air,TRK-4430-3368,Delivered
3369,4431,2025-03-27 05:23:20,2025-03-31,2025-03-30,Next-Day Air,TRK-4431-3369,Delivered
3370,4432,2024-05-14 13:34:56,2024-05-18,2024-05-18,Next-Day Air,TRK-4432-3370,Delivered
3371,4433,2025-05-25 02:48:53,2025-05-29,2025-05-29,Express Courier,TRK-4433-3371,Delivered
3372,4435,2026-03-06 09:37:34,2026-03-10,2026-03-08,Next-Day Air,TRK-4435-3372,Delivered
3373,4436,2026-06-21 11:04:33,2026-06-25,2026-06-24,Standard Ground,TRK-4436-3373,Delivered
3374,4437,2025-08-11 17:02:58,2025-08-15,,Standard Ground,TRK-4437-3374,In Transit
3375,4439,2026-04-19 15:15:49,2026-04-23,2026-04-21,Standard Ground,TRK-4439-3375,Delivered
3376,4440,2025-12-30 17:17:45,2026-01-03,2026-01-02,Next-Day Air,TRK-4440-3376,Delivered
3377,4442,2026-08-31 06:57:39,2026-09-04,2026-09-03,Standard Ground,TRK-4442-3377,Delivered
3378,4443,2026-04-08 09:59:38,2026-04-12,2026-04-11,Express Courier,TRK-4443-3378,Delivered
3379,4444,2025-12-29 20:14:21,2026-01-02,2026-01-03,Standard Ground,TRK-4444-3379,Delivered
3380,4447,2026-07-13 06:47:20,2026-07-17,2026-07-18,Next-Day Air,TRK-4447-3380,Delivered
3381,4449,2026-05-04 18:24:13,2026-05-08,2026-05-09,Next-Day Air,TRK-4449-3381,Delivered
3382,4450,2026-03-03 17:36:28,2026-03-07,2026-03-08,Next-Day Air,TRK-4450-3382,Delivered
3383,4452,2026-06-18 12:47:15,2026-06-22,2026-06-22,Express Courier,TRK-4452-3383,Delivered
3384,4453,2025-10-01 12:34:08,2025-10-05,2025-10-05,Express Courier,TRK-4453-3384,Delivered
3385,4454,2026-04-29 10:49:02,2026-05-03,2026-05-03,Express Courier,TRK-4454-3385,Delivered
3386,4455,2025-05-31 09:45:38,2025-06-04,2025-06-02,Express Courier,TRK-4455-3386,Delivered
3387,4456,2026-08-01 12:45:38,2026-08-05,2026-08-03,Standard Ground,TRK-4456-3387,Delivered
3388,4457,2026-04-19 21:53:23,2026-04-23,2026-04-23,Next-Day Air,TRK-4457-3388,Delivered
3389,4458,2025-02-01 07:19:48,2025-02-05,2025-02-06,Next-Day Air,TRK-4458-3389,Delivered
3390,4460,2026-03-09 00:26:08,2026-03-13,2026-03-14,Next-Day Air,TRK-4460-3390,Delivered
3391,4461,2025-02-10 01:57:37,2025-02-14,2025-02-14,Next-Day Air,TRK-4461-3391,Delivered
3392,4462,2025-04-15 18:36:31,2025-04-19,2025-04-18,Express Courier,TRK-4462-3392,Delivered
3393,4463,2026-05-03 07:07:39,2026-05-07,,Standard Ground,TRK-4463-3393,In Transit
3394,4465,2026-01-19 13:38:06,2026-01-23,2026-01-22,Standard Ground,TRK-4465-3394,Delivered
3395,4466,2026-07-07 15:43:22,2026-07-11,2026-07-09,Standard Ground,TRK-4466-3395,Delivered
3396,4467,2025-12-31 18:21:43,2026-01-04,2026-01-02,Next-Day Air,TRK-4467-3396,Delivered
3397,4468,2026-05-31 16:37:23,2026-06-04,2026-06-04,Next-Day Air,TRK-4468-3397,Delivered
3398,4469,2026-05-10 01:43:06,2026-05-14,,Next-Day Air,TRK-4469-3398,In Transit
3399,4471,2026-08-24 21:41:00,2026-08-28,2026-08-28,Next-Day Air,TRK-4471-3399,Delivered
3400,4472,2026-01-26 12:50:19,2026-01-30,2026-01-30,Express Courier,TRK-4472-3400,Delivered
3401,4473,2025-10-31 11:36:24,2025-11-04,2025-11-05,Express Courier,TRK-4473-3401,Delivered
3402,4474,2024-06-22 08:19:36,2024-06-26,,Next-Day Air,TRK-4474-3402,In Transit
3403,4475,2024-12-07 02:57:23,2024-12-11,,Express Courier,TRK-4475-3403,In Transit
3404,4476,2025-08-25 00:34:30,2025-08-29,2025-08-29,Next-Day Air,TRK-4476-3404,Delivered
3405,4478,2025-09-10 17:15:01,2025-09-14,2025-09-12,Next-Day Air,TRK-4478-3405,Delivered
3406,4479,2026-08-09 07:24:09,2026-08-13,2026-08-11,Standard Ground,TRK-4479-3406,Delivered
3407,4480,2026-07-08 19:02:28,2026-07-12,2026-07-10,Standard Ground,TRK-4480-3407,Delivered
3408,4482,2026-04-05 13:08:15,2026-04-09,2026-04-07,Standard Ground,TRK-4482-3408,Delivered
3409,4483,2024-06-16 17:36:04,2024-06-20,2024-06-20,Standard Ground,TRK-4483-3409,Delivered
3410,4484,2026-01-17 10:11:42,2026-01-21,2026-01-21,Express Courier,TRK-4484-3410,Delivered
3411,4485,2025-11-14 16:15:54,2025-11-18,,Standard Ground,TRK-4485-3411,In Transit
3412,4488,2025-04-03 20:50:29,2025-04-07,2025-04-05,Standard Ground,TRK-4488-3412,Delivered
3413,4489,2025-12-05 22:53:54,2025-12-09,2025-12-09,Standard Ground,TRK-4489-3413,Delivered
3414,4490,2026-07-18 07:11:24,2026-07-22,2026-07-22,Standard Ground,TRK-4490-3414,Delivered
3415,4491,2026-04-12 13:44:20,2026-04-16,2026-04-16,Standard Ground,TRK-4491-3415,Delivered
3416,4492,2026-02-19 00:09:53,2026-02-23,2026-02-23,Express Courier,TRK-4492-3416,Delivered
3417,4493,2025-01-14 12:47:53,2025-01-18,2025-01-19,Standard Ground,TRK-4493-3417,Delivered
3418,4494,2026-07-10 06:21:43,2026-07-14,2026-07-15,Standard Ground,TRK-4494-3418,Delivered
3419,4495,2026-08-25 23:52:35,2026-08-29,2026-08-29,Express Courier,TRK-4495-3419,Delivered
3420,4496,2025-09-29 03:36:51,2025-10-03,,Next-Day Air,TRK-4496-3420,In Transit
3421,4497,2025-05-10 18:32:34,2025-05-14,,Next-Day Air,TRK-4497-3421,In Transit
3422,4498,2026-06-25 21:16:33,2026-06-29,2026-06-27,Standard Ground,TRK-4498-3422,Delivered
3423,4499,2025-10-23 18:04:58,2025-10-27,,Next-Day Air,TRK-4499-3423,In Transit
3424,4500,2026-01-26 03:05:34,2026-01-30,2026-01-28,Next-Day Air,TRK-4500-3424,Delivered
3425,4501,2026-02-27 01:58:58,2026-03-03,2026-03-02,Standard Ground,TRK-4501-3425,Delivered
3426,4502,2024-10-28 10:22:54,2024-11-01,,Next-Day Air,TRK-4502-3426,In Transit
3427,4504,2026-05-22 18:33:48,2026-05-26,2026-05-27,Standard Ground,TRK-4504-3427,Delivered
3428,4507,2024-10-12 13:03:18,2024-10-16,2024-10-16,Express Courier,TRK-4507-3428,Delivered
3429,4508,2026-03-27 17:29:17,2026-03-31,2026-03-29,Next-Day Air,TRK-4508-3429,Delivered
3430,4509,2024-08-06 07:26:26,2024-08-10,2024-08-09,Express Courier,TRK-4509-3430,Delivered
3431,4510,2025-10-31 20:21:13,2025-11-04,2025-11-04,Standard Ground,TRK-4510-3431,Delivered
3432,4512,2026-06-15 04:17:31,2026-06-19,2026-06-18,Express Courier,TRK-4512-3432,Delivered
3433,4513,2025-08-25 23:48:59,2025-08-29,2025-08-28,Next-Day Air,TRK-4513-3433,Delivered
3434,4514,2026-07-02 15:56:57,2026-07-06,2026-07-06,Standard Ground,TRK-4514-3434,Delivered
3435,4515,2025-11-12 13:46:05,2025-11-16,2025-11-16,Standard Ground,TRK-4515-3435,Delivered
3436,4516,2026-06-02 09:51:27,2026-06-06,2026-06-05,Standard Ground,TRK-4516-3436,Delivered
3437,4517,2026-02-22 08:43:56,2026-02-26,2026-02-24,Next-Day Air,TRK-4517-3437,Delivered
3438,4519,2026-03-17 15:51:39,2026-03-21,2026-03-19,Express Courier,TRK-4519-3438,Delivered
3439,4520,2025-11-03 16:44:29,2025-11-07,2025-11-05,Next-Day Air,TRK-4520-3439,Delivered
3440,4521,2025-04-06 06:18:52,2025-04-10,2025-04-10,Standard Ground,TRK-4521-3440,Delivered
3441,4522,2024-07-25 19:25:15,2024-07-29,2024-07-28,Standard Ground,TRK-4522-3441,Delivered
3442,4523,2026-06-01 13:09:05,2026-06-05,2026-06-05,Next-Day Air,TRK-4523-3442,Delivered
3443,4524,2026-07-21 05:59:17,2026-07-25,2026-07-25,Standard Ground,TRK-4524-3443,Delivered
3444,4525,2024-05-01 03:09:43,2024-05-05,2024-05-04,Standard Ground,TRK-4525-3444,Delivered
3445,4526,2026-07-11 13:15:03,2026-07-15,2026-07-15,Next-Day Air,TRK-4526-3445,Delivered
3446,4527,2025-10-18 23:05:46,2025-10-22,2025-10-21,Next-Day Air,TRK-4527-3446,Delivered
3447,4528,2026-03-24 08:51:57,2026-03-28,2026-03-29,Express Courier,TRK-4528-3447,Delivered
3448,4529,2025-03-15 09:17:59,2025-03-19,2025-03-19,Express Courier,TRK-4529-3448,Delivered
3449,4530,2026-08-26 07:48:52,2026-08-30,2026-08-28,Express Courier,TRK-4530-3449,Delivered
3450,4531,2026-06-13 22:53:47,2026-06-17,2026-06-16,Standard Ground,TRK-4531-3450,Delivered
3451,4532,2025-12-29 02:23:38,2026-01-02,2026-01-03,Express Courier,TRK-4532-3451,Delivered
3452,4534,2026-08-31 20:48:23,2026-09-04,2026-09-05,Next-Day Air,TRK-4534-3452,Delivered
3453,4535,2025-05-24 12:24:59,2025-05-28,2025-05-26,Express Courier,TRK-4535-3453,Delivered
3454,4536,2025-02-06 19:09:42,2025-02-10,2025-02-11,Standard Ground,TRK-4536-3454,Delivered
3455,4537,2026-03-30 21:03:25,2026-04-03,2026-04-04,Express Courier,TRK-4537-3455,Delivered
3456,4538,2026-01-10 02:06:19,2026-01-14,2026-01-12,Express Courier,TRK-4538-3456,Delivered
3457,4540,2026-02-14 13:01:38,2026-02-18,2026-02-18,Express Courier,TRK-4540-3457,Delivered
3458,4541,2025-03-22 15:32:31,2025-03-26,2025-03-26,Next-Day Air,TRK-4541-3458,Delivered
3459,4543,2026-06-19 07:03:13,2026-06-23,2026-06-23,Next-Day Air,TRK-4543-3459,Delivered
3460,4544,2026-08-15 14:14:01,2026-08-19,,Next-Day Air,TRK-4544-3460,In Transit
3461,4546,2026-04-06 09:42:03,2026-04-10,2026-04-08,Express Courier,TRK-4546-3461,Delivered
3462,4547,2025-09-30 05:47:11,2025-10-04,2025-10-02,Standard Ground,TRK-4547-3462,Delivered
3463,4548,2025-08-14 08:43:36,2025-08-18,2025-08-18,Standard Ground,TRK-4548-3463,Delivered
3464,4549,2024-08-20 16:30:14,2024-08-24,2024-08-25,Express Courier,TRK-4549-3464,Delivered
3465,4550,2026-08-08 01:59:06,2026-08-12,2026-08-10,Standard Ground,TRK-4550-3465,Delivered
3466,4551,2025-12-22 09:17:32,2025-12-26,2025-12-27,Express Courier,TRK-4551-3466,Delivered
3467,4552,2026-02-11 15:31:08,2026-02-15,2026-02-15,Standard Ground,TRK-4552-3467,Delivered
3468,4553,2026-05-20 00:15:47,2026-05-24,2026-05-22,Express Courier,TRK-4553-3468,Delivered
3469,4554,2025-02-10 18:03:50,2025-02-14,2025-02-15,Next-Day Air,TRK-4554-3469,Delivered
3470,4555,2025-02-06 19:36:15,2025-02-10,2025-02-10,Standard Ground,TRK-4555-3470,Delivered
3471,4556,2024-07-23 02:25:13,2024-07-27,2024-07-27,Next-Day Air,TRK-4556-3471,Delivered
3472,4557,2025-05-02 14:27:42,2025-05-06,2025-05-04,Standard Ground,TRK-4557-3472,Delivered
3473,4558,2025-12-12 19:09:02,2025-12-16,2025-12-17,Express Courier,TRK-4558-3473,Delivered
3474,4559,2026-06-28 21:37:42,2026-07-02,2026-07-03,Standard Ground,TRK-4559-3474,Delivered
3475,4560,2026-08-25 11:48:38,2026-08-29,2026-08-28,Express Courier,TRK-4560-3475,Delivered
3476,4562,2024-06-11 03:17:03,2024-06-15,2024-06-13,Standard Ground,TRK-4562-3476,Delivered
3477,4563,2025-03-24 23:48:55,2025-03-28,2025-03-26,Express Courier,TRK-4563-3477,Delivered
3478,4566,2024-10-09 03:25:27,2024-10-13,2024-10-11,Express Courier,TRK-4566-3478,Delivered
3479,4568,2026-02-06 03:47:11,2026-02-10,2026-02-11,Next-Day Air,TRK-4568-3479,Delivered
3480,4569,2024-10-05 23:57:18,2024-10-09,2024-10-09,Express Courier,TRK-4569-3480,Delivered
3481,4571,2026-06-03 22:42:50,2026-06-07,2026-06-08,Next-Day Air,TRK-4571-3481,Delivered
3482,4572,2026-07-29 06:03:40,2026-08-02,2026-08-03,Next-Day Air,TRK-4572-3482,Delivered
3483,4574,2026-07-26 15:28:05,2026-07-30,2026-07-31,Next-Day Air,TRK-4574-3483,Delivered
3484,4576,2026-07-23 21:42:17,2026-07-27,2026-07-28,Standard Ground,TRK-4576-3484,Delivered
3485,4577,2026-04-04 22:24:00,2026-04-08,,Express Courier,TRK-4577-3485,In Transit
3486,4579,2026-07-15 00:11:46,2026-07-19,2026-07-20,Standard Ground,TRK-4579-3486,Delivered
3487,4580,2026-08-06 15:17:58,2026-08-10,2026-08-08,Express Courier,TRK-4580-3487,Delivered
3488,4581,2024-10-04 04:00:18,2024-10-08,2024-10-07,Express Courier,TRK-4581-3488,Delivered
3489,4582,2026-08-30 21:53:20,2026-09-03,2026-09-01,Next-Day Air,TRK-4582-3489,Delivered
3490,4583,2026-05-18 21:34:06,2026-05-22,2026-05-20,Next-Day Air,TRK-4583-3490,Delivered
3491,4584,2025-11-02 10:45:01,2025-11-06,,Express Courier,TRK-4584-3491,In Transit
3492,4585,2026-04-06 13:13:38,2026-04-10,2026-04-10,Express Courier,TRK-4585-3492,Delivered
3493,4586,2026-04-01 05:00:14,2026-04-05,2026-04-03,Next-Day Air,TRK-4586-3493,Delivered
3494,4587,2025-07-14 07:56:58,2025-07-18,2025-07-17,Standard Ground,TRK-4587-3494,Delivered
3495,4589,2025-11-21 15:24:13,2025-11-25,2025-11-23,Express Courier,TRK-4589-3495,Delivered
3496,4590,2026-07-13 18:15:41,2026-07-17,2026-07-17,Standard Ground,TRK-4590-3496,Delivered
3497,4591,2025-12-19 15:03:51,2025-12-23,2025-12-21,Express Courier,TRK-4591-3497,Delivered
3498,4592,2024-07-05 04:36:49,2024-07-09,2024-07-09,Standard Ground,TRK-4592-3498,Delivered
3499,4593,2026-05-22 11:25:58,2026-05-26,2026-05-26,Next-Day Air,TRK-4593-3499,Delivered
3500,4594,2026-01-25 13:38:47,2026-01-29,2026-01-30,Next-Day Air,TRK-4594-3500,Delivered
3501,4595,2026-06-05 21:48:33,2026-06-09,2026-06-07,Standard Ground,TRK-4595-3501,Delivered
3502,4596,2026-06-19 00:20:17,2026-06-23,2026-06-22,Standard Ground,TRK-4596-3502,Delivered
3503,4597,2026-02-28 22:39:13,2026-03-04,2026-03-03,Standard Ground,TRK-4597-3503,Delivered
3504,4598,2025-12-27 04:19:52,2025-12-31,2025-12-30,Express Courier,TRK-4598-3504,Delivered
3505,4599,2024-03-19 00:29:31,2024-03-23,2024-03-24,Next-Day Air,TRK-4599-3505,Delivered
3506,4600,2026-01-25 20:21:46,2026-01-29,2026-01-28,Express Courier,TRK-4600-3506,Delivered
3507,4604,2026-03-17 19:49:54,2026-03-21,2026-03-19,Express Courier,TRK-4604-3507,Delivered
3508,4605,2026-06-04 11:07:44,2026-06-08,2026-06-08,Next-Day Air,TRK-4605-3508,Delivered
3509,4606,2024-11-08 08:00:13,2024-11-12,2024-11-10,Express Courier,TRK-4606-3509,Delivered
3510,4607,2026-05-17 16:18:02,2026-05-21,2026-05-20,Express Courier,TRK-4607-3510,Delivered
3511,4609,2025-10-14 05:35:30,2025-10-18,2025-10-19,Next-Day Air,TRK-4609-3511,Delivered
3512,4610,2026-08-20 14:29:27,2026-08-24,2026-08-24,Standard Ground,TRK-4610-3512,Delivered
3513,4611,2026-07-01 13:16:14,2026-07-05,2026-07-05,Express Courier,TRK-4611-3513,Delivered
3514,4612,2024-08-12 14:16:39,2024-08-16,2024-08-15,Express Courier,TRK-4612-3514,Delivered
3515,4613,2025-09-08 03:36:08,2025-09-12,2025-09-11,Express Courier,TRK-4613-3515,Delivered
3516,4614,2025-12-16 20:22:49,2025-12-20,2025-12-21,Express Courier,TRK-4614-3516,Delivered
3517,4615,2025-10-14 13:42:55,2025-10-18,2025-10-19,Express Courier,TRK-4615-3517,Delivered
3518,4616,2026-04-27 04:54:27,2026-05-01,2026-04-29,Next-Day Air,TRK-4616-3518,Delivered
3519,4617,2025-05-07 11:18:17,2025-05-11,2025-05-11,Express Courier,TRK-4617-3519,Delivered
3520,4618,2025-01-20 06:03:21,2025-01-24,2025-01-24,Next-Day Air,TRK-4618-3520,Delivered
3521,4619,2025-03-20 12:21:28,2025-03-24,2025-03-25,Standard Ground,TRK-4619-3521,Delivered
3522,4620,2025-06-19 19:59:26,2025-06-23,,Standard Ground,TRK-4620-3522,In Transit
3523,4621,2026-07-30 12:21:15,2026-08-03,2026-08-01,Next-Day Air,TRK-4621-3523,Delivered
3524,4622,2024-10-15 05:08:49,2024-10-19,,Express Courier,TRK-4622-3524,In Transit
3525,4623,2026-08-01 03:43:40,2026-08-05,2026-08-06,Express Courier,TRK-4623-3525,Delivered
3526,4624,2025-11-03 07:09:23,2025-11-07,2025-11-08,Express Courier,TRK-4624-3526,Delivered
3527,4625,2025-06-06 15:02:35,2025-06-10,2025-06-08,Express Courier,TRK-4625-3527,Delivered
3528,4626,2026-03-16 08:04:45,2026-03-20,2026-03-18,Express Courier,TRK-4626-3528,Delivered
3529,4628,2026-07-11 05:16:03,2026-07-15,2026-07-13,Next-Day Air,TRK-4628-3529,Delivered
3530,4629,2025-07-12 20:02:23,2025-07-16,2025-07-14,Standard Ground,TRK-4629-3530,Delivered
3531,4630,2026-08-17 11:53:00,2026-08-21,2026-08-21,Express Courier,TRK-4630-3531,Delivered
3532,4631,2025-07-02 02:41:32,2025-07-06,2025-07-06,Standard Ground,TRK-4631-3532,Delivered
3533,4632,2025-03-14 15:10:19,2025-03-18,,Next-Day Air,TRK-4632-3533,In Transit
3534,4633,2024-09-22 20:11:22,2024-09-26,2024-09-25,Express Courier,TRK-4633-3534,Delivered
3535,4634,2025-12-21 23:47:16,2025-12-25,2025-12-24,Standard Ground,TRK-4634-3535,Delivered
3536,4635,2025-04-17 10:32:16,2025-04-21,2025-04-22,Express Courier,TRK-4635-3536,Delivered
3537,4636,2025-05-02 20:47:05,2025-05-06,2025-05-04,Next-Day Air,TRK-4636-3537,Delivered
3538,4638,2026-08-19 06:04:37,2026-08-23,2026-08-22,Standard Ground,TRK-4638-3538,Delivered
3539,4639,2025-03-10 14:58:36,2025-03-14,2025-03-12,Express Courier,TRK-4639-3539,Delivered
3540,4641,2026-07-02 09:34:39,2026-07-06,2026-07-07,Express Courier,TRK-4641-3540,Delivered
3541,4642,2024-08-27 14:42:39,2024-08-31,,Next-Day Air,TRK-4642-3541,In Transit
3542,4644,2025-06-14 10:20:04,2025-06-18,2025-06-19,Next-Day Air,TRK-4644-3542,Delivered
3543,4645,2025-12-12 01:36:41,2025-12-16,,Standard Ground,TRK-4645-3543,In Transit
3544,4646,2026-02-10 09:18:32,2026-02-14,,Express Courier,TRK-4646-3544,In Transit
3545,4647,2024-11-24 13:11:36,2024-11-28,2024-11-26,Express Courier,TRK-4647-3545,Delivered
3546,4648,2026-01-03 13:48:23,2026-01-07,2026-01-05,Next-Day Air,TRK-4648-3546,Delivered
3547,4649,2026-03-08 08:15:40,2026-03-12,,Next-Day Air,TRK-4649-3547,In Transit
3548,4650,2025-11-20 18:55:54,2025-11-24,2025-11-23,Express Courier,TRK-4650-3548,Delivered
3549,4651,2025-07-23 07:40:05,2025-07-27,2025-07-28,Standard Ground,TRK-4651-3549,Delivered
3550,4652,2026-05-27 22:50:04,2026-05-31,2026-05-30,Next-Day Air,TRK-4652-3550,Delivered
3551,4654,2024-09-20 15:25:11,2024-09-24,,Standard Ground,TRK-4654-3551,In Transit
3552,4655,2026-03-31 23:54:44,2026-04-04,2026-04-02,Express Courier,TRK-4655-3552,Delivered
3553,4656,2026-05-05 00:22:40,2026-05-09,2026-05-08,Express Courier,TRK-4656-3553,Delivered
3554,4657,2026-05-15 11:16:40,2026-05-19,2026-05-19,Next-Day Air,TRK-4657-3554,Delivered
3555,4658,2026-07-27 23:51:29,2026-07-31,2026-08-01,Next-Day Air,TRK-4658-3555,Delivered
3556,4659,2026-01-02 06:30:57,2026-01-06,2026-01-04,Standard Ground,TRK-4659-3556,Delivered
3557,4660,2024-12-04 02:47:15,2024-12-08,2024-12-07,Express Courier,TRK-4660-3557,Delivered
3558,4661,2026-09-02 12:26:05,2026-09-06,2026-09-04,Express Courier,TRK-4661-3558,Delivered
3559,4662,2024-09-16 09:41:42,2024-09-20,2024-09-19,Next-Day Air,TRK-4662-3559,Delivered
3560,4663,2025-09-14 02:22:26,2025-09-18,2025-09-19,Standard Ground,TRK-4663-3560,Delivered
3561,4664,2026-01-16 12:49:26,2026-01-20,2026-01-21,Next-Day Air,TRK-4664-3561,Delivered
3562,4665,2025-08-17 23:29:55,2025-08-21,,Express Courier,TRK-4665-3562,In Transit
3563,4667,2026-02-05 23:25:42,2026-02-09,2026-02-08,Express Courier,TRK-4667-3563,Delivered
3564,4668,2024-06-18 05:01:58,2024-06-22,2024-06-23,Express Courier,TRK-4668-3564,Delivered
3565,4669,2026-06-22 17:43:20,2026-06-26,2026-06-24,Standard Ground,TRK-4669-3565,Delivered
3566,4673,2025-06-26 17:28:03,2025-06-30,2025-06-30,Standard Ground,TRK-4673-3566,Delivered
3567,4674,2026-01-09 13:05:13,2026-01-13,2026-01-12,Next-Day Air,TRK-4674-3567,Delivered
3568,4675,2025-07-07 04:32:57,2025-07-11,2025-07-10,Express Courier,TRK-4675-3568,Delivered
3569,4676,2024-09-09 18:39:06,2024-09-13,2024-09-13,Express Courier,TRK-4676-3569,Delivered
3570,4677,2024-10-09 10:05:08,2024-10-13,2024-10-13,Next-Day Air,TRK-4677-3570,Delivered
3571,4678,2026-06-28 12:12:18,2026-07-02,2026-06-30,Standard Ground,TRK-4678-3571,Delivered
3572,4680,2026-02-25 19:22:58,2026-03-01,2026-02-28,Next-Day Air,TRK-4680-3572,Delivered
3573,4681,2026-03-16 04:06:50,2026-03-20,2026-03-19,Next-Day Air,TRK-4681-3573,Delivered
3574,4682,2026-06-07 17:54:47,2026-06-11,2026-06-10,Next-Day Air,TRK-4682-3574,Delivered
3575,4683,2026-02-16 20:43:21,2026-02-20,2026-02-19,Standard Ground,TRK-4683-3575,Delivered
3576,4687,2026-06-26 09:59:23,2026-06-30,2026-07-01,Standard Ground,TRK-4687-3576,Delivered
3577,4688,2026-07-15 03:08:52,2026-07-19,2026-07-20,Next-Day Air,TRK-4688-3577,Delivered
3578,4689,2026-07-18 09:41:51,2026-07-22,2026-07-21,Standard Ground,TRK-4689-3578,Delivered
3579,4691,2025-07-15 02:28:11,2025-07-19,2025-07-19,Standard Ground,TRK-4691-3579,Delivered
3580,4692,2025-10-26 14:15:40,2025-10-30,2025-10-28,Express Courier,TRK-4692-3580,Delivered
3581,4693,2025-03-30 16:40:12,2025-04-03,2025-04-01,Standard Ground,TRK-4693-3581,Delivered
3582,4694,2026-05-21 03:54:28,2026-05-25,2026-05-23,Standard Ground,TRK-4694-3582,Delivered
3583,4695,2025-12-21 17:32:32,2025-12-25,2025-12-25,Standard Ground,TRK-4695-3583,Delivered
3584,4696,2025-12-19 02:43:41,2025-12-23,2025-12-22,Next-Day Air,TRK-4696-3584,Delivered
3585,4697,2026-03-06 09:41:42,2026-03-10,2026-03-08,Express Courier,TRK-4697-3585,Delivered
3586,4702,2026-06-30 12:12:23,2026-07-04,2026-07-03,Express Courier,TRK-4702-3586,Delivered
3587,4703,2025-04-30 03:22:19,2025-05-04,2025-05-05,Standard Ground,TRK-4703-3587,Delivered
3588,4704,2024-11-14 20:43:11,2024-11-18,2024-11-18,Standard Ground,TRK-4704-3588,Delivered
3589,4706,2026-01-11 18:05:19,2026-01-15,,Standard Ground,TRK-4706-3589,In Transit
3590,4707,2026-05-13 05:52:19,2026-05-17,2026-05-16,Express Courier,TRK-4707-3590,Delivered
3591,4708,2024-12-03 19:43:16,2024-12-07,2024-12-07,Next-Day Air,TRK-4708-3591,Delivered
3592,4709,2026-08-24 01:03:31,2026-08-28,2026-08-26,Standard Ground,TRK-4709-3592,Delivered
3593,4711,2025-10-15 02:39:15,2025-10-19,2025-10-18,Standard Ground,TRK-4711-3593,Delivered
3594,4712,2026-03-23 22:00:09,2026-03-27,2026-03-25,Express Courier,TRK-4712-3594,Delivered
3595,4714,2026-05-25 13:11:57,2026-05-29,,Express Courier,TRK-4714-3595,In Transit
3596,4715,2026-05-28 03:27:03,2026-06-01,,Standard Ground,TRK-4715-3596,In Transit
3597,4719,2025-01-13 03:39:12,2025-01-17,2025-01-15,Express Courier,TRK-4719-3597,Delivered
3598,4720,2025-04-08 09:49:11,2025-04-12,2025-04-13,Next-Day Air,TRK-4720-3598,Delivered
3599,4721,2026-05-12 16:06:53,2026-05-16,2026-05-14,Standard Ground,TRK-4721-3599,Delivered
3600,4723,2026-02-08 02:12:52,2026-02-12,2026-02-11,Standard Ground,TRK-4723-3600,Delivered
3601,4725,2026-07-27 07:47:14,2026-07-31,2026-07-30,Standard Ground,TRK-4725-3601,Delivered
3602,4726,2026-03-13 11:23:21,2026-03-17,2026-03-16,Standard Ground,TRK-4726-3602,Delivered
3603,4727,2026-04-01 20:58:03,2026-04-05,2026-04-04,Next-Day Air,TRK-4727-3603,Delivered
3604,4729,2026-07-19 06:50:39,2026-07-23,2026-07-23,Standard Ground,TRK-4729-3604,Delivered
3605,4731,2026-05-21 02:50:20,2026-05-25,2026-05-25,Next-Day Air,TRK-4731-3605,Delivered
3606,4732,2025-05-02 11:52:03,2025-05-06,2025-05-06,Standard Ground,TRK-4732-3606,Delivered
3607,4733,2026-04-27 00:28:18,2026-05-01,2026-04-30,Next-Day Air,TRK-4733-3607,Delivered
3608,4734,2026-09-01 16:15:53,2026-09-05,2026-09-04,Express Courier,TRK-4734-3608,Delivered
3609,4735,2026-06-22 15:02:20,2026-06-26,2026-06-24,Next-Day Air,TRK-4735-3609,Delivered
3610,4736,2025-08-13 18:43:30,2025-08-17,2025-08-18,Express Courier,TRK-4736-3610,Delivered
3611,4737,2024-11-19 00:29:50,2024-11-23,2024-11-21,Next-Day Air,TRK-4737-3611,Delivered
3612,4740,2026-04-26 21:06:01,2026-04-30,2026-04-29,Standard Ground,TRK-4740-3612,Delivered
3613,4741,2025-06-11 15:09:44,2025-06-15,2025-06-14,Next-Day Air,TRK-4741-3613,Delivered
3614,4742,2026-07-08 16:02:44,2026-07-12,2026-07-10,Express Courier,TRK-4742-3614,Delivered
3615,4743,2026-03-10 07:56:34,2026-03-14,2026-03-13,Next-Day Air,TRK-4743-3615,Delivered
3616,4744,2026-05-03 22:05:27,2026-05-07,2026-05-08,Standard Ground,TRK-4744-3616,Delivered
3617,4746,2024-11-16 12:59:43,2024-11-20,2024-11-19,Express Courier,TRK-4746-3617,Delivered
3618,4747,2025-05-14 14:35:48,2025-05-18,2025-05-16,Express Courier,TRK-4747-3618,Delivered
3619,4751,2025-12-23 02:43:43,2025-12-27,2025-12-26,Standard Ground,TRK-4751-3619,Delivered
3620,4752,2026-05-26 02:06:28,2026-05-30,2026-05-31,Standard Ground,TRK-4752-3620,Delivered
3621,4753,2026-03-26 20:00:25,2026-03-30,2026-03-28,Next-Day Air,TRK-4753-3621,Delivered
3622,4754,2026-08-19 11:03:01,2026-08-23,,Next-Day Air,TRK-4754-3622,In Transit
3623,4755,2026-08-08 23:55:16,2026-08-12,2026-08-12,Standard Ground,TRK-4755-3623,Delivered
3624,4757,2026-06-21 14:51:18,2026-06-25,,Standard Ground,TRK-4757-3624,In Transit
3625,4758,2024-07-18 14:34:49,2024-07-22,2024-07-23,Standard Ground,TRK-4758-3625,Delivered
3626,4759,2026-06-11 11:54:52,2026-06-15,2026-06-15,Standard Ground,TRK-4759-3626,Delivered
3627,4760,2025-12-01 00:37:05,2025-12-05,2025-12-05,Express Courier,TRK-4760-3627,Delivered
3628,4761,2026-08-20 15:27:24,2026-08-24,2026-08-23,Express Courier,TRK-4761-3628,Delivered
3629,4762,2026-04-14 15:03:05,2026-04-18,2026-04-19,Express Courier,TRK-4762-3629,Delivered
3630,4763,2025-12-11 16:05:13,2025-12-15,2025-12-15,Express Courier,TRK-4763-3630,Delivered
3631,4764,2026-01-06 12:57:13,2026-01-10,,Next-Day Air,TRK-4764-3631,In Transit
3632,4766,2026-08-18 17:18:26,2026-08-22,,Next-Day Air,TRK-4766-3632,In Transit
3633,4767,2025-11-11 16:40:37,2025-11-15,2025-11-14,Next-Day Air,TRK-4767-3633,Delivered
3634,4768,2026-04-15 01:18:12,2026-04-19,,Express Courier,TRK-4768-3634,In Transit
3635,4769,2025-06-06 18:52:25,2025-06-10,2025-06-11,Express Courier,TRK-4769-3635,Delivered
3636,4770,2025-10-04 13:40:21,2025-10-08,,Express Courier,TRK-4770-3636,In Transit
3637,4771,2026-08-23 14:58:42,2026-08-27,2026-08-28,Standard Ground,TRK-4771-3637,Delivered
3638,4772,2025-07-16 19:02:29,2025-07-20,2025-07-20,Next-Day Air,TRK-4772-3638,Delivered
3639,4773,2025-04-07 08:26:57,2025-04-11,2025-04-10,Express Courier,TRK-4773-3639,Delivered
3640,4774,2026-03-23 11:50:04,2026-03-27,,Next-Day Air,TRK-4774-3640,In Transit
3641,4775,2025-12-23 09:38:44,2025-12-27,2025-12-26,Next-Day Air,TRK-4775-3641,Delivered
3642,4776,2024-12-13 08:26:38,2024-12-17,2024-12-16,Standard Ground,TRK-4776-3642,Delivered
3643,4777,2024-10-02 12:46:29,2024-10-06,2024-10-07,Next-Day Air,TRK-4777-3643,Delivered
3644,4778,2024-07-29 10:20:59,2024-08-02,2024-07-31,Express Courier,TRK-4778-3644,Delivered
3645,4779,2026-08-06 22:21:26,2026-08-10,2026-08-09,Express Courier,TRK-4779-3645,Delivered
3646,4780,2026-07-23 04:46:13,2026-07-27,2026-07-27,Next-Day Air,TRK-4780-3646,Delivered
3647,4782,2024-04-19 20:12:11,2024-04-23,2024-04-24,Standard Ground,TRK-4782-3647,Delivered
3648,4783,2026-06-28 11:39:56,2026-07-02,2026-07-03,Express Courier,TRK-4783-3648,Delivered
3649,4784,2026-03-09 13:15:56,2026-03-13,2026-03-11,Standard Ground,TRK-4784-3649,Delivered
3650,4785,2024-12-06 19:46:04,2024-12-10,2024-12-09,Express Courier,TRK-4785-3650,Delivered
3651,4786,2026-08-27 17:48:56,2026-08-31,2026-08-29,Standard Ground,TRK-4786-3651,Delivered
3652,4787,2025-03-15 02:56:05,2025-03-19,2025-03-17,Next-Day Air,TRK-4787-3652,Delivered
3653,4788,2025-03-02 08:29:36,2025-03-06,2025-03-04,Next-Day Air,TRK-4788-3653,Delivered
3654,4789,2026-05-30 22:04:38,2026-06-03,2026-06-04,Standard Ground,TRK-4789-3654,Delivered
3655,4790,2025-09-25 03:57:31,2025-09-29,,Next-Day Air,TRK-4790-3655,In Transit
3656,4791,2025-10-09 04:47:41,2025-10-13,2025-10-12,Next-Day Air,TRK-4791-3656,Delivered
3657,4793,2026-05-20 02:33:04,2026-05-24,2026-05-23,Next-Day Air,TRK-4793-3657,Delivered
3658,4794,2026-04-13 23:43:08,2026-04-17,2026-04-17,Next-Day Air,TRK-4794-3658,Delivered
3659,4796,2026-05-25 05:41:52,2026-05-29,2026-05-28,Next-Day Air,TRK-4796-3659,Delivered
3660,4797,2025-03-09 23:30:30,2025-03-13,2025-03-12,Standard Ground,TRK-4797-3660,Delivered
3661,4800,2025-05-06 10:17:29,2025-05-10,2025-05-11,Standard Ground,TRK-4800-3661,Delivered
3662,4801,2026-08-27 22:41:14,2026-08-31,2026-08-31,Express Courier,TRK-4801-3662,Delivered
3663,4802,2026-06-27 19:08:26,2026-07-01,2026-07-01,Next-Day Air,TRK-4802-3663,Delivered
3664,4803,2026-08-29 05:37:05,2026-09-02,2026-09-01,Express Courier,TRK-4803-3664,Delivered
3665,4804,2026-07-30 06:39:14,2026-08-03,2026-08-02,Standard Ground,TRK-4804-3665,Delivered
3666,4806,2025-12-20 05:00:17,2025-12-24,2025-12-23,Next-Day Air,TRK-4806-3666,Delivered
3667,4807,2026-04-09 10:18:32,2026-04-13,2026-04-14,Standard Ground,TRK-4807-3667,Delivered
3668,4809,2026-08-26 12:12:15,2026-08-30,2026-08-31,Express Courier,TRK-4809-3668,Delivered
3669,4811,2025-08-29 08:19:43,2025-09-02,2025-09-03,Standard Ground,TRK-4811-3669,Delivered
3670,4812,2026-01-28 22:17:22,2026-02-01,2026-01-31,Express Courier,TRK-4812-3670,Delivered
3671,4813,2026-07-28 19:32:44,2026-08-01,2026-07-30,Express Courier,TRK-4813-3671,Delivered
3672,4814,2025-01-11 03:54:56,2025-01-15,2025-01-13,Standard Ground,TRK-4814-3672,Delivered
3673,4815,2024-02-19 23:34:54,2024-02-23,2024-02-23,Standard Ground,TRK-4815-3673,Delivered
3674,4816,2026-03-20 01:23:20,2026-03-24,2026-03-24,Standard Ground,TRK-4816-3674,Delivered
3675,4818,2024-12-25 06:32:51,2024-12-29,2024-12-30,Standard Ground,TRK-4818-3675,Delivered
3676,4819,2026-08-31 16:40:08,2026-09-04,2026-09-02,Standard Ground,TRK-4819-3676,Delivered
3677,4820,2026-06-20 02:46:21,2026-06-24,2026-06-22,Standard Ground,TRK-4820-3677,Delivered
3678,4821,2026-01-16 15:43:30,2026-01-20,2026-01-18,Standard Ground,TRK-4821-3678,Delivered
3679,4822,2026-06-18 14:51:49,2026-06-22,2026-06-20,Standard Ground,TRK-4822-3679,Delivered
3680,4823,2026-07-25 02:32:09,2026-07-29,2026-07-30,Standard Ground,TRK-4823-3680,Delivered
3681,4824,2024-08-29 02:03:23,2024-09-02,2024-09-03,Standard Ground,TRK-4824-3681,Delivered
3682,4825,2025-11-12 08:39:33,2025-11-16,2025-11-15,Next-Day Air,TRK-4825-3682,Delivered
3683,4827,2026-03-27 09:59:53,2026-03-31,2026-03-29,Express Courier,TRK-4827-3683,Delivered
3684,4828,2026-08-27 12:55:52,2026-08-31,,Next-Day Air,TRK-4828-3684,In Transit
3685,4829,2026-04-30 03:28:37,2026-05-04,,Next-Day Air,TRK-4829-3685,In Transit
3686,4830,2025-01-31 03:17:03,2025-02-04,2025-02-02,Next-Day Air,TRK-4830-3686,Delivered
3687,4831,2026-04-06 00:14:57,2026-04-10,2026-04-11,Standard Ground,TRK-4831-3687,Delivered
3688,4832,2026-07-31 21:16:19,2026-08-04,2026-08-04,Express Courier,TRK-4832-3688,Delivered
3689,4834,2026-08-30 22:59:56,2026-09-03,2026-09-03,Standard Ground,TRK-4834-3689,Delivered
3690,4837,2024-11-23 10:30:14,2024-11-27,2024-11-28,Express Courier,TRK-4837-3690,Delivered
3691,4839,2026-04-22 02:13:43,2026-04-26,2026-04-24,Express Courier,TRK-4839-3691,Delivered
3692,4840,2025-08-11 22:13:48,2025-08-15,2025-08-13,Standard Ground,TRK-4840-3692,Delivered
3693,4841,2024-11-22 02:58:01,2024-11-26,2024-11-27,Express Courier,TRK-4841-3693,Delivered
3694,4842,2026-06-21 21:38:30,2026-06-25,2026-06-23,Next-Day Air,TRK-4842-3694,Delivered
3695,4843,2026-03-21 16:28:34,2026-03-25,2026-03-26,Next-Day Air,TRK-4843-3695,Delivered
3696,4844,2025-12-27 18:06:23,2025-12-31,2025-12-30,Standard Ground,TRK-4844-3696,Delivered
3697,4845,2026-05-25 14:54:35,2026-05-29,,Standard Ground,TRK-4845-3697,In Transit
3698,4846,2026-05-31 11:32:42,2026-06-04,2026-06-03,Express Courier,TRK-4846-3698,Delivered
3699,4847,2024-07-03 15:30:16,2024-07-07,,Next-Day Air,TRK-4847-3699,In Transit
3700,4848,2025-06-16 02:30:31,2025-06-20,2025-06-20,Standard Ground,TRK-4848-3700,Delivered
3701,4849,2026-08-05 18:50:55,2026-08-09,2026-08-07,Express Courier,TRK-4849-3701,Delivered
3702,4850,2026-08-21 07:52:30,2026-08-25,2026-08-23,Next-Day Air,TRK-4850-3702,Delivered
3703,4851,2026-05-16 06:45:36,2026-05-20,2026-05-19,Standard Ground,TRK-4851-3703,Delivered
3704,4852,2026-09-02 09:37:56,2026-09-06,,Express Courier,TRK-4852-3704,In Transit
3705,4854,2026-08-28 22:52:43,2026-09-01,2026-08-31,Standard Ground,TRK-4854-3705,Delivered
3706,4856,2026-08-18 00:21:06,2026-08-22,2026-08-20,Next-Day Air,TRK-4856-3706,Delivered
3707,4857,2026-05-03 01:28:47,2026-05-07,,Express Courier,TRK-4857-3707,In Transit
3708,4859,2026-05-23 16:38:51,2026-05-27,2026-05-25,Express Courier,TRK-4859-3708,Delivered
3709,4862,2025-12-28 00:34:55,2026-01-01,2025-12-30,Standard Ground,TRK-4862-3709,Delivered
3710,4863,2026-08-03 13:16:07,2026-08-07,2026-08-07,Next-Day Air,TRK-4863-3710,Delivered
3711,4864,2026-02-07 05:44:14,2026-02-11,2026-02-11,Standard Ground,TRK-4864-3711,Delivered
3712,4867,2026-06-02 08:19:14,2026-06-06,2026-06-04,Standard Ground,TRK-4867-3712,Delivered
3713,4868,2025-09-23 22:47:09,2025-09-27,2025-09-28,Express Courier,TRK-4868-3713,Delivered
3714,4869,2026-07-12 21:27:03,2026-07-16,2026-07-17,Next-Day Air,TRK-4869-3714,Delivered
3715,4872,2026-06-24 14:53:55,2026-06-28,2026-06-27,Next-Day Air,TRK-4872-3715,Delivered
3716,4873,2026-04-14 23:57:45,2026-04-18,2026-04-17,Standard Ground,TRK-4873-3716,Delivered
3717,4874,2025-02-19 08:28:35,2025-02-23,2025-02-23,Next-Day Air,TRK-4874-3717,Delivered
3718,4875,2026-07-14 18:38:20,2026-07-18,2026-07-19,Next-Day Air,TRK-4875-3718,Delivered
3719,4876,2024-07-08 22:58:23,2024-07-12,2024-07-10,Express Courier,TRK-4876-3719,Delivered
3720,4877,2026-02-01 13:47:16,2026-02-05,2026-02-03,Standard Ground,TRK-4877-3720,Delivered
3721,4878,2026-04-04 15:53:31,2026-04-08,2026-04-06,Standard Ground,TRK-4878-3721,Delivered
3722,4880,2026-06-29 20:27:04,2026-07-03,,Express Courier,TRK-4880-3722,In Transit
3723,4881,2026-01-08 16:41:30,2026-01-12,2026-01-13,Standard Ground,TRK-4881-3723,Delivered
3724,4882,2025-01-25 16:40:23,2025-01-29,2025-01-28,Standard Ground,TRK-4882-3724,Delivered
3725,4883,2026-01-25 07:09:37,2026-01-29,2026-01-28,Standard Ground,TRK-4883-3725,Delivered
3726,4884,2024-12-03 01:25:56,2024-12-07,2024-12-05,Next-Day Air,TRK-4884-3726,Delivered
3727,4885,2025-10-05 10:44:58,2025-10-09,2025-10-07,Next-Day Air,TRK-4885-3727,Delivered
3728,4886,2023-12-19 22:02:52,2023-12-23,,Express Courier,TRK-4886-3728,In Transit
3729,4888,2026-02-10 11:52:37,2026-02-14,2026-02-12,Express Courier,TRK-4888-3729,Delivered
3730,4889,2026-07-31 19:01:41,2026-08-04,2026-08-03,Standard Ground,TRK-4889-3730,Delivered
3731,4890,2025-12-25 19:55:59,2025-12-29,2025-12-30,Next-Day Air,TRK-4890-3731,Delivered
3732,4891,2026-01-20 11:33:05,2026-01-24,2026-01-25,Standard Ground,TRK-4891-3732,Delivered
3733,4892,2026-07-10 00:12:36,2026-07-14,,Express Courier,TRK-4892-3733,In Transit
3734,4893,2026-02-03 21:35:19,2026-02-07,,Next-Day Air,TRK-4893-3734,In Transit
3735,4894,2026-03-31 10:21:31,2026-04-04,2026-04-03,Next-Day Air,TRK-4894-3735,Delivered
3736,4895,2026-08-23 08:41:21,2026-08-27,,Express Courier,TRK-4895-3736,In Transit
3737,4896,2026-04-04 23:24:34,2026-04-08,,Standard Ground,TRK-4896-3737,In Transit
3738,4897,2024-04-24 06:49:02,2024-04-28,,Standard Ground,TRK-4897-3738,In Transit
3739,4898,2025-10-06 21:06:18,2025-10-10,2025-10-10,Next-Day Air,TRK-4898-3739,Delivered
3740,4899,2026-06-03 06:20:58,2026-06-07,2026-06-08,Express Courier,TRK-4899-3740,Delivered
3741,4900,2026-03-12 11:18:02,2026-03-16,2026-03-14,Next-Day Air,TRK-4900-3741,Delivered
3742,4901,2026-01-15 21:27:11,2026-01-19,2026-01-18,Express Courier,TRK-4901-3742,Delivered
3743,4902,2025-11-10 08:54:54,2025-11-14,2025-11-13,Standard Ground,TRK-4902-3743,Delivered
3744,4903,2026-06-19 14:10:01,2026-06-23,2026-06-24,Express Courier,TRK-4903-3744,Delivered
3745,4904,2025-09-05 09:01:58,2025-09-09,2025-09-07,Express Courier,TRK-4904-3745,Delivered
3746,4907,2026-07-06 08:11:10,2026-07-10,2026-07-08,Express Courier,TRK-4907-3746,Delivered
3747,4909,2026-04-23 20:32:04,2026-04-27,2026-04-27,Next-Day Air,TRK-4909-3747,Delivered
3748,4910,2026-02-02 04:04:52,2026-02-06,2026-02-04,Next-Day Air,TRK-4910-3748,Delivered
3749,4911,2024-07-18 10:10:52,2024-07-22,2024-07-22,Next-Day Air,TRK-4911-3749,Delivered
3750,4913,2026-07-26 16:09:42,2026-07-30,2026-07-30,Express Courier,TRK-4913-3750,Delivered
3751,4914,2026-05-22 03:31:14,2026-05-26,2026-05-27,Standard Ground,TRK-4914-3751,Delivered
3752,4915,2026-08-21 20:12:31,2026-08-25,2026-08-26,Standard Ground,TRK-4915-3752,Delivered
3753,4917,2026-08-19 00:58:49,2026-08-23,2026-08-21,Express Courier,TRK-4917-3753,Delivered
3754,4918,2026-03-05 19:49:54,2026-03-09,2026-03-09,Express Courier,TRK-4918-3754,Delivered
3755,4920,2025-06-21 00:25:51,2025-06-25,2025-06-25,Standard Ground,TRK-4920-3755,Delivered
3756,4921,2026-08-19 07:57:19,2026-08-23,,Standard Ground,TRK-4921-3756,In Transit
3757,4923,2025-10-24 22:39:45,2025-10-28,2025-10-29,Express Courier,TRK-4923-3757,Delivered
3758,4924,2026-08-04 00:10:36,2026-08-08,2026-08-08,Express Courier,TRK-4924-3758,Delivered
3759,4925,2025-11-21 00:23:10,2025-11-25,2025-11-24,Next-Day Air,TRK-4925-3759,Delivered
3760,4926,2025-05-01 08:09:44,2025-05-05,2025-05-04,Standard Ground,TRK-4926-3760,Delivered
3761,4928,2025-11-29 07:06:28,2025-12-03,2025-12-02,Express Courier,TRK-4928-3761,Delivered
3762,4929,2026-01-06 07:32:37,2026-01-10,2026-01-11,Standard Ground,TRK-4929-3762,Delivered
3763,4932,2026-05-20 14:30:50,2026-05-24,2026-05-22,Express Courier,TRK-4932-3763,Delivered
3764,4933,2026-07-28 07:04:34,2026-08-01,2026-07-30,Standard Ground,TRK-4933-3764,Delivered
3765,4934,2025-11-11 20:47:36,2025-11-15,2025-11-13,Next-Day Air,TRK-4934-3765,Delivered
3766,4935,2026-03-30 13:36:25,2026-04-03,2026-04-01,Express Courier,TRK-4935-3766,Delivered
3767,4936,2024-12-06 18:17:26,2024-12-10,2024-12-08,Standard Ground,TRK-4936-3767,Delivered
3768,4938,2026-08-20 22:46:56,2026-08-24,2026-08-24,Express Courier,TRK-4938-3768,Delivered
3769,4943,2026-03-03 08:05:22,2026-03-07,2026-03-07,Next-Day Air,TRK-4943-3769,Delivered
3770,4946,2026-08-31 07:31:47,2026-09-04,2026-09-05,Express Courier,TRK-4946-3770,Delivered
3771,4948,2025-12-22 04:00:56,2025-12-26,,Express Courier,TRK-4948-3771,In Transit
3772,4949,2025-03-17 06:31:12,2025-03-21,2025-03-21,Next-Day Air,TRK-4949-3772,Delivered
3773,4950,2026-07-27 20:58:37,2026-07-31,2026-07-31,Express Courier,TRK-4950-3773,Delivered
3774,4952,2026-09-02 21:04:28,2026-09-06,2026-09-04,Express Courier,TRK-4952-3774,Delivered
3775,4953,2026-08-16 07:02:47,2026-08-20,2026-08-19,Express Courier,TRK-4953-3775,Delivered
3776,4954,2026-05-31 01:14:00,2026-06-04,2026-06-02,Next-Day Air,TRK-4954-3776,Delivered
3777,4956,2026-02-26 15:19:15,2026-03-02,2026-02-28,Standard Ground,TRK-4956-3777,Delivered
3778,4957,2026-06-03 13:19:49,2026-06-07,2026-06-05,Express Courier,TRK-4957-3778,Delivered
3779,4958,2026-07-07 19:42:44,2026-07-11,2026-07-12,Express Courier,TRK-4958-3779,Delivered
3780,4960,2026-03-05 17:44:41,2026-03-09,2026-03-10,Standard Ground,TRK-4960-3780,Delivered
3781,4961,2026-07-12 20:08:20,2026-07-16,2026-07-14,Express Courier,TRK-4961-3781,Delivered
3782,4962,2026-08-26 09:21:23,2026-08-30,2026-08-31,Next-Day Air,TRK-4962-3782,Delivered
3783,4964,2025-04-24 10:05:58,2025-04-28,2025-04-27,Express Courier,TRK-4964-3783,Delivered
3784,4966,2026-07-27 13:11:35,2026-07-31,2026-08-01,Express Courier,TRK-4966-3784,Delivered
3785,4968,2026-05-22 23:49:14,2026-05-26,2026-05-27,Express Courier,TRK-4968-3785,Delivered
3786,4970,2026-07-24 09:56:12,2026-07-28,,Next-Day Air,TRK-4970-3786,In Transit
3787,4972,2024-10-20 00:46:14,2024-10-24,2024-10-22,Next-Day Air,TRK-4972-3787,Delivered
3788,4973,2026-08-23 00:23:19,2026-08-27,2026-08-26,Standard Ground,TRK-4973-3788,Delivered
3789,4974,2026-01-24 00:13:37,2026-01-28,2026-01-29,Express Courier,TRK-4974-3789,Delivered
3790,4975,2026-06-27 21:19:53,2026-07-01,2026-06-29,Next-Day Air,TRK-4975-3790,Delivered
3791,4976,2026-06-19 06:46:40,2026-06-23,2026-06-23,Next-Day Air,TRK-4976-3791,Delivered
3792,4977,2024-08-28 12:35:44,2024-09-01,2024-09-02,Next-Day Air,TRK-4977-3792,Delivered
3793,4978,2026-09-01 03:17:47,2026-09-05,2026-09-04,Express Courier,TRK-4978-3793,Delivered
3794,4979,2026-07-12 19:45:32,2026-07-16,2026-07-16,Standard Ground,TRK-4979-3794,Delivered
3795,4980,2026-07-18 12:23:25,2026-07-22,2026-07-22,Next-Day Air,TRK-4980-3795,Delivered
3796,4981,2025-10-24 21:45:39,2025-10-28,2025-10-28,Next-Day Air,TRK-4981-3796,Delivered
3797,4984,2025-03-17 03:55:16,2025-03-21,,Express Courier,TRK-4984-3797,In Transit
3798,4985,2025-08-27 20:13:02,2025-08-31,2025-08-30,Express Courier,TRK-4985-3798,Delivered
3799,4986,2026-05-16 12:17:55,2026-05-20,2026-05-21,Next-Day Air,TRK-4986-3799,Delivered
3800,4987,2026-05-08 00:09:10,2026-05-12,2026-05-13,Express Courier,TRK-4987-3800,Delivered
3801,4989,2024-11-24 10:26:52,2024-11-28,2024-11-26,Express Courier,TRK-4989-3801,Delivered
3802,4990,2026-02-14 14:14:21,2026-02-18,2026-02-17,Next-Day Air,TRK-4990-3802,Delivered
3803,4991,2026-08-08 04:59:24,2026-08-12,2026-08-12,Express Courier,TRK-4991-3803,Delivered
3804,4992,2026-02-02 14:14:41,2026-02-06,2026-02-05,Next-Day Air,TRK-4992-3804,Delivered
3805,4994,2026-08-04 17:32:03,2026-08-08,2026-08-09,Standard Ground,TRK-4994-3805,Delivered
3806,4998,2025-08-14 13:14:04,2025-08-18,2025-08-16,Next-Day Air,TRK-4998-3806,Delivered
3807,4999,2026-02-15 05:51:18,2026-02-19,2026-02-17,Next-Day Air,TRK-4999-3807,Delivered
3808,5001,2026-08-16 07:16:20,2026-08-20,2026-08-18,Standard Ground,TRK-5001-3808,Delivered
3809,5003,2026-08-20 00:24:26,2026-08-24,2026-08-24,Express Courier,TRK-5003-3809,Delivered
3810,5004,2025-07-03 10:40:06,2025-07-07,2025-07-06,Express Courier,TRK-5004-3810,Delivered
3811,5005,2026-08-23 18:52:29,2026-08-27,2026-08-26,Express Courier,TRK-5005-3811,Delivered
3812,5007,2025-01-24 07:38:45,2025-01-28,2025-01-29,Standard Ground,TRK-5007-3812,Delivered
3813,5008,2024-08-30 00:47:56,2024-09-03,2024-09-04,Next-Day Air,TRK-5008-3813,Delivered
3814,5009,2024-03-14 09:59:41,2024-03-18,2024-03-18,Next-Day Air,TRK-5009-3814,Delivered
3815,5010,2024-06-20 13:21:04,2024-06-24,2024-06-24,Express Courier,TRK-5010-3815,Delivered
3816,5011,2026-05-15 10:05:49,2026-05-19,2026-05-20,Next-Day Air,TRK-5011-3816,Delivered
3817,5014,2026-01-30 16:51:01,2026-02-03,2026-02-02,Express Courier,TRK-5014-3817,Delivered
3818,5015,2026-05-10 13:02:47,2026-05-14,2026-05-14,Next-Day Air,TRK-5015-3818,Delivered
3819,5017,2024-04-21 08:09:26,2024-04-25,,Standard Ground,TRK-5017-3819,In Transit
3820,5019,2026-01-06 08:49:25,2026-01-10,2026-01-10,Next-Day Air,TRK-5019-3820,Delivered
3821,5020,2026-01-25 04:14:04,2026-01-29,2026-01-27,Standard Ground,TRK-5020-3821,Delivered
3822,5022,2026-06-10 00:18:24,2026-06-14,2026-06-14,Standard Ground,TRK-5022-3822,Delivered
3823,5024,2025-09-26 01:14:33,2025-09-30,,Next-Day Air,TRK-5024-3823,In Transit
3824,5026,2026-04-29 13:53:22,2026-05-03,2026-05-04,Express Courier,TRK-5026-3824,Delivered
3825,5027,2026-01-17 06:30:25,2026-01-21,2026-01-22,Express Courier,TRK-5027-3825,Delivered
3826,5029,2026-08-28 21:43:53,2026-09-01,2026-09-02,Next-Day Air,TRK-5029-3826,Delivered
3827,5030,2025-09-22 16:55:26,2025-09-26,2025-09-25,Express Courier,TRK-5030-3827,Delivered
3828,5031,2026-08-13 03:45:23,2026-08-17,2026-08-17,Standard Ground,TRK-5031-3828,Delivered
3829,5035,2026-05-15 07:47:40,2026-05-19,2026-05-18,Next-Day Air,TRK-5035-3829,Delivered
3830,5037,2026-02-15 00:13:24,2026-02-19,2026-02-18,Next-Day Air,TRK-5037-3830,Delivered
3831,5038,2025-07-23 23:39:29,2025-07-27,2025-07-25,Standard Ground,TRK-5038-3831,Delivered
3832,5039,2026-01-08 12:48:28,2026-01-12,2026-01-10,Express Courier,TRK-5039-3832,Delivered
3833,5040,2025-09-08 22:30:17,2025-09-12,2025-09-13,Express Courier,TRK-5040-3833,Delivered
3834,5041,2025-09-10 19:56:33,2025-09-14,2025-09-15,Next-Day Air,TRK-5041-3834,Delivered
3835,5042,2026-08-08 01:06:27,2026-08-12,2026-08-13,Next-Day Air,TRK-5042-3835,Delivered
3836,5043,2025-12-16 12:43:50,2025-12-20,2025-12-20,Next-Day Air,TRK-5043-3836,Delivered
3837,5044,2025-08-01 11:10:42,2025-08-05,,Standard Ground,TRK-5044-3837,In Transit
3838,5045,2025-12-21 14:08:28,2025-12-25,,Express Courier,TRK-5045-3838,In Transit
3839,5047,2025-10-11 18:51:36,2025-10-15,2025-10-14,Standard Ground,TRK-5047-3839,Delivered
3840,5048,2025-10-21 02:41:34,2025-10-25,2025-10-25,Express Courier,TRK-5048-3840,Delivered
3841,5049,2026-02-09 18:20:01,2026-02-13,2026-02-12,Next-Day Air,TRK-5049-3841,Delivered
3842,5050,2024-06-26 18:58:33,2024-06-30,2024-06-30,Standard Ground,TRK-5050-3842,Delivered
3843,5053,2024-09-14 19:02:47,2024-09-18,2024-09-19,Express Courier,TRK-5053-3843,Delivered
3844,5055,2026-07-31 09:46:42,2026-08-04,2026-08-03,Standard Ground,TRK-5055-3844,Delivered
3845,5059,2026-09-03 05:33:20,2026-09-07,2026-09-07,Standard Ground,TRK-5059-3845,Delivered
3846,5060,2026-06-05 11:29:28,2026-06-09,2026-06-07,Standard Ground,TRK-5060-3846,Delivered
3847,5062,2025-09-21 19:15:22,2025-09-25,,Standard Ground,TRK-5062-3847,In Transit
3848,5063,2026-07-13 07:15:05,2026-07-17,2026-07-17,Express Courier,TRK-5063-3848,Delivered
3849,5064,2025-08-30 00:08:26,2025-09-03,2025-09-01,Express Courier,TRK-5064-3849,Delivered
3850,5065,2025-04-28 14:16:01,2025-05-02,2025-04-30,Next-Day Air,TRK-5065-3850,Delivered
3851,5066,2025-05-02 10:30:45,2025-05-06,2025-05-05,Next-Day Air,TRK-5066-3851,Delivered
3852,5067,2025-07-02 11:23:33,2025-07-06,2025-07-04,Standard Ground,TRK-5067-3852,Delivered
3853,5068,2026-06-11 02:05:47,2026-06-15,2026-06-16,Next-Day Air,TRK-5068-3853,Delivered
3854,5069,2025-11-30 18:35:54,2025-12-04,2025-12-03,Next-Day Air,TRK-5069-3854,Delivered
3855,5070,2025-07-02 05:35:18,2025-07-06,2025-07-07,Next-Day Air,TRK-5070-3855,Delivered
3856,5071,2026-04-22 21:00:55,2026-04-26,2026-04-26,Next-Day Air,TRK-5071-3856,Delivered
3857,5072,2025-09-04 03:11:03,2025-09-08,,Express Courier,TRK-5072-3857,In Transit
3858,5073,2025-11-13 23:09:04,2025-11-17,2025-11-16,Standard Ground,TRK-5073-3858,Delivered
3859,5074,2026-04-03 18:05:51,2026-04-07,2026-04-07,Standard Ground,TRK-5074-3859,Delivered
3860,5075,2026-07-26 08:00:21,2026-07-30,2026-07-28,Standard Ground,TRK-5075-3860,Delivered
3861,5076,2026-08-04 06:02:53,2026-08-08,2026-08-06,Standard Ground,TRK-5076-3861,Delivered
3862,5077,2026-08-29 22:14:48,2026-09-02,2026-09-02,Next-Day Air,TRK-5077-3862,Delivered
3863,5079,2025-09-06 19:02:46,2025-09-10,2025-09-10,Express Courier,TRK-5079-3863,Delivered
3864,5080,2025-01-08 14:55:22,2025-01-12,2025-01-11,Standard Ground,TRK-5080-3864,Delivered
3865,5081,2026-08-23 15:20:29,2026-08-27,2026-08-25,Standard Ground,TRK-5081-3865,Delivered
3866,5082,2026-01-29 02:11:02,2026-02-02,,Standard Ground,TRK-5082-3866,In Transit
3867,5083,2026-08-19 04:55:09,2026-08-23,2026-08-24,Express Courier,TRK-5083-3867,Delivered
3868,5084,2026-05-28 13:21:55,2026-06-01,2026-06-02,Express Courier,TRK-5084-3868,Delivered
3869,5085,2026-01-16 10:21:07,2026-01-20,2026-01-21,Express Courier,TRK-5085-3869,Delivered
3870,5086,2026-06-07 17:34:23,2026-06-11,,Standard Ground,TRK-5086-3870,In Transit
3871,5089,2024-08-29 12:33:47,2024-09-02,2024-08-31,Next-Day Air,TRK-5089-3871,Delivered
3872,5090,2026-07-23 15:10:12,2026-07-27,,Next-Day Air,TRK-5090-3872,In Transit
3873,5091,2025-05-22 01:40:42,2025-05-26,2025-05-26,Standard Ground,TRK-5091-3873,Delivered
3874,5093,2025-03-16 19:21:58,2025-03-20,2025-03-20,Express Courier,TRK-5093-3874,Delivered
3875,5095,2026-04-13 09:51:31,2026-04-17,2026-04-18,Next-Day Air,TRK-5095-3875,Delivered
3876,5096,2025-06-27 23:55:25,2025-07-01,2025-06-29,Express Courier,TRK-5096-3876,Delivered
3877,5099,2026-04-29 13:14:45,2026-05-03,2026-05-03,Standard Ground,TRK-5099-3877,Delivered
3878,5100,2026-02-19 19:56:07,2026-02-23,2026-02-24,Standard Ground,TRK-5100-3878,Delivered
3879,5102,2024-10-16 07:52:31,2024-10-20,2024-10-19,Standard Ground,TRK-5102-3879,Delivered
3880,5104,2025-02-04 11:24:28,2025-02-08,2025-02-06,Next-Day Air,TRK-5104-3880,Delivered
3881,5105,2024-06-11 18:11:04,2024-06-15,2024-06-16,Standard Ground,TRK-5105-3881,Delivered
3882,5106,2025-06-26 01:31:32,2025-06-30,2025-06-29,Next-Day Air,TRK-5106-3882,Delivered
3883,5107,2025-10-03 21:12:55,2025-10-07,2025-10-05,Express Courier,TRK-5107-3883,Delivered
3884,5108,2026-05-06 03:33:20,2026-05-10,2026-05-09,Next-Day Air,TRK-5108-3884,Delivered
3885,5109,2026-08-19 07:37:32,2026-08-23,2026-08-24,Express Courier,TRK-5109-3885,Delivered
3886,5111,2026-05-24 17:42:01,2026-05-28,2026-05-27,Express Courier,TRK-5111-3886,Delivered
3887,5112,2026-06-08 18:54:57,2026-06-12,2026-06-10,Next-Day Air,TRK-5112-3887,Delivered
3888,5113,2024-10-13 04:21:49,2024-10-17,2024-10-16,Standard Ground,TRK-5113-3888,Delivered
3889,5114,2026-06-28 05:02:03,2026-07-02,2026-07-01,Express Courier,TRK-5114-3889,Delivered
3890,5116,2024-10-04 03:28:00,2024-10-08,2024-10-08,Express Courier,TRK-5116-3890,Delivered
3891,5118,2026-07-09 01:29:16,2026-07-13,2026-07-14,Standard Ground,TRK-5118-3891,Delivered
3892,5120,2026-07-15 12:40:17,2026-07-19,2026-07-18,Standard Ground,TRK-5120-3892,Delivered
3893,5121,2026-03-28 15:00:58,2026-04-01,2026-03-30,Next-Day Air,TRK-5121-3893,Delivered
3894,5122,2026-07-25 21:09:54,2026-07-29,2026-07-30,Standard Ground,TRK-5122-3894,Delivered
3895,5123,2024-09-01 01:22:00,2024-09-05,2024-09-05,Standard Ground,TRK-5123-3895,Delivered
3896,5124,2024-12-27 17:43:13,2024-12-31,2024-12-30,Standard Ground,TRK-5124-3896,Delivered
3897,5125,2026-07-18 04:28:36,2026-07-22,2026-07-23,Standard Ground,TRK-5125-3897,Delivered
3898,5126,2025-06-08 19:12:15,2025-06-12,2025-06-10,Express Courier,TRK-5126-3898,Delivered
3899,5127,2026-02-14 02:49:02,2026-02-18,2026-02-17,Next-Day Air,TRK-5127-3899,Delivered
3900,5128,2024-09-14 23:03:42,2024-09-18,2024-09-17,Express Courier,TRK-5128-3900,Delivered
3901,5129,2026-03-22 11:48:56,2026-03-26,,Express Courier,TRK-5129-3901,In Transit
3902,5130,2026-02-13 00:50:23,2026-02-17,2026-02-18,Next-Day Air,TRK-5130-3902,Delivered
3903,5131,2025-09-27 15:06:46,2025-10-01,2025-09-30,Express Courier,TRK-5131-3903,Delivered
3904,5132,2026-06-30 05:51:50,2026-07-04,2026-07-02,Standard Ground,TRK-5132-3904,Delivered
3905,5133,2024-07-24 05:55:29,2024-07-28,,Standard Ground,TRK-5133-3905,In Transit
3906,5135,2026-06-13 21:22:26,2026-06-17,,Express Courier,TRK-5135-3906,In Transit
3907,5136,2026-05-26 21:33:21,2026-05-30,2026-05-30,Next-Day Air,TRK-5136-3907,Delivered
3908,5137,2026-06-11 19:24:11,2026-06-15,2026-06-14,Express Courier,TRK-5137-3908,Delivered
3909,5139,2024-03-30 23:49:05,2024-04-03,2024-04-03,Next-Day Air,TRK-5139-3909,Delivered
3910,5140,2026-03-31 18:01:48,2026-04-04,2026-04-02,Express Courier,TRK-5140-3910,Delivered
3911,5141,2026-05-21 12:24:11,2026-05-25,2026-05-23,Express Courier,TRK-5141-3911,Delivered
3912,5142,2026-07-01 03:08:21,2026-07-05,2026-07-03,Next-Day Air,TRK-5142-3912,Delivered
3913,5143,2024-11-26 23:13:31,2024-11-30,2024-11-29,Express Courier,TRK-5143-3913,Delivered
3914,5144,2025-06-18 13:22:50,2025-06-22,2025-06-23,Express Courier,TRK-5144-3914,Delivered
3915,5145,2024-09-16 16:42:51,2024-09-20,2024-09-18,Express Courier,TRK-5145-3915,Delivered
3916,5146,2026-07-25 16:22:50,2026-07-29,2026-07-28,Standard Ground,TRK-5146-3916,Delivered
3917,5147,2026-05-12 12:36:22,2026-05-16,2026-05-14,Standard Ground,TRK-5147-3917,Delivered
3918,5148,2026-09-03 05:13:30,2026-09-07,2026-09-06,Next-Day Air,TRK-5148-3918,Delivered
3919,5149,2026-06-08 08:53:48,2026-06-12,2026-06-11,Next-Day Air,TRK-5149-3919,Delivered
3920,5151,2026-01-28 12:21:28,2026-02-01,,Express Courier,TRK-5151-3920,In Transit
3921,5152,2024-10-11 10:53:23,2024-10-15,2024-10-14,Standard Ground,TRK-5152-3921,Delivered
3922,5153,2026-02-28 11:10:58,2026-03-04,2026-03-05,Next-Day Air,TRK-5153-3922,Delivered
3923,5155,2025-07-04 08:05:51,2025-07-08,2025-07-06,Next-Day Air,TRK-5155-3923,Delivered
3924,5158,2026-07-19 01:35:28,2026-07-23,2026-07-22,Next-Day Air,TRK-5158-3924,Delivered
3925,5159,2026-04-19 00:37:01,2026-04-23,2026-04-21,Next-Day Air,TRK-5159-3925,Delivered
3926,5160,2026-04-23 21:25:53,2026-04-27,2026-04-25,Next-Day Air,TRK-5160-3926,Delivered
3927,5161,2026-06-07 17:58:17,2026-06-11,2026-06-11,Next-Day Air,TRK-5161-3927,Delivered
3928,5162,2026-05-04 14:04:22,2026-05-08,2026-05-09,Next-Day Air,TRK-5162-3928,Delivered
3929,5163,2026-08-24 23:36:52,2026-08-28,2026-08-27,Next-Day Air,TRK-5163-3929,Delivered
3930,5165,2026-03-09 18:49:24,2026-03-13,,Next-Day Air,TRK-5165-3930,In Transit
3931,5168,2026-03-11 02:15:07,2026-03-15,2026-03-15,Express Courier,TRK-5168-3931,Delivered
3932,5169,2024-07-31 07:38:25,2024-08-04,,Next-Day Air,TRK-5169-3932,In Transit
3933,5170,2026-07-07 13:16:24,2026-07-11,2026-07-10,Express Courier,TRK-5170-3933,Delivered
3934,5172,2026-05-16 04:08:45,2026-05-20,2026-05-19,Express Courier,TRK-5172-3934,Delivered
3935,5173,2024-10-31 17:11:24,2024-11-04,2024-11-05,Standard Ground,TRK-5173-3935,Delivered
3936,5174,2026-07-03 22:10:12,2026-07-07,2026-07-08,Next-Day Air,TRK-5174-3936,Delivered
3937,5177,2025-05-29 20:27:05,2025-06-02,2025-06-01,Next-Day Air,TRK-5177-3937,Delivered
3938,5179,2025-03-26 11:50:05,2025-03-30,2025-03-30,Standard Ground,TRK-5179-3938,Delivered
3939,5180,2026-05-25 00:29:50,2026-05-29,2026-05-28,Standard Ground,TRK-5180-3939,Delivered
3940,5183,2026-08-15 01:46:43,2026-08-19,2026-08-19,Next-Day Air,TRK-5183-3940,Delivered
3941,5184,2024-12-13 20:04:35,2024-12-17,2024-12-17,Next-Day Air,TRK-5184-3941,Delivered
3942,5186,2026-06-28 19:51:44,2026-07-02,2026-06-30,Express Courier,TRK-5186-3942,Delivered
3943,5188,2026-05-01 04:59:21,2026-05-05,2026-05-04,Express Courier,TRK-5188-3943,Delivered
3944,5189,2026-08-26 15:08:43,2026-08-30,,Express Courier,TRK-5189-3944,In Transit
3945,5190,2026-07-30 10:58:32,2026-08-03,2026-08-04,Standard Ground,TRK-5190-3945,Delivered
3946,5192,2026-07-06 06:11:49,2026-07-10,2026-07-11,Next-Day Air,TRK-5192-3946,Delivered
3947,5193,2025-12-03 22:58:26,2025-12-07,2025-12-07,Next-Day Air,TRK-5193-3947,Delivered
3948,5194,2026-08-18 08:04:50,2026-08-22,2026-08-20,Express Courier,TRK-5194-3948,Delivered
3949,5196,2026-06-04 17:49:28,2026-06-08,2026-06-08,Next-Day Air,TRK-5196-3949,Delivered
3950,5197,2026-05-30 03:00:18,2026-06-03,2026-06-02,Next-Day Air,TRK-5197-3950,Delivered
3951,5198,2024-04-09 16:03:13,2024-04-13,2024-04-13,Express Courier,TRK-5198-3951,Delivered
3952,5199,2026-05-02 16:15:02,2026-05-06,2026-05-06,Next-Day Air,TRK-5199-3952,Delivered
3953,5201,2026-01-08 15:33:41,2026-01-12,,Standard Ground,TRK-5201-3953,In Transit
3954,5202,2024-11-28 12:45:00,2024-12-02,2024-12-03,Next-Day Air,TRK-5202-3954,Delivered
3955,5206,2026-02-08 06:06:17,2026-02-12,,Standard Ground,TRK-5206-3955,In Transit
3956,5207,2026-07-01 17:53:02,2026-07-05,,Standard Ground,TRK-5207-3956,In Transit
3957,5208,2024-06-28 07:05:33,2024-07-02,2024-07-02,Standard Ground,TRK-5208-3957,Delivered
3958,5209,2026-06-08 03:48:06,2026-06-12,2026-06-11,Next-Day Air,TRK-5209-3958,Delivered
3959,5210,2026-03-20 21:23:16,2026-03-24,2026-03-23,Express Courier,TRK-5210-3959,Delivered
3960,5212,2025-12-16 21:26:53,2025-12-20,2025-12-21,Express Courier,TRK-5212-3960,Delivered
3961,5213,2024-12-28 11:06:02,2025-01-01,,Express Courier,TRK-5213-3961,In Transit
3962,5214,2025-08-13 00:24:31,2025-08-17,2025-08-17,Next-Day Air,TRK-5214-3962,Delivered
3963,5215,2026-04-11 01:53:11,2026-04-15,2026-04-15,Next-Day Air,TRK-5215-3963,Delivered
3964,5216,2024-11-30 08:06:54,2024-12-04,2024-12-05,Next-Day Air,TRK-5216-3964,Delivered
3965,5217,2025-11-07 04:37:11,2025-11-11,2025-11-11,Next-Day Air,TRK-5217-3965,Delivered
3966,5218,2025-03-08 05:18:59,2025-03-12,2025-03-10,Next-Day Air,TRK-5218-3966,Delivered
3967,5219,2026-06-12 09:03:23,2026-06-16,2026-06-15,Next-Day Air,TRK-5219-3967,Delivered
3968,5220,2024-10-17 21:07:01,2024-10-21,,Express Courier,TRK-5220-3968,In Transit
3969,5221,2026-08-09 22:54:14,2026-08-13,2026-08-14,Next-Day Air,TRK-5221-3969,Delivered
3970,5222,2026-07-24 13:08:28,2026-07-28,2026-07-26,Standard Ground,TRK-5222-3970,Delivered
3971,5223,2026-06-23 21:17:43,2026-06-27,2026-06-27,Express Courier,TRK-5223-3971,Delivered
3972,5228,2026-06-03 01:23:08,2026-06-07,2026-06-05,Express Courier,TRK-5228-3972,Delivered
3973,5229,2026-03-22 20:41:47,2026-03-26,2026-03-25,Standard Ground,TRK-5229-3973,Delivered
3974,5230,2026-07-15 16:24:03,2026-07-19,2026-07-19,Express Courier,TRK-5230-3974,Delivered
3975,5231,2026-03-03 10:29:32,2026-03-07,2026-03-08,Express Courier,TRK-5231-3975,Delivered
3976,5232,2026-04-19 11:05:48,2026-04-23,,Next-Day Air,TRK-5232-3976,In Transit
3977,5236,2026-07-09 23:16:52,2026-07-13,2026-07-14,Express Courier,TRK-5236-3977,Delivered
3978,5237,2026-05-23 17:09:08,2026-05-27,2026-05-26,Standard Ground,TRK-5237-3978,Delivered
3979,5238,2026-07-08 07:09:47,2026-07-12,2026-07-12,Next-Day Air,TRK-5238-3979,Delivered
3980,5239,2025-07-15 13:43:17,2025-07-19,,Express Courier,TRK-5239-3980,In Transit
3981,5240,2024-11-01 19:36:56,2024-11-05,2024-11-06,Express Courier,TRK-5240-3981,Delivered
3982,5242,2025-12-25 01:03:46,2025-12-29,2025-12-30,Next-Day Air,TRK-5242-3982,Delivered
3983,5244,2026-07-21 21:05:46,2026-07-25,,Express Courier,TRK-5244-3983,In Transit
3984,5245,2025-10-26 06:26:14,2025-10-30,,Next-Day Air,TRK-5245-3984,In Transit
3985,5246,2024-10-04 07:51:45,2024-10-08,2024-10-07,Express Courier,TRK-5246-3985,Delivered
3986,5247,2026-07-03 23:47:27,2026-07-07,2026-07-06,Express Courier,TRK-5247-3986,Delivered
3987,5248,2025-12-01 11:40:00,2025-12-05,2025-12-04,Next-Day Air,TRK-5248-3987,Delivered
3988,5249,2024-09-21 17:36:23,2024-09-25,2024-09-24,Express Courier,TRK-5249-3988,Delivered
3989,5250,2026-07-14 06:36:02,2026-07-18,2026-07-17,Standard Ground,TRK-5250-3989,Delivered
3990,5251,2025-09-20 08:34:52,2025-09-24,2025-09-24,Next-Day Air,TRK-5251-3990,Delivered
3991,5252,2026-08-15 01:44:48,2026-08-19,2026-08-18,Express Courier,TRK-5252-3991,Delivered
3992,5254,2025-03-21 02:15:33,2025-03-25,2025-03-25,Express Courier,TRK-5254-3992,Delivered
3993,5255,2026-08-11 04:42:35,2026-08-15,2026-08-13,Express Courier,TRK-5255-3993,Delivered
3994,5256,2026-03-11 11:46:47,2026-03-15,2026-03-13,Standard Ground,TRK-5256-3994,Delivered
3995,5257,2024-07-10 11:55:16,2024-07-14,,Standard Ground,TRK-5257-3995,In Transit
3996,5258,2026-03-09 14:31:12,2026-03-13,2026-03-13,Next-Day Air,TRK-5258-3996,Delivered
3997,5259,2026-08-12 06:42:58,2026-08-16,,Next-Day Air,TRK-5259-3997,In Transit
3998,5260,2026-06-09 16:23:57,2026-06-13,,Express Courier,TRK-5260-3998,In Transit
3999,5261,2025-10-26 14:54:21,2025-10-30,2025-10-30,Next-Day Air,TRK-5261-3999,Delivered
4000,5262,2026-08-22 00:36:18,2026-08-26,2026-08-27,Standard Ground,TRK-5262-4000,Delivered
4001,5264,2025-01-02 09:20:32,2025-01-06,,Express Courier,TRK-5264-4001,In Transit
4002,5265,2026-05-08 16:11:34,2026-05-12,2026-05-13,Next-Day Air,TRK-5265-4002,Delivered
4003,5266,2025-10-16 08:42:49,2025-10-20,2025-10-19,Standard Ground,TRK-5266-4003,Delivered
4004,5267,2026-07-05 19:42:30,2026-07-09,2026-07-07,Next-Day Air,TRK-5267-4004,Delivered
4005,5268,2026-08-22 19:57:58,2026-08-26,,Express Courier,TRK-5268-4005,In Transit
4006,5270,2026-05-15 15:45:53,2026-05-19,2026-05-18,Express Courier,TRK-5270-4006,Delivered
4007,5271,2025-11-01 02:32:37,2025-11-05,2025-11-04,Standard Ground,TRK-5271-4007,Delivered
4008,5272,2025-09-28 20:48:17,2025-10-02,2025-10-02,Standard Ground,TRK-5272-4008,Delivered
4009,5273,2024-06-15 05:39:02,2024-06-19,2024-06-20,Standard Ground,TRK-5273-4009,Delivered
4010,5274,2026-03-22 21:13:14,2026-03-26,2026-03-25,Standard Ground,TRK-5274-4010,Delivered
4011,5275,2026-01-20 10:03:55,2026-01-24,2026-01-22,Express Courier,TRK-5275-4011,Delivered
4012,5276,2025-04-18 01:14:56,2025-04-22,2025-04-20,Standard Ground,TRK-5276-4012,Delivered
4013,5277,2026-07-14 23:39:03,2026-07-18,2026-07-19,Next-Day Air,TRK-5277-4013,Delivered
4014,5278,2025-11-03 00:09:20,2025-11-07,,Express Courier,TRK-5278-4014,In Transit
4015,5279,2026-06-21 09:37:41,2026-06-25,2026-06-24,Standard Ground,TRK-5279-4015,Delivered
4016,5280,2026-02-16 03:14:49,2026-02-20,2026-02-18,Standard Ground,TRK-5280-4016,Delivered
4017,5281,2026-06-07 02:07:24,2026-06-11,2026-06-10,Next-Day Air,TRK-5281-4017,Delivered
4018,5282,2026-05-17 08:11:29,2026-05-21,2026-05-22,Next-Day Air,TRK-5282-4018,Delivered
4019,5283,2026-06-28 20:11:42,2026-07-02,2026-06-30,Standard Ground,TRK-5283-4019,Delivered
4020,5284,2026-08-11 15:22:32,2026-08-15,2026-08-14,Express Courier,TRK-5284-4020,Delivered
4021,5286,2026-07-30 06:51:54,2026-08-03,2026-08-02,Express Courier,TRK-5286-4021,Delivered
4022,5287,2026-06-11 04:36:48,2026-06-15,2026-06-15,Standard Ground,TRK-5287-4022,Delivered
4023,5288,2026-07-22 18:18:03,2026-07-26,2026-07-25,Next-Day Air,TRK-5288-4023,Delivered
4024,5290,2025-11-27 21:24:34,2025-12-01,2025-12-02,Express Courier,TRK-5290-4024,Delivered
4025,5291,2026-05-28 15:00:05,2026-06-01,2026-06-01,Next-Day Air,TRK-5291-4025,Delivered
4026,5292,2024-04-06 05:44:48,2024-04-10,2024-04-08,Express Courier,TRK-5292-4026,Delivered
4027,5293,2024-10-03 09:04:07,2024-10-07,2024-10-08,Next-Day Air,TRK-5293-4027,Delivered
4028,5294,2025-06-05 21:31:53,2025-06-09,2025-06-07,Next-Day Air,TRK-5294-4028,Delivered
4029,5295,2026-06-10 00:29:08,2026-06-14,2026-06-13,Next-Day Air,TRK-5295-4029,Delivered
4030,5298,2025-10-17 08:49:23,2025-10-21,2025-10-20,Standard Ground,TRK-5298-4030,Delivered
4031,5299,2025-07-02 05:23:28,2025-07-06,,Express Courier,TRK-5299-4031,In Transit
4032,5300,2024-11-07 09:05:55,2024-11-11,2024-11-10,Express Courier,TRK-5300-4032,Delivered
4033,5301,2026-04-25 09:32:40,2026-04-29,2026-04-30,Standard Ground,TRK-5301-4033,Delivered
4034,5303,2026-01-20 05:23:18,2026-01-24,2026-01-24,Standard Ground,TRK-5303-4034,Delivered
4035,5304,2026-06-27 23:34:21,2026-07-01,,Next-Day Air,TRK-5304-4035,In Transit
4036,5305,2025-05-22 09:52:28,2025-05-26,,Standard Ground,TRK-5305-4036,In Transit
4037,5306,2024-12-16 06:19:16,2024-12-20,2024-12-20,Standard Ground,TRK-5306-4037,Delivered
4038,5307,2025-03-29 22:09:46,2025-04-02,2025-04-02,Next-Day Air,TRK-5307-4038,Delivered
4039,5308,2026-08-21 10:25:56,2026-08-25,,Standard Ground,TRK-5308-4039,In Transit
4040,5309,2024-07-02 23:47:05,2024-07-06,2024-07-07,Express Courier,TRK-5309-4040,Delivered
4041,5310,2025-06-28 05:32:04,2025-07-02,2025-07-03,Standard Ground,TRK-5310-4041,Delivered
4042,5311,2025-10-25 22:24:10,2025-10-29,2025-10-27,Standard Ground,TRK-5311-4042,Delivered
4043,5312,2026-05-11 14:31:45,2026-05-15,2026-05-14,Standard Ground,TRK-5312-4043,Delivered
4044,5313,2026-03-07 03:19:56,2026-03-11,2026-03-12,Next-Day Air,TRK-5313-4044,Delivered
4045,5314,2026-07-15 13:03:33,2026-07-19,2026-07-17,Standard Ground,TRK-5314-4045,Delivered
4046,5315,2026-06-20 21:55:37,2026-06-24,,Standard Ground,TRK-5315-4046,In Transit
4047,5316,2025-12-12 18:09:32,2025-12-16,2025-12-17,Next-Day Air,TRK-5316-4047,Delivered
4048,5317,2026-08-30 20:54:50,2026-09-03,2026-09-03,Express Courier,TRK-5317-4048,Delivered
4049,5318,2026-08-04 12:38:37,2026-08-08,,Express Courier,TRK-5318-4049,In Transit
4050,5319,2025-10-04 20:51:20,2025-10-08,2025-10-08,Standard Ground,TRK-5319-4050,Delivered
4051,5320,2026-03-20 07:29:11,2026-03-24,2026-03-24,Express Courier,TRK-5320-4051,Delivered
4052,5321,2026-08-15 01:24:15,2026-08-19,,Next-Day Air,TRK-5321-4052,In Transit
4053,5322,2025-09-21 07:42:06,2025-09-25,,Standard Ground,TRK-5322-4053,In Transit
4054,5323,2025-05-05 23:34:02,2025-05-09,,Standard Ground,TRK-5323-4054,In Transit
4055,5325,2026-07-31 17:35:55,2026-08-04,2026-08-04,Express Courier,TRK-5325-4055,Delivered
4056,5326,2026-06-19 00:39:22,2026-06-23,2026-06-24,Next-Day Air,TRK-5326-4056,Delivered
4057,5327,2026-02-01 16:33:03,2026-02-05,2026-02-05,Next-Day Air,TRK-5327-4057,Delivered
4058,5330,2026-08-31 15:44:24,2026-09-04,2026-09-05,Express Courier,TRK-5330-4058,Delivered
4059,5334,2025-11-17 03:18:03,2025-11-21,,Standard Ground,TRK-5334-4059,In Transit
4060,5336,2026-05-30 19:35:47,2026-06-03,2026-06-03,Standard Ground,TRK-5336-4060,Delivered
4061,5337,2026-07-28 23:58:02,2026-08-01,2026-07-31,Standard Ground,TRK-5337-4061,Delivered
4062,5338,2025-07-10 02:55:06,2025-07-14,,Express Courier,TRK-5338-4062,In Transit
4063,5339,2026-06-11 01:35:58,2026-06-15,2026-06-16,Next-Day Air,TRK-5339-4063,Delivered
4064,5340,2026-02-15 12:41:20,2026-02-19,2026-02-19,Standard Ground,TRK-5340-4064,Delivered
4065,5341,2026-06-16 05:08:30,2026-06-20,2026-06-21,Next-Day Air,TRK-5341-4065,Delivered
4066,5342,2026-07-09 23:24:29,2026-07-13,2026-07-11,Standard Ground,TRK-5342-4066,Delivered
4067,5343,2026-07-10 23:44:07,2026-07-14,2026-07-13,Standard Ground,TRK-5343-4067,Delivered
4068,5344,2026-01-01 13:51:44,2026-01-05,2026-01-05,Standard Ground,TRK-5344-4068,Delivered
4069,5345,2025-11-15 10:29:35,2025-11-19,2025-11-20,Standard Ground,TRK-5345-4069,Delivered
4070,5346,2025-05-25 17:22:58,2025-05-29,2025-05-28,Standard Ground,TRK-5346-4070,Delivered
4071,5347,2026-08-01 06:11:43,2026-08-05,2026-08-03,Express Courier,TRK-5347-4071,Delivered
4072,5348,2026-07-17 18:40:28,2026-07-21,2026-07-19,Next-Day Air,TRK-5348-4072,Delivered
4073,5349,2025-02-23 02:55:48,2025-02-27,2025-02-26,Next-Day Air,TRK-5349-4073,Delivered
4074,5350,2026-08-27 08:19:36,2026-08-31,2026-08-31,Next-Day Air,TRK-5350-4074,Delivered
4075,5351,2026-05-06 03:07:16,2026-05-10,2026-05-10,Express Courier,TRK-5351-4075,Delivered
4076,5352,2026-07-18 17:37:48,2026-07-22,2026-07-23,Next-Day Air,TRK-5352-4076,Delivered
4077,5353,2024-05-16 15:10:33,2024-05-20,,Express Courier,TRK-5353-4077,In Transit
4078,5355,2026-08-30 13:56:16,2026-09-03,,Next-Day Air,TRK-5355-4078,In Transit
4079,5356,2025-04-17 17:11:00,2025-04-21,2025-04-22,Next-Day Air,TRK-5356-4079,Delivered
4080,5357,2026-07-04 15:32:11,2026-07-08,2026-07-09,Express Courier,TRK-5357-4080,Delivered
4081,5359,2025-12-23 23:32:28,2025-12-27,2025-12-28,Standard Ground,TRK-5359-4081,Delivered
4082,5360,2026-07-28 23:07:15,2026-08-01,2026-08-02,Express Courier,TRK-5360-4082,Delivered
4083,5363,2025-11-25 09:49:31,2025-11-29,2025-11-28,Standard Ground,TRK-5363-4083,Delivered
4084,5365,2026-05-14 12:38:45,2026-05-18,2026-05-18,Express Courier,TRK-5365-4084,Delivered
4085,5366,2026-07-29 04:18:52,2026-08-02,2026-08-02,Next-Day Air,TRK-5366-4085,Delivered
4086,5367,2026-06-06 12:02:39,2026-06-10,2026-06-08,Next-Day Air,TRK-5367-4086,Delivered
4087,5368,2026-06-20 09:39:18,2026-06-24,2026-06-25,Express Courier,TRK-5368-4087,Delivered
4088,5369,2026-07-12 03:59:49,2026-07-16,2026-07-15,Express Courier,TRK-5369-4088,Delivered
4089,5370,2025-05-20 05:28:47,2025-05-24,2025-05-22,Express Courier,TRK-5370-4089,Delivered
4090,5371,2026-08-26 04:17:46,2026-08-30,2026-08-30,Next-Day Air,TRK-5371-4090,Delivered
4091,5372,2025-10-03 10:56:36,2025-10-07,,Next-Day Air,TRK-5372-4091,In Transit
4092,5373,2026-06-27 11:20:26,2026-07-01,2026-07-01,Express Courier,TRK-5373-4092,Delivered
4093,5374,2026-06-15 18:10:28,2026-06-19,2026-06-19,Express Courier,TRK-5374-4093,Delivered
4094,5375,2025-06-29 14:02:47,2025-07-03,2025-07-01,Express Courier,TRK-5375-4094,Delivered
4095,5376,2025-05-13 08:17:34,2025-05-17,2025-05-16,Standard Ground,TRK-5376-4095,Delivered
4096,5378,2025-08-11 01:59:22,2025-08-15,2025-08-16,Next-Day Air,TRK-5378-4096,Delivered
4097,5379,2025-05-01 14:08:13,2025-05-05,2025-05-03,Next-Day Air,TRK-5379-4097,Delivered
4098,5383,2025-01-16 12:47:19,2025-01-20,2025-01-19,Standard Ground,TRK-5383-4098,Delivered
4099,5384,2026-08-31 04:30:40,2026-09-04,2026-09-03,Express Courier,TRK-5384-4099,Delivered
4100,5386,2025-03-31 13:16:41,2025-04-04,,Standard Ground,TRK-5386-4100,In Transit
4101,5387,2026-05-09 12:23:45,2026-05-13,2026-05-14,Express Courier,TRK-5387-4101,Delivered
4102,5388,2026-01-08 21:00:06,2026-01-12,2026-01-11,Express Courier,TRK-5388-4102,Delivered
4103,5389,2025-09-21 12:04:07,2025-09-25,2025-09-23,Express Courier,TRK-5389-4103,Delivered
4104,5390,2025-02-15 18:06:09,2025-02-19,2025-02-18,Next-Day Air,TRK-5390-4104,Delivered
4105,5391,2025-05-28 00:16:48,2025-06-01,2025-05-31,Standard Ground,TRK-5391-4105,Delivered
4106,5392,2026-07-30 02:26:39,2026-08-03,2026-08-04,Standard Ground,TRK-5392-4106,Delivered
4107,5394,2026-02-08 12:03:04,2026-02-12,,Express Courier,TRK-5394-4107,In Transit
4108,5395,2025-09-25 03:03:55,2025-09-29,2025-09-27,Next-Day Air,TRK-5395-4108,Delivered
4109,5396,2024-11-11 20:57:00,2024-11-15,2024-11-13,Express Courier,TRK-5396-4109,Delivered
4110,5397,2024-09-20 00:01:04,2024-09-24,2024-09-22,Standard Ground,TRK-5397-4110,Delivered
4111,5398,2025-07-30 12:34:48,2025-08-03,2025-08-03,Express Courier,TRK-5398-4111,Delivered
4112,5399,2026-02-11 19:10:09,2026-02-15,2026-02-14,Standard Ground,TRK-5399-4112,Delivered
4113,5400,2025-08-28 18:17:34,2025-09-01,2025-09-02,Next-Day Air,TRK-5400-4113,Delivered
4114,5401,2025-04-29 10:32:21,2025-05-03,2025-05-02,Standard Ground,TRK-5401-4114,Delivered
4115,5402,2026-04-08 02:16:31,2026-04-12,,Standard Ground,TRK-5402-4115,In Transit
4116,5403,2026-04-26 14:30:57,2026-04-30,2026-04-30,Next-Day Air,TRK-5403-4116,Delivered
4117,5404,2026-06-26 13:39:01,2026-06-30,,Next-Day Air,TRK-5404-4117,In Transit
4118,5405,2025-08-03 15:03:34,2025-08-07,2025-08-06,Standard Ground,TRK-5405-4118,Delivered
4119,5406,2025-09-11 02:47:11,2025-09-15,2025-09-14,Express Courier,TRK-5406-4119,Delivered
4120,5407,2025-10-31 05:13:23,2025-11-04,2025-11-03,Express Courier,TRK-5407-4120,Delivered
4121,5410,2025-06-24 03:16:13,2025-06-28,2025-06-26,Next-Day Air,TRK-5410-4121,Delivered
4122,5411,2025-12-01 00:14:38,2025-12-05,2025-12-03,Next-Day Air,TRK-5411-4122,Delivered
4123,5412,2025-04-05 20:01:55,2025-04-09,2025-04-10,Standard Ground,TRK-5412-4123,Delivered
4124,5413,2026-05-12 20:48:29,2026-05-16,2026-05-14,Express Courier,TRK-5413-4124,Delivered
4125,5414,2026-05-18 17:18:12,2026-05-22,2026-05-20,Next-Day Air,TRK-5414-4125,Delivered
4126,5415,2026-06-12 10:51:07,2026-06-16,,Express Courier,TRK-5415-4126,In Transit
4127,5416,2025-12-11 18:15:18,2025-12-15,2025-12-13,Next-Day Air,TRK-5416-4127,Delivered
4128,5417,2026-07-20 08:49:25,2026-07-24,2026-07-24,Next-Day Air,TRK-5417-4128,Delivered
4129,5418,2026-03-27 20:35:33,2026-03-31,2026-03-31,Express Courier,TRK-5418-4129,Delivered
4130,5419,2026-08-16 18:27:24,2026-08-20,2026-08-21,Express Courier,TRK-5419-4130,Delivered
4131,5420,2026-04-21 22:37:45,2026-04-25,2026-04-24,Express Courier,TRK-5420-4131,Delivered
4132,5421,2025-02-02 01:50:16,2025-02-06,2025-02-07,Express Courier,TRK-5421-4132,Delivered
4133,5423,2025-05-03 23:12:22,2025-05-07,2025-05-08,Express Courier,TRK-5423-4133,Delivered
4134,5425,2026-01-30 04:16:37,2026-02-03,2026-02-03,Express Courier,TRK-5425-4134,Delivered
4135,5426,2025-01-19 15:56:56,2025-01-23,2025-01-21,Standard Ground,TRK-5426-4135,Delivered
4136,5427,2025-10-02 21:32:42,2025-10-06,2025-10-04,Express Courier,TRK-5427-4136,Delivered
4137,5428,2026-03-29 05:47:43,2026-04-02,,Express Courier,TRK-5428-4137,In Transit
4138,5431,2026-06-08 23:10:26,2026-06-12,,Express Courier,TRK-5431-4138,In Transit
4139,5432,2026-01-08 00:32:06,2026-01-12,2026-01-11,Next-Day Air,TRK-5432-4139,Delivered
4140,5433,2026-08-06 21:49:08,2026-08-10,2026-08-08,Next-Day Air,TRK-5433-4140,Delivered
4141,5434,2026-02-10 14:16:33,2026-02-14,2026-02-13,Standard Ground,TRK-5434-4141,Delivered
4142,5435,2025-11-07 23:26:01,2025-11-11,2025-11-12,Next-Day Air,TRK-5435-4142,Delivered
4143,5436,2025-03-02 05:53:54,2025-03-06,2025-03-07,Next-Day Air,TRK-5436-4143,Delivered
4144,5437,2024-12-22 14:45:10,2024-12-26,2024-12-27,Express Courier,TRK-5437-4144,Delivered
4145,5438,2026-08-06 04:33:27,2026-08-10,2026-08-09,Next-Day Air,TRK-5438-4145,Delivered
4146,5439,2024-10-21 07:18:25,2024-10-25,2024-10-23,Next-Day Air,TRK-5439-4146,Delivered
4147,5440,2026-08-19 21:21:36,2026-08-23,,Next-Day Air,TRK-5440-4147,In Transit
4148,5441,2026-09-02 10:18:36,2026-09-06,2026-09-06,Standard Ground,TRK-5441-4148,Delivered
4149,5442,2025-05-07 21:31:00,2025-05-11,2025-05-09,Next-Day Air,TRK-5442-4149,Delivered
4150,5443,2025-04-26 12:56:10,2025-04-30,2025-04-28,Next-Day Air,TRK-5443-4150,Delivered
4151,5444,2025-10-25 21:16:57,2025-10-29,2025-10-30,Standard Ground,TRK-5444-4151,Delivered
4152,5445,2024-03-28 08:02:46,2024-04-01,2024-03-30,Standard Ground,TRK-5445-4152,Delivered
4153,5446,2026-08-13 23:18:10,2026-08-17,,Next-Day Air,TRK-5446-4153,In Transit
4154,5447,2026-08-19 10:12:18,2026-08-23,,Standard Ground,TRK-5447-4154,In Transit
4155,5448,2026-08-11 10:16:46,2026-08-15,2026-08-13,Next-Day Air,TRK-5448-4155,Delivered
4156,5449,2026-07-22 14:08:08,2026-07-26,2026-07-25,Next-Day Air,TRK-5449-4156,Delivered
4157,5453,2026-07-21 04:28:51,2026-07-25,2026-07-23,Next-Day Air,TRK-5453-4157,Delivered
4158,5455,2024-10-03 23:38:48,2024-10-07,2024-10-07,Next-Day Air,TRK-5455-4158,Delivered
4159,5456,2024-12-03 14:53:41,2024-12-07,2024-12-05,Express Courier,TRK-5456-4159,Delivered
4160,5457,2026-04-25 23:40:33,2026-04-29,2026-04-28,Next-Day Air,TRK-5457-4160,Delivered
4161,5458,2026-07-16 07:44:17,2026-07-20,2026-07-20,Next-Day Air,TRK-5458-4161,Delivered
4162,5460,2025-10-21 09:46:37,2025-10-25,2025-10-26,Standard Ground,TRK-5460-4162,Delivered
4163,5464,2025-12-13 13:21:58,2025-12-17,2025-12-18,Standard Ground,TRK-5464-4163,Delivered
4164,5465,2026-08-21 00:17:18,2026-08-25,2026-08-24,Standard Ground,TRK-5465-4164,Delivered
4165,5466,2026-03-25 11:44:59,2026-03-29,2026-03-30,Standard Ground,TRK-5466-4165,Delivered
4166,5467,2026-08-05 01:23:03,2026-08-09,2026-08-09,Next-Day Air,TRK-5467-4166,Delivered
4167,5470,2026-08-15 06:43:07,2026-08-19,2026-08-17,Express Courier,TRK-5470-4167,Delivered
4168,5472,2026-01-22 06:47:05,2026-01-26,2026-01-25,Standard Ground,TRK-5472-4168,Delivered
4169,5474,2026-08-08 02:44:35,2026-08-12,2026-08-12,Next-Day Air,TRK-5474-4169,Delivered
4170,5475,2025-01-06 20:14:08,2025-01-10,2025-01-10,Standard Ground,TRK-5475-4170,Delivered
4171,5477,2026-04-13 14:03:48,2026-04-17,,Standard Ground,TRK-5477-4171,In Transit
4172,5478,2026-08-09 02:23:47,2026-08-13,2026-08-14,Express Courier,TRK-5478-4172,Delivered
4173,5479,2025-04-04 03:07:50,2025-04-08,2025-04-06,Next-Day Air,TRK-5479-4173,Delivered
4174,5480,2026-07-15 22:23:01,2026-07-19,2026-07-18,Express Courier,TRK-5480-4174,Delivered
4175,5481,2026-05-02 09:08:31,2026-05-06,2026-05-04,Next-Day Air,TRK-5481-4175,Delivered
4176,5482,2024-09-21 11:17:49,2024-09-25,2024-09-26,Next-Day Air,TRK-5482-4176,Delivered
4177,5483,2025-07-24 19:13:33,2025-07-28,2025-07-29,Next-Day Air,TRK-5483-4177,Delivered
4178,5484,2024-12-01 22:53:59,2024-12-05,2024-12-04,Next-Day Air,TRK-5484-4178,Delivered
4179,5485,2026-05-03 22:36:21,2026-05-07,2026-05-08,Standard Ground,TRK-5485-4179,Delivered
4180,5486,2025-05-22 21:54:04,2025-05-26,,Express Courier,TRK-5486-4180,In Transit
4181,5487,2025-08-13 06:41:26,2025-08-17,2025-08-15,Express Courier,TRK-5487-4181,Delivered
4182,5488,2026-06-15 00:20:23,2026-06-19,2026-06-17,Express Courier,TRK-5488-4182,Delivered
4183,5490,2026-08-08 06:04:58,2026-08-12,2026-08-13,Standard Ground,TRK-5490-4183,Delivered
4184,5491,2026-03-19 02:14:52,2026-03-23,2026-03-23,Standard Ground,TRK-5491-4184,Delivered
4185,5492,2026-01-02 02:00:32,2026-01-06,2026-01-07,Next-Day Air,TRK-5492-4185,Delivered
4186,5493,2026-07-29 19:20:14,2026-08-02,,Next-Day Air,TRK-5493-4186,In Transit
4187,5494,2024-05-24 23:19:14,2024-05-28,2024-05-26,Express Courier,TRK-5494-4187,Delivered
4188,5495,2025-11-14 12:04:22,2025-11-18,2025-11-16,Express Courier,TRK-5495-4188,Delivered
4189,5496,2026-05-24 09:53:27,2026-05-28,2026-05-27,Next-Day Air,TRK-5496-4189,Delivered
4190,5498,2025-07-08 07:05:37,2025-07-12,2025-07-10,Standard Ground,TRK-5498-4190,Delivered
4191,5499,2025-11-23 04:39:24,2025-11-27,2025-11-28,Standard Ground,TRK-5499-4191,Delivered
4192,5500,2026-06-30 17:40:29,2026-07-04,2026-07-05,Next-Day Air,TRK-5500-4192,Delivered
4193,5502,2025-11-29 19:22:57,2025-12-03,2025-12-01,Next-Day Air,TRK-5502-4193,Delivered
4194,5503,2026-07-02 12:40:23,2026-07-06,2026-07-04,Standard Ground,TRK-5503-4194,Delivered
4195,5505,2026-06-07 15:40:40,2026-06-11,,Standard Ground,TRK-5505-4195,In Transit
4196,5508,2026-08-05 17:42:38,2026-08-09,2026-08-10,Next-Day Air,TRK-5508-4196,Delivered
4197,5509,2025-08-26 01:01:38,2025-08-30,2025-08-31,Next-Day Air,TRK-5509-4197,Delivered
4198,5513,2024-09-27 22:08:48,2024-10-01,2024-10-02,Express Courier,TRK-5513-4198,Delivered
4199,5514,2026-02-15 19:45:57,2026-02-19,2026-02-20,Standard Ground,TRK-5514-4199,Delivered
4200,5515,2026-06-24 13:53:18,2026-06-28,2026-06-29,Express Courier,TRK-5515-4200,Delivered
4201,5516,2026-07-28 19:03:17,2026-08-01,2026-08-02,Standard Ground,TRK-5516-4201,Delivered
4202,5517,2026-02-12 01:24:41,2026-02-16,2026-02-16,Next-Day Air,TRK-5517-4202,Delivered
4203,5518,2026-05-27 17:17:01,2026-05-31,2026-05-29,Standard Ground,TRK-5518-4203,Delivered
4204,5519,2026-08-15 19:15:33,2026-08-19,2026-08-17,Next-Day Air,TRK-5519-4204,Delivered
4205,5520,2026-05-23 23:47:46,2026-05-27,,Next-Day Air,TRK-5520-4205,In Transit
4206,5521,2026-02-19 20:25:55,2026-02-23,2026-02-21,Standard Ground,TRK-5521-4206,Delivered
4207,5522,2026-04-03 17:23:58,2026-04-07,2026-04-07,Standard Ground,TRK-5522-4207,Delivered
4208,5523,2026-08-08 13:20:47,2026-08-12,2026-08-13,Standard Ground,TRK-5523-4208,Delivered
4209,5524,2026-08-07 09:05:26,2026-08-11,2026-08-12,Express Courier,TRK-5524-4209,Delivered
4210,5525,2026-03-18 23:58:47,2026-03-22,2026-03-21,Next-Day Air,TRK-5525-4210,Delivered
4211,5526,2026-07-24 23:53:29,2026-07-28,2026-07-26,Express Courier,TRK-5526-4211,Delivered
4212,5527,2025-05-17 18:48:36,2025-05-21,2025-05-22,Next-Day Air,TRK-5527-4212,Delivered
4213,5528,2025-09-11 17:08:19,2025-09-15,2025-09-16,Express Courier,TRK-5528-4213,Delivered
4214,5530,2025-12-07 12:54:23,2025-12-11,2025-12-10,Express Courier,TRK-5530-4214,Delivered
4215,5533,2025-04-10 05:14:04,2025-04-14,2025-04-13,Next-Day Air,TRK-5533-4215,Delivered
4216,5534,2026-07-10 17:16:40,2026-07-14,2026-07-14,Next-Day Air,TRK-5534-4216,Delivered
4217,5535,2024-08-15 20:15:20,2024-08-19,2024-08-19,Express Courier,TRK-5535-4217,Delivered
4218,5536,2025-10-14 08:34:58,2025-10-18,,Standard Ground,TRK-5536-4218,In Transit
4219,5537,2025-11-13 05:01:55,2025-11-17,2025-11-17,Standard Ground,TRK-5537-4219,Delivered
4220,5538,2025-12-23 12:51:09,2025-12-27,2025-12-26,Express Courier,TRK-5538-4220,Delivered
4221,5540,2025-08-08 17:46:01,2025-08-12,2025-08-12,Standard Ground,TRK-5540-4221,Delivered
4222,5541,2025-10-10 04:46:03,2025-10-14,2025-10-14,Express Courier,TRK-5541-4222,Delivered
4223,5542,2025-07-18 05:57:15,2025-07-22,2025-07-23,Next-Day Air,TRK-5542-4223,Delivered
4224,5543,2025-05-15 06:27:30,2025-05-19,2025-05-19,Express Courier,TRK-5543-4224,Delivered
4225,5544,2026-01-07 15:55:20,2026-01-11,,Standard Ground,TRK-5544-4225,In Transit
4226,5545,2026-02-19 06:13:00,2026-02-23,,Standard Ground,TRK-5545-4226,In Transit
4227,5546,2026-08-10 06:09:29,2026-08-14,,Next-Day Air,TRK-5546-4227,In Transit
4228,5547,2026-08-27 18:33:08,2026-08-31,2026-08-29,Next-Day Air,TRK-5547-4228,Delivered
4229,5549,2026-07-13 07:03:18,2026-07-17,2026-07-15,Express Courier,TRK-5549-4229,Delivered
4230,5550,2026-05-04 12:08:57,2026-05-08,2026-05-08,Express Courier,TRK-5550-4230,Delivered
4231,5551,2026-01-16 23:17:23,2026-01-20,2026-01-18,Next-Day Air,TRK-5551-4231,Delivered
4232,5552,2025-09-21 18:20:54,2025-09-25,,Standard Ground,TRK-5552-4232,In Transit
4233,5554,2026-05-20 18:52:49,2026-05-24,2026-05-25,Standard Ground,TRK-5554-4233,Delivered
4234,5556,2025-11-28 05:23:47,2025-12-02,2025-12-01,Standard Ground,TRK-5556-4234,Delivered
4235,5557,2024-10-16 05:00:06,2024-10-20,2024-10-18,Standard Ground,TRK-5557-4235,Delivered
4236,5558,2025-12-16 09:45:23,2025-12-20,2025-12-18,Standard Ground,TRK-5558-4236,Delivered
4237,5560,2026-04-11 23:11:41,2026-04-15,2026-04-13,Express Courier,TRK-5560-4237,Delivered
4238,5561,2026-02-10 20:11:47,2026-02-14,2026-02-13,Standard Ground,TRK-5561-4238,Delivered
4239,5562,2024-12-31 06:19:54,2025-01-04,2025-01-04,Next-Day Air,TRK-5562-4239,Delivered
4240,5563,2026-04-08 13:54:29,2026-04-12,,Express Courier,TRK-5563-4240,In Transit
4241,5564,2026-01-08 05:17:38,2026-01-12,2026-01-12,Next-Day Air,TRK-5564-4241,Delivered
4242,5565,2026-07-31 15:55:06,2026-08-04,,Next-Day Air,TRK-5565-4242,In Transit
4243,5566,2026-07-09 01:26:07,2026-07-13,,Express Courier,TRK-5566-4243,In Transit
4244,5567,2026-07-26 09:02:25,2026-07-30,2026-07-28,Express Courier,TRK-5567-4244,Delivered
4245,5568,2025-02-18 04:07:19,2025-02-22,2025-02-23,Next-Day Air,TRK-5568-4245,Delivered
4246,5569,2026-08-07 22:05:30,2026-08-11,2026-08-10,Next-Day Air,TRK-5569-4246,Delivered
4247,5570,2025-06-24 15:43:57,2025-06-28,2025-06-28,Standard Ground,TRK-5570-4247,Delivered
4248,5571,2026-08-06 20:23:24,2026-08-10,2026-08-11,Express Courier,TRK-5571-4248,Delivered
4249,5572,2026-04-21 00:20:47,2026-04-25,,Standard Ground,TRK-5572-4249,In Transit
4250,5573,2025-10-10 19:48:21,2025-10-14,2025-10-14,Next-Day Air,TRK-5573-4250,Delivered
4251,5575,2026-03-19 14:17:01,2026-03-23,2026-03-22,Standard Ground,TRK-5575-4251,Delivered
4252,5577,2024-12-01 14:15:36,2024-12-05,,Express Courier,TRK-5577-4252,In Transit
4253,5578,2026-07-05 09:56:23,2026-07-09,,Express Courier,TRK-5578-4253,In Transit
4254,5580,2025-03-31 05:30:15,2025-04-04,2025-04-04,Express Courier,TRK-5580-4254,Delivered
4255,5581,2025-10-25 16:36:36,2025-10-29,2025-10-29,Standard Ground,TRK-5581-4255,Delivered
4256,5583,2025-05-31 15:25:12,2025-06-04,2025-06-05,Standard Ground,TRK-5583-4256,Delivered
4257,5584,2026-06-10 12:39:21,2026-06-14,2026-06-13,Next-Day Air,TRK-5584-4257,Delivered
4258,5585,2026-09-01 11:12:54,2026-09-05,2026-09-05,Next-Day Air,TRK-5585-4258,Delivered
4259,5586,2026-07-19 18:25:21,2026-07-23,2026-07-23,Next-Day Air,TRK-5586-4259,Delivered
4260,5588,2026-02-26 20:28:59,2026-03-02,2026-03-03,Express Courier,TRK-5588-4260,Delivered
4261,5589,2025-06-02 00:26:56,2025-06-06,2025-06-06,Express Courier,TRK-5589-4261,Delivered
4262,5590,2026-09-02 18:24:08,2026-09-06,2026-09-04,Express Courier,TRK-5590-4262,Delivered
4263,5592,2026-04-07 04:28:09,2026-04-11,2026-04-12,Express Courier,TRK-5592-4263,Delivered
4264,5593,2026-08-17 03:28:59,2026-08-21,2026-08-19,Express Courier,TRK-5593-4264,Delivered
4265,5594,2026-06-17 15:13:27,2026-06-21,2026-06-21,Next-Day Air,TRK-5594-4265,Delivered
4266,5595,2026-02-26 14:11:18,2026-03-02,2026-03-02,Express Courier,TRK-5595-4266,Delivered
4267,5596,2026-04-18 01:50:12,2026-04-22,2026-04-22,Express Courier,TRK-5596-4267,Delivered
4268,5597,2026-07-07 20:45:07,2026-07-11,,Next-Day Air,TRK-5597-4268,In Transit
4269,5598,2026-01-13 18:51:26,2026-01-17,2026-01-15,Standard Ground,TRK-5598-4269,Delivered
4270,5599,2024-12-12 15:12:24,2024-12-16,2024-12-14,Express Courier,TRK-5599-4270,Delivered
4271,5600,2026-05-27 05:02:15,2026-05-31,2026-05-30,Express Courier,TRK-5600-4271,Delivered
4272,5601,2026-04-20 23:19:34,2026-04-24,2026-04-24,Express Courier,TRK-5601-4272,Delivered
4273,5602,2026-07-18 10:30:12,2026-07-22,2026-07-22,Express Courier,TRK-5602-4273,Delivered
4274,5605,2025-05-08 22:49:54,2025-05-12,,Standard Ground,TRK-5605-4274,In Transit
4275,5606,2025-12-13 13:41:13,2025-12-17,2025-12-17,Next-Day Air,TRK-5606-4275,Delivered
4276,5607,2026-06-29 08:26:55,2026-07-03,2026-07-01,Next-Day Air,TRK-5607-4276,Delivered
4277,5609,2026-08-03 07:09:10,2026-08-07,2026-08-07,Next-Day Air,TRK-5609-4277,Delivered
4278,5611,2026-07-05 13:40:54,2026-07-09,2026-07-09,Standard Ground,TRK-5611-4278,Delivered
4279,5612,2025-09-18 12:43:08,2025-09-22,,Express Courier,TRK-5612-4279,In Transit
4280,5614,2026-04-24 17:51:11,2026-04-28,2026-04-29,Next-Day Air,TRK-5614-4280,Delivered
4281,5615,2026-04-23 11:28:30,2026-04-27,2026-04-27,Standard Ground,TRK-5615-4281,Delivered
4282,5616,2025-05-11 12:24:18,2025-05-15,2025-05-16,Next-Day Air,TRK-5616-4282,Delivered
4283,5617,2026-01-12 18:50:18,2026-01-16,2026-01-14,Next-Day Air,TRK-5617-4283,Delivered
4284,5619,2025-08-09 11:41:22,2025-08-13,,Express Courier,TRK-5619-4284,In Transit
4285,5620,2025-11-11 00:24:29,2025-11-15,2025-11-15,Next-Day Air,TRK-5620-4285,Delivered
4286,5621,2026-04-29 11:21:54,2026-05-03,2026-05-01,Express Courier,TRK-5621-4286,Delivered
4287,5623,2026-06-24 14:25:05,2026-06-28,,Standard Ground,TRK-5623-4287,In Transit
4288,5625,2025-06-19 05:08:36,2025-06-23,2025-06-23,Standard Ground,TRK-5625-4288,Delivered
4289,5626,2025-08-18 10:06:26,2025-08-22,2025-08-21,Next-Day Air,TRK-5626-4289,Delivered
4290,5627,2025-11-10 06:24:06,2025-11-14,2025-11-14,Next-Day Air,TRK-5627-4290,Delivered
4291,5629,2026-08-05 05:36:23,2026-08-09,,Express Courier,TRK-5629-4291,In Transit
4292,5630,2025-07-28 20:07:35,2025-08-01,2025-07-30,Express Courier,TRK-5630-4292,Delivered
4293,5632,2025-05-17 01:38:41,2025-05-21,2025-05-19,Next-Day Air,TRK-5632-4293,Delivered
4294,5633,2026-08-19 15:14:06,2026-08-23,2026-08-21,Standard Ground,TRK-5633-4294,Delivered
4295,5635,2026-07-21 14:09:03,2026-07-25,2026-07-25,Standard Ground,TRK-5635-4295,Delivered
4296,5636,2024-11-23 12:22:14,2024-11-27,2024-11-25,Standard Ground,TRK-5636-4296,Delivered
4297,5639,2025-11-26 04:58:32,2025-11-30,,Express Courier,TRK-5639-4297,In Transit
4298,5641,2024-12-06 10:11:29,2024-12-10,2024-12-10,Standard Ground,TRK-5641-4298,Delivered
4299,5642,2026-09-01 04:20:51,2026-09-05,2026-09-04,Next-Day Air,TRK-5642-4299,Delivered
4300,5643,2025-08-08 13:52:17,2025-08-12,2025-08-10,Express Courier,TRK-5643-4300,Delivered
4301,5644,2026-08-29 05:03:54,2026-09-02,2026-08-31,Standard Ground,TRK-5644-4301,Delivered
4302,5645,2025-03-04 20:26:54,2025-03-08,,Next-Day Air,TRK-5645-4302,In Transit
4303,5646,2026-08-16 19:37:50,2026-08-20,2026-08-20,Express Courier,TRK-5646-4303,Delivered
4304,5647,2025-01-17 20:21:10,2025-01-21,2025-01-21,Express Courier,TRK-5647-4304,Delivered
4305,5648,2026-08-18 05:48:55,2026-08-22,2026-08-20,Express Courier,TRK-5648-4305,Delivered
4306,5649,2026-08-16 07:35:46,2026-08-20,2026-08-19,Next-Day Air,TRK-5649-4306,Delivered
4307,5650,2025-12-24 14:07:06,2025-12-28,2025-12-26,Standard Ground,TRK-5650-4307,Delivered
4308,5651,2026-07-11 20:36:52,2026-07-15,2026-07-13,Standard Ground,TRK-5651-4308,Delivered
4309,5652,2025-10-16 10:07:08,2025-10-20,2025-10-21,Next-Day Air,TRK-5652-4309,Delivered
4310,5653,2025-11-20 11:55:07,2025-11-24,2025-11-23,Express Courier,TRK-5653-4310,Delivered
4311,5654,2026-01-31 04:14:06,2026-02-04,2026-02-03,Next-Day Air,TRK-5654-4311,Delivered
4312,5655,2026-08-19 06:53:03,2026-08-23,2026-08-22,Next-Day Air,TRK-5655-4312,Delivered
4313,5656,2026-04-06 08:40:07,2026-04-10,2026-04-08,Next-Day Air,TRK-5656-4313,Delivered
4314,5657,2026-08-11 21:55:48,2026-08-15,2026-08-13,Standard Ground,TRK-5657-4314,Delivered
4315,5658,2026-04-22 13:55:41,2026-04-26,2026-04-27,Express Courier,TRK-5658-4315,Delivered
4316,5659,2026-08-03 03:11:16,2026-08-07,,Next-Day Air,TRK-5659-4316,In Transit
4317,5661,2026-05-24 13:33:27,2026-05-28,,Express Courier,TRK-5661-4317,In Transit
4318,5663,2026-06-20 05:31:28,2026-06-24,2026-06-24,Express Courier,TRK-5663-4318,Delivered
4319,5664,2025-11-14 17:17:59,2025-11-18,2025-11-18,Next-Day Air,TRK-5664-4319,Delivered
4320,5665,2026-07-31 23:40:09,2026-08-04,,Next-Day Air,TRK-5665-4320,In Transit
4321,5666,2026-03-15 08:30:59,2026-03-19,2026-03-20,Express Courier,TRK-5666-4321,Delivered
4322,5667,2025-08-30 13:09:07,2025-09-03,2025-09-01,Standard Ground,TRK-5667-4322,Delivered
4323,5668,2025-02-28 10:43:03,2025-03-04,2025-03-02,Next-Day Air,TRK-5668-4323,Delivered
4324,5669,2024-05-12 03:36:15,2024-05-16,2024-05-14,Next-Day Air,TRK-5669-4324,Delivered
4325,5670,2025-04-20 15:05:14,2025-04-24,2025-04-23,Next-Day Air,TRK-5670-4325,Delivered
4326,5671,2026-04-24 17:50:04,2026-04-28,2026-04-26,Standard Ground,TRK-5671-4326,Delivered
4327,5672,2025-10-02 11:03:09,2025-10-06,2025-10-06,Next-Day Air,TRK-5672-4327,Delivered
4328,5673,2026-05-19 21:55:29,2026-05-23,2026-05-24,Express Courier,TRK-5673-4328,Delivered
4329,5674,2025-07-09 21:55:30,2025-07-13,2025-07-12,Standard Ground,TRK-5674-4329,Delivered
4330,5675,2026-05-07 22:08:46,2026-05-11,,Standard Ground,TRK-5675-4330,In Transit
4331,5678,2023-10-11 12:11:28,2023-10-15,,Next-Day Air,TRK-5678-4331,In Transit
4332,5680,2025-08-31 08:35:12,2025-09-04,2025-09-02,Express Courier,TRK-5680-4332,Delivered
4333,5682,2026-05-04 05:27:23,2026-05-08,2026-05-09,Express Courier,TRK-5682-4333,Delivered
4334,5683,2025-06-05 18:14:16,2025-06-09,,Next-Day Air,TRK-5683-4334,In Transit
4335,5684,2026-08-17 16:17:08,2026-08-21,,Express Courier,TRK-5684-4335,In Transit
4336,5685,2026-01-14 08:32:48,2026-01-18,2026-01-19,Next-Day Air,TRK-5685-4336,Delivered
4337,5686,2025-05-02 14:24:07,2025-05-06,2025-05-06,Standard Ground,TRK-5686-4337,Delivered
4338,5687,2026-01-20 08:25:26,2026-01-24,2026-01-25,Express Courier,TRK-5687-4338,Delivered
4339,5688,2026-05-08 03:39:26,2026-05-12,2026-05-10,Next-Day Air,TRK-5688-4339,Delivered
4340,5689,2025-06-27 04:21:22,2025-07-01,2025-06-29,Express Courier,TRK-5689-4340,Delivered
4341,5690,2026-06-26 11:55:54,2026-06-30,2026-06-30,Next-Day Air,TRK-5690-4341,Delivered
4342,5692,2026-03-19 04:26:19,2026-03-23,2026-03-22,Standard Ground,TRK-5692-4342,Delivered
4343,5693,2026-06-13 22:58:53,2026-06-17,2026-06-18,Standard Ground,TRK-5693-4343,Delivered
4344,5694,2024-11-10 15:01:49,2024-11-14,2024-11-12,Next-Day Air,TRK-5694-4344,Delivered
4345,5695,2026-08-22 15:15:20,2026-08-26,2026-08-26,Express Courier,TRK-5695-4345,Delivered
4346,5696,2026-07-18 01:38:25,2026-07-22,2026-07-22,Standard Ground,TRK-5696-4346,Delivered
4347,5697,2025-10-21 09:20:14,2025-10-25,2025-10-26,Next-Day Air,TRK-5697-4347,Delivered
4348,5699,2025-03-17 05:24:04,2025-03-21,2025-03-22,Express Courier,TRK-5699-4348,Delivered
4349,5700,2026-08-10 09:10:54,2026-08-14,2026-08-12,Next-Day Air,TRK-5700-4349,Delivered
4350,5701,2024-03-12 18:47:01,2024-03-16,2024-03-14,Next-Day Air,TRK-5701-4350,Delivered
4351,5702,2026-08-20 07:40:19,2026-08-24,2026-08-24,Next-Day Air,TRK-5702-4351,Delivered
4352,5703,2026-08-13 07:23:50,2026-08-17,2026-08-17,Standard Ground,TRK-5703-4352,Delivered
4353,5704,2025-10-17 22:19:13,2025-10-21,2025-10-21,Express Courier,TRK-5704-4353,Delivered
4354,5705,2025-03-13 10:26:05,2025-03-17,,Express Courier,TRK-5705-4354,In Transit
4355,5707,2025-05-06 02:08:28,2025-05-10,2025-05-10,Next-Day Air,TRK-5707-4355,Delivered
4356,5708,2026-08-18 11:57:44,2026-08-22,2026-08-23,Next-Day Air,TRK-5708-4356,Delivered
4357,5709,2025-05-03 02:33:12,2025-05-07,2025-05-05,Next-Day Air,TRK-5709-4357,Delivered
4358,5710,2025-12-02 00:58:51,2025-12-06,,Express Courier,TRK-5710-4358,In Transit
4359,5711,2026-01-01 03:45:02,2026-01-05,2026-01-03,Standard Ground,TRK-5711-4359,Delivered
4360,5713,2026-03-11 20:59:33,2026-03-15,2026-03-15,Standard Ground,TRK-5713-4360,Delivered
4361,5715,2026-08-30 06:40:28,2026-09-03,2026-09-01,Standard Ground,TRK-5715-4361,Delivered
4362,5716,2025-08-01 17:46:13,2025-08-05,2025-08-05,Express Courier,TRK-5716-4362,Delivered
4363,5717,2026-07-23 02:20:32,2026-07-27,2026-07-26,Standard Ground,TRK-5717-4363,Delivered
4364,5720,2026-02-15 04:06:01,2026-02-19,,Standard Ground,TRK-5720-4364,In Transit
4365,5721,2026-05-12 19:49:51,2026-05-16,2026-05-17,Express Courier,TRK-5721-4365,Delivered
4366,5722,2026-05-09 02:50:48,2026-05-13,2026-05-14,Next-Day Air,TRK-5722-4366,Delivered
4367,5723,2025-12-03 14:16:13,2025-12-07,,Next-Day Air,TRK-5723-4367,In Transit
4368,5724,2026-08-24 01:30:35,2026-08-28,2026-08-26,Standard Ground,TRK-5724-4368,Delivered
4369,5725,2026-06-21 15:52:05,2026-06-25,2026-06-24,Next-Day Air,TRK-5725-4369,Delivered
4370,5726,2026-05-03 00:40:06,2026-05-07,2026-05-07,Standard Ground,TRK-5726-4370,Delivered
4371,5727,2026-07-30 16:56:45,2026-08-03,2026-08-02,Express Courier,TRK-5727-4371,Delivered
4372,5728,2025-12-14 12:38:26,2025-12-18,2025-12-19,Express Courier,TRK-5728-4372,Delivered
4373,5729,2026-07-29 05:23:21,2026-08-02,2026-08-03,Express Courier,TRK-5729-4373,Delivered
4374,5731,2026-07-29 19:37:44,2026-08-02,,Express Courier,TRK-5731-4374,In Transit
4375,5732,2025-05-11 18:47:44,2025-05-15,2025-05-14,Standard Ground,TRK-5732-4375,Delivered
4376,5733,2026-07-27 02:24:40,2026-07-31,2026-08-01,Express Courier,TRK-5733-4376,Delivered
4377,5734,2024-09-26 18:48:30,2024-09-30,2024-09-30,Standard Ground,TRK-5734-4377,Delivered
4378,5735,2025-03-19 13:25:36,2025-03-23,2025-03-22,Express Courier,TRK-5735-4378,Delivered
4379,5736,2026-08-05 14:08:40,2026-08-09,,Standard Ground,TRK-5736-4379,In Transit
4380,5737,2026-07-17 07:28:32,2026-07-21,,Next-Day Air,TRK-5737-4380,In Transit
4381,5739,2025-07-22 09:29:16,2025-07-26,,Next-Day Air,TRK-5739-4381,In Transit
4382,5740,2026-06-28 16:13:05,2026-07-02,2026-07-01,Standard Ground,TRK-5740-4382,Delivered
4383,5741,2025-03-14 22:18:16,2025-03-18,2025-03-19,Express Courier,TRK-5741-4383,Delivered
4384,5744,2026-03-15 05:33:33,2026-03-19,2026-03-18,Next-Day Air,TRK-5744-4384,Delivered
4385,5745,2025-06-30 03:36:42,2025-07-04,,Standard Ground,TRK-5745-4385,In Transit
4386,5747,2024-05-08 13:11:19,2024-05-12,,Express Courier,TRK-5747-4386,In Transit
4387,5752,2026-08-29 00:32:10,2026-09-02,2026-09-01,Next-Day Air,TRK-5752-4387,Delivered
4388,5753,2025-11-22 20:38:07,2025-11-26,2025-11-24,Next-Day Air,TRK-5753-4388,Delivered
4389,5754,2025-01-10 03:48:20,2025-01-14,2025-01-15,Standard Ground,TRK-5754-4389,Delivered
4390,5755,2026-06-05 00:04:52,2026-06-09,2026-06-09,Next-Day Air,TRK-5755-4390,Delivered
4391,5756,2025-01-22 18:10:48,2025-01-26,2025-01-26,Next-Day Air,TRK-5756-4391,Delivered
4392,5759,2025-05-14 02:33:35,2025-05-18,,Express Courier,TRK-5759-4392,In Transit
4393,5760,2024-04-11 20:47:57,2024-04-15,2024-04-13,Express Courier,TRK-5760-4393,Delivered
4394,5761,2026-08-04 10:31:49,2026-08-08,2026-08-08,Next-Day Air,TRK-5761-4394,Delivered
4395,5762,2024-06-27 17:04:41,2024-07-01,2024-07-02,Express Courier,TRK-5762-4395,Delivered
4396,5763,2025-02-25 11:13:59,2025-03-01,2025-02-27,Express Courier,TRK-5763-4396,Delivered
4397,5765,2025-04-17 08:27:48,2025-04-21,,Express Courier,TRK-5765-4397,In Transit
4398,5766,2025-10-23 05:43:48,2025-10-27,,Standard Ground,TRK-5766-4398,In Transit
4399,5767,2026-03-21 22:44:08,2026-03-25,,Next-Day Air,TRK-5767-4399,In Transit
4400,5769,2025-09-22 02:04:56,2025-09-26,2025-09-25,Standard Ground,TRK-5769-4400,Delivered
4401,5770,2026-08-29 09:34:17,2026-09-02,,Express Courier,TRK-5770-4401,In Transit
4402,5771,2025-11-04 00:07:26,2025-11-08,2025-11-09,Next-Day Air,TRK-5771-4402,Delivered
4403,5772,2026-09-01 06:02:45,2026-09-05,2026-09-05,Express Courier,TRK-5772-4403,Delivered
4404,5773,2025-09-23 18:57:14,2025-09-27,,Standard Ground,TRK-5773-4404,In Transit
4405,5774,2026-07-14 14:27:55,2026-07-18,2026-07-17,Express Courier,TRK-5774-4405,Delivered
4406,5775,2026-03-08 13:28:21,2026-03-12,2026-03-13,Next-Day Air,TRK-5775-4406,Delivered
4407,5776,2026-02-14 14:39:17,2026-02-18,2026-02-19,Express Courier,TRK-5776-4407,Delivered
4408,5777,2026-04-02 04:56:55,2026-04-06,2026-04-07,Express Courier,TRK-5777-4408,Delivered
4409,5778,2024-11-07 10:35:44,2024-11-11,2024-11-10,Next-Day Air,TRK-5778-4409,Delivered
4410,5779,2026-02-26 02:20:38,2026-03-02,2026-02-28,Standard Ground,TRK-5779-4410,Delivered
4411,5780,2026-01-25 00:55:20,2026-01-29,2026-01-27,Express Courier,TRK-5780-4411,Delivered
4412,5781,2025-10-28 06:42:29,2025-11-01,,Express Courier,TRK-5781-4412,In Transit
4413,5782,2026-06-14 19:56:09,2026-06-18,2026-06-19,Next-Day Air,TRK-5782-4413,Delivered
4414,5783,2026-06-06 10:42:41,2026-06-10,,Express Courier,TRK-5783-4414,In Transit
4415,5784,2026-09-02 03:31:23,2026-09-06,2026-09-04,Next-Day Air,TRK-5784-4415,Delivered
4416,5785,2026-06-16 01:42:53,2026-06-20,2026-06-19,Express Courier,TRK-5785-4416,Delivered
4417,5786,2024-06-06 18:50:17,2024-06-10,2024-06-11,Express Courier,TRK-5786-4417,Delivered
4418,5787,2026-07-06 07:35:06,2026-07-10,2026-07-10,Next-Day Air,TRK-5787-4418,Delivered
4419,5788,2025-01-05 18:34:13,2025-01-09,2025-01-09,Standard Ground,TRK-5788-4419,Delivered
4420,5789,2025-05-20 18:28:04,2025-05-24,2025-05-23,Express Courier,TRK-5789-4420,Delivered
4421,5790,2025-07-03 05:02:09,2025-07-07,,Express Courier,TRK-5790-4421,In Transit
4422,5792,2025-09-23 09:45:10,2025-09-27,2025-09-25,Standard Ground,TRK-5792-4422,Delivered
4423,5793,2025-09-12 13:21:44,2025-09-16,2025-09-14,Next-Day Air,TRK-5793-4423,Delivered
4424,5794,2025-07-03 09:31:46,2025-07-07,2025-07-08,Next-Day Air,TRK-5794-4424,Delivered
4425,5795,2026-01-12 09:32:53,2026-01-16,2026-01-15,Next-Day Air,TRK-5795-4425,Delivered
4426,5796,2026-04-02 19:04:35,2026-04-06,2026-04-07,Next-Day Air,TRK-5796-4426,Delivered
4427,5797,2025-11-30 18:35:40,2025-12-04,,Next-Day Air,TRK-5797-4427,In Transit
4428,5798,2026-07-21 07:38:10,2026-07-25,2026-07-24,Standard Ground,TRK-5798-4428,Delivered
4429,5799,2024-04-20 02:33:56,2024-04-24,2024-04-23,Standard Ground,TRK-5799-4429,Delivered
4430,5800,2026-03-29 18:24:00,2026-04-02,2026-04-03,Express Courier,TRK-5800-4430,Delivered
4431,5801,2026-02-16 01:03:32,2026-02-20,,Express Courier,TRK-5801-4431,In Transit
4432,5802,2025-08-08 08:16:35,2025-08-12,2025-08-13,Express Courier,TRK-5802-4432,Delivered
4433,5803,2025-08-30 07:48:54,2025-09-03,2025-09-02,Standard Ground,TRK-5803-4433,Delivered
4434,5804,2025-11-04 05:44:06,2025-11-08,2025-11-08,Express Courier,TRK-5804-4434,Delivered
4435,5805,2026-07-30 04:11:18,2026-08-03,2026-08-01,Next-Day Air,TRK-5805-4435,Delivered
4436,5806,2025-12-14 17:14:08,2025-12-18,,Express Courier,TRK-5806-4436,In Transit
4437,5807,2026-06-03 19:15:41,2026-06-07,2026-06-08,Express Courier,TRK-5807-4437,Delivered
4438,5808,2026-08-23 08:17:43,2026-08-27,,Next-Day Air,TRK-5808-4438,In Transit
4439,5811,2026-03-27 03:24:10,2026-03-31,2026-03-31,Express Courier,TRK-5811-4439,Delivered
4440,5813,2026-02-02 16:55:52,2026-02-06,2026-02-05,Standard Ground,TRK-5813-4440,Delivered
4441,5814,2025-07-05 15:19:52,2025-07-09,2025-07-09,Next-Day Air,TRK-5814-4441,Delivered
4442,5815,2026-02-11 18:29:45,2026-02-15,,Next-Day Air,TRK-5815-4442,In Transit
4443,5816,2026-08-31 06:14:23,2026-09-04,2026-09-03,Standard Ground,TRK-5816-4443,Delivered
4444,5817,2026-01-04 00:21:11,2026-01-08,2026-01-09,Next-Day Air,TRK-5817-4444,Delivered
4445,5818,2026-01-13 03:08:03,2026-01-17,2026-01-16,Standard Ground,TRK-5818-4445,Delivered
4446,5821,2026-01-30 05:13:32,2026-02-03,2026-02-04,Standard Ground,TRK-5821-4446,Delivered
4447,5822,2025-01-01 13:03:25,2025-01-05,2025-01-04,Express Courier,TRK-5822-4447,Delivered
4448,5823,2025-07-30 23:20:20,2025-08-03,2025-08-03,Express Courier,TRK-5823-4448,Delivered
4449,5824,2026-01-01 14:30:36,2026-01-05,,Standard Ground,TRK-5824-4449,In Transit
4450,5825,2026-07-08 02:20:32,2026-07-12,,Standard Ground,TRK-5825-4450,In Transit
4451,5826,2025-01-04 15:00:50,2025-01-08,2025-01-09,Next-Day Air,TRK-5826-4451,Delivered
4452,5827,2026-01-08 06:10:04,2026-01-12,2026-01-13,Express Courier,TRK-5827-4452,Delivered
4453,5829,2025-05-17 02:14:50,2025-05-21,2025-05-20,Standard Ground,TRK-5829-4453,Delivered
4454,5830,2025-08-18 04:53:52,2025-08-22,2025-08-21,Standard Ground,TRK-5830-4454,Delivered
4455,5831,2025-11-17 06:44:44,2025-11-21,2025-11-22,Standard Ground,TRK-5831-4455,Delivered
4456,5832,2026-07-30 16:04:42,2026-08-03,2026-08-04,Standard Ground,TRK-5832-4456,Delivered
4457,5834,2025-09-12 14:02:02,2025-09-16,2025-09-15,Express Courier,TRK-5834-4457,Delivered
4458,5835,2026-07-31 15:17:56,2026-08-04,2026-08-03,Express Courier,TRK-5835-4458,Delivered
4459,5836,2026-01-26 14:46:40,2026-01-30,2026-01-30,Next-Day Air,TRK-5836-4459,Delivered
4460,5837,2026-02-11 10:39:57,2026-02-15,2026-02-16,Standard Ground,TRK-5837-4460,Delivered
4461,5838,2025-03-21 12:00:33,2025-03-25,2025-03-24,Standard Ground,TRK-5838-4461,Delivered
4462,5840,2025-05-19 03:42:34,2025-05-23,2025-05-22,Express Courier,TRK-5840-4462,Delivered
4463,5841,2026-08-21 23:00:45,2026-08-25,2026-08-23,Express Courier,TRK-5841-4463,Delivered
4464,5844,2026-04-11 04:18:30,2026-04-15,2026-04-16,Standard Ground,TRK-5844-4464,Delivered
4465,5845,2025-06-18 07:39:32,2025-06-22,2025-06-21,Standard Ground,TRK-5845-4465,Delivered
4466,5846,2026-05-28 01:37:04,2026-06-01,2026-06-02,Next-Day Air,TRK-5846-4466,Delivered
4467,5847,2024-05-12 12:36:07,2024-05-16,2024-05-14,Standard Ground,TRK-5847-4467,Delivered
4468,5850,2025-07-28 05:15:57,2025-08-01,2025-08-02,Next-Day Air,TRK-5850-4468,Delivered
4469,5851,2026-08-29 10:42:17,2026-09-02,2026-09-03,Next-Day Air,TRK-5851-4469,Delivered
4470,5852,2026-06-23 03:09:58,2026-06-27,2026-06-25,Express Courier,TRK-5852-4470,Delivered
4471,5853,2024-12-04 05:31:50,2024-12-08,,Standard Ground,TRK-5853-4471,In Transit
4472,5854,2026-07-26 15:21:20,2026-07-30,,Express Courier,TRK-5854-4472,In Transit
4473,5855,2025-10-31 14:43:02,2025-11-04,2025-11-04,Next-Day Air,TRK-5855-4473,Delivered
4474,5856,2026-03-07 19:48:23,2026-03-11,2026-03-10,Next-Day Air,TRK-5856-4474,Delivered
4475,5857,2026-05-26 20:52:27,2026-05-30,2026-05-29,Next-Day Air,TRK-5857-4475,Delivered
4476,5859,2026-05-24 06:55:10,2026-05-28,2026-05-26,Next-Day Air,TRK-5859-4476,Delivered
4477,5860,2026-03-30 00:41:39,2026-04-03,,Express Courier,TRK-5860-4477,In Transit
4478,5861,2026-09-02 11:36:25,2026-09-06,2026-09-07,Express Courier,TRK-5861-4478,Delivered
4479,5863,2024-07-25 16:00:57,2024-07-29,,Express Courier,TRK-5863-4479,In Transit
4480,5864,2026-05-03 07:38:31,2026-05-07,2026-05-05,Express Courier,TRK-5864-4480,Delivered
4481,5865,2026-08-19 07:31:58,2026-08-23,,Express Courier,TRK-5865-4481,In Transit
4482,5866,2025-09-24 01:10:57,2025-09-28,2025-09-27,Next-Day Air,TRK-5866-4482,Delivered
4483,5869,2026-02-12 07:20:21,2026-02-16,2026-02-16,Next-Day Air,TRK-5869-4483,Delivered
4484,5871,2026-01-11 06:37:08,2026-01-15,2026-01-13,Next-Day Air,TRK-5871-4484,Delivered
4485,5872,2026-08-01 15:02:27,2026-08-05,,Standard Ground,TRK-5872-4485,In Transit
4486,5873,2026-03-03 08:31:08,2026-03-07,2026-03-08,Next-Day Air,TRK-5873-4486,Delivered
4487,5874,2026-07-24 17:55:40,2026-07-28,2026-07-26,Standard Ground,TRK-5874-4487,Delivered
4488,5875,2026-07-30 16:48:41,2026-08-03,2026-08-03,Express Courier,TRK-5875-4488,Delivered
4489,5876,2025-09-19 00:57:29,2025-09-23,2025-09-24,Next-Day Air,TRK-5876-4489,Delivered
4490,5877,2025-05-16 01:26:27,2025-05-20,2025-05-21,Standard Ground,TRK-5877-4490,Delivered
4491,5878,2025-03-04 06:59:52,2025-03-08,2025-03-09,Express Courier,TRK-5878-4491,Delivered
4492,5880,2026-06-11 23:50:32,2026-06-15,2026-06-13,Next-Day Air,TRK-5880-4492,Delivered
4493,5881,2025-03-18 13:25:55,2025-03-22,2025-03-20,Express Courier,TRK-5881-4493,Delivered
4494,5882,2026-08-09 10:54:22,2026-08-13,2026-08-11,Standard Ground,TRK-5882-4494,Delivered
4495,5883,2026-07-09 00:55:47,2026-07-13,,Standard Ground,TRK-5883-4495,In Transit
4496,5886,2026-05-16 11:44:05,2026-05-20,2026-05-19,Express Courier,TRK-5886-4496,Delivered
4497,5887,2026-06-30 17:41:05,2026-07-04,2026-07-04,Standard Ground,TRK-5887-4497,Delivered
4498,5888,2024-05-06 00:31:29,2024-05-10,2024-05-09,Standard Ground,TRK-5888-4498,Delivered
4499,5889,2025-10-21 00:51:26,2025-10-25,,Standard Ground,TRK-5889-4499,In Transit
4500,5890,2026-01-08 22:45:04,2026-01-12,2026-01-12,Express Courier,TRK-5890-4500,Delivered
4501,5891,2025-06-24 03:23:20,2025-06-28,2025-06-28,Next-Day Air,TRK-5891-4501,Delivered
4502,5892,2025-09-05 09:08:25,2025-09-09,2025-09-07,Express Courier,TRK-5892-4502,Delivered
4503,5893,2026-08-29 10:58:40,2026-09-02,2026-09-01,Express Courier,TRK-5893-4503,Delivered
4504,5894,2025-04-22 23:11:25,2025-04-26,2025-04-25,Express Courier,TRK-5894-4504,Delivered
4505,5895,2026-02-20 08:50:44,2026-02-24,2026-02-23,Express Courier,TRK-5895-4505,Delivered
4506,5896,2023-10-09 00:13:38,2023-10-13,,Express Courier,TRK-5896-4506,In Transit
4507,5898,2025-06-13 20:03:44,2025-06-17,2025-06-16,Express Courier,TRK-5898-4507,Delivered
4508,5899,2025-09-11 04:38:48,2025-09-15,2025-09-14,Express Courier,TRK-5899-4508,Delivered
4509,5901,2026-02-25 05:25:05,2026-03-01,2026-02-28,Express Courier,TRK-5901-4509,Delivered
4510,5902,2026-07-25 08:42:56,2026-07-29,2026-07-29,Express Courier,TRK-5902-4510,Delivered
4511,5903,2026-04-08 08:06:37,2026-04-12,2026-04-13,Standard Ground,TRK-5903-4511,Delivered
4512,5905,2025-11-01 20:28:01,2025-11-05,2025-11-05,Express Courier,TRK-5905-4512,Delivered
4513,5906,2026-04-17 11:36:30,2026-04-21,2026-04-21,Next-Day Air,TRK-5906-4513,Delivered
4514,5909,2026-05-28 01:56:29,2026-06-01,2026-06-01,Express Courier,TRK-5909-4514,Delivered
4515,5910,2025-12-04 12:28:28,2025-12-08,2025-12-06,Standard Ground,TRK-5910-4515,Delivered
4516,5913,2026-03-15 19:07:26,2026-03-19,2026-03-20,Express Courier,TRK-5913-4516,Delivered
4517,5914,2024-12-13 13:28:38,2024-12-17,2024-12-18,Express Courier,TRK-5914-4517,Delivered
4518,5915,2026-05-13 03:40:19,2026-05-17,2026-05-18,Standard Ground,TRK-5915-4518,Delivered
4519,5916,2026-04-11 01:45:42,2026-04-15,2026-04-14,Next-Day Air,TRK-5916-4519,Delivered
4520,5918,2024-07-02 13:01:09,2024-07-06,2024-07-06,Next-Day Air,TRK-5918-4520,Delivered
4521,5919,2025-08-06 01:01:48,2025-08-10,2025-08-08,Express Courier,TRK-5919-4521,Delivered
4522,5921,2024-11-11 14:36:47,2024-11-15,2024-11-13,Next-Day Air,TRK-5921-4522,Delivered
4523,5924,2025-09-01 21:05:52,2025-09-05,,Standard Ground,TRK-5924-4523,In Transit
4524,5925,2026-08-31 11:05:26,2026-09-04,2026-09-02,Next-Day Air,TRK-5925-4524,Delivered
4525,5926,2026-06-04 09:32:19,2026-06-08,2026-06-08,Standard Ground,TRK-5926-4525,Delivered
4526,5927,2026-05-07 23:54:20,2026-05-11,2026-05-11,Standard Ground,TRK-5927-4526,Delivered
4527,5928,2026-03-04 13:42:22,2026-03-08,2026-03-06,Express Courier,TRK-5928-4527,Delivered
4528,5929,2025-11-21 04:41:01,2025-11-25,2025-11-25,Standard Ground,TRK-5929-4528,Delivered
4529,5932,2026-06-04 20:14:49,2026-06-08,2026-06-06,Next-Day Air,TRK-5932-4529,Delivered
4530,5934,2026-04-30 07:40:54,2026-05-04,2026-05-03,Next-Day Air,TRK-5934-4530,Delivered
4531,5935,2026-04-14 01:46:55,2026-04-18,2026-04-19,Express Courier,TRK-5935-4531,Delivered
4532,5936,2026-08-14 10:57:05,2026-08-18,2026-08-19,Standard Ground,TRK-5936-4532,Delivered
4533,5937,2024-11-25 20:38:22,2024-11-29,,Standard Ground,TRK-5937-4533,In Transit
4534,5938,2026-06-25 09:17:33,2026-06-29,,Next-Day Air,TRK-5938-4534,In Transit
4535,5939,2024-03-19 00:50:47,2024-03-23,2024-03-21,Express Courier,TRK-5939-4535,Delivered
4536,5940,2026-08-30 01:24:35,2026-09-03,2026-09-02,Next-Day Air,TRK-5940-4536,Delivered
4537,5941,2026-03-23 17:04:09,2026-03-27,2026-03-25,Standard Ground,TRK-5941-4537,Delivered
4538,5942,2025-05-22 19:38:49,2025-05-26,,Express Courier,TRK-5942-4538,In Transit
4539,5943,2024-07-27 20:03:14,2024-07-31,2024-07-31,Standard Ground,TRK-5943-4539,Delivered
4540,5945,2024-09-04 16:22:12,2024-09-08,,Next-Day Air,TRK-5945-4540,In Transit
4541,5947,2026-08-08 10:43:28,2026-08-12,2026-08-10,Standard Ground,TRK-5947-4541,Delivered
4542,5949,2025-03-21 13:30:23,2025-03-25,2025-03-25,Express Courier,TRK-5949-4542,Delivered
4543,5951,2024-05-19 16:05:21,2024-05-23,2024-05-22,Express Courier,TRK-5951-4543,Delivered
4544,5952,2025-03-31 17:32:04,2025-04-04,2025-04-03,Next-Day Air,TRK-5952-4544,Delivered
4545,5953,2025-04-27 03:40:12,2025-05-01,,Standard Ground,TRK-5953-4545,In Transit
4546,5954,2025-06-18 00:04:13,2025-06-22,2025-06-20,Express Courier,TRK-5954-4546,Delivered
4547,5955,2025-02-22 06:58:42,2025-02-26,2025-02-26,Standard Ground,TRK-5955-4547,Delivered
4548,5956,2026-01-08 22:02:34,2026-01-12,2026-01-13,Next-Day Air,TRK-5956-4548,Delivered
4549,5958,2026-05-07 05:57:47,2026-05-11,2026-05-12,Express Courier,TRK-5958-4549,Delivered
4550,5960,2026-07-29 08:27:55,2026-08-02,2026-08-02,Standard Ground,TRK-5960-4550,Delivered
4551,5962,2026-08-25 15:08:36,2026-08-29,2026-08-27,Express Courier,TRK-5962-4551,Delivered
4552,5964,2026-01-25 04:59:27,2026-01-29,2026-01-29,Standard Ground,TRK-5964-4552,Delivered
4553,5965,2026-04-18 08:23:32,2026-04-22,2026-04-23,Standard Ground,TRK-5965-4553,Delivered
4554,5968,2025-12-15 06:21:46,2025-12-19,2025-12-18,Express Courier,TRK-5968-4554,Delivered
4555,5969,2026-05-14 02:15:03,2026-05-18,2026-05-18,Next-Day Air,TRK-5969-4555,Delivered
4556,5970,2026-07-17 03:12:20,2026-07-21,2026-07-19,Next-Day Air,TRK-5970-4556,Delivered
4557,5971,2026-08-21 18:57:26,2026-08-25,2026-08-26,Next-Day Air,TRK-5971-4557,Delivered
4558,5972,2026-08-10 06:14:50,2026-08-14,2026-08-12,Standard Ground,TRK-5972-4558,Delivered
4559,5973,2026-08-04 08:37:48,2026-08-08,,Next-Day Air,TRK-5973-4559,In Transit
4560,5974,2026-06-24 08:26:03,2026-06-28,2026-06-28,Standard Ground,TRK-5974-4560,Delivered
4561,5976,2025-09-28 10:44:11,2025-10-02,,Next-Day Air,TRK-5976-4561,In Transit
4562,5977,2026-06-15 02:31:29,2026-06-19,2026-06-20,Express Courier,TRK-5977-4562,Delivered
4563,5978,2026-05-15 14:07:49,2026-05-19,2026-05-17,Next-Day Air,TRK-5978-4563,Delivered
4564,5979,2025-11-04 17:55:19,2025-11-08,2025-11-08,Next-Day Air,TRK-5979-4564,Delivered
4565,5980,2026-02-24 19:42:57,2026-02-28,2026-02-27,Standard Ground,TRK-5980-4565,Delivered
4566,5983,2026-04-11 09:50:07,2026-04-15,2026-04-16,Express Courier,TRK-5983-4566,Delivered
4567,5984,2025-05-10 10:32:15,2025-05-14,2025-05-13,Standard Ground,TRK-5984-4567,Delivered
4568,5985,2026-02-26 14:24:59,2026-03-02,2026-03-02,Next-Day Air,TRK-5985-4568,Delivered
4569,5986,2026-03-25 00:10:55,2026-03-29,2026-03-30,Next-Day Air,TRK-5986-4569,Delivered
4570,5987,2026-08-09 21:07:46,2026-08-13,2026-08-12,Standard Ground,TRK-5987-4570,Delivered
4571,5989,2026-05-20 03:41:04,2026-05-24,2026-05-22,Standard Ground,TRK-5989-4571,Delivered
4572,5990,2025-11-21 11:45:46,2025-11-25,,Next-Day Air,TRK-5990-4572,In Transit
4573,5991,2026-04-08 04:59:55,2026-04-12,2026-04-10,Express Courier,TRK-5991-4573,Delivered
4574,5992,2024-05-28 16:47:31,2024-06-01,2024-06-01,Next-Day Air,TRK-5992-4574,Delivered
4575,5995,2025-08-01 11:41:56,2025-08-05,,Express Courier,TRK-5995-4575,In Transit
4576,5996,2024-03-15 05:36:10,2024-03-19,2024-03-17,Next-Day Air,TRK-5996-4576,Delivered
4577,5997,2025-02-09 02:11:37,2025-02-13,2025-02-13,Standard Ground,TRK-5997-4577,Delivered
4578,5998,2026-08-23 04:35:09,2026-08-27,2026-08-28,Next-Day Air,TRK-5998-4578,Delivered
4579,6000,2025-11-28 22:14:07,2025-12-02,2025-12-03,Next-Day Air,TRK-6000-4579,Delivered
4580,6001,2024-05-19 12:11:54,2024-05-23,2024-05-24,Standard Ground,TRK-6001-4580,Delivered
4581,6005,2024-08-24 05:02:08,2024-08-28,,Express Courier,TRK-6005-4581,In Transit
4582,6007,2025-12-27 00:46:08,2025-12-31,2025-12-31,Standard Ground,TRK-6007-4582,Delivered
4583,6008,2024-10-16 00:09:49,2024-10-20,2024-10-21,Standard Ground,TRK-6008-4583,Delivered
4584,6009,2026-05-31 06:00:52,2026-06-04,2026-06-04,Standard Ground,TRK-6009-4584,Delivered
4585,6010,2025-03-06 01:52:44,2025-03-10,2025-03-08,Next-Day Air,TRK-6010-4585,Delivered
4586,6011,2024-07-20 01:17:22,2024-07-24,2024-07-24,Express Courier,TRK-6011-4586,Delivered
4587,6013,2025-02-25 07:54:29,2025-03-01,2025-02-27,Express Courier,TRK-6013-4587,Delivered
4588,6014,2026-02-14 12:51:05,2026-02-18,2026-02-19,Standard Ground,TRK-6014-4588,Delivered
4589,6015,2025-07-24 18:27:27,2025-07-28,2025-07-29,Next-Day Air,TRK-6015-4589,Delivered
4590,6019,2026-05-28 14:02:23,2026-06-01,2026-06-02,Express Courier,TRK-6019-4590,Delivered
4591,6021,2025-07-22 06:01:14,2025-07-26,,Standard Ground,TRK-6021-4591,In Transit
4592,6022,2026-08-28 02:07:47,2026-09-01,2026-09-02,Express Courier,TRK-6022-4592,Delivered
4593,6024,2026-02-19 06:16:29,2026-02-23,2026-02-21,Standard Ground,TRK-6024-4593,Delivered
4594,6025,2025-12-30 00:02:19,2026-01-03,2026-01-03,Standard Ground,TRK-6025-4594,Delivered
4595,6026,2026-02-07 11:21:34,2026-02-11,2026-02-11,Next-Day Air,TRK-6026-4595,Delivered
4596,6027,2025-12-11 18:18:25,2025-12-15,2025-12-13,Next-Day Air,TRK-6027-4596,Delivered
4597,6028,2026-05-04 10:05:10,2026-05-08,,Next-Day Air,TRK-6028-4597,In Transit
4598,6032,2025-11-28 09:07:10,2025-12-02,,Express Courier,TRK-6032-4598,In Transit
4599,6033,2025-12-01 11:35:34,2025-12-05,2025-12-03,Standard Ground,TRK-6033-4599,Delivered
4600,6034,2025-12-17 04:33:30,2025-12-21,2025-12-20,Next-Day Air,TRK-6034-4600,Delivered
4601,6038,2026-06-24 06:34:19,2026-06-28,,Next-Day Air,TRK-6038-4601,In Transit
4602,6040,2026-08-10 17:30:24,2026-08-14,,Express Courier,TRK-6040-4602,In Transit
4603,6041,2026-04-24 13:14:47,2026-04-28,2026-04-28,Next-Day Air,TRK-6041-4603,Delivered
4604,6042,2026-02-11 11:52:27,2026-02-15,2026-02-15,Next-Day Air,TRK-6042-4604,Delivered
4605,6043,2024-05-06 03:08:11,2024-05-10,2024-05-10,Standard Ground,TRK-6043-4605,Delivered
4606,6044,2025-10-14 21:52:20,2025-10-18,2025-10-18,Express Courier,TRK-6044-4606,Delivered
4607,6045,2025-01-26 21:34:50,2025-01-30,2025-01-28,Standard Ground,TRK-6045-4607,Delivered
4608,6047,2026-08-05 15:33:02,2026-08-09,2026-08-10,Standard Ground,TRK-6047-4608,Delivered
4609,6048,2026-07-28 23:15:52,2026-08-01,,Express Courier,TRK-6048-4609,In Transit
4610,6051,2026-02-25 10:53:33,2026-03-01,2026-03-02,Standard Ground,TRK-6051-4610,Delivered
4611,6052,2026-07-21 06:36:14,2026-07-25,2026-07-25,Next-Day Air,TRK-6052-4611,Delivered
4612,6053,2024-02-09 08:42:46,2024-02-13,2024-02-11,Next-Day Air,TRK-6053-4612,Delivered
4613,6054,2026-08-12 22:03:54,2026-08-16,2026-08-17,Next-Day Air,TRK-6054-4613,Delivered
4614,6055,2026-08-19 21:41:07,2026-08-23,,Standard Ground,TRK-6055-4614,In Transit
4615,6056,2026-08-29 09:56:26,2026-09-02,2026-09-01,Standard Ground,TRK-6056-4615,Delivered
4616,6058,2025-04-26 16:45:54,2025-04-30,2025-05-01,Standard Ground,TRK-6058-4616,Delivered
4617,6060,2024-10-04 07:17:37,2024-10-08,2024-10-08,Next-Day Air,TRK-6060-4617,Delivered
4618,6061,2026-05-04 16:45:35,2026-05-08,2026-05-09,Next-Day Air,TRK-6061-4618,Delivered
4619,6062,2024-04-23 15:01:08,2024-04-27,2024-04-25,Standard Ground,TRK-6062-4619,Delivered
4620,6063,2026-08-20 02:58:43,2026-08-24,2026-08-23,Express Courier,TRK-6063-4620,Delivered
4621,6064,2025-12-29 02:47:25,2026-01-02,2026-01-02,Express Courier,TRK-6064-4621,Delivered
4622,6065,2026-04-27 22:17:42,2026-05-01,2026-05-01,Standard Ground,TRK-6065-4622,Delivered
4623,6066,2026-02-17 00:16:30,2026-02-21,2026-02-21,Next-Day Air,TRK-6066-4623,Delivered
4624,6067,2026-07-08 16:39:02,2026-07-12,,Standard Ground,TRK-6067-4624,In Transit
4625,6068,2025-02-18 11:33:35,2025-02-22,2025-02-23,Express Courier,TRK-6068-4625,Delivered
4626,6069,2025-09-08 04:50:39,2025-09-12,2025-09-13,Next-Day Air,TRK-6069-4626,Delivered
4627,6071,2026-07-11 00:46:55,2026-07-15,2026-07-15,Next-Day Air,TRK-6071-4627,Delivered
4628,6072,2026-05-13 00:33:16,2026-05-17,2026-05-16,Express Courier,TRK-6072-4628,Delivered
4629,6073,2026-01-24 08:05:56,2026-01-28,2026-01-27,Next-Day Air,TRK-6073-4629,Delivered
4630,6074,2025-05-21 17:06:48,2025-05-25,2025-05-23,Next-Day Air,TRK-6074-4630,Delivered
4631,6076,2026-02-03 09:23:39,2026-02-07,,Express Courier,TRK-6076-4631,In Transit
4632,6077,2026-06-03 00:02:13,2026-06-07,,Express Courier,TRK-6077-4632,In Transit
4633,6078,2026-08-31 05:56:37,2026-09-04,2026-09-03,Next-Day Air,TRK-6078-4633,Delivered
4634,6079,2025-05-25 05:07:32,2025-05-29,2025-05-28,Express Courier,TRK-6079-4634,Delivered
4635,6080,2026-05-01 11:17:57,2026-05-05,2026-05-05,Express Courier,TRK-6080-4635,Delivered
4636,6082,2026-07-19 08:37:19,2026-07-23,,Next-Day Air,TRK-6082-4636,In Transit
4637,6083,2025-03-05 03:42:28,2025-03-09,2025-03-10,Express Courier,TRK-6083-4637,Delivered
4638,6084,2024-09-06 03:01:21,2024-09-10,2024-09-11,Standard Ground,TRK-6084-4638,Delivered
4639,6085,2025-09-17 10:00:45,2025-09-21,,Standard Ground,TRK-6085-4639,In Transit
4640,6086,2025-07-16 11:32:04,2025-07-20,2025-07-18,Next-Day Air,TRK-6086-4640,Delivered
4641,6088,2024-10-19 08:24:36,2024-10-23,2024-10-24,Next-Day Air,TRK-6088-4641,Delivered
4642,6089,2024-12-12 22:29:05,2024-12-16,2024-12-17,Express Courier,TRK-6089-4642,Delivered
4643,6092,2025-09-09 00:28:13,2025-09-13,2025-09-12,Standard Ground,TRK-6092-4643,Delivered
4644,6093,2025-12-06 16:04:03,2025-12-10,2025-12-10,Express Courier,TRK-6093-4644,Delivered
4645,6094,2026-02-12 01:43:14,2026-02-16,2026-02-15,Express Courier,TRK-6094-4645,Delivered
4646,6096,2025-05-12 23:42:57,2025-05-16,2025-05-14,Express Courier,TRK-6096-4646,Delivered
4647,6097,2026-05-17 08:05:58,2026-05-21,2026-05-20,Standard Ground,TRK-6097-4647,Delivered
4648,6098,2025-08-02 19:13:39,2025-08-06,2025-08-05,Next-Day Air,TRK-6098-4648,Delivered
4649,6099,2025-10-19 06:36:16,2025-10-23,2025-10-22,Standard Ground,TRK-6099-4649,Delivered
4650,6101,2026-04-29 23:02:50,2026-05-03,2026-05-01,Next-Day Air,TRK-6101-4650,Delivered
4651,6103,2025-09-03 07:34:08,2025-09-07,2025-09-06,Next-Day Air,TRK-6103-4651,Delivered
4652,6104,2025-09-26 06:43:36,2025-09-30,2025-09-28,Express Courier,TRK-6104-4652,Delivered
4653,6105,2026-04-11 11:26:55,2026-04-15,2026-04-13,Standard Ground,TRK-6105-4653,Delivered
4654,6106,2026-08-01 03:26:08,2026-08-05,2026-08-03,Express Courier,TRK-6106-4654,Delivered
4655,6107,2026-01-04 05:43:16,2026-01-08,2026-01-09,Next-Day Air,TRK-6107-4655,Delivered
4656,6108,2024-05-16 15:13:34,2024-05-20,2024-05-18,Standard Ground,TRK-6108-4656,Delivered
4657,6109,2026-07-12 19:01:08,2026-07-16,2026-07-16,Standard Ground,TRK-6109-4657,Delivered
4658,6110,2025-08-14 11:55:29,2025-08-18,2025-08-16,Standard Ground,TRK-6110-4658,Delivered
4659,6111,2026-04-21 05:54:31,2026-04-25,2026-04-23,Standard Ground,TRK-6111-4659,Delivered
4660,6114,2026-08-13 00:58:20,2026-08-17,2026-08-18,Express Courier,TRK-6114-4660,Delivered
4661,6115,2026-04-22 19:25:10,2026-04-26,,Express Courier,TRK-6115-4661,In Transit
4662,6116,2026-07-28 15:59:40,2026-08-01,2026-07-31,Standard Ground,TRK-6116-4662,Delivered
4663,6117,2026-06-02 23:49:34,2026-06-06,2026-06-06,Standard Ground,TRK-6117-4663,Delivered
4664,6118,2024-03-22 04:24:33,2024-03-26,2024-03-26,Express Courier,TRK-6118-4664,Delivered
4665,6119,2026-07-05 22:07:47,2026-07-09,,Next-Day Air,TRK-6119-4665,In Transit
4666,6120,2026-01-25 01:48:17,2026-01-29,2026-01-30,Next-Day Air,TRK-6120-4666,Delivered
4667,6121,2024-09-09 05:30:13,2024-09-13,2024-09-13,Express Courier,TRK-6121-4667,Delivered
4668,6123,2024-06-14 19:33:47,2024-06-18,2024-06-16,Next-Day Air,TRK-6123-4668,Delivered
4669,6124,2026-08-14 06:17:49,2026-08-18,2026-08-18,Standard Ground,TRK-6124-4669,Delivered
4670,6125,2026-05-17 23:01:05,2026-05-21,2026-05-19,Standard Ground,TRK-6125-4670,Delivered
4671,6126,2026-06-14 18:53:43,2026-06-18,2026-06-19,Express Courier,TRK-6126-4671,Delivered
4672,6128,2026-08-23 01:12:58,2026-08-27,2026-08-27,Next-Day Air,TRK-6128-4672,Delivered
4673,6129,2026-06-13 22:52:39,2026-06-17,,Express Courier,TRK-6129-4673,In Transit
4674,6131,2024-11-12 00:43:33,2024-11-16,2024-11-16,Standard Ground,TRK-6131-4674,Delivered
4675,6132,2025-09-20 01:04:38,2025-09-24,2025-09-22,Next-Day Air,TRK-6132-4675,Delivered
4676,6133,2025-04-15 01:12:18,2025-04-19,,Express Courier,TRK-6133-4676,In Transit
4677,6134,2026-09-02 23:59:30,2026-09-06,2026-09-05,Express Courier,TRK-6134-4677,Delivered
4678,6135,2026-06-02 01:12:18,2026-06-06,2026-06-06,Standard Ground,TRK-6135-4678,Delivered
4679,6136,2024-07-23 10:45:09,2024-07-27,2024-07-26,Next-Day Air,TRK-6136-4679,Delivered
4680,6137,2025-11-16 00:24:55,2025-11-20,2025-11-18,Standard Ground,TRK-6137-4680,Delivered
4681,6139,2026-09-03 04:43:27,2026-09-07,,Next-Day Air,TRK-6139-4681,In Transit
4682,6140,2025-07-26 06:14:45,2025-07-30,2025-07-30,Express Courier,TRK-6140-4682,Delivered
4683,6142,2026-05-04 11:24:50,2026-05-08,2026-05-06,Standard Ground,TRK-6142-4683,Delivered
4684,6143,2026-06-22 12:51:12,2026-06-26,2026-06-26,Next-Day Air,TRK-6143-4684,Delivered
4685,6144,2025-12-17 21:23:45,2025-12-21,2025-12-20,Express Courier,TRK-6144-4685,Delivered
4686,6148,2024-11-25 04:46:20,2024-11-29,2024-11-30,Standard Ground,TRK-6148-4686,Delivered
4687,6149,2026-07-02 11:40:55,2026-07-06,2026-07-05,Express Courier,TRK-6149-4687,Delivered
4688,6150,2025-05-28 02:50:30,2025-06-01,2025-05-30,Express Courier,TRK-6150-4688,Delivered
4689,6151,2026-01-25 16:20:25,2026-01-29,2026-01-27,Express Courier,TRK-6151-4689,Delivered
4690,6153,2024-09-24 17:34:58,2024-09-28,2024-09-26,Standard Ground,TRK-6153-4690,Delivered
4691,6156,2026-04-29 23:28:05,2026-05-03,2026-05-01,Express Courier,TRK-6156-4691,Delivered
4692,6157,2025-12-04 06:32:15,2025-12-08,2025-12-07,Standard Ground,TRK-6157-4692,Delivered
4693,6158,2025-01-24 00:40:43,2025-01-28,2025-01-26,Express Courier,TRK-6158-4693,Delivered
4694,6159,2026-04-15 18:09:30,2026-04-19,2026-04-18,Express Courier,TRK-6159-4694,Delivered
4695,6160,2026-08-31 08:18:59,2026-09-04,2026-09-04,Next-Day Air,TRK-6160-4695,Delivered
4696,6161,2026-02-19 20:56:22,2026-02-23,2026-02-21,Express Courier,TRK-6161-4696,Delivered
4697,6162,2026-07-22 05:08:22,2026-07-26,2026-07-26,Standard Ground,TRK-6162-4697,Delivered
4698,6164,2026-06-15 21:14:01,2026-06-19,2026-06-19,Standard Ground,TRK-6164-4698,Delivered
4699,6165,2025-10-31 05:33:38,2025-11-04,2025-11-05,Standard Ground,TRK-6165-4699,Delivered
4700,6166,2025-03-04 12:07:01,2025-03-08,,Express Courier,TRK-6166-4700,In Transit
4701,6168,2026-03-16 03:21:27,2026-03-20,,Standard Ground,TRK-6168-4701,In Transit
4702,6169,2026-07-23 02:36:46,2026-07-27,2026-07-26,Next-Day Air,TRK-6169-4702,Delivered
4703,6173,2026-06-06 16:57:59,2026-06-10,2026-06-08,Express Courier,TRK-6173-4703,Delivered
4704,6174,2026-08-22 14:57:33,2026-08-26,2026-08-27,Standard Ground,TRK-6174-4704,Delivered
4705,6175,2025-05-17 14:20:05,2025-05-21,2025-05-19,Next-Day Air,TRK-6175-4705,Delivered
4706,6177,2026-08-26 12:54:17,2026-08-30,2026-08-30,Standard Ground,TRK-6177-4706,Delivered
4707,6179,2026-05-21 04:28:48,2026-05-25,2026-05-23,Standard Ground,TRK-6179-4707,Delivered
4708,6180,2025-07-03 10:54:40,2025-07-07,2025-07-05,Next-Day Air,TRK-6180-4708,Delivered
4709,6182,2026-08-20 05:02:52,2026-08-24,2026-08-25,Standard Ground,TRK-6182-4709,Delivered
4710,6183,2025-08-14 02:25:02,2025-08-18,2025-08-17,Next-Day Air,TRK-6183-4710,Delivered
4711,6184,2026-03-22 06:05:54,2026-03-26,2026-03-25,Express Courier,TRK-6184-4711,Delivered
4712,6185,2025-10-14 01:56:38,2025-10-18,2025-10-18,Next-Day Air,TRK-6185-4712,Delivered
4713,6186,2026-01-05 02:39:58,2026-01-09,2026-01-08,Next-Day Air,TRK-6186-4713,Delivered
4714,6187,2026-01-24 04:49:50,2026-01-28,,Standard Ground,TRK-6187-4714,In Transit
4715,6188,2025-05-23 23:44:44,2025-05-27,2025-05-26,Next-Day Air,TRK-6188-4715,Delivered
4716,6189,2025-08-08 11:06:29,2025-08-12,2025-08-13,Standard Ground,TRK-6189-4716,Delivered
4717,6190,2026-08-21 04:03:21,2026-08-25,2026-08-24,Express Courier,TRK-6190-4717,Delivered
4718,6191,2025-05-27 17:26:28,2025-05-31,2025-05-29,Standard Ground,TRK-6191-4718,Delivered
4719,6192,2026-08-31 22:16:42,2026-09-04,2026-09-05,Next-Day Air,TRK-6192-4719,Delivered
4720,6193,2025-12-18 06:26:32,2025-12-22,2025-12-20,Next-Day Air,TRK-6193-4720,Delivered
4721,6194,2026-07-28 22:52:13,2026-08-01,,Standard Ground,TRK-6194-4721,In Transit
4722,6196,2024-02-25 02:03:28,2024-02-29,2024-02-29,Standard Ground,TRK-6196-4722,Delivered
4723,6197,2026-09-02 06:55:49,2026-09-06,2026-09-06,Standard Ground,TRK-6197-4723,Delivered
4724,6198,2025-11-03 09:50:02,2025-11-07,2025-11-07,Next-Day Air,TRK-6198-4724,Delivered
4725,6199,2026-02-05 21:45:49,2026-02-09,,Standard Ground,TRK-6199-4725,In Transit
4726,6200,2025-12-30 11:26:58,2026-01-03,2026-01-02,Standard Ground,TRK-6200-4726,Delivered
4727,6201,2026-07-30 09:43:15,2026-08-03,2026-08-04,Standard Ground,TRK-6201-4727,Delivered
4728,6202,2026-02-08 04:30:27,2026-02-12,2026-02-10,Next-Day Air,TRK-6202-4728,Delivered
4729,6203,2025-11-17 01:03:03,2025-11-21,2025-11-21,Express Courier,TRK-6203-4729,Delivered
4730,6204,2025-10-20 18:03:10,2025-10-24,2025-10-22,Express Courier,TRK-6204-4730,Delivered
4731,6205,2026-07-30 11:49:52,2026-08-03,,Next-Day Air,TRK-6205-4731,In Transit
4732,6206,2026-04-21 11:01:10,2026-04-25,2026-04-23,Express Courier,TRK-6206-4732,Delivered
4733,6208,2025-04-20 18:42:07,2025-04-24,,Express Courier,TRK-6208-4733,In Transit
4734,6209,2026-08-04 13:44:22,2026-08-08,2026-08-08,Standard Ground,TRK-6209-4734,Delivered
4735,6210,2026-04-13 18:50:12,2026-04-17,2026-04-18,Standard Ground,TRK-6210-4735,Delivered
4736,6211,2026-01-25 09:25:08,2026-01-29,2026-01-30,Express Courier,TRK-6211-4736,Delivered
4737,6212,2026-08-31 07:24:01,2026-09-04,2026-09-02,Standard Ground,TRK-6212-4737,Delivered
4738,6213,2026-01-07 19:23:41,2026-01-11,2026-01-11,Express Courier,TRK-6213-4738,Delivered
4739,6214,2026-07-18 12:15:37,2026-07-22,2026-07-21,Express Courier,TRK-6214-4739,Delivered
4740,6215,2024-10-31 02:57:40,2024-11-04,2024-11-02,Next-Day Air,TRK-6215-4740,Delivered
4741,6216,2026-07-07 03:44:44,2026-07-11,2026-07-12,Express Courier,TRK-6216-4741,Delivered
4742,6218,2025-02-27 00:36:22,2025-03-03,2025-03-01,Next-Day Air,TRK-6218-4742,Delivered
4743,6219,2026-04-01 19:33:52,2026-04-05,2026-04-03,Standard Ground,TRK-6219-4743,Delivered
4744,6221,2024-03-18 08:28:50,2024-03-22,2024-03-21,Next-Day Air,TRK-6221-4744,Delivered
4745,6223,2025-08-06 08:17:03,2025-08-10,2025-08-09,Next-Day Air,TRK-6223-4745,Delivered
4746,6224,2026-08-17 22:25:43,2026-08-21,2026-08-20,Standard Ground,TRK-6224-4746,Delivered
4747,6225,2024-07-11 07:15:25,2024-07-15,,Next-Day Air,TRK-6225-4747,In Transit
4748,6226,2026-04-29 16:31:01,2026-05-03,2026-05-03,Standard Ground,TRK-6226-4748,Delivered
4749,6227,2026-03-24 09:35:42,2026-03-28,2026-03-28,Standard Ground,TRK-6227-4749,Delivered
4750,6228,2024-07-05 22:15:13,2024-07-09,2024-07-07,Express Courier,TRK-6228-4750,Delivered
4751,6230,2025-12-24 10:42:44,2025-12-28,2025-12-28,Express Courier,TRK-6230-4751,Delivered
4752,6231,2024-12-09 12:35:11,2024-12-13,,Express Courier,TRK-6231-4752,In Transit
4753,6232,2026-08-19 05:35:35,2026-08-23,2026-08-22,Express Courier,TRK-6232-4753,Delivered
4754,6233,2026-07-13 11:26:53,2026-07-17,2026-07-18,Next-Day Air,TRK-6233-4754,Delivered
4755,6234,2026-08-14 20:56:23,2026-08-18,2026-08-17,Next-Day Air,TRK-6234-4755,Delivered
4756,6235,2025-04-18 10:27:50,2025-04-22,2025-04-21,Express Courier,TRK-6235-4756,Delivered
4757,6236,2026-01-19 10:32:51,2026-01-23,2026-01-21,Next-Day Air,TRK-6236-4757,Delivered
4758,6238,2026-08-25 10:03:54,2026-08-29,2026-08-27,Express Courier,TRK-6238-4758,Delivered
4759,6239,2026-07-28 07:27:06,2026-08-01,,Express Courier,TRK-6239-4759,In Transit
4760,6240,2025-12-16 00:52:42,2025-12-20,2025-12-19,Next-Day Air,TRK-6240-4760,Delivered
4761,6241,2025-09-30 09:49:21,2025-10-04,,Next-Day Air,TRK-6241-4761,In Transit
4762,6243,2024-11-20 00:17:32,2024-11-24,2024-11-23,Standard Ground,TRK-6243-4762,Delivered
4763,6244,2026-06-21 07:51:21,2026-06-25,2026-06-26,Standard Ground,TRK-6244-4763,Delivered
4764,6245,2025-11-16 13:27:36,2025-11-20,2025-11-20,Express Courier,TRK-6245-4764,Delivered
4765,6246,2025-09-13 17:35:56,2025-09-17,2025-09-15,Next-Day Air,TRK-6246-4765,Delivered
4766,6247,2025-01-20 10:53:03,2025-01-24,2025-01-24,Express Courier,TRK-6247-4766,Delivered
4767,6248,2025-12-11 19:44:04,2025-12-15,2025-12-13,Next-Day Air,TRK-6248-4767,Delivered
4768,6249,2025-12-08 07:39:49,2025-12-12,2025-12-11,Standard Ground,TRK-6249-4768,Delivered
4769,6253,2025-08-08 19:10:33,2025-08-12,2025-08-13,Standard Ground,TRK-6253-4769,Delivered
4770,6255,2024-03-25 18:52:08,2024-03-29,,Standard Ground,TRK-6255-4770,In Transit
4771,6256,2025-05-12 14:55:10,2025-05-16,2025-05-15,Express Courier,TRK-6256-4771,Delivered
4772,6258,2025-11-16 11:32:39,2025-11-20,2025-11-21,Standard Ground,TRK-6258-4772,Delivered
4773,6259,2025-11-18 13:32:56,2025-11-22,,Express Courier,TRK-6259-4773,In Transit
4774,6260,2026-08-20 11:10:25,2026-08-24,2026-08-25,Standard Ground,TRK-6260-4774,Delivered
4775,6261,2025-05-06 07:30:09,2025-05-10,2025-05-11,Next-Day Air,TRK-6261-4775,Delivered
4776,6262,2026-08-03 10:15:39,2026-08-07,2026-08-08,Standard Ground,TRK-6262-4776,Delivered
4777,6264,2025-03-25 01:31:26,2025-03-29,2025-03-27,Next-Day Air,TRK-6264-4777,Delivered
4778,6265,2026-03-16 06:05:35,2026-03-20,2026-03-21,Standard Ground,TRK-6265-4778,Delivered
4779,6266,2026-06-30 04:03:47,2026-07-04,2026-07-05,Standard Ground,TRK-6266-4779,Delivered
4780,6267,2024-12-05 17:08:45,2024-12-09,2024-12-09,Express Courier,TRK-6267-4780,Delivered
4781,6268,2026-08-08 13:19:17,2026-08-12,,Next-Day Air,TRK-6268-4781,In Transit
4782,6269,2026-08-31 02:55:38,2026-09-04,2026-09-05,Standard Ground,TRK-6269-4782,Delivered
4783,6270,2025-08-08 21:46:34,2025-08-12,2025-08-11,Express Courier,TRK-6270-4783,Delivered
4784,6271,2026-07-25 18:02:25,2026-07-29,2026-07-29,Express Courier,TRK-6271-4784,Delivered
4785,6272,2026-08-08 13:27:04,2026-08-12,2026-08-12,Next-Day Air,TRK-6272-4785,Delivered
4786,6274,2026-04-12 13:24:29,2026-04-16,2026-04-17,Express Courier,TRK-6274-4786,Delivered
4787,6275,2025-08-19 13:14:18,2025-08-23,2025-08-24,Express Courier,TRK-6275-4787,Delivered
4788,6276,2026-04-11 02:29:00,2026-04-15,2026-04-16,Standard Ground,TRK-6276-4788,Delivered
4789,6277,2026-07-06 04:45:48,2026-07-10,2026-07-10,Next-Day Air,TRK-6277-4789,Delivered
4790,6278,2026-08-11 20:25:59,2026-08-15,2026-08-14,Next-Day Air,TRK-6278-4790,Delivered
4791,6279,2026-02-21 20:11:36,2026-02-25,2026-02-25,Express Courier,TRK-6279-4791,Delivered
4792,6282,2026-08-15 08:08:38,2026-08-19,2026-08-18,Next-Day Air,TRK-6282-4792,Delivered
4793,6285,2026-08-15 21:16:08,2026-08-19,,Express Courier,TRK-6285-4793,In Transit
4794,6286,2025-08-21 20:15:48,2025-08-25,2025-08-24,Next-Day Air,TRK-6286-4794,Delivered
4795,6287,2025-03-12 22:22:01,2025-03-16,2025-03-14,Express Courier,TRK-6287-4795,Delivered
4796,6288,2026-08-17 20:30:04,2026-08-21,,Next-Day Air,TRK-6288-4796,In Transit
4797,6289,2025-10-09 00:02:53,2025-10-13,,Express Courier,TRK-6289-4797,In Transit
4798,6290,2025-06-30 09:12:36,2025-07-04,2025-07-03,Express Courier,TRK-6290-4798,Delivered
4799,6292,2026-03-23 09:21:51,2026-03-27,2026-03-26,Standard Ground,TRK-6292-4799,Delivered
4800,6293,2025-07-25 00:21:53,2025-07-29,2025-07-29,Express Courier,TRK-6293-4800,Delivered
4801,6294,2025-12-28 21:16:37,2026-01-01,2025-12-30,Next-Day Air,TRK-6294-4801,Delivered
4802,6295,2025-08-01 09:05:03,2025-08-05,,Next-Day Air,TRK-6295-4802,In Transit
4803,6297,2026-03-21 20:59:22,2026-03-25,2026-03-25,Next-Day Air,TRK-6297-4803,Delivered
4804,6298,2026-04-16 12:59:39,2026-04-20,,Express Courier,TRK-6298-4804,In Transit
4805,6300,2024-10-07 16:31:41,2024-10-11,,Next-Day Air,TRK-6300-4805,In Transit
4806,6301,2026-04-12 08:03:14,2026-04-16,2026-04-16,Standard Ground,TRK-6301-4806,Delivered
4807,6303,2025-12-21 17:27:33,2025-12-25,2025-12-26,Standard Ground,TRK-6303-4807,Delivered
4808,6305,2026-07-12 17:26:44,2026-07-16,,Express Courier,TRK-6305-4808,In Transit
4809,6307,2026-04-01 12:35:11,2026-04-05,2026-04-05,Next-Day Air,TRK-6307-4809,Delivered
4810,6308,2025-12-15 05:11:26,2025-12-19,,Express Courier,TRK-6308-4810,In Transit
4811,6309,2026-01-05 00:04:13,2026-01-09,2026-01-08,Express Courier,TRK-6309-4811,Delivered
4812,6310,2025-04-17 19:58:16,2025-04-21,2025-04-21,Next-Day Air,TRK-6310-4812,Delivered
4813,6311,2026-03-29 20:15:48,2026-04-02,2026-04-02,Express Courier,TRK-6311-4813,Delivered
4814,6312,2025-02-21 06:01:02,2025-02-25,2025-02-25,Standard Ground,TRK-6312-4814,Delivered
4815,6313,2025-06-23 19:27:09,2025-06-27,2025-06-27,Next-Day Air,TRK-6313-4815,Delivered
4816,6314,2026-06-03 03:59:37,2026-06-07,2026-06-05,Express Courier,TRK-6314-4816,Delivered
4817,6316,2026-09-01 08:52:21,2026-09-05,2026-09-05,Standard Ground,TRK-6316-4817,Delivered
4818,6318,2024-04-01 18:01:39,2024-04-05,2024-04-04,Express Courier,TRK-6318-4818,Delivered
4819,6319,2026-06-27 14:54:04,2026-07-01,,Next-Day Air,TRK-6319-4819,In Transit
4820,6320,2025-04-05 01:13:43,2025-04-09,2025-04-07,Next-Day Air,TRK-6320-4820,Delivered
4821,6323,2026-08-26 23:46:51,2026-08-30,2026-08-28,Express Courier,TRK-6323-4821,Delivered
4822,6324,2025-06-30 11:21:34,2025-07-04,2025-07-02,Express Courier,TRK-6324-4822,Delivered
4823,6325,2026-08-24 15:14:23,2026-08-28,2026-08-29,Next-Day Air,TRK-6325-4823,Delivered
4824,6326,2025-10-18 11:57:07,2025-10-22,2025-10-22,Next-Day Air,TRK-6326-4824,Delivered
4825,6327,2025-08-02 04:16:20,2025-08-06,2025-08-05,Standard Ground,TRK-6327-4825,Delivered
4826,6328,2026-06-12 17:52:19,2026-06-16,2026-06-15,Standard Ground,TRK-6328-4826,Delivered
4827,6330,2025-01-16 23:00:10,2025-01-20,2025-01-18,Next-Day Air,TRK-6330-4827,Delivered
4828,6331,2026-08-27 06:16:48,2026-08-31,2026-09-01,Express Courier,TRK-6331-4828,Delivered
4829,6332,2025-11-07 01:12:43,2025-11-11,,Next-Day Air,TRK-6332-4829,In Transit
4830,6333,2024-05-13 23:42:24,2024-05-17,2024-05-15,Express Courier,TRK-6333-4830,Delivered
4831,6335,2024-05-16 02:54:00,2024-05-20,2024-05-18,Express Courier,TRK-6335-4831,Delivered
4832,6336,2025-12-26 23:11:00,2025-12-30,,Standard Ground,TRK-6336-4832,In Transit
4833,6340,2026-04-09 22:07:17,2026-04-13,2026-04-14,Standard Ground,TRK-6340-4833,Delivered
4834,6341,2026-02-25 19:44:55,2026-03-01,2026-02-27,Express Courier,TRK-6341-4834,Delivered
4835,6342,2025-12-25 17:13:20,2025-12-29,,Express Courier,TRK-6342-4835,In Transit
4836,6344,2026-01-31 14:29:09,2026-02-04,2026-02-04,Express Courier,TRK-6344-4836,Delivered
4837,6345,2024-08-15 22:25:05,2024-08-19,2024-08-17,Next-Day Air,TRK-6345-4837,Delivered
4838,6346,2026-08-11 21:12:10,2026-08-15,2026-08-13,Express Courier,TRK-6346-4838,Delivered
4839,6347,2025-11-29 04:27:31,2025-12-03,2025-12-02,Express Courier,TRK-6347-4839,Delivered
4840,6348,2024-10-08 20:07:35,2024-10-12,2024-10-13,Express Courier,TRK-6348-4840,Delivered
4841,6349,2026-03-22 02:44:32,2026-03-26,2026-03-27,Next-Day Air,TRK-6349-4841,Delivered
4842,6350,2026-07-27 00:51:24,2026-07-31,,Next-Day Air,TRK-6350-4842,In Transit
4843,6351,2025-11-02 21:27:21,2025-11-06,2025-11-05,Next-Day Air,TRK-6351-4843,Delivered
4844,6352,2026-08-27 11:47:15,2026-08-31,2026-08-30,Express Courier,TRK-6352-4844,Delivered
4845,6353,2025-03-25 03:18:02,2025-03-29,,Next-Day Air,TRK-6353-4845,In Transit
4846,6355,2026-08-17 09:16:42,2026-08-21,,Standard Ground,TRK-6355-4846,In Transit
4847,6356,2026-02-11 15:06:25,2026-02-15,2026-02-16,Express Courier,TRK-6356-4847,Delivered
4848,6357,2026-07-22 17:29:35,2026-07-26,2026-07-25,Express Courier,TRK-6357-4848,Delivered
4849,6359,2026-08-24 15:21:26,2026-08-28,2026-08-28,Standard Ground,TRK-6359-4849,Delivered
4850,6360,2024-10-29 10:56:44,2024-11-02,2024-11-03,Standard Ground,TRK-6360-4850,Delivered
4851,6361,2026-08-10 09:59:14,2026-08-14,2026-08-15,Next-Day Air,TRK-6361-4851,Delivered
4852,6362,2026-07-26 10:16:12,2026-07-30,2026-07-31,Next-Day Air,TRK-6362-4852,Delivered
4853,6364,2024-09-29 22:49:05,2024-10-03,2024-10-02,Next-Day Air,TRK-6364-4853,Delivered
4854,6365,2026-07-17 01:34:44,2026-07-21,,Express Courier,TRK-6365-4854,In Transit
4855,6366,2025-06-29 21:54:34,2025-07-03,2025-07-01,Express Courier,TRK-6366-4855,Delivered
4856,6367,2025-10-27 14:43:54,2025-10-31,2025-10-30,Express Courier,TRK-6367-4856,Delivered
4857,6368,2025-04-28 22:06:31,2025-05-02,,Next-Day Air,TRK-6368-4857,In Transit
4858,6370,2025-12-14 00:11:56,2025-12-18,2025-12-18,Next-Day Air,TRK-6370-4858,Delivered
4859,6371,2026-08-28 06:04:40,2026-09-01,2026-08-30,Standard Ground,TRK-6371-4859,Delivered
4860,6372,2025-07-25 00:27:08,2025-07-29,2025-07-30,Next-Day Air,TRK-6372-4860,Delivered
4861,6373,2026-05-15 10:51:19,2026-05-19,,Next-Day Air,TRK-6373-4861,In Transit
4862,6374,2026-09-03 16:31:30,2026-09-07,2026-09-05,Express Courier,TRK-6374-4862,Delivered
4863,6377,2026-06-18 02:20:36,2026-06-22,2026-06-21,Express Courier,TRK-6377-4863,Delivered
4864,6378,2026-05-07 22:12:09,2026-05-11,2026-05-11,Next-Day Air,TRK-6378-4864,Delivered
4865,6379,2026-08-15 15:36:36,2026-08-19,,Next-Day Air,TRK-6379-4865,In Transit
4866,6381,2025-10-25 21:01:56,2025-10-29,2025-10-30,Next-Day Air,TRK-6381-4866,Delivered
4867,6382,2026-08-02 14:00:03,2026-08-06,2026-08-04,Next-Day Air,TRK-6382-4867,Delivered
4868,6383,2024-10-26 10:21:02,2024-10-30,2024-10-30,Next-Day Air,TRK-6383-4868,Delivered
4869,6384,2023-10-24 13:58:49,2023-10-28,,Standard Ground,TRK-6384-4869,In Transit
4870,6385,2026-05-06 12:55:10,2026-05-10,2026-05-11,Next-Day Air,TRK-6385-4870,Delivered
4871,6387,2025-10-27 09:13:59,2025-10-31,2025-10-29,Standard Ground,TRK-6387-4871,Delivered
4872,6388,2026-03-30 14:57:45,2026-04-03,2026-04-04,Standard Ground,TRK-6388-4872,Delivered
4873,6389,2025-05-08 19:50:47,2025-05-12,2025-05-13,Standard Ground,TRK-6389-4873,Delivered
4874,6390,2025-03-02 21:39:57,2025-03-06,2025-03-04,Next-Day Air,TRK-6390-4874,Delivered
4875,6392,2026-04-02 15:56:12,2026-04-06,2026-04-07,Next-Day Air,TRK-6392-4875,Delivered
4876,6393,2025-05-27 08:22:31,2025-05-31,2025-06-01,Express Courier,TRK-6393-4876,Delivered
4877,6394,2025-11-06 06:58:05,2025-11-10,2025-11-08,Standard Ground,TRK-6394-4877,Delivered
4878,6395,2026-02-15 07:45:41,2026-02-19,2026-02-20,Next-Day Air,TRK-6395-4878,Delivered
4879,6396,2026-09-03 22:32:18,2026-09-07,2026-09-05,Standard Ground,TRK-6396-4879,Delivered
4880,6397,2026-07-24 14:18:26,2026-07-28,,Express Courier,TRK-6397-4880,In Transit
4881,6398,2024-08-23 02:53:49,2024-08-27,2024-08-25,Next-Day Air,TRK-6398-4881,Delivered
4882,6400,2024-02-24 04:42:49,2024-02-28,2024-02-27,Standard Ground,TRK-6400-4882,Delivered
4883,6401,2026-06-11 20:46:04,2026-06-15,2026-06-14,Express Courier,TRK-6401-4883,Delivered
4884,6402,2025-05-28 23:38:30,2025-06-01,2025-06-02,Next-Day Air,TRK-6402-4884,Delivered
4885,6405,2025-10-12 19:34:43,2025-10-16,2025-10-14,Standard Ground,TRK-6405-4885,Delivered
4886,6407,2025-04-23 18:55:17,2025-04-27,2025-04-25,Express Courier,TRK-6407-4886,Delivered
4887,6408,2026-08-18 21:50:32,2026-08-22,,Express Courier,TRK-6408-4887,In Transit
4888,6409,2026-02-10 03:21:38,2026-02-14,2026-02-14,Standard Ground,TRK-6409-4888,Delivered
4889,6410,2024-11-17 07:17:46,2024-11-21,2024-11-21,Standard Ground,TRK-6410-4889,Delivered
4890,6413,2026-02-04 10:00:11,2026-02-08,2026-02-06,Express Courier,TRK-6413-4890,Delivered
4891,6414,2025-10-15 03:04:44,2025-10-19,2025-10-20,Express Courier,TRK-6414-4891,Delivered
4892,6415,2024-12-03 12:49:05,2024-12-07,,Standard Ground,TRK-6415-4892,In Transit
4893,6417,2025-05-08 16:12:19,2025-05-12,2025-05-10,Standard Ground,TRK-6417-4893,Delivered
4894,6418,2025-12-05 10:14:08,2025-12-09,,Standard Ground,TRK-6418-4894,In Transit
4895,6419,2025-10-06 03:15:32,2025-10-10,2025-10-09,Next-Day Air,TRK-6419-4895,Delivered
4896,6420,2026-07-30 09:54:06,2026-08-03,2026-08-01,Express Courier,TRK-6420-4896,Delivered
4897,6422,2024-10-29 07:59:33,2024-11-02,2024-11-01,Express Courier,TRK-6422-4897,Delivered
4898,6423,2024-05-07 20:11:17,2024-05-11,,Standard Ground,TRK-6423-4898,In Transit
4899,6424,2025-12-27 03:09:30,2025-12-31,,Standard Ground,TRK-6424-4899,In Transit
4900,6425,2026-03-05 16:07:37,2026-03-09,2026-03-09,Standard Ground,TRK-6425-4900,Delivered
4901,6426,2026-06-23 12:42:31,2026-06-27,,Next-Day Air,TRK-6426-4901,In Transit
4902,6427,2026-05-25 03:44:16,2026-05-29,2026-05-29,Next-Day Air,TRK-6427-4902,Delivered
4903,6428,2025-05-07 12:43:22,2025-05-11,,Next-Day Air,TRK-6428-4903,In Transit
4904,6429,2025-04-09 03:39:37,2025-04-13,2025-04-12,Express Courier,TRK-6429-4904,Delivered
4905,6431,2026-02-21 19:31:46,2026-02-25,2026-02-24,Next-Day Air,TRK-6431-4905,Delivered
4906,6432,2025-06-16 21:44:14,2025-06-20,,Express Courier,TRK-6432-4906,In Transit
4907,6433,2025-04-15 13:18:44,2025-04-19,2025-04-20,Standard Ground,TRK-6433-4907,Delivered
4908,6434,2026-01-30 22:49:19,2026-02-03,2026-02-01,Express Courier,TRK-6434-4908,Delivered
4909,6435,2026-08-01 15:40:38,2026-08-05,2026-08-03,Standard Ground,TRK-6435-4909,Delivered
4910,6436,2026-05-19 02:33:31,2026-05-23,2026-05-23,Standard Ground,TRK-6436-4910,Delivered
4911,6437,2026-08-21 13:41:34,2026-08-25,2026-08-26,Express Courier,TRK-6437-4911,Delivered
4912,6438,2025-09-27 16:49:08,2025-10-01,2025-09-29,Standard Ground,TRK-6438-4912,Delivered
4913,6440,2024-05-30 15:15:46,2024-06-03,2024-06-03,Standard Ground,TRK-6440-4913,Delivered
4914,6441,2026-04-10 23:43:24,2026-04-14,2026-04-13,Standard Ground,TRK-6441-4914,Delivered
4915,6442,2025-07-13 16:11:16,2025-07-17,2025-07-18,Express Courier,TRK-6442-4915,Delivered
4916,6443,2026-06-21 20:50:27,2026-06-25,2026-06-25,Standard Ground,TRK-6443-4916,Delivered
4917,6445,2024-08-19 12:39:39,2024-08-23,2024-08-24,Express Courier,TRK-6445-4917,Delivered
4918,6448,2026-05-17 12:03:20,2026-05-21,2026-05-20,Standard Ground,TRK-6448-4918,Delivered
4919,6449,2024-01-13 17:42:58,2024-01-17,2024-01-18,Standard Ground,TRK-6449-4919,Delivered
4920,6450,2025-01-26 03:39:08,2025-01-30,,Express Courier,TRK-6450-4920,In Transit
4921,6451,2026-01-12 03:33:33,2026-01-16,2026-01-16,Standard Ground,TRK-6451-4921,Delivered
4922,6452,2024-12-06 11:31:47,2024-12-10,2024-12-08,Standard Ground,TRK-6452-4922,Delivered
4923,6453,2026-08-17 18:59:02,2026-08-21,2026-08-19,Standard Ground,TRK-6453-4923,Delivered
4924,6454,2026-06-25 00:59:19,2026-06-29,2026-06-28,Express Courier,TRK-6454-4924,Delivered
4925,6455,2024-09-23 22:04:10,2024-09-27,2024-09-26,Standard Ground,TRK-6455-4925,Delivered
4926,6456,2025-10-12 02:27:29,2025-10-16,2025-10-14,Next-Day Air,TRK-6456-4926,Delivered
4927,6458,2025-11-30 14:44:48,2025-12-04,2025-12-02,Next-Day Air,TRK-6458-4927,Delivered
4928,6459,2025-09-07 18:36:06,2025-09-11,2025-09-11,Standard Ground,TRK-6459-4928,Delivered
4929,6460,2026-01-21 18:20:39,2026-01-25,2026-01-26,Standard Ground,TRK-6460-4929,Delivered
4930,6461,2025-06-27 01:02:22,2025-07-01,2025-07-01,Standard Ground,TRK-6461-4930,Delivered
4931,6464,2025-07-13 06:42:15,2025-07-17,2025-07-16,Standard Ground,TRK-6464-4931,Delivered
4932,6465,2025-11-09 10:49:54,2025-11-13,,Next-Day Air,TRK-6465-4932,In Transit
4933,6466,2026-06-01 09:50:10,2026-06-05,2026-06-03,Express Courier,TRK-6466-4933,Delivered
4934,6467,2025-09-05 11:10:07,2025-09-09,2025-09-08,Express Courier,TRK-6467-4934,Delivered
4935,6468,2026-07-10 08:36:49,2026-07-14,2026-07-12,Next-Day Air,TRK-6468-4935,Delivered
4936,6469,2026-08-03 17:03:41,2026-08-07,2026-08-07,Express Courier,TRK-6469-4936,Delivered
4937,6470,2026-06-15 05:01:38,2026-06-19,2026-06-19,Express Courier,TRK-6470-4937,Delivered
4938,6472,2026-08-28 05:20:42,2026-09-01,2026-09-01,Standard Ground,TRK-6472-4938,Delivered
4939,6475,2024-12-20 16:51:42,2024-12-24,2024-12-24,Standard Ground,TRK-6475-4939,Delivered
4940,6476,2026-08-28 19:28:28,2026-09-01,2026-08-31,Next-Day Air,TRK-6476-4940,Delivered
4941,6478,2026-03-06 08:51:48,2026-03-10,2026-03-10,Express Courier,TRK-6478-4941,Delivered
4942,6479,2025-11-11 13:25:39,2025-11-15,2025-11-15,Next-Day Air,TRK-6479-4942,Delivered
4943,6480,2025-11-16 16:18:32,2025-11-20,,Express Courier,TRK-6480-4943,In Transit
4944,6481,2025-12-01 13:22:50,2025-12-05,,Express Courier,TRK-6481-4944,In Transit
4945,6482,2026-04-09 03:23:32,2026-04-13,2026-04-13,Next-Day Air,TRK-6482-4945,Delivered
4946,6483,2024-09-04 04:03:15,2024-09-08,2024-09-06,Standard Ground,TRK-6483-4946,Delivered
4947,6484,2025-03-03 19:38:40,2025-03-07,2025-03-06,Standard Ground,TRK-6484-4947,Delivered
4948,6485,2026-07-25 06:45:32,2026-07-29,2026-07-30,Express Courier,TRK-6485-4948,Delivered
4949,6486,2026-05-25 21:39:32,2026-05-29,2026-05-27,Standard Ground,TRK-6486-4949,Delivered
4950,6487,2026-09-01 09:55:07,2026-09-05,,Next-Day Air,TRK-6487-4950,In Transit
4951,6488,2026-07-27 21:12:40,2026-07-31,2026-07-30,Next-Day Air,TRK-6488-4951,Delivered
4952,6489,2026-05-31 23:49:58,2026-06-04,2026-06-02,Express Courier,TRK-6489-4952,Delivered
4953,6490,2024-04-22 22:08:05,2024-04-26,2024-04-27,Next-Day Air,TRK-6490-4953,Delivered
4954,6491,2025-02-04 11:50:58,2025-02-08,2025-02-09,Express Courier,TRK-6491-4954,Delivered
4955,6492,2026-08-22 01:36:47,2026-08-26,2026-08-26,Standard Ground,TRK-6492-4955,Delivered
4956,6495,2024-06-03 01:32:36,2024-06-07,2024-06-05,Next-Day Air,TRK-6495-4956,Delivered
4957,6496,2026-03-17 03:16:29,2026-03-21,2026-03-19,Express Courier,TRK-6496-4957,Delivered
4958,6497,2026-08-11 09:55:33,2026-08-15,,Express Courier,TRK-6497-4958,In Transit
4959,6499,2026-02-14 20:27:36,2026-02-18,2026-02-16,Next-Day Air,TRK-6499-4959,Delivered
4960,6504,2026-07-04 17:53:31,2026-07-08,2026-07-06,Express Courier,TRK-6504-4960,Delivered
4961,6505,2024-09-24 11:53:42,2024-09-28,2024-09-26,Standard Ground,TRK-6505-4961,Delivered
4962,6506,2024-12-07 07:17:36,2024-12-11,2024-12-12,Next-Day Air,TRK-6506-4962,Delivered
4963,6507,2025-10-11 11:11:04,2025-10-15,2025-10-14,Next-Day Air,TRK-6507-4963,Delivered
4964,6508,2026-08-04 19:49:16,2026-08-08,2026-08-09,Next-Day Air,TRK-6508-4964,Delivered
4965,6509,2025-06-23 15:49:24,2025-06-27,2025-06-26,Next-Day Air,TRK-6509-4965,Delivered
4966,6510,2026-08-20 08:46:11,2026-08-24,2026-08-23,Standard Ground,TRK-6510-4966,Delivered
4967,6511,2025-05-28 11:58:25,2025-06-01,2025-05-31,Next-Day Air,TRK-6511-4967,Delivered
4968,6512,2024-11-25 07:25:35,2024-11-29,2024-11-28,Standard Ground,TRK-6512-4968,Delivered
4969,6513,2026-08-28 16:55:28,2026-09-01,2026-08-30,Express Courier,TRK-6513-4969,Delivered
4970,6514,2026-04-15 18:12:13,2026-04-19,2026-04-19,Next-Day Air,TRK-6514-4970,Delivered
4971,6515,2024-12-20 22:24:56,2024-12-24,2024-12-24,Express Courier,TRK-6515-4971,Delivered
4972,6517,2026-02-20 06:44:53,2026-02-24,2026-02-24,Standard Ground,TRK-6517-4972,Delivered
4973,6519,2026-04-22 05:28:02,2026-04-26,2026-04-27,Next-Day Air,TRK-6519-4973,Delivered
4974,6520,2025-01-14 10:49:38,2025-01-18,2025-01-16,Standard Ground,TRK-6520-4974,Delivered
4975,6521,2026-03-02 05:02:18,2026-03-06,2026-03-05,Express Courier,TRK-6521-4975,Delivered
4976,6522,2026-07-28 06:21:44,2026-08-01,2026-08-02,Express Courier,TRK-6522-4976,Delivered
4977,6523,2026-04-12 04:47:40,2026-04-16,2026-04-14,Standard Ground,TRK-6523-4977,Delivered
4978,6524,2026-08-04 08:26:02,2026-08-08,2026-08-07,Express Courier,TRK-6524-4978,Delivered
4979,6525,2026-07-23 17:35:09,2026-07-27,2026-07-27,Next-Day Air,TRK-6525-4979,Delivered
4980,6526,2026-02-01 16:26:00,2026-02-05,,Next-Day Air,TRK-6526-4980,In Transit
4981,6527,2024-12-23 21:22:26,2024-12-27,2024-12-26,Express Courier,TRK-6527-4981,Delivered
4982,6529,2025-07-01 17:11:36,2025-07-05,2025-07-04,Next-Day Air,TRK-6529-4982,Delivered
4983,6530,2026-07-09 12:21:16,2026-07-13,2026-07-14,Standard Ground,TRK-6530-4983,Delivered
4984,6531,2025-10-17 08:55:56,2025-10-21,2025-10-20,Express Courier,TRK-6531-4984,Delivered
4985,6532,2025-03-11 07:51:13,2025-03-15,2025-03-16,Next-Day Air,TRK-6532-4985,Delivered
4986,6533,2026-08-25 22:06:26,2026-08-29,2026-08-30,Standard Ground,TRK-6533-4986,Delivered
4987,6534,2026-01-29 23:18:38,2026-02-02,2026-01-31,Standard Ground,TRK-6534-4987,Delivered
4988,6537,2026-05-22 23:55:21,2026-05-26,2026-05-26,Next-Day Air,TRK-6537-4988,Delivered
4989,6538,2025-11-25 20:53:52,2025-11-29,2025-11-27,Express Courier,TRK-6538-4989,Delivered
4990,6539,2026-01-04 15:29:09,2026-01-08,2026-01-08,Next-Day Air,TRK-6539-4990,Delivered
4991,6540,2026-04-03 22:09:55,2026-04-07,2026-04-06,Standard Ground,TRK-6540-4991,Delivered
4992,6542,2026-09-01 20:36:40,2026-09-05,2026-09-06,Express Courier,TRK-6542-4992,Delivered
4993,6543,2025-12-22 09:06:54,2025-12-26,,Next-Day Air,TRK-6543-4993,In Transit
4994,6544,2026-07-27 11:53:50,2026-07-31,2026-07-29,Next-Day Air,TRK-6544-4994,Delivered
4995,6545,2026-08-03 04:40:55,2026-08-07,2026-08-08,Express Courier,TRK-6545-4995,Delivered
4996,6546,2026-03-08 17:30:20,2026-03-12,,Express Courier,TRK-6546-4996,In Transit
4997,6547,2026-02-04 07:26:24,2026-02-08,2026-02-08,Standard Ground,TRK-6547-4997,Delivered
4998,6548,2026-04-05 14:15:31,2026-04-09,,Next-Day Air,TRK-6548-4998,In Transit
4999,6550,2025-03-25 05:50:25,2025-03-29,2025-03-28,Standard Ground,TRK-6550-4999,Delivered
5000,6551,2026-08-09 14:41:31,2026-08-13,2026-08-11,Next-Day Air,TRK-6551-5000,Delivered
5001,6552,2026-05-31 02:32:48,2026-06-04,2026-06-02,Standard Ground,TRK-6552-5001,Delivered
5002,6553,2026-02-25 11:51:24,2026-03-01,2026-03-01,Next-Day Air,TRK-6553-5002,Delivered
5003,6557,2025-07-13 20:59:38,2025-07-17,2025-07-15,Standard Ground,TRK-6557-5003,Delivered
5004,6559,2026-04-22 22:38:13,2026-04-26,2026-04-25,Standard Ground,TRK-6559-5004,Delivered
5005,6560,2026-03-26 19:02:10,2026-03-30,2026-03-29,Standard Ground,TRK-6560-5005,Delivered
5006,6561,2026-04-19 06:42:12,2026-04-23,,Express Courier,TRK-6561-5006,In Transit
5007,6562,2024-11-25 21:40:39,2024-11-29,2024-11-27,Standard Ground,TRK-6562-5007,Delivered
5008,6563,2026-08-08 19:33:58,2026-08-12,2026-08-13,Standard Ground,TRK-6563-5008,Delivered
5009,6564,2026-01-29 17:54:26,2026-02-02,2026-02-03,Express Courier,TRK-6564-5009,Delivered
5010,6565,2025-11-01 04:36:48,2025-11-05,2025-11-04,Standard Ground,TRK-6565-5010,Delivered
5011,6567,2026-07-14 02:06:35,2026-07-18,2026-07-19,Express Courier,TRK-6567-5011,Delivered
5012,6568,2024-06-24 21:15:06,2024-06-28,2024-06-26,Express Courier,TRK-6568-5012,Delivered
5013,6569,2026-08-19 12:28:32,2026-08-23,2026-08-21,Standard Ground,TRK-6569-5013,Delivered
5014,6570,2024-11-10 13:28:46,2024-11-14,2024-11-13,Standard Ground,TRK-6570-5014,Delivered
5015,6571,2026-08-05 23:35:09,2026-08-09,2026-08-08,Next-Day Air,TRK-6571-5015,Delivered
5016,6573,2024-12-22 21:42:46,2024-12-26,2024-12-25,Next-Day Air,TRK-6573-5016,Delivered
5017,6574,2025-02-03 07:45:25,2025-02-07,,Next-Day Air,TRK-6574-5017,In Transit
5018,6577,2026-08-10 03:34:43,2026-08-14,2026-08-14,Express Courier,TRK-6577-5018,Delivered
5019,6578,2024-05-19 23:27:52,2024-05-23,2024-05-21,Express Courier,TRK-6578-5019,Delivered
5020,6579,2025-12-13 06:16:49,2025-12-17,2025-12-15,Express Courier,TRK-6579-5020,Delivered
5021,6580,2026-08-22 07:54:25,2026-08-26,2026-08-24,Next-Day Air,TRK-6580-5021,Delivered
5022,6586,2026-08-23 02:47:16,2026-08-27,2026-08-26,Standard Ground,TRK-6586-5022,Delivered
5023,6587,2026-05-15 14:42:43,2026-05-19,2026-05-19,Next-Day Air,TRK-6587-5023,Delivered
5024,6588,2026-04-28 23:12:33,2026-05-02,2026-05-01,Express Courier,TRK-6588-5024,Delivered
5025,6589,2026-08-31 16:16:13,2026-09-04,,Next-Day Air,TRK-6589-5025,In Transit
5026,6591,2026-02-04 19:43:03,2026-02-08,,Standard Ground,TRK-6591-5026,In Transit
5027,6592,2025-12-23 14:22:54,2025-12-27,2025-12-27,Standard Ground,TRK-6592-5027,Delivered
5028,6594,2024-11-07 06:40:12,2024-11-11,2024-11-10,Next-Day Air,TRK-6594-5028,Delivered
5029,6596,2026-07-30 02:21:32,2026-08-03,2026-08-02,Express Courier,TRK-6596-5029,Delivered
5030,6597,2026-07-08 17:35:18,2026-07-12,2026-07-12,Standard Ground,TRK-6597-5030,Delivered
5031,6598,2025-07-01 13:07:34,2025-07-05,,Express Courier,TRK-6598-5031,In Transit
5032,6599,2024-08-08 21:56:58,2024-08-12,2024-08-10,Standard Ground,TRK-6599-5032,Delivered
5033,6600,2026-08-24 09:02:42,2026-08-28,2026-08-28,Standard Ground,TRK-6600-5033,Delivered
5034,6601,2026-03-13 19:46:33,2026-03-17,2026-03-18,Next-Day Air,TRK-6601-5034,Delivered
5035,6602,2025-12-22 05:53:08,2025-12-26,2025-12-25,Express Courier,TRK-6602-5035,Delivered
5036,6603,2026-06-27 13:38:29,2026-07-01,2026-06-30,Next-Day Air,TRK-6603-5036,Delivered
5037,6604,2025-02-10 07:46:45,2025-02-14,2025-02-14,Express Courier,TRK-6604-5037,Delivered
5038,6605,2026-07-14 00:06:56,2026-07-18,,Next-Day Air,TRK-6605-5038,In Transit
5039,6606,2024-05-08 07:03:04,2024-05-12,2024-05-11,Next-Day Air,TRK-6606-5039,Delivered
5040,6607,2026-07-28 21:14:51,2026-08-01,2026-08-01,Next-Day Air,TRK-6607-5040,Delivered
5041,6608,2024-10-24 01:13:05,2024-10-28,2024-10-26,Next-Day Air,TRK-6608-5041,Delivered
5042,6610,2026-08-01 00:11:42,2026-08-05,,Next-Day Air,TRK-6610-5042,In Transit
5043,6612,2026-05-01 23:23:10,2026-05-05,,Next-Day Air,TRK-6612-5043,In Transit
5044,6613,2025-08-21 15:50:52,2025-08-25,,Express Courier,TRK-6613-5044,In Transit
5045,6614,2025-05-27 08:49:30,2025-05-31,2025-05-31,Next-Day Air,TRK-6614-5045,Delivered
5046,6615,2026-04-28 14:22:49,2026-05-02,2026-04-30,Standard Ground,TRK-6615-5046,Delivered
5047,6616,2025-06-23 19:38:01,2025-06-27,2025-06-25,Next-Day Air,TRK-6616-5047,Delivered
5048,6617,2026-07-22 16:28:41,2026-07-26,,Next-Day Air,TRK-6617-5048,In Transit
5049,6619,2025-01-12 12:16:13,2025-01-16,2025-01-16,Standard Ground,TRK-6619-5049,Delivered
5050,6620,2024-05-24 08:12:12,2024-05-28,2024-05-28,Express Courier,TRK-6620-5050,Delivered
5051,6621,2025-01-10 17:47:46,2025-01-14,,Standard Ground,TRK-6621-5051,In Transit
5052,6622,2024-05-14 21:54:00,2024-05-18,2024-05-19,Express Courier,TRK-6622-5052,Delivered
5053,6625,2024-06-01 02:35:32,2024-06-05,2024-06-04,Next-Day Air,TRK-6625-5053,Delivered
5054,6626,2025-05-12 02:42:48,2025-05-16,2025-05-16,Express Courier,TRK-6626-5054,Delivered
5055,6627,2026-08-10 20:55:20,2026-08-14,2026-08-14,Next-Day Air,TRK-6627-5055,Delivered
5056,6628,2025-09-18 11:02:47,2025-09-22,2025-09-21,Standard Ground,TRK-6628-5056,Delivered
5057,6629,2026-04-30 22:47:46,2026-05-04,2026-05-05,Standard Ground,TRK-6629-5057,Delivered
5058,6631,2026-04-25 00:57:21,2026-04-29,2026-04-27,Next-Day Air,TRK-6631-5058,Delivered
5059,6632,2026-06-04 17:36:31,2026-06-08,,Express Courier,TRK-6632-5059,In Transit
5060,6634,2025-12-03 22:24:39,2025-12-07,2025-12-07,Next-Day Air,TRK-6634-5060,Delivered
5061,6635,2026-05-31 21:35:33,2026-06-04,2026-06-05,Express Courier,TRK-6635-5061,Delivered
5062,6636,2025-05-20 03:48:22,2025-05-24,2025-05-22,Express Courier,TRK-6636-5062,Delivered
5063,6638,2026-03-08 03:08:00,2026-03-12,2026-03-11,Standard Ground,TRK-6638-5063,Delivered
5064,6639,2025-05-02 16:11:49,2025-05-06,2025-05-05,Standard Ground,TRK-6639-5064,Delivered
5065,6642,2024-08-16 11:00:54,2024-08-20,2024-08-18,Express Courier,TRK-6642-5065,Delivered
5066,6643,2026-03-03 13:43:22,2026-03-07,,Standard Ground,TRK-6643-5066,In Transit
5067,6645,2026-03-06 07:39:30,2026-03-10,2026-03-10,Standard Ground,TRK-6645-5067,Delivered
5068,6646,2026-08-30 10:21:31,2026-09-03,2026-09-02,Next-Day Air,TRK-6646-5068,Delivered
5069,6647,2025-04-18 07:21:06,2025-04-22,2025-04-22,Express Courier,TRK-6647-5069,Delivered
5070,6648,2026-05-28 12:34:18,2026-06-01,2026-05-31,Express Courier,TRK-6648-5070,Delivered
5071,6649,2026-05-21 15:28:35,2026-05-25,2026-05-24,Next-Day Air,TRK-6649-5071,Delivered
5072,6651,2026-05-03 23:15:54,2026-05-07,2026-05-06,Next-Day Air,TRK-6651-5072,Delivered
5073,6652,2026-07-08 20:04:25,2026-07-12,2026-07-12,Standard Ground,TRK-6652-5073,Delivered
5074,6653,2025-02-19 15:05:24,2025-02-23,2025-02-24,Standard Ground,TRK-6653-5074,Delivered
5075,6654,2026-05-10 14:18:23,2026-05-14,2026-05-14,Express Courier,TRK-6654-5075,Delivered
5076,6655,2026-08-04 04:55:28,2026-08-08,2026-08-09,Next-Day Air,TRK-6655-5076,Delivered
5077,6657,2026-08-15 04:09:33,2026-08-19,,Express Courier,TRK-6657-5077,In Transit
5078,6658,2025-07-26 12:08:54,2025-07-30,2025-07-30,Standard Ground,TRK-6658-5078,Delivered
5079,6661,2026-05-18 07:57:46,2026-05-22,2026-05-21,Standard Ground,TRK-6661-5079,Delivered
5080,6662,2025-11-25 09:26:56,2025-11-29,2025-11-30,Next-Day Air,TRK-6662-5080,Delivered
5081,6663,2026-01-25 14:03:04,2026-01-29,2026-01-27,Next-Day Air,TRK-6663-5081,Delivered
5082,6666,2026-06-21 20:26:54,2026-06-25,2026-06-26,Standard Ground,TRK-6666-5082,Delivered
5083,6668,2025-01-20 13:20:42,2025-01-24,2025-01-23,Next-Day Air,TRK-6668-5083,Delivered
5084,6669,2025-12-29 15:10:00,2026-01-02,,Standard Ground,TRK-6669-5084,In Transit
5085,6670,2026-02-26 22:08:21,2026-03-02,2026-03-02,Standard Ground,TRK-6670-5085,Delivered
5086,6672,2025-10-11 02:43:19,2025-10-15,2025-10-15,Express Courier,TRK-6672-5086,Delivered
5087,6673,2026-07-02 10:09:32,2026-07-06,2026-07-05,Next-Day Air,TRK-6673-5087,Delivered
5088,6674,2026-07-12 08:48:47,2026-07-16,2026-07-17,Next-Day Air,TRK-6674-5088,Delivered
5089,6675,2025-07-11 09:37:44,2025-07-15,2025-07-13,Express Courier,TRK-6675-5089,Delivered
5090,6676,2026-08-16 22:35:28,2026-08-20,2026-08-18,Next-Day Air,TRK-6676-5090,Delivered
5091,6677,2025-01-26 17:32:23,2025-01-30,2025-01-30,Next-Day Air,TRK-6677-5091,Delivered
5092,6678,2025-12-18 06:31:36,2025-12-22,2025-12-23,Standard Ground,TRK-6678-5092,Delivered
5093,6679,2026-09-01 21:51:40,2026-09-05,2026-09-05,Express Courier,TRK-6679-5093,Delivered
5094,6680,2024-04-14 19:38:53,2024-04-18,,Next-Day Air,TRK-6680-5094,In Transit
5095,6681,2024-10-01 09:38:53,2024-10-05,2024-10-03,Next-Day Air,TRK-6681-5095,Delivered
5096,6682,2025-11-14 04:18:18,2025-11-18,2025-11-17,Next-Day Air,TRK-6682-5096,Delivered
5097,6683,2026-04-18 04:33:10,2026-04-22,2026-04-23,Next-Day Air,TRK-6683-5097,Delivered
5098,6684,2025-11-21 03:06:03,2025-11-25,2025-11-26,Standard Ground,TRK-6684-5098,Delivered
5099,6685,2026-07-14 13:48:09,2026-07-18,,Express Courier,TRK-6685-5099,In Transit
5100,6686,2026-02-22 17:45:31,2026-02-26,2026-02-24,Express Courier,TRK-6686-5100,Delivered
5101,6688,2025-12-26 18:32:35,2025-12-30,2025-12-31,Standard Ground,TRK-6688-5101,Delivered
5102,6689,2025-04-16 18:31:15,2025-04-20,2025-04-20,Next-Day Air,TRK-6689-5102,Delivered
5103,6690,2025-12-05 07:44:06,2025-12-09,2025-12-09,Next-Day Air,TRK-6690-5103,Delivered
5104,6691,2026-07-15 13:46:17,2026-07-19,2026-07-20,Express Courier,TRK-6691-5104,Delivered
5105,6693,2026-06-25 12:27:44,2026-06-29,,Next-Day Air,TRK-6693-5105,In Transit
5106,6694,2026-08-30 11:04:48,2026-09-03,2026-09-03,Express Courier,TRK-6694-5106,Delivered
5107,6695,2025-07-24 14:57:25,2025-07-28,2025-07-28,Express Courier,TRK-6695-5107,Delivered
5108,6696,2024-09-04 04:57:16,2024-09-08,,Next-Day Air,TRK-6696-5108,In Transit
5109,6697,2026-03-15 21:53:13,2026-03-19,2026-03-20,Express Courier,TRK-6697-5109,Delivered
5110,6699,2026-08-03 08:43:03,2026-08-07,2026-08-05,Express Courier,TRK-6699-5110,Delivered
5111,6700,2025-07-20 03:45:44,2025-07-24,,Standard Ground,TRK-6700-5111,In Transit
5112,6701,2025-12-23 00:11:21,2025-12-27,2025-12-28,Express Courier,TRK-6701-5112,Delivered
5113,6704,2026-02-20 21:31:58,2026-02-24,2026-02-24,Next-Day Air,TRK-6704-5113,Delivered
5114,6705,2025-07-15 19:34:17,2025-07-19,,Express Courier,TRK-6705-5114,In Transit
5115,6706,2024-05-26 14:45:37,2024-05-30,2024-05-30,Next-Day Air,TRK-6706-5115,Delivered
5116,6707,2026-04-20 21:23:05,2026-04-24,2026-04-23,Express Courier,TRK-6707-5116,Delivered
5117,6708,2024-06-23 05:01:29,2024-06-27,2024-06-27,Standard Ground,TRK-6708-5117,Delivered
5118,6709,2026-05-29 19:59:00,2026-06-02,2026-05-31,Next-Day Air,TRK-6709-5118,Delivered
5119,6710,2025-07-24 20:04:44,2025-07-28,2025-07-28,Express Courier,TRK-6710-5119,Delivered
5120,6711,2026-03-14 08:21:38,2026-03-18,2026-03-17,Next-Day Air,TRK-6711-5120,Delivered
5121,6712,2025-03-16 22:29:21,2025-03-20,,Standard Ground,TRK-6712-5121,In Transit
5122,6713,2026-07-02 20:37:37,2026-07-06,2026-07-05,Express Courier,TRK-6713-5122,Delivered
5123,6714,2025-11-10 09:43:11,2025-11-14,2025-11-13,Standard Ground,TRK-6714-5123,Delivered
5124,6715,2026-04-18 12:51:59,2026-04-22,2026-04-22,Standard Ground,TRK-6715-5124,Delivered
5125,6716,2024-01-14 03:14:45,2024-01-18,2024-01-19,Next-Day Air,TRK-6716-5125,Delivered
5126,6717,2026-05-13 00:31:28,2026-05-17,2026-05-18,Express Courier,TRK-6717-5126,Delivered
5127,6718,2026-08-12 08:14:33,2026-08-16,2026-08-15,Standard Ground,TRK-6718-5127,Delivered
5128,6719,2026-05-09 14:27:30,2026-05-13,2026-05-11,Next-Day Air,TRK-6719-5128,Delivered
5129,6720,2025-04-11 12:14:55,2025-04-15,2025-04-13,Standard Ground,TRK-6720-5129,Delivered
5130,6722,2025-09-26 23:53:13,2025-09-30,,Express Courier,TRK-6722-5130,In Transit
5131,6723,2026-06-04 00:07:31,2026-06-08,2026-06-08,Standard Ground,TRK-6723-5131,Delivered
5132,6724,2025-09-04 02:39:40,2025-09-08,2025-09-09,Express Courier,TRK-6724-5132,Delivered
5133,6725,2024-09-26 17:57:54,2024-09-30,2024-10-01,Standard Ground,TRK-6725-5133,Delivered
5134,6726,2026-02-06 06:11:39,2026-02-10,2026-02-10,Standard Ground,TRK-6726-5134,Delivered
5135,6727,2026-07-21 08:25:28,2026-07-25,2026-07-26,Express Courier,TRK-6727-5135,Delivered
5136,6728,2025-05-17 12:15:28,2025-05-21,2025-05-20,Express Courier,TRK-6728-5136,Delivered
5137,6729,2026-07-28 10:27:27,2026-08-01,2026-08-02,Express Courier,TRK-6729-5137,Delivered
5138,6730,2025-08-22 22:28:10,2025-08-26,,Next-Day Air,TRK-6730-5138,In Transit
5139,6731,2025-03-25 12:37:46,2025-03-29,,Next-Day Air,TRK-6731-5139,In Transit
5140,6732,2025-11-24 01:23:06,2025-11-28,2025-11-29,Standard Ground,TRK-6732-5140,Delivered
5141,6734,2026-05-13 07:12:34,2026-05-17,2026-05-17,Standard Ground,TRK-6734-5141,Delivered
5142,6737,2026-04-04 18:39:37,2026-04-08,2026-04-07,Express Courier,TRK-6737-5142,Delivered
5143,6740,2026-05-19 09:53:24,2026-05-23,2026-05-21,Standard Ground,TRK-6740-5143,Delivered
5144,6741,2026-01-08 21:40:09,2026-01-12,2026-01-12,Express Courier,TRK-6741-5144,Delivered
5145,6742,2024-04-26 23:05:46,2024-04-30,2024-04-29,Standard Ground,TRK-6742-5145,Delivered
5146,6743,2024-06-13 15:02:09,2024-06-17,,Standard Ground,TRK-6743-5146,In Transit
5147,6745,2025-09-16 13:36:58,2025-09-20,,Next-Day Air,TRK-6745-5147,In Transit
5148,6747,2026-05-01 16:37:04,2026-05-05,2026-05-06,Standard Ground,TRK-6747-5148,Delivered
5149,6748,2026-06-24 10:50:54,2026-06-28,2026-06-29,Standard Ground,TRK-6748-5149,Delivered
5150,6749,2026-03-10 23:52:28,2026-03-14,2026-03-12,Next-Day Air,TRK-6749-5150,Delivered
5151,6751,2026-06-21 08:42:50,2026-06-25,2026-06-26,Next-Day Air,TRK-6751-5151,Delivered
5152,6752,2025-08-16 07:42:59,2025-08-20,2025-08-19,Express Courier,TRK-6752-5152,Delivered
5153,6753,2026-01-05 03:12:58,2026-01-09,,Standard Ground,TRK-6753-5153,In Transit
5154,6754,2025-10-18 23:09:35,2025-10-22,2025-10-21,Express Courier,TRK-6754-5154,Delivered
5155,6755,2026-07-22 00:48:17,2026-07-26,2026-07-26,Next-Day Air,TRK-6755-5155,Delivered
5156,6757,2026-01-15 23:22:12,2026-01-19,2026-01-18,Next-Day Air,TRK-6757-5156,Delivered
5157,6758,2025-09-18 06:02:37,2025-09-22,2025-09-22,Standard Ground,TRK-6758-5157,Delivered
5158,6759,2025-05-04 17:35:34,2025-05-08,2025-05-08,Standard Ground,TRK-6759-5158,Delivered
5159,6760,2026-09-01 20:44:47,2026-09-05,2026-09-05,Standard Ground,TRK-6760-5159,Delivered
5160,6761,2025-10-09 05:20:43,2025-10-13,2025-10-14,Next-Day Air,TRK-6761-5160,Delivered
5161,6763,2026-08-31 19:19:40,2026-09-04,2026-09-03,Express Courier,TRK-6763-5161,Delivered
5162,6764,2026-06-20 12:45:54,2026-06-24,,Standard Ground,TRK-6764-5162,In Transit
5163,6765,2025-07-04 15:33:10,2025-07-08,2025-07-07,Standard Ground,TRK-6765-5163,Delivered
5164,6766,2026-05-22 22:26:08,2026-05-26,,Express Courier,TRK-6766-5164,In Transit
5165,6767,2025-05-31 19:15:33,2025-06-04,2025-06-02,Express Courier,TRK-6767-5165,Delivered
5166,6768,2025-11-19 17:03:50,2025-11-23,2025-11-22,Standard Ground,TRK-6768-5166,Delivered
5167,6769,2026-03-16 11:23:15,2026-03-20,,Express Courier,TRK-6769-5167,In Transit
5168,6770,2026-08-02 22:02:15,2026-08-06,,Express Courier,TRK-6770-5168,In Transit
5169,6771,2026-03-09 01:55:03,2026-03-13,2026-03-13,Standard Ground,TRK-6771-5169,Delivered
5170,6772,2026-05-27 02:50:00,2026-05-31,,Next-Day Air,TRK-6772-5170,In Transit
5171,6773,2025-10-08 08:59:05,2025-10-12,,Express Courier,TRK-6773-5171,In Transit
5172,6775,2026-01-30 20:37:47,2026-02-03,2026-02-02,Express Courier,TRK-6775-5172,Delivered
5173,6776,2026-08-14 17:11:12,2026-08-18,,Express Courier,TRK-6776-5173,In Transit
5174,6778,2025-10-13 12:46:56,2025-10-17,2025-10-18,Next-Day Air,TRK-6778-5174,Delivered
5175,6779,2025-04-24 20:41:01,2025-04-28,2025-04-26,Next-Day Air,TRK-6779-5175,Delivered
5176,6781,2025-10-10 23:35:46,2025-10-14,2025-10-13,Express Courier,TRK-6781-5176,Delivered
5177,6782,2026-04-16 10:30:06,2026-04-20,2026-04-20,Express Courier,TRK-6782-5177,Delivered
5178,6784,2025-11-23 04:08:18,2025-11-27,2025-11-25,Next-Day Air,TRK-6784-5178,Delivered
5179,6785,2026-05-26 08:00:48,2026-05-30,2026-05-30,Express Courier,TRK-6785-5179,Delivered
5180,6787,2026-01-19 20:41:00,2026-01-23,2026-01-22,Next-Day Air,TRK-6787-5180,Delivered
5181,6788,2026-01-29 12:49:11,2026-02-02,,Express Courier,TRK-6788-5181,In Transit
5182,6789,2025-06-08 02:57:11,2025-06-12,2025-06-13,Next-Day Air,TRK-6789-5182,Delivered
5183,6790,2026-07-15 09:11:23,2026-07-19,2026-07-20,Express Courier,TRK-6790-5183,Delivered
5184,6793,2026-08-26 01:44:37,2026-08-30,2026-08-30,Next-Day Air,TRK-6793-5184,Delivered
5185,6794,2025-02-01 01:01:15,2025-02-05,2025-02-06,Next-Day Air,TRK-6794-5185,Delivered
5186,6795,2026-07-27 06:19:53,2026-07-31,2026-08-01,Standard Ground,TRK-6795-5186,Delivered
5187,6796,2026-04-21 04:28:42,2026-04-25,2026-04-25,Standard Ground,TRK-6796-5187,Delivered
5188,6799,2026-07-20 04:07:47,2026-07-24,2026-07-23,Standard Ground,TRK-6799-5188,Delivered
5189,6801,2025-10-05 23:06:02,2025-10-09,2025-10-08,Standard Ground,TRK-6801-5189,Delivered
5190,6802,2026-05-18 16:42:30,2026-05-22,2026-05-21,Standard Ground,TRK-6802-5190,Delivered
5191,6803,2025-05-27 12:39:06,2025-05-31,2025-05-29,Express Courier,TRK-6803-5191,Delivered
5192,6807,2026-05-19 04:40:13,2026-05-23,2026-05-21,Express Courier,TRK-6807-5192,Delivered
5193,6808,2024-03-15 15:07:07,2024-03-19,2024-03-20,Express Courier,TRK-6808-5193,Delivered
5194,6809,2025-05-01 19:13:14,2025-05-05,2025-05-03,Next-Day Air,TRK-6809-5194,Delivered
5195,6810,2026-06-06 09:44:38,2026-06-10,2026-06-08,Next-Day Air,TRK-6810-5195,Delivered
5196,6811,2025-11-07 12:49:18,2025-11-11,2025-11-10,Standard Ground,TRK-6811-5196,Delivered
5197,6812,2026-03-29 16:36:13,2026-04-02,2026-04-03,Express Courier,TRK-6812-5197,Delivered
5198,6813,2025-09-17 15:22:52,2025-09-21,2025-09-19,Express Courier,TRK-6813-5198,Delivered
5199,6815,2026-08-04 10:03:19,2026-08-08,2026-08-08,Next-Day Air,TRK-6815-5199,Delivered
5200,6816,2026-08-06 11:24:11,2026-08-10,2026-08-11,Standard Ground,TRK-6816-5200,Delivered
5201,6817,2026-06-25 15:37:18,2026-06-29,2026-06-30,Next-Day Air,TRK-6817-5201,Delivered
5202,6818,2025-05-15 13:03:22,2025-05-19,2025-05-17,Express Courier,TRK-6818-5202,Delivered
5203,6819,2026-05-27 11:01:44,2026-05-31,2026-05-29,Express Courier,TRK-6819-5203,Delivered
5204,6820,2025-01-26 04:02:30,2025-01-30,2025-01-31,Next-Day Air,TRK-6820-5204,Delivered
5205,6821,2025-11-26 03:29:41,2025-11-30,2025-11-28,Express Courier,TRK-6821-5205,Delivered
5206,6822,2026-05-18 06:12:57,2026-05-22,,Express Courier,TRK-6822-5206,In Transit
5207,6824,2026-01-22 17:20:24,2026-01-26,,Next-Day Air,TRK-6824-5207,In Transit
5208,6825,2026-08-03 11:35:06,2026-08-07,2026-08-07,Standard Ground,TRK-6825-5208,Delivered
5209,6826,2026-07-19 08:06:11,2026-07-23,2026-07-22,Standard Ground,TRK-6826-5209,Delivered
5210,6827,2026-07-13 10:53:33,2026-07-17,,Standard Ground,TRK-6827-5210,In Transit
5211,6828,2025-12-25 02:58:29,2025-12-29,2025-12-28,Next-Day Air,TRK-6828-5211,Delivered
5212,6829,2026-08-05 09:46:18,2026-08-09,,Next-Day Air,TRK-6829-5212,In Transit
5213,6830,2024-06-02 05:20:08,2024-06-06,2024-06-06,Express Courier,TRK-6830-5213,Delivered
5214,6833,2026-02-24 12:47:18,2026-02-28,2026-02-26,Standard Ground,TRK-6833-5214,Delivered
5215,6834,2025-07-26 14:04:16,2025-07-30,,Standard Ground,TRK-6834-5215,In Transit
5216,6839,2026-02-28 14:00:11,2026-03-04,2026-03-04,Next-Day Air,TRK-6839-5216,Delivered
5217,6840,2026-02-02 06:34:06,2026-02-06,2026-02-05,Express Courier,TRK-6840-5217,Delivered
5218,6841,2026-03-18 04:47:59,2026-03-22,2026-03-23,Express Courier,TRK-6841-5218,Delivered
5219,6842,2026-07-12 00:48:03,2026-07-16,2026-07-15,Next-Day Air,TRK-6842-5219,Delivered
5220,6843,2025-08-03 02:06:56,2025-08-07,,Express Courier,TRK-6843-5220,In Transit
5221,6844,2026-08-27 23:57:03,2026-08-31,2026-08-30,Next-Day Air,TRK-6844-5221,Delivered
5222,6845,2025-01-30 23:54:58,2025-02-03,2025-02-04,Express Courier,TRK-6845-5222,Delivered
5223,6846,2025-04-10 21:32:04,2025-04-14,2025-04-12,Express Courier,TRK-6846-5223,Delivered
5224,6847,2026-08-13 09:02:51,2026-08-17,2026-08-18,Standard Ground,TRK-6847-5224,Delivered
5225,6848,2026-01-24 03:39:55,2026-01-28,2026-01-28,Standard Ground,TRK-6848-5225,Delivered
5226,6849,2025-08-03 07:52:31,2025-08-07,,Express Courier,TRK-6849-5226,In Transit
5227,6850,2026-08-15 09:08:52,2026-08-19,2026-08-18,Next-Day Air,TRK-6850-5227,Delivered
5228,6851,2025-09-13 21:24:15,2025-09-17,2025-09-18,Next-Day Air,TRK-6851-5228,Delivered
5229,6852,2025-09-18 20:51:41,2025-09-22,,Next-Day Air,TRK-6852-5229,In Transit
5230,6853,2024-07-21 01:13:24,2024-07-25,,Next-Day Air,TRK-6853-5230,In Transit
5231,6854,2025-05-13 22:10:23,2025-05-17,2025-05-16,Next-Day Air,TRK-6854-5231,Delivered
5232,6856,2025-08-29 18:56:50,2025-09-02,2025-09-02,Next-Day Air,TRK-6856-5232,Delivered
5233,6857,2026-08-16 04:25:00,2026-08-20,2026-08-20,Express Courier,TRK-6857-5233,Delivered
5234,6858,2026-04-26 12:07:38,2026-04-30,2026-05-01,Express Courier,TRK-6858-5234,Delivered
5235,6859,2026-08-24 05:51:37,2026-08-28,2026-08-27,Express Courier,TRK-6859-5235,Delivered
5236,6863,2025-02-19 08:38:34,2025-02-23,2025-02-23,Standard Ground,TRK-6863-5236,Delivered
5237,6864,2025-07-17 19:46:33,2025-07-21,2025-07-20,Express Courier,TRK-6864-5237,Delivered
5238,6866,2026-01-27 22:25:15,2026-01-31,2026-01-30,Express Courier,TRK-6866-5238,Delivered
5239,6867,2025-02-12 20:03:03,2025-02-16,2025-02-14,Express Courier,TRK-6867-5239,Delivered
5240,6868,2025-04-24 08:50:16,2025-04-28,,Standard Ground,TRK-6868-5240,In Transit
5241,6869,2024-12-31 02:46:27,2025-01-04,2025-01-03,Express Courier,TRK-6869-5241,Delivered
5242,6870,2026-02-06 22:15:43,2026-02-10,2026-02-08,Standard Ground,TRK-6870-5242,Delivered
5243,6871,2026-08-11 09:51:48,2026-08-15,2026-08-14,Next-Day Air,TRK-6871-5243,Delivered
5244,6872,2025-03-08 10:34:31,2025-03-12,2025-03-12,Next-Day Air,TRK-6872-5244,Delivered
5245,6873,2026-01-03 07:14:22,2026-01-07,2026-01-05,Next-Day Air,TRK-6873-5245,Delivered
5246,6874,2026-03-21 20:06:22,2026-03-25,,Next-Day Air,TRK-6874-5246,In Transit
5247,6875,2026-04-24 08:08:42,2026-04-28,2026-04-27,Express Courier,TRK-6875-5247,Delivered
5248,6876,2025-01-05 08:43:28,2025-01-09,2025-01-09,Next-Day Air,TRK-6876-5248,Delivered
5249,6877,2024-03-16 05:56:39,2024-03-20,2024-03-19,Next-Day Air,TRK-6877-5249,Delivered
5250,6878,2026-05-18 07:38:04,2026-05-22,2026-05-20,Express Courier,TRK-6878-5250,Delivered
5251,6880,2025-03-22 07:41:26,2025-03-26,2025-03-25,Express Courier,TRK-6880-5251,Delivered
5252,6881,2026-08-07 11:09:20,2026-08-11,2026-08-10,Next-Day Air,TRK-6881-5252,Delivered
5253,6882,2025-02-19 20:21:59,2025-02-23,2025-02-22,Next-Day Air,TRK-6882-5253,Delivered
5254,6883,2026-02-02 09:44:57,2026-02-06,2026-02-06,Standard Ground,TRK-6883-5254,Delivered
5255,6884,2025-05-06 11:58:55,2025-05-10,2025-05-11,Standard Ground,TRK-6884-5255,Delivered
5256,6885,2026-04-19 12:22:48,2026-04-23,2026-04-23,Express Courier,TRK-6885-5256,Delivered
5257,6886,2025-05-10 14:07:58,2025-05-14,2025-05-15,Express Courier,TRK-6886-5257,Delivered
5258,6887,2025-02-12 01:26:05,2025-02-16,2025-02-15,Standard Ground,TRK-6887-5258,Delivered
5259,6888,2026-05-06 03:25:04,2026-05-10,,Next-Day Air,TRK-6888-5259,In Transit
5260,6890,2026-02-06 16:22:11,2026-02-10,2026-02-08,Express Courier,TRK-6890-5260,Delivered
5261,6891,2026-07-04 13:36:38,2026-07-08,2026-07-09,Next-Day Air,TRK-6891-5261,Delivered
5262,6892,2024-10-13 21:54:06,2024-10-17,2024-10-15,Express Courier,TRK-6892-5262,Delivered
5263,6893,2025-11-08 06:47:01,2025-11-12,2025-11-12,Express Courier,TRK-6893-5263,Delivered
5264,6894,2026-08-14 07:13:11,2026-08-18,,Express Courier,TRK-6894-5264,In Transit
5265,6895,2025-01-08 04:29:16,2025-01-12,,Express Courier,TRK-6895-5265,In Transit
5266,6896,2025-08-05 05:05:18,2025-08-09,2025-08-07,Standard Ground,TRK-6896-5266,Delivered
5267,6899,2026-06-10 18:32:54,2026-06-14,2026-06-13,Express Courier,TRK-6899-5267,Delivered
5268,6900,2025-03-17 17:20:26,2025-03-21,2025-03-21,Express Courier,TRK-6900-5268,Delivered
5269,6901,2025-07-15 20:13:15,2025-07-19,2025-07-18,Standard Ground,TRK-6901-5269,Delivered
5270,6902,2025-10-18 22:02:34,2025-10-22,2025-10-21,Express Courier,TRK-6902-5270,Delivered
5271,6903,2026-08-14 19:47:01,2026-08-18,2026-08-17,Express Courier,TRK-6903-5271,Delivered
5272,6904,2024-08-10 08:52:08,2024-08-14,2024-08-15,Standard Ground,TRK-6904-5272,Delivered
5273,6905,2026-05-28 20:35:37,2026-06-01,2026-06-01,Standard Ground,TRK-6905-5273,Delivered
5274,6906,2026-05-19 20:44:59,2026-05-23,,Standard Ground,TRK-6906-5274,In Transit
5275,6907,2025-09-27 16:57:22,2025-10-01,2025-10-02,Standard Ground,TRK-6907-5275,Delivered
5276,6908,2026-04-06 18:37:38,2026-04-10,,Express Courier,TRK-6908-5276,In Transit
5277,6909,2026-09-03 21:15:49,2026-09-07,2026-09-08,Next-Day Air,TRK-6909-5277,Delivered
5278,6911,2025-12-21 10:41:53,2025-12-25,2025-12-23,Express Courier,TRK-6911-5278,Delivered
5279,6912,2025-10-10 16:28:25,2025-10-14,2025-10-15,Standard Ground,TRK-6912-5279,Delivered
5280,6913,2025-11-18 21:23:19,2025-11-22,2025-11-22,Next-Day Air,TRK-6913-5280,Delivered
5281,6914,2026-08-14 16:07:08,2026-08-18,2026-08-18,Express Courier,TRK-6914-5281,Delivered
5282,6916,2026-08-02 08:31:48,2026-08-06,,Standard Ground,TRK-6916-5282,In Transit
5283,6917,2026-05-07 03:46:08,2026-05-11,2026-05-10,Express Courier,TRK-6917-5283,Delivered
5284,6918,2026-05-10 17:15:14,2026-05-14,2026-05-13,Standard Ground,TRK-6918-5284,Delivered
5285,6919,2026-07-15 10:09:13,2026-07-19,2026-07-17,Express Courier,TRK-6919-5285,Delivered
5286,6920,2026-03-24 06:47:20,2026-03-28,2026-03-26,Standard Ground,TRK-6920-5286,Delivered
5287,6922,2025-07-03 12:27:24,2025-07-07,2025-07-08,Next-Day Air,TRK-6922-5287,Delivered
5288,6923,2024-09-30 18:47:55,2024-10-04,2024-10-05,Next-Day Air,TRK-6923-5288,Delivered
5289,6924,2026-08-28 05:30:21,2026-09-01,2026-08-31,Express Courier,TRK-6924-5289,Delivered
5290,6925,2024-12-05 15:52:14,2024-12-09,2024-12-10,Next-Day Air,TRK-6925-5290,Delivered
5291,6926,2024-12-23 17:05:31,2024-12-27,2024-12-28,Next-Day Air,TRK-6926-5291,Delivered
5292,6927,2025-06-14 17:21:24,2025-06-18,2025-06-17,Express Courier,TRK-6927-5292,Delivered
5293,6928,2026-02-19 00:46:07,2026-02-23,2026-02-22,Next-Day Air,TRK-6928-5293,Delivered
5294,6930,2026-01-20 15:53:21,2026-01-24,2026-01-25,Standard Ground,TRK-6930-5294,Delivered
5295,6932,2025-09-28 18:46:48,2025-10-02,,Express Courier,TRK-6932-5295,In Transit
5296,6933,2025-01-08 13:42:01,2025-01-12,2025-01-12,Standard Ground,TRK-6933-5296,Delivered
5297,6934,2025-05-25 18:00:59,2025-05-29,2025-05-29,Next-Day Air,TRK-6934-5297,Delivered
5298,6935,2026-06-16 10:06:19,2026-06-20,2026-06-19,Standard Ground,TRK-6935-5298,Delivered
5299,6939,2026-03-19 16:32:08,2026-03-23,2026-03-23,Standard Ground,TRK-6939-5299,Delivered
5300,6940,2026-08-11 22:21:25,2026-08-15,,Express Courier,TRK-6940-5300,In Transit
5301,6941,2025-08-28 19:38:18,2025-09-01,2025-09-01,Express Courier,TRK-6941-5301,Delivered
5302,6942,2026-03-15 17:50:20,2026-03-19,2026-03-17,Standard Ground,TRK-6942-5302,Delivered
5303,6943,2026-08-08 11:23:58,2026-08-12,2026-08-13,Standard Ground,TRK-6943-5303,Delivered
5304,6944,2025-08-25 10:27:48,2025-08-29,2025-08-30,Express Courier,TRK-6944-5304,Delivered
5305,6945,2025-09-04 21:39:08,2025-09-08,2025-09-09,Next-Day Air,TRK-6945-5305,Delivered
5306,6946,2025-10-23 21:49:48,2025-10-27,2025-10-27,Express Courier,TRK-6946-5306,Delivered
5307,6947,2025-11-14 21:38:16,2025-11-18,2025-11-19,Express Courier,TRK-6947-5307,Delivered
5308,6948,2024-10-30 17:39:16,2024-11-03,2024-11-03,Standard Ground,TRK-6948-5308,Delivered
5309,6952,2026-08-24 02:50:49,2026-08-28,2026-08-28,Standard Ground,TRK-6952-5309,Delivered
5310,6953,2025-11-14 07:21:24,2025-11-18,2025-11-17,Next-Day Air,TRK-6953-5310,Delivered
5311,6954,2025-09-07 10:27:22,2025-09-11,,Standard Ground,TRK-6954-5311,In Transit
5312,6955,2026-05-04 15:22:53,2026-05-08,,Next-Day Air,TRK-6955-5312,In Transit
5313,6957,2024-10-08 15:17:18,2024-10-12,2024-10-11,Standard Ground,TRK-6957-5313,Delivered
5314,6958,2025-12-13 17:52:26,2025-12-17,2025-12-15,Express Courier,TRK-6958-5314,Delivered
5315,6959,2026-07-31 02:52:47,2026-08-04,,Next-Day Air,TRK-6959-5315,In Transit
5316,6960,2024-02-25 20:41:55,2024-02-29,2024-02-28,Standard Ground,TRK-6960-5316,Delivered
5317,6961,2025-06-22 12:01:51,2025-06-26,,Express Courier,TRK-6961-5317,In Transit
5318,6962,2026-01-29 02:39:12,2026-02-02,2026-01-31,Standard Ground,TRK-6962-5318,Delivered
5319,6964,2025-07-22 22:53:26,2025-07-26,2025-07-25,Express Courier,TRK-6964-5319,Delivered
5320,6965,2026-03-23 13:44:32,2026-03-27,2026-03-27,Express Courier,TRK-6965-5320,Delivered
5321,6966,2025-12-26 15:35:08,2025-12-30,2025-12-28,Express Courier,TRK-6966-5321,Delivered
5322,6968,2025-01-17 05:18:36,2025-01-21,2025-01-21,Standard Ground,TRK-6968-5322,Delivered
5323,6969,2024-09-15 21:16:45,2024-09-19,2024-09-20,Standard Ground,TRK-6969-5323,Delivered
5324,6970,2025-07-30 11:03:12,2025-08-03,,Standard Ground,TRK-6970-5324,In Transit
5325,6971,2025-10-25 21:33:38,2025-10-29,2025-10-30,Next-Day Air,TRK-6971-5325,Delivered
5326,6972,2025-04-24 03:32:36,2025-04-28,,Standard Ground,TRK-6972-5326,In Transit
5327,6973,2026-07-17 21:28:39,2026-07-21,,Standard Ground,TRK-6973-5327,In Transit
5328,6974,2026-08-31 01:28:50,2026-09-04,2026-09-03,Next-Day Air,TRK-6974-5328,Delivered
5329,6976,2026-06-08 20:57:21,2026-06-12,2026-06-13,Standard Ground,TRK-6976-5329,Delivered
5330,6977,2025-12-05 23:16:57,2025-12-09,2025-12-08,Standard Ground,TRK-6977-5330,Delivered
5331,6978,2025-12-21 20:26:34,2025-12-25,2025-12-26,Standard Ground,TRK-6978-5331,Delivered
5332,6979,2026-08-22 02:18:00,2026-08-26,2026-08-25,Next-Day Air,TRK-6979-5332,Delivered
5333,6980,2025-12-12 11:36:39,2025-12-16,2025-12-17,Next-Day Air,TRK-6980-5333,Delivered
5334,6982,2026-05-13 03:57:35,2026-05-17,2026-05-18,Standard Ground,TRK-6982-5334,Delivered
5335,6983,2026-02-08 00:10:23,2026-02-12,2026-02-10,Next-Day Air,TRK-6983-5335,Delivered
5336,6984,2025-09-26 13:30:38,2025-09-30,2025-09-29,Standard Ground,TRK-6984-5336,Delivered
5337,6985,2026-07-06 20:40:24,2026-07-10,2026-07-09,Next-Day Air,TRK-6985-5337,Delivered
5338,6987,2026-04-12 08:40:15,2026-04-16,2026-04-14,Next-Day Air,TRK-6987-5338,Delivered
5339,6989,2025-12-05 12:11:38,2025-12-09,2025-12-09,Next-Day Air,TRK-6989-5339,Delivered
5340,6990,2026-02-09 02:17:36,2026-02-13,2026-02-11,Express Courier,TRK-6990-5340,Delivered
5341,6992,2025-04-11 00:17:18,2025-04-15,2025-04-14,Standard Ground,TRK-6992-5341,Delivered
5342,6993,2026-03-31 18:24:14,2026-04-04,2026-04-02,Next-Day Air,TRK-6993-5342,Delivered
5343,6994,2026-09-02 01:39:21,2026-09-06,2026-09-05,Standard Ground,TRK-6994-5343,Delivered
5344,6996,2026-01-10 03:06:55,2026-01-14,2026-01-13,Express Courier,TRK-6996-5344,Delivered
5345,6997,2025-04-27 13:01:36,2025-05-01,2025-05-01,Next-Day Air,TRK-6997-5345,Delivered
5346,6998,2026-08-18 01:05:39,2026-08-22,2026-08-20,Standard Ground,TRK-6998-5346,Delivered
5347,6999,2026-05-29 05:11:23,2026-06-02,2026-05-31,Express Courier,TRK-6999-5347,Delivered
5348,7000,2026-05-22 22:09:17,2026-05-26,2026-05-26,Express Courier,TRK-7000-5348,Delivered
5349,7001,2026-08-31 01:33:18,2026-09-04,2026-09-03,Standard Ground,TRK-7001-5349,Delivered
5350,7002,2025-09-16 12:51:21,2025-09-20,2025-09-18,Next-Day Air,TRK-7002-5350,Delivered
5351,7003,2026-06-20 20:11:13,2026-06-24,2026-06-24,Standard Ground,TRK-7003-5351,Delivered
5352,7004,2025-01-04 10:34:50,2025-01-08,2025-01-07,Next-Day Air,TRK-7004-5352,Delivered
5353,7005,2025-12-25 22:45:53,2025-12-29,,Standard Ground,TRK-7005-5353,In Transit
5354,7006,2026-02-06 18:05:19,2026-02-10,,Next-Day Air,TRK-7006-5354,In Transit
5355,7007,2025-10-15 22:49:46,2025-10-19,2025-10-20,Standard Ground,TRK-7007-5355,Delivered
5356,7008,2026-06-14 01:51:23,2026-06-18,2026-06-17,Standard Ground,TRK-7008-5356,Delivered
5357,7009,2026-04-12 15:20:32,2026-04-16,2026-04-14,Standard Ground,TRK-7009-5357,Delivered
5358,7011,2025-03-04 15:47:02,2025-03-08,2025-03-07,Next-Day Air,TRK-7011-5358,Delivered
5359,7012,2024-06-09 01:34:11,2024-06-13,2024-06-14,Next-Day Air,TRK-7012-5359,Delivered
5360,7013,2026-05-11 02:01:30,2026-05-15,2026-05-13,Standard Ground,TRK-7013-5360,Delivered
5361,7015,2026-01-28 12:02:49,2026-02-01,2026-02-02,Standard Ground,TRK-7015-5361,Delivered
5362,7016,2025-04-23 13:26:21,2025-04-27,,Express Courier,TRK-7016-5362,In Transit
5363,7017,2026-03-13 07:02:25,2026-03-17,2026-03-15,Express Courier,TRK-7017-5363,Delivered
5364,7018,2025-09-11 10:40:59,2025-09-15,,Express Courier,TRK-7018-5364,In Transit
5365,7019,2025-02-18 18:21:38,2025-02-22,2025-02-21,Next-Day Air,TRK-7019-5365,Delivered
5366,7020,2025-12-23 18:06:58,2025-12-27,2025-12-28,Next-Day Air,TRK-7020-5366,Delivered
5367,7023,2025-03-27 09:44:49,2025-03-31,,Standard Ground,TRK-7023-5367,In Transit
5368,7024,2025-09-16 08:23:18,2025-09-20,,Express Courier,TRK-7024-5368,In Transit
5369,7025,2026-03-09 16:08:49,2026-03-13,2026-03-11,Next-Day Air,TRK-7025-5369,Delivered
5370,7028,2024-12-24 23:48:28,2024-12-28,2024-12-26,Standard Ground,TRK-7028-5370,Delivered
5371,7029,2026-08-09 12:20:37,2026-08-13,2026-08-12,Standard Ground,TRK-7029-5371,Delivered
5372,7030,2025-11-15 15:22:42,2025-11-19,2025-11-18,Express Courier,TRK-7030-5372,Delivered
5373,7031,2025-04-16 10:20:03,2025-04-20,2025-04-20,Express Courier,TRK-7031-5373,Delivered
5374,7032,2026-08-09 19:21:07,2026-08-13,2026-08-11,Standard Ground,TRK-7032-5374,Delivered
5375,7034,2025-01-29 00:18:52,2025-02-02,2025-02-01,Express Courier,TRK-7034-5375,Delivered
5376,7036,2026-03-27 20:04:28,2026-03-31,2026-03-31,Next-Day Air,TRK-7036-5376,Delivered
5377,7037,2025-06-08 08:25:55,2025-06-12,2025-06-10,Express Courier,TRK-7037-5377,Delivered
5378,7039,2024-04-18 22:04:50,2024-04-22,,Express Courier,TRK-7039-5378,In Transit
5379,7040,2026-07-02 05:41:32,2026-07-06,2026-07-04,Standard Ground,TRK-7040-5379,Delivered
5380,7041,2024-11-10 17:37:30,2024-11-14,2024-11-13,Standard Ground,TRK-7041-5380,Delivered
5381,7042,2026-01-29 06:56:54,2026-02-02,,Standard Ground,TRK-7042-5381,In Transit
5382,7044,2026-01-15 01:28:33,2026-01-19,,Standard Ground,TRK-7044-5382,In Transit
5383,7045,2026-02-18 10:17:55,2026-02-22,2026-02-22,Standard Ground,TRK-7045-5383,Delivered
5384,7046,2024-04-24 10:13:17,2024-04-28,2024-04-28,Next-Day Air,TRK-7046-5384,Delivered
5385,7047,2026-04-19 03:43:23,2026-04-23,2026-04-24,Next-Day Air,TRK-7047-5385,Delivered
5386,7048,2026-02-20 18:13:38,2026-02-24,2026-02-23,Standard Ground,TRK-7048-5386,Delivered
5387,7049,2025-09-28 16:37:30,2025-10-02,2025-09-30,Next-Day Air,TRK-7049-5387,Delivered
5388,7051,2025-01-27 02:52:21,2025-01-31,2025-02-01,Express Courier,TRK-7051-5388,Delivered
5389,7053,2025-07-17 10:32:11,2025-07-21,,Next-Day Air,TRK-7053-5389,In Transit
5390,7054,2026-01-18 22:25:16,2026-01-22,,Express Courier,TRK-7054-5390,In Transit
5391,7055,2025-02-24 05:33:27,2025-02-28,2025-02-26,Express Courier,TRK-7055-5391,Delivered
5392,7056,2024-09-11 12:15:59,2024-09-15,2024-09-14,Next-Day Air,TRK-7056-5392,Delivered
5393,7057,2026-07-16 08:43:01,2026-07-20,2026-07-20,Next-Day Air,TRK-7057-5393,Delivered
5394,7059,2026-02-08 12:01:33,2026-02-12,2026-02-10,Standard Ground,TRK-7059-5394,Delivered
5395,7061,2026-04-19 22:35:11,2026-04-23,2026-04-23,Next-Day Air,TRK-7061-5395,Delivered
5396,7062,2025-06-03 13:54:50,2025-06-07,2025-06-07,Next-Day Air,TRK-7062-5396,Delivered
5397,7065,2026-08-10 16:12:19,2026-08-14,,Express Courier,TRK-7065-5397,In Transit
5398,7067,2025-09-26 16:05:12,2025-09-30,2025-10-01,Next-Day Air,TRK-7067-5398,Delivered
5399,7069,2025-10-23 08:21:02,2025-10-27,2025-10-25,Next-Day Air,TRK-7069-5399,Delivered
5400,7071,2025-12-27 22:55:36,2025-12-31,2025-12-30,Standard Ground,TRK-7071-5400,Delivered
5401,7072,2023-10-29 01:29:57,2023-11-02,2023-11-01,Next-Day Air,TRK-7072-5401,Delivered
5402,7074,2026-07-01 21:44:27,2026-07-05,2026-07-03,Express Courier,TRK-7074-5402,Delivered
5403,7075,2026-03-04 02:19:47,2026-03-08,2026-03-07,Next-Day Air,TRK-7075-5403,Delivered
5404,7076,2026-01-23 14:55:02,2026-01-27,2026-01-26,Standard Ground,TRK-7076-5404,Delivered
5405,7077,2026-07-31 16:20:07,2026-08-04,2026-08-05,Express Courier,TRK-7077-5405,Delivered
5406,7078,2026-08-14 11:40:27,2026-08-18,2026-08-19,Standard Ground,TRK-7078-5406,Delivered
5407,7080,2026-04-29 06:28:24,2026-05-03,2026-05-02,Next-Day Air,TRK-7080-5407,Delivered
5408,7081,2025-12-09 23:55:46,2025-12-13,2025-12-12,Next-Day Air,TRK-7081-5408,Delivered
5409,7084,2024-12-29 02:26:35,2025-01-02,,Next-Day Air,TRK-7084-5409,In Transit
5410,7085,2024-04-14 21:50:19,2024-04-18,2024-04-16,Next-Day Air,TRK-7085-5410,Delivered
5411,7087,2026-01-20 01:39:56,2026-01-24,2026-01-24,Next-Day Air,TRK-7087-5411,Delivered
5412,7089,2024-12-12 21:04:41,2024-12-16,,Next-Day Air,TRK-7089-5412,In Transit
5413,7090,2025-06-04 07:36:57,2025-06-08,2025-06-06,Standard Ground,TRK-7090-5413,Delivered
5414,7091,2026-08-09 01:03:21,2026-08-13,2026-08-11,Standard Ground,TRK-7091-5414,Delivered
5415,7092,2026-06-04 07:32:15,2026-06-08,2026-06-09,Express Courier,TRK-7092-5415,Delivered
5416,7093,2025-07-21 06:23:04,2025-07-25,2025-07-23,Standard Ground,TRK-7093-5416,Delivered
5417,7094,2025-10-15 12:28:07,2025-10-19,2025-10-18,Standard Ground,TRK-7094-5417,Delivered
5418,7096,2025-07-03 05:24:21,2025-07-07,,Express Courier,TRK-7096-5418,In Transit
5419,7097,2024-05-01 18:56:43,2024-05-05,2024-05-04,Express Courier,TRK-7097-5419,Delivered
5420,7098,2026-06-10 22:28:26,2026-06-14,2026-06-15,Standard Ground,TRK-7098-5420,Delivered
5421,7100,2026-03-09 19:32:04,2026-03-13,2026-03-13,Standard Ground,TRK-7100-5421,Delivered
5422,7101,2026-01-14 19:37:25,2026-01-18,2026-01-18,Standard Ground,TRK-7101-5422,Delivered
5423,7102,2024-04-14 10:25:50,2024-04-18,2024-04-17,Express Courier,TRK-7102-5423,Delivered
5424,7105,2026-07-07 04:38:36,2026-07-11,2026-07-10,Express Courier,TRK-7105-5424,Delivered
5425,7106,2026-07-12 12:39:17,2026-07-16,2026-07-17,Standard Ground,TRK-7106-5425,Delivered
5426,7107,2024-02-10 21:30:17,2024-02-14,2024-02-13,Standard Ground,TRK-7107-5426,Delivered
5427,7108,2025-03-01 08:55:19,2025-03-05,2025-03-05,Standard Ground,TRK-7108-5427,Delivered
5428,7109,2026-08-04 01:44:04,2026-08-08,2026-08-09,Next-Day Air,TRK-7109-5428,Delivered
5429,7110,2025-11-19 23:07:26,2025-11-23,2025-11-22,Next-Day Air,TRK-7110-5429,Delivered
5430,7111,2026-04-22 02:48:27,2026-04-26,2026-04-24,Express Courier,TRK-7111-5430,Delivered
5431,7113,2026-02-24 04:29:49,2026-02-28,2026-03-01,Standard Ground,TRK-7113-5431,Delivered
5432,7114,2025-01-17 20:59:17,2025-01-21,2025-01-20,Express Courier,TRK-7114-5432,Delivered
5433,7115,2025-12-30 10:15:56,2026-01-03,2026-01-02,Standard Ground,TRK-7115-5433,Delivered
5434,7116,2024-12-03 10:43:19,2024-12-07,2024-12-05,Standard Ground,TRK-7116-5434,Delivered
5435,7117,2026-07-01 21:56:01,2026-07-05,2026-07-03,Standard Ground,TRK-7117-5435,Delivered
5436,7118,2024-11-24 03:17:29,2024-11-28,,Express Courier,TRK-7118-5436,In Transit
5437,7119,2026-08-08 00:16:47,2026-08-12,2026-08-10,Next-Day Air,TRK-7119-5437,Delivered
5438,7120,2026-07-15 14:14:31,2026-07-19,2026-07-20,Next-Day Air,TRK-7120-5438,Delivered
5439,7121,2026-08-19 14:13:24,2026-08-23,2026-08-21,Next-Day Air,TRK-7121-5439,Delivered
5440,7122,2025-06-17 19:46:23,2025-06-21,,Next-Day Air,TRK-7122-5440,In Transit
5441,7124,2026-06-26 04:29:11,2026-06-30,2026-06-28,Standard Ground,TRK-7124-5441,Delivered
5442,7126,2026-05-24 04:58:16,2026-05-28,2026-05-29,Next-Day Air,TRK-7126-5442,Delivered
5443,7127,2026-08-21 19:25:47,2026-08-25,2026-08-26,Express Courier,TRK-7127-5443,Delivered
5444,7128,2026-05-22 00:41:18,2026-05-26,2026-05-24,Next-Day Air,TRK-7128-5444,Delivered
5445,7129,2026-07-13 16:47:01,2026-07-17,,Express Courier,TRK-7129-5445,In Transit
5446,7130,2026-08-01 02:23:31,2026-08-05,2026-08-04,Next-Day Air,TRK-7130-5446,Delivered
5447,7132,2026-08-09 14:54:17,2026-08-13,2026-08-13,Express Courier,TRK-7132-5447,Delivered
5448,7133,2026-08-02 01:56:08,2026-08-06,,Standard Ground,TRK-7133-5448,In Transit
5449,7134,2026-04-21 20:42:12,2026-04-25,2026-04-26,Express Courier,TRK-7134-5449,Delivered
5450,7135,2024-07-06 01:23:16,2024-07-10,2024-07-10,Standard Ground,TRK-7135-5450,Delivered
5451,7136,2025-01-01 11:35:52,2025-01-05,2025-01-03,Next-Day Air,TRK-7136-5451,Delivered
5452,7137,2026-04-07 02:10:58,2026-04-11,2026-04-10,Standard Ground,TRK-7137-5452,Delivered
5453,7138,2024-04-02 19:16:29,2024-04-06,2024-04-05,Next-Day Air,TRK-7138-5453,Delivered
5454,7139,2026-05-28 21:00:45,2026-06-01,2026-05-30,Express Courier,TRK-7139-5454,Delivered
5455,7140,2025-05-08 01:19:23,2025-05-12,2025-05-11,Next-Day Air,TRK-7140-5455,Delivered
5456,7141,2026-06-07 14:12:22,2026-06-11,2026-06-10,Next-Day Air,TRK-7141-5456,Delivered
5457,7142,2024-11-06 20:20:01,2024-11-10,,Express Courier,TRK-7142-5457,In Transit
5458,7144,2025-11-26 20:45:21,2025-11-30,2025-12-01,Express Courier,TRK-7144-5458,Delivered
5459,7146,2025-07-05 22:19:57,2025-07-09,2025-07-07,Next-Day Air,TRK-7146-5459,Delivered
5460,7148,2025-11-12 17:34:30,2025-11-16,,Express Courier,TRK-7148-5460,In Transit
5461,7149,2026-06-30 06:39:13,2026-07-04,2026-07-02,Express Courier,TRK-7149-5461,Delivered
5462,7150,2025-01-28 14:41:30,2025-02-01,2025-02-02,Standard Ground,TRK-7150-5462,Delivered
5463,7153,2025-10-16 02:13:37,2025-10-20,2025-10-20,Express Courier,TRK-7153-5463,Delivered
5464,7154,2026-02-14 05:26:02,2026-02-18,,Next-Day Air,TRK-7154-5464,In Transit
5465,7155,2026-04-04 20:57:06,2026-04-08,2026-04-07,Next-Day Air,TRK-7155-5465,Delivered
5466,7156,2026-05-09 04:01:39,2026-05-13,,Standard Ground,TRK-7156-5466,In Transit
5467,7158,2026-01-01 12:20:30,2026-01-05,,Express Courier,TRK-7158-5467,In Transit
5468,7159,2025-10-26 20:36:13,2025-10-30,2025-10-28,Standard Ground,TRK-7159-5468,Delivered
5469,7160,2026-07-07 01:42:51,2026-07-11,2026-07-10,Next-Day Air,TRK-7160-5469,Delivered
5470,7162,2024-02-09 18:44:22,2024-02-13,,Standard Ground,TRK-7162-5470,In Transit
5471,7163,2025-09-05 11:30:34,2025-09-09,2025-09-07,Next-Day Air,TRK-7163-5471,Delivered
5472,7164,2024-08-27 17:10:14,2024-08-31,2024-09-01,Next-Day Air,TRK-7164-5472,Delivered
5473,7165,2026-04-17 22:01:51,2026-04-21,2026-04-22,Express Courier,TRK-7165-5473,Delivered
5474,7167,2026-08-29 10:04:35,2026-09-02,2026-09-03,Express Courier,TRK-7167-5474,Delivered
5475,7168,2026-02-12 17:40:52,2026-02-16,,Express Courier,TRK-7168-5475,In Transit
5476,7170,2026-06-12 14:07:17,2026-06-16,,Standard Ground,TRK-7170-5476,In Transit
5477,7171,2026-08-17 13:43:27,2026-08-21,2026-08-19,Express Courier,TRK-7171-5477,Delivered
5478,7172,2026-08-16 09:28:43,2026-08-20,2026-08-18,Express Courier,TRK-7172-5478,Delivered
5479,7173,2026-09-02 15:15:46,2026-09-06,2026-09-05,Next-Day Air,TRK-7173-5479,Delivered
5480,7174,2026-02-21 02:33:57,2026-02-25,2026-02-25,Next-Day Air,TRK-7174-5480,Delivered
5481,7176,2024-07-16 23:03:24,2024-07-20,,Standard Ground,TRK-7176-5481,In Transit
5482,7178,2026-08-02 00:11:43,2026-08-06,2026-08-07,Express Courier,TRK-7178-5482,Delivered
5483,7179,2025-08-11 17:03:07,2025-08-15,2025-08-15,Express Courier,TRK-7179-5483,Delivered
5484,7180,2025-11-16 22:24:14,2025-11-20,2025-11-18,Standard Ground,TRK-7180-5484,Delivered
5485,7181,2026-03-22 08:36:09,2026-03-26,2026-03-25,Next-Day Air,TRK-7181-5485,Delivered
5486,7184,2026-05-08 10:50:34,2026-05-12,2026-05-13,Next-Day Air,TRK-7184-5486,Delivered
5487,7185,2026-05-06 07:58:51,2026-05-10,2026-05-09,Standard Ground,TRK-7185-5487,Delivered
5488,7186,2026-07-17 23:56:43,2026-07-21,2026-07-22,Next-Day Air,TRK-7186-5488,Delivered
5489,7187,2025-09-28 21:38:08,2025-10-02,2025-09-30,Next-Day Air,TRK-7187-5489,Delivered
5490,7189,2024-11-26 10:47:16,2024-11-30,2024-11-30,Standard Ground,TRK-7189-5490,Delivered
5491,7190,2026-07-11 07:26:09,2026-07-15,2026-07-13,Express Courier,TRK-7190-5491,Delivered
5492,7193,2026-06-29 04:50:38,2026-07-03,2026-07-01,Next-Day Air,TRK-7193-5492,Delivered
5493,7196,2025-03-10 15:33:04,2025-03-14,2025-03-14,Standard Ground,TRK-7196-5493,Delivered
5494,7197,2026-07-10 14:43:47,2026-07-14,2026-07-14,Next-Day Air,TRK-7197-5494,Delivered
5495,7198,2024-09-01 23:45:07,2024-09-05,2024-09-04,Express Courier,TRK-7198-5495,Delivered
5496,7200,2026-07-22 17:00:57,2026-07-26,2026-07-24,Standard Ground,TRK-7200-5496,Delivered
5497,7201,2026-04-24 04:39:03,2026-04-28,,Express Courier,TRK-7201-5497,In Transit
5498,7202,2026-08-21 23:37:24,2026-08-25,,Express Courier,TRK-7202-5498,In Transit
5499,7203,2026-07-17 04:49:32,2026-07-21,2026-07-19,Next-Day Air,TRK-7203-5499,Delivered
5500,7204,2025-10-21 21:50:47,2025-10-25,2025-10-25,Standard Ground,TRK-7204-5500,Delivered
5501,7206,2026-02-18 14:02:15,2026-02-22,2026-02-20,Next-Day Air,TRK-7206-5501,Delivered
5502,7207,2026-05-03 16:32:42,2026-05-07,2026-05-08,Next-Day Air,TRK-7207-5502,Delivered
5503,7209,2026-03-08 17:21:14,2026-03-12,2026-03-12,Express Courier,TRK-7209-5503,Delivered
5504,7211,2025-11-09 01:42:55,2025-11-13,,Next-Day Air,TRK-7211-5504,In Transit
5505,7212,2025-03-18 20:25:42,2025-03-22,2025-03-22,Standard Ground,TRK-7212-5505,Delivered
5506,7213,2025-12-20 20:16:52,2025-12-24,2025-12-25,Standard Ground,TRK-7213-5506,Delivered
5507,7216,2025-10-04 20:38:05,2025-10-08,2025-10-08,Standard Ground,TRK-7216-5507,Delivered
5508,7217,2026-03-07 13:02:39,2026-03-11,2026-03-10,Express Courier,TRK-7217-5508,Delivered
5509,7218,2024-04-03 06:50:29,2024-04-07,2024-04-06,Standard Ground,TRK-7218-5509,Delivered
5510,7219,2025-08-14 07:28:36,2025-08-18,2025-08-17,Express Courier,TRK-7219-5510,Delivered
5511,7220,2026-01-31 09:03:03,2026-02-04,2026-02-05,Express Courier,TRK-7220-5511,Delivered
5512,7221,2025-03-17 19:44:56,2025-03-21,2025-03-21,Express Courier,TRK-7221-5512,Delivered
5513,7223,2026-03-19 21:59:20,2026-03-23,2026-03-22,Standard Ground,TRK-7223-5513,Delivered
5514,7224,2026-05-23 15:20:51,2026-05-27,2026-05-26,Next-Day Air,TRK-7224-5514,Delivered
5515,7225,2026-08-23 17:49:41,2026-08-27,2026-08-27,Standard Ground,TRK-7225-5515,Delivered
5516,7226,2025-09-11 20:27:40,2025-09-15,2025-09-15,Express Courier,TRK-7226-5516,Delivered
5517,7227,2025-02-17 22:24:49,2025-02-21,2025-02-21,Next-Day Air,TRK-7227-5517,Delivered
5518,7228,2026-07-26 11:13:42,2026-07-30,2026-07-28,Standard Ground,TRK-7228-5518,Delivered
5519,7230,2024-05-28 12:07:57,2024-06-01,2024-05-30,Next-Day Air,TRK-7230-5519,Delivered
5520,7232,2026-05-25 21:59:49,2026-05-29,,Next-Day Air,TRK-7232-5520,In Transit
5521,7233,2025-10-31 16:44:04,2025-11-04,2025-11-02,Standard Ground,TRK-7233-5521,Delivered
5522,7234,2025-10-31 01:40:38,2025-11-04,2025-11-04,Express Courier,TRK-7234-5522,Delivered
5523,7236,2026-01-20 02:00:28,2026-01-24,,Standard Ground,TRK-7236-5523,In Transit
5524,7238,2024-02-14 17:45:14,2024-02-18,2024-02-17,Standard Ground,TRK-7238-5524,Delivered
5525,7239,2026-08-22 07:06:21,2026-08-26,2026-08-27,Next-Day Air,TRK-7239-5525,Delivered
5526,7240,2026-04-19 13:04:54,2026-04-23,2026-04-22,Next-Day Air,TRK-7240-5526,Delivered
5527,7241,2025-11-04 14:16:11,2025-11-08,2025-11-06,Standard Ground,TRK-7241-5527,Delivered
5528,7242,2025-10-30 02:41:06,2025-11-03,2025-11-01,Next-Day Air,TRK-7242-5528,Delivered
5529,7243,2024-01-04 14:38:46,2024-01-08,,Standard Ground,TRK-7243-5529,In Transit
5530,7244,2025-11-22 06:04:31,2025-11-26,2025-11-25,Next-Day Air,TRK-7244-5530,Delivered
5531,7245,2026-08-22 16:38:23,2026-08-26,2026-08-25,Express Courier,TRK-7245-5531,Delivered
5532,7248,2025-03-10 04:35:14,2025-03-14,2025-03-15,Next-Day Air,TRK-7248-5532,Delivered
5533,7249,2024-03-19 14:43:17,2024-03-23,2024-03-24,Next-Day Air,TRK-7249-5533,Delivered
5534,7250,2024-07-16 10:21:15,2024-07-20,2024-07-19,Standard Ground,TRK-7250-5534,Delivered
5535,7251,2026-03-04 01:52:04,2026-03-08,2026-03-08,Standard Ground,TRK-7251-5535,Delivered
5536,7252,2026-07-05 03:13:35,2026-07-09,,Express Courier,TRK-7252-5536,In Transit
5537,7253,2026-07-17 06:57:16,2026-07-21,2026-07-19,Express Courier,TRK-7253-5537,Delivered
5538,7254,2025-05-11 08:52:35,2025-05-15,2025-05-16,Next-Day Air,TRK-7254-5538,Delivered
5539,7255,2026-02-26 08:15:28,2026-03-02,2026-03-01,Express Courier,TRK-7255-5539,Delivered
5540,7256,2025-10-31 06:15:44,2025-11-04,2025-11-02,Express Courier,TRK-7256-5540,Delivered
5541,7257,2025-02-26 08:16:12,2025-03-02,2025-03-03,Standard Ground,TRK-7257-5541,Delivered
5542,7258,2024-11-22 14:58:24,2024-11-26,2024-11-27,Standard Ground,TRK-7258-5542,Delivered
5543,7259,2025-03-09 01:58:08,2025-03-13,,Standard Ground,TRK-7259-5543,In Transit
5544,7260,2025-07-14 13:16:00,2025-07-18,,Express Courier,TRK-7260-5544,In Transit
5545,7262,2026-05-09 07:55:45,2026-05-13,2026-05-12,Standard Ground,TRK-7262-5545,Delivered
5546,7263,2025-12-21 01:58:07,2025-12-25,2025-12-24,Standard Ground,TRK-7263-5546,Delivered
5547,7264,2026-06-14 05:00:13,2026-06-18,2026-06-16,Next-Day Air,TRK-7264-5547,Delivered
5548,7266,2026-05-18 18:15:24,2026-05-22,2026-05-22,Standard Ground,TRK-7266-5548,Delivered
5549,7267,2026-06-20 19:17:02,2026-06-24,2026-06-23,Next-Day Air,TRK-7267-5549,Delivered
5550,7268,2026-08-03 04:07:30,2026-08-07,2026-08-08,Standard Ground,TRK-7268-5550,Delivered
5551,7269,2025-12-17 12:22:50,2025-12-21,2025-12-19,Express Courier,TRK-7269-5551,Delivered
5552,7270,2026-01-10 08:22:40,2026-01-14,2026-01-12,Next-Day Air,TRK-7270-5552,Delivered
5553,7271,2025-10-12 03:48:54,2025-10-16,2025-10-14,Next-Day Air,TRK-7271-5553,Delivered
5554,7272,2024-09-23 00:24:01,2024-09-27,,Standard Ground,TRK-7272-5554,In Transit
5555,7273,2025-03-10 23:52:11,2025-03-14,2025-03-13,Express Courier,TRK-7273-5555,Delivered
5556,7274,2024-06-14 11:47:14,2024-06-18,2024-06-16,Next-Day Air,TRK-7274-5556,Delivered
5557,7275,2026-06-19 21:05:03,2026-06-23,,Standard Ground,TRK-7275-5557,In Transit
5558,7276,2024-07-29 06:11:18,2024-08-02,2024-07-31,Next-Day Air,TRK-7276-5558,Delivered
5559,7277,2026-07-09 05:59:18,2026-07-13,,Standard Ground,TRK-7277-5559,In Transit
5560,7278,2024-02-05 08:31:26,2024-02-09,2024-02-10,Next-Day Air,TRK-7278-5560,Delivered
5561,7279,2024-09-25 19:56:48,2024-09-29,2024-09-27,Express Courier,TRK-7279-5561,Delivered
5562,7282,2025-03-11 07:58:32,2025-03-15,2025-03-13,Express Courier,TRK-7282-5562,Delivered
5563,7283,2026-05-21 07:48:24,2026-05-25,,Express Courier,TRK-7283-5563,In Transit
5564,7284,2026-04-14 15:05:01,2026-04-18,2026-04-16,Express Courier,TRK-7284-5564,Delivered
5565,7285,2026-04-28 14:28:00,2026-05-02,2026-05-03,Next-Day Air,TRK-7285-5565,Delivered
5566,7286,2025-11-28 22:52:20,2025-12-02,2025-12-02,Next-Day Air,TRK-7286-5566,Delivered
5567,7287,2026-08-06 18:19:44,2026-08-10,2026-08-11,Next-Day Air,TRK-7287-5567,Delivered
5568,7288,2026-05-27 11:15:57,2026-05-31,2026-05-29,Express Courier,TRK-7288-5568,Delivered
5569,7289,2026-07-01 02:36:06,2026-07-05,2026-07-05,Express Courier,TRK-7289-5569,Delivered
5570,7290,2026-08-24 01:15:33,2026-08-28,,Express Courier,TRK-7290-5570,In Transit
5571,7291,2025-02-20 20:01:05,2025-02-24,2025-02-23,Standard Ground,TRK-7291-5571,Delivered
5572,7292,2024-08-28 18:19:10,2024-09-01,2024-08-31,Express Courier,TRK-7292-5572,Delivered
5573,7293,2026-07-27 23:51:33,2026-07-31,2026-08-01,Standard Ground,TRK-7293-5573,Delivered
5574,7294,2024-04-09 13:53:18,2024-04-13,2024-04-12,Next-Day Air,TRK-7294-5574,Delivered
5575,7295,2026-08-09 23:24:07,2026-08-13,2026-08-14,Express Courier,TRK-7295-5575,Delivered
5576,7297,2026-07-13 07:30:08,2026-07-17,,Standard Ground,TRK-7297-5576,In Transit
5577,7298,2026-08-04 23:25:35,2026-08-08,2026-08-06,Next-Day Air,TRK-7298-5577,Delivered
5578,7299,2026-09-02 19:18:19,2026-09-06,2026-09-05,Next-Day Air,TRK-7299-5578,Delivered
5579,7300,2026-08-27 20:52:11,2026-08-31,2026-09-01,Express Courier,TRK-7300-5579,Delivered
5580,7301,2026-03-13 21:26:02,2026-03-17,2026-03-17,Next-Day Air,TRK-7301-5580,Delivered
5581,7302,2024-08-19 09:38:04,2024-08-23,2024-08-23,Standard Ground,TRK-7302-5581,Delivered
5582,7305,2026-02-08 22:43:44,2026-02-12,2026-02-13,Express Courier,TRK-7305-5582,Delivered
5583,7306,2025-10-10 16:53:30,2025-10-14,2025-10-12,Express Courier,TRK-7306-5583,Delivered
5584,7307,2026-07-22 15:02:21,2026-07-26,2026-07-24,Standard Ground,TRK-7307-5584,Delivered
5585,7308,2025-10-30 02:08:39,2025-11-03,2025-11-01,Next-Day Air,TRK-7308-5585,Delivered
5586,7309,2026-04-13 00:52:04,2026-04-17,,Next-Day Air,TRK-7309-5586,In Transit
5587,7310,2026-08-02 03:33:39,2026-08-06,2026-08-05,Standard Ground,TRK-7310-5587,Delivered
5588,7312,2026-08-12 12:29:05,2026-08-16,2026-08-17,Express Courier,TRK-7312-5588,Delivered
5589,7313,2025-05-27 20:28:14,2025-05-31,2025-06-01,Next-Day Air,TRK-7313-5589,Delivered
5590,7314,2025-11-08 07:59:35,2025-11-12,2025-11-13,Express Courier,TRK-7314-5590,Delivered
5591,7317,2026-03-17 16:45:22,2026-03-21,2026-03-19,Standard Ground,TRK-7317-5591,Delivered
5592,7318,2025-06-28 06:07:27,2025-07-02,2025-06-30,Next-Day Air,TRK-7318-5592,Delivered
5593,7319,2026-04-01 13:30:55,2026-04-05,2026-04-06,Next-Day Air,TRK-7319-5593,Delivered
5594,7320,2026-05-20 23:37:13,2026-05-24,2026-05-25,Next-Day Air,TRK-7320-5594,Delivered
5595,7321,2024-02-29 22:30:27,2024-03-04,2024-03-04,Standard Ground,TRK-7321-5595,Delivered
5596,7322,2025-01-01 10:03:18,2025-01-05,2025-01-06,Standard Ground,TRK-7322-5596,Delivered
5597,7323,2025-09-20 18:00:50,2025-09-24,2025-09-25,Next-Day Air,TRK-7323-5597,Delivered
5598,7324,2025-09-09 00:06:41,2025-09-13,2025-09-13,Express Courier,TRK-7324-5598,Delivered
5599,7326,2025-02-24 06:25:55,2025-02-28,2025-02-28,Express Courier,TRK-7326-5599,Delivered
5600,7328,2024-04-25 03:28:27,2024-04-29,2024-04-28,Express Courier,TRK-7328-5600,Delivered
5601,7329,2025-06-05 17:51:30,2025-06-09,2025-06-10,Standard Ground,TRK-7329-5601,Delivered
5602,7330,2025-05-02 16:34:31,2025-05-06,2025-05-07,Standard Ground,TRK-7330-5602,Delivered
5603,7333,2023-09-18 17:37:25,2023-09-22,2023-09-23,Express Courier,TRK-7333-5603,Delivered
5604,7334,2026-05-28 21:22:09,2026-06-01,2026-06-02,Standard Ground,TRK-7334-5604,Delivered
5605,7335,2026-07-31 06:08:51,2026-08-04,2026-08-02,Standard Ground,TRK-7335-5605,Delivered
5606,7336,2025-09-08 22:40:08,2025-09-12,2025-09-10,Express Courier,TRK-7336-5606,Delivered
5607,7337,2025-03-16 01:14:54,2025-03-20,2025-03-19,Next-Day Air,TRK-7337-5607,Delivered
5608,7339,2026-06-04 03:36:03,2026-06-08,2026-06-06,Express Courier,TRK-7339-5608,Delivered
5609,7341,2026-07-21 14:23:28,2026-07-25,,Standard Ground,TRK-7341-5609,In Transit
5610,7342,2025-11-07 13:34:44,2025-11-11,2025-11-09,Standard Ground,TRK-7342-5610,Delivered
5611,7344,2024-05-16 05:27:38,2024-05-20,2024-05-19,Standard Ground,TRK-7344-5611,Delivered
5612,7345,2026-07-12 07:30:16,2026-07-16,2026-07-16,Next-Day Air,TRK-7345-5612,Delivered
5613,7346,2025-06-22 15:38:40,2025-06-26,2025-06-24,Express Courier,TRK-7346-5613,Delivered
5614,7347,2026-08-12 23:36:53,2026-08-16,2026-08-14,Standard Ground,TRK-7347-5614,Delivered
5615,7348,2025-08-15 09:29:31,2025-08-19,2025-08-19,Standard Ground,TRK-7348-5615,Delivered
5616,7351,2026-06-04 16:26:22,2026-06-08,2026-06-08,Standard Ground,TRK-7351-5616,Delivered
5617,7352,2026-08-23 19:43:04,2026-08-27,,Express Courier,TRK-7352-5617,In Transit
5618,7353,2026-08-14 00:38:03,2026-08-18,,Express Courier,TRK-7353-5618,In Transit
5619,7354,2026-08-05 08:09:07,2026-08-09,,Next-Day Air,TRK-7354-5619,In Transit
5620,7355,2025-10-20 17:54:24,2025-10-24,2025-10-22,Next-Day Air,TRK-7355-5620,Delivered
5621,7356,2026-05-02 21:55:31,2026-05-06,2026-05-07,Express Courier,TRK-7356-5621,Delivered
5622,7359,2026-04-11 11:13:25,2026-04-15,2026-04-15,Next-Day Air,TRK-7359-5622,Delivered
5623,7360,2026-02-01 23:39:28,2026-02-05,2026-02-06,Standard Ground,TRK-7360-5623,Delivered
5624,7361,2025-03-03 12:23:45,2025-03-07,,Next-Day Air,TRK-7361-5624,In Transit
5625,7362,2025-10-18 12:35:53,2025-10-22,2025-10-22,Next-Day Air,TRK-7362-5625,Delivered
5626,7363,2026-08-09 18:43:50,2026-08-13,2026-08-14,Next-Day Air,TRK-7363-5626,Delivered
5627,7366,2025-09-24 14:22:41,2025-09-28,2025-09-27,Standard Ground,TRK-7366-5627,Delivered
5628,7367,2026-06-17 01:37:39,2026-06-21,2026-06-22,Next-Day Air,TRK-7367-5628,Delivered
5629,7368,2026-06-04 05:31:11,2026-06-08,2026-06-09,Next-Day Air,TRK-7368-5629,Delivered
5630,7369,2025-07-22 20:50:52,2025-07-26,2025-07-27,Standard Ground,TRK-7369-5630,Delivered
5631,7372,2025-11-16 04:36:51,2025-11-20,2025-11-21,Next-Day Air,TRK-7372-5631,Delivered
5632,7373,2026-02-04 17:24:34,2026-02-08,,Express Courier,TRK-7373-5632,In Transit
5633,7374,2026-04-07 10:03:40,2026-04-11,2026-04-10,Express Courier,TRK-7374-5633,Delivered
5634,7375,2026-08-26 14:05:28,2026-08-30,2026-08-28,Standard Ground,TRK-7375-5634,Delivered
5635,7376,2025-05-20 20:05:06,2025-05-24,,Next-Day Air,TRK-7376-5635,In Transit
5636,7377,2026-05-09 13:41:50,2026-05-13,2026-05-14,Next-Day Air,TRK-7377-5636,Delivered
5637,7379,2026-06-20 02:50:51,2026-06-24,2026-06-25,Express Courier,TRK-7379-5637,Delivered
5638,7381,2026-03-20 00:45:16,2026-03-24,,Standard Ground,TRK-7381-5638,In Transit
5639,7382,2024-08-13 16:07:24,2024-08-17,,Express Courier,TRK-7382-5639,In Transit
5640,7383,2026-02-03 18:59:03,2026-02-07,,Next-Day Air,TRK-7383-5640,In Transit
5641,7384,2025-09-29 03:20:42,2025-10-03,2025-10-02,Express Courier,TRK-7384-5641,Delivered
5642,7386,2026-09-02 18:56:39,2026-09-06,2026-09-04,Next-Day Air,TRK-7386-5642,Delivered
5643,7387,2026-07-22 09:34:24,2026-07-26,2026-07-24,Express Courier,TRK-7387-5643,Delivered
5644,7388,2026-05-06 17:41:51,2026-05-10,2026-05-09,Next-Day Air,TRK-7388-5644,Delivered
5645,7390,2025-11-07 23:38:59,2025-11-11,2025-11-12,Next-Day Air,TRK-7390-5645,Delivered
5646,7391,2026-07-15 17:52:40,2026-07-19,2026-07-17,Next-Day Air,TRK-7391-5646,Delivered
5647,7393,2024-10-18 16:54:32,2024-10-22,2024-10-23,Standard Ground,TRK-7393-5647,Delivered
5648,7394,2026-04-27 16:00:36,2026-05-01,2026-04-30,Standard Ground,TRK-7394-5648,Delivered
5649,7395,2025-10-25 21:00:36,2025-10-29,2025-10-28,Next-Day Air,TRK-7395-5649,Delivered
5650,7396,2025-08-09 10:07:56,2025-08-13,2025-08-13,Next-Day Air,TRK-7396-5650,Delivered
5651,7397,2025-07-08 10:32:27,2025-07-12,2025-07-10,Standard Ground,TRK-7397-5651,Delivered
5652,7398,2025-11-06 02:20:25,2025-11-10,2025-11-09,Express Courier,TRK-7398-5652,Delivered
5653,7399,2026-03-10 16:48:18,2026-03-14,2026-03-15,Standard Ground,TRK-7399-5653,Delivered
5654,7400,2026-08-02 16:28:18,2026-08-06,2026-08-05,Express Courier,TRK-7400-5654,Delivered
5655,7401,2026-04-29 16:12:20,2026-05-03,2026-05-01,Standard Ground,TRK-7401-5655,Delivered
5656,7402,2026-03-22 05:21:17,2026-03-26,2026-03-27,Next-Day Air,TRK-7402-5656,Delivered
5657,7403,2026-03-28 07:01:11,2026-04-01,2026-04-01,Standard Ground,TRK-7403-5657,Delivered
5658,7404,2024-10-12 02:10:21,2024-10-16,2024-10-16,Next-Day Air,TRK-7404-5658,Delivered
5659,7405,2024-07-08 23:03:27,2024-07-12,2024-07-12,Next-Day Air,TRK-7405-5659,Delivered
5660,7406,2025-08-24 18:56:35,2025-08-28,2025-08-29,Express Courier,TRK-7406-5660,Delivered
5661,7407,2026-05-31 22:29:52,2026-06-04,,Standard Ground,TRK-7407-5661,In Transit
5662,7408,2026-08-02 22:32:00,2026-08-06,2026-08-07,Next-Day Air,TRK-7408-5662,Delivered
5663,7409,2026-06-11 02:36:27,2026-06-15,,Standard Ground,TRK-7409-5663,In Transit
5664,7410,2026-03-17 14:22:53,2026-03-21,,Express Courier,TRK-7410-5664,In Transit
5665,7411,2025-06-04 03:49:32,2025-06-08,,Express Courier,TRK-7411-5665,In Transit
5666,7414,2025-06-07 01:13:02,2025-06-11,2025-06-11,Express Courier,TRK-7414-5666,Delivered
5667,7415,2026-06-07 17:32:25,2026-06-11,2026-06-09,Express Courier,TRK-7415-5667,Delivered
5668,7416,2026-02-24 19:38:15,2026-02-28,2026-02-27,Next-Day Air,TRK-7416-5668,Delivered
5669,7417,2026-05-24 09:04:56,2026-05-28,2026-05-26,Express Courier,TRK-7417-5669,Delivered
5670,7418,2026-08-18 02:51:11,2026-08-22,2026-08-22,Next-Day Air,TRK-7418-5670,Delivered
5671,7419,2026-01-10 18:46:16,2026-01-14,2026-01-12,Next-Day Air,TRK-7419-5671,Delivered
5672,7421,2026-03-31 16:17:37,2026-04-04,2026-04-03,Next-Day Air,TRK-7421-5672,Delivered
5673,7422,2025-04-18 04:22:54,2025-04-22,2025-04-20,Next-Day Air,TRK-7422-5673,Delivered
5674,7424,2025-12-18 03:35:11,2025-12-22,2025-12-23,Standard Ground,TRK-7424-5674,Delivered
5675,7425,2025-12-06 10:24:29,2025-12-10,2025-12-08,Next-Day Air,TRK-7425-5675,Delivered
5676,7426,2025-09-29 20:38:05,2025-10-03,2025-10-01,Standard Ground,TRK-7426-5676,Delivered
5677,7427,2026-05-03 21:31:05,2026-05-07,2026-05-07,Express Courier,TRK-7427-5677,Delivered
5678,7428,2026-06-29 23:31:39,2026-07-03,2026-07-02,Standard Ground,TRK-7428-5678,Delivered
5679,7429,2025-02-13 02:24:52,2025-02-17,2025-02-18,Express Courier,TRK-7429-5679,Delivered
5680,7430,2025-11-15 17:02:17,2025-11-19,2025-11-19,Next-Day Air,TRK-7430-5680,Delivered
5681,7431,2025-06-01 15:53:02,2025-06-05,2025-06-03,Express Courier,TRK-7431-5681,Delivered
5682,7432,2026-08-31 10:25:15,2026-09-04,2026-09-02,Next-Day Air,TRK-7432-5682,Delivered
5683,7436,2024-12-15 18:11:56,2024-12-19,2024-12-20,Standard Ground,TRK-7436-5683,Delivered
5684,7437,2026-08-30 18:04:02,2026-09-03,2026-09-02,Next-Day Air,TRK-7437-5684,Delivered
5685,7438,2026-08-03 11:34:18,2026-08-07,2026-08-06,Express Courier,TRK-7438-5685,Delivered
5686,7439,2025-10-05 00:26:45,2025-10-09,2025-10-07,Express Courier,TRK-7439-5686,Delivered
5687,7440,2026-04-28 08:13:21,2026-05-02,2026-04-30,Standard Ground,TRK-7440-5687,Delivered
5688,7441,2026-07-07 01:28:27,2026-07-11,2026-07-09,Standard Ground,TRK-7441-5688,Delivered
5689,7442,2024-11-14 05:57:22,2024-11-18,2024-11-17,Next-Day Air,TRK-7442-5689,Delivered
5690,7443,2026-08-24 12:15:31,2026-08-28,,Next-Day Air,TRK-7443-5690,In Transit
5691,7444,2025-11-10 01:10:57,2025-11-14,2025-11-15,Next-Day Air,TRK-7444-5691,Delivered
5692,7446,2026-08-18 02:53:51,2026-08-22,2026-08-23,Express Courier,TRK-7446-5692,Delivered
5693,7447,2026-02-21 22:20:48,2026-02-25,2026-02-26,Next-Day Air,TRK-7447-5693,Delivered
5694,7448,2025-11-15 09:55:08,2025-11-19,2025-11-19,Express Courier,TRK-7448-5694,Delivered
5695,7451,2026-06-11 01:12:04,2026-06-15,,Next-Day Air,TRK-7451-5695,In Transit
5696,7452,2026-06-23 09:29:14,2026-06-27,2026-06-28,Next-Day Air,TRK-7452-5696,Delivered
5697,7453,2024-11-09 04:46:23,2024-11-13,2024-11-12,Express Courier,TRK-7453-5697,Delivered
5698,7454,2026-06-02 11:07:55,2026-06-06,2026-06-05,Next-Day Air,TRK-7454-5698,Delivered
5699,7455,2024-09-03 04:49:47,2024-09-07,2024-09-08,Standard Ground,TRK-7455-5699,Delivered
5700,7456,2026-05-16 16:54:31,2026-05-20,2026-05-18,Express Courier,TRK-7456-5700,Delivered
5701,7457,2026-08-04 23:13:55,2026-08-08,2026-08-09,Next-Day Air,TRK-7457-5701,Delivered
5702,7459,2026-06-09 19:39:01,2026-06-13,2026-06-13,Standard Ground,TRK-7459-5702,Delivered
5703,7460,2026-06-23 14:03:24,2026-06-27,2026-06-26,Next-Day Air,TRK-7460-5703,Delivered
5704,7461,2026-03-27 21:06:44,2026-03-31,2026-03-31,Next-Day Air,TRK-7461-5704,Delivered
5705,7463,2026-04-25 19:25:24,2026-04-29,2026-04-27,Express Courier,TRK-7463-5705,Delivered
5706,7465,2026-05-12 22:02:07,2026-05-16,2026-05-14,Standard Ground,TRK-7465-5706,Delivered
5707,7466,2026-01-19 20:47:05,2026-01-23,2026-01-21,Next-Day Air,TRK-7466-5707,Delivered
5708,7468,2026-05-29 01:05:59,2026-06-02,2026-06-01,Next-Day Air,TRK-7468-5708,Delivered
5709,7469,2026-06-03 06:49:10,2026-06-07,2026-06-05,Standard Ground,TRK-7469-5709,Delivered
5710,7470,2026-08-17 07:46:31,2026-08-21,2026-08-19,Standard Ground,TRK-7470-5710,Delivered
5711,7472,2025-03-11 11:16:39,2025-03-15,2025-03-13,Standard Ground,TRK-7472-5711,Delivered
5712,7473,2026-07-30 10:49:13,2026-08-03,2026-08-01,Next-Day Air,TRK-7473-5712,Delivered
5713,7474,2024-09-28 06:01:18,2024-10-02,,Express Courier,TRK-7474-5713,In Transit
5714,7475,2026-04-06 04:02:59,2026-04-10,2026-04-09,Next-Day Air,TRK-7475-5714,Delivered
5715,7476,2025-01-25 10:56:02,2025-01-29,2025-01-30,Standard Ground,TRK-7476-5715,Delivered
5716,7477,2026-01-13 09:22:08,2026-01-17,2026-01-16,Express Courier,TRK-7477-5716,Delivered
5717,7478,2026-03-16 14:16:30,2026-03-20,,Express Courier,TRK-7478-5717,In Transit
5718,7479,2025-03-20 09:01:42,2025-03-24,2025-03-25,Next-Day Air,TRK-7479-5718,Delivered
5719,7480,2025-07-29 14:08:06,2025-08-02,2025-08-01,Express Courier,TRK-7480-5719,Delivered
5720,7481,2026-06-25 07:12:17,2026-06-29,2026-06-29,Standard Ground,TRK-7481-5720,Delivered
5721,7482,2026-06-22 15:34:00,2026-06-26,2026-06-26,Express Courier,TRK-7482-5721,Delivered
5722,7483,2026-08-24 09:41:22,2026-08-28,2026-08-26,Standard Ground,TRK-7483-5722,Delivered
5723,7484,2026-08-23 06:56:16,2026-08-27,2026-08-25,Standard Ground,TRK-7484-5723,Delivered
5724,7487,2024-05-26 13:35:59,2024-05-30,2024-05-30,Next-Day Air,TRK-7487-5724,Delivered
5725,7488,2025-06-10 15:05:02,2025-06-14,2025-06-14,Next-Day Air,TRK-7488-5725,Delivered
5726,7489,2026-06-14 19:07:14,2026-06-18,2026-06-16,Next-Day Air,TRK-7489-5726,Delivered
5727,7491,2025-03-22 16:03:52,2025-03-26,2025-03-25,Next-Day Air,TRK-7491-5727,Delivered
5728,7493,2025-04-15 20:04:38,2025-04-19,2025-04-19,Next-Day Air,TRK-7493-5728,Delivered
5729,7495,2026-08-15 08:53:43,2026-08-19,,Express Courier,TRK-7495-5729,In Transit
5730,7496,2025-05-22 17:47:10,2025-05-26,,Standard Ground,TRK-7496-5730,In Transit
5731,7497,2026-08-02 02:22:53,2026-08-06,2026-08-06,Standard Ground,TRK-7497-5731,Delivered
5732,7498,2025-05-07 23:19:11,2025-05-11,,Next-Day Air,TRK-7498-5732,In Transit
5733,7499,2026-08-26 09:34:21,2026-08-30,2026-08-31,Next-Day Air,TRK-7499-5733,Delivered
5734,7500,2025-06-11 00:44:54,2025-06-15,2025-06-14,Next-Day Air,TRK-7500-5734,Delivered
5735,7501,2025-03-20 04:44:13,2025-03-24,2025-03-24,Standard Ground,TRK-7501-5735,Delivered
5736,7502,2026-06-16 16:04:45,2026-06-20,2026-06-19,Next-Day Air,TRK-7502-5736,Delivered
5737,7504,2024-03-12 07:07:16,2024-03-16,2024-03-15,Standard Ground,TRK-7504-5737,Delivered
5738,7505,2025-03-18 21:28:48,2025-03-22,2025-03-21,Standard Ground,TRK-7505-5738,Delivered
5739,7506,2025-08-03 16:04:40,2025-08-07,,Standard Ground,TRK-7506-5739,In Transit
5740,7507,2026-06-26 06:18:32,2026-06-30,2026-06-28,Standard Ground,TRK-7507-5740,Delivered
5741,7509,2025-06-07 02:23:02,2025-06-11,2025-06-12,Standard Ground,TRK-7509-5741,Delivered
5742,7510,2025-07-14 11:35:48,2025-07-18,2025-07-19,Next-Day Air,TRK-7510-5742,Delivered
5743,7511,2025-10-27 23:49:37,2025-10-31,2025-10-30,Next-Day Air,TRK-7511-5743,Delivered
5744,7512,2026-08-13 08:46:49,2026-08-17,2026-08-18,Standard Ground,TRK-7512-5744,Delivered
5745,7514,2025-06-11 13:52:07,2025-06-15,,Standard Ground,TRK-7514-5745,In Transit
5746,7515,2026-04-30 04:21:10,2026-05-04,2026-05-02,Express Courier,TRK-7515-5746,Delivered
5747,7516,2026-06-06 18:14:28,2026-06-10,2026-06-10,Next-Day Air,TRK-7516-5747,Delivered
5748,7517,2026-05-01 18:01:52,2026-05-05,2026-05-03,Express Courier,TRK-7517-5748,Delivered
5749,7518,2024-07-14 15:43:21,2024-07-18,2024-07-18,Standard Ground,TRK-7518-5749,Delivered
5750,7520,2025-05-24 14:23:44,2025-05-28,2025-05-27,Express Courier,TRK-7520-5750,Delivered
5751,7521,2024-12-07 16:26:32,2024-12-11,2024-12-12,Next-Day Air,TRK-7521-5751,Delivered
5752,7523,2026-08-27 23:18:07,2026-08-31,2026-08-31,Express Courier,TRK-7523-5752,Delivered
5753,7525,2026-06-15 14:02:39,2026-06-19,,Standard Ground,TRK-7525-5753,In Transit
5754,7526,2025-04-13 20:12:17,2025-04-17,2025-04-16,Express Courier,TRK-7526-5754,Delivered
5755,7527,2026-04-19 14:26:47,2026-04-23,2026-04-24,Express Courier,TRK-7527-5755,Delivered
5756,7528,2026-02-06 08:36:34,2026-02-10,2026-02-09,Standard Ground,TRK-7528-5756,Delivered
5757,7529,2024-05-25 16:02:27,2024-05-29,2024-05-27,Standard Ground,TRK-7529-5757,Delivered
5758,7530,2026-06-16 09:15:38,2026-06-20,,Next-Day Air,TRK-7530-5758,In Transit
5759,7532,2026-05-02 22:44:24,2026-05-06,2026-05-07,Express Courier,TRK-7532-5759,Delivered
5760,7534,2026-08-24 18:29:34,2026-08-28,2026-08-28,Express Courier,TRK-7534-5760,Delivered
5761,7536,2025-01-17 19:44:43,2025-01-21,2025-01-19,Standard Ground,TRK-7536-5761,Delivered
5762,7537,2026-05-07 19:19:03,2026-05-11,,Next-Day Air,TRK-7537-5762,In Transit
5763,7538,2025-02-21 20:55:58,2025-02-25,2025-02-23,Next-Day Air,TRK-7538-5763,Delivered
5764,7540,2025-08-27 15:25:29,2025-08-31,2025-08-29,Express Courier,TRK-7540-5764,Delivered
5765,7541,2026-06-27 03:22:13,2026-07-01,,Standard Ground,TRK-7541-5765,In Transit
5766,7542,2026-03-20 09:33:39,2026-03-24,,Express Courier,TRK-7542-5766,In Transit
5767,7543,2026-05-05 22:18:28,2026-05-09,,Express Courier,TRK-7543-5767,In Transit
5768,7544,2026-07-10 04:10:53,2026-07-14,2026-07-15,Next-Day Air,TRK-7544-5768,Delivered
5769,7545,2026-08-28 04:27:30,2026-09-01,,Standard Ground,TRK-7545-5769,In Transit
5770,7546,2026-07-06 22:23:02,2026-07-10,2026-07-09,Next-Day Air,TRK-7546-5770,Delivered
5771,7547,2025-06-20 04:11:44,2025-06-24,2025-06-24,Express Courier,TRK-7547-5771,Delivered
5772,7548,2026-05-30 09:00:27,2026-06-03,,Next-Day Air,TRK-7548-5772,In Transit
5773,7549,2025-07-19 17:48:43,2025-07-23,2025-07-22,Next-Day Air,TRK-7549-5773,Delivered
5774,7550,2025-11-07 18:59:10,2025-11-11,,Next-Day Air,TRK-7550-5774,In Transit
5775,7551,2025-06-05 00:44:58,2025-06-09,2025-06-07,Standard Ground,TRK-7551-5775,Delivered
5776,7553,2026-03-22 11:29:15,2026-03-26,2026-03-24,Express Courier,TRK-7553-5776,Delivered
5777,7554,2025-04-20 20:58:26,2025-04-24,2025-04-24,Next-Day Air,TRK-7554-5777,Delivered
5778,7555,2026-02-21 02:03:16,2026-02-25,2026-02-23,Express Courier,TRK-7555-5778,Delivered
5779,7557,2026-05-15 03:02:39,2026-05-19,2026-05-20,Standard Ground,TRK-7557-5779,Delivered
5780,7558,2025-11-05 17:01:09,2025-11-09,2025-11-10,Next-Day Air,TRK-7558-5780,Delivered
5781,7560,2026-07-07 08:44:35,2026-07-11,,Express Courier,TRK-7560-5781,In Transit
5782,7561,2026-03-18 04:00:00,2026-03-22,,Next-Day Air,TRK-7561-5782,In Transit
5783,7562,2025-01-17 04:04:32,2025-01-21,,Next-Day Air,TRK-7562-5783,In Transit
5784,7563,2026-06-03 20:31:03,2026-06-07,2026-06-08,Standard Ground,TRK-7563-5784,Delivered
5785,7564,2026-03-21 22:48:08,2026-03-25,2026-03-23,Express Courier,TRK-7564-5785,Delivered
5786,7567,2024-04-23 22:06:33,2024-04-27,2024-04-25,Express Courier,TRK-7567-5786,Delivered
5787,7568,2026-08-19 23:43:48,2026-08-23,2026-08-24,Next-Day Air,TRK-7568-5787,Delivered
5788,7569,2026-05-19 19:33:31,2026-05-23,2026-05-23,Next-Day Air,TRK-7569-5788,Delivered
5789,7570,2026-03-01 01:14:43,2026-03-05,2026-03-06,Standard Ground,TRK-7570-5789,Delivered
5790,7571,2024-10-18 09:41:01,2024-10-22,2024-10-20,Standard Ground,TRK-7571-5790,Delivered
5791,7573,2024-04-22 23:25:27,2024-04-26,2024-04-27,Standard Ground,TRK-7573-5791,Delivered
5792,7576,2024-05-03 20:21:41,2024-05-07,2024-05-08,Express Courier,TRK-7576-5792,Delivered
5793,7577,2025-07-16 23:36:04,2025-07-20,,Express Courier,TRK-7577-5793,In Transit
5794,7578,2026-07-25 10:23:21,2026-07-29,,Standard Ground,TRK-7578-5794,In Transit
5795,7579,2025-01-26 06:59:46,2025-01-30,2025-01-28,Express Courier,TRK-7579-5795,Delivered
5796,7580,2026-03-17 08:12:05,2026-03-21,2026-03-21,Express Courier,TRK-7580-5796,Delivered
5797,7581,2025-03-21 10:52:38,2025-03-25,,Next-Day Air,TRK-7581-5797,In Transit
5798,7582,2025-06-08 22:17:36,2025-06-12,,Next-Day Air,TRK-7582-5798,In Transit
5799,7584,2026-05-20 16:00:30,2026-05-24,,Express Courier,TRK-7584-5799,In Transit
5800,7585,2026-08-31 21:45:51,2026-09-04,2026-09-03,Express Courier,TRK-7585-5800,Delivered
5801,7586,2025-05-18 01:28:27,2025-05-22,2025-05-20,Standard Ground,TRK-7586-5801,Delivered
5802,7587,2026-02-16 16:41:43,2026-02-20,2026-02-19,Express Courier,TRK-7587-5802,Delivered
5803,7588,2026-01-16 16:51:34,2026-01-20,,Express Courier,TRK-7588-5803,In Transit
5804,7592,2025-06-02 11:10:22,2025-06-06,2025-06-07,Next-Day Air,TRK-7592-5804,Delivered
5805,7593,2026-03-21 23:16:58,2026-03-25,2026-03-26,Express Courier,TRK-7593-5805,Delivered
5806,7595,2026-06-28 15:34:51,2026-07-02,,Standard Ground,TRK-7595-5806,In Transit
5807,7596,2026-02-20 11:34:08,2026-02-24,2026-02-22,Standard Ground,TRK-7596-5807,Delivered
5808,7599,2026-05-03 20:31:27,2026-05-07,,Next-Day Air,TRK-7599-5808,In Transit
5809,7600,2024-11-21 22:42:12,2024-11-25,2024-11-25,Next-Day Air,TRK-7600-5809,Delivered
5810,7601,2025-04-07 20:53:48,2025-04-11,2025-04-12,Express Courier,TRK-7601-5810,Delivered
5811,7602,2026-08-28 13:26:54,2026-09-01,2026-09-01,Express Courier,TRK-7602-5811,Delivered
5812,7604,2026-03-04 07:05:16,2026-03-08,,Express Courier,TRK-7604-5812,In Transit
5813,7605,2026-07-14 14:26:40,2026-07-18,2026-07-17,Standard Ground,TRK-7605-5813,Delivered
5814,7607,2026-03-12 09:41:18,2026-03-16,2026-03-17,Next-Day Air,TRK-7607-5814,Delivered
5815,7608,2024-09-06 05:37:57,2024-09-10,,Express Courier,TRK-7608-5815,In Transit
5816,7609,2025-04-18 14:23:10,2025-04-22,,Next-Day Air,TRK-7609-5816,In Transit
5817,7610,2025-06-01 16:26:33,2025-06-05,2025-06-06,Standard Ground,TRK-7610-5817,Delivered
5818,7611,2026-09-02 04:13:52,2026-09-06,,Express Courier,TRK-7611-5818,In Transit
5819,7613,2025-07-22 17:01:26,2025-07-26,2025-07-27,Next-Day Air,TRK-7613-5819,Delivered
5820,7614,2023-10-15 11:10:54,2023-10-19,2023-10-18,Express Courier,TRK-7614-5820,Delivered
5821,7615,2025-08-09 05:22:00,2025-08-13,2025-08-14,Standard Ground,TRK-7615-5821,Delivered
5822,7616,2026-05-20 19:59:31,2026-05-24,2026-05-25,Express Courier,TRK-7616-5822,Delivered
5823,7618,2026-07-01 17:52:13,2026-07-05,2026-07-05,Next-Day Air,TRK-7618-5823,Delivered
5824,7619,2025-11-30 17:43:53,2025-12-04,2025-12-02,Standard Ground,TRK-7619-5824,Delivered
5825,7621,2026-05-18 20:40:30,2026-05-22,2026-05-23,Express Courier,TRK-7621-5825,Delivered
5826,7623,2025-12-05 20:06:42,2025-12-09,2025-12-10,Standard Ground,TRK-7623-5826,Delivered
5827,7624,2026-04-24 07:01:40,2026-04-28,2026-04-26,Express Courier,TRK-7624-5827,Delivered
5828,7625,2025-09-03 13:53:05,2025-09-07,,Standard Ground,TRK-7625-5828,In Transit
5829,7626,2026-06-23 09:18:49,2026-06-27,,Express Courier,TRK-7626-5829,In Transit
5830,7628,2026-03-06 16:38:22,2026-03-10,2026-03-08,Next-Day Air,TRK-7628-5830,Delivered
5831,7630,2025-01-18 10:12:20,2025-01-22,2025-01-23,Express Courier,TRK-7630-5831,Delivered
5832,7631,2024-09-09 19:51:51,2024-09-13,2024-09-12,Standard Ground,TRK-7631-5832,Delivered
5833,7632,2026-04-24 18:07:13,2026-04-28,2026-04-28,Express Courier,TRK-7632-5833,Delivered
5834,7633,2025-10-07 09:25:54,2025-10-11,2025-10-11,Standard Ground,TRK-7633-5834,Delivered
5835,7637,2025-11-21 07:35:16,2025-11-25,2025-11-24,Next-Day Air,TRK-7637-5835,Delivered
5836,7638,2026-07-22 11:20:38,2026-07-26,2026-07-26,Standard Ground,TRK-7638-5836,Delivered
5837,7639,2026-03-06 12:33:00,2026-03-10,2026-03-11,Next-Day Air,TRK-7639-5837,Delivered
5838,7640,2025-07-31 19:53:13,2025-08-04,2025-08-04,Standard Ground,TRK-7640-5838,Delivered
5839,7641,2026-08-06 09:39:05,2026-08-10,2026-08-11,Express Courier,TRK-7641-5839,Delivered
5840,7642,2026-08-14 19:18:19,2026-08-18,2026-08-19,Standard Ground,TRK-7642-5840,Delivered
5841,7643,2025-09-20 06:00:53,2025-09-24,2025-09-25,Next-Day Air,TRK-7643-5841,Delivered
5842,7644,2025-09-04 00:16:19,2025-09-08,2025-09-07,Next-Day Air,TRK-7644-5842,Delivered
5843,7645,2025-02-08 17:55:51,2025-02-12,2025-02-12,Standard Ground,TRK-7645-5843,Delivered
5844,7646,2026-02-28 10:00:44,2026-03-04,2026-03-05,Next-Day Air,TRK-7646-5844,Delivered
5845,7647,2026-06-03 15:13:52,2026-06-07,2026-06-08,Standard Ground,TRK-7647-5845,Delivered
5846,7648,2024-12-24 18:13:14,2024-12-28,2024-12-26,Next-Day Air,TRK-7648-5846,Delivered
5847,7649,2026-05-30 02:45:44,2026-06-03,2026-06-03,Next-Day Air,TRK-7649-5847,Delivered
5848,7650,2024-12-18 14:52:32,2024-12-22,2024-12-22,Express Courier,TRK-7650-5848,Delivered
5849,7651,2025-12-16 19:12:04,2025-12-20,2025-12-21,Express Courier,TRK-7651-5849,Delivered
5850,7652,2025-12-13 16:36:52,2025-12-17,2025-12-18,Express Courier,TRK-7652-5850,Delivered
5851,7653,2025-01-18 12:23:36,2025-01-22,2025-01-23,Next-Day Air,TRK-7653-5851,Delivered
5852,7654,2025-10-18 15:14:49,2025-10-22,2025-10-22,Standard Ground,TRK-7654-5852,Delivered
5853,7655,2026-08-01 08:48:35,2026-08-05,2026-08-04,Express Courier,TRK-7655-5853,Delivered
5854,7656,2026-03-18 21:20:58,2026-03-22,,Standard Ground,TRK-7656-5854,In Transit
5855,7658,2026-06-02 22:33:36,2026-06-06,2026-06-07,Next-Day Air,TRK-7658-5855,Delivered
5856,7659,2026-02-12 19:55:23,2026-02-16,2026-02-14,Standard Ground,TRK-7659-5856,Delivered
5857,7661,2026-06-03 21:36:58,2026-06-07,2026-06-08,Next-Day Air,TRK-7661-5857,Delivered
5858,7662,2026-08-09 05:12:27,2026-08-13,2026-08-13,Express Courier,TRK-7662-5858,Delivered
5859,7663,2026-07-05 01:00:45,2026-07-09,2026-07-10,Express Courier,TRK-7663-5859,Delivered
5860,7664,2026-09-01 20:20:16,2026-09-05,2026-09-05,Standard Ground,TRK-7664-5860,Delivered
5861,7665,2026-07-15 04:19:01,2026-07-19,2026-07-20,Next-Day Air,TRK-7665-5861,Delivered
5862,7669,2024-10-27 22:42:46,2024-10-31,2024-11-01,Next-Day Air,TRK-7669-5862,Delivered
5863,7670,2026-06-20 20:09:29,2026-06-24,2026-06-23,Next-Day Air,TRK-7670-5863,Delivered
5864,7671,2026-06-23 05:41:31,2026-06-27,2026-06-28,Next-Day Air,TRK-7671-5864,Delivered
5865,7672,2025-07-10 09:20:13,2025-07-14,2025-07-14,Standard Ground,TRK-7672-5865,Delivered
5866,7674,2025-05-09 09:47:03,2025-05-13,2025-05-12,Express Courier,TRK-7674-5866,Delivered
5867,7675,2025-07-28 23:12:31,2025-08-01,2025-08-01,Standard Ground,TRK-7675-5867,Delivered
5868,7677,2025-04-30 09:44:30,2025-05-04,2025-05-04,Standard Ground,TRK-7677-5868,Delivered
5869,7678,2025-02-20 04:53:29,2025-02-24,2025-02-22,Express Courier,TRK-7678-5869,Delivered
5870,7679,2026-04-24 20:49:08,2026-04-28,2026-04-28,Next-Day Air,TRK-7679-5870,Delivered
5871,7681,2026-02-12 17:13:01,2026-02-16,2026-02-17,Express Courier,TRK-7681-5871,Delivered
5872,7684,2026-03-28 03:18:57,2026-04-01,2026-03-30,Standard Ground,TRK-7684-5872,Delivered
5873,7685,2026-01-07 14:52:33,2026-01-11,2026-01-09,Next-Day Air,TRK-7685-5873,Delivered
5874,7687,2026-02-12 13:15:51,2026-02-16,2026-02-15,Standard Ground,TRK-7687-5874,Delivered
5875,7689,2026-06-19 09:06:46,2026-06-23,2026-06-22,Express Courier,TRK-7689-5875,Delivered
5876,7690,2025-12-10 11:00:15,2025-12-14,2025-12-12,Express Courier,TRK-7690-5876,Delivered
5877,7691,2025-05-05 15:41:25,2025-05-09,2025-05-10,Express Courier,TRK-7691-5877,Delivered
5878,7693,2026-05-15 19:26:30,2026-05-19,2026-05-20,Express Courier,TRK-7693-5878,Delivered
5879,7694,2026-05-28 05:34:21,2026-06-01,,Next-Day Air,TRK-7694-5879,In Transit
5880,7695,2026-09-02 21:41:44,2026-09-06,2026-09-07,Express Courier,TRK-7695-5880,Delivered
5881,7696,2025-04-03 09:04:14,2025-04-07,2025-04-06,Standard Ground,TRK-7696-5881,Delivered
5882,7697,2025-08-13 05:23:57,2025-08-17,2025-08-15,Express Courier,TRK-7697-5882,Delivered
5883,7698,2024-07-29 05:51:40,2024-08-02,2024-08-03,Express Courier,TRK-7698-5883,Delivered
5884,7699,2025-01-27 20:16:45,2025-01-31,2025-01-30,Next-Day Air,TRK-7699-5884,Delivered
5885,7702,2026-04-12 19:38:57,2026-04-16,2026-04-15,Express Courier,TRK-7702-5885,Delivered
5886,7703,2026-08-16 16:27:38,2026-08-20,,Next-Day Air,TRK-7703-5886,In Transit
5887,7705,2026-06-18 22:11:52,2026-06-22,2026-06-20,Next-Day Air,TRK-7705-5887,Delivered
5888,7706,2026-05-22 03:54:23,2026-05-26,2026-05-27,Express Courier,TRK-7706-5888,Delivered
5889,7707,2026-02-01 13:12:39,2026-02-05,2026-02-06,Standard Ground,TRK-7707-5889,Delivered
5890,7709,2025-12-19 08:48:28,2025-12-23,2025-12-21,Next-Day Air,TRK-7709-5890,Delivered
5891,7712,2026-07-24 09:47:03,2026-07-28,2026-07-28,Standard Ground,TRK-7712-5891,Delivered
5892,7713,2026-04-03 18:48:28,2026-04-07,,Express Courier,TRK-7713-5892,In Transit
5893,7714,2026-01-01 21:17:54,2026-01-05,2026-01-03,Express Courier,TRK-7714-5893,Delivered
5894,7715,2025-06-29 04:22:18,2025-07-03,2025-07-04,Next-Day Air,TRK-7715-5894,Delivered
5895,7716,2024-12-30 14:13:32,2025-01-03,2025-01-02,Standard Ground,TRK-7716-5895,Delivered
5896,7717,2026-09-02 09:03:51,2026-09-06,2026-09-07,Next-Day Air,TRK-7717-5896,Delivered
5897,7719,2026-05-02 12:39:53,2026-05-06,2026-05-04,Standard Ground,TRK-7719-5897,Delivered
5898,7720,2026-08-08 14:19:57,2026-08-12,2026-08-13,Express Courier,TRK-7720-5898,Delivered
5899,7721,2026-07-05 21:50:49,2026-07-09,2026-07-08,Standard Ground,TRK-7721-5899,Delivered
5900,7723,2026-03-19 08:45:51,2026-03-23,2026-03-24,Standard Ground,TRK-7723-5900,Delivered
5901,7724,2025-04-28 17:38:47,2025-05-02,2025-04-30,Next-Day Air,TRK-7724-5901,Delivered
5902,7725,2025-12-18 21:37:59,2025-12-22,2025-12-22,Express Courier,TRK-7725-5902,Delivered
5903,7726,2026-06-06 19:47:37,2026-06-10,,Standard Ground,TRK-7726-5903,In Transit
5904,7727,2025-07-23 11:16:48,2025-07-27,2025-07-25,Next-Day Air,TRK-7727-5904,Delivered
5905,7730,2026-04-24 23:11:37,2026-04-28,2026-04-27,Standard Ground,TRK-7730-5905,Delivered
5906,7731,2024-01-05 09:02:06,2024-01-09,2024-01-09,Standard Ground,TRK-7731-5906,Delivered
5907,7732,2026-08-13 01:25:56,2026-08-17,,Next-Day Air,TRK-7732-5907,In Transit
5908,7734,2026-07-26 18:19:20,2026-07-30,2026-07-29,Standard Ground,TRK-7734-5908,Delivered
5909,7735,2026-08-05 10:31:25,2026-08-09,2026-08-09,Next-Day Air,TRK-7735-5909,Delivered
5910,7737,2025-01-06 14:30:27,2025-01-10,2025-01-10,Next-Day Air,TRK-7737-5910,Delivered
5911,7738,2026-04-10 03:45:29,2026-04-14,,Express Courier,TRK-7738-5911,In Transit
5912,7740,2025-11-19 08:24:39,2025-11-23,2025-11-24,Standard Ground,TRK-7740-5912,Delivered
5913,7741,2026-08-19 00:58:24,2026-08-23,2026-08-23,Express Courier,TRK-7741-5913,Delivered
5914,7742,2026-03-08 08:48:54,2026-03-12,2026-03-12,Standard Ground,TRK-7742-5914,Delivered
5915,7743,2024-10-15 02:22:38,2024-10-19,,Next-Day Air,TRK-7743-5915,In Transit
5916,7746,2026-08-15 16:28:29,2026-08-19,2026-08-20,Standard Ground,TRK-7746-5916,Delivered
5917,7747,2026-05-05 07:45:02,2026-05-09,2026-05-09,Next-Day Air,TRK-7747-5917,Delivered
5918,7748,2025-07-27 07:39:26,2025-07-31,2025-08-01,Standard Ground,TRK-7748-5918,Delivered
5919,7749,2024-09-09 05:25:51,2024-09-13,,Standard Ground,TRK-7749-5919,In Transit
5920,7750,2024-10-08 22:56:11,2024-10-12,2024-10-13,Express Courier,TRK-7750-5920,Delivered
5921,7752,2026-05-22 13:33:13,2026-05-26,2026-05-27,Express Courier,TRK-7752-5921,Delivered
5922,7753,2026-07-22 17:07:31,2026-07-26,2026-07-25,Standard Ground,TRK-7753-5922,Delivered
5923,7754,2026-02-12 23:37:08,2026-02-16,2026-02-16,Next-Day Air,TRK-7754-5923,Delivered
5924,7755,2026-06-26 19:24:08,2026-06-30,2026-06-29,Standard Ground,TRK-7755-5924,Delivered
5925,7757,2026-08-06 02:14:17,2026-08-10,2026-08-11,Next-Day Air,TRK-7757-5925,Delivered
5926,7758,2025-12-03 01:26:53,2025-12-07,2025-12-06,Next-Day Air,TRK-7758-5926,Delivered
5927,7759,2025-12-19 04:52:09,2025-12-23,2025-12-23,Standard Ground,TRK-7759-5927,Delivered
5928,7760,2026-01-02 07:55:37,2026-01-06,2026-01-05,Standard Ground,TRK-7760-5928,Delivered
5929,7761,2026-07-11 15:09:07,2026-07-15,2026-07-16,Next-Day Air,TRK-7761-5929,Delivered
5930,7762,2024-10-15 12:53:10,2024-10-19,2024-10-17,Express Courier,TRK-7762-5930,Delivered
5931,7763,2026-01-13 07:51:54,2026-01-17,,Next-Day Air,TRK-7763-5931,In Transit
5932,7764,2026-03-16 20:23:03,2026-03-20,2026-03-19,Standard Ground,TRK-7764-5932,Delivered
5933,7765,2026-08-22 02:20:06,2026-08-26,2026-08-26,Express Courier,TRK-7765-5933,Delivered
5934,7766,2025-06-05 16:23:00,2025-06-09,2025-06-09,Express Courier,TRK-7766-5934,Delivered
5935,7767,2026-07-01 02:35:02,2026-07-05,,Express Courier,TRK-7767-5935,In Transit
5936,7768,2025-05-11 23:16:34,2025-05-15,2025-05-13,Next-Day Air,TRK-7768-5936,Delivered
5937,7771,2025-03-05 14:50:25,2025-03-09,2025-03-07,Express Courier,TRK-7771-5937,Delivered
5938,7774,2026-07-12 19:40:27,2026-07-16,2026-07-14,Express Courier,TRK-7774-5938,Delivered
5939,7775,2026-03-30 13:54:45,2026-04-03,2026-04-02,Standard Ground,TRK-7775-5939,Delivered
5940,7776,2026-08-16 08:25:12,2026-08-20,2026-08-20,Standard Ground,TRK-7776-5940,Delivered
5941,7777,2026-02-10 08:20:00,2026-02-14,2026-02-15,Standard Ground,TRK-7777-5941,Delivered
5942,7778,2024-06-14 09:35:37,2024-06-18,,Next-Day Air,TRK-7778-5942,In Transit
5943,7779,2025-03-31 10:06:33,2025-04-04,2025-04-03,Standard Ground,TRK-7779-5943,Delivered
5944,7780,2026-06-01 00:36:39,2026-06-05,,Next-Day Air,TRK-7780-5944,In Transit
5945,7781,2025-09-30 10:50:52,2025-10-04,2025-10-02,Express Courier,TRK-7781-5945,Delivered
5946,7782,2026-06-16 05:35:17,2026-06-20,2026-06-21,Standard Ground,TRK-7782-5946,Delivered
5947,7783,2025-10-06 00:44:59,2025-10-10,2025-10-09,Standard Ground,TRK-7783-5947,Delivered
5948,7784,2026-01-04 08:01:21,2026-01-08,2026-01-09,Express Courier,TRK-7784-5948,Delivered
5949,7785,2026-02-28 21:20:44,2026-03-04,2026-03-05,Standard Ground,TRK-7785-5949,Delivered
5950,7786,2026-02-15 11:37:16,2026-02-19,2026-02-18,Standard Ground,TRK-7786-5950,Delivered
5951,7787,2025-01-13 20:48:06,2025-01-17,2025-01-16,Express Courier,TRK-7787-5951,Delivered
5952,7788,2025-09-24 05:59:20,2025-09-28,2025-09-26,Express Courier,TRK-7788-5952,Delivered
5953,7789,2026-05-22 16:41:57,2026-05-26,,Express Courier,TRK-7789-5953,In Transit
5954,7790,2026-06-19 19:34:01,2026-06-23,2026-06-21,Standard Ground,TRK-7790-5954,Delivered
5955,7791,2025-02-01 17:41:59,2025-02-05,,Next-Day Air,TRK-7791-5955,In Transit
5956,7792,2025-08-30 17:26:34,2025-09-03,,Express Courier,TRK-7792-5956,In Transit
5957,7793,2025-07-31 13:30:25,2025-08-04,2025-08-02,Express Courier,TRK-7793-5957,Delivered
5958,7794,2026-07-24 00:35:18,2026-07-28,2026-07-29,Express Courier,TRK-7794-5958,Delivered
5959,7795,2025-09-22 23:33:50,2025-09-26,2025-09-27,Express Courier,TRK-7795-5959,Delivered
5960,7796,2026-03-17 23:12:14,2026-03-21,2026-03-20,Standard Ground,TRK-7796-5960,Delivered
5961,7797,2025-03-14 16:25:11,2025-03-18,2025-03-17,Standard Ground,TRK-7797-5961,Delivered
5962,7799,2026-05-18 10:07:44,2026-05-22,,Standard Ground,TRK-7799-5962,In Transit
5963,7800,2026-03-31 06:24:46,2026-04-04,,Standard Ground,TRK-7800-5963,In Transit
5964,7801,2025-07-12 10:58:14,2025-07-16,2025-07-16,Next-Day Air,TRK-7801-5964,Delivered
5965,7803,2026-08-15 10:20:53,2026-08-19,,Next-Day Air,TRK-7803-5965,In Transit
5966,7804,2025-11-30 15:29:43,2025-12-04,2025-12-03,Express Courier,TRK-7804-5966,Delivered
5967,7807,2026-08-30 15:54:19,2026-09-03,2026-09-02,Next-Day Air,TRK-7807-5967,Delivered
5968,7808,2025-10-04 02:17:49,2025-10-08,2025-10-08,Next-Day Air,TRK-7808-5968,Delivered
5969,7809,2026-03-28 17:32:30,2026-04-01,2026-04-01,Standard Ground,TRK-7809-5969,Delivered
5970,7810,2025-12-12 19:16:14,2025-12-16,2025-12-16,Express Courier,TRK-7810-5970,Delivered
5971,7811,2026-06-06 07:02:43,2026-06-10,2026-06-10,Standard Ground,TRK-7811-5971,Delivered
5972,7813,2025-10-14 11:41:07,2025-10-18,2025-10-18,Standard Ground,TRK-7813-5972,Delivered
5973,7814,2026-02-16 16:01:17,2026-02-20,,Standard Ground,TRK-7814-5973,In Transit
5974,7815,2024-10-06 22:42:07,2024-10-10,2024-10-08,Next-Day Air,TRK-7815-5974,Delivered
5975,7816,2023-12-25 02:03:00,2023-12-29,2023-12-28,Next-Day Air,TRK-7816-5975,Delivered
5976,7817,2026-09-01 14:02:41,2026-09-05,,Standard Ground,TRK-7817-5976,In Transit
5977,7818,2025-02-14 21:46:29,2025-02-18,2025-02-17,Express Courier,TRK-7818-5977,Delivered
5978,7819,2025-07-21 06:08:07,2025-07-25,2025-07-24,Express Courier,TRK-7819-5978,Delivered
5979,7820,2026-03-20 08:23:56,2026-03-24,2026-03-25,Express Courier,TRK-7820-5979,Delivered
5980,7821,2025-11-10 17:46:36,2025-11-14,2025-11-15,Next-Day Air,TRK-7821-5980,Delivered
5981,7822,2026-08-30 14:06:49,2026-09-03,2026-09-04,Express Courier,TRK-7822-5981,Delivered
5982,7823,2025-12-19 21:08:08,2025-12-23,2025-12-24,Express Courier,TRK-7823-5982,Delivered
5983,7824,2025-12-07 18:44:00,2025-12-11,2025-12-09,Express Courier,TRK-7824-5983,Delivered
5984,7825,2025-04-27 15:53:03,2025-05-01,2025-05-01,Express Courier,TRK-7825-5984,Delivered
5985,7826,2026-01-19 19:43:39,2026-01-23,2026-01-21,Express Courier,TRK-7826-5985,Delivered
5986,7831,2026-04-28 03:52:44,2026-05-02,,Express Courier,TRK-7831-5986,In Transit
5987,7832,2024-09-18 07:22:25,2024-09-22,2024-09-20,Standard Ground,TRK-7832-5987,Delivered
5988,7833,2025-09-27 20:21:29,2025-10-01,2025-09-30,Next-Day Air,TRK-7833-5988,Delivered
5989,7835,2025-12-05 18:12:07,2025-12-09,2025-12-08,Standard Ground,TRK-7835-5989,Delivered
5990,7836,2025-05-23 02:23:32,2025-05-27,2025-05-28,Express Courier,TRK-7836-5990,Delivered
5991,7839,2026-05-20 04:09:45,2026-05-24,2026-05-22,Express Courier,TRK-7839-5991,Delivered
5992,7841,2026-04-03 15:51:09,2026-04-07,2026-04-08,Standard Ground,TRK-7841-5992,Delivered
5993,7842,2025-06-20 15:24:55,2025-06-24,2025-06-24,Standard Ground,TRK-7842-5993,Delivered
5994,7843,2026-07-15 02:54:18,2026-07-19,,Standard Ground,TRK-7843-5994,In Transit
5995,7845,2024-09-26 08:13:02,2024-09-30,2024-09-28,Express Courier,TRK-7845-5995,Delivered
5996,7846,2024-02-29 05:55:02,2024-03-04,2024-03-03,Express Courier,TRK-7846-5996,Delivered
5997,7847,2026-04-15 02:33:36,2026-04-19,2026-04-20,Next-Day Air,TRK-7847-5997,Delivered
5998,7848,2024-05-04 01:09:11,2024-05-08,2024-05-08,Express Courier,TRK-7848-5998,Delivered
5999,7849,2025-07-23 23:05:41,2025-07-27,2025-07-28,Next-Day Air,TRK-7849-5999,Delivered
6000,7850,2026-01-24 06:46:13,2026-01-28,2026-01-26,Next-Day Air,TRK-7850-6000,Delivered
6001,7851,2026-03-23 21:37:38,2026-03-27,2026-03-25,Next-Day Air,TRK-7851-6001,Delivered
6002,7852,2026-07-08 22:43:24,2026-07-12,,Next-Day Air,TRK-7852-6002,In Transit
6003,7854,2026-02-10 21:47:48,2026-02-14,,Standard Ground,TRK-7854-6003,In Transit
6004,7855,2026-05-01 05:13:40,2026-05-05,2026-05-03,Next-Day Air,TRK-7855-6004,Delivered
6005,7856,2024-12-16 02:54:32,2024-12-20,2024-12-20,Express Courier,TRK-7856-6005,Delivered
6006,7859,2026-06-08 12:04:07,2026-06-12,2026-06-11,Express Courier,TRK-7859-6006,Delivered
6007,7860,2026-02-10 22:17:21,2026-02-14,2026-02-12,Next-Day Air,TRK-7860-6007,Delivered
6008,7861,2025-01-04 02:32:27,2025-01-08,2025-01-06,Express Courier,TRK-7861-6008,Delivered
6009,7862,2026-07-03 21:58:27,2026-07-07,2026-07-06,Standard Ground,TRK-7862-6009,Delivered
6010,7863,2026-04-16 21:52:27,2026-04-20,2026-04-20,Express Courier,TRK-7863-6010,Delivered
6011,7864,2025-05-27 07:38:00,2025-05-31,2025-05-29,Express Courier,TRK-7864-6011,Delivered
6012,7865,2024-11-02 10:12:01,2024-11-06,2024-11-04,Next-Day Air,TRK-7865-6012,Delivered
6013,7867,2026-08-18 14:44:35,2026-08-22,,Next-Day Air,TRK-7867-6013,In Transit
6014,7868,2026-08-21 12:56:04,2026-08-25,2026-08-25,Express Courier,TRK-7868-6014,Delivered
6015,7869,2025-08-12 06:13:43,2025-08-16,2025-08-17,Next-Day Air,TRK-7869-6015,Delivered
6016,7870,2025-04-24 04:24:20,2025-04-28,2025-04-26,Express Courier,TRK-7870-6016,Delivered
6017,7871,2026-04-11 07:23:53,2026-04-15,2026-04-13,Next-Day Air,TRK-7871-6017,Delivered
6018,7872,2026-04-14 03:10:14,2026-04-18,2026-04-18,Next-Day Air,TRK-7872-6018,Delivered
6019,7873,2025-12-30 13:10:58,2026-01-03,2026-01-01,Next-Day Air,TRK-7873-6019,Delivered
6020,7874,2026-01-31 03:30:37,2026-02-04,2026-02-05,Express Courier,TRK-7874-6020,Delivered
6021,7875,2025-11-10 15:25:18,2025-11-14,2025-11-13,Standard Ground,TRK-7875-6021,Delivered
6022,7876,2025-06-19 15:57:32,2025-06-23,2025-06-24,Standard Ground,TRK-7876-6022,Delivered
6023,7878,2026-01-11 14:54:05,2026-01-15,2026-01-16,Express Courier,TRK-7878-6023,Delivered
6024,7880,2024-12-21 13:05:55,2024-12-25,2024-12-25,Standard Ground,TRK-7880-6024,Delivered
6025,7881,2025-02-13 02:01:44,2025-02-17,2025-02-18,Next-Day Air,TRK-7881-6025,Delivered
6026,7883,2025-08-16 09:13:26,2025-08-20,2025-08-19,Next-Day Air,TRK-7883-6026,Delivered
6027,7887,2025-08-23 08:21:54,2025-08-27,,Standard Ground,TRK-7887-6027,In Transit
6028,7888,2026-07-23 09:13:14,2026-07-27,2026-07-25,Next-Day Air,TRK-7888-6028,Delivered
6029,7890,2026-01-13 12:06:26,2026-01-17,2026-01-17,Express Courier,TRK-7890-6029,Delivered
6030,7892,2026-08-07 23:06:05,2026-08-11,2026-08-10,Next-Day Air,TRK-7892-6030,Delivered
6031,7893,2025-04-27 09:57:31,2025-05-01,2025-05-02,Express Courier,TRK-7893-6031,Delivered
6032,7894,2026-02-28 02:34:42,2026-03-04,2026-03-05,Standard Ground,TRK-7894-6032,Delivered
6033,7895,2026-01-15 08:17:36,2026-01-19,2026-01-17,Next-Day Air,TRK-7895-6033,Delivered
6034,7896,2026-07-10 06:46:56,2026-07-14,2026-07-14,Next-Day Air,TRK-7896-6034,Delivered
6035,7897,2026-07-25 16:33:39,2026-07-29,2026-07-29,Standard Ground,TRK-7897-6035,Delivered
6036,7898,2026-01-14 20:11:54,2026-01-18,2026-01-18,Express Courier,TRK-7898-6036,Delivered
6037,7899,2026-08-05 01:27:52,2026-08-09,2026-08-10,Express Courier,TRK-7899-6037,Delivered
6038,7900,2026-01-26 13:25:18,2026-01-30,2026-01-28,Express Courier,TRK-7900-6038,Delivered
6039,7901,2024-02-14 18:27:33,2024-02-18,2024-02-16,Express Courier,TRK-7901-6039,Delivered
6040,7902,2024-07-04 03:56:52,2024-07-08,2024-07-07,Standard Ground,TRK-7902-6040,Delivered
6041,7903,2023-11-23 16:31:10,2023-11-27,2023-11-27,Next-Day Air,TRK-7903-6041,Delivered
6042,7904,2026-04-23 10:24:34,2026-04-27,2026-04-28,Standard Ground,TRK-7904-6042,Delivered
6043,7905,2026-05-13 04:44:31,2026-05-17,2026-05-15,Express Courier,TRK-7905-6043,Delivered
6044,7906,2024-11-14 20:44:46,2024-11-18,,Next-Day Air,TRK-7906-6044,In Transit
6045,7907,2026-08-24 19:00:25,2026-08-28,,Next-Day Air,TRK-7907-6045,In Transit
6046,7908,2024-12-14 21:28:43,2024-12-18,2024-12-19,Express Courier,TRK-7908-6046,Delivered
6047,7909,2026-02-14 16:47:12,2026-02-18,2026-02-17,Next-Day Air,TRK-7909-6047,Delivered
6048,7910,2026-04-26 20:24:23,2026-04-30,2026-04-30,Express Courier,TRK-7910-6048,Delivered
6049,7911,2026-06-23 11:54:39,2026-06-27,2026-06-28,Express Courier,TRK-7911-6049,Delivered
6050,7912,2025-10-26 03:59:28,2025-10-30,2025-10-30,Express Courier,TRK-7912-6050,Delivered
6051,7913,2025-04-05 14:21:14,2025-04-09,,Next-Day Air,TRK-7913-6051,In Transit
6052,7915,2025-11-12 18:10:17,2025-11-16,,Express Courier,TRK-7915-6052,In Transit
6053,7916,2026-08-05 01:32:11,2026-08-09,2026-08-10,Next-Day Air,TRK-7916-6053,Delivered
6054,7919,2026-08-28 07:41:37,2026-09-01,2026-09-02,Express Courier,TRK-7919-6054,Delivered
6055,7920,2026-08-18 23:52:31,2026-08-22,2026-08-21,Standard Ground,TRK-7920-6055,Delivered
6056,7921,2026-05-20 15:51:37,2026-05-24,2026-05-22,Standard Ground,TRK-7921-6056,Delivered
6057,7922,2025-10-08 14:45:28,2025-10-12,2025-10-12,Standard Ground,TRK-7922-6057,Delivered
6058,7923,2026-08-21 20:16:20,2026-08-25,2026-08-25,Express Courier,TRK-7923-6058,Delivered
6059,7925,2026-02-01 06:12:11,2026-02-05,,Next-Day Air,TRK-7925-6059,In Transit
6060,7927,2025-05-26 13:06:04,2025-05-30,2025-05-28,Express Courier,TRK-7927-6060,Delivered
6061,7928,2026-01-14 09:27:59,2026-01-18,2026-01-16,Next-Day Air,TRK-7928-6061,Delivered
6062,7929,2026-07-24 22:16:19,2026-07-28,2026-07-26,Next-Day Air,TRK-7929-6062,Delivered
6063,7931,2025-02-17 01:14:05,2025-02-21,2025-02-22,Express Courier,TRK-7931-6063,Delivered
6064,7932,2026-07-03 15:10:31,2026-07-07,2026-07-08,Standard Ground,TRK-7932-6064,Delivered
6065,7933,2024-09-25 16:49:43,2024-09-29,2024-09-28,Express Courier,TRK-7933-6065,Delivered
6066,7934,2025-10-16 17:21:45,2025-10-20,2025-10-21,Next-Day Air,TRK-7934-6066,Delivered
6067,7935,2026-04-08 03:17:29,2026-04-12,2026-04-13,Next-Day Air,TRK-7935-6067,Delivered
6068,7936,2026-02-21 12:04:20,2026-02-25,2026-02-25,Next-Day Air,TRK-7936-6068,Delivered
6069,7937,2026-08-29 05:00:05,2026-09-02,2026-08-31,Express Courier,TRK-7937-6069,Delivered
6070,7938,2026-08-31 17:09:22,2026-09-04,2026-09-02,Express Courier,TRK-7938-6070,Delivered
6071,7939,2026-08-14 10:11:00,2026-08-18,,Express Courier,TRK-7939-6071,In Transit
6072,7940,2026-07-29 20:35:12,2026-08-02,2026-08-03,Standard Ground,TRK-7940-6072,Delivered
6073,7941,2026-02-22 00:35:44,2026-02-26,2026-02-27,Next-Day Air,TRK-7941-6073,Delivered
6074,7942,2025-01-11 21:57:38,2025-01-15,2025-01-15,Express Courier,TRK-7942-6074,Delivered
6075,7943,2025-08-07 00:46:06,2025-08-11,2025-08-12,Express Courier,TRK-7943-6075,Delivered
6076,7944,2024-03-14 18:52:53,2024-03-18,2024-03-18,Standard Ground,TRK-7944-6076,Delivered
6077,7946,2026-05-17 10:58:10,2026-05-21,2026-05-22,Express Courier,TRK-7946-6077,Delivered
6078,7948,2025-10-19 03:03:20,2025-10-23,2025-10-21,Next-Day Air,TRK-7948-6078,Delivered
6079,7949,2025-06-19 05:48:33,2025-06-23,2025-06-23,Next-Day Air,TRK-7949-6079,Delivered
6080,7950,2026-06-30 20:22:03,2026-07-04,2026-07-05,Express Courier,TRK-7950-6080,Delivered
6081,7952,2026-08-24 03:43:30,2026-08-28,2026-08-26,Express Courier,TRK-7952-6081,Delivered
6082,7953,2025-09-06 08:15:05,2025-09-10,2025-09-09,Next-Day Air,TRK-7953-6082,Delivered
6083,7955,2024-04-19 05:44:14,2024-04-23,2024-04-22,Next-Day Air,TRK-7955-6083,Delivered
6084,7956,2026-06-23 04:34:20,2026-06-27,2026-06-28,Standard Ground,TRK-7956-6084,Delivered
6085,7957,2024-06-18 23:14:44,2024-06-22,,Express Courier,TRK-7957-6085,In Transit
6086,7958,2025-04-21 05:25:34,2025-04-25,2025-04-24,Standard Ground,TRK-7958-6086,Delivered
6087,7960,2025-06-17 16:07:08,2025-06-21,2025-06-22,Standard Ground,TRK-7960-6087,Delivered
6088,7961,2025-08-29 08:49:56,2025-09-02,2025-09-02,Express Courier,TRK-7961-6088,Delivered
6089,7962,2026-03-13 20:45:19,2026-03-17,2026-03-15,Next-Day Air,TRK-7962-6089,Delivered
6090,7963,2026-07-18 16:04:01,2026-07-22,2026-07-22,Standard Ground,TRK-7963-6090,Delivered
6091,7964,2026-08-30 01:59:04,2026-09-03,2026-09-04,Standard Ground,TRK-7964-6091,Delivered
6092,7965,2026-01-12 14:20:07,2026-01-16,,Standard Ground,TRK-7965-6092,In Transit
6093,7966,2024-11-05 23:27:38,2024-11-09,2024-11-08,Express Courier,TRK-7966-6093,Delivered
6094,7967,2025-03-05 23:18:09,2025-03-09,,Next-Day Air,TRK-7967-6094,In Transit
6095,7968,2025-12-25 07:11:22,2025-12-29,2025-12-30,Express Courier,TRK-7968-6095,Delivered
6096,7969,2026-08-12 19:25:55,2026-08-16,2026-08-15,Standard Ground,TRK-7969-6096,Delivered
6097,7972,2025-06-25 21:11:41,2025-06-29,2025-06-30,Express Courier,TRK-7972-6097,Delivered
6098,7974,2026-02-01 19:28:44,2026-02-05,2026-02-06,Next-Day Air,TRK-7974-6098,Delivered
6099,7975,2025-08-06 03:56:47,2025-08-10,2025-08-10,Standard Ground,TRK-7975-6099,Delivered
6100,7976,2025-01-22 17:45:39,2025-01-26,2025-01-25,Express Courier,TRK-7976-6100,Delivered
6101,7977,2025-08-14 07:42:03,2025-08-18,2025-08-19,Express Courier,TRK-7977-6101,Delivered
6102,7978,2025-06-07 06:14:14,2025-06-11,2025-06-09,Next-Day Air,TRK-7978-6102,Delivered
6103,7981,2026-05-04 19:07:51,2026-05-08,,Express Courier,TRK-7981-6103,In Transit
6104,7982,2026-08-23 14:54:22,2026-08-27,2026-08-27,Express Courier,TRK-7982-6104,Delivered
6105,7984,2024-08-27 16:01:23,2024-08-31,,Standard Ground,TRK-7984-6105,In Transit
6106,7985,2025-02-23 20:37:42,2025-02-27,2025-02-26,Standard Ground,TRK-7985-6106,Delivered
6107,7987,2025-03-10 03:01:44,2025-03-14,2025-03-15,Standard Ground,TRK-7987-6107,Delivered
6108,7988,2026-04-29 13:05:02,2026-05-03,2026-05-03,Standard Ground,TRK-7988-6108,Delivered
6109,7989,2026-06-11 18:01:33,2026-06-15,2026-06-16,Express Courier,TRK-7989-6109,Delivered
6110,7990,2026-07-11 11:39:45,2026-07-15,2026-07-16,Standard Ground,TRK-7990-6110,Delivered
6111,7994,2026-06-27 19:08:41,2026-07-01,,Express Courier,TRK-7994-6111,In Transit
6112,7995,2025-08-08 09:11:50,2025-08-12,2025-08-11,Express Courier,TRK-7995-6112,Delivered
6113,7996,2026-08-13 11:58:31,2026-08-17,2026-08-18,Express Courier,TRK-7996-6113,Delivered
6114,7997,2026-04-27 09:55:09,2026-05-01,,Express Courier,TRK-7997-6114,In Transit
6115,7998,2026-08-22 13:37:41,2026-08-26,2026-08-24,Express Courier,TRK-7998-6115,Delivered
6116,7999,2026-02-08 10:03:13,2026-02-12,2026-02-12,Standard Ground,TRK-7999-6116,Delivered
6117,8000,2026-06-22 22:43:24,2026-06-26,2026-06-24,Next-Day Air,TRK-8000-6117,Delivered
6118,8001,2026-08-17 06:10:05,2026-08-21,2026-08-19,Standard Ground,TRK-8001-6118,Delivered
6119,8002,2024-11-21 17:39:13,2024-11-25,,Next-Day Air,TRK-8002-6119,In Transit
6120,8004,2026-07-05 09:01:05,2026-07-09,,Standard Ground,TRK-8004-6120,In Transit
6121,8006,2026-07-24 05:43:16,2026-07-28,2026-07-27,Next-Day Air,TRK-8006-6121,Delivered
6122,8009,2026-05-22 23:54:43,2026-05-26,2026-05-26,Express Courier,TRK-8009-6122,Delivered
6123,8011,2025-11-05 10:32:06,2025-11-09,2025-11-07,Next-Day Air,TRK-8011-6123,Delivered
6124,8012,2026-04-27 00:45:38,2026-05-01,2026-05-01,Next-Day Air,TRK-8012-6124,Delivered
6125,8015,2025-11-30 00:59:59,2025-12-04,2025-12-05,Express Courier,TRK-8015-6125,Delivered
6126,8016,2026-06-28 14:22:45,2026-07-02,2026-06-30,Express Courier,TRK-8016-6126,Delivered
6127,8017,2025-09-20 12:16:38,2025-09-24,2025-09-25,Express Courier,TRK-8017-6127,Delivered
6128,8018,2025-10-29 11:20:45,2025-11-02,2025-11-02,Express Courier,TRK-8018-6128,Delivered
6129,8019,2025-02-05 05:02:38,2025-02-09,,Standard Ground,TRK-8019-6129,In Transit
6130,8020,2026-03-09 19:12:04,2026-03-13,2026-03-11,Standard Ground,TRK-8020-6130,Delivered
6131,8021,2025-12-26 11:46:01,2025-12-30,2025-12-28,Next-Day Air,TRK-8021-6131,Delivered
6132,8022,2025-09-25 15:01:58,2025-09-29,2025-09-27,Express Courier,TRK-8022-6132,Delivered
6133,8023,2026-05-21 23:47:02,2026-05-25,2026-05-24,Express Courier,TRK-8023-6133,Delivered
6134,8024,2026-08-29 17:18:40,2026-09-02,2026-08-31,Standard Ground,TRK-8024-6134,Delivered
6135,8025,2025-05-11 19:47:53,2025-05-15,2025-05-14,Next-Day Air,TRK-8025-6135,Delivered
6136,8026,2026-05-24 23:48:10,2026-05-28,2026-05-28,Express Courier,TRK-8026-6136,Delivered
6137,8027,2023-09-30 18:05:59,2023-10-04,2023-10-04,Next-Day Air,TRK-8027-6137,Delivered
6138,8028,2026-03-02 21:54:47,2026-03-06,,Standard Ground,TRK-8028-6138,In Transit
6139,8029,2025-12-27 08:51:23,2025-12-31,2025-12-30,Express Courier,TRK-8029-6139,Delivered
6140,8030,2025-04-09 01:12:18,2025-04-13,2025-04-12,Next-Day Air,TRK-8030-6140,Delivered
6141,8031,2026-03-29 18:00:24,2026-04-02,2026-04-03,Express Courier,TRK-8031-6141,Delivered
6142,8032,2025-07-20 11:19:27,2025-07-24,2025-07-24,Standard Ground,TRK-8032-6142,Delivered
6143,8033,2025-09-02 00:32:24,2025-09-06,2025-09-04,Standard Ground,TRK-8033-6143,Delivered
6144,8034,2025-07-14 21:42:45,2025-07-18,2025-07-17,Express Courier,TRK-8034-6144,Delivered
6145,8035,2026-03-30 19:05:40,2026-04-03,2026-04-02,Express Courier,TRK-8035-6145,Delivered
6146,8036,2026-07-16 10:22:36,2026-07-20,,Standard Ground,TRK-8036-6146,In Transit
6147,8037,2026-02-09 21:15:23,2026-02-13,2026-02-12,Standard Ground,TRK-8037-6147,Delivered
6148,8038,2024-10-04 13:15:10,2024-10-08,2024-10-09,Next-Day Air,TRK-8038-6148,Delivered
6149,8041,2026-04-07 00:34:24,2026-04-11,2026-04-10,Next-Day Air,TRK-8041-6149,Delivered
6150,8042,2025-07-06 02:59:26,2025-07-10,2025-07-08,Next-Day Air,TRK-8042-6150,Delivered
6151,8044,2026-07-04 02:08:07,2026-07-08,2026-07-07,Standard Ground,TRK-8044-6151,Delivered
6152,8048,2026-03-28 02:48:10,2026-04-01,2026-03-31,Express Courier,TRK-8048-6152,Delivered
6153,8050,2026-08-05 12:51:37,2026-08-09,2026-08-07,Standard Ground,TRK-8050-6153,Delivered
6154,8052,2025-07-02 03:08:47,2025-07-06,2025-07-06,Standard Ground,TRK-8052-6154,Delivered
6155,8053,2026-05-13 04:21:44,2026-05-17,2026-05-18,Standard Ground,TRK-8053-6155,Delivered
6156,8054,2026-01-01 19:33:28,2026-01-05,2026-01-06,Express Courier,TRK-8054-6156,Delivered
6157,8056,2025-09-11 08:11:43,2025-09-15,2025-09-16,Express Courier,TRK-8056-6157,Delivered
6158,8057,2026-01-25 22:09:33,2026-01-29,2026-01-29,Next-Day Air,TRK-8057-6158,Delivered
6159,8058,2026-05-04 01:02:06,2026-05-08,2026-05-06,Next-Day Air,TRK-8058-6159,Delivered
6160,8059,2026-08-04 18:14:42,2026-08-08,2026-08-09,Next-Day Air,TRK-8059-6160,Delivered
6161,8060,2026-05-17 09:10:58,2026-05-21,2026-05-20,Standard Ground,TRK-8060-6161,Delivered
6162,8061,2024-12-19 04:15:51,2024-12-23,2024-12-21,Standard Ground,TRK-8061-6162,Delivered
6163,8062,2025-03-29 12:22:54,2025-04-02,2025-04-02,Express Courier,TRK-8062-6163,Delivered
6164,8063,2025-11-19 19:44:04,2025-11-23,2025-11-24,Next-Day Air,TRK-8063-6164,Delivered
6165,8064,2025-03-06 08:54:36,2025-03-10,2025-03-08,Standard Ground,TRK-8064-6165,Delivered
6166,8065,2026-08-28 00:08:22,2026-09-01,2026-08-31,Express Courier,TRK-8065-6166,Delivered
6167,8067,2025-02-20 00:54:07,2025-02-24,2025-02-22,Next-Day Air,TRK-8067-6167,Delivered
6168,8068,2026-04-22 01:42:43,2026-04-26,2026-04-26,Standard Ground,TRK-8068-6168,Delivered
6169,8069,2024-09-16 13:16:22,2024-09-20,2024-09-18,Next-Day Air,TRK-8069-6169,Delivered
6170,8070,2026-08-25 04:36:45,2026-08-29,2026-08-29,Standard Ground,TRK-8070-6170,Delivered
6171,8071,2025-12-16 05:28:35,2025-12-20,2025-12-18,Standard Ground,TRK-8071-6171,Delivered
6172,8072,2026-08-15 19:59:27,2026-08-19,,Express Courier,TRK-8072-6172,In Transit
6173,8073,2026-09-01 23:46:16,2026-09-05,2026-09-03,Express Courier,TRK-8073-6173,Delivered
6174,8075,2026-04-27 10:07:52,2026-05-01,,Express Courier,TRK-8075-6174,In Transit
6175,8076,2025-05-25 07:19:50,2025-05-29,2025-05-27,Next-Day Air,TRK-8076-6175,Delivered
6176,8077,2026-03-25 18:41:29,2026-03-29,2026-03-28,Standard Ground,TRK-8077-6176,Delivered
6177,8078,2025-10-23 07:03:45,2025-10-27,2025-10-25,Standard Ground,TRK-8078-6177,Delivered
6178,8079,2025-07-08 10:15:22,2025-07-12,,Next-Day Air,TRK-8079-6178,In Transit
6179,8081,2026-07-18 18:39:22,2026-07-22,,Standard Ground,TRK-8081-6179,In Transit
6180,8082,2026-06-05 08:48:56,2026-06-09,2026-06-09,Next-Day Air,TRK-8082-6180,Delivered
6181,8083,2026-08-17 23:32:28,2026-08-21,2026-08-20,Standard Ground,TRK-8083-6181,Delivered
6182,8084,2025-04-21 22:31:07,2025-04-25,2025-04-26,Standard Ground,TRK-8084-6182,Delivered
6183,8085,2025-09-14 08:36:51,2025-09-18,,Express Courier,TRK-8085-6183,In Transit
6184,8086,2025-10-18 15:41:17,2025-10-22,2025-10-20,Express Courier,TRK-8086-6184,Delivered
6185,8087,2026-01-29 19:37:22,2026-02-02,2026-02-02,Express Courier,TRK-8087-6185,Delivered
6186,8088,2025-01-20 11:49:54,2025-01-24,2025-01-25,Next-Day Air,TRK-8088-6186,Delivered
6187,8089,2024-03-14 18:21:02,2024-03-18,2024-03-17,Express Courier,TRK-8089-6187,Delivered
6188,8091,2026-07-29 10:26:54,2026-08-02,2026-08-01,Express Courier,TRK-8091-6188,Delivered
6189,8092,2026-06-16 15:22:27,2026-06-20,2026-06-18,Standard Ground,TRK-8092-6189,Delivered
6190,8093,2024-12-22 04:32:04,2024-12-26,2024-12-24,Next-Day Air,TRK-8093-6190,Delivered
6191,8094,2026-02-19 03:25:14,2026-02-23,2026-02-24,Standard Ground,TRK-8094-6191,Delivered
6192,8095,2024-09-24 07:33:20,2024-09-28,2024-09-29,Express Courier,TRK-8095-6192,Delivered
6193,8096,2026-08-20 22:41:45,2026-08-24,,Next-Day Air,TRK-8096-6193,In Transit
6194,8097,2026-03-19 05:30:26,2026-03-23,2026-03-21,Next-Day Air,TRK-8097-6194,Delivered
6195,8099,2025-09-03 04:27:19,2025-09-07,2025-09-05,Standard Ground,TRK-8099-6195,Delivered
6196,8100,2026-07-16 17:49:53,2026-07-20,2026-07-21,Next-Day Air,TRK-8100-6196,Delivered
6197,8101,2026-07-15 07:22:19,2026-07-19,,Standard Ground,TRK-8101-6197,In Transit
6198,8102,2026-03-20 07:10:20,2026-03-24,2026-03-25,Next-Day Air,TRK-8102-6198,Delivered
6199,8103,2026-02-26 11:09:12,2026-03-02,2026-03-02,Standard Ground,TRK-8103-6199,Delivered
6200,8104,2025-09-10 01:51:08,2025-09-14,2025-09-13,Next-Day Air,TRK-8104-6200,Delivered
6201,8105,2025-12-02 14:34:30,2025-12-06,2025-12-07,Standard Ground,TRK-8105-6201,Delivered
6202,8106,2024-05-04 14:29:27,2024-05-08,2024-05-08,Next-Day Air,TRK-8106-6202,Delivered
6203,8107,2026-06-16 01:29:26,2026-06-20,2026-06-21,Standard Ground,TRK-8107-6203,Delivered
6204,8109,2025-05-13 10:30:59,2025-05-17,2025-05-17,Next-Day Air,TRK-8109-6204,Delivered
6205,8110,2026-02-10 01:23:30,2026-02-14,2026-02-14,Standard Ground,TRK-8110-6205,Delivered
6206,8112,2026-01-31 05:01:08,2026-02-04,2026-02-02,Next-Day Air,TRK-8112-6206,Delivered
6207,8113,2026-01-10 00:49:13,2026-01-14,2026-01-15,Express Courier,TRK-8113-6207,Delivered
6208,8114,2025-04-07 19:57:55,2025-04-11,2025-04-11,Express Courier,TRK-8114-6208,Delivered
6209,8115,2026-07-25 14:01:14,2026-07-29,,Express Courier,TRK-8115-6209,In Transit
6210,8116,2026-03-28 18:52:20,2026-04-01,2026-03-31,Standard Ground,TRK-8116-6210,Delivered
6211,8117,2023-12-09 23:59:20,2023-12-13,2023-12-12,Next-Day Air,TRK-8117-6211,Delivered
6212,8118,2025-10-31 17:49:26,2025-11-04,,Standard Ground,TRK-8118-6212,In Transit
6213,8119,2026-03-08 19:06:22,2026-03-12,2026-03-10,Next-Day Air,TRK-8119-6213,Delivered
6214,8120,2026-08-06 21:29:30,2026-08-10,2026-08-08,Standard Ground,TRK-8120-6214,Delivered
6215,8121,2024-10-27 02:31:53,2024-10-31,2024-10-29,Standard Ground,TRK-8121-6215,Delivered
6216,8123,2025-10-20 07:37:56,2025-10-24,2025-10-25,Standard Ground,TRK-8123-6216,Delivered
6217,8124,2026-07-26 16:31:26,2026-07-30,2026-07-29,Next-Day Air,TRK-8124-6217,Delivered
6218,8126,2026-03-03 11:02:54,2026-03-07,2026-03-05,Next-Day Air,TRK-8126-6218,Delivered
6219,8128,2026-03-20 16:22:48,2026-03-24,,Express Courier,TRK-8128-6219,In Transit
6220,8129,2025-03-02 02:01:51,2025-03-06,2025-03-04,Standard Ground,TRK-8129-6220,Delivered
6221,8130,2026-07-13 04:51:30,2026-07-17,2026-07-18,Express Courier,TRK-8130-6221,Delivered
6222,8131,2026-04-20 02:00:56,2026-04-24,,Standard Ground,TRK-8131-6222,In Transit
6223,8132,2026-05-30 02:58:55,2026-06-03,2026-06-02,Standard Ground,TRK-8132-6223,Delivered
6224,8133,2026-08-03 05:40:47,2026-08-07,2026-08-08,Express Courier,TRK-8133-6224,Delivered
6225,8134,2026-03-29 15:21:15,2026-04-02,2026-04-02,Standard Ground,TRK-8134-6225,Delivered
6226,8135,2025-02-20 23:59:11,2025-02-24,2025-02-22,Standard Ground,TRK-8135-6226,Delivered
6227,8136,2026-02-05 07:16:13,2026-02-09,2026-02-10,Standard Ground,TRK-8136-6227,Delivered
6228,8138,2026-07-24 19:57:53,2026-07-28,2026-07-28,Next-Day Air,TRK-8138-6228,Delivered
6229,8139,2025-09-30 09:12:26,2025-10-04,,Next-Day Air,TRK-8139-6229,In Transit
6230,8140,2026-06-20 01:03:15,2026-06-24,2026-06-23,Standard Ground,TRK-8140-6230,Delivered
6231,8141,2025-12-04 01:30:37,2025-12-08,2025-12-06,Next-Day Air,TRK-8141-6231,Delivered
6232,8142,2026-07-26 22:05:30,2026-07-30,2026-07-28,Express Courier,TRK-8142-6232,Delivered
6233,8143,2026-05-20 13:56:28,2026-05-24,2026-05-22,Next-Day Air,TRK-8143-6233,Delivered
6234,8144,2026-08-08 09:25:19,2026-08-12,2026-08-11,Next-Day Air,TRK-8144-6234,Delivered
6235,8147,2026-07-14 03:02:01,2026-07-18,2026-07-19,Next-Day Air,TRK-8147-6235,Delivered
6236,8148,2026-02-27 04:35:57,2026-03-03,,Standard Ground,TRK-8148-6236,In Transit
6237,8150,2024-01-23 07:50:21,2024-01-27,,Next-Day Air,TRK-8150-6237,In Transit
6238,8151,2025-04-01 08:06:30,2025-04-05,2025-04-03,Express Courier,TRK-8151-6238,Delivered
6239,8152,2024-12-10 18:34:45,2024-12-14,2024-12-15,Next-Day Air,TRK-8152-6239,Delivered
6240,8153,2026-01-14 23:26:18,2026-01-18,2026-01-16,Standard Ground,TRK-8153-6240,Delivered
6241,8154,2026-02-16 03:39:36,2026-02-20,2026-02-20,Express Courier,TRK-8154-6241,Delivered
6242,8155,2026-06-14 05:07:27,2026-06-18,,Express Courier,TRK-8155-6242,In Transit
6243,8156,2025-04-08 20:28:43,2025-04-12,2025-04-12,Express Courier,TRK-8156-6243,Delivered
6244,8158,2026-09-02 01:07:05,2026-09-06,,Standard Ground,TRK-8158-6244,In Transit
6245,8159,2025-07-12 01:17:16,2025-07-16,2025-07-14,Standard Ground,TRK-8159-6245,Delivered
6246,8160,2024-04-04 04:51:07,2024-04-08,2024-04-08,Next-Day Air,TRK-8160-6246,Delivered
6247,8161,2024-09-29 21:57:58,2024-10-03,2024-10-03,Express Courier,TRK-8161-6247,Delivered
6248,8162,2024-09-20 15:11:49,2024-09-24,,Express Courier,TRK-8162-6248,In Transit
6249,8163,2026-01-20 02:36:19,2026-01-24,2026-01-22,Next-Day Air,TRK-8163-6249,Delivered
6250,8164,2026-06-10 19:35:57,2026-06-14,2026-06-15,Next-Day Air,TRK-8164-6250,Delivered
6251,8167,2026-07-09 14:55:18,2026-07-13,2026-07-14,Standard Ground,TRK-8167-6251,Delivered
6252,8168,2026-03-09 07:13:22,2026-03-13,2026-03-13,Express Courier,TRK-8168-6252,Delivered
6253,8171,2025-06-18 00:52:27,2025-06-22,2025-06-21,Standard Ground,TRK-8171-6253,Delivered
6254,8172,2025-05-20 07:32:50,2025-05-24,2025-05-23,Next-Day Air,TRK-8172-6254,Delivered
6255,8173,2026-06-09 00:34:22,2026-06-13,2026-06-11,Express Courier,TRK-8173-6255,Delivered
6256,8174,2026-03-08 11:41:37,2026-03-12,,Express Courier,TRK-8174-6256,In Transit
6257,8175,2025-11-10 18:34:29,2025-11-14,,Next-Day Air,TRK-8175-6257,In Transit
6258,8176,2024-09-13 11:17:47,2024-09-17,,Express Courier,TRK-8176-6258,In Transit
6259,8177,2026-08-18 07:59:21,2026-08-22,2026-08-20,Standard Ground,TRK-8177-6259,Delivered
6260,8178,2026-06-15 08:07:35,2026-06-19,2026-06-18,Standard Ground,TRK-8178-6260,Delivered
6261,8179,2026-08-30 21:50:07,2026-09-03,2026-09-03,Standard Ground,TRK-8179-6261,Delivered
6262,8180,2026-06-19 07:45:20,2026-06-23,2026-06-21,Express Courier,TRK-8180-6262,Delivered
6263,8181,2025-04-21 02:12:42,2025-04-25,2025-04-24,Standard Ground,TRK-8181-6263,Delivered
6264,8182,2026-06-28 07:59:39,2026-07-02,2026-06-30,Next-Day Air,TRK-8182-6264,Delivered
6265,8183,2026-06-08 07:58:25,2026-06-12,2026-06-11,Standard Ground,TRK-8183-6265,Delivered
6266,8184,2026-08-22 00:47:23,2026-08-26,,Express Courier,TRK-8184-6266,In Transit
6267,8185,2026-06-03 10:43:54,2026-06-07,2026-06-06,Next-Day Air,TRK-8185-6267,Delivered
6268,8186,2025-02-11 20:05:19,2025-02-15,2025-02-15,Next-Day Air,TRK-8186-6268,Delivered
6269,8188,2026-01-07 14:17:14,2026-01-11,2026-01-11,Express Courier,TRK-8188-6269,Delivered
6270,8189,2025-07-13 01:18:14,2025-07-17,,Express Courier,TRK-8189-6270,In Transit
6271,8190,2026-08-02 05:08:44,2026-08-06,2026-08-07,Standard Ground,TRK-8190-6271,Delivered
6272,8191,2026-01-11 22:36:18,2026-01-15,2026-01-15,Standard Ground,TRK-8191-6272,Delivered
6273,8192,2025-04-28 01:41:29,2025-05-02,2025-04-30,Next-Day Air,TRK-8192-6273,Delivered
6274,8193,2026-04-07 01:03:56,2026-04-11,,Express Courier,TRK-8193-6274,In Transit
6275,8194,2026-05-23 09:26:11,2026-05-27,2026-05-26,Standard Ground,TRK-8194-6275,Delivered
6276,8195,2026-08-19 22:41:13,2026-08-23,2026-08-23,Express Courier,TRK-8195-6276,Delivered
6277,8196,2026-07-13 01:49:49,2026-07-17,2026-07-16,Express Courier,TRK-8196-6277,Delivered
6278,8197,2025-06-28 09:56:31,2025-07-02,2025-07-02,Express Courier,TRK-8197-6278,Delivered
6279,8198,2026-07-26 02:04:53,2026-07-30,2026-07-30,Next-Day Air,TRK-8198-6279,Delivered
6280,8199,2026-03-08 12:32:02,2026-03-12,,Next-Day Air,TRK-8199-6280,In Transit
6281,8201,2026-08-19 14:48:35,2026-08-23,2026-08-23,Express Courier,TRK-8201-6281,Delivered
6282,8202,2026-07-18 08:54:12,2026-07-22,2026-07-20,Express Courier,TRK-8202-6282,Delivered
6283,8203,2026-04-23 08:02:29,2026-04-27,2026-04-27,Next-Day Air,TRK-8203-6283,Delivered
6284,8206,2026-05-10 18:29:35,2026-05-14,2026-05-12,Next-Day Air,TRK-8206-6284,Delivered
6285,8208,2026-04-10 11:01:11,2026-04-14,2026-04-14,Next-Day Air,TRK-8208-6285,Delivered
6286,8212,2025-09-17 13:25:29,2025-09-21,2025-09-19,Next-Day Air,TRK-8212-6286,Delivered
6287,8216,2026-03-07 07:11:44,2026-03-11,2026-03-09,Standard Ground,TRK-8216-6287,Delivered
6288,8217,2023-10-12 07:49:10,2023-10-16,2023-10-14,Standard Ground,TRK-8217-6288,Delivered
6289,8218,2025-04-26 14:45:54,2025-04-30,2025-05-01,Next-Day Air,TRK-8218-6289,Delivered
6290,8220,2026-03-23 03:40:43,2026-03-27,2026-03-28,Standard Ground,TRK-8220-6290,Delivered
6291,8221,2025-08-30 19:59:18,2025-09-03,2025-09-04,Express Courier,TRK-8221-6291,Delivered
6292,8222,2025-08-29 01:51:35,2025-09-02,2025-09-01,Express Courier,TRK-8222-6292,Delivered
6293,8223,2025-02-19 18:59:26,2025-02-23,,Standard Ground,TRK-8223-6293,In Transit
6294,8225,2026-08-17 23:14:09,2026-08-21,2026-08-19,Express Courier,TRK-8225-6294,Delivered
6295,8226,2025-07-28 17:02:53,2025-08-01,2025-08-02,Express Courier,TRK-8226-6295,Delivered
6296,8227,2026-05-24 14:59:16,2026-05-28,,Next-Day Air,TRK-8227-6296,In Transit
6297,8228,2026-09-03 17:01:07,2026-09-07,2026-09-07,Next-Day Air,TRK-8228-6297,Delivered
6298,8230,2025-11-14 03:28:50,2025-11-18,2025-11-17,Next-Day Air,TRK-8230-6298,Delivered
6299,8231,2025-01-31 07:04:15,2025-02-04,2025-02-04,Express Courier,TRK-8231-6299,Delivered
6300,8233,2026-03-24 02:18:06,2026-03-28,2026-03-29,Express Courier,TRK-8233-6300,Delivered
6301,8235,2024-10-29 10:44:19,2024-11-02,2024-11-02,Next-Day Air,TRK-8235-6301,Delivered
6302,8236,2026-08-13 17:59:14,2026-08-17,2026-08-17,Express Courier,TRK-8236-6302,Delivered
6303,8237,2025-03-29 11:23:30,2025-04-02,2025-04-02,Standard Ground,TRK-8237-6303,Delivered
6304,8238,2025-12-21 01:19:10,2025-12-25,,Express Courier,TRK-8238-6304,In Transit
6305,8239,2026-03-29 14:27:08,2026-04-02,2026-04-01,Next-Day Air,TRK-8239-6305,Delivered
6306,8240,2024-07-07 13:24:42,2024-07-11,2024-07-09,Standard Ground,TRK-8240-6306,Delivered
6307,8241,2026-06-23 18:54:51,2026-06-27,2026-06-28,Express Courier,TRK-8241-6307,Delivered
6308,8242,2024-05-22 06:04:13,2024-05-26,2024-05-26,Express Courier,TRK-8242-6308,Delivered
6309,8243,2025-11-12 06:30:42,2025-11-16,2025-11-17,Express Courier,TRK-8243-6309,Delivered
6310,8244,2026-03-05 17:54:28,2026-03-09,2026-03-08,Express Courier,TRK-8244-6310,Delivered
6311,8245,2026-07-17 23:22:17,2026-07-21,2026-07-20,Express Courier,TRK-8245-6311,Delivered
6312,8246,2025-05-18 10:48:21,2025-05-22,2025-05-21,Express Courier,TRK-8246-6312,Delivered
6313,8247,2026-05-06 08:10:36,2026-05-10,,Next-Day Air,TRK-8247-6313,In Transit
6314,8249,2026-03-02 19:57:15,2026-03-06,2026-03-07,Next-Day Air,TRK-8249-6314,Delivered
6315,8250,2025-02-11 14:03:53,2025-02-15,2025-02-14,Next-Day Air,TRK-8250-6315,Delivered
6316,8251,2026-08-13 03:40:12,2026-08-17,,Next-Day Air,TRK-8251-6316,In Transit
6317,8252,2025-09-26 16:59:00,2025-09-30,2025-10-01,Standard Ground,TRK-8252-6317,Delivered
6318,8253,2026-04-28 03:38:24,2026-05-02,2026-05-02,Express Courier,TRK-8253-6318,Delivered
6319,8256,2026-05-18 20:29:51,2026-05-22,2026-05-20,Standard Ground,TRK-8256-6319,Delivered
6320,8258,2024-11-13 18:20:52,2024-11-17,2024-11-17,Next-Day Air,TRK-8258-6320,Delivered
6321,8259,2026-07-28 00:00:47,2026-08-01,2026-07-30,Standard Ground,TRK-8259-6321,Delivered
6322,8260,2026-02-26 20:53:14,2026-03-02,2026-03-01,Express Courier,TRK-8260-6322,Delivered
6323,8261,2026-03-27 00:39:15,2026-03-31,,Express Courier,TRK-8261-6323,In Transit
6324,8262,2026-07-25 05:55:46,2026-07-29,2026-07-29,Next-Day Air,TRK-8262-6324,Delivered
6325,8263,2025-06-06 08:07:49,2025-06-10,2025-06-08,Next-Day Air,TRK-8263-6325,Delivered
6326,8265,2025-04-04 18:58:59,2025-04-08,,Next-Day Air,TRK-8265-6326,In Transit
6327,8266,2026-07-20 03:58:16,2026-07-24,2026-07-23,Next-Day Air,TRK-8266-6327,Delivered
6328,8267,2024-05-18 10:56:09,2024-05-22,2024-05-21,Express Courier,TRK-8267-6328,Delivered
6329,8268,2026-05-08 08:00:34,2026-05-12,2026-05-12,Standard Ground,TRK-8268-6329,Delivered
6330,8269,2025-11-22 12:47:50,2025-11-26,2025-11-25,Next-Day Air,TRK-8269-6330,Delivered
6331,8270,2025-12-14 03:46:26,2025-12-18,2025-12-19,Next-Day Air,TRK-8270-6331,Delivered
6332,8271,2025-03-28 19:31:52,2025-04-01,2025-04-01,Express Courier,TRK-8271-6332,Delivered
6333,8274,2026-08-15 10:39:59,2026-08-19,2026-08-17,Standard Ground,TRK-8274-6333,Delivered
6334,8275,2026-03-03 19:57:24,2026-03-07,2026-03-07,Express Courier,TRK-8275-6334,Delivered
6335,8276,2025-04-17 23:03:03,2025-04-21,,Express Courier,TRK-8276-6335,In Transit
6336,8277,2025-11-18 13:31:17,2025-11-22,2025-11-22,Standard Ground,TRK-8277-6336,Delivered
6337,8279,2025-08-24 18:53:34,2025-08-28,,Express Courier,TRK-8279-6337,In Transit
6338,8281,2024-08-20 12:41:06,2024-08-24,,Standard Ground,TRK-8281-6338,In Transit
6339,8282,2026-08-31 22:52:45,2026-09-04,2026-09-03,Standard Ground,TRK-8282-6339,Delivered
6340,8283,2025-11-18 18:54:50,2025-11-22,2025-11-21,Next-Day Air,TRK-8283-6340,Delivered
6341,8284,2026-02-28 10:40:13,2026-03-04,2026-03-02,Next-Day Air,TRK-8284-6341,Delivered
6342,8285,2026-01-16 06:50:55,2026-01-20,2026-01-20,Next-Day Air,TRK-8285-6342,Delivered
6343,8286,2026-09-03 14:05:56,2026-09-07,2026-09-05,Next-Day Air,TRK-8286-6343,Delivered
6344,8287,2025-12-29 05:35:44,2026-01-02,2026-01-02,Standard Ground,TRK-8287-6344,Delivered
6345,8291,2026-06-29 03:54:23,2026-07-03,2026-07-04,Standard Ground,TRK-8291-6345,Delivered
6346,8292,2026-08-12 21:02:56,2026-08-16,2026-08-15,Express Courier,TRK-8292-6346,Delivered
6347,8296,2026-01-20 01:47:04,2026-01-24,2026-01-23,Standard Ground,TRK-8296-6347,Delivered
6348,8297,2026-05-10 23:02:01,2026-05-14,2026-05-15,Next-Day Air,TRK-8297-6348,Delivered
6349,8298,2024-07-12 09:35:54,2024-07-16,2024-07-15,Next-Day Air,TRK-8298-6349,Delivered
6350,8299,2025-09-21 05:09:29,2025-09-25,2025-09-25,Next-Day Air,TRK-8299-6350,Delivered
6351,8300,2024-09-05 09:15:35,2024-09-09,2024-09-10,Next-Day Air,TRK-8300-6351,Delivered
6352,8301,2026-08-10 00:58:10,2026-08-14,2026-08-14,Express Courier,TRK-8301-6352,Delivered
6353,8303,2026-03-30 21:14:16,2026-04-03,,Next-Day Air,TRK-8303-6353,In Transit
6354,8304,2026-01-26 11:36:36,2026-01-30,,Standard Ground,TRK-8304-6354,In Transit
6355,8305,2025-04-30 14:50:25,2025-05-04,2025-05-02,Standard Ground,TRK-8305-6355,Delivered
6356,8306,2026-05-24 06:19:40,2026-05-28,2026-05-26,Next-Day Air,TRK-8306-6356,Delivered
6357,8307,2025-01-08 13:30:33,2025-01-12,2025-01-11,Next-Day Air,TRK-8307-6357,Delivered
6358,8308,2025-11-23 04:29:18,2025-11-27,2025-11-26,Next-Day Air,TRK-8308-6358,Delivered
6359,8310,2026-07-06 12:43:15,2026-07-10,2026-07-09,Next-Day Air,TRK-8310-6359,Delivered
6360,8313,2026-04-20 09:24:57,2026-04-24,2026-04-24,Express Courier,TRK-8313-6360,Delivered
6361,8314,2024-06-29 04:37:44,2024-07-03,,Express Courier,TRK-8314-6361,In Transit
6362,8315,2026-06-10 06:52:54,2026-06-14,2026-06-15,Next-Day Air,TRK-8315-6362,Delivered
6363,8316,2026-08-15 08:44:55,2026-08-19,2026-08-20,Express Courier,TRK-8316-6363,Delivered
6364,8317,2025-12-10 03:27:54,2025-12-14,2025-12-14,Standard Ground,TRK-8317-6364,Delivered
6365,8318,2026-03-07 03:52:58,2026-03-11,,Express Courier,TRK-8318-6365,In Transit
6366,8320,2026-01-31 03:29:05,2026-02-04,2026-02-03,Next-Day Air,TRK-8320-6366,Delivered
6367,8321,2024-01-19 17:35:54,2024-01-23,2024-01-22,Standard Ground,TRK-8321-6367,Delivered
6368,8324,2026-06-17 17:58:46,2026-06-21,2026-06-19,Standard Ground,TRK-8324-6368,Delivered
6369,8325,2024-08-07 08:13:41,2024-08-11,2024-08-12,Next-Day Air,TRK-8325-6369,Delivered
6370,8326,2026-02-02 04:27:36,2026-02-06,,Next-Day Air,TRK-8326-6370,In Transit
6371,8328,2026-08-12 14:29:06,2026-08-16,2026-08-16,Standard Ground,TRK-8328-6371,Delivered
6372,8329,2026-09-02 22:41:48,2026-09-06,2026-09-07,Standard Ground,TRK-8329-6372,Delivered
6373,8331,2024-04-05 15:02:43,2024-04-09,2024-04-09,Standard Ground,TRK-8331-6373,Delivered
6374,8335,2025-07-20 22:28:43,2025-07-24,2025-07-22,Express Courier,TRK-8335-6374,Delivered
6375,8336,2025-05-28 10:54:29,2025-06-01,,Express Courier,TRK-8336-6375,In Transit
6376,8337,2026-08-28 10:01:25,2026-09-01,2026-08-30,Next-Day Air,TRK-8337-6376,Delivered
6377,8339,2024-11-30 21:58:37,2024-12-04,2024-12-02,Standard Ground,TRK-8339-6377,Delivered
6378,8340,2026-07-05 13:55:37,2026-07-09,,Next-Day Air,TRK-8340-6378,In Transit
6379,8341,2026-05-04 22:39:01,2026-05-08,2026-05-07,Standard Ground,TRK-8341-6379,Delivered
6380,8342,2024-09-10 04:51:42,2024-09-14,2024-09-14,Next-Day Air,TRK-8342-6380,Delivered
6381,8343,2026-02-11 23:25:06,2026-02-15,2026-02-15,Express Courier,TRK-8343-6381,Delivered
6382,8344,2025-08-17 09:27:22,2025-08-21,2025-08-20,Standard Ground,TRK-8344-6382,Delivered
6383,8345,2026-04-14 07:42:26,2026-04-18,2026-04-18,Express Courier,TRK-8345-6383,Delivered
6384,8347,2025-07-24 03:12:33,2025-07-28,2025-07-27,Next-Day Air,TRK-8347-6384,Delivered
6385,8348,2026-06-15 20:53:58,2026-06-19,,Express Courier,TRK-8348-6385,In Transit
6386,8349,2024-10-02 07:34:48,2024-10-06,2024-10-06,Standard Ground,TRK-8349-6386,Delivered
6387,8351,2024-08-11 20:56:29,2024-08-15,2024-08-16,Next-Day Air,TRK-8351-6387,Delivered
6388,8352,2024-03-27 15:21:42,2024-03-31,2024-04-01,Express Courier,TRK-8352-6388,Delivered
6389,8353,2026-07-03 23:43:29,2026-07-07,2026-07-08,Next-Day Air,TRK-8353-6389,Delivered
6390,8354,2026-05-29 10:54:18,2026-06-02,2026-06-01,Express Courier,TRK-8354-6390,Delivered
6391,8356,2025-04-19 16:59:45,2025-04-23,2025-04-24,Express Courier,TRK-8356-6391,Delivered
6392,8357,2025-05-12 02:39:00,2025-05-16,2025-05-15,Next-Day Air,TRK-8357-6392,Delivered
6393,8358,2025-06-23 07:47:55,2025-06-27,2025-06-26,Express Courier,TRK-8358-6393,Delivered
6394,8359,2024-07-16 08:40:46,2024-07-20,2024-07-21,Express Courier,TRK-8359-6394,Delivered
6395,8360,2025-12-04 19:04:51,2025-12-08,2025-12-07,Next-Day Air,TRK-8360-6395,Delivered
6396,8361,2026-08-24 18:01:21,2026-08-28,2026-08-27,Standard Ground,TRK-8361-6396,Delivered
6397,8363,2026-08-18 17:29:37,2026-08-22,2026-08-20,Standard Ground,TRK-8363-6397,Delivered
6398,8364,2026-01-27 11:36:53,2026-01-31,2026-02-01,Express Courier,TRK-8364-6398,Delivered
6399,8365,2025-11-03 12:14:59,2025-11-07,2025-11-06,Express Courier,TRK-8365-6399,Delivered
6400,8366,2026-04-10 04:34:23,2026-04-14,2026-04-14,Standard Ground,TRK-8366-6400,Delivered
6401,8367,2026-07-07 04:31:39,2026-07-11,2026-07-11,Next-Day Air,TRK-8367-6401,Delivered
6402,8369,2026-03-20 23:57:50,2026-03-24,2026-03-23,Express Courier,TRK-8369-6402,Delivered
6403,8370,2026-05-18 21:15:49,2026-05-22,,Express Courier,TRK-8370-6403,In Transit
6404,8371,2026-08-05 07:47:49,2026-08-09,2026-08-09,Express Courier,TRK-8371-6404,Delivered
6405,8372,2026-08-28 09:20:28,2026-09-01,2026-08-30,Next-Day Air,TRK-8372-6405,Delivered
6406,8373,2026-06-04 02:05:04,2026-06-08,2026-06-07,Next-Day Air,TRK-8373-6406,Delivered
6407,8374,2025-03-23 11:52:34,2025-03-27,2025-03-26,Standard Ground,TRK-8374-6407,Delivered
6408,8375,2024-06-01 10:42:02,2024-06-05,2024-06-05,Next-Day Air,TRK-8375-6408,Delivered
6409,8376,2026-08-25 08:22:48,2026-08-29,,Express Courier,TRK-8376-6409,In Transit
6410,8379,2025-04-30 12:48:15,2025-05-04,2025-05-04,Standard Ground,TRK-8379-6410,Delivered
6411,8380,2026-08-30 10:56:20,2026-09-03,,Express Courier,TRK-8380-6411,In Transit
6412,8383,2026-05-07 01:57:29,2026-05-11,2026-05-09,Standard Ground,TRK-8383-6412,Delivered
6413,8384,2026-06-08 15:04:51,2026-06-12,2026-06-10,Express Courier,TRK-8384-6413,Delivered
6414,8385,2026-09-02 12:35:03,2026-09-06,2026-09-07,Express Courier,TRK-8385-6414,Delivered
6415,8386,2026-03-14 07:46:58,2026-03-18,2026-03-19,Express Courier,TRK-8386-6415,Delivered
6416,8387,2026-07-19 14:11:10,2026-07-23,2026-07-22,Next-Day Air,TRK-8387-6416,Delivered
6417,8388,2025-11-29 03:38:07,2025-12-03,2025-12-01,Standard Ground,TRK-8388-6417,Delivered
6418,8389,2024-11-06 08:49:59,2024-11-10,2024-11-11,Express Courier,TRK-8389-6418,Delivered
6419,8390,2026-05-16 10:04:25,2026-05-20,2026-05-20,Next-Day Air,TRK-8390-6419,Delivered
6420,8392,2026-02-06 00:56:10,2026-02-10,2026-02-10,Standard Ground,TRK-8392-6420,Delivered
6421,8393,2026-05-05 05:25:58,2026-05-09,2026-05-08,Express Courier,TRK-8393-6421,Delivered
6422,8394,2024-02-03 00:54:55,2024-02-07,,Standard Ground,TRK-8394-6422,In Transit
6423,8396,2026-04-06 04:00:06,2026-04-10,,Express Courier,TRK-8396-6423,In Transit
6424,8397,2025-07-02 11:15:33,2025-07-06,2025-07-05,Express Courier,TRK-8397-6424,Delivered
6425,8399,2025-12-07 12:51:38,2025-12-11,2025-12-09,Express Courier,TRK-8399-6425,Delivered
6426,8400,2026-05-06 04:52:03,2026-05-10,2026-05-09,Next-Day Air,TRK-8400-6426,Delivered
6427,8401,2026-01-14 02:13:24,2026-01-18,2026-01-17,Express Courier,TRK-8401-6427,Delivered
6428,8402,2024-11-06 03:58:07,2024-11-10,2024-11-08,Express Courier,TRK-8402-6428,Delivered
6429,8403,2026-05-11 14:05:07,2026-05-15,2026-05-16,Express Courier,TRK-8403-6429,Delivered
6430,8404,2026-05-30 12:30:47,2026-06-03,,Next-Day Air,TRK-8404-6430,In Transit
6431,8405,2026-01-26 11:51:12,2026-01-30,2026-01-29,Standard Ground,TRK-8405-6431,Delivered
6432,8406,2026-08-05 09:32:53,2026-08-09,2026-08-09,Next-Day Air,TRK-8406-6432,Delivered
6433,8408,2025-08-24 13:52:23,2025-08-28,2025-08-26,Next-Day Air,TRK-8408-6433,Delivered
6434,8409,2025-04-26 22:49:58,2025-04-30,2025-04-30,Express Courier,TRK-8409-6434,Delivered
6435,8411,2026-08-26 13:43:45,2026-08-30,2026-08-30,Next-Day Air,TRK-8411-6435,Delivered
6436,8412,2026-03-15 13:12:41,2026-03-19,2026-03-19,Express Courier,TRK-8412-6436,Delivered
6437,8413,2024-06-01 09:07:36,2024-06-05,2024-06-04,Express Courier,TRK-8413-6437,Delivered
6438,8414,2025-09-10 04:22:43,2025-09-14,2025-09-13,Next-Day Air,TRK-8414-6438,Delivered
6439,8415,2026-06-07 08:59:06,2026-06-11,2026-06-10,Standard Ground,TRK-8415-6439,Delivered
6440,8417,2026-05-15 13:28:51,2026-05-19,2026-05-17,Next-Day Air,TRK-8417-6440,Delivered
6441,8418,2026-07-29 04:39:18,2026-08-02,2026-08-01,Express Courier,TRK-8418-6441,Delivered
6442,8419,2024-04-07 10:45:23,2024-04-11,2024-04-10,Next-Day Air,TRK-8419-6442,Delivered
6443,8420,2026-06-14 17:18:33,2026-06-18,,Express Courier,TRK-8420-6443,In Transit
6444,8421,2025-12-24 06:59:49,2025-12-28,2025-12-29,Standard Ground,TRK-8421-6444,Delivered
6445,8422,2025-08-09 21:59:08,2025-08-13,,Next-Day Air,TRK-8422-6445,In Transit
6446,8423,2023-12-23 01:19:46,2023-12-27,2023-12-26,Express Courier,TRK-8423-6446,Delivered
6447,8424,2025-04-14 01:45:57,2025-04-18,2025-04-19,Express Courier,TRK-8424-6447,Delivered
6448,8425,2026-05-27 04:06:39,2026-05-31,,Express Courier,TRK-8425-6448,In Transit
6449,8426,2026-06-03 03:59:57,2026-06-07,2026-06-06,Standard Ground,TRK-8426-6449,Delivered
6450,8429,2025-11-27 00:25:15,2025-12-01,2025-11-29,Standard Ground,TRK-8429-6450,Delivered
6451,8432,2025-04-21 02:25:52,2025-04-25,,Next-Day Air,TRK-8432-6451,In Transit
6452,8434,2024-07-28 05:19:12,2024-08-01,2024-07-31,Express Courier,TRK-8434-6452,Delivered
6453,8435,2023-10-08 02:24:13,2023-10-12,2023-10-10,Next-Day Air,TRK-8435-6453,Delivered
6454,8436,2026-04-30 01:56:53,2026-05-04,2026-05-02,Express Courier,TRK-8436-6454,Delivered
6455,8437,2026-05-01 13:41:24,2026-05-05,2026-05-06,Standard Ground,TRK-8437-6455,Delivered
6456,8439,2025-05-01 10:19:01,2025-05-05,2025-05-03,Standard Ground,TRK-8439-6456,Delivered
6457,8441,2026-07-26 05:54:57,2026-07-30,2026-07-31,Express Courier,TRK-8441-6457,Delivered
6458,8443,2026-07-07 12:26:31,2026-07-11,,Express Courier,TRK-8443-6458,In Transit
6459,8444,2026-05-15 06:47:48,2026-05-19,2026-05-20,Express Courier,TRK-8444-6459,Delivered
6460,8446,2025-12-02 18:14:08,2025-12-06,2025-12-07,Next-Day Air,TRK-8446-6460,Delivered
6461,8447,2026-03-01 18:49:40,2026-03-05,,Standard Ground,TRK-8447-6461,In Transit
6462,8449,2026-05-25 19:02:29,2026-05-29,2026-05-28,Express Courier,TRK-8449-6462,Delivered
6463,8450,2024-12-14 22:42:19,2024-12-18,2024-12-17,Express Courier,TRK-8450-6463,Delivered
6464,8451,2026-08-25 23:44:18,2026-08-29,2026-08-30,Standard Ground,TRK-8451-6464,Delivered
6465,8452,2025-08-17 12:31:08,2025-08-21,2025-08-22,Next-Day Air,TRK-8452-6465,Delivered
6466,8453,2025-11-16 13:22:39,2025-11-20,,Next-Day Air,TRK-8453-6466,In Transit
6467,8455,2026-02-14 20:29:44,2026-02-18,2026-02-16,Next-Day Air,TRK-8455-6467,Delivered
6468,8458,2026-06-12 16:40:02,2026-06-16,2026-06-16,Express Courier,TRK-8458-6468,Delivered
6469,8459,2024-11-28 18:24:46,2024-12-02,2024-11-30,Express Courier,TRK-8459-6469,Delivered
6470,8460,2026-03-26 03:26:37,2026-03-30,2026-03-31,Standard Ground,TRK-8460-6470,Delivered
6471,8461,2024-06-14 18:48:39,2024-06-18,2024-06-16,Next-Day Air,TRK-8461-6471,Delivered
6472,8462,2024-12-15 13:54:15,2024-12-19,2024-12-18,Standard Ground,TRK-8462-6472,Delivered
6473,8463,2026-01-05 11:11:03,2026-01-09,2026-01-08,Next-Day Air,TRK-8463-6473,Delivered
6474,8464,2026-08-13 21:56:47,2026-08-17,,Express Courier,TRK-8464-6474,In Transit
6475,8465,2024-03-21 07:31:26,2024-03-25,2024-03-24,Express Courier,TRK-8465-6475,Delivered
6476,8466,2026-04-28 17:33:45,2026-05-02,2026-05-02,Express Courier,TRK-8466-6476,Delivered
6477,8467,2025-10-04 23:34:24,2025-10-08,,Next-Day Air,TRK-8467-6477,In Transit
6478,8468,2025-12-19 12:17:03,2025-12-23,2025-12-24,Express Courier,TRK-8468-6478,Delivered
6479,8469,2024-06-09 05:18:06,2024-06-13,2024-06-11,Express Courier,TRK-8469-6479,Delivered
6480,8470,2024-10-23 04:23:06,2024-10-27,2024-10-27,Standard Ground,TRK-8470-6480,Delivered
6481,8471,2025-06-08 10:53:28,2025-06-12,2025-06-11,Standard Ground,TRK-8471-6481,Delivered
6482,8472,2025-06-21 06:24:46,2025-06-25,2025-06-23,Standard Ground,TRK-8472-6482,Delivered
6483,8474,2026-03-06 17:48:59,2026-03-10,2026-03-09,Next-Day Air,TRK-8474-6483,Delivered
6484,8475,2024-07-12 09:24:06,2024-07-16,2024-07-14,Express Courier,TRK-8475-6484,Delivered
6485,8476,2026-05-30 00:26:52,2026-06-03,2026-06-04,Express Courier,TRK-8476-6485,Delivered
6486,8477,2025-01-31 20:52:33,2025-02-04,2025-02-03,Standard Ground,TRK-8477-6486,Delivered
6487,8478,2026-07-21 13:09:08,2026-07-25,,Express Courier,TRK-8478-6487,In Transit
6488,8479,2026-08-31 05:00:31,2026-09-04,2026-09-02,Next-Day Air,TRK-8479-6488,Delivered
6489,8480,2025-12-30 20:29:24,2026-01-03,2026-01-04,Standard Ground,TRK-8480-6489,Delivered
6490,8482,2026-08-27 09:23:07,2026-08-31,,Express Courier,TRK-8482-6490,In Transit
6491,8483,2025-09-23 06:52:43,2025-09-27,2025-09-27,Standard Ground,TRK-8483-6491,Delivered
6492,8484,2026-07-13 17:51:25,2026-07-17,,Express Courier,TRK-8484-6492,In Transit
6493,8485,2026-08-05 13:26:29,2026-08-09,2026-08-10,Standard Ground,TRK-8485-6493,Delivered
6494,8486,2026-08-31 17:42:11,2026-09-04,,Express Courier,TRK-8486-6494,In Transit
6495,8487,2024-05-31 23:19:34,2024-06-04,,Express Courier,TRK-8487-6495,In Transit
6496,8488,2026-04-20 21:10:51,2026-04-24,2026-04-22,Standard Ground,TRK-8488-6496,Delivered
6497,8489,2024-06-09 19:12:42,2024-06-13,2024-06-11,Next-Day Air,TRK-8489-6497,Delivered
6498,8490,2024-12-30 14:57:37,2025-01-03,2025-01-02,Express Courier,TRK-8490-6498,Delivered
6499,8493,2026-02-11 20:20:03,2026-02-15,2026-02-13,Next-Day Air,TRK-8493-6499,Delivered
6500,8494,2025-02-22 21:34:55,2025-02-26,2025-02-24,Standard Ground,TRK-8494-6500,Delivered
6501,8495,2026-05-14 16:32:51,2026-05-18,2026-05-16,Express Courier,TRK-8495-6501,Delivered
6502,8496,2026-08-10 04:29:54,2026-08-14,2026-08-13,Next-Day Air,TRK-8496-6502,Delivered
6503,8497,2026-02-23 10:44:51,2026-02-27,2026-02-26,Express Courier,TRK-8497-6503,Delivered
6504,8500,2025-04-25 18:09:45,2025-04-29,2025-04-30,Next-Day Air,TRK-8500-6504,Delivered
6505,8501,2026-09-02 02:45:52,2026-09-06,2026-09-04,Standard Ground,TRK-8501-6505,Delivered
6506,8503,2025-02-04 00:08:58,2025-02-08,,Standard Ground,TRK-8503-6506,In Transit
6507,8505,2026-04-13 22:40:32,2026-04-17,2026-04-15,Standard Ground,TRK-8505-6507,Delivered
6508,8506,2025-12-10 02:01:33,2025-12-14,2025-12-12,Standard Ground,TRK-8506-6508,Delivered
6509,8507,2025-02-24 21:07:52,2025-02-28,2025-02-27,Standard Ground,TRK-8507-6509,Delivered
6510,8508,2026-01-04 10:17:23,2026-01-08,2026-01-08,Next-Day Air,TRK-8508-6510,Delivered
6511,8509,2024-10-01 10:05:21,2024-10-05,2024-10-04,Express Courier,TRK-8509-6511,Delivered
6512,8510,2026-01-14 20:33:06,2026-01-18,2026-01-18,Standard Ground,TRK-8510-6512,Delivered
6513,8512,2025-06-28 04:34:04,2025-07-02,2025-07-01,Express Courier,TRK-8512-6513,Delivered
6514,8513,2026-09-01 15:53:35,2026-09-05,2026-09-05,Express Courier,TRK-8513-6514,Delivered
6515,8515,2025-04-20 11:17:01,2025-04-24,2025-04-25,Next-Day Air,TRK-8515-6515,Delivered
6516,8516,2026-05-27 18:30:01,2026-05-31,2026-05-31,Next-Day Air,TRK-8516-6516,Delivered
6517,8517,2025-10-11 06:36:18,2025-10-15,2025-10-14,Express Courier,TRK-8517-6517,Delivered
6518,8520,2024-07-06 06:37:31,2024-07-10,2024-07-08,Next-Day Air,TRK-8520-6518,Delivered
6519,8521,2026-04-27 22:40:39,2026-05-01,,Next-Day Air,TRK-8521-6519,In Transit
6520,8522,2025-11-07 13:24:09,2025-11-11,2025-11-10,Express Courier,TRK-8522-6520,Delivered
6521,8523,2026-07-29 14:17:54,2026-08-02,2026-08-01,Express Courier,TRK-8523-6521,Delivered
6522,8524,2026-08-04 08:37:29,2026-08-08,2026-08-06,Standard Ground,TRK-8524-6522,Delivered
6523,8525,2026-06-28 08:49:20,2026-07-02,,Express Courier,TRK-8525-6523,In Transit
6524,8526,2026-05-23 22:46:29,2026-05-27,2026-05-28,Standard Ground,TRK-8526-6524,Delivered
6525,8527,2026-01-12 12:08:14,2026-01-16,2026-01-16,Standard Ground,TRK-8527-6525,Delivered
6526,8528,2026-02-24 12:48:26,2026-02-28,2026-03-01,Express Courier,TRK-8528-6526,Delivered
6527,8529,2026-06-15 11:26:05,2026-06-19,2026-06-19,Next-Day Air,TRK-8529-6527,Delivered
6528,8530,2025-06-16 05:41:18,2025-06-20,2025-06-21,Next-Day Air,TRK-8530-6528,Delivered
6529,8532,2025-08-19 17:55:10,2025-08-23,2025-08-24,Express Courier,TRK-8532-6529,Delivered
6530,8533,2025-10-29 21:22:16,2025-11-02,,Express Courier,TRK-8533-6530,In Transit
6531,8534,2026-05-15 04:48:30,2026-05-19,2026-05-18,Express Courier,TRK-8534-6531,Delivered
6532,8535,2025-10-12 04:18:45,2025-10-16,2025-10-15,Standard Ground,TRK-8535-6532,Delivered
6533,8536,2026-07-12 15:02:23,2026-07-16,2026-07-17,Standard Ground,TRK-8536-6533,Delivered
6534,8537,2026-04-07 09:41:35,2026-04-11,2026-04-10,Express Courier,TRK-8537-6534,Delivered
6535,8539,2025-09-12 12:18:09,2025-09-16,2025-09-16,Standard Ground,TRK-8539-6535,Delivered
6536,8540,2026-03-09 10:02:52,2026-03-13,2026-03-11,Express Courier,TRK-8540-6536,Delivered
6537,8541,2025-04-24 16:30:04,2025-04-28,2025-04-29,Standard Ground,TRK-8541-6537,Delivered
6538,8542,2025-05-07 12:45:52,2025-05-11,2025-05-12,Standard Ground,TRK-8542-6538,Delivered
6539,8545,2026-08-19 17:47:20,2026-08-23,2026-08-23,Express Courier,TRK-8545-6539,Delivered
6540,8546,2026-03-18 22:14:32,2026-03-22,2026-03-22,Standard Ground,TRK-8546-6540,Delivered
6541,8547,2024-07-03 02:18:16,2024-07-07,2024-07-08,Next-Day Air,TRK-8547-6541,Delivered
6542,8548,2026-01-24 08:04:18,2026-01-28,2026-01-27,Express Courier,TRK-8548-6542,Delivered
6543,8549,2026-07-07 20:37:24,2026-07-11,2026-07-10,Next-Day Air,TRK-8549-6543,Delivered
6544,8552,2025-11-28 03:02:23,2025-12-02,2025-12-02,Standard Ground,TRK-8552-6544,Delivered
6545,8554,2026-01-17 06:34:11,2026-01-21,2026-01-21,Express Courier,TRK-8554-6545,Delivered
6546,8555,2026-08-19 07:54:57,2026-08-23,2026-08-21,Next-Day Air,TRK-8555-6546,Delivered
6547,8556,2026-04-10 22:58:37,2026-04-14,2026-04-14,Standard Ground,TRK-8556-6547,Delivered
6548,8557,2025-05-23 20:55:44,2025-05-27,2025-05-28,Express Courier,TRK-8557-6548,Delivered
6549,8559,2025-10-31 09:56:26,2025-11-04,2025-11-04,Express Courier,TRK-8559-6549,Delivered
6550,8560,2025-07-18 22:31:11,2025-07-22,2025-07-21,Standard Ground,TRK-8560-6550,Delivered
6551,8561,2025-12-27 12:47:45,2025-12-31,,Standard Ground,TRK-8561-6551,In Transit
6552,8562,2025-03-11 07:20:22,2025-03-15,2025-03-16,Standard Ground,TRK-8562-6552,Delivered
6553,8564,2025-09-30 13:17:34,2025-10-04,2025-10-05,Standard Ground,TRK-8564-6553,Delivered
6554,8565,2025-09-25 02:05:13,2025-09-29,2025-09-29,Standard Ground,TRK-8565-6554,Delivered
6555,8566,2026-02-16 07:40:06,2026-02-20,2026-02-18,Next-Day Air,TRK-8566-6555,Delivered
6556,8567,2026-06-03 03:43:28,2026-06-07,2026-06-08,Standard Ground,TRK-8567-6556,Delivered
6557,8568,2026-05-18 12:22:28,2026-05-22,,Standard Ground,TRK-8568-6557,In Transit
6558,8572,2024-12-15 10:19:01,2024-12-19,2024-12-17,Express Courier,TRK-8572-6558,Delivered
6559,8573,2026-08-02 16:54:41,2026-08-06,2026-08-07,Standard Ground,TRK-8573-6559,Delivered
6560,8574,2024-09-26 20:01:39,2024-09-30,2024-09-28,Next-Day Air,TRK-8574-6560,Delivered
6561,8575,2024-02-13 11:52:42,2024-02-17,2024-02-18,Next-Day Air,TRK-8575-6561,Delivered
6562,8576,2026-07-17 23:27:01,2026-07-21,2026-07-21,Next-Day Air,TRK-8576-6562,Delivered
6563,8577,2025-11-22 23:47:30,2025-11-26,,Next-Day Air,TRK-8577-6563,In Transit
6564,8578,2026-05-23 03:59:21,2026-05-27,2026-05-25,Standard Ground,TRK-8578-6564,Delivered
6565,8579,2026-07-10 17:49:00,2026-07-14,2026-07-14,Next-Day Air,TRK-8579-6565,Delivered
6566,8580,2026-08-19 13:14:17,2026-08-23,,Express Courier,TRK-8580-6566,In Transit
6567,8581,2026-08-01 06:14:37,2026-08-05,2026-08-04,Express Courier,TRK-8581-6567,Delivered
6568,8584,2025-06-18 20:31:17,2025-06-22,2025-06-22,Standard Ground,TRK-8584-6568,Delivered
6569,8587,2026-08-20 12:31:55,2026-08-24,2026-08-24,Standard Ground,TRK-8587-6569,Delivered
6570,8589,2026-06-30 03:39:32,2026-07-04,,Express Courier,TRK-8589-6570,In Transit
6571,8591,2026-08-13 12:42:46,2026-08-17,2026-08-15,Express Courier,TRK-8591-6571,Delivered
6572,8592,2025-11-13 06:53:36,2025-11-17,2025-11-17,Standard Ground,TRK-8592-6572,Delivered
6573,8593,2026-04-21 23:54:36,2026-04-25,2026-04-24,Standard Ground,TRK-8593-6573,Delivered
6574,8594,2026-07-31 00:48:41,2026-08-04,2026-08-03,Next-Day Air,TRK-8594-6574,Delivered
6575,8596,2026-08-04 18:16:27,2026-08-08,2026-08-08,Express Courier,TRK-8596-6575,Delivered
6576,8597,2026-05-31 11:18:00,2026-06-04,,Express Courier,TRK-8597-6576,In Transit
6577,8600,2025-06-30 23:42:59,2025-07-04,2025-07-04,Express Courier,TRK-8600-6577,Delivered
6578,8601,2025-08-16 12:42:10,2025-08-20,2025-08-20,Next-Day Air,TRK-8601-6578,Delivered
6579,8604,2026-06-09 18:09:17,2026-06-13,2026-06-12,Next-Day Air,TRK-8604-6579,Delivered
6580,8605,2026-01-04 21:31:27,2026-01-08,2026-01-06,Standard Ground,TRK-8605-6580,Delivered
6581,8606,2025-08-18 07:34:47,2025-08-22,,Standard Ground,TRK-8606-6581,In Transit
6582,8607,2026-05-15 03:51:29,2026-05-19,2026-05-20,Express Courier,TRK-8607-6582,Delivered
6583,8609,2026-04-03 05:30:34,2026-04-07,2026-04-08,Standard Ground,TRK-8609-6583,Delivered
6584,8610,2026-07-13 19:48:53,2026-07-17,2026-07-16,Next-Day Air,TRK-8610-6584,Delivered
6585,8611,2026-04-12 22:10:41,2026-04-16,2026-04-14,Standard Ground,TRK-8611-6585,Delivered
6586,8612,2026-04-28 03:51:29,2026-05-02,,Standard Ground,TRK-8612-6586,In Transit
6587,8614,2025-06-11 21:29:58,2025-06-15,2025-06-15,Next-Day Air,TRK-8614-6587,Delivered
6588,8615,2026-05-09 17:48:42,2026-05-13,2026-05-12,Standard Ground,TRK-8615-6588,Delivered
6589,8616,2025-12-04 21:43:01,2025-12-08,2025-12-09,Next-Day Air,TRK-8616-6589,Delivered
6590,8617,2025-03-31 23:23:47,2025-04-04,2025-04-02,Standard Ground,TRK-8617-6590,Delivered
6591,8618,2026-08-29 07:22:55,2026-09-02,,Express Courier,TRK-8618-6591,In Transit
6592,8620,2026-04-19 08:51:21,2026-04-23,,Express Courier,TRK-8620-6592,In Transit
6593,8621,2024-11-03 18:54:57,2024-11-07,2024-11-06,Standard Ground,TRK-8621-6593,Delivered
6594,8623,2025-05-25 20:04:28,2025-05-29,2025-05-27,Express Courier,TRK-8623-6594,Delivered
6595,8624,2026-05-10 14:02:29,2026-05-14,2026-05-15,Express Courier,TRK-8624-6595,Delivered
6596,8627,2025-11-26 11:46:33,2025-11-30,2025-11-29,Next-Day Air,TRK-8627-6596,Delivered
6597,8628,2025-05-09 19:56:01,2025-05-13,2025-05-11,Express Courier,TRK-8628-6597,Delivered
6598,8629,2026-01-20 07:31:40,2026-01-24,2026-01-25,Next-Day Air,TRK-8629-6598,Delivered
6599,8631,2026-06-12 23:24:52,2026-06-16,,Express Courier,TRK-8631-6599,In Transit
6600,8633,2026-06-19 11:17:19,2026-06-23,,Next-Day Air,TRK-8633-6600,In Transit
6601,8634,2026-09-01 08:57:11,2026-09-05,2026-09-06,Express Courier,TRK-8634-6601,Delivered
6602,8635,2025-02-16 17:55:45,2025-02-20,2025-02-19,Standard Ground,TRK-8635-6602,Delivered
6603,8636,2026-06-23 13:11:37,2026-06-27,,Next-Day Air,TRK-8636-6603,In Transit
6604,8637,2026-09-01 04:18:08,2026-09-05,2026-09-05,Next-Day Air,TRK-8637-6604,Delivered
6605,8638,2026-04-23 10:55:19,2026-04-27,2026-04-28,Next-Day Air,TRK-8638-6605,Delivered
6606,8639,2025-07-02 17:33:17,2025-07-06,2025-07-06,Standard Ground,TRK-8639-6606,Delivered
6607,8640,2026-07-03 23:15:18,2026-07-07,2026-07-06,Express Courier,TRK-8640-6607,Delivered
6608,8641,2026-04-17 20:11:51,2026-04-21,2026-04-20,Express Courier,TRK-8641-6608,Delivered
6609,8642,2025-06-14 01:37:11,2025-06-18,2025-06-16,Next-Day Air,TRK-8642-6609,Delivered
6610,8643,2024-06-20 19:28:06,2024-06-24,2024-06-25,Standard Ground,TRK-8643-6610,Delivered
6611,8644,2026-01-14 03:13:04,2026-01-18,2026-01-17,Next-Day Air,TRK-8644-6611,Delivered
6612,8646,2025-05-10 00:30:41,2025-05-14,2025-05-15,Next-Day Air,TRK-8646-6612,Delivered
6613,8647,2025-05-28 19:51:49,2025-06-01,2025-06-02,Standard Ground,TRK-8647-6613,Delivered
6614,8648,2024-07-28 22:31:05,2024-08-01,2024-08-02,Express Courier,TRK-8648-6614,Delivered
6615,8649,2026-02-11 14:50:16,2026-02-15,2026-02-16,Next-Day Air,TRK-8649-6615,Delivered
6616,8650,2026-05-13 21:13:55,2026-05-17,2026-05-16,Standard Ground,TRK-8650-6616,Delivered
6617,8651,2026-08-02 07:51:26,2026-08-06,2026-08-07,Next-Day Air,TRK-8651-6617,Delivered
6618,8654,2026-08-11 11:42:30,2026-08-15,2026-08-13,Standard Ground,TRK-8654-6618,Delivered
6619,8655,2023-12-22 01:37:00,2023-12-26,2023-12-24,Express Courier,TRK-8655-6619,Delivered
6620,8656,2024-12-20 00:16:54,2024-12-24,2024-12-25,Standard Ground,TRK-8656-6620,Delivered
6621,8657,2026-03-13 13:52:40,2026-03-17,2026-03-16,Express Courier,TRK-8657-6621,Delivered
6622,8658,2024-10-15 03:32:23,2024-10-19,2024-10-20,Express Courier,TRK-8658-6622,Delivered
6623,8659,2026-07-14 22:49:44,2026-07-18,2026-07-19,Standard Ground,TRK-8659-6623,Delivered
6624,8660,2026-06-28 16:11:31,2026-07-02,2026-06-30,Standard Ground,TRK-8660-6624,Delivered
6625,8661,2025-02-26 08:36:19,2025-03-02,2025-03-03,Next-Day Air,TRK-8661-6625,Delivered
6626,8662,2025-09-29 04:13:51,2025-10-03,,Standard Ground,TRK-8662-6626,In Transit
6627,8664,2026-06-13 19:12:42,2026-06-17,2026-06-16,Next-Day Air,TRK-8664-6627,Delivered
6628,8665,2024-12-26 09:40:31,2024-12-30,2024-12-30,Next-Day Air,TRK-8665-6628,Delivered
6629,8666,2026-08-10 05:50:01,2026-08-14,2026-08-15,Next-Day Air,TRK-8666-6629,Delivered
6630,8667,2026-08-29 06:22:05,2026-09-02,,Express Courier,TRK-8667-6630,In Transit
6631,8669,2025-08-15 07:33:35,2025-08-19,,Express Courier,TRK-8669-6631,In Transit
6632,8670,2026-06-11 17:09:56,2026-06-15,2026-06-15,Express Courier,TRK-8670-6632,Delivered
6633,8671,2024-09-15 14:10:09,2024-09-19,,Standard Ground,TRK-8671-6633,In Transit
6634,8672,2025-11-11 00:56:18,2025-11-15,2025-11-14,Express Courier,TRK-8672-6634,Delivered
6635,8673,2026-06-25 07:41:33,2026-06-29,2026-06-27,Standard Ground,TRK-8673-6635,Delivered
6636,8674,2024-11-21 02:44:12,2024-11-25,,Standard Ground,TRK-8674-6636,In Transit
6637,8675,2025-06-25 16:04:21,2025-06-29,2025-06-28,Express Courier,TRK-8675-6637,Delivered
6638,8677,2026-06-06 18:17:17,2026-06-10,2026-06-08,Standard Ground,TRK-8677-6638,Delivered
6639,8678,2026-08-13 10:09:27,2026-08-17,2026-08-18,Next-Day Air,TRK-8678-6639,Delivered
6640,8679,2025-04-26 11:15:57,2025-04-30,2025-05-01,Express Courier,TRK-8679-6640,Delivered
6641,8680,2026-02-09 19:51:15,2026-02-13,2026-02-11,Standard Ground,TRK-8680-6641,Delivered
6642,8681,2025-08-22 21:19:22,2025-08-26,2025-08-25,Next-Day Air,TRK-8681-6642,Delivered
6643,8682,2026-02-03 03:35:50,2026-02-07,2026-02-05,Standard Ground,TRK-8682-6643,Delivered
6644,8683,2026-07-30 06:20:42,2026-08-03,2026-08-04,Express Courier,TRK-8683-6644,Delivered
6645,8684,2026-05-17 05:42:22,2026-05-21,2026-05-22,Express Courier,TRK-8684-6645,Delivered
6646,8685,2026-05-28 08:11:35,2026-06-01,2026-05-30,Standard Ground,TRK-8685-6646,Delivered
6647,8686,2025-03-30 23:17:38,2025-04-03,2025-04-02,Next-Day Air,TRK-8686-6647,Delivered
6648,8687,2026-04-17 01:31:02,2026-04-21,2026-04-20,Next-Day Air,TRK-8687-6648,Delivered
6649,8688,2026-02-21 08:58:03,2026-02-25,2026-02-25,Standard Ground,TRK-8688-6649,Delivered
6650,8689,2025-11-24 10:33:23,2025-11-28,,Next-Day Air,TRK-8689-6650,In Transit
6651,8690,2025-10-17 01:22:52,2025-10-21,2025-10-20,Next-Day Air,TRK-8690-6651,Delivered
6652,8692,2025-06-14 07:49:13,2025-06-18,2025-06-17,Express Courier,TRK-8692-6652,Delivered
6653,8695,2026-08-09 04:51:36,2026-08-13,2026-08-12,Express Courier,TRK-8695-6653,Delivered
6654,8696,2025-08-09 17:59:29,2025-08-13,2025-08-12,Next-Day Air,TRK-8696-6654,Delivered
6655,8698,2025-12-01 23:56:07,2025-12-05,2025-12-04,Standard Ground,TRK-8698-6655,Delivered
6656,8699,2026-02-12 20:29:07,2026-02-16,2026-02-15,Express Courier,TRK-8699-6656,Delivered
6657,8700,2025-10-07 18:34:57,2025-10-11,2025-10-09,Next-Day Air,TRK-8700-6657,Delivered
6658,8701,2026-08-04 06:31:18,2026-08-08,2026-08-06,Standard Ground,TRK-8701-6658,Delivered
6659,8702,2025-01-07 07:18:32,2025-01-11,2025-01-10,Express Courier,TRK-8702-6659,Delivered
6660,8703,2026-05-22 00:16:22,2026-05-26,2026-05-25,Standard Ground,TRK-8703-6660,Delivered
6661,8704,2024-02-02 11:41:20,2024-02-06,2024-02-05,Standard Ground,TRK-8704-6661,Delivered
6662,8705,2026-02-27 10:06:55,2026-03-03,2026-03-03,Next-Day Air,TRK-8705-6662,Delivered
6663,8707,2024-02-19 06:58:30,2024-02-23,2024-02-22,Next-Day Air,TRK-8707-6663,Delivered
6664,8708,2026-07-29 21:56:01,2026-08-02,2026-07-31,Express Courier,TRK-8708-6664,Delivered
6665,8709,2025-10-12 02:22:56,2025-10-16,2025-10-17,Express Courier,TRK-8709-6665,Delivered
6666,8710,2026-06-24 02:26:55,2026-06-28,2026-06-29,Next-Day Air,TRK-8710-6666,Delivered
6667,8711,2025-03-07 10:31:24,2025-03-11,2025-03-11,Next-Day Air,TRK-8711-6667,Delivered
6668,8712,2024-06-15 06:27:19,2024-06-19,2024-06-18,Next-Day Air,TRK-8712-6668,Delivered
6669,8713,2026-03-30 16:20:34,2026-04-03,2026-04-01,Next-Day Air,TRK-8713-6669,Delivered
6670,8714,2024-04-16 16:50:18,2024-04-20,2024-04-18,Next-Day Air,TRK-8714-6670,Delivered
6671,8716,2025-11-02 20:46:44,2025-11-06,2025-11-05,Next-Day Air,TRK-8716-6671,Delivered
6672,8718,2026-08-28 12:59:56,2026-09-01,2026-09-01,Express Courier,TRK-8718-6672,Delivered
6673,8720,2024-07-12 10:28:25,2024-07-16,2024-07-15,Next-Day Air,TRK-8720-6673,Delivered
6674,8721,2025-08-21 20:35:40,2025-08-25,,Standard Ground,TRK-8721-6674,In Transit
6675,8722,2026-08-01 03:25:26,2026-08-05,2026-08-04,Standard Ground,TRK-8722-6675,Delivered
6676,8724,2026-08-26 02:04:33,2026-08-30,2026-08-31,Standard Ground,TRK-8724-6676,Delivered
6677,8725,2026-07-04 12:06:19,2026-07-08,2026-07-06,Standard Ground,TRK-8725-6677,Delivered
6678,8726,2026-06-28 05:59:49,2026-07-02,2026-07-02,Next-Day Air,TRK-8726-6678,Delivered
6679,8727,2026-01-01 09:17:43,2026-01-05,2026-01-03,Standard Ground,TRK-8727-6679,Delivered
6680,8728,2026-09-02 22:45:04,2026-09-06,2026-09-04,Express Courier,TRK-8728-6680,Delivered
6681,8729,2025-09-08 07:12:09,2025-09-12,2025-09-10,Next-Day Air,TRK-8729-6681,Delivered
6682,8730,2026-09-02 06:10:21,2026-09-06,,Express Courier,TRK-8730-6682,In Transit
6683,8731,2026-04-19 14:47:08,2026-04-23,2026-04-24,Standard Ground,TRK-8731-6683,Delivered
6684,8732,2026-03-28 15:48:05,2026-04-01,2026-03-31,Express Courier,TRK-8732-6684,Delivered
6685,8733,2024-05-13 20:21:29,2024-05-17,2024-05-17,Standard Ground,TRK-8733-6685,Delivered
6686,8734,2026-02-02 11:58:37,2026-02-06,2026-02-05,Express Courier,TRK-8734-6686,Delivered
6687,8737,2026-08-20 08:23:42,2026-08-24,2026-08-24,Next-Day Air,TRK-8737-6687,Delivered
6688,8740,2024-09-22 00:20:25,2024-09-26,2024-09-26,Next-Day Air,TRK-8740-6688,Delivered
6689,8741,2026-06-22 05:19:48,2026-06-26,2026-06-25,Express Courier,TRK-8741-6689,Delivered
6690,8742,2026-06-05 16:39:46,2026-06-09,2026-06-09,Standard Ground,TRK-8742-6690,Delivered
6691,8743,2025-05-27 11:40:13,2025-05-31,2025-05-30,Express Courier,TRK-8743-6691,Delivered
6692,8745,2026-03-16 17:42:37,2026-03-20,2026-03-18,Standard Ground,TRK-8745-6692,Delivered
6693,8746,2025-06-29 03:53:33,2025-07-03,2025-07-02,Standard Ground,TRK-8746-6693,Delivered
6694,8747,2025-12-19 13:27:13,2025-12-23,2025-12-23,Express Courier,TRK-8747-6694,Delivered
6695,8749,2025-08-29 18:21:33,2025-09-02,2025-09-01,Standard Ground,TRK-8749-6695,Delivered
6696,8751,2024-10-28 01:53:55,2024-11-01,2024-11-01,Express Courier,TRK-8751-6696,Delivered
6697,8752,2026-02-21 15:41:06,2026-02-25,2026-02-24,Express Courier,TRK-8752-6697,Delivered
6698,8754,2026-06-01 23:16:28,2026-06-05,2026-06-06,Standard Ground,TRK-8754-6698,Delivered
6699,8755,2026-05-09 14:04:44,2026-05-13,2026-05-13,Express Courier,TRK-8755-6699,Delivered
6700,8756,2024-06-01 06:20:00,2024-06-05,2024-06-05,Express Courier,TRK-8756-6700,Delivered
6701,8757,2026-06-16 17:33:37,2026-06-20,2026-06-21,Express Courier,TRK-8757-6701,Delivered
6702,8759,2025-11-28 05:31:54,2025-12-02,2025-11-30,Standard Ground,TRK-8759-6702,Delivered
6703,8760,2026-03-25 13:37:46,2026-03-29,2026-03-30,Next-Day Air,TRK-8760-6703,Delivered
6704,8761,2025-11-16 00:45:38,2025-11-20,2025-11-19,Express Courier,TRK-8761-6704,Delivered
6705,8763,2025-12-23 11:54:09,2025-12-27,2025-12-26,Standard Ground,TRK-8763-6705,Delivered
6706,8764,2024-08-13 20:02:56,2024-08-17,,Next-Day Air,TRK-8764-6706,In Transit
6707,8767,2024-08-26 20:44:25,2024-08-30,,Next-Day Air,TRK-8767-6707,In Transit
6708,8769,2025-06-15 17:25:18,2025-06-19,,Standard Ground,TRK-8769-6708,In Transit
6709,8770,2025-09-19 10:49:38,2025-09-23,2025-09-22,Standard Ground,TRK-8770-6709,Delivered
6710,8772,2026-05-12 14:51:34,2026-05-16,2026-05-17,Standard Ground,TRK-8772-6710,Delivered
6711,8773,2024-09-21 09:51:52,2024-09-25,2024-09-23,Express Courier,TRK-8773-6711,Delivered
6712,8774,2026-08-29 07:50:11,2026-09-02,2026-09-01,Standard Ground,TRK-8774-6712,Delivered
6713,8775,2026-04-13 00:41:20,2026-04-17,2026-04-18,Next-Day Air,TRK-8775-6713,Delivered
6714,8776,2025-10-08 13:40:41,2025-10-12,,Express Courier,TRK-8776-6714,In Transit
6715,8777,2025-06-12 10:27:02,2025-06-16,2025-06-15,Next-Day Air,TRK-8777-6715,Delivered
6716,8779,2025-12-14 16:38:25,2025-12-18,2025-12-16,Standard Ground,TRK-8779-6716,Delivered
6717,8780,2025-08-26 07:33:10,2025-08-30,2025-08-30,Standard Ground,TRK-8780-6717,Delivered
6718,8781,2025-02-19 14:49:13,2025-02-23,,Next-Day Air,TRK-8781-6718,In Transit
6719,8782,2026-06-24 06:48:39,2026-06-28,2026-06-29,Standard Ground,TRK-8782-6719,Delivered
6720,8783,2026-08-17 23:31:51,2026-08-21,2026-08-21,Standard Ground,TRK-8783-6720,Delivered
6721,8784,2026-04-11 22:58:59,2026-04-15,,Next-Day Air,TRK-8784-6721,In Transit
6722,8787,2026-08-30 05:54:34,2026-09-03,2026-09-01,Express Courier,TRK-8787-6722,Delivered
6723,8789,2026-01-08 01:55:33,2026-01-12,2026-01-12,Express Courier,TRK-8789-6723,Delivered
6724,8791,2026-04-18 06:11:54,2026-04-22,2026-04-20,Express Courier,TRK-8791-6724,Delivered
6725,8792,2025-03-22 16:16:21,2025-03-26,2025-03-25,Express Courier,TRK-8792-6725,Delivered
6726,8793,2026-09-01 00:29:35,2026-09-05,2026-09-05,Standard Ground,TRK-8793-6726,Delivered
6727,8794,2026-03-31 06:07:43,2026-04-04,2026-04-05,Standard Ground,TRK-8794-6727,Delivered
6728,8796,2026-07-14 14:48:12,2026-07-18,2026-07-19,Next-Day Air,TRK-8796-6728,Delivered
6729,8798,2024-08-26 05:08:03,2024-08-30,2024-08-31,Standard Ground,TRK-8798-6729,Delivered
6730,8799,2026-01-26 01:28:00,2026-01-30,2026-01-31,Next-Day Air,TRK-8799-6730,Delivered
6731,8800,2025-07-01 22:08:23,2025-07-05,2025-07-04,Next-Day Air,TRK-8800-6731,Delivered
6732,8801,2026-04-14 10:11:34,2026-04-18,,Standard Ground,TRK-8801-6732,In Transit
6733,8802,2025-02-15 03:44:50,2025-02-19,2025-02-19,Express Courier,TRK-8802-6733,Delivered
6734,8803,2025-04-05 13:33:39,2025-04-09,2025-04-07,Standard Ground,TRK-8803-6734,Delivered
6735,8804,2025-11-03 01:09:00,2025-11-07,2025-11-07,Express Courier,TRK-8804-6735,Delivered
6736,8808,2026-03-08 12:03:43,2026-03-12,2026-03-11,Standard Ground,TRK-8808-6736,Delivered
6737,8810,2025-10-03 23:40:42,2025-10-07,2025-10-07,Standard Ground,TRK-8810-6737,Delivered
6738,8811,2026-08-10 16:15:59,2026-08-14,2026-08-12,Express Courier,TRK-8811-6738,Delivered
6739,8812,2026-04-18 02:38:56,2026-04-22,2026-04-23,Express Courier,TRK-8812-6739,Delivered
6740,8813,2026-08-30 19:46:18,2026-09-03,,Express Courier,TRK-8813-6740,In Transit
6741,8815,2026-02-08 15:53:32,2026-02-12,,Next-Day Air,TRK-8815-6741,In Transit
6742,8816,2025-09-22 13:50:49,2025-09-26,2025-09-26,Next-Day Air,TRK-8816-6742,Delivered
6743,8817,2025-12-19 05:53:53,2025-12-23,,Next-Day Air,TRK-8817-6743,In Transit
6744,8818,2024-07-25 23:38:57,2024-07-29,2024-07-28,Standard Ground,TRK-8818-6744,Delivered
6745,8819,2025-07-29 12:30:47,2025-08-02,2025-07-31,Express Courier,TRK-8819-6745,Delivered
6746,8820,2026-07-07 09:32:05,2026-07-11,2026-07-11,Express Courier,TRK-8820-6746,Delivered
6747,8821,2024-12-19 19:38:37,2024-12-23,2024-12-21,Express Courier,TRK-8821-6747,Delivered
6748,8823,2026-07-10 16:59:40,2026-07-14,2026-07-15,Standard Ground,TRK-8823-6748,Delivered
6749,8824,2026-07-23 09:08:56,2026-07-27,2026-07-27,Next-Day Air,TRK-8824-6749,Delivered
6750,8825,2026-08-13 13:20:10,2026-08-17,2026-08-15,Standard Ground,TRK-8825-6750,Delivered
6751,8826,2026-08-24 19:28:30,2026-08-28,2026-08-29,Next-Day Air,TRK-8826-6751,Delivered
6752,8827,2025-11-29 10:25:38,2025-12-03,2025-12-04,Express Courier,TRK-8827-6752,Delivered
6753,8829,2026-07-19 19:36:28,2026-07-23,2026-07-23,Standard Ground,TRK-8829-6753,Delivered
6754,8830,2026-08-31 04:48:59,2026-09-04,2026-09-02,Express Courier,TRK-8830-6754,Delivered
6755,8832,2026-08-10 20:32:43,2026-08-14,2026-08-12,Standard Ground,TRK-8832-6755,Delivered
6756,8833,2025-06-01 05:02:31,2025-06-05,2025-06-06,Standard Ground,TRK-8833-6756,Delivered
6757,8834,2026-05-28 03:53:48,2026-06-01,2026-05-31,Express Courier,TRK-8834-6757,Delivered
6758,8835,2025-09-18 18:40:31,2025-09-22,,Express Courier,TRK-8835-6758,In Transit
6759,8838,2025-03-10 12:00:07,2025-03-14,2025-03-15,Express Courier,TRK-8838-6759,Delivered
6760,8839,2026-03-13 00:10:40,2026-03-17,2026-03-16,Express Courier,TRK-8839-6760,Delivered
6761,8840,2026-07-08 02:48:52,2026-07-12,2026-07-13,Standard Ground,TRK-8840-6761,Delivered
6762,8841,2025-08-12 22:11:50,2025-08-16,,Standard Ground,TRK-8841-6762,In Transit
6763,8843,2024-03-22 17:21:52,2024-03-26,,Standard Ground,TRK-8843-6763,In Transit
6764,8844,2026-04-19 19:38:04,2026-04-23,2026-04-21,Express Courier,TRK-8844-6764,Delivered
6765,8845,2026-07-13 05:41:26,2026-07-17,2026-07-17,Next-Day Air,TRK-8845-6765,Delivered
6766,8846,2026-03-27 16:21:20,2026-03-31,2026-03-29,Standard Ground,TRK-8846-6766,Delivered
6767,8847,2025-09-16 16:41:30,2025-09-20,2025-09-21,Express Courier,TRK-8847-6767,Delivered
6768,8848,2023-10-22 01:50:49,2023-10-26,2023-10-26,Standard Ground,TRK-8848-6768,Delivered
6769,8850,2025-11-18 17:01:50,2025-11-22,2025-11-21,Standard Ground,TRK-8850-6769,Delivered
6770,8851,2025-04-21 01:01:14,2025-04-25,2025-04-24,Next-Day Air,TRK-8851-6770,Delivered
6771,8852,2024-09-01 03:09:45,2024-09-05,2024-09-05,Next-Day Air,TRK-8852-6771,Delivered
6772,8853,2025-02-02 08:28:40,2025-02-06,,Express Courier,TRK-8853-6772,In Transit
6773,8855,2025-09-03 02:07:20,2025-09-07,2025-09-06,Standard Ground,TRK-8855-6773,Delivered
6774,8858,2025-04-24 16:35:52,2025-04-28,2025-04-26,Express Courier,TRK-8858-6774,Delivered
6775,8859,2025-03-13 14:50:38,2025-03-17,2025-03-16,Next-Day Air,TRK-8859-6775,Delivered
6776,8860,2025-10-06 23:30:42,2025-10-10,2025-10-09,Standard Ground,TRK-8860-6776,Delivered
6777,8861,2025-01-17 03:33:56,2025-01-21,2025-01-21,Next-Day Air,TRK-8861-6777,Delivered
6778,8862,2026-01-29 13:13:35,2026-02-02,2026-02-02,Standard Ground,TRK-8862-6778,Delivered
6779,8863,2025-07-09 21:24:20,2025-07-13,2025-07-11,Express Courier,TRK-8863-6779,Delivered
6780,8865,2026-08-03 05:49:07,2026-08-07,2026-08-05,Express Courier,TRK-8865-6780,Delivered
6781,8866,2026-08-09 00:49:30,2026-08-13,2026-08-14,Next-Day Air,TRK-8866-6781,Delivered
6782,8867,2024-11-18 16:36:58,2024-11-22,2024-11-23,Next-Day Air,TRK-8867-6782,Delivered
6783,8868,2026-02-24 16:31:07,2026-02-28,2026-02-27,Express Courier,TRK-8868-6783,Delivered
6784,8870,2025-02-03 10:51:11,2025-02-07,2025-02-05,Express Courier,TRK-8870-6784,Delivered
6785,8871,2025-05-02 08:57:49,2025-05-06,,Express Courier,TRK-8871-6785,In Transit
6786,8872,2025-12-01 04:20:34,2025-12-05,2025-12-03,Express Courier,TRK-8872-6786,Delivered
6787,8873,2025-05-19 07:35:56,2025-05-23,,Express Courier,TRK-8873-6787,In Transit
6788,8874,2025-08-16 02:00:19,2025-08-20,2025-08-19,Express Courier,TRK-8874-6788,Delivered
6789,8875,2024-12-14 10:04:28,2024-12-18,2024-12-19,Next-Day Air,TRK-8875-6789,Delivered
6790,8876,2025-01-18 11:09:58,2025-01-22,2025-01-22,Next-Day Air,TRK-8876-6790,Delivered
6791,8877,2026-07-30 16:40:05,2026-08-03,2026-08-03,Express Courier,TRK-8877-6791,Delivered
6792,8878,2025-11-02 22:16:03,2025-11-06,,Next-Day Air,TRK-8878-6792,In Transit
6793,8880,2026-08-31 23:19:47,2026-09-04,2026-09-05,Standard Ground,TRK-8880-6793,Delivered
6794,8881,2025-02-27 03:02:39,2025-03-03,2025-03-01,Express Courier,TRK-8881-6794,Delivered
6795,8882,2025-09-14 03:51:49,2025-09-18,2025-09-16,Next-Day Air,TRK-8882-6795,Delivered
6796,8883,2026-02-07 01:20:02,2026-02-11,2026-02-11,Express Courier,TRK-8883-6796,Delivered
6797,8885,2025-07-16 16:33:57,2025-07-20,2025-07-19,Standard Ground,TRK-8885-6797,Delivered
6798,8886,2025-03-15 18:52:29,2025-03-19,,Standard Ground,TRK-8886-6798,In Transit
6799,8887,2026-07-08 23:24:25,2026-07-12,2026-07-11,Express Courier,TRK-8887-6799,Delivered
6800,8888,2026-07-31 20:04:15,2026-08-04,2026-08-02,Next-Day Air,TRK-8888-6800,Delivered
6801,8889,2026-03-22 04:06:55,2026-03-26,,Standard Ground,TRK-8889-6801,In Transit
6802,8890,2025-06-18 00:52:01,2025-06-22,2025-06-22,Express Courier,TRK-8890-6802,Delivered
6803,8892,2026-04-18 06:54:22,2026-04-22,2026-04-20,Express Courier,TRK-8892-6803,Delivered
6804,8893,2025-12-12 13:08:46,2025-12-16,2025-12-14,Express Courier,TRK-8893-6804,Delivered
6805,8894,2025-06-14 12:43:10,2025-06-18,2025-06-19,Express Courier,TRK-8894-6805,Delivered
6806,8898,2026-07-07 20:28:29,2026-07-11,2026-07-12,Next-Day Air,TRK-8898-6806,Delivered
6807,8899,2025-06-13 02:50:19,2025-06-17,2025-06-18,Next-Day Air,TRK-8899-6807,Delivered
6808,8900,2026-08-13 09:56:45,2026-08-17,2026-08-18,Next-Day Air,TRK-8900-6808,Delivered
6809,8901,2025-07-23 00:04:19,2025-07-27,,Next-Day Air,TRK-8901-6809,In Transit
6810,8902,2026-06-02 15:40:07,2026-06-06,2026-06-04,Next-Day Air,TRK-8902-6810,Delivered
6811,8903,2024-01-25 10:24:52,2024-01-29,,Express Courier,TRK-8903-6811,In Transit
6812,8904,2026-02-08 17:51:47,2026-02-12,2026-02-10,Next-Day Air,TRK-8904-6812,Delivered
6813,8905,2026-08-28 21:10:54,2026-09-01,2026-08-31,Next-Day Air,TRK-8905-6813,Delivered
6814,8906,2026-06-02 20:17:53,2026-06-06,2026-06-06,Standard Ground,TRK-8906-6814,Delivered
6815,8908,2026-06-15 19:00:50,2026-06-19,2026-06-18,Express Courier,TRK-8908-6815,Delivered
6816,8910,2025-11-07 16:10:29,2025-11-11,,Next-Day Air,TRK-8910-6816,In Transit
6817,8911,2026-08-05 17:43:15,2026-08-09,2026-08-10,Next-Day Air,TRK-8911-6817,Delivered
6818,8912,2025-06-20 01:15:00,2025-06-24,2025-06-22,Standard Ground,TRK-8912-6818,Delivered
6819,8914,2025-11-02 23:31:35,2025-11-06,2025-11-05,Express Courier,TRK-8914-6819,Delivered
6820,8916,2026-05-04 11:51:29,2026-05-08,,Standard Ground,TRK-8916-6820,In Transit
6821,8917,2026-04-11 09:49:30,2026-04-15,2026-04-15,Standard Ground,TRK-8917-6821,Delivered
6822,8918,2026-08-28 14:26:46,2026-09-01,2026-08-31,Express Courier,TRK-8918-6822,Delivered
6823,8919,2026-03-10 16:32:52,2026-03-14,,Express Courier,TRK-8919-6823,In Transit
6824,8920,2026-08-24 02:18:31,2026-08-28,2026-08-27,Express Courier,TRK-8920-6824,Delivered
6825,8922,2026-02-02 05:12:15,2026-02-06,2026-02-07,Standard Ground,TRK-8922-6825,Delivered
6826,8923,2026-08-13 01:10:57,2026-08-17,2026-08-18,Next-Day Air,TRK-8923-6826,Delivered
6827,8924,2026-08-14 17:34:23,2026-08-18,2026-08-17,Express Courier,TRK-8924-6827,Delivered
6828,8925,2025-01-04 18:33:41,2025-01-08,2025-01-08,Express Courier,TRK-8925-6828,Delivered
6829,8926,2026-07-20 19:02:27,2026-07-24,,Next-Day Air,TRK-8926-6829,In Transit
6830,8927,2026-01-05 23:03:03,2026-01-09,2026-01-10,Next-Day Air,TRK-8927-6830,Delivered
6831,8929,2026-08-16 20:09:42,2026-08-20,2026-08-19,Next-Day Air,TRK-8929-6831,Delivered
6832,8932,2025-06-12 00:33:20,2025-06-16,2025-06-14,Next-Day Air,TRK-8932-6832,Delivered
6833,8933,2026-08-11 20:08:25,2026-08-15,2026-08-14,Next-Day Air,TRK-8933-6833,Delivered
6834,8934,2026-03-10 13:02:59,2026-03-14,2026-03-14,Standard Ground,TRK-8934-6834,Delivered
6835,8936,2024-05-26 10:44:22,2024-05-30,2024-05-28,Express Courier,TRK-8936-6835,Delivered
6836,8938,2025-09-08 20:16:25,2025-09-12,2025-09-11,Next-Day Air,TRK-8938-6836,Delivered
6837,8940,2026-08-25 08:53:20,2026-08-29,2026-08-30,Standard Ground,TRK-8940-6837,Delivered
6838,8942,2025-11-05 06:33:36,2025-11-09,,Standard Ground,TRK-8942-6838,In Transit
6839,8943,2023-12-31 10:49:22,2024-01-04,2024-01-04,Next-Day Air,TRK-8943-6839,Delivered
6840,8944,2025-07-08 18:55:46,2025-07-12,2025-07-13,Next-Day Air,TRK-8944-6840,Delivered
6841,8945,2025-11-25 00:27:07,2025-11-29,2025-11-29,Next-Day Air,TRK-8945-6841,Delivered
6842,8946,2025-09-11 09:15:36,2025-09-15,,Express Courier,TRK-8946-6842,In Transit
6843,8947,2025-06-14 18:16:50,2025-06-18,2025-06-17,Next-Day Air,TRK-8947-6843,Delivered
6844,8949,2026-08-17 22:15:54,2026-08-21,2026-08-20,Standard Ground,TRK-8949-6844,Delivered
6845,8950,2025-01-02 19:44:53,2025-01-06,2025-01-06,Standard Ground,TRK-8950-6845,Delivered
6846,8951,2025-11-15 19:27:27,2025-11-19,,Express Courier,TRK-8951-6846,In Transit
6847,8953,2026-06-01 09:13:01,2026-06-05,,Standard Ground,TRK-8953-6847,In Transit
6848,8955,2026-01-23 19:07:58,2026-01-27,2026-01-25,Next-Day Air,TRK-8955-6848,Delivered
6849,8957,2025-01-26 02:02:49,2025-01-30,2025-01-29,Express Courier,TRK-8957-6849,Delivered
6850,8958,2026-08-09 10:27:58,2026-08-13,2026-08-11,Next-Day Air,TRK-8958-6850,Delivered
6851,8959,2026-07-24 03:29:59,2026-07-28,2026-07-29,Next-Day Air,TRK-8959-6851,Delivered
6852,8960,2026-09-02 01:01:56,2026-09-06,2026-09-06,Standard Ground,TRK-8960-6852,Delivered
6853,8962,2024-03-14 19:14:00,2024-03-18,2024-03-16,Standard Ground,TRK-8962-6853,Delivered
6854,8963,2025-12-04 16:46:18,2025-12-08,2025-12-08,Standard Ground,TRK-8963-6854,Delivered
6855,8965,2026-02-17 01:57:27,2026-02-21,2026-02-21,Express Courier,TRK-8965-6855,Delivered
6856,8966,2025-07-23 04:41:00,2025-07-27,2025-07-27,Next-Day Air,TRK-8966-6856,Delivered
6857,8968,2025-05-01 16:58:12,2025-05-05,2025-05-03,Next-Day Air,TRK-8968-6857,Delivered
6858,8969,2025-02-20 08:39:08,2025-02-24,2025-02-23,Standard Ground,TRK-8969-6858,Delivered
6859,8970,2026-02-17 01:07:13,2026-02-21,2026-02-22,Standard Ground,TRK-8970-6859,Delivered
6860,8971,2026-04-21 02:19:57,2026-04-25,2026-04-24,Express Courier,TRK-8971-6860,Delivered
6861,8972,2026-06-22 07:30:17,2026-06-26,,Standard Ground,TRK-8972-6861,In Transit
6862,8973,2025-05-12 16:58:52,2025-05-16,2025-05-15,Standard Ground,TRK-8973-6862,Delivered
6863,8974,2026-01-02 08:26:46,2026-01-06,2026-01-06,Standard Ground,TRK-8974-6863,Delivered
6864,8975,2026-05-21 16:10:03,2026-05-25,,Standard Ground,TRK-8975-6864,In Transit
6865,8976,2026-07-22 11:58:26,2026-07-26,2026-07-26,Next-Day Air,TRK-8976-6865,Delivered
6866,8979,2025-08-10 04:30:29,2025-08-14,2025-08-14,Standard Ground,TRK-8979-6866,Delivered
6867,8982,2025-07-23 05:10:25,2025-07-27,2025-07-27,Express Courier,TRK-8982-6867,Delivered
6868,8983,2026-03-21 09:02:39,2026-03-25,2026-03-24,Standard Ground,TRK-8983-6868,Delivered
6869,8984,2025-12-28 10:44:13,2026-01-01,2026-01-02,Express Courier,TRK-8984-6869,Delivered
6870,8985,2024-03-19 21:47:14,2024-03-23,2024-03-22,Express Courier,TRK-8985-6870,Delivered
6871,8986,2025-11-27 10:18:59,2025-12-01,2025-12-02,Standard Ground,TRK-8986-6871,Delivered
6872,8987,2024-11-25 14:31:14,2024-11-29,2024-11-30,Next-Day Air,TRK-8987-6872,Delivered
6873,8988,2026-07-06 18:55:28,2026-07-10,2026-07-08,Next-Day Air,TRK-8988-6873,Delivered
6874,8989,2026-03-29 18:32:59,2026-04-02,2026-04-01,Standard Ground,TRK-8989-6874,Delivered
6875,8990,2025-10-13 11:50:31,2025-10-17,2025-10-15,Express Courier,TRK-8990-6875,Delivered
6876,8992,2026-02-22 07:25:02,2026-02-26,2026-02-26,Express Courier,TRK-8992-6876,Delivered
6877,8993,2026-05-18 04:10:11,2026-05-22,2026-05-23,Express Courier,TRK-8993-6877,Delivered
6878,8994,2026-08-31 17:09:48,2026-09-04,2026-09-04,Standard Ground,TRK-8994-6878,Delivered
6879,8995,2026-05-26 23:15:21,2026-05-30,2026-05-29,Express Courier,TRK-8995-6879,Delivered
6880,8996,2026-07-04 10:09:13,2026-07-08,2026-07-08,Standard Ground,TRK-8996-6880,Delivered
6881,8998,2025-12-05 00:04:41,2025-12-09,2025-12-10,Express Courier,TRK-8998-6881,Delivered
6882,8999,2026-07-18 07:28:20,2026-07-22,2026-07-23,Next-Day Air,TRK-8999-6882,Delivered
6883,9000,2025-09-08 11:46:09,2025-09-12,2025-09-11,Express Courier,TRK-9000-6883,Delivered
6884,9002,2025-09-21 03:39:14,2025-09-25,,Next-Day Air,TRK-9002-6884,In Transit
6885,9003,2026-07-01 09:20:31,2026-07-05,2026-07-03,Standard Ground,TRK-9003-6885,Delivered
6886,9004,2024-06-05 09:18:43,2024-06-09,2024-06-07,Next-Day Air,TRK-9004-6886,Delivered
6887,9005,2026-07-21 01:20:06,2026-07-25,2026-07-24,Standard Ground,TRK-9005-6887,Delivered
6888,9006,2026-05-09 14:14:08,2026-05-13,2026-05-14,Next-Day Air,TRK-9006-6888,Delivered
6889,9008,2026-07-19 08:01:56,2026-07-23,2026-07-23,Express Courier,TRK-9008-6889,Delivered
6890,9009,2025-09-22 06:26:04,2025-09-26,2025-09-26,Express Courier,TRK-9009-6890,Delivered
6891,9011,2025-08-03 02:29:22,2025-08-07,2025-08-07,Standard Ground,TRK-9011-6891,Delivered
6892,9012,2026-03-27 04:25:10,2026-03-31,2026-03-30,Express Courier,TRK-9012-6892,Delivered
6893,9013,2025-11-14 12:40:01,2025-11-18,2025-11-19,Next-Day Air,TRK-9013-6893,Delivered
6894,9014,2025-04-21 09:46:34,2025-04-25,2025-04-25,Standard Ground,TRK-9014-6894,Delivered
6895,9015,2026-06-17 03:11:33,2026-06-21,2026-06-21,Express Courier,TRK-9015-6895,Delivered
6896,9016,2026-08-30 01:53:51,2026-09-03,2026-09-03,Next-Day Air,TRK-9016-6896,Delivered
6897,9017,2026-05-14 15:01:51,2026-05-18,2026-05-19,Next-Day Air,TRK-9017-6897,Delivered
6898,9018,2023-11-28 10:31:32,2023-12-02,2023-12-01,Express Courier,TRK-9018-6898,Delivered
6899,9019,2025-11-12 17:50:41,2025-11-16,2025-11-14,Next-Day Air,TRK-9019-6899,Delivered
6900,9020,2026-08-28 14:54:05,2026-09-01,2026-08-30,Standard Ground,TRK-9020-6900,Delivered
6901,9021,2025-08-08 20:53:26,2025-08-12,2025-08-11,Standard Ground,TRK-9021-6901,Delivered
6902,9022,2026-07-20 13:39:07,2026-07-24,2026-07-23,Next-Day Air,TRK-9022-6902,Delivered
6903,9023,2026-03-03 10:50:09,2026-03-07,2026-03-05,Express Courier,TRK-9023-6903,Delivered
6904,9025,2023-10-24 03:58:37,2023-10-28,2023-10-29,Standard Ground,TRK-9025-6904,Delivered
6905,9026,2024-10-09 09:53:30,2024-10-13,2024-10-13,Express Courier,TRK-9026-6905,Delivered
6906,9027,2024-10-06 12:15:30,2024-10-10,2024-10-08,Standard Ground,TRK-9027-6906,Delivered
6907,9028,2026-06-24 09:28:49,2026-06-28,2026-06-28,Next-Day Air,TRK-9028-6907,Delivered
6908,9029,2026-07-26 23:43:40,2026-07-30,2026-07-28,Express Courier,TRK-9029-6908,Delivered
6909,9030,2026-08-30 07:37:13,2026-09-03,2026-09-03,Next-Day Air,TRK-9030-6909,Delivered
6910,9031,2024-09-22 22:22:04,2024-09-26,2024-09-27,Express Courier,TRK-9031-6910,Delivered
6911,9032,2026-03-25 19:17:02,2026-03-29,2026-03-27,Express Courier,TRK-9032-6911,Delivered
6912,9033,2025-06-16 20:52:46,2025-06-20,,Standard Ground,TRK-9033-6912,In Transit
6913,9034,2026-07-29 16:29:56,2026-08-02,2026-08-01,Next-Day Air,TRK-9034-6913,Delivered
6914,9035,2026-05-27 14:25:58,2026-05-31,2026-05-30,Standard Ground,TRK-9035-6914,Delivered
6915,9036,2025-05-11 06:04:48,2025-05-15,2025-05-13,Next-Day Air,TRK-9036-6915,Delivered
6916,9037,2026-07-11 06:20:06,2026-07-15,2026-07-15,Express Courier,TRK-9037-6916,Delivered
6917,9038,2026-06-08 13:52:16,2026-06-12,2026-06-12,Standard Ground,TRK-9038-6917,Delivered
6918,9039,2025-08-14 19:23:00,2025-08-18,,Next-Day Air,TRK-9039-6918,In Transit
6919,9040,2025-10-23 07:37:18,2025-10-27,2025-10-26,Express Courier,TRK-9040-6919,Delivered
6920,9041,2026-02-03 04:00:30,2026-02-07,2026-02-05,Standard Ground,TRK-9041-6920,Delivered
6921,9042,2026-02-06 05:23:04,2026-02-10,,Express Courier,TRK-9042-6921,In Transit
6922,9043,2026-06-13 23:10:22,2026-06-17,2026-06-16,Standard Ground,TRK-9043-6922,Delivered
6923,9044,2025-12-23 02:32:19,2025-12-27,2025-12-27,Express Courier,TRK-9044-6923,Delivered
6924,9046,2026-06-19 23:36:57,2026-06-23,2026-06-22,Express Courier,TRK-9046-6924,Delivered
6925,9048,2024-11-22 01:26:41,2024-11-26,2024-11-27,Next-Day Air,TRK-9048-6925,Delivered
6926,9050,2026-05-14 12:34:38,2026-05-18,2026-05-16,Standard Ground,TRK-9050-6926,Delivered
6927,9051,2026-04-19 18:21:37,2026-04-23,2026-04-21,Express Courier,TRK-9051-6927,Delivered
6928,9052,2026-06-21 05:46:59,2026-06-25,2026-06-24,Express Courier,TRK-9052-6928,Delivered
6929,9053,2026-08-08 18:56:20,2026-08-12,2026-08-13,Express Courier,TRK-9053-6929,Delivered
6930,9054,2026-04-06 18:04:55,2026-04-10,,Next-Day Air,TRK-9054-6930,In Transit
6931,9055,2025-12-04 11:39:11,2025-12-08,2025-12-07,Standard Ground,TRK-9055-6931,Delivered
6932,9056,2026-09-01 11:29:05,2026-09-05,2026-09-03,Next-Day Air,TRK-9056-6932,Delivered
6933,9057,2025-06-20 22:54:26,2025-06-24,2025-06-22,Next-Day Air,TRK-9057-6933,Delivered
6934,9059,2025-01-24 15:10:00,2025-01-28,2025-01-27,Express Courier,TRK-9059-6934,Delivered
6935,9061,2025-05-12 19:38:21,2025-05-16,2025-05-14,Next-Day Air,TRK-9061-6935,Delivered
6936,9064,2026-04-21 05:16:38,2026-04-25,,Express Courier,TRK-9064-6936,In Transit
6937,9065,2025-10-29 06:12:54,2025-11-02,2025-11-03,Express Courier,TRK-9065-6937,Delivered
6938,9067,2026-03-17 19:41:57,2026-03-21,2026-03-19,Express Courier,TRK-9067-6938,Delivered
6939,9068,2025-07-03 04:09:39,2025-07-07,,Standard Ground,TRK-9068-6939,In Transit
6940,9070,2026-02-03 22:00:34,2026-02-07,2026-02-08,Next-Day Air,TRK-9070-6940,Delivered
6941,9071,2026-07-18 03:55:18,2026-07-22,2026-07-21,Next-Day Air,TRK-9071-6941,Delivered
6942,9073,2025-09-03 13:49:04,2025-09-07,2025-09-06,Express Courier,TRK-9073-6942,Delivered
6943,9076,2026-05-28 12:27:53,2026-06-01,2026-05-31,Standard Ground,TRK-9076-6943,Delivered
6944,9077,2026-02-06 20:49:36,2026-02-10,2026-02-11,Express Courier,TRK-9077-6944,Delivered
6945,9081,2025-11-30 02:57:40,2025-12-04,2025-12-03,Express Courier,TRK-9081-6945,Delivered
6946,9082,2026-02-15 09:47:14,2026-02-19,2026-02-20,Next-Day Air,TRK-9082-6946,Delivered
6947,9083,2026-02-24 06:20:33,2026-02-28,2026-02-26,Express Courier,TRK-9083-6947,Delivered
6948,9084,2026-05-31 13:04:12,2026-06-04,2026-06-03,Express Courier,TRK-9084-6948,Delivered
6949,9085,2025-07-21 21:50:05,2025-07-25,2025-07-25,Next-Day Air,TRK-9085-6949,Delivered
6950,9086,2026-08-30 07:52:43,2026-09-03,2026-09-03,Express Courier,TRK-9086-6950,Delivered
6951,9087,2025-09-22 09:38:40,2025-09-26,2025-09-26,Next-Day Air,TRK-9087-6951,Delivered
6952,9088,2025-12-16 11:56:14,2025-12-20,2025-12-18,Next-Day Air,TRK-9088-6952,Delivered
6953,9089,2025-07-10 17:39:49,2025-07-14,2025-07-14,Next-Day Air,TRK-9089-6953,Delivered
6954,9090,2026-03-22 21:48:56,2026-03-26,2026-03-25,Next-Day Air,TRK-9090-6954,Delivered
6955,9092,2026-08-03 20:36:31,2026-08-07,2026-08-06,Express Courier,TRK-9092-6955,Delivered
6956,9094,2025-11-17 16:48:09,2025-11-21,,Next-Day Air,TRK-9094-6956,In Transit
6957,9097,2024-01-22 03:53:10,2024-01-26,2024-01-27,Standard Ground,TRK-9097-6957,Delivered
6958,9098,2025-04-08 08:43:05,2025-04-12,2025-04-12,Standard Ground,TRK-9098-6958,Delivered
6959,9099,2024-06-28 05:12:59,2024-07-02,2024-07-02,Standard Ground,TRK-9099-6959,Delivered
6960,9100,2026-07-05 22:43:43,2026-07-09,2026-07-07,Next-Day Air,TRK-9100-6960,Delivered
6961,9101,2025-05-24 20:24:52,2025-05-28,2025-05-27,Standard Ground,TRK-9101-6961,Delivered
6962,9102,2026-08-23 23:47:34,2026-08-27,2026-08-25,Express Courier,TRK-9102-6962,Delivered
6963,9103,2026-04-12 05:41:34,2026-04-16,,Next-Day Air,TRK-9103-6963,In Transit
6964,9104,2025-04-22 06:39:12,2025-04-26,2025-04-26,Standard Ground,TRK-9104-6964,Delivered
6965,9107,2026-08-02 16:24:14,2026-08-06,2026-08-06,Express Courier,TRK-9107-6965,Delivered
6966,9108,2025-06-08 00:03:01,2025-06-12,2025-06-13,Next-Day Air,TRK-9108-6966,Delivered
6967,9109,2026-08-03 09:47:43,2026-08-07,2026-08-08,Express Courier,TRK-9109-6967,Delivered
6968,9110,2024-07-25 11:51:37,2024-07-29,2024-07-28,Express Courier,TRK-9110-6968,Delivered
6969,9111,2026-07-19 06:05:22,2026-07-23,2026-07-24,Next-Day Air,TRK-9111-6969,Delivered
6970,9112,2025-07-26 04:16:15,2025-07-30,2025-07-29,Standard Ground,TRK-9112-6970,Delivered
6971,9114,2025-06-16 18:25:28,2025-06-20,2025-06-21,Next-Day Air,TRK-9114-6971,Delivered
6972,9115,2026-08-29 07:23:25,2026-09-02,2026-09-03,Express Courier,TRK-9115-6972,Delivered
6973,9116,2026-05-09 21:52:22,2026-05-13,2026-05-11,Express Courier,TRK-9116-6973,Delivered
6974,9118,2026-05-27 07:05:02,2026-05-31,2026-05-31,Express Courier,TRK-9118-6974,Delivered
6975,9119,2026-03-17 11:36:43,2026-03-21,,Next-Day Air,TRK-9119-6975,In Transit
6976,9122,2025-03-09 11:23:12,2025-03-13,2025-03-12,Next-Day Air,TRK-9122-6976,Delivered
6977,9123,2025-10-10 05:37:30,2025-10-14,2025-10-15,Express Courier,TRK-9123-6977,Delivered
6978,9125,2026-08-23 07:24:35,2026-08-27,,Next-Day Air,TRK-9125-6978,In Transit
6979,9127,2025-10-12 13:48:15,2025-10-16,2025-10-14,Express Courier,TRK-9127-6979,Delivered
6980,9128,2025-07-16 12:38:09,2025-07-20,2025-07-19,Express Courier,TRK-9128-6980,Delivered
6981,9129,2026-08-13 10:14:47,2026-08-17,,Next-Day Air,TRK-9129-6981,In Transit
6982,9130,2026-05-24 20:13:47,2026-05-28,2026-05-29,Standard Ground,TRK-9130-6982,Delivered
6983,9131,2025-02-27 06:55:56,2025-03-03,,Express Courier,TRK-9131-6983,In Transit
6984,9132,2026-04-11 04:46:12,2026-04-15,2026-04-14,Standard Ground,TRK-9132-6984,Delivered
6985,9134,2026-07-03 08:03:16,2026-07-07,2026-07-05,Standard Ground,TRK-9134-6985,Delivered
6986,9135,2025-10-26 18:23:06,2025-10-30,2025-10-29,Express Courier,TRK-9135-6986,Delivered
6987,9136,2026-02-08 12:27:07,2026-02-12,2026-02-10,Express Courier,TRK-9136-6987,Delivered
6988,9137,2026-04-01 22:09:24,2026-04-05,,Next-Day Air,TRK-9137-6988,In Transit
6989,9138,2026-05-02 05:37:13,2026-05-06,2026-05-07,Standard Ground,TRK-9138-6989,Delivered
6990,9139,2026-07-03 12:12:08,2026-07-07,2026-07-08,Standard Ground,TRK-9139-6990,Delivered
6991,9141,2025-08-29 03:16:15,2025-09-02,2025-09-03,Standard Ground,TRK-9141-6991,Delivered
6992,9142,2026-01-20 21:41:49,2026-01-24,2026-01-23,Standard Ground,TRK-9142-6992,Delivered
6993,9143,2026-01-02 13:38:57,2026-01-06,2026-01-05,Express Courier,TRK-9143-6993,Delivered
6994,9144,2024-03-06 01:18:20,2024-03-10,,Standard Ground,TRK-9144-6994,In Transit
6995,9145,2025-10-30 02:40:35,2025-11-03,2025-11-01,Next-Day Air,TRK-9145-6995,Delivered
6996,9146,2026-05-26 23:31:09,2026-05-30,2026-05-28,Next-Day Air,TRK-9146-6996,Delivered
6997,9147,2026-06-06 23:27:06,2026-06-10,2026-06-11,Express Courier,TRK-9147-6997,Delivered
6998,9149,2026-08-06 15:49:28,2026-08-10,2026-08-11,Standard Ground,TRK-9149-6998,Delivered
6999,9150,2025-05-05 22:09:09,2025-05-09,2025-05-10,Standard Ground,TRK-9150-6999,Delivered
7000,9152,2026-04-12 14:25:14,2026-04-16,2026-04-17,Standard Ground,TRK-9152-7000,Delivered
7001,9154,2026-06-13 08:09:20,2026-06-17,2026-06-16,Standard Ground,TRK-9154-7001,Delivered
7002,9156,2026-07-18 13:33:38,2026-07-22,,Standard Ground,TRK-9156-7002,In Transit
7003,9157,2025-05-24 23:38:31,2025-05-28,2025-05-29,Next-Day Air,TRK-9157-7003,Delivered
7004,9158,2025-08-22 01:06:18,2025-08-26,2025-08-25,Next-Day Air,TRK-9158-7004,Delivered
7005,9159,2025-12-22 01:31:33,2025-12-26,2025-12-26,Next-Day Air,TRK-9159-7005,Delivered
7006,9160,2025-06-04 22:03:39,2025-06-08,2025-06-07,Standard Ground,TRK-9160-7006,Delivered
7007,9161,2024-08-01 21:35:00,2024-08-05,2024-08-03,Express Courier,TRK-9161-7007,Delivered
7008,9162,2026-02-09 06:24:44,2026-02-13,2026-02-12,Standard Ground,TRK-9162-7008,Delivered
7009,9163,2024-11-14 15:26:42,2024-11-18,2024-11-18,Express Courier,TRK-9163-7009,Delivered
7010,9164,2025-12-01 23:53:31,2025-12-05,2025-12-06,Express Courier,TRK-9164-7010,Delivered
7011,9166,2025-07-24 09:51:45,2025-07-28,2025-07-27,Next-Day Air,TRK-9166-7011,Delivered
7012,9167,2026-06-20 21:19:31,2026-06-24,2026-06-24,Next-Day Air,TRK-9167-7012,Delivered
7013,9169,2026-08-23 23:12:42,2026-08-27,,Next-Day Air,TRK-9169-7013,In Transit
7014,9170,2025-07-11 14:02:45,2025-07-15,2025-07-14,Standard Ground,TRK-9170-7014,Delivered
7015,9171,2025-11-05 00:21:11,2025-11-09,,Express Courier,TRK-9171-7015,In Transit
7016,9172,2026-03-14 20:32:46,2026-03-18,,Standard Ground,TRK-9172-7016,In Transit
7017,9173,2024-11-27 04:19:48,2024-12-01,2024-12-01,Express Courier,TRK-9173-7017,Delivered
7018,9175,2025-12-15 04:43:52,2025-12-19,2025-12-17,Next-Day Air,TRK-9175-7018,Delivered
7019,9176,2024-11-26 07:34:41,2024-11-30,2024-11-29,Express Courier,TRK-9176-7019,Delivered
7020,9177,2026-06-03 19:25:01,2026-06-07,2026-06-07,Standard Ground,TRK-9177-7020,Delivered
7021,9179,2025-02-24 09:02:33,2025-02-28,2025-02-28,Standard Ground,TRK-9179-7021,Delivered
7022,9180,2025-08-30 18:32:03,2025-09-03,2025-09-04,Next-Day Air,TRK-9180-7022,Delivered
7023,9182,2026-09-03 12:19:27,2026-09-07,2026-09-05,Next-Day Air,TRK-9182-7023,Delivered
7024,9183,2026-04-29 02:56:35,2026-05-03,2026-05-02,Express Courier,TRK-9183-7024,Delivered
7025,9186,2025-07-03 04:20:15,2025-07-07,2025-07-07,Standard Ground,TRK-9186-7025,Delivered
7026,9187,2026-07-14 21:36:57,2026-07-18,2026-07-19,Express Courier,TRK-9187-7026,Delivered
7027,9189,2025-11-27 17:23:29,2025-12-01,,Next-Day Air,TRK-9189-7027,In Transit
7028,9192,2026-08-18 10:17:14,2026-08-22,2026-08-20,Standard Ground,TRK-9192-7028,Delivered
7029,9193,2026-07-30 01:40:15,2026-08-03,2026-08-03,Express Courier,TRK-9193-7029,Delivered
7030,9194,2026-09-03 06:20:24,2026-09-07,2026-09-06,Next-Day Air,TRK-9194-7030,Delivered
7031,9195,2025-04-28 13:03:59,2025-05-02,,Express Courier,TRK-9195-7031,In Transit
7032,9198,2023-12-09 06:33:17,2023-12-13,2023-12-12,Express Courier,TRK-9198-7032,Delivered
7033,9199,2026-07-25 06:01:07,2026-07-29,,Standard Ground,TRK-9199-7033,In Transit
7034,9200,2025-10-22 15:44:17,2025-10-26,2025-10-25,Express Courier,TRK-9200-7034,Delivered
7035,9201,2024-12-06 16:09:27,2024-12-10,2024-12-08,Express Courier,TRK-9201-7035,Delivered
7036,9202,2026-07-05 06:34:57,2026-07-09,2026-07-07,Express Courier,TRK-9202-7036,Delivered
7037,9203,2026-05-15 20:06:03,2026-05-19,2026-05-18,Standard Ground,TRK-9203-7037,Delivered
7038,9205,2026-04-25 02:34:10,2026-04-29,,Standard Ground,TRK-9205-7038,In Transit
7039,9206,2025-12-07 16:48:42,2025-12-11,2025-12-12,Express Courier,TRK-9206-7039,Delivered
7040,9208,2026-03-22 18:56:00,2026-03-26,2026-03-25,Standard Ground,TRK-9208-7040,Delivered
7041,9209,2025-12-22 12:04:47,2025-12-26,2025-12-25,Next-Day Air,TRK-9209-7041,Delivered
7042,9210,2025-11-24 00:42:25,2025-11-28,,Standard Ground,TRK-9210-7042,In Transit
7043,9211,2026-08-04 22:43:24,2026-08-08,2026-08-06,Express Courier,TRK-9211-7043,Delivered
7044,9212,2026-03-28 18:05:29,2026-04-01,2026-04-01,Next-Day Air,TRK-9212-7044,Delivered
7045,9213,2024-07-09 07:03:32,2024-07-13,2024-07-12,Standard Ground,TRK-9213-7045,Delivered
7046,9216,2025-12-08 12:31:19,2025-12-12,,Express Courier,TRK-9216-7046,In Transit
7047,9218,2026-04-09 17:18:52,2026-04-13,2026-04-12,Next-Day Air,TRK-9218-7047,Delivered
7048,9219,2026-05-29 04:48:33,2026-06-02,2026-06-03,Express Courier,TRK-9219-7048,Delivered
7049,9221,2026-07-14 16:26:41,2026-07-18,,Express Courier,TRK-9221-7049,In Transit
7050,9222,2025-11-04 12:40:51,2025-11-08,,Express Courier,TRK-9222-7050,In Transit
7051,9223,2025-05-03 11:09:13,2025-05-07,2025-05-08,Express Courier,TRK-9223-7051,Delivered
7052,9224,2026-08-29 13:02:44,2026-09-02,2026-08-31,Next-Day Air,TRK-9224-7052,Delivered
7053,9225,2024-10-21 10:24:05,2024-10-25,2024-10-26,Express Courier,TRK-9225-7053,Delivered
7054,9228,2025-09-22 01:05:43,2025-09-26,2025-09-25,Next-Day Air,TRK-9228-7054,Delivered
7055,9229,2026-07-15 08:34:14,2026-07-19,,Express Courier,TRK-9229-7055,In Transit
7056,9230,2025-08-24 14:20:36,2025-08-28,2025-08-29,Standard Ground,TRK-9230-7056,Delivered
7057,9231,2025-05-29 02:53:16,2025-06-02,2025-06-02,Standard Ground,TRK-9231-7057,Delivered
7058,9232,2026-04-27 17:47:54,2026-05-01,2026-05-01,Express Courier,TRK-9232-7058,Delivered
7059,9233,2026-05-31 05:12:04,2026-06-04,2026-06-04,Express Courier,TRK-9233-7059,Delivered
7060,9234,2026-08-31 17:11:34,2026-09-04,2026-09-04,Express Courier,TRK-9234-7060,Delivered
7061,9235,2026-04-19 20:12:13,2026-04-23,2026-04-24,Standard Ground,TRK-9235-7061,Delivered
7062,9238,2025-05-19 03:34:58,2025-05-23,,Standard Ground,TRK-9238-7062,In Transit
7063,9240,2026-05-31 13:45:23,2026-06-04,,Express Courier,TRK-9240-7063,In Transit
7064,9242,2026-07-30 15:23:38,2026-08-03,2026-08-02,Standard Ground,TRK-9242-7064,Delivered
7065,9244,2025-04-08 16:01:51,2025-04-12,2025-04-12,Next-Day Air,TRK-9244-7065,Delivered
7066,9245,2026-01-03 14:40:13,2026-01-07,2026-01-08,Standard Ground,TRK-9245-7066,Delivered
7067,9247,2026-06-16 12:39:17,2026-06-20,2026-06-21,Express Courier,TRK-9247-7067,Delivered
7068,9248,2026-05-27 13:33:09,2026-05-31,2026-06-01,Standard Ground,TRK-9248-7068,Delivered
7069,9249,2026-07-21 09:46:35,2026-07-25,2026-07-25,Standard Ground,TRK-9249-7069,Delivered
7070,9250,2024-10-17 17:50:38,2024-10-21,2024-10-20,Standard Ground,TRK-9250-7070,Delivered
7071,9252,2025-08-08 08:51:50,2025-08-12,2025-08-12,Standard Ground,TRK-9252-7071,Delivered
7072,9253,2026-02-16 10:33:40,2026-02-20,2026-02-20,Express Courier,TRK-9253-7072,Delivered
7073,9255,2026-07-24 22:11:28,2026-07-28,2026-07-26,Express Courier,TRK-9255-7073,Delivered
7074,9256,2024-03-18 02:05:54,2024-03-22,2024-03-20,Next-Day Air,TRK-9256-7074,Delivered
7075,9257,2026-04-25 07:43:08,2026-04-29,2026-04-29,Standard Ground,TRK-9257-7075,Delivered
7076,9258,2025-12-21 02:26:06,2025-12-25,2025-12-24,Express Courier,TRK-9258-7076,Delivered
7077,9259,2024-12-12 18:33:52,2024-12-16,2024-12-15,Standard Ground,TRK-9259-7077,Delivered
7078,9261,2026-04-05 03:03:24,2026-04-09,2026-04-08,Next-Day Air,TRK-9261-7078,Delivered
7079,9262,2025-07-18 11:48:21,2025-07-22,,Next-Day Air,TRK-9262-7079,In Transit
7080,9263,2026-05-03 16:42:36,2026-05-07,2026-05-06,Next-Day Air,TRK-9263-7080,Delivered
7081,9265,2025-06-29 04:34:13,2025-07-03,2025-07-03,Next-Day Air,TRK-9265-7081,Delivered
7082,9266,2024-12-01 21:23:21,2024-12-05,2024-12-05,Express Courier,TRK-9266-7082,Delivered
7083,9268,2026-08-26 03:09:48,2026-08-30,,Express Courier,TRK-9268-7083,In Transit
7084,9269,2026-01-26 02:22:24,2026-01-30,2026-01-29,Next-Day Air,TRK-9269-7084,Delivered
7085,9270,2025-12-02 02:49:04,2025-12-06,2025-12-05,Next-Day Air,TRK-9270-7085,Delivered
7086,9272,2024-12-11 00:57:31,2024-12-15,2024-12-15,Express Courier,TRK-9272-7086,Delivered
7087,9274,2026-07-13 08:24:33,2026-07-17,2026-07-16,Standard Ground,TRK-9274-7087,Delivered
7088,9275,2026-03-07 08:36:57,2026-03-11,,Next-Day Air,TRK-9275-7088,In Transit
7089,9277,2026-01-27 10:50:37,2026-01-31,2026-01-31,Next-Day Air,TRK-9277-7089,Delivered
7090,9278,2026-07-27 08:28:35,2026-07-31,2026-07-29,Next-Day Air,TRK-9278-7090,Delivered
7091,9279,2025-07-11 08:31:49,2025-07-15,2025-07-14,Next-Day Air,TRK-9279-7091,Delivered
7092,9280,2026-07-29 10:24:24,2026-08-02,2026-08-01,Next-Day Air,TRK-9280-7092,Delivered
7093,9281,2025-06-30 14:29:21,2025-07-04,2025-07-04,Express Courier,TRK-9281-7093,Delivered
7094,9282,2026-01-02 16:56:10,2026-01-06,2026-01-05,Standard Ground,TRK-9282-7094,Delivered
7095,9283,2026-06-25 19:54:31,2026-06-29,2026-06-27,Standard Ground,TRK-9283-7095,Delivered
7096,9284,2026-01-19 22:50:23,2026-01-23,2026-01-21,Next-Day Air,TRK-9284-7096,Delivered
7097,9286,2025-06-15 17:23:23,2025-06-19,2025-06-18,Next-Day Air,TRK-9286-7097,Delivered
7098,9287,2026-01-20 08:08:37,2026-01-24,2026-01-22,Next-Day Air,TRK-9287-7098,Delivered
7099,9288,2026-07-08 22:58:28,2026-07-12,2026-07-12,Express Courier,TRK-9288-7099,Delivered
7100,9289,2026-06-28 10:26:32,2026-07-02,2026-07-02,Next-Day Air,TRK-9289-7100,Delivered
7101,9290,2024-11-16 18:47:19,2024-11-20,2024-11-20,Express Courier,TRK-9290-7101,Delivered
7102,9291,2025-12-22 01:33:28,2025-12-26,2025-12-25,Next-Day Air,TRK-9291-7102,Delivered
7103,9292,2026-02-03 23:12:57,2026-02-07,2026-02-08,Express Courier,TRK-9292-7103,Delivered
7104,9293,2026-05-28 15:42:45,2026-06-01,2026-05-30,Express Courier,TRK-9293-7104,Delivered
7105,9294,2026-07-19 11:19:32,2026-07-23,,Standard Ground,TRK-9294-7105,In Transit
7106,9295,2026-04-17 22:51:38,2026-04-21,,Standard Ground,TRK-9295-7106,In Transit
7107,9298,2024-01-10 23:29:56,2024-01-14,2024-01-13,Express Courier,TRK-9298-7107,Delivered
7108,9299,2025-10-15 04:53:36,2025-10-19,2025-10-17,Express Courier,TRK-9299-7108,Delivered
7109,9301,2026-01-09 06:53:35,2026-01-13,2026-01-11,Express Courier,TRK-9301-7109,Delivered
7110,9302,2026-01-31 22:03:28,2026-02-04,2026-02-04,Standard Ground,TRK-9302-7110,Delivered
7111,9303,2025-02-05 22:34:55,2025-02-09,2025-02-07,Next-Day Air,TRK-9303-7111,Delivered
7112,9304,2026-01-28 10:54:00,2026-02-01,2026-02-01,Next-Day Air,TRK-9304-7112,Delivered
7113,9305,2025-08-13 00:44:39,2025-08-17,,Express Courier,TRK-9305-7113,In Transit
7114,9306,2026-07-08 03:44:53,2026-07-12,2026-07-11,Standard Ground,TRK-9306-7114,Delivered
7115,9307,2026-07-01 05:13:59,2026-07-05,2026-07-03,Standard Ground,TRK-9307-7115,Delivered
7116,9308,2026-08-01 19:21:27,2026-08-05,2026-08-06,Express Courier,TRK-9308-7116,Delivered
7117,9309,2025-12-08 10:59:29,2025-12-12,,Standard Ground,TRK-9309-7117,In Transit
7118,9310,2026-03-10 22:51:53,2026-03-14,2026-03-14,Express Courier,TRK-9310-7118,Delivered
7119,9311,2024-12-25 04:13:51,2024-12-29,,Standard Ground,TRK-9311-7119,In Transit
7120,9312,2026-07-26 10:13:57,2026-07-30,2026-07-29,Next-Day Air,TRK-9312-7120,Delivered
7121,9313,2026-02-26 11:16:32,2026-03-02,,Next-Day Air,TRK-9313-7121,In Transit
7122,9314,2026-09-02 17:54:30,2026-09-06,2026-09-07,Standard Ground,TRK-9314-7122,Delivered
7123,9316,2024-09-26 17:56:54,2024-09-30,2024-10-01,Next-Day Air,TRK-9316-7123,Delivered
7124,9317,2025-11-11 07:27:48,2025-11-15,2025-11-16,Standard Ground,TRK-9317-7124,Delivered
7125,9318,2026-06-25 14:37:19,2026-06-29,2026-06-29,Standard Ground,TRK-9318-7125,Delivered
7126,9319,2025-01-21 10:29:56,2025-01-25,2025-01-23,Express Courier,TRK-9319-7126,Delivered
7127,9320,2026-01-26 18:26:33,2026-01-30,2026-01-30,Express Courier,TRK-9320-7127,Delivered
7128,9321,2026-08-24 02:19:33,2026-08-28,2026-08-29,Standard Ground,TRK-9321-7128,Delivered
7129,9322,2024-04-13 22:01:35,2024-04-17,2024-04-17,Next-Day Air,TRK-9322-7129,Delivered
7130,9323,2025-07-21 06:28:41,2025-07-25,2025-07-24,Express Courier,TRK-9323-7130,Delivered
7131,9325,2026-06-12 03:48:52,2026-06-16,2026-06-14,Next-Day Air,TRK-9325-7131,Delivered
7132,9326,2025-05-28 06:17:55,2025-06-01,2025-06-02,Express Courier,TRK-9326-7132,Delivered
7133,9327,2026-08-08 00:30:49,2026-08-12,2026-08-13,Next-Day Air,TRK-9327-7133,Delivered
7134,9328,2026-08-30 21:29:10,2026-09-03,2026-09-02,Standard Ground,TRK-9328-7134,Delivered
7135,9329,2024-10-05 12:30:17,2024-10-09,2024-10-10,Express Courier,TRK-9329-7135,Delivered
7136,9330,2025-06-04 01:12:02,2025-06-08,2025-06-06,Express Courier,TRK-9330-7136,Delivered
7137,9331,2025-06-11 23:03:08,2025-06-15,2025-06-14,Next-Day Air,TRK-9331-7137,Delivered
7138,9333,2026-07-18 19:43:23,2026-07-22,,Standard Ground,TRK-9333-7138,In Transit
7139,9334,2024-08-16 05:07:31,2024-08-20,2024-08-19,Standard Ground,TRK-9334-7139,Delivered
7140,9336,2026-05-15 09:51:56,2026-05-19,,Standard Ground,TRK-9336-7140,In Transit
7141,9338,2026-07-04 19:22:50,2026-07-08,2026-07-06,Next-Day Air,TRK-9338-7141,Delivered
7142,9339,2026-05-25 09:12:52,2026-05-29,2026-05-30,Next-Day Air,TRK-9339-7142,Delivered
7143,9340,2026-03-29 10:25:20,2026-04-02,2026-04-01,Standard Ground,TRK-9340-7143,Delivered
7144,9341,2026-04-19 17:15:30,2026-04-23,,Next-Day Air,TRK-9341-7144,In Transit
7145,9342,2026-05-18 07:42:38,2026-05-22,2026-05-20,Next-Day Air,TRK-9342-7145,Delivered
7146,9343,2026-01-15 17:35:02,2026-01-19,,Next-Day Air,TRK-9343-7146,In Transit
7147,9344,2025-03-21 13:28:56,2025-03-25,2025-03-26,Express Courier,TRK-9344-7147,Delivered
7148,9345,2025-10-21 13:09:27,2025-10-25,,Express Courier,TRK-9345-7148,In Transit
7149,9346,2026-05-26 08:26:20,2026-05-30,2026-05-29,Standard Ground,TRK-9346-7149,Delivered
7150,9347,2026-03-19 01:23:05,2026-03-23,,Standard Ground,TRK-9347-7150,In Transit
7151,9348,2026-05-25 03:08:02,2026-05-29,2026-05-28,Next-Day Air,TRK-9348-7151,Delivered
7152,9349,2026-07-11 11:07:13,2026-07-15,2026-07-16,Express Courier,TRK-9349-7152,Delivered
7153,9350,2026-07-24 03:56:24,2026-07-28,,Standard Ground,TRK-9350-7153,In Transit
7154,9352,2026-05-29 15:14:01,2026-06-02,2026-06-03,Next-Day Air,TRK-9352-7154,Delivered
7155,9353,2024-10-19 07:46:20,2024-10-23,,Next-Day Air,TRK-9353-7155,In Transit
7156,9354,2026-07-05 03:45:09,2026-07-09,2026-07-09,Standard Ground,TRK-9354-7156,Delivered
7157,9356,2025-04-09 17:10:55,2025-04-13,2025-04-11,Next-Day Air,TRK-9356-7157,Delivered
7158,9357,2025-05-09 18:54:05,2025-05-13,2025-05-12,Express Courier,TRK-9357-7158,Delivered
7159,9358,2026-07-18 00:01:11,2026-07-22,2026-07-20,Next-Day Air,TRK-9358-7159,Delivered
7160,9359,2025-08-11 01:05:08,2025-08-15,2025-08-16,Next-Day Air,TRK-9359-7160,Delivered
7161,9360,2026-03-03 19:07:40,2026-03-07,2026-03-08,Standard Ground,TRK-9360-7161,Delivered
7162,9361,2026-01-06 15:29:41,2026-01-10,2026-01-10,Next-Day Air,TRK-9361-7162,Delivered
7163,9363,2025-11-20 04:13:39,2025-11-24,2025-11-25,Next-Day Air,TRK-9363-7163,Delivered
7164,9364,2026-01-08 15:15:38,2026-01-12,2026-01-10,Standard Ground,TRK-9364-7164,Delivered
7165,9365,2026-01-25 01:30:44,2026-01-29,2026-01-28,Express Courier,TRK-9365-7165,Delivered
7166,9366,2025-08-31 00:01:35,2025-09-04,2025-09-03,Standard Ground,TRK-9366-7166,Delivered
7167,9367,2025-09-17 06:47:14,2025-09-21,2025-09-20,Express Courier,TRK-9367-7167,Delivered
7168,9368,2026-06-25 02:39:01,2026-06-29,2026-06-28,Next-Day Air,TRK-9368-7168,Delivered
7169,9369,2025-04-01 01:28:43,2025-04-05,2025-04-05,Express Courier,TRK-9369-7169,Delivered
7170,9371,2026-06-26 19:30:46,2026-06-30,2026-07-01,Standard Ground,TRK-9371-7170,Delivered
7171,9372,2026-05-25 07:20:56,2026-05-29,2026-05-27,Express Courier,TRK-9372-7171,Delivered
7172,9373,2026-08-03 03:32:00,2026-08-07,2026-08-08,Next-Day Air,TRK-9373-7172,Delivered
7173,9374,2025-09-05 21:02:29,2025-09-09,2025-09-08,Next-Day Air,TRK-9374-7173,Delivered
7174,9375,2024-11-19 08:13:27,2024-11-23,,Next-Day Air,TRK-9375-7174,In Transit
7175,9376,2024-06-30 16:44:45,2024-07-04,,Next-Day Air,TRK-9376-7175,In Transit
7176,9377,2024-12-31 14:50:28,2025-01-04,2025-01-05,Standard Ground,TRK-9377-7176,Delivered
7177,9378,2026-04-25 13:06:31,2026-04-29,2026-04-30,Next-Day Air,TRK-9378-7177,Delivered
7178,9380,2024-06-19 02:26:55,2024-06-23,2024-06-24,Next-Day Air,TRK-9380-7178,Delivered
7179,9381,2026-08-23 21:56:25,2026-08-27,,Express Courier,TRK-9381-7179,In Transit
7180,9383,2024-06-14 14:59:53,2024-06-18,,Express Courier,TRK-9383-7180,In Transit
7181,9384,2025-08-10 00:06:20,2025-08-14,2025-08-15,Express Courier,TRK-9384-7181,Delivered
7182,9385,2026-01-02 08:45:31,2026-01-06,2026-01-05,Express Courier,TRK-9385-7182,Delivered
7183,9386,2025-11-14 07:07:39,2025-11-18,2025-11-18,Express Courier,TRK-9386-7183,Delivered
7184,9387,2026-08-14 07:09:15,2026-08-18,2026-08-18,Next-Day Air,TRK-9387-7184,Delivered
7185,9388,2024-10-17 02:01:34,2024-10-21,2024-10-21,Express Courier,TRK-9388-7185,Delivered
7186,9390,2025-12-23 07:34:28,2025-12-27,2025-12-27,Express Courier,TRK-9390-7186,Delivered
7187,9392,2025-04-20 03:08:30,2025-04-24,2025-04-24,Next-Day Air,TRK-9392-7187,Delivered
7188,9394,2024-04-17 04:07:18,2024-04-21,2024-04-19,Standard Ground,TRK-9394-7188,Delivered
7189,9395,2025-11-30 15:45:57,2025-12-04,2025-12-04,Standard Ground,TRK-9395-7189,Delivered
7190,9396,2025-04-30 12:51:05,2025-05-04,2025-05-02,Standard Ground,TRK-9396-7190,Delivered
7191,9397,2026-05-27 04:51:50,2026-05-31,2026-06-01,Standard Ground,TRK-9397-7191,Delivered
7192,9398,2025-12-18 07:03:28,2025-12-22,2025-12-21,Standard Ground,TRK-9398-7192,Delivered
7193,9399,2024-10-07 20:08:14,2024-10-11,2024-10-11,Standard Ground,TRK-9399-7193,Delivered
7194,9400,2024-07-18 08:46:49,2024-07-22,,Express Courier,TRK-9400-7194,In Transit
7195,9401,2024-12-14 19:46:44,2024-12-18,2024-12-19,Next-Day Air,TRK-9401-7195,Delivered
7196,9402,2026-02-04 01:23:06,2026-02-08,2026-02-06,Express Courier,TRK-9402-7196,Delivered
7197,9404,2026-04-24 05:42:08,2026-04-28,2026-04-28,Next-Day Air,TRK-9404-7197,Delivered
7198,9405,2026-05-27 11:53:56,2026-05-31,2026-05-29,Next-Day Air,TRK-9405-7198,Delivered
7199,9406,2025-03-14 15:36:00,2025-03-18,2025-03-16,Express Courier,TRK-9406-7199,Delivered
7200,9407,2026-01-19 14:55:22,2026-01-23,2026-01-21,Standard Ground,TRK-9407-7200,Delivered
7201,9408,2026-06-02 10:53:44,2026-06-06,2026-06-06,Express Courier,TRK-9408-7201,Delivered
7202,9409,2025-11-04 16:44:23,2025-11-08,2025-11-07,Next-Day Air,TRK-9409-7202,Delivered
7203,9410,2026-08-27 23:58:07,2026-08-31,2026-08-31,Next-Day Air,TRK-9410-7203,Delivered
7204,9412,2024-12-19 14:54:40,2024-12-23,,Standard Ground,TRK-9412-7204,In Transit
7205,9414,2025-05-15 20:45:56,2025-05-19,2025-05-20,Next-Day Air,TRK-9414-7205,Delivered
7206,9415,2026-02-11 18:21:28,2026-02-15,,Express Courier,TRK-9415-7206,In Transit
7207,9416,2025-04-07 05:11:18,2025-04-11,,Express Courier,TRK-9416-7207,In Transit
7208,9417,2026-05-16 06:39:55,2026-05-20,2026-05-19,Standard Ground,TRK-9417-7208,Delivered
7209,9418,2026-05-31 15:51:56,2026-06-04,,Standard Ground,TRK-9418-7209,In Transit
7210,9419,2026-08-17 04:23:01,2026-08-21,,Express Courier,TRK-9419-7210,In Transit
7211,9420,2026-08-21 00:05:43,2026-08-25,2026-08-24,Standard Ground,TRK-9420-7211,Delivered
7212,9421,2023-10-26 01:53:53,2023-10-30,2023-10-31,Standard Ground,TRK-9421-7212,Delivered
7213,9422,2026-08-09 20:48:07,2026-08-13,,Standard Ground,TRK-9422-7213,In Transit
7214,9423,2026-06-26 00:48:22,2026-06-30,2026-06-29,Next-Day Air,TRK-9423-7214,Delivered
7215,9424,2026-04-20 03:03:37,2026-04-24,2026-04-24,Standard Ground,TRK-9424-7215,Delivered
7216,9425,2026-06-27 04:36:24,2026-07-01,2026-06-29,Express Courier,TRK-9425-7216,Delivered
7217,9426,2025-04-28 16:53:58,2025-05-02,2025-05-01,Express Courier,TRK-9426-7217,Delivered
7218,9427,2025-06-06 21:35:37,2025-06-10,2025-06-10,Express Courier,TRK-9427-7218,Delivered
7219,9429,2025-11-13 13:14:20,2025-11-17,2025-11-16,Next-Day Air,TRK-9429-7219,Delivered
7220,9430,2026-08-11 17:08:00,2026-08-15,2026-08-15,Standard Ground,TRK-9430-7220,Delivered
7221,9432,2025-10-27 03:54:59,2025-10-31,2025-10-31,Express Courier,TRK-9432-7221,Delivered
7222,9433,2026-04-13 23:18:02,2026-04-17,,Standard Ground,TRK-9433-7222,In Transit
7223,9435,2024-09-25 15:00:16,2024-09-29,,Standard Ground,TRK-9435-7223,In Transit
7224,9436,2026-03-10 06:37:17,2026-03-14,,Standard Ground,TRK-9436-7224,In Transit
7225,9437,2026-04-06 03:11:03,2026-04-10,2026-04-08,Next-Day Air,TRK-9437-7225,Delivered
7226,9439,2026-03-31 17:41:57,2026-04-04,2026-04-05,Standard Ground,TRK-9439-7226,Delivered
7227,9440,2026-06-04 09:18:36,2026-06-08,2026-06-07,Next-Day Air,TRK-9440-7227,Delivered
7228,9442,2026-04-01 04:00:11,2026-04-05,2026-04-06,Standard Ground,TRK-9442-7228,Delivered
7229,9443,2026-08-24 02:17:56,2026-08-28,2026-08-28,Express Courier,TRK-9443-7229,Delivered
7230,9444,2026-03-01 12:12:28,2026-03-05,2026-03-06,Standard Ground,TRK-9444-7230,Delivered
7231,9445,2026-06-26 11:03:30,2026-06-30,,Express Courier,TRK-9445-7231,In Transit
7232,9448,2026-04-09 01:57:10,2026-04-13,,Express Courier,TRK-9448-7232,In Transit
7233,9449,2025-10-14 00:37:16,2025-10-18,2025-10-18,Standard Ground,TRK-9449-7233,Delivered
7234,9451,2025-06-07 00:54:34,2025-06-11,2025-06-11,Express Courier,TRK-9451-7234,Delivered
7235,9452,2026-08-29 05:52:40,2026-09-02,2026-09-02,Standard Ground,TRK-9452-7235,Delivered
7236,9453,2026-02-21 00:35:45,2026-02-25,2026-02-23,Standard Ground,TRK-9453-7236,Delivered
7237,9454,2025-04-22 04:16:49,2025-04-26,2025-04-24,Standard Ground,TRK-9454-7237,Delivered
7238,9456,2026-02-24 15:42:07,2026-02-28,2026-03-01,Next-Day Air,TRK-9456-7238,Delivered
7239,9457,2024-11-18 07:27:03,2024-11-22,2024-11-21,Next-Day Air,TRK-9457-7239,Delivered
7240,9458,2026-05-18 12:03:16,2026-05-22,,Express Courier,TRK-9458-7240,In Transit
7241,9459,2026-08-14 23:04:15,2026-08-18,2026-08-17,Standard Ground,TRK-9459-7241,Delivered
7242,9460,2024-05-05 04:55:21,2024-05-09,2024-05-07,Standard Ground,TRK-9460-7242,Delivered
7243,9461,2026-08-29 18:07:03,2026-09-02,2026-09-02,Next-Day Air,TRK-9461-7243,Delivered
7244,9462,2026-07-31 22:26:21,2026-08-04,2026-08-05,Standard Ground,TRK-9462-7244,Delivered
7245,9463,2026-05-03 13:49:18,2026-05-07,2026-05-08,Next-Day Air,TRK-9463-7245,Delivered
7246,9464,2026-04-18 23:27:35,2026-04-22,2026-04-23,Next-Day Air,TRK-9464-7246,Delivered
7247,9465,2026-06-08 11:04:37,2026-06-12,2026-06-12,Next-Day Air,TRK-9465-7247,Delivered
7248,9466,2025-07-20 06:25:16,2025-07-24,2025-07-24,Express Courier,TRK-9466-7248,Delivered
7249,9467,2026-08-28 08:51:20,2026-09-01,2026-08-31,Express Courier,TRK-9467-7249,Delivered
7250,9470,2026-07-10 17:16:05,2026-07-14,2026-07-13,Next-Day Air,TRK-9470-7250,Delivered
7251,9471,2025-10-22 11:14:38,2025-10-26,2025-10-27,Next-Day Air,TRK-9471-7251,Delivered
7252,9472,2024-04-30 20:36:08,2024-05-04,2024-05-03,Express Courier,TRK-9472-7252,Delivered
7253,9473,2026-01-20 00:35:03,2026-01-24,2026-01-22,Express Courier,TRK-9473-7253,Delivered
7254,9475,2025-10-27 07:00:33,2025-10-31,2025-10-31,Standard Ground,TRK-9475-7254,Delivered
7255,9476,2026-09-01 23:20:08,2026-09-05,2026-09-06,Standard Ground,TRK-9476-7255,Delivered
7256,9477,2026-07-31 10:57:07,2026-08-04,2026-08-04,Express Courier,TRK-9477-7256,Delivered
7257,9479,2024-03-27 14:39:47,2024-03-31,2024-03-31,Standard Ground,TRK-9479-7257,Delivered
7258,9481,2025-09-11 14:59:11,2025-09-15,,Next-Day Air,TRK-9481-7258,In Transit
7259,9482,2026-05-30 23:39:06,2026-06-03,,Standard Ground,TRK-9482-7259,In Transit
7260,9484,2025-03-01 07:15:06,2025-03-05,2025-03-06,Next-Day Air,TRK-9484-7260,Delivered
7261,9485,2025-09-02 21:29:25,2025-09-06,2025-09-05,Next-Day Air,TRK-9485-7261,Delivered
7262,9486,2026-06-08 00:44:47,2026-06-12,2026-06-10,Next-Day Air,TRK-9486-7262,Delivered
7263,9487,2026-04-25 15:51:14,2026-04-29,2026-04-27,Express Courier,TRK-9487-7263,Delivered
7264,9488,2026-07-10 07:53:13,2026-07-14,2026-07-14,Express Courier,TRK-9488-7264,Delivered
7265,9489,2026-08-24 13:50:46,2026-08-28,2026-08-26,Standard Ground,TRK-9489-7265,Delivered
7266,9490,2026-03-17 21:26:17,2026-03-21,2026-03-20,Express Courier,TRK-9490-7266,Delivered
7267,9491,2026-04-05 00:17:38,2026-04-09,2026-04-09,Express Courier,TRK-9491-7267,Delivered
7268,9492,2025-09-11 04:15:38,2025-09-15,2025-09-13,Next-Day Air,TRK-9492-7268,Delivered
7269,9493,2026-03-26 16:27:43,2026-03-30,2026-03-31,Standard Ground,TRK-9493-7269,Delivered
7270,9495,2026-07-13 23:52:28,2026-07-17,2026-07-17,Next-Day Air,TRK-9495-7270,Delivered
7271,9497,2026-02-08 01:35:18,2026-02-12,2026-02-11,Next-Day Air,TRK-9497-7271,Delivered
7272,9498,2025-04-26 11:54:54,2025-04-30,2025-04-30,Next-Day Air,TRK-9498-7272,Delivered
7273,9500,2025-02-18 12:41:22,2025-02-22,2025-02-22,Standard Ground,TRK-9500-7273,Delivered
7274,9501,2026-06-25 19:42:20,2026-06-29,,Express Courier,TRK-9501-7274,In Transit
7275,9502,2024-09-29 20:13:42,2024-10-03,2024-10-02,Next-Day Air,TRK-9502-7275,Delivered
7276,9503,2026-04-19 00:34:00,2026-04-23,2026-04-22,Express Courier,TRK-9503-7276,Delivered
7277,9504,2026-08-06 20:19:18,2026-08-10,,Standard Ground,TRK-9504-7277,In Transit
7278,9505,2026-08-16 03:04:58,2026-08-20,2026-08-18,Next-Day Air,TRK-9505-7278,Delivered
7279,9506,2025-01-17 14:09:55,2025-01-21,2025-01-19,Next-Day Air,TRK-9506-7279,Delivered
7280,9507,2026-02-12 04:15:20,2026-02-16,2026-02-16,Standard Ground,TRK-9507-7280,Delivered
7281,9510,2025-11-05 06:01:57,2025-11-09,2025-11-08,Standard Ground,TRK-9510-7281,Delivered
7282,9511,2025-07-21 20:07:01,2025-07-25,2025-07-26,Standard Ground,TRK-9511-7282,Delivered
7283,9512,2025-12-09 12:43:21,2025-12-13,2025-12-12,Standard Ground,TRK-9512-7283,Delivered
7284,9514,2025-11-03 13:37:38,2025-11-07,2025-11-06,Next-Day Air,TRK-9514-7284,Delivered
7285,9515,2026-04-05 05:17:16,2026-04-09,2026-04-10,Next-Day Air,TRK-9515-7285,Delivered
7286,9516,2024-12-15 10:42:46,2024-12-19,2024-12-18,Standard Ground,TRK-9516-7286,Delivered
7287,9518,2026-06-24 03:49:11,2026-06-28,2026-06-27,Standard Ground,TRK-9518-7287,Delivered
7288,9519,2024-02-21 17:38:33,2024-02-25,,Standard Ground,TRK-9519-7288,In Transit
7289,9520,2026-04-07 04:33:59,2026-04-11,2026-04-10,Next-Day Air,TRK-9520-7289,Delivered
7290,9521,2026-08-01 07:35:07,2026-08-05,2026-08-04,Standard Ground,TRK-9521-7290,Delivered
7291,9522,2026-05-07 06:21:11,2026-05-11,2026-05-11,Next-Day Air,TRK-9522-7291,Delivered
7292,9524,2025-07-14 06:20:18,2025-07-18,2025-07-18,Express Courier,TRK-9524-7292,Delivered
7293,9525,2026-08-15 07:28:36,2026-08-19,2026-08-20,Standard Ground,TRK-9525-7293,Delivered
7294,9527,2025-12-26 00:57:18,2025-12-30,,Standard Ground,TRK-9527-7294,In Transit
7295,9528,2025-07-22 05:32:33,2025-07-26,2025-07-25,Next-Day Air,TRK-9528-7295,Delivered
7296,9530,2026-02-16 15:51:55,2026-02-20,2026-02-21,Next-Day Air,TRK-9530-7296,Delivered
7297,9532,2026-03-23 15:24:59,2026-03-27,2026-03-25,Express Courier,TRK-9532-7297,Delivered
7298,9534,2026-07-11 19:57:14,2026-07-15,2026-07-15,Standard Ground,TRK-9534-7298,Delivered
7299,9535,2025-09-25 19:11:16,2025-09-29,2025-09-29,Standard Ground,TRK-9535-7299,Delivered
7300,9537,2026-05-18 20:59:13,2026-05-22,2026-05-22,Standard Ground,TRK-9537-7300,Delivered
7301,9538,2026-07-13 20:30:41,2026-07-17,2026-07-15,Standard Ground,TRK-9538-7301,Delivered
7302,9539,2025-06-01 14:28:36,2025-06-05,2025-06-05,Express Courier,TRK-9539-7302,Delivered
7303,9540,2025-12-17 03:29:40,2025-12-21,2025-12-22,Next-Day Air,TRK-9540-7303,Delivered
7304,9541,2026-08-04 12:08:02,2026-08-08,2026-08-07,Express Courier,TRK-9541-7304,Delivered
7305,9542,2026-05-29 19:15:40,2026-06-02,2026-06-01,Next-Day Air,TRK-9542-7305,Delivered
7306,9544,2026-03-16 09:30:23,2026-03-20,,Standard Ground,TRK-9544-7306,In Transit
7307,9545,2025-04-30 21:59:20,2025-05-04,2025-05-05,Standard Ground,TRK-9545-7307,Delivered
7308,9546,2026-07-11 03:02:08,2026-07-15,2026-07-14,Express Courier,TRK-9546-7308,Delivered
7309,9547,2024-02-08 03:50:28,2024-02-12,,Next-Day Air,TRK-9547-7309,In Transit
7310,9549,2025-10-18 07:22:33,2025-10-22,2025-10-22,Next-Day Air,TRK-9549-7310,Delivered
7311,9550,2026-03-27 10:10:36,2026-03-31,2026-03-30,Next-Day Air,TRK-9550-7311,Delivered
7312,9551,2026-08-02 15:53:25,2026-08-06,2026-08-07,Next-Day Air,TRK-9551-7312,Delivered
7313,9552,2026-03-15 15:56:49,2026-03-19,2026-03-17,Express Courier,TRK-9552-7313,Delivered
7314,9553,2025-03-22 15:56:29,2025-03-26,2025-03-27,Express Courier,TRK-9553-7314,Delivered
7315,9554,2026-06-30 04:48:11,2026-07-04,2026-07-03,Express Courier,TRK-9554-7315,Delivered
7316,9556,2026-04-06 09:50:29,2026-04-10,2026-04-08,Standard Ground,TRK-9556-7316,Delivered
7317,9557,2025-12-07 13:18:13,2025-12-11,2025-12-12,Standard Ground,TRK-9557-7317,Delivered
7318,9558,2025-09-21 18:13:35,2025-09-25,2025-09-23,Standard Ground,TRK-9558-7318,Delivered
7319,9559,2026-07-26 04:39:07,2026-07-30,2026-07-30,Standard Ground,TRK-9559-7319,Delivered
7320,9560,2026-01-13 17:52:29,2026-01-17,2026-01-18,Standard Ground,TRK-9560-7320,Delivered
7321,9561,2026-09-01 04:34:20,2026-09-05,2026-09-06,Next-Day Air,TRK-9561-7321,Delivered
7322,9563,2026-03-29 18:01:47,2026-04-02,2026-04-02,Express Courier,TRK-9563-7322,Delivered
7323,9564,2026-02-05 10:36:55,2026-02-09,2026-02-09,Standard Ground,TRK-9564-7323,Delivered
7324,9565,2024-11-02 21:54:17,2024-11-06,2024-11-07,Next-Day Air,TRK-9565-7324,Delivered
7325,9566,2025-02-07 00:15:59,2025-02-11,,Standard Ground,TRK-9566-7325,In Transit
7326,9568,2026-08-18 07:04:22,2026-08-22,2026-08-21,Next-Day Air,TRK-9568-7326,Delivered
7327,9569,2025-05-23 17:30:09,2025-05-27,,Standard Ground,TRK-9569-7327,In Transit
7328,9570,2026-08-12 11:27:52,2026-08-16,2026-08-15,Standard Ground,TRK-9570-7328,Delivered
7329,9571,2026-01-13 10:13:22,2026-01-17,2026-01-18,Next-Day Air,TRK-9571-7329,Delivered
7330,9572,2025-03-01 09:58:23,2025-03-05,,Next-Day Air,TRK-9572-7330,In Transit
7331,9573,2026-02-19 06:54:50,2026-02-23,2026-02-24,Standard Ground,TRK-9573-7331,Delivered
7332,9574,2026-05-11 05:16:29,2026-05-15,2026-05-13,Standard Ground,TRK-9574-7332,Delivered
7333,9575,2026-08-18 05:14:45,2026-08-22,2026-08-22,Next-Day Air,TRK-9575-7333,Delivered
7334,9578,2026-04-07 16:41:59,2026-04-11,2026-04-12,Next-Day Air,TRK-9578-7334,Delivered
7335,9579,2024-04-12 16:33:46,2024-04-16,2024-04-15,Next-Day Air,TRK-9579-7335,Delivered
7336,9580,2024-10-22 18:29:49,2024-10-26,2024-10-25,Standard Ground,TRK-9580-7336,Delivered
7337,9581,2026-08-27 14:28:54,2026-08-31,2026-09-01,Standard Ground,TRK-9581-7337,Delivered
7338,9582,2026-01-15 05:25:34,2026-01-19,2026-01-17,Standard Ground,TRK-9582-7338,Delivered
7339,9583,2025-12-26 16:40:09,2025-12-30,,Next-Day Air,TRK-9583-7339,In Transit
7340,9584,2025-09-05 00:50:26,2025-09-09,2025-09-10,Standard Ground,TRK-9584-7340,Delivered
7341,9585,2026-09-02 23:51:31,2026-09-06,2026-09-07,Standard Ground,TRK-9585-7341,Delivered
7342,9586,2025-12-10 11:38:18,2025-12-14,,Next-Day Air,TRK-9586-7342,In Transit
7343,9587,2026-01-21 18:34:22,2026-01-25,2026-01-24,Express Courier,TRK-9587-7343,Delivered
7344,9588,2024-09-05 17:07:01,2024-09-09,2024-09-07,Express Courier,TRK-9588-7344,Delivered
7345,9589,2026-06-24 15:15:02,2026-06-28,2026-06-26,Express Courier,TRK-9589-7345,Delivered
7346,9590,2026-06-27 14:56:12,2026-07-01,2026-06-30,Next-Day Air,TRK-9590-7346,Delivered
7347,9591,2026-04-07 11:31:03,2026-04-11,2026-04-12,Standard Ground,TRK-9591-7347,Delivered
7348,9592,2026-08-10 00:34:37,2026-08-14,2026-08-15,Express Courier,TRK-9592-7348,Delivered
7349,9593,2024-08-24 06:42:28,2024-08-28,2024-08-26,Express Courier,TRK-9593-7349,Delivered
7350,9596,2025-04-11 03:46:32,2025-04-15,2025-04-16,Standard Ground,TRK-9596-7350,Delivered
7351,9599,2026-06-15 21:11:10,2026-06-19,2026-06-19,Next-Day Air,TRK-9599-7351,Delivered
7352,9601,2025-12-04 03:19:45,2025-12-08,2025-12-09,Standard Ground,TRK-9601-7352,Delivered
7353,9602,2024-05-16 16:15:37,2024-05-20,,Next-Day Air,TRK-9602-7353,In Transit
7354,9604,2024-10-04 05:52:55,2024-10-08,,Standard Ground,TRK-9604-7354,In Transit
7355,9606,2024-06-11 22:50:57,2024-06-15,2024-06-14,Next-Day Air,TRK-9606-7355,Delivered
7356,9607,2024-01-08 04:39:37,2024-01-12,2024-01-11,Standard Ground,TRK-9607-7356,Delivered
7357,9608,2025-12-19 18:51:46,2025-12-23,2025-12-21,Standard Ground,TRK-9608-7357,Delivered
7358,9609,2026-09-01 15:26:49,2026-09-05,,Next-Day Air,TRK-9609-7358,In Transit
7359,9610,2026-03-19 01:15:34,2026-03-23,2026-03-22,Next-Day Air,TRK-9610-7359,Delivered
7360,9612,2026-02-20 17:13:26,2026-02-24,2026-02-23,Next-Day Air,TRK-9612-7360,Delivered
7361,9613,2025-05-19 22:32:34,2025-05-23,2025-05-22,Express Courier,TRK-9613-7361,Delivered
7362,9614,2025-11-21 21:50:13,2025-11-25,2025-11-25,Next-Day Air,TRK-9614-7362,Delivered
7363,9615,2024-09-17 09:11:17,2024-09-21,2024-09-20,Next-Day Air,TRK-9615-7363,Delivered
7364,9616,2026-01-23 14:16:59,2026-01-27,2026-01-26,Standard Ground,TRK-9616-7364,Delivered
7365,9618,2026-08-19 11:16:52,2026-08-23,2026-08-24,Standard Ground,TRK-9618-7365,Delivered
7366,9619,2025-06-17 00:48:07,2025-06-21,2025-06-21,Express Courier,TRK-9619-7366,Delivered
7367,9620,2025-11-02 18:30:03,2025-11-06,2025-11-06,Standard Ground,TRK-9620-7367,Delivered
7368,9621,2026-08-15 05:21:28,2026-08-19,2026-08-17,Next-Day Air,TRK-9621-7368,Delivered
7369,9622,2026-07-14 11:17:27,2026-07-18,2026-07-19,Next-Day Air,TRK-9622-7369,Delivered
7370,9623,2026-05-04 08:05:20,2026-05-08,2026-05-08,Express Courier,TRK-9623-7370,Delivered
7371,9624,2024-06-25 19:36:41,2024-06-29,2024-06-30,Express Courier,TRK-9624-7371,Delivered
7372,9625,2026-04-25 05:43:57,2026-04-29,2026-04-27,Standard Ground,TRK-9625-7372,Delivered
7373,9626,2026-05-31 15:28:39,2026-06-04,2026-06-04,Standard Ground,TRK-9626-7373,Delivered
7374,9627,2024-10-08 02:56:42,2024-10-12,2024-10-12,Next-Day Air,TRK-9627-7374,Delivered
7375,9628,2025-11-28 19:43:08,2025-12-02,2025-12-03,Express Courier,TRK-9628-7375,Delivered
7376,9629,2026-06-21 00:09:06,2026-06-25,2026-06-25,Standard Ground,TRK-9629-7376,Delivered
7377,9630,2026-07-03 20:45:03,2026-07-07,2026-07-08,Next-Day Air,TRK-9630-7377,Delivered
7378,9631,2026-08-16 18:23:32,2026-08-20,2026-08-18,Next-Day Air,TRK-9631-7378,Delivered
7379,9632,2026-08-28 22:29:29,2026-09-01,,Standard Ground,TRK-9632-7379,In Transit
7380,9634,2026-03-08 12:09:13,2026-03-12,2026-03-12,Standard Ground,TRK-9634-7380,Delivered
7381,9636,2026-08-07 15:13:13,2026-08-11,2026-08-10,Standard Ground,TRK-9636-7381,Delivered
7382,9638,2025-09-13 03:27:41,2025-09-17,2025-09-18,Standard Ground,TRK-9638-7382,Delivered
7383,9639,2025-10-22 10:01:15,2025-10-26,,Next-Day Air,TRK-9639-7383,In Transit
7384,9641,2023-12-14 22:36:23,2023-12-18,2023-12-18,Standard Ground,TRK-9641-7384,Delivered
7385,9642,2026-08-25 14:43:09,2026-08-29,,Standard Ground,TRK-9642-7385,In Transit
7386,9643,2026-06-21 19:46:12,2026-06-25,2026-06-24,Standard Ground,TRK-9643-7386,Delivered
7387,9644,2026-07-17 19:46:05,2026-07-21,2026-07-22,Express Courier,TRK-9644-7387,Delivered
7388,9645,2025-12-19 14:13:51,2025-12-23,2025-12-23,Express Courier,TRK-9645-7388,Delivered
7389,9646,2026-04-01 03:04:25,2026-04-05,2026-04-05,Next-Day Air,TRK-9646-7389,Delivered
7390,9647,2025-11-16 01:09:13,2025-11-20,,Express Courier,TRK-9647-7390,In Transit
7391,9648,2026-07-06 06:05:55,2026-07-10,2026-07-11,Next-Day Air,TRK-9648-7391,Delivered
7392,9649,2025-08-11 02:35:50,2025-08-15,2025-08-14,Express Courier,TRK-9649-7392,Delivered
7393,9650,2026-06-02 22:39:26,2026-06-06,2026-06-06,Express Courier,TRK-9650-7393,Delivered
7394,9651,2024-06-06 11:19:59,2024-06-10,,Standard Ground,TRK-9651-7394,In Transit
7395,9654,2024-03-21 15:17:56,2024-03-25,2024-03-23,Next-Day Air,TRK-9654-7395,Delivered
7396,9655,2026-04-01 01:16:11,2026-04-05,2026-04-06,Standard Ground,TRK-9655-7396,Delivered
7397,9657,2026-02-06 20:22:24,2026-02-10,2026-02-11,Standard Ground,TRK-9657-7397,Delivered
7398,9658,2023-12-30 08:01:46,2024-01-03,2024-01-04,Express Courier,TRK-9658-7398,Delivered
7399,9659,2026-06-18 05:18:45,2026-06-22,2026-06-20,Express Courier,TRK-9659-7399,Delivered
7400,9660,2024-11-07 14:48:48,2024-11-11,2024-11-11,Next-Day Air,TRK-9660-7400,Delivered
7401,9661,2026-04-01 15:47:27,2026-04-05,2026-04-06,Next-Day Air,TRK-9661-7401,Delivered
7402,9662,2026-04-01 15:45:15,2026-04-05,2026-04-03,Standard Ground,TRK-9662-7402,Delivered
7403,9663,2025-11-11 08:24:47,2025-11-15,,Next-Day Air,TRK-9663-7403,In Transit
7404,9664,2025-10-08 20:31:34,2025-10-12,2025-10-12,Express Courier,TRK-9664-7404,Delivered
7405,9665,2025-07-25 16:17:32,2025-07-29,2025-07-27,Standard Ground,TRK-9665-7405,Delivered
7406,9667,2026-08-25 00:07:42,2026-08-29,2026-08-29,Standard Ground,TRK-9667-7406,Delivered
7407,9668,2026-07-03 12:41:01,2026-07-07,2026-07-08,Next-Day Air,TRK-9668-7407,Delivered
7408,9670,2025-08-02 12:44:56,2025-08-06,2025-08-07,Express Courier,TRK-9670-7408,Delivered
7409,9671,2024-04-06 20:59:24,2024-04-10,2024-04-11,Next-Day Air,TRK-9671-7409,Delivered
7410,9672,2025-11-09 21:40:47,2025-11-13,2025-11-12,Express Courier,TRK-9672-7410,Delivered
7411,9673,2026-01-09 12:11:14,2026-01-13,2026-01-12,Standard Ground,TRK-9673-7411,Delivered
7412,9674,2026-01-08 07:23:55,2026-01-12,2026-01-11,Express Courier,TRK-9674-7412,Delivered
7413,9675,2026-07-29 00:21:18,2026-08-02,,Next-Day Air,TRK-9675-7413,In Transit
7414,9676,2024-08-28 01:43:46,2024-09-01,2024-09-02,Next-Day Air,TRK-9676-7414,Delivered
7415,9677,2025-06-29 19:20:43,2025-07-03,2025-07-04,Express Courier,TRK-9677-7415,Delivered
7416,9678,2025-02-11 14:58:42,2025-02-15,2025-02-16,Express Courier,TRK-9678-7416,Delivered
7417,9680,2026-07-15 16:19:10,2026-07-19,2026-07-17,Next-Day Air,TRK-9680-7417,Delivered
7418,9681,2026-08-15 01:18:44,2026-08-19,2026-08-19,Express Courier,TRK-9681-7418,Delivered
7419,9682,2025-07-14 08:02:54,2025-07-18,,Express Courier,TRK-9682-7419,In Transit
7420,9683,2026-08-12 17:17:49,2026-08-16,2026-08-15,Standard Ground,TRK-9683-7420,Delivered
7421,9685,2025-08-05 05:06:14,2025-08-09,2025-08-07,Express Courier,TRK-9685-7421,Delivered
7422,9687,2026-08-29 22:35:08,2026-09-02,,Express Courier,TRK-9687-7422,In Transit
7423,9688,2026-08-14 12:02:22,2026-08-18,2026-08-19,Next-Day Air,TRK-9688-7423,Delivered
7424,9691,2026-05-01 05:59:09,2026-05-05,2026-05-04,Express Courier,TRK-9691-7424,Delivered
7425,9692,2025-11-09 14:46:52,2025-11-13,2025-11-13,Next-Day Air,TRK-9692-7425,Delivered
7426,9693,2026-04-19 07:01:46,2026-04-23,2026-04-23,Standard Ground,TRK-9693-7426,Delivered
7427,9694,2024-02-05 17:57:29,2024-02-09,2024-02-09,Standard Ground,TRK-9694-7427,Delivered
7428,9696,2026-07-07 16:46:16,2026-07-11,,Next-Day Air,TRK-9696-7428,In Transit
7429,9697,2025-09-18 07:37:01,2025-09-22,2025-09-23,Express Courier,TRK-9697-7429,Delivered
7430,9698,2025-07-05 07:14:29,2025-07-09,2025-07-08,Next-Day Air,TRK-9698-7430,Delivered
7431,9699,2025-05-08 01:11:22,2025-05-12,2025-05-11,Standard Ground,TRK-9699-7431,Delivered
7432,9701,2026-04-04 01:04:37,2026-04-08,2026-04-07,Next-Day Air,TRK-9701-7432,Delivered
7433,9702,2025-11-19 12:38:40,2025-11-23,2025-11-23,Next-Day Air,TRK-9702-7433,Delivered
7434,9703,2026-08-31 20:12:08,2026-09-04,2026-09-02,Next-Day Air,TRK-9703-7434,Delivered
7435,9704,2026-02-13 00:39:18,2026-02-17,2026-02-18,Next-Day Air,TRK-9704-7435,Delivered
7436,9705,2026-05-11 23:35:18,2026-05-15,2026-05-15,Next-Day Air,TRK-9705-7436,Delivered
7437,9706,2026-08-13 01:36:57,2026-08-17,2026-08-16,Standard Ground,TRK-9706-7437,Delivered
7438,9707,2025-09-26 17:10:34,2025-09-30,2025-09-30,Express Courier,TRK-9707-7438,Delivered
7439,9708,2026-08-29 00:06:11,2026-09-02,2026-09-01,Next-Day Air,TRK-9708-7439,Delivered
7440,9711,2026-06-26 06:10:40,2026-06-30,2026-06-29,Standard Ground,TRK-9711-7440,Delivered
7441,9712,2024-04-14 11:20:54,2024-04-18,2024-04-17,Standard Ground,TRK-9712-7441,Delivered
7442,9715,2026-05-27 02:25:50,2026-05-31,2026-05-30,Standard Ground,TRK-9715-7442,Delivered
7443,9716,2025-08-26 15:58:49,2025-08-30,2025-08-29,Express Courier,TRK-9716-7443,Delivered
7444,9718,2025-02-28 13:41:05,2025-03-04,2025-03-04,Express Courier,TRK-9718-7444,Delivered
7445,9720,2025-08-21 14:42:53,2025-08-25,2025-08-23,Standard Ground,TRK-9720-7445,Delivered
7446,9723,2025-03-08 21:35:41,2025-03-12,,Standard Ground,TRK-9723-7446,In Transit
7447,9724,2026-02-01 21:57:00,2026-02-05,2026-02-06,Express Courier,TRK-9724-7447,Delivered
7448,9725,2026-08-06 06:01:55,2026-08-10,2026-08-10,Standard Ground,TRK-9725-7448,Delivered
7449,9726,2026-08-22 23:58:19,2026-08-26,2026-08-26,Standard Ground,TRK-9726-7449,Delivered
7450,9728,2024-11-12 15:56:34,2024-11-16,2024-11-15,Next-Day Air,TRK-9728-7450,Delivered
7451,9729,2024-11-06 08:58:13,2024-11-10,,Standard Ground,TRK-9729-7451,In Transit
7452,9730,2026-08-23 07:03:01,2026-08-27,2026-08-27,Standard Ground,TRK-9730-7452,Delivered
7453,9733,2025-07-19 16:00:09,2025-07-23,2025-07-21,Express Courier,TRK-9733-7453,Delivered
7454,9735,2026-08-29 00:57:32,2026-09-02,2026-09-01,Standard Ground,TRK-9735-7454,Delivered
7455,9736,2025-02-13 14:17:26,2025-02-17,,Next-Day Air,TRK-9736-7455,In Transit
7456,9737,2026-02-15 01:46:03,2026-02-19,2026-02-20,Next-Day Air,TRK-9737-7456,Delivered
7457,9739,2026-07-05 16:11:44,2026-07-09,2026-07-09,Next-Day Air,TRK-9739-7457,Delivered
7458,9740,2026-04-28 11:24:20,2026-05-02,2026-04-30,Express Courier,TRK-9740-7458,Delivered
7459,9741,2026-01-20 02:20:23,2026-01-24,2026-01-24,Standard Ground,TRK-9741-7459,Delivered
7460,9742,2026-08-08 04:56:00,2026-08-12,2026-08-10,Standard Ground,TRK-9742-7460,Delivered
7461,9744,2026-07-11 14:48:00,2026-07-15,2026-07-16,Express Courier,TRK-9744-7461,Delivered
7462,9747,2026-03-22 23:47:36,2026-03-26,,Express Courier,TRK-9747-7462,In Transit
7463,9749,2025-09-25 21:21:26,2025-09-29,2025-09-27,Standard Ground,TRK-9749-7463,Delivered
7464,9751,2026-01-09 12:46:03,2026-01-13,,Standard Ground,TRK-9751-7464,In Transit
7465,9752,2024-11-28 11:16:39,2024-12-02,,Standard Ground,TRK-9752-7465,In Transit
7466,9754,2024-03-26 11:00:40,2024-03-30,2024-03-31,Standard Ground,TRK-9754-7466,Delivered
7467,9756,2024-11-10 21:01:22,2024-11-14,2024-11-15,Express Courier,TRK-9756-7467,Delivered
7468,9762,2025-04-27 06:27:39,2025-05-01,2025-04-30,Express Courier,TRK-9762-7468,Delivered
7469,9763,2025-10-29 14:29:39,2025-11-02,2025-11-03,Next-Day Air,TRK-9763-7469,Delivered
7470,9764,2025-09-06 01:36:41,2025-09-10,2025-09-11,Standard Ground,TRK-9764-7470,Delivered
7471,9765,2024-10-29 09:54:05,2024-11-02,2024-11-01,Next-Day Air,TRK-9765-7471,Delivered
7472,9766,2026-08-15 07:37:07,2026-08-19,2026-08-17,Standard Ground,TRK-9766-7472,Delivered
7473,9767,2024-08-08 08:03:38,2024-08-12,2024-08-11,Express Courier,TRK-9767-7473,Delivered
7474,9769,2025-08-20 09:13:30,2025-08-24,2025-08-23,Express Courier,TRK-9769-7474,Delivered
7475,9770,2026-07-17 01:25:51,2026-07-21,2026-07-21,Next-Day Air,TRK-9770-7475,Delivered
7476,9772,2025-07-29 00:59:49,2025-08-02,2025-07-31,Next-Day Air,TRK-9772-7476,Delivered
7477,9773,2026-02-11 08:38:57,2026-02-15,2026-02-14,Express Courier,TRK-9773-7477,Delivered
7478,9774,2026-07-12 09:11:14,2026-07-16,2026-07-16,Express Courier,TRK-9774-7478,Delivered
7479,9775,2026-05-21 16:07:36,2026-05-25,2026-05-23,Standard Ground,TRK-9775-7479,Delivered
7480,9776,2026-08-20 04:39:11,2026-08-24,2026-08-23,Next-Day Air,TRK-9776-7480,Delivered
7481,9777,2026-08-13 05:15:26,2026-08-17,2026-08-17,Express Courier,TRK-9777-7481,Delivered
7482,9779,2024-12-21 10:52:03,2024-12-25,2024-12-26,Next-Day Air,TRK-9779-7482,Delivered
7483,9782,2026-07-09 14:55:08,2026-07-13,2026-07-11,Next-Day Air,TRK-9782-7483,Delivered
7484,9783,2026-08-04 04:51:14,2026-08-08,2026-08-08,Standard Ground,TRK-9783-7484,Delivered
7485,9784,2025-06-08 03:21:46,2025-06-12,2025-06-12,Next-Day Air,TRK-9784-7485,Delivered
7486,9787,2026-07-21 22:41:25,2026-07-25,2026-07-23,Next-Day Air,TRK-9787-7486,Delivered
7487,9788,2026-07-16 07:33:31,2026-07-20,2026-07-21,Standard Ground,TRK-9788-7487,Delivered
7488,9789,2026-08-19 12:58:09,2026-08-23,2026-08-23,Standard Ground,TRK-9789-7488,Delivered
7489,9790,2025-09-01 05:49:56,2025-09-05,2025-09-06,Express Courier,TRK-9790-7489,Delivered
7490,9791,2023-12-15 08:10:23,2023-12-19,2023-12-19,Next-Day Air,TRK-9791-7490,Delivered
7491,9792,2025-09-29 16:28:49,2025-10-03,2025-10-02,Express Courier,TRK-9792-7491,Delivered
7492,9795,2026-06-10 21:31:58,2026-06-14,,Next-Day Air,TRK-9795-7492,In Transit
7493,9796,2026-03-12 22:32:07,2026-03-16,,Next-Day Air,TRK-9796-7493,In Transit
7494,9797,2026-07-23 06:05:42,2026-07-27,2026-07-28,Express Courier,TRK-9797-7494,Delivered
7495,9798,2026-07-25 11:06:44,2026-07-29,2026-07-30,Next-Day Air,TRK-9798-7495,Delivered
7496,9799,2026-08-28 00:01:47,2026-09-01,,Next-Day Air,TRK-9799-7496,In Transit
7497,9801,2025-04-05 09:20:28,2025-04-09,2025-04-08,Standard Ground,TRK-9801-7497,Delivered
7498,9802,2026-05-01 19:00:25,2026-05-05,2026-05-04,Next-Day Air,TRK-9802-7498,Delivered
7499,9803,2025-10-01 09:12:50,2025-10-05,2025-10-03,Next-Day Air,TRK-9803-7499,Delivered
7500,9804,2025-03-07 09:25:03,2025-03-11,,Next-Day Air,TRK-9804-7500,In Transit
7501,9805,2026-06-22 19:11:30,2026-06-26,2026-06-24,Express Courier,TRK-9805-7501,Delivered
7502,9806,2025-07-07 14:04:27,2025-07-11,2025-07-11,Next-Day Air,TRK-9806-7502,Delivered
7503,9807,2026-04-29 09:09:11,2026-05-03,2026-05-04,Express Courier,TRK-9807-7503,Delivered
7504,9808,2025-11-23 01:33:34,2025-11-27,,Standard Ground,TRK-9808-7504,In Transit
7505,9809,2026-08-14 06:23:25,2026-08-18,2026-08-18,Next-Day Air,TRK-9809-7505,Delivered
7506,9810,2026-01-08 00:20:07,2026-01-12,,Next-Day Air,TRK-9810-7506,In Transit
7507,9811,2026-08-20 21:00:58,2026-08-24,2026-08-23,Express Courier,TRK-9811-7507,Delivered
7508,9812,2025-05-11 04:14:18,2025-05-15,2025-05-13,Standard Ground,TRK-9812-7508,Delivered
7509,9813,2025-07-14 09:30:13,2025-07-18,2025-07-18,Next-Day Air,TRK-9813-7509,Delivered
7510,9816,2026-09-01 07:35:58,2026-09-05,2026-09-06,Next-Day Air,TRK-9816-7510,Delivered
7511,9817,2026-08-10 15:02:07,2026-08-14,2026-08-15,Next-Day Air,TRK-9817-7511,Delivered
7512,9818,2025-03-11 07:29:23,2025-03-15,2025-03-14,Next-Day Air,TRK-9818-7512,Delivered
7513,9819,2025-10-10 20:26:04,2025-10-14,2025-10-15,Express Courier,TRK-9819-7513,Delivered
7514,9821,2025-05-05 20:59:33,2025-05-09,2025-05-07,Standard Ground,TRK-9821-7514,Delivered
7515,9822,2026-05-07 10:32:47,2026-05-11,2026-05-12,Express Courier,TRK-9822-7515,Delivered
7516,9823,2025-12-16 19:31:36,2025-12-20,2025-12-20,Standard Ground,TRK-9823-7516,Delivered
7517,9824,2025-10-22 15:41:19,2025-10-26,2025-10-24,Next-Day Air,TRK-9824-7517,Delivered
7518,9826,2026-05-04 12:27:16,2026-05-08,2026-05-09,Express Courier,TRK-9826-7518,Delivered
7519,9827,2025-12-30 21:57:43,2026-01-03,,Standard Ground,TRK-9827-7519,In Transit
7520,9828,2024-08-29 02:46:42,2024-09-02,,Standard Ground,TRK-9828-7520,In Transit
7521,9830,2025-06-09 09:51:31,2025-06-13,2025-06-12,Next-Day Air,TRK-9830-7521,Delivered
7522,9831,2026-07-06 21:33:26,2026-07-10,2026-07-09,Standard Ground,TRK-9831-7522,Delivered
7523,9833,2026-04-05 05:28:52,2026-04-09,2026-04-07,Standard Ground,TRK-9833-7523,Delivered
7524,9834,2026-04-30 23:25:18,2026-05-04,2026-05-04,Next-Day Air,TRK-9834-7524,Delivered
7525,9836,2024-12-31 12:00:54,2025-01-04,2025-01-05,Standard Ground,TRK-9836-7525,Delivered
7526,9837,2026-04-14 22:36:08,2026-04-18,2026-04-18,Standard Ground,TRK-9837-7526,Delivered
7527,9838,2026-05-03 13:12:47,2026-05-07,2026-05-05,Next-Day Air,TRK-9838-7527,Delivered
7528,9839,2026-04-30 13:04:53,2026-05-04,2026-05-05,Standard Ground,TRK-9839-7528,Delivered
7529,9842,2026-05-04 19:21:56,2026-05-08,2026-05-09,Standard Ground,TRK-9842-7529,Delivered
7530,9843,2025-01-23 20:31:55,2025-01-27,,Standard Ground,TRK-9843-7530,In Transit
7531,9845,2026-07-08 22:32:13,2026-07-12,2026-07-13,Standard Ground,TRK-9845-7531,Delivered
7532,9847,2025-12-15 23:24:35,2025-12-19,2025-12-20,Express Courier,TRK-9847-7532,Delivered
7533,9848,2026-07-01 20:26:33,2026-07-05,2026-07-03,Next-Day Air,TRK-9848-7533,Delivered
7534,9849,2026-08-31 21:22:11,2026-09-04,2026-09-03,Express Courier,TRK-9849-7534,Delivered
7535,9850,2025-08-18 16:09:54,2025-08-22,2025-08-20,Express Courier,TRK-9850-7535,Delivered
7536,9851,2026-08-24 06:48:26,2026-08-28,2026-08-27,Express Courier,TRK-9851-7536,Delivered
7537,9852,2026-04-24 20:04:20,2026-04-28,,Next-Day Air,TRK-9852-7537,In Transit
7538,9854,2025-06-01 20:56:44,2025-06-05,,Express Courier,TRK-9854-7538,In Transit
7539,9855,2025-09-18 21:34:24,2025-09-22,2025-09-21,Next-Day Air,TRK-9855-7539,Delivered
7540,9856,2024-02-18 16:27:27,2024-02-22,2024-02-22,Next-Day Air,TRK-9856-7540,Delivered
7541,9858,2026-05-07 10:41:08,2026-05-11,,Express Courier,TRK-9858-7541,In Transit
7542,9859,2026-08-02 01:59:31,2026-08-06,2026-08-07,Next-Day Air,TRK-9859-7542,Delivered
7543,9860,2025-09-18 09:02:33,2025-09-22,2025-09-21,Standard Ground,TRK-9860-7543,Delivered
7544,9862,2026-07-26 20:29:13,2026-07-30,,Next-Day Air,TRK-9862-7544,In Transit
7545,9865,2025-02-27 04:30:37,2025-03-03,,Express Courier,TRK-9865-7545,In Transit
7546,9866,2026-08-03 19:15:57,2026-08-07,2026-08-08,Express Courier,TRK-9866-7546,Delivered
7547,9868,2024-01-05 18:47:03,2024-01-09,,Next-Day Air,TRK-9868-7547,In Transit
7548,9869,2026-02-12 13:05:20,2026-02-16,2026-02-16,Standard Ground,TRK-9869-7548,Delivered
7549,9870,2026-04-06 10:16:57,2026-04-10,2026-04-10,Express Courier,TRK-9870-7549,Delivered
7550,9871,2026-08-18 06:43:16,2026-08-22,2026-08-21,Next-Day Air,TRK-9871-7550,Delivered
7551,9872,2026-07-21 06:26:51,2026-07-25,2026-07-25,Standard Ground,TRK-9872-7551,Delivered
7552,9876,2025-03-06 10:32:01,2025-03-10,2025-03-10,Express Courier,TRK-9876-7552,Delivered
7553,9877,2026-09-02 04:31:45,2026-09-06,2026-09-04,Next-Day Air,TRK-9877-7553,Delivered
7554,9878,2024-09-13 17:47:49,2024-09-17,2024-09-16,Express Courier,TRK-9878-7554,Delivered
7555,9880,2025-12-31 22:02:54,2026-01-04,2026-01-05,Express Courier,TRK-9880-7555,Delivered
7556,9881,2025-02-04 12:25:36,2025-02-08,,Standard Ground,TRK-9881-7556,In Transit
7557,9884,2025-03-19 14:25:11,2025-03-23,2025-03-24,Standard Ground,TRK-9884-7557,Delivered
7558,9885,2026-07-22 06:29:30,2026-07-26,2026-07-26,Next-Day Air,TRK-9885-7558,Delivered
7559,9887,2026-09-01 19:32:11,2026-09-05,2026-09-05,Next-Day Air,TRK-9887-7559,Delivered
7560,9888,2026-01-24 03:53:33,2026-01-28,2026-01-26,Express Courier,TRK-9888-7560,Delivered
7561,9889,2026-04-01 07:56:28,2026-04-05,2026-04-04,Express Courier,TRK-9889-7561,Delivered
7562,9890,2026-07-19 20:24:43,2026-07-23,2026-07-21,Standard Ground,TRK-9890-7562,Delivered
7563,9891,2026-06-26 19:53:08,2026-06-30,2026-07-01,Standard Ground,TRK-9891-7563,Delivered
7564,9892,2026-08-16 09:46:12,2026-08-20,2026-08-19,Next-Day Air,TRK-9892-7564,Delivered
7565,9893,2025-08-25 12:38:14,2025-08-29,2025-08-30,Next-Day Air,TRK-9893-7565,Delivered
7566,9895,2026-07-24 02:14:35,2026-07-28,2026-07-29,Next-Day Air,TRK-9895-7566,Delivered
7567,9897,2026-06-22 22:48:38,2026-06-26,2026-06-24,Next-Day Air,TRK-9897-7567,Delivered
7568,9898,2026-07-19 23:34:45,2026-07-23,2026-07-21,Express Courier,TRK-9898-7568,Delivered
7569,9899,2025-03-16 23:04:08,2025-03-20,2025-03-18,Express Courier,TRK-9899-7569,Delivered
7570,9901,2024-09-04 04:46:23,2024-09-08,2024-09-09,Next-Day Air,TRK-9901-7570,Delivered
7571,9902,2026-03-16 04:21:58,2026-03-20,2026-03-18,Express Courier,TRK-9902-7571,Delivered
7572,9903,2026-07-06 07:21:47,2026-07-10,2026-07-11,Next-Day Air,TRK-9903-7572,Delivered
7573,9904,2026-02-12 20:12:32,2026-02-16,2026-02-17,Express Courier,TRK-9904-7573,Delivered
7574,9905,2025-02-26 02:07:54,2025-03-02,2025-03-01,Next-Day Air,TRK-9905-7574,Delivered
7575,9907,2024-06-10 08:03:49,2024-06-14,2024-06-12,Next-Day Air,TRK-9907-7575,Delivered
7576,9908,2026-09-02 11:54:57,2026-09-06,2026-09-04,Next-Day Air,TRK-9908-7576,Delivered
7577,9910,2026-04-24 23:40:53,2026-04-28,2026-04-28,Next-Day Air,TRK-9910-7577,Delivered
7578,9913,2026-06-17 19:27:45,2026-06-21,,Express Courier,TRK-9913-7578,In Transit
7579,9916,2026-05-16 02:31:01,2026-05-20,2026-05-19,Next-Day Air,TRK-9916-7579,Delivered
7580,9919,2026-06-30 12:32:16,2026-07-04,,Next-Day Air,TRK-9919-7580,In Transit
7581,9920,2025-02-15 19:18:23,2025-02-19,2025-02-20,Standard Ground,TRK-9920-7581,Delivered
7582,9921,2024-09-21 04:21:27,2024-09-25,2024-09-25,Express Courier,TRK-9921-7582,Delivered
7583,9922,2025-10-25 08:55:02,2025-10-29,2025-10-30,Express Courier,TRK-9922-7583,Delivered
7584,9924,2026-08-08 05:17:37,2026-08-12,2026-08-11,Express Courier,TRK-9924-7584,Delivered
7585,9926,2026-02-07 00:25:02,2026-02-11,2026-02-12,Express Courier,TRK-9926-7585,Delivered
7586,9927,2025-08-20 13:16:06,2025-08-24,2025-08-25,Next-Day Air,TRK-9927-7586,Delivered
7587,9928,2026-03-28 08:57:05,2026-04-01,2026-04-02,Standard Ground,TRK-9928-7587,Delivered
7588,9929,2026-03-05 06:33:17,2026-03-09,2026-03-10,Standard Ground,TRK-9929-7588,Delivered
7589,9930,2026-08-11 12:48:04,2026-08-15,2026-08-14,Standard Ground,TRK-9930-7589,Delivered
7590,9932,2026-06-11 01:50:58,2026-06-15,2026-06-13,Standard Ground,TRK-9932-7590,Delivered
7591,9933,2025-11-27 05:56:53,2025-12-01,2025-12-01,Next-Day Air,TRK-9933-7591,Delivered
7592,9934,2026-02-20 13:57:08,2026-02-24,2026-02-22,Standard Ground,TRK-9934-7592,Delivered
7593,9935,2026-07-31 06:45:02,2026-08-04,2026-08-05,Express Courier,TRK-9935-7593,Delivered
7594,9936,2026-05-12 13:09:46,2026-05-16,2026-05-17,Next-Day Air,TRK-9936-7594,Delivered
7595,9937,2025-06-27 13:29:23,2025-07-01,2025-06-29,Standard Ground,TRK-9937-7595,Delivered
7596,9940,2026-08-29 07:58:21,2026-09-02,2026-09-01,Express Courier,TRK-9940-7596,Delivered
7597,9941,2025-05-25 11:54:09,2025-05-29,2025-05-27,Next-Day Air,TRK-9941-7597,Delivered
7598,9942,2025-10-02 12:10:07,2025-10-06,2025-10-07,Express Courier,TRK-9942-7598,Delivered
7599,9943,2025-07-31 10:42:53,2025-08-04,2025-08-02,Next-Day Air,TRK-9943-7599,Delivered
7600,9944,2025-11-26 10:13:53,2025-11-30,2025-11-29,Next-Day Air,TRK-9944-7600,Delivered
7601,9945,2026-04-09 01:01:07,2026-04-13,2026-04-11,Standard Ground,TRK-9945-7601,Delivered
7602,9946,2025-08-26 22:54:52,2025-08-30,,Standard Ground,TRK-9946-7602,In Transit
7603,9947,2025-09-16 03:04:43,2025-09-20,2025-09-21,Express Courier,TRK-9947-7603,Delivered
7604,9948,2024-12-10 23:33:20,2024-12-14,,Standard Ground,TRK-9948-7604,In Transit
7605,9949,2024-09-14 19:51:47,2024-09-18,2024-09-19,Express Courier,TRK-9949-7605,Delivered
7606,9950,2026-05-24 14:25:56,2026-05-28,2026-05-28,Next-Day Air,TRK-9950-7606,Delivered
7607,9952,2026-04-22 20:28:54,2026-04-26,2026-04-25,Standard Ground,TRK-9952-7607,Delivered
7608,9953,2026-03-18 09:37:07,2026-03-22,2026-03-21,Standard Ground,TRK-9953-7608,Delivered
7609,9954,2025-06-05 14:08:18,2025-06-09,2025-06-08,Next-Day Air,TRK-9954-7609,Delivered
7610,9955,2025-06-03 13:29:38,2025-06-07,2025-06-05,Standard Ground,TRK-9955-7610,Delivered
7611,9956,2026-02-27 06:18:30,2026-03-03,2026-03-02,Standard Ground,TRK-9956-7611,Delivered
7612,9957,2024-06-18 17:41:27,2024-06-22,2024-06-20,Standard Ground,TRK-9957-7612,Delivered
7613,9958,2026-08-29 19:46:59,2026-09-02,2026-09-03,Express Courier,TRK-9958-7613,Delivered
7614,9959,2025-10-07 14:41:40,2025-10-11,2025-10-11,Standard Ground,TRK-9959-7614,Delivered
7615,9962,2026-06-28 10:28:39,2026-07-02,2026-07-02,Express Courier,TRK-9962-7615,Delivered
7616,9964,2026-03-04 22:40:14,2026-03-08,,Next-Day Air,TRK-9964-7616,In Transit
7617,9965,2025-03-03 20:46:03,2025-03-07,2025-03-05,Express Courier,TRK-9965-7617,Delivered
7618,9966,2026-02-11 09:22:01,2026-02-15,2026-02-16,Next-Day Air,TRK-9966-7618,Delivered
7619,9967,2026-02-01 20:06:39,2026-02-05,2026-02-05,Express Courier,TRK-9967-7619,Delivered
7620,9968,2025-11-15 03:35:13,2025-11-19,2025-11-18,Express Courier,TRK-9968-7620,Delivered
7621,9969,2025-12-22 15:00:08,2025-12-26,2025-12-26,Next-Day Air,TRK-9969-7621,Delivered
7622,9970,2026-08-31 13:22:59,2026-09-04,2026-09-02,Next-Day Air,TRK-9970-7622,Delivered
7623,9971,2025-03-31 08:04:24,2025-04-04,2025-04-03,Standard Ground,TRK-9971-7623,Delivered
7624,9972,2026-07-10 10:35:29,2026-07-14,,Express Courier,TRK-9972-7624,In Transit
7625,9973,2026-04-11 08:51:16,2026-04-15,2026-04-14,Express Courier,TRK-9973-7625,Delivered
7626,9974,2026-05-19 23:06:32,2026-05-23,2026-05-23,Standard Ground,TRK-9974-7626,Delivered
7627,9975,2026-05-20 18:42:10,2026-05-24,2026-05-24,Standard Ground,TRK-9975-7627,Delivered
7628,9976,2025-07-19 07:54:53,2025-07-23,2025-07-22,Standard Ground,TRK-9976-7628,Delivered
7629,9977,2026-03-08 15:54:47,2026-03-12,2026-03-13,Next-Day Air,TRK-9977-7629,Delivered
7630,9979,2025-02-26 21:30:14,2025-03-02,,Standard Ground,TRK-9979-7630,In Transit
7631,9980,2026-08-29 07:38:12,2026-09-02,2026-09-03,Express Courier,TRK-9980-7631,Delivered
7632,9981,2025-11-22 16:05:25,2025-11-26,2025-11-24,Next-Day Air,TRK-9981-7632,Delivered
7633,9982,2026-06-14 20:22:22,2026-06-18,2026-06-17,Standard Ground,TRK-9982-7633,Delivered
7634,9983,2025-05-28 16:29:05,2025-06-01,2025-05-30,Standard Ground,TRK-9983-7634,Delivered
7635,9984,2024-07-17 14:47:58,2024-07-21,,Standard Ground,TRK-9984-7635,In Transit
7636,9985,2026-02-28 14:18:18,2026-03-04,2026-03-02,Express Courier,TRK-9985-7636,Delivered
7637,9986,2026-01-07 17:55:20,2026-01-11,2026-01-10,Standard Ground,TRK-9986-7637,Delivered
7638,9987,2025-01-22 14:17:23,2025-01-26,2025-01-24,Next-Day Air,TRK-9987-7638,Delivered
7639,9988,2026-06-02 12:06:39,2026-06-06,2026-06-07,Standard Ground,TRK-9988-7639,Delivered
7640,9989,2024-09-29 12:02:07,2024-10-03,2024-10-01,Standard Ground,TRK-9989-7640,Delivered
7641,9990,2026-01-29 01:57:05,2026-02-02,2026-02-03,Next-Day Air,TRK-9990-7641,Delivered
7642,9991,2025-12-06 03:36:19,2025-12-10,2025-12-09,Express Courier,TRK-9991-7642,Delivered
7643,9992,2026-07-25 04:56:18,2026-07-29,2026-07-27,Express Courier,TRK-9992-7643,Delivered
7644,9993,2025-09-16 02:46:38,2025-09-20,,Standard Ground,TRK-9993-7644,In Transit
7645,9994,2026-07-31 00:35:20,2026-08-04,2026-08-05,Next-Day Air,TRK-9994-7645,Delivered
7646,9998,2026-06-14 22:24:54,2026-06-18,2026-06-19,Express Courier,TRK-9998-7646,Delivered
7647,9999,2025-12-23 01:43:50,2025-12-27,2025-12-25,Express Courier,TRK-9999-7647,Delivered
7648,10000,2024-10-27 04:56:23,2024-10-31,2024-10-31,Standard Ground,TRK-10000-7648,Delivered
7649,10001,2026-07-31 05:00:58,2026-08-04,2026-08-04,Next-Day Air,TRK-10001-7649,Delivered
7650,10002,2026-07-06 08:53:16,2026-07-10,2026-07-10,Standard Ground,TRK-10002-7650,Delivered
7651,10003,2026-06-22 19:33:46,2026-06-26,2026-06-24,Express Courier,TRK-10003-7651,Delivered
7652,10004,2025-07-18 05:38:06,2025-07-22,2025-07-23,Standard Ground,TRK-10004-7652,Delivered
7653,10006,2026-01-15 19:37:56,2026-01-19,2026-01-18,Next-Day Air,TRK-10006-7653,Delivered
7654,10007,2026-01-24 03:18:38,2026-01-28,2026-01-27,Express Courier,TRK-10007-7654,Delivered
7655,10008,2026-08-10 08:02:03,2026-08-14,2026-08-14,Express Courier,TRK-10008-7655,Delivered
7656,10009,2026-08-11 16:10:38,2026-08-15,2026-08-16,Next-Day Air,TRK-10009-7656,Delivered
7657,10010,2024-10-01 09:59:58,2024-10-05,2024-10-04,Standard Ground,TRK-10010-7657,Delivered
7658,10011,2024-11-10 19:41:52,2024-11-14,2024-11-14,Next-Day Air,TRK-10011-7658,Delivered
7659,10013,2026-03-14 16:58:19,2026-03-18,2026-03-17,Express Courier,TRK-10013-7659,Delivered
7660,10014,2026-05-13 10:31:10,2026-05-17,2026-05-16,Next-Day Air,TRK-10014-7660,Delivered
7661,10015,2025-07-26 06:26:37,2025-07-30,2025-07-28,Express Courier,TRK-10015-7661,Delivered
7662,10016,2025-09-02 21:20:12,2025-09-06,2025-09-06,Express Courier,TRK-10016-7662,Delivered
7663,10018,2026-06-20 14:34:16,2026-06-24,2026-06-25,Next-Day Air,TRK-10018-7663,Delivered
7664,10019,2025-12-15 11:18:26,2025-12-19,2025-12-19,Standard Ground,TRK-10019-7664,Delivered
7665,10022,2026-05-14 17:41:47,2026-05-18,,Next-Day Air,TRK-10022-7665,In Transit
7666,10023,2026-04-15 18:50:03,2026-04-19,2026-04-20,Next-Day Air,TRK-10023-7666,Delivered
7667,10025,2026-01-26 11:27:58,2026-01-30,2026-01-28,Express Courier,TRK-10025-7667,Delivered
7668,10027,2024-10-07 03:12:25,2024-10-11,2024-10-12,Express Courier,TRK-10027-7668,Delivered
7669,10028,2026-03-30 19:31:11,2026-04-03,2026-04-04,Express Courier,TRK-10028-7669,Delivered
7670,10029,2026-09-02 06:00:57,2026-09-06,,Express Courier,TRK-10029-7670,In Transit
7671,10030,2026-08-28 15:39:32,2026-09-01,2026-08-31,Express Courier,TRK-10030-7671,Delivered
7672,10031,2026-05-29 09:16:37,2026-06-02,2026-05-31,Next-Day Air,TRK-10031-7672,Delivered
7673,10032,2026-08-03 10:29:37,2026-08-07,,Express Courier,TRK-10032-7673,In Transit
7674,10033,2026-08-17 19:27:00,2026-08-21,2026-08-20,Standard Ground,TRK-10033-7674,Delivered
7675,10036,2026-06-10 17:26:29,2026-06-14,2026-06-12,Express Courier,TRK-10036-7675,Delivered
7676,10037,2024-08-12 18:18:17,2024-08-16,,Standard Ground,TRK-10037-7676,In Transit
7677,10038,2026-08-16 06:14:30,2026-08-20,,Standard Ground,TRK-10038-7677,In Transit
7678,10039,2026-07-28 13:37:49,2026-08-01,2026-07-31,Standard Ground,TRK-10039-7678,Delivered
7679,10040,2026-01-01 09:23:20,2026-01-05,2026-01-03,Standard Ground,TRK-10040-7679,Delivered
7680,10041,2026-08-01 23:33:58,2026-08-05,2026-08-03,Next-Day Air,TRK-10041-7680,Delivered
7681,10043,2024-09-29 02:49:00,2024-10-03,2024-10-02,Express Courier,TRK-10043-7681,Delivered
7682,10045,2025-04-26 00:46:21,2025-04-30,2025-04-30,Next-Day Air,TRK-10045-7682,Delivered
7683,10046,2025-03-13 01:29:51,2025-03-17,2025-03-15,Next-Day Air,TRK-10046-7683,Delivered
7684,10047,2026-05-14 18:52:02,2026-05-18,2026-05-19,Express Courier,TRK-10047-7684,Delivered
7685,10048,2026-08-26 15:45:11,2026-08-30,2026-08-28,Standard Ground,TRK-10048-7685,Delivered
7686,10050,2026-05-01 12:51:20,2026-05-05,2026-05-05,Standard Ground,TRK-10050-7686,Delivered
7687,10051,2026-08-08 17:03:46,2026-08-12,2026-08-13,Standard Ground,TRK-10051-7687,Delivered
7688,10052,2025-01-30 20:33:14,2025-02-03,2025-02-04,Next-Day Air,TRK-10052-7688,Delivered
7689,10054,2026-05-01 09:29:58,2026-05-05,2026-05-06,Standard Ground,TRK-10054-7689,Delivered
7690,10055,2026-07-20 07:16:12,2026-07-24,2026-07-25,Express Courier,TRK-10055-7690,Delivered
7691,10056,2026-04-01 23:32:58,2026-04-05,2026-04-06,Next-Day Air,TRK-10056-7691,Delivered
7692,10058,2026-07-28 23:35:16,2026-08-01,2026-07-30,Standard Ground,TRK-10058-7692,Delivered
7693,10059,2025-10-16 18:36:20,2025-10-20,2025-10-20,Standard Ground,TRK-10059-7693,Delivered
7694,10060,2026-01-06 10:58:42,2026-01-10,2026-01-09,Express Courier,TRK-10060-7694,Delivered
7695,10062,2025-03-01 02:14:43,2025-03-05,2025-03-06,Next-Day Air,TRK-10062-7695,Delivered
7696,10063,2026-04-04 10:12:34,2026-04-08,2026-04-07,Standard Ground,TRK-10063-7696,Delivered
7697,10065,2026-03-03 09:19:17,2026-03-07,2026-03-08,Standard Ground,TRK-10065-7697,Delivered
7698,10066,2026-07-15 19:43:48,2026-07-19,,Express Courier,TRK-10066-7698,In Transit
7699,10067,2025-11-19 02:56:40,2025-11-23,2025-11-21,Express Courier,TRK-10067-7699,Delivered
7700,10068,2026-03-06 05:16:25,2026-03-10,2026-03-08,Standard Ground,TRK-10068-7700,Delivered
7701,10069,2026-08-05 14:21:06,2026-08-09,2026-08-07,Express Courier,TRK-10069-7701,Delivered
7702,10070,2024-09-11 08:15:52,2024-09-15,,Standard Ground,TRK-10070-7702,In Transit
7703,10071,2025-11-28 04:55:26,2025-12-02,2025-12-02,Next-Day Air,TRK-10071-7703,Delivered
7704,10072,2026-04-03 09:35:57,2026-04-07,2026-04-08,Standard Ground,TRK-10072-7704,Delivered
7705,10073,2026-09-01 20:48:03,2026-09-05,2026-09-06,Standard Ground,TRK-10073-7705,Delivered
7706,10074,2026-03-28 09:20:37,2026-04-01,2026-03-30,Next-Day Air,TRK-10074-7706,Delivered
7707,10077,2026-06-15 21:47:08,2026-06-19,,Standard Ground,TRK-10077-7707,In Transit
7708,10078,2024-01-15 05:54:31,2024-01-19,,Next-Day Air,TRK-10078-7708,In Transit
7709,10079,2026-08-30 11:53:00,2026-09-03,2026-09-03,Next-Day Air,TRK-10079-7709,Delivered
7710,10080,2026-04-24 07:59:51,2026-04-28,,Standard Ground,TRK-10080-7710,In Transit
7711,10081,2026-03-07 10:36:03,2026-03-11,2026-03-11,Next-Day Air,TRK-10081-7711,Delivered
7712,10082,2026-03-29 05:05:31,2026-04-02,2026-04-02,Express Courier,TRK-10082-7712,Delivered
7713,10083,2026-01-13 20:37:43,2026-01-17,2026-01-17,Express Courier,TRK-10083-7713,Delivered
7714,10084,2026-05-09 10:23:31,2026-05-13,,Standard Ground,TRK-10084-7714,In Transit
7715,10085,2026-05-15 06:32:04,2026-05-19,2026-05-19,Next-Day Air,TRK-10085-7715,Delivered
7716,10086,2024-10-17 04:26:25,2024-10-21,2024-10-22,Standard Ground,TRK-10086-7716,Delivered
7717,10087,2025-01-16 22:03:34,2025-01-20,2025-01-19,Next-Day Air,TRK-10087-7717,Delivered
7718,10088,2026-05-18 04:16:47,2026-05-22,2026-05-23,Express Courier,TRK-10088-7718,Delivered
7719,10089,2025-09-21 06:46:34,2025-09-25,2025-09-25,Next-Day Air,TRK-10089-7719,Delivered
7720,10091,2025-12-06 02:34:03,2025-12-10,2025-12-09,Standard Ground,TRK-10091-7720,Delivered
7721,10092,2026-08-25 01:53:45,2026-08-29,2026-08-27,Express Courier,TRK-10092-7721,Delivered
7722,10093,2026-06-07 08:32:17,2026-06-11,2026-06-11,Next-Day Air,TRK-10093-7722,Delivered
7723,10094,2026-03-06 07:52:35,2026-03-10,,Next-Day Air,TRK-10094-7723,In Transit
7724,10095,2025-11-19 00:51:55,2025-11-23,2025-11-21,Standard Ground,TRK-10095-7724,Delivered
7725,10097,2024-04-10 13:34:55,2024-04-14,2024-04-13,Next-Day Air,TRK-10097-7725,Delivered
7726,10098,2026-05-10 12:58:12,2026-05-14,,Express Courier,TRK-10098-7726,In Transit
7727,10099,2026-01-22 19:10:58,2026-01-26,2026-01-26,Express Courier,TRK-10099-7727,Delivered
7728,10100,2026-05-30 14:54:57,2026-06-03,2026-06-03,Standard Ground,TRK-10100-7728,Delivered
7729,10101,2026-08-09 05:12:22,2026-08-13,2026-08-11,Standard Ground,TRK-10101-7729,Delivered
7730,10102,2026-08-05 14:08:30,2026-08-09,,Standard Ground,TRK-10102-7730,In Transit
7731,10103,2024-11-23 11:51:07,2024-11-27,2024-11-28,Express Courier,TRK-10103-7731,Delivered
7732,10104,2026-04-23 19:04:26,2026-04-27,2026-04-26,Standard Ground,TRK-10104-7732,Delivered
7733,10105,2026-03-25 06:55:30,2026-03-29,2026-03-28,Next-Day Air,TRK-10105-7733,Delivered
7734,10106,2026-04-20 13:32:08,2026-04-24,2026-04-25,Standard Ground,TRK-10106-7734,Delivered
7735,10107,2026-01-22 19:38:18,2026-01-26,,Standard Ground,TRK-10107-7735,In Transit
7736,10108,2026-08-09 05:04:02,2026-08-13,2026-08-13,Express Courier,TRK-10108-7736,Delivered
7737,10109,2024-11-21 22:24:10,2024-11-25,2024-11-23,Express Courier,TRK-10109-7737,Delivered
7738,10110,2026-06-24 23:45:32,2026-06-28,2026-06-28,Express Courier,TRK-10110-7738,Delivered
7739,10111,2024-08-29 16:08:25,2024-09-02,2024-09-02,Express Courier,TRK-10111-7739,Delivered
7740,10112,2025-12-17 22:54:41,2025-12-21,2025-12-20,Next-Day Air,TRK-10112-7740,Delivered
7741,10114,2026-06-12 04:04:15,2026-06-16,,Express Courier,TRK-10114-7741,In Transit
7742,10117,2025-10-07 11:07:53,2025-10-11,2025-10-10,Express Courier,TRK-10117-7742,Delivered
7743,10118,2025-04-19 09:43:02,2025-04-23,2025-04-23,Express Courier,TRK-10118-7743,Delivered
7744,10120,2026-01-18 08:36:52,2026-01-22,2026-01-20,Next-Day Air,TRK-10120-7744,Delivered
7745,10121,2026-05-29 05:20:44,2026-06-02,2026-06-02,Next-Day Air,TRK-10121-7745,Delivered
7746,10122,2026-01-25 05:51:13,2026-01-29,2026-01-29,Next-Day Air,TRK-10122-7746,Delivered
7747,10123,2025-03-25 20:24:23,2025-03-29,2025-03-29,Next-Day Air,TRK-10123-7747,Delivered
7748,10124,2026-08-17 08:29:29,2026-08-21,2026-08-22,Next-Day Air,TRK-10124-7748,Delivered
7749,10126,2026-01-29 06:30:18,2026-02-02,2026-02-03,Next-Day Air,TRK-10126-7749,Delivered
7750,10128,2026-08-18 07:07:34,2026-08-22,2026-08-20,Express Courier,TRK-10128-7750,Delivered
7751,10129,2025-09-12 12:50:10,2025-09-16,,Express Courier,TRK-10129-7751,In Transit
7752,10130,2025-02-10 02:40:25,2025-02-14,2025-02-12,Next-Day Air,TRK-10130-7752,Delivered
7753,10131,2026-04-27 10:40:28,2026-05-01,2026-05-01,Express Courier,TRK-10131-7753,Delivered
7754,10132,2026-05-18 05:25:21,2026-05-22,2026-05-21,Express Courier,TRK-10132-7754,Delivered
7755,10133,2026-09-02 14:00:20,2026-09-06,2026-09-04,Express Courier,TRK-10133-7755,Delivered
7756,10134,2026-02-27 16:51:29,2026-03-03,,Express Courier,TRK-10134-7756,In Transit
7757,10135,2026-02-05 12:09:38,2026-02-09,,Next-Day Air,TRK-10135-7757,In Transit
7758,10136,2026-07-05 19:56:53,2026-07-09,2026-07-09,Next-Day Air,TRK-10136-7758,Delivered
7759,10138,2025-06-02 15:24:06,2025-06-06,,Standard Ground,TRK-10138-7759,In Transit
7760,10140,2026-07-21 08:11:20,2026-07-25,2026-07-24,Next-Day Air,TRK-10140-7760,Delivered
7761,10142,2025-12-05 15:05:41,2025-12-09,2025-12-10,Standard Ground,TRK-10142-7761,Delivered
7762,10143,2026-03-17 14:39:59,2026-03-21,2026-03-19,Standard Ground,TRK-10143-7762,Delivered
7763,10144,2026-04-09 18:26:21,2026-04-13,2026-04-13,Next-Day Air,TRK-10144-7763,Delivered
7764,10145,2025-06-07 09:09:08,2025-06-11,2025-06-10,Next-Day Air,TRK-10145-7764,Delivered
7765,10146,2024-06-11 22:40:59,2024-06-15,2024-06-15,Next-Day Air,TRK-10146-7765,Delivered
7766,10147,2025-07-30 07:59:12,2025-08-03,2025-08-02,Next-Day Air,TRK-10147-7766,Delivered
7767,10148,2025-10-24 04:57:37,2025-10-28,2025-10-27,Standard Ground,TRK-10148-7767,Delivered
7768,10149,2024-05-26 06:44:40,2024-05-30,2024-05-30,Next-Day Air,TRK-10149-7768,Delivered
7769,10150,2024-07-23 23:57:25,2024-07-27,2024-07-27,Next-Day Air,TRK-10150-7769,Delivered
7770,10153,2024-10-09 09:27:48,2024-10-13,2024-10-12,Standard Ground,TRK-10153-7770,Delivered
7771,10154,2025-02-11 16:52:54,2025-02-15,2025-02-16,Next-Day Air,TRK-10154-7771,Delivered
7772,10155,2025-11-28 13:56:39,2025-12-02,2025-12-01,Express Courier,TRK-10155-7772,Delivered
7773,10157,2025-12-28 19:06:55,2026-01-01,2025-12-30,Next-Day Air,TRK-10157-7773,Delivered
7774,10159,2025-05-19 04:24:14,2025-05-23,2025-05-23,Next-Day Air,TRK-10159-7774,Delivered
7775,10160,2025-01-15 16:30:54,2025-01-19,2025-01-18,Standard Ground,TRK-10160-7775,Delivered
7776,10161,2026-07-05 16:22:25,2026-07-09,2026-07-07,Standard Ground,TRK-10161-7776,Delivered
7777,10162,2024-03-13 13:42:52,2024-03-17,2024-03-18,Express Courier,TRK-10162-7777,Delivered
7778,10163,2025-06-02 08:03:05,2025-06-06,2025-06-07,Express Courier,TRK-10163-7778,Delivered
7779,10164,2026-02-08 22:04:28,2026-02-12,,Express Courier,TRK-10164-7779,In Transit
7780,10165,2025-10-18 14:24:23,2025-10-22,2025-10-20,Express Courier,TRK-10165-7780,Delivered
7781,10166,2025-03-08 21:42:14,2025-03-12,2025-03-12,Standard Ground,TRK-10166-7781,Delivered
7782,10167,2024-03-27 13:51:23,2024-03-31,2024-04-01,Standard Ground,TRK-10167-7782,Delivered
7783,10168,2025-02-25 08:08:37,2025-03-01,,Standard Ground,TRK-10168-7783,In Transit
7784,10169,2024-04-23 21:56:02,2024-04-27,2024-04-26,Standard Ground,TRK-10169-7784,Delivered
7785,10170,2026-01-12 11:33:05,2026-01-16,2026-01-15,Standard Ground,TRK-10170-7785,Delivered
7786,10171,2026-02-23 08:50:10,2026-02-27,2026-02-28,Express Courier,TRK-10171-7786,Delivered
7787,10172,2025-08-30 17:00:47,2025-09-03,,Express Courier,TRK-10172-7787,In Transit
7788,10173,2026-05-31 20:08:37,2026-06-04,2026-06-02,Next-Day Air,TRK-10173-7788,Delivered
7789,10174,2026-01-14 12:14:56,2026-01-18,2026-01-19,Next-Day Air,TRK-10174-7789,Delivered
7790,10175,2026-05-05 21:07:11,2026-05-09,2026-05-08,Standard Ground,TRK-10175-7790,Delivered
7791,10176,2026-08-22 21:21:26,2026-08-26,2026-08-26,Express Courier,TRK-10176-7791,Delivered
7792,10178,2025-07-31 19:28:06,2025-08-04,2025-08-04,Standard Ground,TRK-10178-7792,Delivered
7793,10180,2026-06-08 23:36:11,2026-06-12,2026-06-13,Express Courier,TRK-10180-7793,Delivered
7794,10182,2025-09-11 03:42:19,2025-09-15,2025-09-14,Standard Ground,TRK-10182-7794,Delivered
7795,10183,2024-10-08 15:49:49,2024-10-12,2024-10-10,Next-Day Air,TRK-10183-7795,Delivered
7796,10186,2024-07-21 04:08:02,2024-07-25,,Next-Day Air,TRK-10186-7796,In Transit
7797,10187,2025-08-26 18:21:27,2025-08-30,2025-08-30,Express Courier,TRK-10187-7797,Delivered
7798,10188,2026-02-15 08:40:30,2026-02-19,2026-02-17,Standard Ground,TRK-10188-7798,Delivered
7799,10189,2026-03-02 10:19:24,2026-03-06,2026-03-04,Standard Ground,TRK-10189-7799,Delivered
7800,10190,2026-02-23 02:19:10,2026-02-27,,Express Courier,TRK-10190-7800,In Transit
7801,10191,2026-08-25 13:19:58,2026-08-29,2026-08-28,Standard Ground,TRK-10191-7801,Delivered
7802,10192,2025-09-17 02:39:03,2025-09-21,2025-09-19,Next-Day Air,TRK-10192-7802,Delivered
7803,10193,2025-08-15 15:49:04,2025-08-19,2025-08-17,Next-Day Air,TRK-10193-7803,Delivered
7804,10195,2026-07-11 04:38:03,2026-07-15,2026-07-13,Express Courier,TRK-10195-7804,Delivered
7805,10197,2026-06-13 18:00:47,2026-06-17,2026-06-17,Express Courier,TRK-10197-7805,Delivered
7806,10198,2025-10-01 10:24:55,2025-10-05,2025-10-03,Standard Ground,TRK-10198-7806,Delivered
7807,10199,2025-07-02 16:24:11,2025-07-06,2025-07-04,Standard Ground,TRK-10199-7807,Delivered
7808,10200,2025-03-01 19:58:10,2025-03-05,2025-03-05,Express Courier,TRK-10200-7808,Delivered
7809,10202,2026-08-13 02:03:48,2026-08-17,2026-08-17,Express Courier,TRK-10202-7809,Delivered
7810,10203,2026-09-02 02:37:37,2026-09-06,2026-09-05,Next-Day Air,TRK-10203-7810,Delivered
7811,10204,2025-09-23 16:22:14,2025-09-27,2025-09-27,Standard Ground,TRK-10204-7811,Delivered
7812,10205,2026-01-20 17:23:57,2026-01-24,2026-01-23,Next-Day Air,TRK-10205-7812,Delivered
7813,10206,2026-07-12 04:12:04,2026-07-16,2026-07-15,Express Courier,TRK-10206-7813,Delivered
7814,10207,2026-05-29 03:05:59,2026-06-02,2026-06-02,Next-Day Air,TRK-10207-7814,Delivered
7815,10208,2026-03-18 17:59:39,2026-03-22,2026-03-21,Next-Day Air,TRK-10208-7815,Delivered
7816,10209,2025-01-20 06:58:59,2025-01-24,2025-01-23,Standard Ground,TRK-10209-7816,Delivered
7817,10214,2025-12-30 15:43:35,2026-01-03,2026-01-04,Standard Ground,TRK-10214-7817,Delivered
7818,10215,2026-03-03 08:26:15,2026-03-07,2026-03-08,Express Courier,TRK-10215-7818,Delivered
7819,10216,2026-01-01 09:10:08,2026-01-05,,Express Courier,TRK-10216-7819,In Transit
7820,10217,2026-08-15 19:42:49,2026-08-19,2026-08-20,Next-Day Air,TRK-10217-7820,Delivered
7821,10218,2024-11-10 11:02:12,2024-11-14,2024-11-13,Standard Ground,TRK-10218-7821,Delivered
7822,10220,2025-10-19 23:29:15,2025-10-23,2025-10-22,Next-Day Air,TRK-10220-7822,Delivered
7823,10221,2026-09-02 09:16:06,2026-09-06,2026-09-05,Standard Ground,TRK-10221-7823,Delivered
7824,10222,2026-05-16 01:37:27,2026-05-20,,Standard Ground,TRK-10222-7824,In Transit
7825,10223,2024-11-19 05:20:10,2024-11-23,2024-11-23,Next-Day Air,TRK-10223-7825,Delivered
7826,10224,2025-11-30 13:46:19,2025-12-04,2025-12-03,Standard Ground,TRK-10224-7826,Delivered
7827,10228,2026-01-24 12:15:00,2026-01-28,,Next-Day Air,TRK-10228-7827,In Transit
7828,10230,2026-01-15 01:05:36,2026-01-19,2026-01-19,Standard Ground,TRK-10230-7828,Delivered
7829,10232,2025-12-27 14:00:29,2025-12-31,2025-12-30,Express Courier,TRK-10232-7829,Delivered
7830,10233,2026-05-10 14:11:39,2026-05-14,2026-05-12,Express Courier,TRK-10233-7830,Delivered
7831,10234,2026-07-19 05:59:51,2026-07-23,2026-07-22,Express Courier,TRK-10234-7831,Delivered
7832,10235,2025-10-16 11:37:39,2025-10-20,,Next-Day Air,TRK-10235-7832,In Transit
7833,10236,2026-08-23 09:18:33,2026-08-27,2026-08-27,Standard Ground,TRK-10236-7833,Delivered
7834,10238,2026-05-18 03:40:29,2026-05-22,,Express Courier,TRK-10238-7834,In Transit
7835,10239,2025-02-07 17:37:31,2025-02-11,2025-02-11,Standard Ground,TRK-10239-7835,Delivered
7836,10241,2025-11-13 14:09:03,2025-11-17,2025-11-18,Express Courier,TRK-10241-7836,Delivered
7837,10242,2025-11-12 07:46:07,2025-11-16,,Standard Ground,TRK-10242-7837,In Transit
7838,10243,2026-06-25 00:49:30,2026-06-29,2026-06-27,Standard Ground,TRK-10243-7838,Delivered
7839,10244,2026-01-23 19:06:36,2026-01-27,2026-01-26,Express Courier,TRK-10244-7839,Delivered
7840,10245,2025-04-21 15:49:01,2025-04-25,2025-04-26,Next-Day Air,TRK-10245-7840,Delivered
7841,10246,2025-10-16 18:08:41,2025-10-20,2025-10-19,Next-Day Air,TRK-10246-7841,Delivered
7842,10248,2025-01-12 11:27:55,2025-01-16,2025-01-16,Express Courier,TRK-10248-7842,Delivered
7843,10249,2025-06-07 11:53:29,2025-06-11,2025-06-12,Express Courier,TRK-10249-7843,Delivered
7844,10250,2026-04-10 02:12:45,2026-04-14,,Next-Day Air,TRK-10250-7844,In Transit
7845,10252,2025-06-13 15:47:41,2025-06-17,2025-06-18,Standard Ground,TRK-10252-7845,Delivered
7846,10254,2025-07-10 03:23:09,2025-07-14,,Express Courier,TRK-10254-7846,In Transit
7847,10256,2024-09-04 09:09:16,2024-09-08,,Express Courier,TRK-10256-7847,In Transit
7848,10257,2026-03-17 17:29:39,2026-03-21,2026-03-19,Standard Ground,TRK-10257-7848,Delivered
7849,10261,2025-07-29 17:50:36,2025-08-02,2025-08-01,Standard Ground,TRK-10261-7849,Delivered
7850,10262,2025-04-06 06:27:56,2025-04-10,2025-04-11,Express Courier,TRK-10262-7850,Delivered
7851,10263,2026-03-05 12:55:55,2026-03-09,2026-03-09,Express Courier,TRK-10263-7851,Delivered
7852,10265,2026-06-25 22:19:16,2026-06-29,2026-06-30,Next-Day Air,TRK-10265-7852,Delivered
7853,10266,2024-07-18 20:27:26,2024-07-22,2024-07-20,Express Courier,TRK-10266-7853,Delivered
7854,10268,2025-12-03 23:33:28,2025-12-07,2025-12-07,Express Courier,TRK-10268-7854,Delivered
7855,10270,2024-10-22 18:15:05,2024-10-26,2024-10-24,Standard Ground,TRK-10270-7855,Delivered
7856,10271,2025-10-31 13:58:17,2025-11-04,2025-11-04,Express Courier,TRK-10271-7856,Delivered
7857,10272,2026-08-13 18:44:26,2026-08-17,2026-08-15,Next-Day Air,TRK-10272-7857,Delivered
7858,10273,2026-02-19 10:43:48,2026-02-23,2026-02-21,Standard Ground,TRK-10273-7858,Delivered
7859,10274,2025-01-14 14:14:31,2025-01-18,2025-01-16,Express Courier,TRK-10274-7859,Delivered
7860,10275,2026-08-13 21:53:57,2026-08-17,,Standard Ground,TRK-10275-7860,In Transit
7861,10276,2026-07-23 10:49:14,2026-07-27,,Express Courier,TRK-10276-7861,In Transit
7862,10277,2024-11-14 15:21:28,2024-11-18,2024-11-17,Express Courier,TRK-10277-7862,Delivered
7863,10278,2026-05-16 18:39:46,2026-05-20,2026-05-21,Standard Ground,TRK-10278-7863,Delivered
7864,10279,2026-06-21 10:51:37,2026-06-25,2026-06-24,Standard Ground,TRK-10279-7864,Delivered
7865,10280,2026-03-31 02:42:10,2026-04-04,2026-04-05,Standard Ground,TRK-10280-7865,Delivered
7866,10281,2026-01-28 22:56:22,2026-02-01,2026-01-31,Standard Ground,TRK-10281-7866,Delivered
7867,10282,2026-08-08 04:20:13,2026-08-12,2026-08-13,Express Courier,TRK-10282-7867,Delivered
7868,10284,2024-11-19 16:21:46,2024-11-23,,Next-Day Air,TRK-10284-7868,In Transit
7869,10285,2026-08-29 01:18:37,2026-09-02,2026-09-02,Express Courier,TRK-10285-7869,Delivered
7870,10286,2025-05-18 16:13:02,2025-05-22,2025-05-21,Express Courier,TRK-10286-7870,Delivered
7871,10288,2025-10-21 16:30:51,2025-10-25,2025-10-23,Standard Ground,TRK-10288-7871,Delivered
7872,10289,2026-01-26 11:55:23,2026-01-30,2026-01-31,Standard Ground,TRK-10289-7872,Delivered
7873,10291,2026-09-01 03:24:15,2026-09-05,,Next-Day Air,TRK-10291-7873,In Transit
7874,10292,2025-05-11 06:40:37,2025-05-15,2025-05-16,Express Courier,TRK-10292-7874,Delivered
7875,10293,2025-09-28 01:30:08,2025-10-02,2025-10-01,Standard Ground,TRK-10293-7875,Delivered
7876,10294,2025-12-20 13:38:13,2025-12-24,2025-12-25,Express Courier,TRK-10294-7876,Delivered
7877,10295,2025-06-06 16:26:48,2025-06-10,2025-06-09,Standard Ground,TRK-10295-7877,Delivered
7878,10297,2026-03-23 03:41:06,2026-03-27,2026-03-26,Next-Day Air,TRK-10297-7878,Delivered
7879,10299,2025-11-19 19:21:31,2025-11-23,2025-11-21,Standard Ground,TRK-10299-7879,Delivered
7880,10301,2026-07-23 07:37:21,2026-07-27,2026-07-27,Express Courier,TRK-10301-7880,Delivered
7881,10302,2026-08-05 02:57:14,2026-08-09,2026-08-08,Express Courier,TRK-10302-7881,Delivered
7882,10303,2026-08-09 02:14:01,2026-08-13,2026-08-14,Next-Day Air,TRK-10303-7882,Delivered
7883,10304,2025-03-09 14:27:50,2025-03-13,2025-03-14,Standard Ground,TRK-10304-7883,Delivered
7884,10305,2026-08-19 22:27:17,2026-08-23,2026-08-24,Express Courier,TRK-10305-7884,Delivered
7885,10309,2026-08-28 15:53:53,2026-09-01,,Next-Day Air,TRK-10309-7885,In Transit
7886,10310,2026-05-25 12:56:24,2026-05-29,2026-05-28,Next-Day Air,TRK-10310-7886,Delivered
7887,10311,2026-06-02 02:26:23,2026-06-06,,Standard Ground,TRK-10311-7887,In Transit
7888,10312,2025-01-14 07:16:57,2025-01-18,2025-01-18,Next-Day Air,TRK-10312-7888,Delivered
7889,10313,2026-04-17 04:48:46,2026-04-21,2026-04-21,Next-Day Air,TRK-10313-7889,Delivered
7890,10314,2025-12-01 05:42:38,2025-12-05,2025-12-06,Express Courier,TRK-10314-7890,Delivered
7891,10315,2025-12-01 03:57:51,2025-12-05,2025-12-04,Next-Day Air,TRK-10315-7891,Delivered
7892,10316,2026-07-01 01:01:21,2026-07-05,2026-07-05,Express Courier,TRK-10316-7892,Delivered
7893,10317,2026-08-16 13:22:59,2026-08-20,2026-08-18,Next-Day Air,TRK-10317-7893,Delivered
7894,10318,2025-07-23 05:07:04,2025-07-27,2025-07-27,Express Courier,TRK-10318-7894,Delivered
7895,10320,2026-04-11 15:47:28,2026-04-15,2026-04-13,Standard Ground,TRK-10320-7895,Delivered
7896,10322,2026-05-19 05:05:05,2026-05-23,2026-05-24,Express Courier,TRK-10322-7896,Delivered
7897,10323,2025-12-06 20:37:33,2025-12-10,2025-12-08,Express Courier,TRK-10323-7897,Delivered
7898,10325,2026-06-29 00:48:39,2026-07-03,2026-07-02,Next-Day Air,TRK-10325-7898,Delivered
7899,10326,2025-05-29 03:40:07,2025-06-02,2025-06-03,Standard Ground,TRK-10326-7899,Delivered
7900,10327,2025-05-07 16:35:25,2025-05-11,2025-05-11,Standard Ground,TRK-10327-7900,Delivered
7901,10328,2026-01-23 03:19:01,2026-01-27,2026-01-28,Next-Day Air,TRK-10328-7901,Delivered
7902,10330,2025-10-08 01:58:46,2025-10-12,,Next-Day Air,TRK-10330-7902,In Transit
7903,10331,2025-10-31 09:32:54,2025-11-04,2025-11-05,Next-Day Air,TRK-10331-7903,Delivered
7904,10332,2025-03-25 13:20:03,2025-03-29,2025-03-29,Standard Ground,TRK-10332-7904,Delivered
7905,10333,2026-09-01 23:53:08,2026-09-05,2026-09-05,Next-Day Air,TRK-10333-7905,Delivered
7906,10334,2024-12-01 07:36:37,2024-12-05,2024-12-03,Next-Day Air,TRK-10334-7906,Delivered
7907,10335,2026-04-30 13:35:12,2026-05-04,2026-05-03,Next-Day Air,TRK-10335-7907,Delivered
7908,10337,2025-09-10 06:19:47,2025-09-14,,Standard Ground,TRK-10337-7908,In Transit
7909,10340,2025-10-23 05:34:41,2025-10-27,2025-10-27,Standard Ground,TRK-10340-7909,Delivered
7910,10341,2026-08-15 06:52:15,2026-08-19,2026-08-18,Standard Ground,TRK-10341-7910,Delivered
7911,10342,2024-12-05 20:45:45,2024-12-09,2024-12-07,Standard Ground,TRK-10342-7911,Delivered
7912,10343,2025-02-09 11:43:21,2025-02-13,2025-02-12,Express Courier,TRK-10343-7912,Delivered
7913,10344,2025-06-10 22:17:02,2025-06-14,2025-06-12,Standard Ground,TRK-10344-7913,Delivered
7914,10345,2025-12-06 00:35:58,2025-12-10,2025-12-11,Express Courier,TRK-10345-7914,Delivered
7915,10346,2026-07-29 04:15:16,2026-08-02,2026-08-02,Next-Day Air,TRK-10346-7915,Delivered
7916,10349,2026-05-17 22:52:30,2026-05-21,2026-05-21,Express Courier,TRK-10349-7916,Delivered
7917,10352,2025-09-12 13:48:20,2025-09-16,,Express Courier,TRK-10352-7917,In Transit
7918,10354,2025-12-16 13:48:49,2025-12-20,2025-12-18,Standard Ground,TRK-10354-7918,Delivered
7919,10355,2024-09-03 13:55:35,2024-09-07,,Next-Day Air,TRK-10355-7919,In Transit
7920,10356,2025-12-10 19:42:01,2025-12-14,2025-12-15,Standard Ground,TRK-10356-7920,Delivered
7921,10357,2024-09-08 02:39:57,2024-09-12,2024-09-10,Standard Ground,TRK-10357-7921,Delivered
7922,10358,2026-08-13 01:49:50,2026-08-17,2026-08-18,Express Courier,TRK-10358-7922,Delivered
7923,10360,2025-10-25 23:19:29,2025-10-29,2025-10-28,Standard Ground,TRK-10360-7923,Delivered
7924,10361,2024-11-29 09:01:44,2024-12-03,2024-12-04,Express Courier,TRK-10361-7924,Delivered
7925,10362,2024-12-17 03:35:35,2024-12-21,2024-12-22,Next-Day Air,TRK-10362-7925,Delivered
7926,10363,2026-08-13 17:17:08,2026-08-17,2026-08-16,Standard Ground,TRK-10363-7926,Delivered
7927,10365,2026-09-01 08:13:37,2026-09-05,2026-09-03,Standard Ground,TRK-10365-7927,Delivered
7928,10366,2026-08-03 00:18:59,2026-08-07,,Express Courier,TRK-10366-7928,In Transit
7929,10367,2026-03-02 23:06:06,2026-03-06,,Next-Day Air,TRK-10367-7929,In Transit
7930,10368,2024-12-28 16:13:21,2025-01-01,2024-12-31,Next-Day Air,TRK-10368-7930,Delivered
7931,10369,2025-07-28 11:35:59,2025-08-01,2025-07-30,Express Courier,TRK-10369-7931,Delivered
7932,10373,2025-07-02 09:34:10,2025-07-06,2025-07-04,Next-Day Air,TRK-10373-7932,Delivered
7933,10374,2026-08-24 09:52:01,2026-08-28,2026-08-27,Next-Day Air,TRK-10374-7933,Delivered
7934,10375,2026-02-16 08:05:56,2026-02-20,2026-02-20,Express Courier,TRK-10375-7934,Delivered
7935,10376,2025-03-05 06:15:08,2025-03-09,2025-03-07,Standard Ground,TRK-10376-7935,Delivered
7936,10378,2024-06-18 19:43:03,2024-06-22,2024-06-23,Express Courier,TRK-10378-7936,Delivered
7937,10380,2024-08-24 18:53:29,2024-08-28,2024-08-27,Express Courier,TRK-10380-7937,Delivered
7938,10381,2026-01-28 03:05:55,2026-02-01,2026-02-02,Express Courier,TRK-10381-7938,Delivered
7939,10384,2026-03-31 06:28:34,2026-04-04,2026-04-03,Standard Ground,TRK-10384-7939,Delivered
7940,10385,2024-03-04 21:27:07,2024-03-08,2024-03-06,Express Courier,TRK-10385-7940,Delivered
7941,10386,2026-04-02 14:34:19,2026-04-06,2026-04-04,Next-Day Air,TRK-10386-7941,Delivered
7942,10387,2026-06-05 13:52:15,2026-06-09,2026-06-09,Next-Day Air,TRK-10387-7942,Delivered
7943,10388,2026-08-17 01:41:12,2026-08-21,2026-08-21,Next-Day Air,TRK-10388-7943,Delivered
7944,10390,2026-04-26 15:39:55,2026-04-30,2026-04-29,Express Courier,TRK-10390-7944,Delivered
7945,10391,2025-07-18 16:46:26,2025-07-22,2025-07-21,Standard Ground,TRK-10391-7945,Delivered
7946,10393,2025-04-16 11:50:49,2025-04-20,2025-04-21,Standard Ground,TRK-10393-7946,Delivered
7947,10394,2026-08-25 17:53:37,2026-08-29,2026-08-29,Next-Day Air,TRK-10394-7947,Delivered
7948,10395,2025-07-04 01:33:39,2025-07-08,2025-07-08,Express Courier,TRK-10395-7948,Delivered
7949,10396,2026-01-31 13:22:57,2026-02-04,2026-02-02,Next-Day Air,TRK-10396-7949,Delivered
7950,10398,2025-07-22 06:55:58,2025-07-26,2025-07-26,Next-Day Air,TRK-10398-7950,Delivered
7951,10399,2025-03-01 04:00:16,2025-03-05,2025-03-04,Express Courier,TRK-10399-7951,Delivered
7952,10400,2026-08-13 21:25:43,2026-08-17,2026-08-15,Standard Ground,TRK-10400-7952,Delivered
7953,10401,2023-11-16 03:41:04,2023-11-20,2023-11-19,Next-Day Air,TRK-10401-7953,Delivered
7954,10402,2025-11-21 00:31:01,2025-11-25,2025-11-24,Express Courier,TRK-10402-7954,Delivered
7955,10404,2025-07-13 08:14:50,2025-07-17,2025-07-17,Express Courier,TRK-10404-7955,Delivered
7956,10405,2026-07-21 11:40:48,2026-07-25,,Next-Day Air,TRK-10405-7956,In Transit
7957,10407,2026-08-22 09:20:07,2026-08-26,2026-08-27,Next-Day Air,TRK-10407-7957,Delivered
7958,10408,2025-02-26 09:41:35,2025-03-02,2025-03-01,Express Courier,TRK-10408-7958,Delivered
7959,10409,2025-07-09 05:42:32,2025-07-13,,Next-Day Air,TRK-10409-7959,In Transit
7960,10411,2026-09-02 05:06:35,2026-09-06,2026-09-05,Next-Day Air,TRK-10411-7960,Delivered
7961,10413,2025-10-22 03:21:04,2025-10-26,2025-10-24,Express Courier,TRK-10413-7961,Delivered
7962,10415,2026-03-19 00:28:10,2026-03-23,2026-03-22,Standard Ground,TRK-10415-7962,Delivered
7963,10416,2025-12-16 22:37:59,2025-12-20,2025-12-19,Next-Day Air,TRK-10416-7963,Delivered
7964,10417,2025-09-11 03:31:03,2025-09-15,2025-09-15,Standard Ground,TRK-10417-7964,Delivered
7965,10419,2026-01-07 15:24:40,2026-01-11,2026-01-12,Next-Day Air,TRK-10419-7965,Delivered
7966,10421,2025-03-25 03:21:26,2025-03-29,,Express Courier,TRK-10421-7966,In Transit
7967,10422,2024-08-29 10:56:12,2024-09-02,2024-09-01,Standard Ground,TRK-10422-7967,Delivered
7968,10423,2025-01-20 06:00:27,2025-01-24,2025-01-22,Express Courier,TRK-10423-7968,Delivered
7969,10424,2024-11-06 02:21:21,2024-11-10,2024-11-10,Next-Day Air,TRK-10424-7969,Delivered
7970,10425,2026-08-24 01:06:42,2026-08-28,2026-08-27,Standard Ground,TRK-10425-7970,Delivered
7971,10426,2025-02-23 04:31:25,2025-02-27,2025-02-28,Next-Day Air,TRK-10426-7971,Delivered
7972,10427,2024-06-14 23:34:35,2024-06-18,,Standard Ground,TRK-10427-7972,In Transit
7973,10428,2026-06-08 07:50:58,2026-06-12,2026-06-10,Express Courier,TRK-10428-7973,Delivered
7974,10430,2025-10-23 01:02:05,2025-10-27,2025-10-28,Standard Ground,TRK-10430-7974,Delivered
7975,10432,2025-09-01 17:11:53,2025-09-05,2025-09-04,Standard Ground,TRK-10432-7975,Delivered
7976,10433,2024-06-22 21:38:18,2024-06-26,2024-06-26,Express Courier,TRK-10433-7976,Delivered
7977,10434,2025-12-27 05:36:15,2025-12-31,,Next-Day Air,TRK-10434-7977,In Transit
7978,10436,2026-05-09 00:32:47,2026-05-13,2026-05-14,Next-Day Air,TRK-10436-7978,Delivered
7979,10438,2025-06-30 10:49:28,2025-07-04,2025-07-04,Next-Day Air,TRK-10438-7979,Delivered
7980,10439,2025-05-13 02:31:28,2025-05-17,2025-05-17,Standard Ground,TRK-10439-7980,Delivered
7981,10440,2026-08-01 04:25:14,2026-08-05,2026-08-05,Next-Day Air,TRK-10440-7981,Delivered
7982,10442,2026-04-20 12:33:17,2026-04-24,2026-04-22,Next-Day Air,TRK-10442-7982,Delivered
7983,10445,2026-05-29 17:50:48,2026-06-02,2026-06-03,Standard Ground,TRK-10445-7983,Delivered
7984,10447,2025-11-25 07:21:03,2025-11-29,,Standard Ground,TRK-10447-7984,In Transit
7985,10448,2024-09-30 02:49:10,2024-10-04,2024-10-05,Standard Ground,TRK-10448-7985,Delivered
7986,10450,2025-05-05 07:58:49,2025-05-09,,Standard Ground,TRK-10450-7986,In Transit
7987,10453,2026-08-25 14:12:04,2026-08-29,2026-08-29,Next-Day Air,TRK-10453-7987,Delivered
7988,10454,2026-06-22 18:28:41,2026-06-26,,Express Courier,TRK-10454-7988,In Transit
7989,10455,2025-04-26 16:12:56,2025-04-30,2025-05-01,Standard Ground,TRK-10455-7989,Delivered
7990,10457,2026-06-23 04:30:14,2026-06-27,2026-06-25,Standard Ground,TRK-10457-7990,Delivered
7991,10458,2026-08-16 00:44:36,2026-08-20,,Standard Ground,TRK-10458-7991,In Transit
7992,10459,2025-11-07 16:40:00,2025-11-11,2025-11-10,Express Courier,TRK-10459-7992,Delivered
7993,10461,2026-07-16 10:47:00,2026-07-20,,Express Courier,TRK-10461-7993,In Transit
7994,10463,2026-06-25 05:10:55,2026-06-29,,Express Courier,TRK-10463-7994,In Transit
7995,10464,2024-06-19 11:23:59,2024-06-23,2024-06-22,Standard Ground,TRK-10464-7995,Delivered
7996,10465,2023-10-26 21:12:10,2023-10-30,2023-10-30,Standard Ground,TRK-10465-7996,Delivered
7997,10466,2025-06-27 11:13:40,2025-07-01,2025-06-30,Next-Day Air,TRK-10466-7997,Delivered
7998,10467,2026-01-16 19:04:25,2026-01-20,2026-01-20,Express Courier,TRK-10467-7998,Delivered
7999,10469,2026-03-19 04:34:17,2026-03-23,2026-03-21,Standard Ground,TRK-10469-7999,Delivered
8000,10471,2026-04-15 10:08:19,2026-04-19,2026-04-18,Standard Ground,TRK-10471-8000,Delivered
8001,10472,2026-01-26 19:26:44,2026-01-30,2026-01-30,Next-Day Air,TRK-10472-8001,Delivered
8002,10473,2026-06-11 10:40:01,2026-06-15,2026-06-13,Express Courier,TRK-10473-8002,Delivered
8003,10474,2026-03-28 16:05:09,2026-04-01,2026-03-31,Standard Ground,TRK-10474-8003,Delivered
8004,10475,2026-06-29 10:07:57,2026-07-03,2026-07-02,Standard Ground,TRK-10475-8004,Delivered
8005,10476,2025-02-13 22:26:54,2025-02-17,2025-02-15,Express Courier,TRK-10476-8005,Delivered
8006,10477,2025-08-12 21:56:44,2025-08-16,2025-08-16,Next-Day Air,TRK-10477-8006,Delivered
8007,10478,2025-08-09 11:31:13,2025-08-13,2025-08-12,Express Courier,TRK-10478-8007,Delivered
8008,10479,2024-05-05 15:43:46,2024-05-09,2024-05-10,Next-Day Air,TRK-10479-8008,Delivered
8009,10480,2026-08-28 08:16:23,2026-09-01,2026-09-01,Next-Day Air,TRK-10480-8009,Delivered
8010,10483,2026-01-22 08:43:52,2026-01-26,2026-01-24,Next-Day Air,TRK-10483-8010,Delivered
8011,10485,2026-07-20 09:47:48,2026-07-24,2026-07-23,Next-Day Air,TRK-10485-8011,Delivered
8012,10486,2024-12-29 03:07:10,2025-01-02,2024-12-31,Standard Ground,TRK-10486-8012,Delivered
8013,10487,2024-09-04 11:59:48,2024-09-08,,Standard Ground,TRK-10487-8013,In Transit
8014,10488,2025-07-24 01:31:34,2025-07-28,2025-07-28,Express Courier,TRK-10488-8014,Delivered
8015,10490,2026-08-22 02:07:59,2026-08-26,2026-08-24,Standard Ground,TRK-10490-8015,Delivered
8016,10491,2025-01-14 00:15:56,2025-01-18,2025-01-17,Standard Ground,TRK-10491-8016,Delivered
8017,10493,2026-05-21 06:14:29,2026-05-25,2026-05-23,Next-Day Air,TRK-10493-8017,Delivered
8018,10494,2026-06-02 17:13:49,2026-06-06,,Next-Day Air,TRK-10494-8018,In Transit
8019,10496,2026-02-13 03:08:06,2026-02-17,2026-02-15,Express Courier,TRK-10496-8019,Delivered
8020,10497,2026-01-07 00:50:10,2026-01-11,2026-01-09,Next-Day Air,TRK-10497-8020,Delivered
8021,10498,2026-02-02 13:47:26,2026-02-06,2026-02-06,Next-Day Air,TRK-10498-8021,Delivered
8022,10499,2026-07-11 22:36:24,2026-07-15,,Express Courier,TRK-10499-8022,In Transit
8023,10501,2026-05-30 10:26:27,2026-06-03,2026-06-01,Standard Ground,TRK-10501-8023,Delivered
8024,10502,2026-02-22 18:18:38,2026-02-26,2026-02-25,Next-Day Air,TRK-10502-8024,Delivered
8025,10504,2025-03-07 08:42:45,2025-03-11,2025-03-12,Standard Ground,TRK-10504-8025,Delivered
8026,10505,2026-06-27 05:03:32,2026-07-01,2026-07-02,Next-Day Air,TRK-10505-8026,Delivered
8027,10506,2025-12-02 01:55:14,2025-12-06,,Next-Day Air,TRK-10506-8027,In Transit
8028,10507,2025-10-17 16:22:39,2025-10-21,2025-10-19,Express Courier,TRK-10507-8028,Delivered
8029,10508,2025-06-13 07:11:24,2025-06-17,,Express Courier,TRK-10508-8029,In Transit
8030,10510,2025-12-27 01:03:24,2025-12-31,2026-01-01,Next-Day Air,TRK-10510-8030,Delivered
8031,10511,2025-02-17 02:30:22,2025-02-21,,Next-Day Air,TRK-10511-8031,In Transit
8032,10512,2026-06-10 09:12:22,2026-06-14,2026-06-12,Next-Day Air,TRK-10512-8032,Delivered
8033,10513,2025-12-18 15:50:10,2025-12-22,2025-12-22,Express Courier,TRK-10513-8033,Delivered
8034,10514,2026-09-01 10:16:48,2026-09-05,,Express Courier,TRK-10514-8034,In Transit
8035,10515,2026-08-03 02:11:29,2026-08-07,2026-08-05,Standard Ground,TRK-10515-8035,Delivered
8036,10516,2025-08-14 07:04:27,2025-08-18,2025-08-16,Next-Day Air,TRK-10516-8036,Delivered
8037,10517,2026-09-03 13:59:36,2026-09-07,2026-09-05,Express Courier,TRK-10517-8037,Delivered
8038,10518,2026-05-31 03:49:00,2026-06-04,2026-06-02,Next-Day Air,TRK-10518-8038,Delivered
8039,10520,2026-08-31 03:20:45,2026-09-04,2026-09-04,Standard Ground,TRK-10520-8039,Delivered
8040,10521,2026-01-03 01:17:41,2026-01-07,,Standard Ground,TRK-10521-8040,In Transit
8041,10522,2026-08-07 03:12:00,2026-08-11,2026-08-12,Standard Ground,TRK-10522-8041,Delivered
8042,10523,2026-09-03 17:50:18,2026-09-07,2026-09-05,Next-Day Air,TRK-10523-8042,Delivered
8043,10525,2026-06-30 17:40:44,2026-07-04,2026-07-04,Next-Day Air,TRK-10525-8043,Delivered
8044,10526,2025-07-20 22:54:11,2025-07-24,2025-07-24,Express Courier,TRK-10526-8044,Delivered
8045,10527,2026-03-04 08:28:46,2026-03-08,2026-03-06,Standard Ground,TRK-10527-8045,Delivered
8046,10530,2025-01-27 01:08:27,2025-01-31,2025-01-30,Next-Day Air,TRK-10530-8046,Delivered
8047,10531,2026-01-15 04:58:58,2026-01-19,2026-01-19,Express Courier,TRK-10531-8047,Delivered
8048,10532,2026-06-20 06:36:07,2026-06-24,2026-06-22,Standard Ground,TRK-10532-8048,Delivered
8049,10533,2026-05-16 18:18:37,2026-05-20,2026-05-19,Next-Day Air,TRK-10533-8049,Delivered
8050,10534,2026-07-26 06:10:11,2026-07-30,2026-07-30,Next-Day Air,TRK-10534-8050,Delivered
8051,10535,2025-08-28 09:45:50,2025-09-01,,Express Courier,TRK-10535-8051,In Transit
8052,10537,2026-06-01 19:37:28,2026-06-05,,Standard Ground,TRK-10537-8052,In Transit
8053,10540,2026-06-04 06:13:36,2026-06-08,2026-06-09,Standard Ground,TRK-10540-8053,Delivered
8054,10541,2026-03-22 17:02:54,2026-03-26,2026-03-25,Next-Day Air,TRK-10541-8054,Delivered
8055,10542,2025-11-25 09:06:20,2025-11-29,,Next-Day Air,TRK-10542-8055,In Transit
8056,10545,2026-06-24 21:26:33,2026-06-28,2026-06-29,Standard Ground,TRK-10545-8056,Delivered
8057,10546,2025-06-06 21:13:46,2025-06-10,2025-06-11,Standard Ground,TRK-10546-8057,Delivered
8058,10547,2026-09-02 16:42:32,2026-09-06,,Next-Day Air,TRK-10547-8058,In Transit
8059,10548,2025-02-04 18:32:23,2025-02-08,2025-02-06,Standard Ground,TRK-10548-8059,Delivered
8060,10550,2025-12-12 04:06:15,2025-12-16,2025-12-15,Express Courier,TRK-10550-8060,Delivered
8061,10551,2025-02-01 23:42:06,2025-02-05,2025-02-03,Express Courier,TRK-10551-8061,Delivered
8062,10552,2026-06-13 19:51:55,2026-06-17,,Express Courier,TRK-10552-8062,In Transit
8063,10553,2025-06-17 00:48:59,2025-06-21,2025-06-22,Next-Day Air,TRK-10553-8063,Delivered
8064,10555,2026-08-24 09:47:23,2026-08-28,2026-08-28,Next-Day Air,TRK-10555-8064,Delivered
8065,10556,2024-12-18 01:56:09,2024-12-22,2024-12-22,Express Courier,TRK-10556-8065,Delivered
8066,10557,2024-08-22 21:35:44,2024-08-26,2024-08-26,Standard Ground,TRK-10557-8066,Delivered
8067,10558,2025-08-15 07:34:52,2025-08-19,2025-08-17,Express Courier,TRK-10558-8067,Delivered
8068,10559,2026-08-27 09:53:13,2026-08-31,2026-09-01,Express Courier,TRK-10559-8068,Delivered
8069,10560,2024-04-30 07:45:42,2024-05-04,2024-05-04,Standard Ground,TRK-10560-8069,Delivered
8070,10563,2026-05-23 09:16:48,2026-05-27,2026-05-26,Express Courier,TRK-10563-8070,Delivered
8071,10565,2026-04-10 08:41:22,2026-04-14,,Standard Ground,TRK-10565-8071,In Transit
8072,10566,2025-03-13 13:28:28,2025-03-17,2025-03-18,Express Courier,TRK-10566-8072,Delivered
8073,10567,2025-04-24 20:30:54,2025-04-28,2025-04-29,Express Courier,TRK-10567-8073,Delivered
8074,10569,2026-07-06 20:03:16,2026-07-10,,Express Courier,TRK-10569-8074,In Transit
8075,10572,2026-06-08 11:42:02,2026-06-12,2026-06-12,Express Courier,TRK-10572-8075,Delivered
8076,10574,2026-07-22 20:44:56,2026-07-26,2026-07-24,Next-Day Air,TRK-10574-8076,Delivered
8077,10576,2025-06-26 11:07:12,2025-06-30,2025-06-30,Standard Ground,TRK-10576-8077,Delivered
8078,10577,2026-09-02 16:06:59,2026-09-06,,Next-Day Air,TRK-10577-8078,In Transit
8079,10578,2026-08-16 12:31:38,2026-08-20,2026-08-21,Express Courier,TRK-10578-8079,Delivered
8080,10579,2025-09-11 21:39:47,2025-09-15,2025-09-14,Standard Ground,TRK-10579-8080,Delivered
8081,10580,2026-03-25 00:18:51,2026-03-29,,Next-Day Air,TRK-10580-8081,In Transit
8082,10581,2025-11-05 12:54:07,2025-11-09,2025-11-07,Standard Ground,TRK-10581-8082,Delivered
8083,10582,2026-03-02 00:26:29,2026-03-06,2026-03-05,Express Courier,TRK-10582-8083,Delivered
8084,10583,2025-08-03 17:55:43,2025-08-07,2025-08-08,Next-Day Air,TRK-10583-8084,Delivered
8085,10584,2025-05-22 14:41:41,2025-05-26,2025-05-24,Express Courier,TRK-10584-8085,Delivered
8086,10585,2026-08-22 22:55:47,2026-08-26,2026-08-24,Express Courier,TRK-10585-8086,Delivered
8087,10587,2026-01-05 13:47:07,2026-01-09,,Express Courier,TRK-10587-8087,In Transit
8088,10588,2024-07-07 03:02:21,2024-07-11,,Express Courier,TRK-10588-8088,In Transit
8089,10590,2026-06-02 11:57:38,2026-06-06,2026-06-07,Express Courier,TRK-10590-8089,Delivered
8090,10591,2026-06-15 16:14:19,2026-06-19,2026-06-19,Standard Ground,TRK-10591-8090,Delivered
8091,10593,2025-11-23 09:54:52,2025-11-27,2025-11-27,Standard Ground,TRK-10593-8091,Delivered
8092,10595,2024-03-14 16:07:34,2024-03-18,2024-03-16,Express Courier,TRK-10595-8092,Delivered
8093,10596,2025-10-16 18:17:24,2025-10-20,2025-10-18,Standard Ground,TRK-10596-8093,Delivered
8094,10597,2025-04-27 23:13:47,2025-05-01,2025-04-30,Standard Ground,TRK-10597-8094,Delivered
8095,10598,2026-04-30 17:45:42,2026-05-04,2026-05-04,Next-Day Air,TRK-10598-8095,Delivered
8096,10600,2026-07-01 23:34:47,2026-07-05,2026-07-03,Next-Day Air,TRK-10600-8096,Delivered
8097,10601,2026-02-16 23:24:29,2026-02-20,2026-02-19,Express Courier,TRK-10601-8097,Delivered
8098,10602,2026-08-20 12:20:33,2026-08-24,,Standard Ground,TRK-10602-8098,In Transit
8099,10603,2025-05-07 03:53:31,2025-05-11,2025-05-12,Next-Day Air,TRK-10603-8099,Delivered
8100,10604,2026-07-17 22:04:16,2026-07-21,2026-07-20,Standard Ground,TRK-10604-8100,Delivered
8101,10605,2026-03-21 22:01:44,2026-03-25,2026-03-24,Next-Day Air,TRK-10605-8101,Delivered
8102,10606,2025-09-03 21:01:03,2025-09-07,2025-09-05,Standard Ground,TRK-10606-8102,Delivered
8103,10607,2025-12-02 02:50:55,2025-12-06,,Next-Day Air,TRK-10607-8103,In Transit
8104,10608,2025-09-18 09:37:15,2025-09-22,2025-09-20,Next-Day Air,TRK-10608-8104,Delivered
8105,10609,2026-08-14 10:29:29,2026-08-18,,Express Courier,TRK-10609-8105,In Transit
8106,10610,2026-06-28 22:56:38,2026-07-02,2026-06-30,Express Courier,TRK-10610-8106,Delivered
8107,10613,2026-02-27 01:47:11,2026-03-03,2026-03-04,Next-Day Air,TRK-10613-8107,Delivered
8108,10614,2025-08-24 03:24:03,2025-08-28,2025-08-27,Next-Day Air,TRK-10614-8108,Delivered
8109,10615,2026-06-05 11:26:51,2026-06-09,2026-06-09,Express Courier,TRK-10615-8109,Delivered
8110,10616,2026-08-07 07:56:41,2026-08-11,2026-08-09,Express Courier,TRK-10616-8110,Delivered
8111,10618,2026-08-19 00:41:41,2026-08-23,2026-08-21,Next-Day Air,TRK-10618-8111,Delivered
8112,10619,2025-05-05 22:04:18,2025-05-09,2025-05-09,Express Courier,TRK-10619-8112,Delivered
8113,10620,2024-05-09 21:48:52,2024-05-13,,Express Courier,TRK-10620-8113,In Transit
8114,10621,2026-02-10 08:05:23,2026-02-14,2026-02-12,Express Courier,TRK-10621-8114,Delivered
8115,10622,2025-07-27 13:36:10,2025-07-31,2025-08-01,Next-Day Air,TRK-10622-8115,Delivered
8116,10623,2024-12-03 20:13:58,2024-12-07,2024-12-08,Next-Day Air,TRK-10623-8116,Delivered
8117,10624,2026-05-17 00:03:03,2026-05-21,2026-05-21,Express Courier,TRK-10624-8117,Delivered
8118,10625,2026-04-25 17:17:11,2026-04-29,2026-04-28,Standard Ground,TRK-10625-8118,Delivered
8119,10626,2024-12-11 08:57:52,2024-12-15,2024-12-15,Standard Ground,TRK-10626-8119,Delivered
8120,10627,2026-07-09 14:37:10,2026-07-13,2026-07-13,Next-Day Air,TRK-10627-8120,Delivered
8121,10630,2026-01-10 00:37:23,2026-01-14,2026-01-13,Next-Day Air,TRK-10630-8121,Delivered
8122,10631,2026-05-14 19:22:30,2026-05-18,2026-05-19,Next-Day Air,TRK-10631-8122,Delivered
8123,10634,2026-08-26 16:20:07,2026-08-30,2026-08-30,Express Courier,TRK-10634-8123,Delivered
8124,10635,2026-05-06 07:01:55,2026-05-10,2026-05-08,Express Courier,TRK-10635-8124,Delivered
8125,10636,2024-05-22 12:04:29,2024-05-26,2024-05-25,Standard Ground,TRK-10636-8125,Delivered
8126,10637,2026-02-05 06:05:03,2026-02-09,,Standard Ground,TRK-10637-8126,In Transit
8127,10638,2024-01-12 15:51:50,2024-01-16,2024-01-14,Next-Day Air,TRK-10638-8127,Delivered
8128,10639,2025-06-14 17:42:46,2025-06-18,,Express Courier,TRK-10639-8128,In Transit
8129,10640,2026-08-26 08:21:03,2026-08-30,2026-08-29,Express Courier,TRK-10640-8129,Delivered
8130,10641,2026-07-18 06:20:43,2026-07-22,,Express Courier,TRK-10641-8130,In Transit
8131,10642,2024-02-18 18:03:04,2024-02-22,2024-02-23,Next-Day Air,TRK-10642-8131,Delivered
8132,10643,2026-07-08 22:26:32,2026-07-12,2026-07-11,Standard Ground,TRK-10643-8132,Delivered
8133,10644,2026-06-24 06:54:34,2026-06-28,,Express Courier,TRK-10644-8133,In Transit
8134,10645,2025-10-04 15:12:36,2025-10-08,,Express Courier,TRK-10645-8134,In Transit
8135,10646,2025-09-02 11:48:10,2025-09-06,2025-09-07,Next-Day Air,TRK-10646-8135,Delivered
8136,10647,2026-08-01 14:29:02,2026-08-05,2026-08-03,Standard Ground,TRK-10647-8136,Delivered
8137,10648,2026-03-22 13:46:37,2026-03-26,2026-03-25,Express Courier,TRK-10648-8137,Delivered
8138,10649,2026-08-07 14:50:57,2026-08-11,,Standard Ground,TRK-10649-8138,In Transit
8139,10650,2026-09-02 12:09:05,2026-09-06,2026-09-06,Express Courier,TRK-10650-8139,Delivered
8140,10653,2026-08-21 23:03:39,2026-08-25,2026-08-24,Express Courier,TRK-10653-8140,Delivered
8141,10654,2026-01-10 23:28:52,2026-01-14,2026-01-12,Standard Ground,TRK-10654-8141,Delivered
8142,10659,2025-02-04 10:44:12,2025-02-08,2025-02-08,Standard Ground,TRK-10659-8142,Delivered
8143,10660,2026-08-27 02:21:39,2026-08-31,2026-08-30,Standard Ground,TRK-10660-8143,Delivered
8144,10661,2025-08-24 17:33:32,2025-08-28,2025-08-28,Standard Ground,TRK-10661-8144,Delivered
8145,10662,2026-07-02 08:23:35,2026-07-06,,Standard Ground,TRK-10662-8145,In Transit
8146,10663,2026-03-03 15:51:36,2026-03-07,2026-03-07,Standard Ground,TRK-10663-8146,Delivered
8147,10664,2025-10-13 04:42:55,2025-10-17,2025-10-16,Express Courier,TRK-10664-8147,Delivered
8148,10666,2026-05-07 21:55:25,2026-05-11,2026-05-09,Express Courier,TRK-10666-8148,Delivered
8149,10667,2025-06-18 12:57:17,2025-06-22,2025-06-20,Next-Day Air,TRK-10667-8149,Delivered
8150,10668,2026-07-02 10:36:51,2026-07-06,2026-07-05,Standard Ground,TRK-10668-8150,Delivered
8151,10669,2026-01-26 09:44:00,2026-01-30,2026-01-31,Next-Day Air,TRK-10669-8151,Delivered
8152,10670,2026-06-29 13:01:09,2026-07-03,2026-07-04,Next-Day Air,TRK-10670-8152,Delivered
8153,10671,2026-01-25 15:35:54,2026-01-29,,Express Courier,TRK-10671-8153,In Transit
8154,10673,2026-04-11 14:40:12,2026-04-15,2026-04-13,Express Courier,TRK-10673-8154,Delivered
8155,10674,2024-11-03 08:43:42,2024-11-07,2024-11-08,Express Courier,TRK-10674-8155,Delivered
8156,10675,2026-08-28 14:38:14,2026-09-01,2026-08-30,Standard Ground,TRK-10675-8156,Delivered
8157,10676,2025-05-29 16:20:50,2025-06-02,2025-06-03,Standard Ground,TRK-10676-8157,Delivered
8158,10677,2025-06-08 06:56:55,2025-06-12,2025-06-12,Next-Day Air,TRK-10677-8158,Delivered
8159,10678,2025-02-11 20:46:58,2025-02-15,,Next-Day Air,TRK-10678-8159,In Transit
8160,10680,2026-02-05 22:35:41,2026-02-09,2026-02-09,Standard Ground,TRK-10680-8160,Delivered
8161,10681,2026-05-02 06:30:28,2026-05-06,2026-05-04,Standard Ground,TRK-10681-8161,Delivered
8162,10682,2026-03-19 16:24:39,2026-03-23,,Standard Ground,TRK-10682-8162,In Transit
8163,10683,2024-08-16 08:10:39,2024-08-20,2024-08-18,Standard Ground,TRK-10683-8163,Delivered
8164,10684,2026-04-29 08:41:58,2026-05-03,,Next-Day Air,TRK-10684-8164,In Transit
8165,10685,2026-05-13 19:12:55,2026-05-17,2026-05-16,Standard Ground,TRK-10685-8165,Delivered
8166,10687,2026-06-28 14:35:41,2026-07-02,2026-07-03,Express Courier,TRK-10687-8166,Delivered
8167,10688,2025-03-05 12:58:13,2025-03-09,2025-03-08,Express Courier,TRK-10688-8167,Delivered
8168,10689,2026-07-18 13:49:11,2026-07-22,2026-07-22,Next-Day Air,TRK-10689-8168,Delivered
8169,10690,2025-07-13 17:35:02,2025-07-17,2025-07-18,Next-Day Air,TRK-10690-8169,Delivered
8170,10692,2025-10-25 04:47:51,2025-10-29,,Next-Day Air,TRK-10692-8170,In Transit
8171,10697,2025-01-24 22:05:33,2025-01-28,2025-01-28,Standard Ground,TRK-10697-8171,Delivered
8172,10699,2025-12-11 12:34:25,2025-12-15,2025-12-13,Standard Ground,TRK-10699-8172,Delivered
8173,10700,2026-04-27 23:40:17,2026-05-01,2026-05-02,Express Courier,TRK-10700-8173,Delivered
8174,10702,2026-02-09 08:46:47,2026-02-13,2026-02-12,Next-Day Air,TRK-10702-8174,Delivered
8175,10704,2024-03-14 14:36:45,2024-03-18,,Next-Day Air,TRK-10704-8175,In Transit
8176,10705,2025-09-09 10:27:36,2025-09-13,,Express Courier,TRK-10705-8176,In Transit
8177,10706,2026-05-28 18:03:01,2026-06-01,2026-05-31,Express Courier,TRK-10706-8177,Delivered
8178,10707,2026-07-03 20:50:04,2026-07-07,2026-07-08,Express Courier,TRK-10707-8178,Delivered
8179,10708,2026-03-02 11:24:06,2026-03-06,,Express Courier,TRK-10708-8179,In Transit
8180,10709,2025-08-27 21:47:02,2025-08-31,2025-08-30,Standard Ground,TRK-10709-8180,Delivered
8181,10710,2025-07-01 03:41:12,2025-07-05,,Next-Day Air,TRK-10710-8181,In Transit
8182,10711,2025-04-23 08:55:06,2025-04-27,2025-04-25,Express Courier,TRK-10711-8182,Delivered
8183,10712,2026-07-11 09:49:39,2026-07-15,2026-07-13,Standard Ground,TRK-10712-8183,Delivered
8184,10713,2025-02-25 23:22:57,2025-03-01,2025-02-28,Next-Day Air,TRK-10713-8184,Delivered
8185,10714,2026-08-30 06:20:23,2026-09-03,2026-09-04,Standard Ground,TRK-10714-8185,Delivered
8186,10715,2026-07-09 01:15:13,2026-07-13,,Next-Day Air,TRK-10715-8186,In Transit
8187,10716,2026-02-11 10:30:28,2026-02-15,2026-02-14,Standard Ground,TRK-10716-8187,Delivered
8188,10717,2026-05-11 03:27:43,2026-05-15,2026-05-15,Next-Day Air,TRK-10717-8188,Delivered
8189,10718,2025-02-09 02:09:00,2025-02-13,2025-02-12,Express Courier,TRK-10718-8189,Delivered
8190,10719,2024-10-10 23:12:25,2024-10-14,2024-10-15,Standard Ground,TRK-10719-8190,Delivered
8191,10720,2024-08-04 11:01:15,2024-08-08,2024-08-09,Express Courier,TRK-10720-8191,Delivered
8192,10721,2025-11-12 15:58:37,2025-11-16,2025-11-16,Standard Ground,TRK-10721-8192,Delivered
8193,10723,2026-04-20 10:05:58,2026-04-24,,Standard Ground,TRK-10723-8193,In Transit
8194,10726,2026-03-09 04:21:19,2026-03-13,2026-03-12,Express Courier,TRK-10726-8194,Delivered
8195,10727,2026-06-20 22:50:18,2026-06-24,2026-06-25,Express Courier,TRK-10727-8195,Delivered
8196,10728,2026-05-27 07:56:38,2026-05-31,2026-05-31,Standard Ground,TRK-10728-8196,Delivered
8197,10729,2026-03-26 00:11:01,2026-03-30,2026-03-30,Next-Day Air,TRK-10729-8197,Delivered
8198,10730,2025-02-17 00:59:21,2025-02-21,2025-02-21,Next-Day Air,TRK-10730-8198,Delivered
8199,10731,2024-08-23 23:37:24,2024-08-27,,Express Courier,TRK-10731-8199,In Transit
8200,10732,2026-04-27 08:33:33,2026-05-01,2026-04-30,Standard Ground,TRK-10732-8200,Delivered
8201,10733,2024-08-22 16:24:25,2024-08-26,2024-08-24,Next-Day Air,TRK-10733-8201,Delivered
8202,10735,2025-11-18 22:32:38,2025-11-22,2025-11-23,Next-Day Air,TRK-10735-8202,Delivered
8203,10736,2025-12-10 21:29:18,2025-12-14,2025-12-13,Express Courier,TRK-10736-8203,Delivered
8204,10737,2026-06-28 00:21:57,2026-07-02,,Next-Day Air,TRK-10737-8204,In Transit
8205,10738,2026-08-28 00:50:11,2026-09-01,2026-09-02,Express Courier,TRK-10738-8205,Delivered
8206,10741,2026-08-25 04:52:55,2026-08-29,,Standard Ground,TRK-10741-8206,In Transit
8207,10742,2025-10-26 05:46:42,2025-10-30,2025-10-29,Express Courier,TRK-10742-8207,Delivered
8208,10743,2026-08-18 16:06:18,2026-08-22,2026-08-20,Express Courier,TRK-10743-8208,Delivered
8209,10744,2026-07-26 21:21:39,2026-07-30,,Next-Day Air,TRK-10744-8209,In Transit
8210,10745,2026-07-10 07:58:19,2026-07-14,2026-07-14,Next-Day Air,TRK-10745-8210,Delivered
8211,10746,2025-05-14 05:48:32,2025-05-18,,Standard Ground,TRK-10746-8211,In Transit
8212,10747,2024-05-18 11:50:22,2024-05-22,2024-05-23,Express Courier,TRK-10747-8212,Delivered
8213,10748,2026-06-19 15:57:27,2026-06-23,2026-06-23,Standard Ground,TRK-10748-8213,Delivered
8214,10751,2026-02-05 03:57:08,2026-02-09,2026-02-08,Next-Day Air,TRK-10751-8214,Delivered
8215,10752,2025-06-03 10:57:52,2025-06-07,2025-06-07,Standard Ground,TRK-10752-8215,Delivered
8216,10753,2026-02-19 14:41:14,2026-02-23,,Standard Ground,TRK-10753-8216,In Transit
8217,10754,2026-02-16 03:34:37,2026-02-20,2026-02-20,Next-Day Air,TRK-10754-8217,Delivered
8218,10756,2026-07-15 19:46:59,2026-07-19,2026-07-20,Standard Ground,TRK-10756-8218,Delivered
8219,10757,2026-02-22 01:21:08,2026-02-26,2026-02-27,Next-Day Air,TRK-10757-8219,Delivered
8220,10759,2026-07-19 14:52:46,2026-07-23,2026-07-23,Standard Ground,TRK-10759-8220,Delivered
8221,10760,2026-04-01 19:00:46,2026-04-05,,Express Courier,TRK-10760-8221,In Transit
8222,10761,2024-09-16 10:03:03,2024-09-20,2024-09-21,Standard Ground,TRK-10761-8222,Delivered
8223,10762,2025-10-12 04:28:55,2025-10-16,2025-10-17,Next-Day Air,TRK-10762-8223,Delivered
8224,10763,2026-03-29 17:19:02,2026-04-02,2026-04-03,Express Courier,TRK-10763-8224,Delivered
8225,10764,2026-08-20 12:16:27,2026-08-24,2026-08-24,Standard Ground,TRK-10764-8225,Delivered
8226,10765,2026-08-21 05:57:20,2026-08-25,2026-08-24,Standard Ground,TRK-10765-8226,Delivered
8227,10766,2025-05-31 23:08:49,2025-06-04,2025-06-04,Express Courier,TRK-10766-8227,Delivered
8228,10767,2024-02-10 13:20:08,2024-02-14,,Standard Ground,TRK-10767-8228,In Transit
8229,10768,2025-05-17 21:19:46,2025-05-21,2025-05-20,Next-Day Air,TRK-10768-8229,Delivered
8230,10769,2024-04-13 15:32:06,2024-04-17,2024-04-18,Next-Day Air,TRK-10769-8230,Delivered
8231,10772,2024-05-03 07:59:09,2024-05-07,2024-05-05,Express Courier,TRK-10772-8231,Delivered
8232,10773,2026-03-25 19:01:29,2026-03-29,2026-03-30,Next-Day Air,TRK-10773-8232,Delivered
8233,10774,2025-09-06 08:57:00,2025-09-10,,Express Courier,TRK-10774-8233,In Transit
8234,10775,2026-07-06 23:48:32,2026-07-10,2026-07-09,Standard Ground,TRK-10775-8234,Delivered
8235,10776,2025-03-01 19:12:29,2025-03-05,2025-03-05,Express Courier,TRK-10776-8235,Delivered
8236,10777,2026-05-28 12:48:16,2026-06-01,2026-05-30,Standard Ground,TRK-10777-8236,Delivered
8237,10778,2026-08-19 01:00:39,2026-08-23,2026-08-22,Next-Day Air,TRK-10778-8237,Delivered
8238,10780,2026-08-22 15:10:17,2026-08-26,2026-08-27,Express Courier,TRK-10780-8238,Delivered
8239,10782,2024-12-16 04:30:39,2024-12-20,2024-12-19,Standard Ground,TRK-10782-8239,Delivered
8240,10784,2026-07-01 08:30:46,2026-07-05,2026-07-06,Next-Day Air,TRK-10784-8240,Delivered
8241,10786,2026-05-27 15:45:07,2026-05-31,2026-05-30,Standard Ground,TRK-10786-8241,Delivered
8242,10788,2025-07-23 04:57:56,2025-07-27,2025-07-27,Standard Ground,TRK-10788-8242,Delivered
8243,10789,2026-01-15 06:30:17,2026-01-19,2026-01-17,Standard Ground,TRK-10789-8243,Delivered
8244,10790,2026-05-09 02:50:31,2026-05-13,2026-05-11,Standard Ground,TRK-10790-8244,Delivered
8245,10793,2024-04-30 00:46:15,2024-05-04,2024-05-03,Standard Ground,TRK-10793-8245,Delivered
8246,10794,2025-07-30 01:09:56,2025-08-03,2025-08-03,Express Courier,TRK-10794-8246,Delivered
8247,10795,2025-11-30 16:21:02,2025-12-04,2025-12-05,Standard Ground,TRK-10795-8247,Delivered
8248,10797,2026-06-23 01:59:12,2026-06-27,2026-06-28,Standard Ground,TRK-10797-8248,Delivered
8249,10799,2026-07-18 23:14:35,2026-07-22,2026-07-22,Next-Day Air,TRK-10799-8249,Delivered
8250,10800,2026-03-13 17:23:35,2026-03-17,,Standard Ground,TRK-10800-8250,In Transit
8251,10802,2025-04-15 01:49:37,2025-04-19,2025-04-17,Express Courier,TRK-10802-8251,Delivered
8252,10803,2026-08-21 08:30:11,2026-08-25,2026-08-25,Next-Day Air,TRK-10803-8252,Delivered
8253,10804,2025-12-10 06:18:08,2025-12-14,2025-12-12,Standard Ground,TRK-10804-8253,Delivered
8254,10805,2026-07-14 18:54:48,2026-07-18,2026-07-19,Standard Ground,TRK-10805-8254,Delivered
8255,10806,2025-09-15 00:41:25,2025-09-19,2025-09-18,Express Courier,TRK-10806-8255,Delivered
8256,10807,2026-08-11 17:04:59,2026-08-15,2026-08-15,Express Courier,TRK-10807-8256,Delivered
8257,10811,2025-10-14 14:11:18,2025-10-18,,Express Courier,TRK-10811-8257,In Transit
8258,10813,2025-11-30 10:55:13,2025-12-04,2025-12-02,Express Courier,TRK-10813-8258,Delivered
8259,10814,2026-07-08 20:12:31,2026-07-12,2026-07-11,Express Courier,TRK-10814-8259,Delivered
8260,10815,2026-05-02 12:03:13,2026-05-06,2026-05-05,Express Courier,TRK-10815-8260,Delivered
8261,10816,2026-05-02 04:35:12,2026-05-06,2026-05-05,Express Courier,TRK-10816-8261,Delivered
8262,10817,2026-05-12 11:20:05,2026-05-16,,Next-Day Air,TRK-10817-8262,In Transit
8263,10818,2024-09-10 04:20:31,2024-09-14,2024-09-15,Next-Day Air,TRK-10818-8263,Delivered
8264,10819,2026-04-19 19:41:30,2026-04-23,2026-04-24,Standard Ground,TRK-10819-8264,Delivered
8265,10820,2025-04-30 22:55:22,2025-05-04,2025-05-05,Standard Ground,TRK-10820-8265,Delivered
8266,10821,2026-08-08 20:09:00,2026-08-12,2026-08-11,Standard Ground,TRK-10821-8266,Delivered
8267,10822,2025-06-21 14:02:57,2025-06-25,2025-06-24,Standard Ground,TRK-10822-8267,Delivered
8268,10823,2026-01-13 10:39:13,2026-01-17,2026-01-16,Standard Ground,TRK-10823-8268,Delivered
8269,10824,2025-12-13 18:18:58,2025-12-17,2025-12-16,Next-Day Air,TRK-10824-8269,Delivered
8270,10825,2025-09-11 17:51:08,2025-09-15,2025-09-14,Express Courier,TRK-10825-8270,Delivered
8271,10828,2024-05-15 10:26:22,2024-05-19,2024-05-17,Express Courier,TRK-10828-8271,Delivered
8272,10829,2025-12-13 07:01:00,2025-12-17,,Standard Ground,TRK-10829-8272,In Transit
8273,10830,2025-05-25 13:31:50,2025-05-29,2025-05-30,Standard Ground,TRK-10830-8273,Delivered
8274,10831,2026-09-02 11:33:20,2026-09-06,2026-09-04,Express Courier,TRK-10831-8274,Delivered
8275,10832,2026-08-27 17:34:00,2026-08-31,,Next-Day Air,TRK-10832-8275,In Transit
8276,10833,2026-08-17 00:40:07,2026-08-21,2026-08-19,Next-Day Air,TRK-10833-8276,Delivered
8277,10834,2026-01-20 20:30:31,2026-01-24,,Next-Day Air,TRK-10834-8277,In Transit
8278,10835,2026-01-20 18:06:07,2026-01-24,2026-01-25,Express Courier,TRK-10835-8278,Delivered
8279,10836,2025-06-20 12:40:17,2025-06-24,2025-06-23,Standard Ground,TRK-10836-8279,Delivered
8280,10837,2026-02-21 08:33:54,2026-02-25,2026-02-23,Next-Day Air,TRK-10837-8280,Delivered
8281,10838,2026-07-08 23:35:19,2026-07-12,2026-07-10,Next-Day Air,TRK-10838-8281,Delivered
8282,10840,2026-08-06 01:53:57,2026-08-10,,Express Courier,TRK-10840-8282,In Transit
8283,10841,2025-11-27 22:24:34,2025-12-01,2025-11-29,Express Courier,TRK-10841-8283,Delivered
8284,10842,2024-09-30 11:48:04,2024-10-04,2024-10-02,Next-Day Air,TRK-10842-8284,Delivered
8285,10844,2024-11-03 23:50:49,2024-11-07,,Standard Ground,TRK-10844-8285,In Transit
8286,10846,2026-01-20 05:22:09,2026-01-24,2026-01-22,Standard Ground,TRK-10846-8286,Delivered
8287,10849,2026-03-05 15:18:32,2026-03-09,2026-03-08,Next-Day Air,TRK-10849-8287,Delivered
8288,10850,2025-06-03 10:10:42,2025-06-07,2025-06-06,Next-Day Air,TRK-10850-8288,Delivered
8289,10851,2026-02-10 12:36:20,2026-02-14,,Next-Day Air,TRK-10851-8289,In Transit
8290,10852,2026-01-20 12:34:40,2026-01-24,2026-01-24,Next-Day Air,TRK-10852-8290,Delivered
8291,10854,2024-12-09 18:52:05,2024-12-13,2024-12-13,Standard Ground,TRK-10854-8291,Delivered
8292,10855,2024-12-27 06:35:28,2024-12-31,2024-12-30,Standard Ground,TRK-10855-8292,Delivered
8293,10856,2026-07-15 05:19:22,2026-07-19,,Standard Ground,TRK-10856-8293,In Transit
8294,10857,2026-01-19 01:10:19,2026-01-23,2026-01-23,Standard Ground,TRK-10857-8294,Delivered
8295,10858,2026-05-18 01:34:10,2026-05-22,2026-05-20,Standard Ground,TRK-10858-8295,Delivered
8296,10859,2024-07-04 01:09:59,2024-07-08,,Next-Day Air,TRK-10859-8296,In Transit
8297,10860,2025-11-08 08:09:47,2025-11-12,,Standard Ground,TRK-10860-8297,In Transit
8298,10861,2026-05-22 20:15:27,2026-05-26,2026-05-24,Next-Day Air,TRK-10861-8298,Delivered
8299,10862,2026-07-08 17:58:37,2026-07-12,2026-07-11,Next-Day Air,TRK-10862-8299,Delivered
8300,10863,2026-07-22 20:39:12,2026-07-26,2026-07-25,Next-Day Air,TRK-10863-8300,Delivered
8301,10864,2026-07-27 10:59:54,2026-07-31,2026-07-29,Express Courier,TRK-10864-8301,Delivered
8302,10866,2024-04-18 07:12:32,2024-04-22,,Standard Ground,TRK-10866-8302,In Transit
8303,10867,2026-01-26 18:40:22,2026-01-30,2026-01-31,Standard Ground,TRK-10867-8303,Delivered
8304,10870,2026-08-02 01:32:34,2026-08-06,2026-08-06,Standard Ground,TRK-10870-8304,Delivered
8305,10871,2026-04-15 06:01:05,2026-04-19,2026-04-19,Next-Day Air,TRK-10871-8305,Delivered
8306,10872,2026-05-11 15:22:30,2026-05-15,2026-05-16,Next-Day Air,TRK-10872-8306,Delivered
8307,10873,2025-07-05 16:27:00,2025-07-09,2025-07-09,Standard Ground,TRK-10873-8307,Delivered
8308,10874,2024-08-13 17:09:08,2024-08-17,2024-08-17,Standard Ground,TRK-10874-8308,Delivered
8309,10875,2025-12-03 05:40:31,2025-12-07,2025-12-07,Express Courier,TRK-10875-8309,Delivered
8310,10877,2026-08-26 14:59:11,2026-08-30,2026-08-31,Standard Ground,TRK-10877-8310,Delivered
8311,10879,2025-04-10 14:19:16,2025-04-14,2025-04-14,Standard Ground,TRK-10879-8311,Delivered
8312,10881,2025-08-09 06:20:51,2025-08-13,2025-08-14,Next-Day Air,TRK-10881-8312,Delivered
8313,10882,2026-04-20 09:35:49,2026-04-24,2026-04-22,Next-Day Air,TRK-10882-8313,Delivered
8314,10883,2026-06-29 01:21:02,2026-07-03,2026-07-03,Express Courier,TRK-10883-8314,Delivered
8315,10885,2024-10-03 08:55:03,2024-10-07,2024-10-05,Standard Ground,TRK-10885-8315,Delivered
8316,10886,2026-08-09 21:35:21,2026-08-13,2026-08-14,Next-Day Air,TRK-10886-8316,Delivered
8317,10887,2026-04-07 16:04:24,2026-04-11,2026-04-11,Standard Ground,TRK-10887-8317,Delivered
8318,10888,2026-02-17 00:00:21,2026-02-21,2026-02-22,Standard Ground,TRK-10888-8318,Delivered
8319,10889,2025-10-20 20:41:06,2025-10-24,2025-10-22,Express Courier,TRK-10889-8319,Delivered
8320,10890,2025-11-13 16:43:25,2025-11-17,2025-11-17,Standard Ground,TRK-10890-8320,Delivered
8321,10891,2026-05-03 01:08:16,2026-05-07,2026-05-05,Standard Ground,TRK-10891-8321,Delivered
8322,10892,2026-02-23 01:25:53,2026-02-27,2026-02-27,Standard Ground,TRK-10892-8322,Delivered
8323,10893,2025-08-07 20:26:00,2025-08-11,2025-08-09,Standard Ground,TRK-10893-8323,Delivered
8324,10895,2025-07-09 06:48:41,2025-07-13,2025-07-11,Express Courier,TRK-10895-8324,Delivered
8325,10896,2026-08-19 12:44:16,2026-08-23,,Next-Day Air,TRK-10896-8325,In Transit
8326,10897,2026-08-21 17:24:50,2026-08-25,2026-08-26,Standard Ground,TRK-10897-8326,Delivered
8327,10898,2025-12-25 04:33:31,2025-12-29,2025-12-28,Next-Day Air,TRK-10898-8327,Delivered
8328,10899,2026-06-10 19:39:17,2026-06-14,2026-06-14,Standard Ground,TRK-10899-8328,Delivered
8329,10900,2023-12-01 23:32:32,2023-12-05,2023-12-05,Next-Day Air,TRK-10900-8329,Delivered
8330,10902,2026-07-02 03:50:30,2026-07-06,2026-07-04,Express Courier,TRK-10902-8330,Delivered
8331,10904,2026-08-17 22:04:07,2026-08-21,2026-08-22,Express Courier,TRK-10904-8331,Delivered
8332,10905,2025-04-21 16:06:22,2025-04-25,,Standard Ground,TRK-10905-8332,In Transit
8333,10908,2025-09-01 17:02:21,2025-09-05,2025-09-05,Standard Ground,TRK-10908-8333,Delivered
8334,10909,2026-05-12 14:14:43,2026-05-16,2026-05-17,Express Courier,TRK-10909-8334,Delivered
8335,10911,2024-09-18 00:03:48,2024-09-22,2024-09-23,Standard Ground,TRK-10911-8335,Delivered
8336,10913,2026-03-13 09:11:30,2026-03-17,2026-03-16,Standard Ground,TRK-10913-8336,Delivered
8337,10914,2025-04-21 08:32:48,2025-04-25,2025-04-23,Next-Day Air,TRK-10914-8337,Delivered
8338,10915,2026-08-18 05:06:14,2026-08-22,2026-08-23,Express Courier,TRK-10915-8338,Delivered
8339,10916,2025-05-09 12:45:01,2025-05-13,2025-05-14,Standard Ground,TRK-10916-8339,Delivered
8340,10917,2025-03-30 12:27:36,2025-04-03,2025-04-02,Express Courier,TRK-10917-8340,Delivered
8341,10919,2026-07-14 12:14:30,2026-07-18,2026-07-16,Standard Ground,TRK-10919-8341,Delivered
8342,10920,2023-12-28 06:09:18,2024-01-01,2023-12-30,Next-Day Air,TRK-10920-8342,Delivered
8343,10922,2026-07-13 10:39:36,2026-07-17,2026-07-15,Standard Ground,TRK-10922-8343,Delivered
8344,10925,2025-05-13 14:08:43,2025-05-17,2025-05-17,Standard Ground,TRK-10925-8344,Delivered
8345,10927,2024-04-20 02:59:38,2024-04-24,2024-04-22,Next-Day Air,TRK-10927-8345,Delivered
8346,10928,2024-05-01 02:45:14,2024-05-05,2024-05-05,Express Courier,TRK-10928-8346,Delivered
8347,10929,2025-08-09 00:38:25,2025-08-13,,Express Courier,TRK-10929-8347,In Transit
8348,10931,2026-07-22 08:17:57,2026-07-26,,Next-Day Air,TRK-10931-8348,In Transit
8349,10932,2026-08-08 03:10:31,2026-08-12,,Express Courier,TRK-10932-8349,In Transit
8350,10933,2026-02-06 20:17:00,2026-02-10,2026-02-08,Next-Day Air,TRK-10933-8350,Delivered
8351,10934,2025-04-03 14:23:25,2025-04-07,2025-04-08,Next-Day Air,TRK-10934-8351,Delivered
8352,10936,2026-08-12 17:40:10,2026-08-16,2026-08-16,Express Courier,TRK-10936-8352,Delivered
8353,10938,2026-03-04 21:30:25,2026-03-08,2026-03-09,Express Courier,TRK-10938-8353,Delivered
8354,10939,2026-03-31 02:22:28,2026-04-04,2026-04-04,Next-Day Air,TRK-10939-8354,Delivered
8355,10940,2026-04-15 22:40:03,2026-04-19,2026-04-20,Express Courier,TRK-10940-8355,Delivered
8356,10941,2025-10-22 07:56:53,2025-10-26,2025-10-24,Standard Ground,TRK-10941-8356,Delivered
8357,10942,2026-06-03 01:16:23,2026-06-07,2026-06-06,Express Courier,TRK-10942-8357,Delivered
8358,10943,2026-03-04 17:11:07,2026-03-08,2026-03-09,Standard Ground,TRK-10943-8358,Delivered
8359,10944,2026-06-28 11:49:42,2026-07-02,2026-07-03,Standard Ground,TRK-10944-8359,Delivered
8360,10949,2026-07-29 17:54:44,2026-08-02,2026-07-31,Express Courier,TRK-10949-8360,Delivered
8361,10950,2025-03-01 02:59:42,2025-03-05,2025-03-06,Next-Day Air,TRK-10950-8361,Delivered
8362,10951,2026-03-28 04:44:32,2026-04-01,2026-04-02,Standard Ground,TRK-10951-8362,Delivered
8363,10952,2025-03-12 08:21:36,2025-03-16,2025-03-17,Standard Ground,TRK-10952-8363,Delivered
8364,10953,2025-08-27 11:13:54,2025-08-31,2025-08-30,Standard Ground,TRK-10953-8364,Delivered
8365,10954,2025-01-07 03:30:56,2025-01-11,2025-01-10,Next-Day Air,TRK-10954-8365,Delivered
8366,10956,2026-02-06 19:07:28,2026-02-10,2026-02-10,Express Courier,TRK-10956-8366,Delivered
8367,10957,2025-01-30 05:41:56,2025-02-03,2025-02-01,Next-Day Air,TRK-10957-8367,Delivered
8368,10961,2026-04-02 10:20:12,2026-04-06,2026-04-05,Express Courier,TRK-10961-8368,Delivered
8369,10963,2025-11-20 19:29:23,2025-11-24,,Next-Day Air,TRK-10963-8369,In Transit
8370,10964,2026-08-31 23:46:07,2026-09-04,2026-09-02,Standard Ground,TRK-10964-8370,Delivered
8371,10965,2026-07-26 14:06:42,2026-07-30,2026-07-28,Express Courier,TRK-10965-8371,Delivered
8372,10967,2026-07-30 13:18:04,2026-08-03,2026-08-02,Standard Ground,TRK-10967-8372,Delivered
8373,10969,2026-03-14 18:46:26,2026-03-18,2026-03-16,Express Courier,TRK-10969-8373,Delivered
8374,10970,2024-12-12 12:37:15,2024-12-16,,Express Courier,TRK-10970-8374,In Transit
8375,10972,2024-01-22 12:28:46,2024-01-26,2024-01-25,Standard Ground,TRK-10972-8375,Delivered
8376,10973,2026-03-19 18:47:25,2026-03-23,2026-03-23,Standard Ground,TRK-10973-8376,Delivered
8377,10974,2025-06-22 10:19:50,2025-06-26,2025-06-24,Next-Day Air,TRK-10974-8377,Delivered
8378,10975,2025-09-13 08:43:51,2025-09-17,,Standard Ground,TRK-10975-8378,In Transit
8379,10976,2026-03-07 09:19:43,2026-03-11,2026-03-10,Standard Ground,TRK-10976-8379,Delivered
8380,10977,2026-06-03 21:43:27,2026-06-07,2026-06-05,Standard Ground,TRK-10977-8380,Delivered
8381,10978,2024-08-24 06:18:46,2024-08-28,2024-08-28,Next-Day Air,TRK-10978-8381,Delivered
8382,10979,2026-01-27 01:59:14,2026-01-31,2026-01-31,Standard Ground,TRK-10979-8382,Delivered
8383,10980,2026-03-31 19:20:45,2026-04-04,2026-04-04,Express Courier,TRK-10980-8383,Delivered
8384,10982,2026-01-05 10:52:35,2026-01-09,2026-01-08,Express Courier,TRK-10982-8384,Delivered
8385,10983,2025-12-24 02:07:42,2025-12-28,2025-12-28,Express Courier,TRK-10983-8385,Delivered
8386,10984,2026-07-26 15:29:28,2026-07-30,2026-07-30,Next-Day Air,TRK-10984-8386,Delivered
8387,10986,2026-01-10 14:23:02,2026-01-14,2026-01-14,Standard Ground,TRK-10986-8387,Delivered
8388,10987,2025-01-05 06:50:53,2025-01-09,2025-01-08,Express Courier,TRK-10987-8388,Delivered
8389,10988,2026-03-12 15:01:09,2026-03-16,2026-03-16,Next-Day Air,TRK-10988-8389,Delivered
8390,10989,2026-03-02 23:55:01,2026-03-06,2026-03-07,Express Courier,TRK-10989-8390,Delivered
8391,10990,2025-03-14 20:15:38,2025-03-18,2025-03-18,Express Courier,TRK-10990-8391,Delivered
8392,10991,2026-08-08 05:25:14,2026-08-12,2026-08-13,Standard Ground,TRK-10991-8392,Delivered
8393,10992,2025-06-28 09:20:23,2025-07-02,,Next-Day Air,TRK-10992-8393,In Transit
8394,10994,2024-10-18 13:53:10,2024-10-22,2024-10-21,Standard Ground,TRK-10994-8394,Delivered
8395,10995,2026-06-16 01:25:12,2026-06-20,2026-06-21,Standard Ground,TRK-10995-8395,Delivered
8396,10996,2024-04-26 12:57:15,2024-04-30,2024-05-01,Express Courier,TRK-10996-8396,Delivered
8397,10997,2026-08-28 13:28:28,2026-09-01,2026-09-01,Next-Day Air,TRK-10997-8397,Delivered
8398,10998,2024-10-03 14:08:14,2024-10-07,2024-10-06,Next-Day Air,TRK-10998-8398,Delivered
8399,10999,2026-08-09 04:57:37,2026-08-13,2026-08-14,Express Courier,TRK-10999-8399,Delivered
8400,11000,2026-06-09 09:59:25,2026-06-13,2026-06-11,Standard Ground,TRK-11000-8400,Delivered
8401,11001,2026-03-06 18:33:30,2026-03-10,2026-03-11,Standard Ground,TRK-11001-8401,Delivered
8402,11003,2026-03-20 21:44:59,2026-03-24,2026-03-22,Next-Day Air,TRK-11003-8402,Delivered
8403,11004,2025-06-24 03:40:20,2025-06-28,2025-06-26,Next-Day Air,TRK-11004-8403,Delivered
8404,11005,2025-11-10 11:24:05,2025-11-14,2025-11-13,Express Courier,TRK-11005-8404,Delivered
8405,11006,2026-04-08 01:47:13,2026-04-12,2026-04-13,Express Courier,TRK-11006-8405,Delivered
8406,11007,2025-05-21 05:41:41,2025-05-25,2025-05-25,Express Courier,TRK-11007-8406,Delivered
8407,11008,2026-04-11 15:30:11,2026-04-15,2026-04-14,Express Courier,TRK-11008-8407,Delivered
8408,11009,2024-08-05 09:38:03,2024-08-09,2024-08-09,Express Courier,TRK-11009-8408,Delivered
8409,11010,2026-06-17 14:40:42,2026-06-21,2026-06-19,Express Courier,TRK-11010-8409,Delivered
8410,11011,2025-12-01 22:29:52,2025-12-05,2025-12-04,Next-Day Air,TRK-11011-8410,Delivered
8411,11012,2025-04-29 03:16:33,2025-05-03,2025-05-03,Express Courier,TRK-11012-8411,Delivered
8412,11013,2025-09-29 23:10:32,2025-10-03,2025-10-03,Express Courier,TRK-11013-8412,Delivered
8413,11014,2026-06-14 08:09:53,2026-06-18,,Standard Ground,TRK-11014-8413,In Transit
8414,11015,2026-08-04 09:14:47,2026-08-08,2026-08-09,Next-Day Air,TRK-11015-8414,Delivered
8415,11016,2026-07-05 04:23:02,2026-07-09,2026-07-10,Next-Day Air,TRK-11016-8415,Delivered
8416,11019,2026-08-29 00:43:24,2026-09-02,2026-09-02,Express Courier,TRK-11019-8416,Delivered
8417,11020,2026-08-11 06:34:31,2026-08-15,2026-08-14,Standard Ground,TRK-11020-8417,Delivered
8418,11021,2024-07-17 10:56:40,2024-07-21,2024-07-20,Express Courier,TRK-11021-8418,Delivered
8419,11022,2025-03-30 11:51:08,2025-04-03,,Standard Ground,TRK-11022-8419,In Transit
8420,11023,2026-06-18 09:21:52,2026-06-22,,Standard Ground,TRK-11023-8420,In Transit
8421,11024,2026-05-22 16:13:43,2026-05-26,,Standard Ground,TRK-11024-8421,In Transit
8422,11025,2025-02-25 16:00:29,2025-03-01,2025-03-02,Express Courier,TRK-11025-8422,Delivered
8423,11026,2025-01-15 14:12:44,2025-01-19,2025-01-19,Express Courier,TRK-11026-8423,Delivered
8424,11027,2026-03-30 09:40:41,2026-04-03,2026-04-03,Next-Day Air,TRK-11027-8424,Delivered
8425,11030,2025-12-26 17:07:24,2025-12-30,,Next-Day Air,TRK-11030-8425,In Transit
8426,11031,2026-03-23 14:59:46,2026-03-27,2026-03-27,Standard Ground,TRK-11031-8426,Delivered
8427,11032,2025-12-29 23:27:53,2026-01-02,2025-12-31,Standard Ground,TRK-11032-8427,Delivered
8428,11033,2025-05-10 00:54:21,2025-05-14,2025-05-14,Standard Ground,TRK-11033-8428,Delivered
8429,11034,2025-11-15 14:29:00,2025-11-19,2025-11-18,Express Courier,TRK-11034-8429,Delivered
8430,11035,2025-08-24 18:47:17,2025-08-28,2025-08-27,Next-Day Air,TRK-11035-8430,Delivered
8431,11036,2024-12-12 08:39:22,2024-12-16,2024-12-17,Express Courier,TRK-11036-8431,Delivered
8432,11037,2026-08-02 21:36:08,2026-08-06,2026-08-05,Express Courier,TRK-11037-8432,Delivered
8433,11039,2026-08-30 02:18:15,2026-09-03,2026-09-02,Express Courier,TRK-11039-8433,Delivered
8434,11040,2024-06-23 04:26:43,2024-06-27,2024-06-25,Express Courier,TRK-11040-8434,Delivered
8435,11042,2026-05-10 05:03:33,2026-05-14,,Standard Ground,TRK-11042-8435,In Transit
8436,11043,2024-06-30 21:13:30,2024-07-04,,Next-Day Air,TRK-11043-8436,In Transit
8437,11044,2026-08-27 10:34:19,2026-08-31,2026-09-01,Standard Ground,TRK-11044-8437,Delivered
8438,11045,2023-12-01 16:49:02,2023-12-05,,Standard Ground,TRK-11045-8438,In Transit
8439,11046,2025-11-01 05:10:42,2025-11-05,2025-11-04,Standard Ground,TRK-11046-8439,Delivered
8440,11047,2026-04-01 06:32:03,2026-04-05,2026-04-03,Express Courier,TRK-11047-8440,Delivered
8441,11048,2026-03-06 22:48:06,2026-03-10,,Standard Ground,TRK-11048-8441,In Transit
8442,11049,2025-07-07 06:11:23,2025-07-11,,Standard Ground,TRK-11049-8442,In Transit
8443,11050,2026-06-21 23:05:15,2026-06-25,2026-06-23,Standard Ground,TRK-11050-8443,Delivered
8444,11052,2026-01-20 17:29:45,2026-01-24,,Express Courier,TRK-11052-8444,In Transit
8445,11053,2025-01-06 14:39:34,2025-01-10,2025-01-10,Next-Day Air,TRK-11053-8445,Delivered
8446,11054,2026-07-21 21:31:46,2026-07-25,2026-07-26,Express Courier,TRK-11054-8446,Delivered
8447,11056,2025-08-16 20:31:07,2025-08-20,2025-08-20,Standard Ground,TRK-11056-8447,Delivered
8448,11059,2025-11-10 20:23:30,2025-11-14,2025-11-14,Express Courier,TRK-11059-8448,Delivered
8449,11060,2025-02-08 07:51:02,2025-02-12,2025-02-12,Next-Day Air,TRK-11060-8449,Delivered
8450,11062,2026-07-04 00:56:26,2026-07-08,2026-07-06,Next-Day Air,TRK-11062-8450,Delivered
8451,11064,2026-01-14 06:41:27,2026-01-18,2026-01-16,Standard Ground,TRK-11064-8451,Delivered
8452,11065,2026-03-06 18:58:02,2026-03-10,2026-03-10,Standard Ground,TRK-11065-8452,Delivered
8453,11066,2026-02-11 02:35:06,2026-02-15,,Next-Day Air,TRK-11066-8453,In Transit
8454,11067,2026-08-06 12:34:17,2026-08-10,2026-08-11,Standard Ground,TRK-11067-8454,Delivered
8455,11068,2025-10-06 18:46:25,2025-10-10,2025-10-09,Express Courier,TRK-11068-8455,Delivered
8456,11069,2024-07-17 23:15:55,2024-07-21,2024-07-19,Express Courier,TRK-11069-8456,Delivered
8457,11071,2025-01-31 04:40:39,2025-02-04,2025-02-04,Express Courier,TRK-11071-8457,Delivered
8458,11073,2025-09-06 09:56:25,2025-09-10,2025-09-08,Express Courier,TRK-11073-8458,Delivered
8459,11074,2026-08-27 16:34:49,2026-08-31,2026-08-30,Standard Ground,TRK-11074-8459,Delivered
8460,11075,2026-05-01 15:37:35,2026-05-05,,Express Courier,TRK-11075-8460,In Transit
8461,11076,2026-08-20 01:11:37,2026-08-24,2026-08-22,Express Courier,TRK-11076-8461,Delivered
8462,11078,2026-01-04 07:49:53,2026-01-08,2026-01-09,Standard Ground,TRK-11078-8462,Delivered
8463,11082,2025-11-06 13:16:38,2025-11-10,,Standard Ground,TRK-11082-8463,In Transit
8464,11083,2025-09-18 00:40:10,2025-09-22,2025-09-21,Express Courier,TRK-11083-8464,Delivered
8465,11084,2026-01-23 14:43:09,2026-01-27,2026-01-27,Standard Ground,TRK-11084-8465,Delivered
8466,11085,2025-07-14 09:04:48,2025-07-18,2025-07-18,Standard Ground,TRK-11085-8466,Delivered
8467,11086,2024-07-08 12:12:30,2024-07-12,2024-07-12,Standard Ground,TRK-11086-8467,Delivered
8468,11087,2025-01-17 23:57:48,2025-01-21,2025-01-20,Next-Day Air,TRK-11087-8468,Delivered
8469,11089,2026-03-03 00:32:52,2026-03-07,2026-03-07,Express Courier,TRK-11089-8469,Delivered
8470,11092,2024-11-10 14:07:12,2024-11-14,2024-11-12,Next-Day Air,TRK-11092-8470,Delivered
8471,11093,2024-11-24 08:10:13,2024-11-28,2024-11-26,Express Courier,TRK-11093-8471,Delivered
8472,11094,2025-10-11 17:03:38,2025-10-15,2025-10-16,Express Courier,TRK-11094-8472,Delivered
8473,11095,2026-07-29 17:23:58,2026-08-02,,Express Courier,TRK-11095-8473,In Transit
8474,11097,2026-06-07 10:58:07,2026-06-11,2026-06-10,Standard Ground,TRK-11097-8474,Delivered
8475,11098,2026-04-22 15:14:19,2026-04-26,2026-04-25,Standard Ground,TRK-11098-8475,Delivered
8476,11099,2024-07-25 13:06:34,2024-07-29,2024-07-27,Standard Ground,TRK-11099-8476,Delivered
8477,11100,2026-03-19 16:16:39,2026-03-23,2026-03-24,Express Courier,TRK-11100-8477,Delivered
8478,11101,2024-04-07 10:55:00,2024-04-11,2024-04-10,Express Courier,TRK-11101-8478,Delivered
8479,11102,2026-05-26 02:55:28,2026-05-30,2026-05-30,Next-Day Air,TRK-11102-8479,Delivered
8480,11103,2024-05-02 10:41:24,2024-05-06,2024-05-06,Next-Day Air,TRK-11103-8480,Delivered
8481,11104,2024-10-11 04:17:25,2024-10-15,2024-10-16,Express Courier,TRK-11104-8481,Delivered
8482,11105,2024-08-04 04:48:47,2024-08-08,2024-08-08,Standard Ground,TRK-11105-8482,Delivered
8483,11107,2025-05-30 00:20:31,2025-06-03,2025-06-04,Next-Day Air,TRK-11107-8483,Delivered
8484,11108,2025-01-30 17:55:21,2025-02-03,2025-02-04,Express Courier,TRK-11108-8484,Delivered
8485,11110,2025-11-23 10:54:47,2025-11-27,,Express Courier,TRK-11110-8485,In Transit
8486,11111,2025-07-13 13:50:19,2025-07-17,2025-07-18,Standard Ground,TRK-11111-8486,Delivered
8487,11112,2025-10-17 18:12:49,2025-10-21,,Next-Day Air,TRK-11112-8487,In Transit
8488,11113,2026-07-07 00:16:36,2026-07-11,2026-07-12,Express Courier,TRK-11113-8488,Delivered
8489,11116,2026-04-01 22:15:54,2026-04-05,,Next-Day Air,TRK-11116-8489,In Transit
8490,11117,2026-04-16 08:56:54,2026-04-20,2026-04-19,Standard Ground,TRK-11117-8490,Delivered
8491,11118,2025-11-06 06:01:59,2025-11-10,,Standard Ground,TRK-11118-8491,In Transit
8492,11119,2023-12-24 16:19:26,2023-12-28,2023-12-28,Next-Day Air,TRK-11119-8492,Delivered
8493,11120,2024-10-22 07:58:19,2024-10-26,2024-10-26,Standard Ground,TRK-11120-8493,Delivered
8494,11121,2025-12-28 19:49:25,2026-01-01,2025-12-30,Standard Ground,TRK-11121-8494,Delivered
8495,11122,2026-01-16 00:52:24,2026-01-20,2026-01-18,Express Courier,TRK-11122-8495,Delivered
8496,11124,2026-01-10 19:43:32,2026-01-14,2026-01-14,Express Courier,TRK-11124-8496,Delivered
8497,11125,2024-11-06 08:41:14,2024-11-10,2024-11-11,Express Courier,TRK-11125-8497,Delivered
8498,11127,2026-08-25 16:12:00,2026-08-29,,Standard Ground,TRK-11127-8498,In Transit
8499,11128,2025-06-08 22:53:38,2025-06-12,2025-06-12,Next-Day Air,TRK-11128-8499,Delivered
8500,11129,2025-12-27 19:30:28,2025-12-31,2025-12-30,Next-Day Air,TRK-11129-8500,Delivered
8501,11131,2025-12-27 15:19:19,2025-12-31,2025-12-30,Express Courier,TRK-11131-8501,Delivered
8502,11133,2025-12-11 08:36:28,2025-12-15,2025-12-16,Express Courier,TRK-11133-8502,Delivered
8503,11134,2026-01-09 16:28:59,2026-01-13,2026-01-13,Next-Day Air,TRK-11134-8503,Delivered
8504,11135,2026-07-31 19:18:20,2026-08-04,2026-08-03,Standard Ground,TRK-11135-8504,Delivered
8505,11137,2025-12-12 05:59:09,2025-12-16,2025-12-16,Standard Ground,TRK-11137-8505,Delivered
8506,11138,2026-06-05 16:12:51,2026-06-09,,Express Courier,TRK-11138-8506,In Transit
8507,11141,2026-06-23 10:40:04,2026-06-27,2026-06-25,Standard Ground,TRK-11141-8507,Delivered
8508,11142,2025-04-04 22:06:42,2025-04-08,,Next-Day Air,TRK-11142-8508,In Transit
8509,11143,2026-01-30 00:19:57,2026-02-03,2026-02-04,Next-Day Air,TRK-11143-8509,Delivered
8510,11144,2026-08-01 13:42:28,2026-08-05,2026-08-05,Next-Day Air,TRK-11144-8510,Delivered
8511,11145,2026-02-01 21:07:49,2026-02-05,2026-02-06,Standard Ground,TRK-11145-8511,Delivered
8512,11146,2024-08-06 20:53:20,2024-08-10,,Next-Day Air,TRK-11146-8512,In Transit
8513,11147,2026-04-08 06:26:22,2026-04-12,2026-04-10,Standard Ground,TRK-11147-8513,Delivered
8514,11148,2025-10-01 03:34:11,2025-10-05,2025-10-06,Standard Ground,TRK-11148-8514,Delivered
8515,11149,2025-09-06 14:23:16,2025-09-10,2025-09-10,Next-Day Air,TRK-11149-8515,Delivered
8516,11150,2025-01-21 10:53:46,2025-01-25,,Next-Day Air,TRK-11150-8516,In Transit
8517,11153,2024-09-21 16:32:18,2024-09-25,2024-09-25,Standard Ground,TRK-11153-8517,Delivered
8518,11154,2026-07-20 07:44:22,2026-07-24,2026-07-24,Next-Day Air,TRK-11154-8518,Delivered
8519,11155,2026-07-03 09:35:16,2026-07-07,2026-07-05,Express Courier,TRK-11155-8519,Delivered
8520,11156,2026-05-27 04:06:28,2026-05-31,2026-05-31,Express Courier,TRK-11156-8520,Delivered
8521,11157,2024-08-29 12:53:55,2024-09-02,2024-09-02,Standard Ground,TRK-11157-8521,Delivered
8522,11161,2026-06-15 17:45:55,2026-06-19,2026-06-19,Next-Day Air,TRK-11161-8522,Delivered
8523,11162,2026-08-13 17:30:19,2026-08-17,2026-08-18,Express Courier,TRK-11162-8523,Delivered
8524,11163,2025-08-03 08:03:51,2025-08-07,2025-08-05,Standard Ground,TRK-11163-8524,Delivered
8525,11165,2024-10-02 03:17:23,2024-10-06,,Next-Day Air,TRK-11165-8525,In Transit
8526,11166,2026-08-31 06:57:58,2026-09-04,2026-09-05,Express Courier,TRK-11166-8526,Delivered
8527,11167,2026-08-12 14:46:25,2026-08-16,2026-08-14,Next-Day Air,TRK-11167-8527,Delivered
8528,11168,2025-12-11 20:47:11,2025-12-15,2025-12-15,Standard Ground,TRK-11168-8528,Delivered
8529,11170,2025-10-03 16:34:06,2025-10-07,2025-10-08,Standard Ground,TRK-11170-8529,Delivered
8530,11171,2025-07-16 21:38:15,2025-07-20,2025-07-19,Next-Day Air,TRK-11171-8530,Delivered
8531,11173,2026-05-31 11:26:49,2026-06-04,,Next-Day Air,TRK-11173-8531,In Transit
8532,11174,2025-01-18 09:52:50,2025-01-22,2025-01-20,Next-Day Air,TRK-11174-8532,Delivered
8533,11175,2025-05-16 07:29:04,2025-05-20,2025-05-20,Next-Day Air,TRK-11175-8533,Delivered
8534,11176,2025-08-07 23:24:40,2025-08-11,2025-08-09,Express Courier,TRK-11176-8534,Delivered
8535,11177,2026-06-17 16:18:41,2026-06-21,2026-06-20,Next-Day Air,TRK-11177-8535,Delivered
8536,11178,2026-06-10 14:27:45,2026-06-14,2026-06-15,Express Courier,TRK-11178-8536,Delivered
8537,11180,2026-01-25 13:14:56,2026-01-29,2026-01-27,Express Courier,TRK-11180-8537,Delivered
8538,11185,2026-07-12 14:14:05,2026-07-16,2026-07-14,Next-Day Air,TRK-11185-8538,Delivered
8539,11186,2025-12-25 14:45:49,2025-12-29,2025-12-28,Express Courier,TRK-11186-8539,Delivered
8540,11187,2026-02-19 15:10:14,2026-02-23,2026-02-24,Standard Ground,TRK-11187-8540,Delivered
8541,11188,2024-11-24 08:47:19,2024-11-28,2024-11-27,Standard Ground,TRK-11188-8541,Delivered
8542,11189,2026-03-26 00:59:24,2026-03-30,2026-03-30,Next-Day Air,TRK-11189-8542,Delivered
8543,11191,2024-09-12 17:14:56,2024-09-16,2024-09-17,Express Courier,TRK-11191-8543,Delivered
8544,11193,2026-08-01 18:19:09,2026-08-05,2026-08-03,Next-Day Air,TRK-11193-8544,Delivered
8545,11194,2026-08-19 04:04:02,2026-08-23,2026-08-23,Standard Ground,TRK-11194-8545,Delivered
8546,11196,2026-03-29 11:25:04,2026-04-02,2026-04-02,Next-Day Air,TRK-11196-8546,Delivered
8547,11197,2026-05-29 17:20:50,2026-06-02,2026-05-31,Next-Day Air,TRK-11197-8547,Delivered
8548,11198,2026-07-25 01:24:34,2026-07-29,2026-07-30,Standard Ground,TRK-11198-8548,Delivered
8549,11199,2024-07-29 15:56:53,2024-08-02,2024-08-01,Express Courier,TRK-11199-8549,Delivered
8550,11200,2026-07-18 10:41:12,2026-07-22,2026-07-20,Next-Day Air,TRK-11200-8550,Delivered
8551,11202,2025-03-17 05:50:08,2025-03-21,2025-03-19,Next-Day Air,TRK-11202-8551,Delivered
8552,11203,2026-07-19 17:06:09,2026-07-23,2026-07-23,Standard Ground,TRK-11203-8552,Delivered
8553,11205,2026-08-05 15:29:34,2026-08-09,2026-08-09,Next-Day Air,TRK-11205-8553,Delivered
8554,11207,2024-08-07 03:25:50,2024-08-11,2024-08-12,Standard Ground,TRK-11207-8554,Delivered
8555,11208,2026-07-10 08:14:53,2026-07-14,2026-07-12,Express Courier,TRK-11208-8555,Delivered
8556,11209,2026-06-13 12:00:28,2026-06-17,2026-06-18,Next-Day Air,TRK-11209-8556,Delivered
8557,11210,2026-04-30 08:33:27,2026-05-04,2026-05-02,Standard Ground,TRK-11210-8557,Delivered
8558,11211,2026-03-29 08:07:57,2026-04-02,2026-04-03,Next-Day Air,TRK-11211-8558,Delivered
8559,11214,2025-08-29 01:37:17,2025-09-02,,Standard Ground,TRK-11214-8559,In Transit
8560,11215,2024-06-19 20:45:27,2024-06-23,2024-06-21,Next-Day Air,TRK-11215-8560,Delivered
8561,11216,2024-12-16 03:30:56,2024-12-20,2024-12-18,Express Courier,TRK-11216-8561,Delivered
8562,11218,2025-09-08 14:49:03,2025-09-12,2025-09-12,Express Courier,TRK-11218-8562,Delivered
8563,11219,2025-09-05 12:13:03,2025-09-09,2025-09-08,Next-Day Air,TRK-11219-8563,Delivered
8564,11221,2024-10-26 06:02:47,2024-10-30,2024-10-30,Next-Day Air,TRK-11221-8564,Delivered
8565,11222,2026-08-22 01:36:48,2026-08-26,2026-08-25,Express Courier,TRK-11222-8565,Delivered
8566,11223,2026-06-19 21:23:45,2026-06-23,2026-06-21,Express Courier,TRK-11223-8566,Delivered
8567,11225,2026-08-23 11:27:04,2026-08-27,2026-08-26,Standard Ground,TRK-11225-8567,Delivered
8568,11226,2026-07-05 15:57:07,2026-07-09,2026-07-09,Express Courier,TRK-11226-8568,Delivered
8569,11227,2025-05-30 15:36:45,2025-06-03,2025-06-02,Express Courier,TRK-11227-8569,Delivered
8570,11230,2024-03-13 20:47:15,2024-03-17,,Next-Day Air,TRK-11230-8570,In Transit
8571,11231,2025-03-20 07:06:41,2025-03-24,2025-03-24,Express Courier,TRK-11231-8571,Delivered
8572,11232,2026-04-01 14:02:24,2026-04-05,2026-04-06,Next-Day Air,TRK-11232-8572,Delivered
8573,11234,2025-10-25 15:31:57,2025-10-29,2025-10-28,Next-Day Air,TRK-11234-8573,Delivered
8574,11236,2026-03-13 02:08:39,2026-03-17,,Express Courier,TRK-11236-8574,In Transit
8575,11237,2025-12-01 19:36:38,2025-12-05,,Next-Day Air,TRK-11237-8575,In Transit
8576,11239,2025-12-28 12:21:49,2026-01-01,2025-12-30,Next-Day Air,TRK-11239-8576,Delivered
8577,11242,2026-03-03 23:07:43,2026-03-07,2026-03-06,Next-Day Air,TRK-11242-8577,Delivered
8578,11245,2025-02-26 22:12:29,2025-03-02,2025-03-02,Standard Ground,TRK-11245-8578,Delivered
8579,11246,2026-08-31 23:05:26,2026-09-04,2026-09-03,Next-Day Air,TRK-11246-8579,Delivered
8580,11247,2026-08-13 10:37:17,2026-08-17,2026-08-16,Next-Day Air,TRK-11247-8580,Delivered
8581,11248,2026-08-26 03:21:53,2026-08-30,2026-08-28,Express Courier,TRK-11248-8581,Delivered
8582,11250,2025-06-21 03:38:33,2025-06-25,2025-06-24,Next-Day Air,TRK-11250-8582,Delivered
8583,11251,2026-08-05 00:19:00,2026-08-09,2026-08-10,Express Courier,TRK-11251-8583,Delivered
8584,11252,2026-02-27 20:08:37,2026-03-03,2026-03-03,Standard Ground,TRK-11252-8584,Delivered
8585,11253,2026-04-01 19:53:32,2026-04-05,2026-04-06,Standard Ground,TRK-11253-8585,Delivered
8586,11254,2026-04-24 09:14:16,2026-04-28,2026-04-29,Standard Ground,TRK-11254-8586,Delivered
8587,11255,2026-07-26 00:32:53,2026-07-30,2026-07-30,Next-Day Air,TRK-11255-8587,Delivered
8588,11256,2026-03-03 22:32:12,2026-03-07,2026-03-05,Standard Ground,TRK-11256-8588,Delivered
8589,11257,2026-07-08 08:02:37,2026-07-12,2026-07-10,Express Courier,TRK-11257-8589,Delivered
8590,11258,2026-08-25 19:26:20,2026-08-29,2026-08-28,Express Courier,TRK-11258-8590,Delivered
8591,11260,2025-04-22 07:27:22,2025-04-26,2025-04-27,Standard Ground,TRK-11260-8591,Delivered
8592,11262,2025-08-27 11:27:28,2025-08-31,,Standard Ground,TRK-11262-8592,In Transit
8593,11265,2026-03-16 15:23:40,2026-03-20,2026-03-18,Next-Day Air,TRK-11265-8593,Delivered
8594,11266,2025-05-16 06:11:43,2025-05-20,2025-05-19,Express Courier,TRK-11266-8594,Delivered
8595,11268,2026-08-08 08:21:22,2026-08-12,2026-08-12,Express Courier,TRK-11268-8595,Delivered
8596,11269,2026-08-11 17:08:06,2026-08-15,2026-08-14,Express Courier,TRK-11269-8596,Delivered
8597,11270,2024-10-27 21:06:05,2024-10-31,2024-10-29,Standard Ground,TRK-11270-8597,Delivered
8598,11271,2026-03-07 03:35:31,2026-03-11,2026-03-09,Standard Ground,TRK-11271-8598,Delivered
8599,11273,2025-09-18 15:39:29,2025-09-22,2025-09-20,Next-Day Air,TRK-11273-8599,Delivered
8600,11276,2026-08-26 18:07:23,2026-08-30,2026-08-28,Next-Day Air,TRK-11276-8600,Delivered
8601,11277,2024-12-28 20:57:56,2025-01-01,2025-01-02,Next-Day Air,TRK-11277-8601,Delivered
8602,11278,2026-08-12 23:26:55,2026-08-16,2026-08-15,Next-Day Air,TRK-11278-8602,Delivered
8603,11279,2025-03-11 08:47:34,2025-03-15,2025-03-15,Standard Ground,TRK-11279-8603,Delivered
8604,11280,2025-10-31 23:15:41,2025-11-04,2025-11-04,Standard Ground,TRK-11280-8604,Delivered
8605,11281,2026-04-16 22:35:08,2026-04-20,2026-04-18,Next-Day Air,TRK-11281-8605,Delivered
8606,11282,2026-02-15 22:32:10,2026-02-19,2026-02-18,Next-Day Air,TRK-11282-8606,Delivered
8607,11283,2026-04-28 20:02:33,2026-05-02,2026-04-30,Next-Day Air,TRK-11283-8607,Delivered
8608,11284,2026-01-17 12:15:50,2026-01-21,2026-01-19,Express Courier,TRK-11284-8608,Delivered
8609,11286,2026-04-29 15:05:06,2026-05-03,2026-05-03,Next-Day Air,TRK-11286-8609,Delivered
8610,11287,2026-08-23 08:28:12,2026-08-27,2026-08-25,Express Courier,TRK-11287-8610,Delivered
8611,11289,2026-08-12 15:25:45,2026-08-16,,Express Courier,TRK-11289-8611,In Transit
8612,11290,2025-06-15 06:49:57,2025-06-19,2025-06-20,Next-Day Air,TRK-11290-8612,Delivered
8613,11291,2025-07-20 16:15:26,2025-07-24,2025-07-24,Standard Ground,TRK-11291-8613,Delivered
8614,11293,2026-04-11 12:19:26,2026-04-15,2026-04-14,Standard Ground,TRK-11293-8614,Delivered
8615,11294,2025-08-28 21:38:41,2025-09-01,2025-08-30,Standard Ground,TRK-11294-8615,Delivered
8616,11295,2026-03-26 01:46:39,2026-03-30,2026-03-29,Next-Day Air,TRK-11295-8616,Delivered
8617,11297,2025-06-16 16:54:14,2025-06-20,2025-06-18,Standard Ground,TRK-11297-8617,Delivered
8618,11298,2026-01-28 13:23:16,2026-02-01,2026-02-01,Standard Ground,TRK-11298-8618,Delivered
8619,11299,2025-09-20 13:10:54,2025-09-24,2025-09-24,Standard Ground,TRK-11299-8619,Delivered
8620,11300,2026-08-10 05:05:29,2026-08-14,2026-08-12,Next-Day Air,TRK-11300-8620,Delivered
8621,11301,2025-03-02 17:14:57,2025-03-06,2025-03-05,Next-Day Air,TRK-11301-8621,Delivered
8622,11302,2025-06-07 06:31:41,2025-06-11,2025-06-09,Next-Day Air,TRK-11302-8622,Delivered
8623,11303,2026-07-13 18:27:24,2026-07-17,2026-07-18,Express Courier,TRK-11303-8623,Delivered
8624,11304,2026-06-23 19:40:00,2026-06-27,2026-06-26,Standard Ground,TRK-11304-8624,Delivered
8625,11305,2024-05-06 12:10:07,2024-05-10,2024-05-09,Next-Day Air,TRK-11305-8625,Delivered
8626,11307,2026-05-20 03:35:09,2026-05-24,,Next-Day Air,TRK-11307-8626,In Transit
8627,11309,2026-03-06 08:28:08,2026-03-10,,Express Courier,TRK-11309-8627,In Transit
8628,11310,2025-04-01 04:44:32,2025-04-05,2025-04-03,Express Courier,TRK-11310-8628,Delivered
8629,11311,2024-10-01 17:52:23,2024-10-05,2024-10-06,Express Courier,TRK-11311-8629,Delivered
8630,11313,2026-08-02 20:03:02,2026-08-06,2026-08-06,Next-Day Air,TRK-11313-8630,Delivered
8631,11314,2026-04-20 02:34:54,2026-04-24,2026-04-23,Standard Ground,TRK-11314-8631,Delivered
8632,11316,2026-08-06 04:42:25,2026-08-10,2026-08-09,Next-Day Air,TRK-11316-8632,Delivered
8633,11317,2026-06-16 05:22:04,2026-06-20,2026-06-20,Next-Day Air,TRK-11317-8633,Delivered
8634,11318,2026-01-23 13:32:55,2026-01-27,2026-01-27,Standard Ground,TRK-11318-8634,Delivered
8635,11320,2026-04-03 01:24:33,2026-04-07,2026-04-08,Standard Ground,TRK-11320-8635,Delivered
8636,11321,2025-12-31 00:20:15,2026-01-04,2026-01-05,Standard Ground,TRK-11321-8636,Delivered
8637,11324,2026-02-16 18:59:50,2026-02-20,2026-02-20,Standard Ground,TRK-11324-8637,Delivered
8638,11325,2026-04-02 01:06:54,2026-04-06,2026-04-04,Next-Day Air,TRK-11325-8638,Delivered
8639,11326,2026-03-27 03:01:21,2026-03-31,2026-03-31,Express Courier,TRK-11326-8639,Delivered
8640,11327,2025-05-25 19:31:52,2025-05-29,2025-05-30,Standard Ground,TRK-11327-8640,Delivered
8641,11328,2026-06-22 14:09:06,2026-06-26,2026-06-25,Standard Ground,TRK-11328-8641,Delivered
8642,11329,2026-01-20 00:18:02,2026-01-24,2026-01-25,Express Courier,TRK-11329-8642,Delivered
8643,11330,2026-08-06 13:52:01,2026-08-10,2026-08-08,Standard Ground,TRK-11330-8643,Delivered
8644,11332,2025-12-13 19:43:35,2025-12-17,2025-12-18,Express Courier,TRK-11332-8644,Delivered
8645,11333,2026-06-30 17:06:35,2026-07-04,2026-07-03,Standard Ground,TRK-11333-8645,Delivered
8646,11334,2026-03-11 18:35:26,2026-03-15,2026-03-13,Next-Day Air,TRK-11334-8646,Delivered
8647,11335,2026-06-10 23:27:30,2026-06-14,2026-06-12,Next-Day Air,TRK-11335-8647,Delivered
8648,11336,2025-03-11 04:30:18,2025-03-15,2025-03-16,Next-Day Air,TRK-11336-8648,Delivered
8649,11337,2025-01-19 23:42:18,2025-01-23,2025-01-22,Standard Ground,TRK-11337-8649,Delivered
8650,11338,2026-01-12 18:41:48,2026-01-16,2026-01-14,Next-Day Air,TRK-11338-8650,Delivered
8651,11339,2024-11-02 11:46:50,2024-11-06,2024-11-05,Next-Day Air,TRK-11339-8651,Delivered
8652,11340,2026-08-17 03:56:26,2026-08-21,2026-08-22,Standard Ground,TRK-11340-8652,Delivered
8653,11342,2025-01-17 18:28:57,2025-01-21,2025-01-21,Next-Day Air,TRK-11342-8653,Delivered
8654,11343,2026-05-10 08:53:51,2026-05-14,,Express Courier,TRK-11343-8654,In Transit
8655,11344,2024-09-23 18:31:21,2024-09-27,2024-09-26,Next-Day Air,TRK-11344-8655,Delivered
8656,11345,2025-10-17 08:50:49,2025-10-21,2025-10-20,Express Courier,TRK-11345-8656,Delivered
8657,11346,2024-12-04 01:26:09,2024-12-08,,Standard Ground,TRK-11346-8657,In Transit
8658,11348,2026-07-09 01:25:08,2026-07-13,2026-07-14,Express Courier,TRK-11348-8658,Delivered
8659,11349,2026-05-16 19:36:14,2026-05-20,,Express Courier,TRK-11349-8659,In Transit
8660,11350,2025-11-15 13:19:53,2025-11-19,,Express Courier,TRK-11350-8660,In Transit
8661,11351,2025-02-01 19:38:40,2025-02-05,2025-02-04,Next-Day Air,TRK-11351-8661,Delivered
8662,11352,2025-08-05 00:59:00,2025-08-09,2025-08-09,Standard Ground,TRK-11352-8662,Delivered
8663,11353,2026-02-16 01:15:56,2026-02-20,2026-02-19,Express Courier,TRK-11353-8663,Delivered
8664,11354,2026-07-16 21:45:50,2026-07-20,2026-07-19,Next-Day Air,TRK-11354-8664,Delivered
8665,11355,2025-10-31 04:28:16,2025-11-04,2025-11-05,Express Courier,TRK-11355-8665,Delivered
8666,11357,2025-08-05 15:10:24,2025-08-09,2025-08-10,Express Courier,TRK-11357-8666,Delivered
8667,11360,2026-07-27 23:56:02,2026-07-31,2026-08-01,Express Courier,TRK-11360-8667,Delivered
8668,11361,2025-07-30 20:45:01,2025-08-03,,Next-Day Air,TRK-11361-8668,In Transit
8669,11363,2025-10-31 20:49:04,2025-11-04,2025-11-04,Express Courier,TRK-11363-8669,Delivered
8670,11365,2026-07-04 18:48:18,2026-07-08,2026-07-08,Express Courier,TRK-11365-8670,Delivered
8671,11366,2026-05-08 02:36:02,2026-05-12,2026-05-11,Next-Day Air,TRK-11366-8671,Delivered
8672,11367,2025-04-01 05:50:57,2025-04-05,,Express Courier,TRK-11367-8672,In Transit
8673,11369,2026-01-25 19:19:20,2026-01-29,2026-01-29,Standard Ground,TRK-11369-8673,Delivered
8674,11370,2026-07-22 12:27:39,2026-07-26,2026-07-26,Express Courier,TRK-11370-8674,Delivered
8675,11371,2026-06-25 11:20:31,2026-06-29,2026-06-27,Express Courier,TRK-11371-8675,Delivered
8676,11372,2026-08-10 11:52:16,2026-08-14,2026-08-14,Standard Ground,TRK-11372-8676,Delivered
8677,11373,2026-09-01 20:23:08,2026-09-05,2026-09-04,Express Courier,TRK-11373-8677,Delivered
8678,11374,2024-11-29 13:47:32,2024-12-03,2024-12-04,Express Courier,TRK-11374-8678,Delivered
8679,11375,2025-09-05 20:31:03,2025-09-09,2025-09-09,Express Courier,TRK-11375-8679,Delivered
8680,11376,2025-01-04 23:23:40,2025-01-08,2025-01-08,Standard Ground,TRK-11376-8680,Delivered
8681,11377,2025-11-28 18:27:34,2025-12-02,2025-12-02,Standard Ground,TRK-11377-8681,Delivered
8682,11378,2026-05-12 05:09:49,2026-05-16,2026-05-17,Express Courier,TRK-11378-8682,Delivered
8683,11380,2026-06-27 23:31:42,2026-07-01,2026-07-01,Express Courier,TRK-11380-8683,Delivered
8684,11383,2026-02-20 03:40:43,2026-02-24,2026-02-25,Express Courier,TRK-11383-8684,Delivered
8685,11384,2024-12-16 17:28:45,2024-12-20,2024-12-18,Express Courier,TRK-11384-8685,Delivered
8686,11385,2026-03-28 14:14:32,2026-04-01,,Standard Ground,TRK-11385-8686,In Transit
8687,11386,2024-10-25 17:29:09,2024-10-29,2024-10-27,Standard Ground,TRK-11386-8687,Delivered
8688,11387,2025-01-23 05:21:43,2025-01-27,2025-01-26,Express Courier,TRK-11387-8688,Delivered
8689,11389,2026-06-01 09:01:53,2026-06-05,2026-06-06,Next-Day Air,TRK-11389-8689,Delivered
8690,11390,2025-06-30 03:38:10,2025-07-04,2025-07-02,Express Courier,TRK-11390-8690,Delivered
8691,11392,2026-05-22 13:50:57,2026-05-26,,Standard Ground,TRK-11392-8691,In Transit
8692,11393,2026-07-05 19:17:54,2026-07-09,2026-07-10,Standard Ground,TRK-11393-8692,Delivered
8693,11394,2026-02-17 06:24:37,2026-02-21,2026-02-19,Next-Day Air,TRK-11394-8693,Delivered
8694,11395,2026-07-15 03:20:34,2026-07-19,2026-07-19,Express Courier,TRK-11395-8694,Delivered
8695,11397,2025-11-25 19:59:48,2025-11-29,,Express Courier,TRK-11397-8695,In Transit
8696,11398,2026-08-28 08:32:23,2026-09-01,2026-09-02,Express Courier,TRK-11398-8696,Delivered
8697,11400,2024-08-07 20:09:38,2024-08-11,2024-08-11,Next-Day Air,TRK-11400-8697,Delivered
8698,11402,2025-11-18 05:28:28,2025-11-22,,Next-Day Air,TRK-11402-8698,In Transit
8699,11404,2026-01-10 01:19:53,2026-01-14,2026-01-13,Next-Day Air,TRK-11404-8699,Delivered
8700,11405,2024-02-07 19:07:19,2024-02-11,2024-02-11,Express Courier,TRK-11405-8700,Delivered
8701,11409,2025-08-28 17:14:25,2025-09-01,2025-09-01,Next-Day Air,TRK-11409-8701,Delivered
8702,11411,2025-08-03 22:25:25,2025-08-07,,Express Courier,TRK-11411-8702,In Transit
8703,11412,2026-03-13 07:35:54,2026-03-17,2026-03-16,Standard Ground,TRK-11412-8703,Delivered
8704,11413,2026-07-28 23:08:30,2026-08-01,2026-07-30,Express Courier,TRK-11413-8704,Delivered
8705,11415,2026-04-30 16:37:41,2026-05-04,,Express Courier,TRK-11415-8705,In Transit
8706,11416,2025-04-15 20:11:41,2025-04-19,2025-04-20,Express Courier,TRK-11416-8706,Delivered
8707,11417,2026-07-08 16:36:08,2026-07-12,2026-07-12,Standard Ground,TRK-11417-8707,Delivered
8708,11418,2026-08-07 16:44:31,2026-08-11,2026-08-10,Standard Ground,TRK-11418-8708,Delivered
8709,11419,2026-05-13 22:31:04,2026-05-17,2026-05-15,Next-Day Air,TRK-11419-8709,Delivered
8710,11420,2025-03-18 02:02:10,2025-03-22,2025-03-23,Next-Day Air,TRK-11420-8710,Delivered
8711,11421,2026-06-17 02:42:53,2026-06-21,,Express Courier,TRK-11421-8711,In Transit
8712,11422,2025-02-23 20:34:00,2025-02-27,2025-02-25,Next-Day Air,TRK-11422-8712,Delivered
8713,11424,2025-11-25 07:44:59,2025-11-29,2025-11-28,Express Courier,TRK-11424-8713,Delivered
8714,11425,2026-06-04 21:17:46,2026-06-08,2026-06-09,Standard Ground,TRK-11425-8714,Delivered
8715,11426,2026-07-05 18:05:01,2026-07-09,2026-07-08,Standard Ground,TRK-11426-8715,Delivered
8716,11428,2026-04-05 22:46:19,2026-04-09,2026-04-09,Next-Day Air,TRK-11428-8716,Delivered
8717,11429,2024-11-14 09:45:17,2024-11-18,2024-11-18,Next-Day Air,TRK-11429-8717,Delivered
8718,11431,2026-06-23 08:19:02,2026-06-27,,Next-Day Air,TRK-11431-8718,In Transit
8719,11432,2026-02-10 09:13:03,2026-02-14,2026-02-15,Express Courier,TRK-11432-8719,Delivered
8720,11433,2026-08-25 08:11:49,2026-08-29,2026-08-29,Next-Day Air,TRK-11433-8720,Delivered
8721,11434,2026-06-20 23:16:31,2026-06-24,2026-06-24,Express Courier,TRK-11434-8721,Delivered
8722,11435,2024-11-18 09:51:49,2024-11-22,2024-11-23,Standard Ground,TRK-11435-8722,Delivered
8723,11436,2025-06-09 08:13:37,2025-06-13,,Standard Ground,TRK-11436-8723,In Transit
8724,11437,2025-05-06 21:20:29,2025-05-10,2025-05-11,Next-Day Air,TRK-11437-8724,Delivered
8725,11438,2025-06-03 01:02:14,2025-06-07,,Standard Ground,TRK-11438-8725,In Transit
8726,11439,2026-01-17 22:48:27,2026-01-21,2026-01-21,Standard Ground,TRK-11439-8726,Delivered
8727,11440,2025-05-11 01:08:24,2025-05-15,2025-05-13,Express Courier,TRK-11440-8727,Delivered
8728,11441,2024-09-23 02:10:59,2024-09-27,2024-09-28,Standard Ground,TRK-11441-8728,Delivered
8729,11442,2026-02-21 07:01:21,2026-02-25,2026-02-25,Express Courier,TRK-11442-8729,Delivered
8730,11443,2026-04-28 10:06:33,2026-05-02,2026-04-30,Express Courier,TRK-11443-8730,Delivered
8731,11444,2025-11-26 21:11:41,2025-11-30,2025-11-29,Express Courier,TRK-11444-8731,Delivered
8732,11445,2026-06-28 08:45:17,2026-07-02,,Standard Ground,TRK-11445-8732,In Transit
8733,11446,2026-09-01 00:30:58,2026-09-05,2026-09-03,Express Courier,TRK-11446-8733,Delivered
8734,11447,2026-08-25 17:16:02,2026-08-29,2026-08-30,Standard Ground,TRK-11447-8734,Delivered
8735,11448,2026-09-02 09:35:30,2026-09-06,2026-09-04,Standard Ground,TRK-11448-8735,Delivered
8736,11449,2026-06-16 09:19:55,2026-06-20,2026-06-21,Next-Day Air,TRK-11449-8736,Delivered
8737,11450,2025-03-23 13:00:58,2025-03-27,2025-03-28,Next-Day Air,TRK-11450-8737,Delivered
8738,11451,2025-08-17 08:56:46,2025-08-21,2025-08-22,Express Courier,TRK-11451-8738,Delivered
8739,11452,2025-06-30 18:04:47,2025-07-04,2025-07-02,Express Courier,TRK-11452-8739,Delivered
8740,11453,2026-05-02 23:43:41,2026-05-06,,Next-Day Air,TRK-11453-8740,In Transit
8741,11454,2026-07-10 05:49:58,2026-07-14,2026-07-14,Standard Ground,TRK-11454-8741,Delivered
8742,11455,2026-04-29 14:37:43,2026-05-03,,Express Courier,TRK-11455-8742,In Transit
8743,11456,2026-03-02 13:15:08,2026-03-06,2026-03-05,Next-Day Air,TRK-11456-8743,Delivered
8744,11457,2024-11-06 19:48:34,2024-11-10,2024-11-08,Express Courier,TRK-11457-8744,Delivered
8745,11458,2025-02-22 03:17:05,2025-02-26,,Next-Day Air,TRK-11458-8745,In Transit
8746,11459,2025-09-09 01:32:44,2025-09-13,2025-09-12,Standard Ground,TRK-11459-8746,Delivered
8747,11460,2026-06-20 11:12:40,2026-06-24,2026-06-25,Next-Day Air,TRK-11460-8747,Delivered
8748,11461,2026-08-22 17:34:21,2026-08-26,2026-08-27,Next-Day Air,TRK-11461-8748,Delivered
8749,11462,2025-02-13 00:38:55,2025-02-17,,Next-Day Air,TRK-11462-8749,In Transit
8750,11463,2026-06-19 09:11:53,2026-06-23,,Express Courier,TRK-11463-8750,In Transit
8751,11465,2024-10-21 19:36:07,2024-10-25,2024-10-26,Standard Ground,TRK-11465-8751,Delivered
8752,11466,2025-08-20 22:36:52,2025-08-24,2025-08-22,Standard Ground,TRK-11466-8752,Delivered
8753,11467,2026-06-24 04:32:20,2026-06-28,2026-06-29,Next-Day Air,TRK-11467-8753,Delivered
8754,11468,2026-06-30 01:28:01,2026-07-04,2026-07-04,Express Courier,TRK-11468-8754,Delivered
8755,11470,2026-07-01 12:50:21,2026-07-05,2026-07-03,Next-Day Air,TRK-11470-8755,Delivered
8756,11472,2026-02-11 04:58:31,2026-02-15,2026-02-15,Express Courier,TRK-11472-8756,Delivered
8757,11473,2025-05-24 14:11:20,2025-05-28,2025-05-29,Standard Ground,TRK-11473-8757,Delivered
8758,11474,2026-08-26 01:35:33,2026-08-30,2026-08-31,Next-Day Air,TRK-11474-8758,Delivered
8759,11475,2024-06-25 01:14:57,2024-06-29,2024-06-28,Express Courier,TRK-11475-8759,Delivered
8760,11477,2026-08-28 14:48:24,2026-09-01,2026-08-30,Next-Day Air,TRK-11477-8760,Delivered
8761,11478,2025-03-28 15:32:40,2025-04-01,2025-04-01,Express Courier,TRK-11478-8761,Delivered
8762,11479,2026-04-05 16:40:13,2026-04-09,2026-04-09,Next-Day Air,TRK-11479-8762,Delivered
8763,11480,2026-07-19 18:34:48,2026-07-23,,Standard Ground,TRK-11480-8763,In Transit
8764,11481,2025-08-24 13:27:27,2025-08-28,2025-08-26,Express Courier,TRK-11481-8764,Delivered
8765,11483,2026-03-03 03:13:42,2026-03-07,2026-03-07,Next-Day Air,TRK-11483-8765,Delivered
8766,11484,2025-10-28 19:07:55,2025-11-01,2025-11-01,Next-Day Air,TRK-11484-8766,Delivered
8767,11485,2025-06-02 17:21:57,2025-06-06,,Standard Ground,TRK-11485-8767,In Transit
8768,11486,2024-12-19 01:48:35,2024-12-23,2024-12-21,Standard Ground,TRK-11486-8768,Delivered
8769,11487,2024-01-03 09:25:02,2024-01-07,2024-01-08,Standard Ground,TRK-11487-8769,Delivered
8770,11488,2025-07-11 13:04:54,2025-07-15,2025-07-16,Standard Ground,TRK-11488-8770,Delivered
8771,11489,2025-03-08 04:11:10,2025-03-12,2025-03-11,Express Courier,TRK-11489-8771,Delivered
8772,11490,2026-03-09 09:52:34,2026-03-13,,Standard Ground,TRK-11490-8772,In Transit
8773,11491,2025-05-12 12:42:37,2025-05-16,2025-05-15,Standard Ground,TRK-11491-8773,Delivered
8774,11493,2024-12-19 22:31:42,2024-12-23,2024-12-22,Express Courier,TRK-11493-8774,Delivered
8775,11495,2025-01-27 16:32:23,2025-01-31,2025-02-01,Standard Ground,TRK-11495-8775,Delivered
8776,11496,2026-02-07 20:16:47,2026-02-11,2026-02-10,Standard Ground,TRK-11496-8776,Delivered
8777,11499,2024-07-10 01:17:39,2024-07-14,2024-07-14,Express Courier,TRK-11499-8777,Delivered
8778,11501,2025-12-25 11:04:21,2025-12-29,2025-12-30,Express Courier,TRK-11501-8778,Delivered
8779,11502,2026-08-10 08:21:15,2026-08-14,2026-08-12,Next-Day Air,TRK-11502-8779,Delivered
8780,11504,2024-10-16 17:18:16,2024-10-20,2024-10-18,Next-Day Air,TRK-11504-8780,Delivered
8781,11506,2024-03-22 17:49:19,2024-03-26,2024-03-25,Standard Ground,TRK-11506-8781,Delivered
8782,11508,2026-04-15 11:03:38,2026-04-19,2026-04-18,Express Courier,TRK-11508-8782,Delivered
8783,11510,2026-03-19 08:47:34,2026-03-23,2026-03-22,Next-Day Air,TRK-11510-8783,Delivered
8784,11512,2025-08-03 08:52:47,2025-08-07,2025-08-07,Express Courier,TRK-11512-8784,Delivered
8785,11513,2025-07-14 23:36:41,2025-07-18,2025-07-18,Standard Ground,TRK-11513-8785,Delivered
8786,11515,2026-02-04 03:46:39,2026-02-08,2026-02-06,Express Courier,TRK-11515-8786,Delivered
8787,11516,2026-01-04 15:44:14,2026-01-08,2026-01-06,Next-Day Air,TRK-11516-8787,Delivered
8788,11519,2025-10-03 04:14:08,2025-10-07,2025-10-07,Express Courier,TRK-11519-8788,Delivered
8789,11520,2025-05-28 11:00:21,2025-06-01,2025-05-30,Express Courier,TRK-11520-8789,Delivered
8790,11522,2026-04-29 05:54:11,2026-05-03,2026-05-02,Next-Day Air,TRK-11522-8790,Delivered
8791,11523,2026-04-10 12:20:58,2026-04-14,2026-04-14,Next-Day Air,TRK-11523-8791,Delivered
8792,11524,2025-05-25 14:35:20,2025-05-29,2025-05-28,Express Courier,TRK-11524-8792,Delivered
8793,11525,2025-11-06 15:40:55,2025-11-10,2025-11-10,Standard Ground,TRK-11525-8793,Delivered
8794,11526,2026-07-08 18:58:22,2026-07-12,2026-07-12,Next-Day Air,TRK-11526-8794,Delivered
8795,11528,2026-08-10 10:33:53,2026-08-14,2026-08-15,Standard Ground,TRK-11528-8795,Delivered
8796,11529,2026-05-29 17:57:59,2026-06-02,2026-06-03,Standard Ground,TRK-11529-8796,Delivered
8797,11530,2026-04-27 16:10:46,2026-05-01,2026-04-29,Express Courier,TRK-11530-8797,Delivered
8798,11531,2026-07-21 02:37:22,2026-07-25,2026-07-25,Express Courier,TRK-11531-8798,Delivered
8799,11532,2024-09-10 08:28:52,2024-09-14,2024-09-12,Express Courier,TRK-11532-8799,Delivered
8800,11534,2026-09-01 04:41:17,2026-09-05,,Express Courier,TRK-11534-8800,In Transit
8801,11536,2026-03-20 12:04:32,2026-03-24,2026-03-24,Standard Ground,TRK-11536-8801,Delivered
8802,11537,2025-02-07 06:25:00,2025-02-11,2025-02-09,Next-Day Air,TRK-11537-8802,Delivered
8803,11540,2024-01-08 09:34:50,2024-01-12,2024-01-11,Standard Ground,TRK-11540-8803,Delivered
8804,11541,2026-06-17 00:55:03,2026-06-21,2026-06-21,Express Courier,TRK-11541-8804,Delivered
8805,11542,2025-04-12 05:29:20,2025-04-16,,Express Courier,TRK-11542-8805,In Transit
8806,11543,2026-04-21 08:50:14,2026-04-25,2026-04-26,Standard Ground,TRK-11543-8806,Delivered
8807,11544,2025-12-29 21:24:44,2026-01-02,2026-01-01,Express Courier,TRK-11544-8807,Delivered
8808,11545,2026-08-30 22:28:18,2026-09-03,2026-09-03,Express Courier,TRK-11545-8808,Delivered
8809,11546,2026-02-13 00:02:30,2026-02-17,2026-02-16,Standard Ground,TRK-11546-8809,Delivered
8810,11547,2026-04-05 00:10:34,2026-04-09,2026-04-10,Express Courier,TRK-11547-8810,Delivered
8811,11548,2024-12-20 15:53:30,2024-12-24,2024-12-22,Express Courier,TRK-11548-8811,Delivered
8812,11549,2025-10-24 11:56:18,2025-10-28,2025-10-29,Express Courier,TRK-11549-8812,Delivered
8813,11551,2026-08-14 10:34:27,2026-08-18,2026-08-19,Express Courier,TRK-11551-8813,Delivered
8814,11553,2026-04-01 13:20:13,2026-04-05,2026-04-03,Standard Ground,TRK-11553-8814,Delivered
8815,11554,2026-08-16 00:54:15,2026-08-20,2026-08-21,Standard Ground,TRK-11554-8815,Delivered
8816,11555,2025-09-23 17:21:50,2025-09-27,,Express Courier,TRK-11555-8816,In Transit
8817,11556,2025-05-17 05:43:58,2025-05-21,2025-05-22,Standard Ground,TRK-11556-8817,Delivered
8818,11558,2025-09-30 19:14:52,2025-10-04,2025-10-03,Standard Ground,TRK-11558-8818,Delivered
8819,11559,2026-08-29 02:53:18,2026-09-02,2026-09-02,Standard Ground,TRK-11559-8819,Delivered
8820,11561,2026-08-28 02:44:15,2026-09-01,2026-09-01,Express Courier,TRK-11561-8820,Delivered
8821,11562,2026-01-20 02:01:13,2026-01-24,2026-01-24,Standard Ground,TRK-11562-8821,Delivered
8822,11563,2025-11-25 00:02:17,2025-11-29,2025-11-28,Express Courier,TRK-11563-8822,Delivered
8823,11564,2026-03-07 20:23:36,2026-03-11,2026-03-12,Next-Day Air,TRK-11564-8823,Delivered
8824,11565,2026-08-05 05:01:28,2026-08-09,2026-08-07,Express Courier,TRK-11565-8824,Delivered
8825,11566,2025-08-23 18:33:50,2025-08-27,2025-08-28,Standard Ground,TRK-11566-8825,Delivered
8826,11568,2025-12-02 01:59:43,2025-12-06,,Next-Day Air,TRK-11568-8826,In Transit
8827,11569,2026-03-01 18:52:25,2026-03-05,2026-03-03,Standard Ground,TRK-11569-8827,Delivered
8828,11570,2026-02-02 23:04:06,2026-02-06,2026-02-07,Express Courier,TRK-11570-8828,Delivered
8829,11571,2026-06-24 13:33:01,2026-06-28,,Standard Ground,TRK-11571-8829,In Transit
8830,11572,2026-07-21 02:37:26,2026-07-25,2026-07-25,Express Courier,TRK-11572-8830,Delivered
8831,11573,2026-07-29 19:53:00,2026-08-02,,Standard Ground,TRK-11573-8831,In Transit
8832,11574,2026-05-25 11:15:51,2026-05-29,2026-05-29,Standard Ground,TRK-11574-8832,Delivered
8833,11575,2025-09-05 15:47:33,2025-09-09,2025-09-09,Express Courier,TRK-11575-8833,Delivered
8834,11577,2026-04-19 19:54:21,2026-04-23,2026-04-24,Standard Ground,TRK-11577-8834,Delivered
8835,11578,2025-07-13 08:14:19,2025-07-17,2025-07-18,Express Courier,TRK-11578-8835,Delivered
8836,11579,2024-05-16 21:27:39,2024-05-20,2024-05-20,Standard Ground,TRK-11579-8836,Delivered
8837,11580,2026-05-02 12:44:47,2026-05-06,2026-05-06,Next-Day Air,TRK-11580-8837,Delivered
8838,11582,2024-01-24 00:17:36,2024-01-28,2024-01-28,Next-Day Air,TRK-11582-8838,Delivered
8839,11583,2026-01-09 01:44:54,2026-01-13,2026-01-11,Next-Day Air,TRK-11583-8839,Delivered
8840,11584,2025-12-28 12:02:09,2026-01-01,2026-01-02,Next-Day Air,TRK-11584-8840,Delivered
8841,11585,2026-05-05 00:56:37,2026-05-09,2026-05-07,Standard Ground,TRK-11585-8841,Delivered
8842,11587,2026-08-15 02:42:12,2026-08-19,2026-08-20,Express Courier,TRK-11587-8842,Delivered
8843,11588,2026-08-31 14:49:44,2026-09-04,2026-09-04,Standard Ground,TRK-11588-8843,Delivered
8844,11589,2026-08-10 20:19:21,2026-08-14,2026-08-12,Express Courier,TRK-11589-8844,Delivered
8845,11590,2025-06-24 01:13:37,2025-06-28,2025-06-28,Next-Day Air,TRK-11590-8845,Delivered
8846,11591,2025-09-30 22:54:10,2025-10-04,2025-10-04,Express Courier,TRK-11591-8846,Delivered
8847,11592,2026-07-28 09:55:49,2026-08-01,2026-07-30,Express Courier,TRK-11592-8847,Delivered
8848,11593,2025-02-02 09:44:48,2025-02-06,2025-02-05,Next-Day Air,TRK-11593-8848,Delivered
8849,11595,2025-12-27 00:17:09,2025-12-31,2025-12-30,Standard Ground,TRK-11595-8849,Delivered
8850,11596,2026-07-20 17:11:52,2026-07-24,2026-07-22,Express Courier,TRK-11596-8850,Delivered
8851,11598,2025-10-17 18:46:05,2025-10-21,2025-10-20,Standard Ground,TRK-11598-8851,Delivered
8852,11599,2025-08-09 12:24:10,2025-08-13,2025-08-11,Standard Ground,TRK-11599-8852,Delivered
8853,11600,2026-03-02 05:50:50,2026-03-06,2026-03-07,Standard Ground,TRK-11600-8853,Delivered
8854,11602,2026-08-15 21:36:06,2026-08-19,2026-08-18,Express Courier,TRK-11602-8854,Delivered
8855,11603,2024-10-12 13:37:15,2024-10-16,2024-10-16,Express Courier,TRK-11603-8855,Delivered
8856,11604,2024-09-26 19:37:09,2024-09-30,,Express Courier,TRK-11604-8856,In Transit
8857,11606,2025-03-29 11:18:33,2025-04-02,2025-04-03,Standard Ground,TRK-11606-8857,Delivered
8858,11609,2026-07-02 16:54:45,2026-07-06,2026-07-07,Express Courier,TRK-11609-8858,Delivered
8859,11610,2026-04-27 09:22:13,2026-05-01,2026-05-01,Next-Day Air,TRK-11610-8859,Delivered
8860,11611,2026-05-29 20:03:26,2026-06-02,2026-06-02,Next-Day Air,TRK-11611-8860,Delivered
8861,11612,2026-08-10 12:02:22,2026-08-14,2026-08-13,Next-Day Air,TRK-11612-8861,Delivered
8862,11613,2026-07-22 20:16:18,2026-07-26,2026-07-27,Standard Ground,TRK-11613-8862,Delivered
8863,11614,2025-03-08 10:09:41,2025-03-12,2025-03-11,Next-Day Air,TRK-11614-8863,Delivered
8864,11616,2025-09-11 09:54:52,2025-09-15,2025-09-14,Next-Day Air,TRK-11616-8864,Delivered
8865,11617,2025-10-30 03:11:20,2025-11-03,,Express Courier,TRK-11617-8865,In Transit
8866,11618,2026-04-18 22:53:43,2026-04-22,,Express Courier,TRK-11618-8866,In Transit
8867,11619,2025-06-04 04:21:39,2025-06-08,2025-06-07,Next-Day Air,TRK-11619-8867,Delivered
8868,11620,2026-05-04 05:35:40,2026-05-08,2026-05-07,Next-Day Air,TRK-11620-8868,Delivered
8869,11621,2025-05-23 00:03:04,2025-05-27,2025-05-25,Express Courier,TRK-11621-8869,Delivered
8870,11622,2025-11-23 10:38:43,2025-11-27,2025-11-27,Next-Day Air,TRK-11622-8870,Delivered
8871,11626,2026-02-15 12:49:13,2026-02-19,2026-02-20,Express Courier,TRK-11626-8871,Delivered
8872,11627,2025-07-03 21:17:21,2025-07-07,2025-07-08,Next-Day Air,TRK-11627-8872,Delivered
8873,11628,2026-09-02 21:55:22,2026-09-06,2026-09-04,Next-Day Air,TRK-11628-8873,Delivered
8874,11630,2026-08-24 08:14:46,2026-08-28,2026-08-29,Express Courier,TRK-11630-8874,Delivered
8875,11631,2026-02-28 05:11:58,2026-03-04,2026-03-03,Standard Ground,TRK-11631-8875,Delivered
8876,11633,2024-10-30 04:46:36,2024-11-03,2024-11-03,Express Courier,TRK-11633-8876,Delivered
8877,11634,2026-01-10 04:58:24,2026-01-14,2026-01-15,Express Courier,TRK-11634-8877,Delivered
8878,11635,2026-07-11 13:16:48,2026-07-15,2026-07-14,Express Courier,TRK-11635-8878,Delivered
8879,11636,2025-10-22 02:43:19,2025-10-26,2025-10-27,Standard Ground,TRK-11636-8879,Delivered
8880,11638,2025-12-29 12:16:31,2026-01-02,2026-01-03,Next-Day Air,TRK-11638-8880,Delivered
8881,11639,2026-02-04 02:36:49,2026-02-08,2026-02-08,Next-Day Air,TRK-11639-8881,Delivered
8882,11640,2025-03-30 18:50:06,2025-04-03,2025-04-03,Next-Day Air,TRK-11640-8882,Delivered
8883,11642,2025-05-29 02:38:44,2025-06-02,,Next-Day Air,TRK-11642-8883,In Transit
8884,11643,2025-04-14 03:57:16,2025-04-18,2025-04-18,Next-Day Air,TRK-11643-8884,Delivered
8885,11644,2025-09-10 23:53:19,2025-09-14,2025-09-14,Standard Ground,TRK-11644-8885,Delivered
8886,11645,2024-10-23 04:15:16,2024-10-27,2024-10-27,Next-Day Air,TRK-11645-8886,Delivered
8887,11646,2026-06-26 07:10:57,2026-06-30,2026-06-29,Standard Ground,TRK-11646-8887,Delivered
8888,11648,2026-08-17 03:36:14,2026-08-21,2026-08-19,Next-Day Air,TRK-11648-8888,Delivered
8889,11649,2026-08-09 20:41:07,2026-08-13,2026-08-12,Standard Ground,TRK-11649-8889,Delivered
8890,11650,2026-03-18 18:29:57,2026-03-22,2026-03-20,Standard Ground,TRK-11650-8890,Delivered
8891,11651,2026-09-01 03:50:29,2026-09-05,2026-09-03,Standard Ground,TRK-11651-8891,Delivered
8892,11652,2024-04-30 23:53:09,2024-05-04,2024-05-05,Standard Ground,TRK-11652-8892,Delivered
8893,11653,2024-12-23 09:35:05,2024-12-27,2024-12-28,Next-Day Air,TRK-11653-8893,Delivered
8894,11654,2026-08-05 05:28:51,2026-08-09,,Standard Ground,TRK-11654-8894,In Transit
8895,11655,2025-08-03 11:42:02,2025-08-07,2025-08-08,Express Courier,TRK-11655-8895,Delivered
8896,11656,2026-02-12 12:55:07,2026-02-16,2026-02-14,Express Courier,TRK-11656-8896,Delivered
8897,11657,2024-06-05 23:16:31,2024-06-09,2024-06-07,Next-Day Air,TRK-11657-8897,Delivered
8898,11658,2025-06-03 01:49:31,2025-06-07,2025-06-05,Standard Ground,TRK-11658-8898,Delivered
8899,11659,2026-08-28 01:40:00,2026-09-01,2026-09-02,Next-Day Air,TRK-11659-8899,Delivered
8900,11660,2026-05-17 15:15:03,2026-05-21,,Next-Day Air,TRK-11660-8900,In Transit
8901,11661,2026-04-22 19:56:44,2026-04-26,,Express Courier,TRK-11661-8901,In Transit
8902,11662,2025-07-10 07:58:08,2025-07-14,2025-07-13,Standard Ground,TRK-11662-8902,Delivered
8903,11663,2026-01-07 01:29:10,2026-01-11,2026-01-12,Next-Day Air,TRK-11663-8903,Delivered
8904,11664,2024-07-18 00:50:06,2024-07-22,2024-07-20,Next-Day Air,TRK-11664-8904,Delivered
8905,11665,2026-07-06 02:03:09,2026-07-10,2026-07-11,Next-Day Air,TRK-11665-8905,Delivered
8906,11666,2025-07-27 17:29:35,2025-07-31,2025-07-30,Next-Day Air,TRK-11666-8906,Delivered
8907,11669,2026-05-07 07:56:33,2026-05-11,2026-05-11,Standard Ground,TRK-11669-8907,Delivered
8908,11670,2026-08-24 11:38:35,2026-08-28,2026-08-26,Next-Day Air,TRK-11670-8908,Delivered
8909,11671,2025-05-02 21:36:51,2025-05-06,,Next-Day Air,TRK-11671-8909,In Transit
8910,11672,2024-12-31 01:21:25,2025-01-04,,Express Courier,TRK-11672-8910,In Transit
8911,11673,2026-04-03 19:45:21,2026-04-07,2026-04-05,Standard Ground,TRK-11673-8911,Delivered
8912,11674,2024-07-31 07:53:49,2024-08-04,2024-08-03,Express Courier,TRK-11674-8912,Delivered
8913,11675,2026-08-14 01:15:00,2026-08-18,2026-08-16,Express Courier,TRK-11675-8913,Delivered
8914,11676,2026-08-12 14:06:29,2026-08-16,,Express Courier,TRK-11676-8914,In Transit
8915,11678,2026-03-18 02:59:56,2026-03-22,2026-03-22,Standard Ground,TRK-11678-8915,Delivered
8916,11682,2026-06-13 03:29:51,2026-06-17,,Next-Day Air,TRK-11682-8916,In Transit
8917,11683,2026-03-14 16:46:40,2026-03-18,2026-03-16,Next-Day Air,TRK-11683-8917,Delivered
8918,11684,2026-07-30 20:16:59,2026-08-03,2026-08-03,Standard Ground,TRK-11684-8918,Delivered
8919,11685,2026-01-13 06:53:33,2026-01-17,2026-01-16,Standard Ground,TRK-11685-8919,Delivered
8920,11686,2026-08-18 21:29:36,2026-08-22,2026-08-20,Standard Ground,TRK-11686-8920,Delivered
8921,11687,2025-11-29 03:52:55,2025-12-03,2025-12-03,Next-Day Air,TRK-11687-8921,Delivered
8922,11688,2026-03-26 23:29:15,2026-03-30,2026-03-31,Express Courier,TRK-11688-8922,Delivered
8923,11689,2025-08-19 09:53:16,2025-08-23,,Standard Ground,TRK-11689-8923,In Transit
8924,11690,2026-09-01 17:22:08,2026-09-05,2026-09-03,Next-Day Air,TRK-11690-8924,Delivered
8925,11691,2026-04-30 00:00:58,2026-05-04,,Standard Ground,TRK-11691-8925,In Transit
8926,11692,2024-12-09 14:21:33,2024-12-13,2024-12-13,Standard Ground,TRK-11692-8926,Delivered
8927,11693,2026-04-26 06:15:25,2026-04-30,2026-04-28,Express Courier,TRK-11693-8927,Delivered
8928,11694,2025-12-09 22:25:03,2025-12-13,2025-12-12,Next-Day Air,TRK-11694-8928,Delivered
8929,11695,2025-04-16 11:18:31,2025-04-20,2025-04-20,Express Courier,TRK-11695-8929,Delivered
8930,11696,2026-07-24 18:43:46,2026-07-28,2026-07-27,Standard Ground,TRK-11696-8930,Delivered
8931,11698,2026-08-10 06:22:49,2026-08-14,2026-08-13,Next-Day Air,TRK-11698-8931,Delivered
8932,11699,2026-06-10 09:34:12,2026-06-14,2026-06-14,Standard Ground,TRK-11699-8932,Delivered
8933,11700,2025-10-20 16:19:11,2025-10-24,,Next-Day Air,TRK-11700-8933,In Transit
8934,11701,2025-10-29 03:48:44,2025-11-02,,Express Courier,TRK-11701-8934,In Transit
8935,11703,2025-11-20 01:59:48,2025-11-24,2025-11-23,Standard Ground,TRK-11703-8935,Delivered
8936,11704,2026-06-25 06:18:06,2026-06-29,2026-06-29,Next-Day Air,TRK-11704-8936,Delivered
8937,11705,2024-05-20 22:35:39,2024-05-24,2024-05-23,Express Courier,TRK-11705-8937,Delivered
8938,11706,2026-05-09 20:31:40,2026-05-13,2026-05-13,Standard Ground,TRK-11706-8938,Delivered
8939,11707,2026-08-01 13:31:58,2026-08-05,,Standard Ground,TRK-11707-8939,In Transit
8940,11708,2026-02-02 20:22:04,2026-02-06,2026-02-06,Standard Ground,TRK-11708-8940,Delivered
8941,11709,2026-09-01 14:41:03,2026-09-05,2026-09-06,Next-Day Air,TRK-11709-8941,Delivered
8942,11710,2024-06-20 22:58:02,2024-06-24,2024-06-23,Standard Ground,TRK-11710-8942,Delivered
8943,11713,2026-03-28 23:08:54,2026-04-01,2026-03-31,Standard Ground,TRK-11713-8943,Delivered
8944,11714,2026-01-08 12:01:06,2026-01-12,2026-01-10,Express Courier,TRK-11714-8944,Delivered
8945,11715,2026-08-15 23:09:05,2026-08-19,2026-08-19,Standard Ground,TRK-11715-8945,Delivered
8946,11716,2024-07-16 22:15:03,2024-07-20,2024-07-19,Express Courier,TRK-11716-8946,Delivered
8947,11719,2024-11-16 05:41:37,2024-11-20,2024-11-18,Next-Day Air,TRK-11719-8947,Delivered
8948,11720,2026-06-13 15:09:40,2026-06-17,2026-06-15,Express Courier,TRK-11720-8948,Delivered
8949,11721,2026-08-31 16:13:30,2026-09-04,2026-09-02,Next-Day Air,TRK-11721-8949,Delivered
8950,11722,2026-08-16 15:21:21,2026-08-20,,Standard Ground,TRK-11722-8950,In Transit
8951,11723,2026-07-07 01:32:13,2026-07-11,2026-07-09,Standard Ground,TRK-11723-8951,Delivered
8952,11724,2026-08-27 07:21:17,2026-08-31,2026-08-31,Express Courier,TRK-11724-8952,Delivered
8953,11725,2026-04-23 18:26:00,2026-04-27,2026-04-28,Express Courier,TRK-11725-8953,Delivered
8954,11726,2026-09-02 05:58:37,2026-09-06,2026-09-07,Express Courier,TRK-11726-8954,Delivered
8955,11727,2024-01-21 05:31:45,2024-01-25,2024-01-24,Standard Ground,TRK-11727-8955,Delivered
8956,11728,2026-08-18 11:03:41,2026-08-22,2026-08-23,Next-Day Air,TRK-11728-8956,Delivered
8957,11729,2026-01-04 09:09:30,2026-01-08,,Next-Day Air,TRK-11729-8957,In Transit
8958,11731,2026-05-12 08:31:51,2026-05-16,,Next-Day Air,TRK-11731-8958,In Transit
8959,11732,2026-04-09 04:28:18,2026-04-13,2026-04-12,Standard Ground,TRK-11732-8959,Delivered
8960,11733,2025-03-22 10:21:54,2025-03-26,2025-03-25,Next-Day Air,TRK-11733-8960,Delivered
8961,11734,2025-01-13 08:17:24,2025-01-17,2025-01-17,Standard Ground,TRK-11734-8961,Delivered
8962,11735,2025-08-09 10:52:58,2025-08-13,2025-08-11,Standard Ground,TRK-11735-8962,Delivered
8963,11736,2026-06-18 04:16:36,2026-06-22,,Express Courier,TRK-11736-8963,In Transit
8964,11737,2024-11-01 07:12:01,2024-11-05,,Express Courier,TRK-11737-8964,In Transit
8965,11738,2025-12-10 16:40:26,2025-12-14,2025-12-14,Standard Ground,TRK-11738-8965,Delivered
8966,11739,2024-07-31 23:12:06,2024-08-04,2024-08-05,Express Courier,TRK-11739-8966,Delivered
8967,11740,2025-09-03 02:07:46,2025-09-07,2025-09-08,Express Courier,TRK-11740-8967,Delivered
8968,11741,2026-07-08 21:00:00,2026-07-12,2026-07-12,Next-Day Air,TRK-11741-8968,Delivered
8969,11742,2026-09-02 03:44:16,2026-09-06,2026-09-04,Express Courier,TRK-11742-8969,Delivered
8970,11743,2025-10-29 02:50:37,2025-11-02,2025-11-02,Standard Ground,TRK-11743-8970,Delivered
8971,11744,2026-08-26 23:06:39,2026-08-30,2026-08-30,Next-Day Air,TRK-11744-8971,Delivered
8972,11746,2025-11-02 13:05:17,2025-11-06,2025-11-05,Express Courier,TRK-11746-8972,Delivered
8973,11747,2025-10-17 13:40:06,2025-10-21,2025-10-20,Standard Ground,TRK-11747-8973,Delivered
8974,11748,2024-12-04 02:29:31,2024-12-08,2024-12-06,Next-Day Air,TRK-11748-8974,Delivered
8975,11750,2025-09-20 17:27:47,2025-09-24,2025-09-24,Standard Ground,TRK-11750-8975,Delivered
8976,11751,2026-07-14 18:43:52,2026-07-18,,Standard Ground,TRK-11751-8976,In Transit
8977,11752,2025-07-21 21:50:42,2025-07-25,2025-07-26,Express Courier,TRK-11752-8977,Delivered
8978,11754,2024-12-05 07:24:53,2024-12-09,2024-12-08,Standard Ground,TRK-11754-8978,Delivered
8979,11755,2026-03-14 18:33:16,2026-03-18,2026-03-18,Express Courier,TRK-11755-8979,Delivered
8980,11756,2026-06-14 04:27:39,2026-06-18,2026-06-17,Standard Ground,TRK-11756-8980,Delivered
8981,11757,2025-10-21 20:28:24,2025-10-25,2025-10-25,Express Courier,TRK-11757-8981,Delivered
8982,11761,2026-02-23 06:36:40,2026-02-27,2026-02-26,Express Courier,TRK-11761-8982,Delivered
8983,11762,2024-08-05 19:32:37,2024-08-09,2024-08-09,Express Courier,TRK-11762-8983,Delivered
8984,11764,2026-07-26 04:58:45,2026-07-30,,Standard Ground,TRK-11764-8984,In Transit
8985,11765,2026-07-07 22:02:51,2026-07-11,2026-07-10,Next-Day Air,TRK-11765-8985,Delivered
8986,11766,2025-10-21 16:50:34,2025-10-25,2025-10-25,Standard Ground,TRK-11766-8986,Delivered
8987,11768,2025-02-08 06:16:08,2025-02-12,2025-02-12,Express Courier,TRK-11768-8987,Delivered
8988,11770,2025-09-16 06:07:28,2025-09-20,2025-09-20,Express Courier,TRK-11770-8988,Delivered
8989,11771,2026-09-03 21:47:11,2026-09-07,,Next-Day Air,TRK-11771-8989,In Transit
8990,11772,2026-03-16 16:33:14,2026-03-20,2026-03-21,Express Courier,TRK-11772-8990,Delivered
8991,11773,2026-02-24 22:24:57,2026-02-28,2026-03-01,Express Courier,TRK-11773-8991,Delivered
8992,11774,2026-07-24 00:47:09,2026-07-28,2026-07-26,Standard Ground,TRK-11774-8992,Delivered
8993,11776,2026-02-10 21:55:10,2026-02-14,,Express Courier,TRK-11776-8993,In Transit
8994,11777,2026-04-30 06:16:57,2026-05-04,2026-05-02,Next-Day Air,TRK-11777-8994,Delivered
8995,11778,2025-07-08 03:15:33,2025-07-12,,Standard Ground,TRK-11778-8995,In Transit
8996,11779,2026-01-30 19:00:05,2026-02-03,2026-02-02,Standard Ground,TRK-11779-8996,Delivered
8997,11780,2026-04-30 00:42:40,2026-05-04,2026-05-05,Standard Ground,TRK-11780-8997,Delivered
8998,11781,2025-09-01 15:30:22,2025-09-05,2025-09-04,Next-Day Air,TRK-11781-8998,Delivered
8999,11783,2026-08-25 16:45:55,2026-08-29,,Next-Day Air,TRK-11783-8999,In Transit
9000,11785,2026-02-10 07:13:18,2026-02-14,2026-02-12,Standard Ground,TRK-11785-9000,Delivered
9001,11787,2026-03-12 12:56:48,2026-03-16,,Standard Ground,TRK-11787-9001,In Transit
9002,11788,2026-01-20 02:50:45,2026-01-24,2026-01-24,Express Courier,TRK-11788-9002,Delivered
9003,11789,2026-05-19 10:39:41,2026-05-23,2026-05-22,Next-Day Air,TRK-11789-9003,Delivered
9004,11790,2026-01-02 01:28:50,2026-01-06,2026-01-04,Standard Ground,TRK-11790-9004,Delivered
9005,11791,2025-10-19 23:43:38,2025-10-23,2025-10-22,Standard Ground,TRK-11791-9005,Delivered
9006,11792,2026-01-11 04:15:11,2026-01-15,2026-01-14,Express Courier,TRK-11792-9006,Delivered
9007,11793,2026-07-11 07:39:17,2026-07-15,2026-07-16,Next-Day Air,TRK-11793-9007,Delivered
9008,11794,2026-02-14 15:24:55,2026-02-18,2026-02-18,Standard Ground,TRK-11794-9008,Delivered
9009,11797,2026-05-16 07:13:29,2026-05-20,,Next-Day Air,TRK-11797-9009,In Transit
9010,11798,2026-01-14 16:18:55,2026-01-18,2026-01-16,Next-Day Air,TRK-11798-9010,Delivered
9011,11799,2025-06-03 20:37:09,2025-06-07,2025-06-08,Next-Day Air,TRK-11799-9011,Delivered
9012,11800,2026-06-22 21:01:53,2026-06-26,2026-06-24,Express Courier,TRK-11800-9012,Delivered
9013,11801,2026-08-26 08:56:41,2026-08-30,,Standard Ground,TRK-11801-9013,In Transit
9014,11802,2024-05-21 03:07:32,2024-05-25,2024-05-24,Express Courier,TRK-11802-9014,Delivered
9015,11804,2024-10-16 14:10:03,2024-10-20,2024-10-19,Next-Day Air,TRK-11804-9015,Delivered
9016,11805,2025-02-11 16:17:12,2025-02-15,2025-02-14,Next-Day Air,TRK-11805-9016,Delivered
9017,11806,2026-07-03 16:59:27,2026-07-07,2026-07-05,Standard Ground,TRK-11806-9017,Delivered
9018,11807,2025-08-26 12:20:04,2025-08-30,2025-08-29,Standard Ground,TRK-11807-9018,Delivered
9019,11808,2024-06-16 10:49:26,2024-06-20,,Express Courier,TRK-11808-9019,In Transit
9020,11809,2026-03-09 06:16:19,2026-03-13,2026-03-11,Standard Ground,TRK-11809-9020,Delivered
9021,11810,2026-04-16 03:16:51,2026-04-20,2026-04-19,Next-Day Air,TRK-11810-9021,Delivered
9022,11811,2025-04-07 05:22:53,2025-04-11,,Next-Day Air,TRK-11811-9022,In Transit
9023,11812,2025-05-26 23:14:57,2025-05-30,2025-05-28,Next-Day Air,TRK-11812-9023,Delivered
9024,11813,2026-03-11 06:01:08,2026-03-15,2026-03-16,Next-Day Air,TRK-11813-9024,Delivered
9025,11814,2025-07-20 17:43:02,2025-07-24,2025-07-24,Standard Ground,TRK-11814-9025,Delivered
9026,11815,2025-06-15 07:27:18,2025-06-19,2025-06-19,Standard Ground,TRK-11815-9026,Delivered
9027,11816,2025-09-14 22:07:57,2025-09-18,2025-09-16,Standard Ground,TRK-11816-9027,Delivered
9028,11817,2026-03-29 06:36:50,2026-04-02,,Express Courier,TRK-11817-9028,In Transit
9029,11819,2026-03-05 21:52:21,2026-03-09,2026-03-09,Next-Day Air,TRK-11819-9029,Delivered
9030,11820,2025-10-19 01:00:28,2025-10-23,,Standard Ground,TRK-11820-9030,In Transit
9031,11821,2025-12-27 16:14:14,2025-12-31,,Next-Day Air,TRK-11821-9031,In Transit
9032,11822,2024-10-23 19:03:52,2024-10-27,2024-10-27,Express Courier,TRK-11822-9032,Delivered
9033,11823,2026-09-01 20:46:28,2026-09-05,2026-09-03,Next-Day Air,TRK-11823-9033,Delivered
9034,11824,2026-08-16 06:29:59,2026-08-20,2026-08-18,Next-Day Air,TRK-11824-9034,Delivered
9035,11825,2026-06-09 11:39:50,2026-06-13,2026-06-14,Next-Day Air,TRK-11825-9035,Delivered
9036,11826,2024-01-26 19:07:44,2024-01-30,2024-01-29,Next-Day Air,TRK-11826-9036,Delivered
9037,11827,2025-11-01 13:50:30,2025-11-05,2025-11-03,Express Courier,TRK-11827-9037,Delivered
9038,11828,2026-01-15 19:01:09,2026-01-19,2026-01-19,Express Courier,TRK-11828-9038,Delivered
9039,11833,2026-07-01 21:27:36,2026-07-05,2026-07-03,Next-Day Air,TRK-11833-9039,Delivered
9040,11834,2025-02-23 01:07:50,2025-02-27,2025-02-26,Next-Day Air,TRK-11834-9040,Delivered
9041,11835,2026-01-17 04:37:54,2026-01-21,,Standard Ground,TRK-11835-9041,In Transit
9042,11837,2026-04-16 15:56:47,2026-04-20,2026-04-21,Next-Day Air,TRK-11837-9042,Delivered
9043,11841,2024-04-03 18:59:10,2024-04-07,,Express Courier,TRK-11841-9043,In Transit
9044,11842,2026-06-28 18:35:02,2026-07-02,2026-07-03,Standard Ground,TRK-11842-9044,Delivered
9045,11843,2026-02-13 11:19:05,2026-02-17,2026-02-17,Express Courier,TRK-11843-9045,Delivered
9046,11844,2025-11-17 15:34:31,2025-11-21,2025-11-21,Express Courier,TRK-11844-9046,Delivered
9047,11845,2024-07-10 01:57:16,2024-07-14,2024-07-14,Next-Day Air,TRK-11845-9047,Delivered
9048,11846,2026-08-29 21:15:43,2026-09-02,2026-09-02,Express Courier,TRK-11846-9048,Delivered
9049,11849,2025-01-25 01:48:03,2025-01-29,2025-01-28,Next-Day Air,TRK-11849-9049,Delivered
9050,11851,2026-02-17 16:42:12,2026-02-21,,Standard Ground,TRK-11851-9050,In Transit
9051,11853,2025-09-29 02:12:20,2025-10-03,2025-10-01,Standard Ground,TRK-11853-9051,Delivered
9052,11855,2026-08-14 15:45:04,2026-08-18,2026-08-16,Standard Ground,TRK-11855-9052,Delivered
9053,11856,2026-06-02 16:49:17,2026-06-06,2026-06-04,Next-Day Air,TRK-11856-9053,Delivered
9054,11859,2026-03-25 07:33:36,2026-03-29,2026-03-30,Standard Ground,TRK-11859-9054,Delivered
9055,11860,2026-05-28 08:32:09,2026-06-01,2026-06-02,Standard Ground,TRK-11860-9055,Delivered
9056,11863,2025-05-10 10:03:17,2025-05-14,,Express Courier,TRK-11863-9056,In Transit
9057,11864,2024-07-17 01:37:27,2024-07-21,,Next-Day Air,TRK-11864-9057,In Transit
9058,11865,2025-02-19 16:06:44,2025-02-23,,Standard Ground,TRK-11865-9058,In Transit
9059,11866,2026-07-07 13:29:39,2026-07-11,,Next-Day Air,TRK-11866-9059,In Transit
9060,11867,2024-08-20 03:26:59,2024-08-24,2024-08-24,Next-Day Air,TRK-11867-9060,Delivered
9061,11868,2025-12-03 03:22:52,2025-12-07,2025-12-08,Express Courier,TRK-11868-9061,Delivered
9062,11870,2025-12-28 12:14:41,2026-01-01,2026-01-01,Standard Ground,TRK-11870-9062,Delivered
9063,11873,2025-01-25 04:48:58,2025-01-29,2025-01-28,Standard Ground,TRK-11873-9063,Delivered
9064,11876,2025-02-14 10:02:20,2025-02-18,2025-02-19,Standard Ground,TRK-11876-9064,Delivered
9065,11877,2026-08-02 15:25:43,2026-08-06,2026-08-06,Next-Day Air,TRK-11877-9065,Delivered
9066,11878,2026-04-16 17:21:14,2026-04-20,2026-04-21,Express Courier,TRK-11878-9066,Delivered
9067,11879,2024-12-06 11:58:03,2024-12-10,,Express Courier,TRK-11879-9067,In Transit
9068,11881,2026-06-30 09:50:03,2026-07-04,2026-07-05,Express Courier,TRK-11881-9068,Delivered
9069,11882,2024-12-16 06:14:18,2024-12-20,2024-12-18,Next-Day Air,TRK-11882-9069,Delivered
9070,11883,2026-01-28 00:47:12,2026-02-01,2026-02-01,Express Courier,TRK-11883-9070,Delivered
9071,11884,2026-07-26 04:41:07,2026-07-30,2026-07-31,Standard Ground,TRK-11884-9071,Delivered
9072,11885,2026-07-18 16:20:55,2026-07-22,2026-07-20,Express Courier,TRK-11885-9072,Delivered
9073,11886,2025-08-08 02:37:22,2025-08-12,2025-08-11,Express Courier,TRK-11886-9073,Delivered
9074,11887,2026-02-18 19:41:31,2026-02-22,2026-02-22,Standard Ground,TRK-11887-9074,Delivered
9075,11888,2026-08-23 05:33:07,2026-08-27,2026-08-25,Express Courier,TRK-11888-9075,Delivered
9076,11889,2026-01-04 22:24:06,2026-01-08,2026-01-07,Next-Day Air,TRK-11889-9076,Delivered
9077,11890,2025-12-12 09:22:55,2025-12-16,2025-12-16,Express Courier,TRK-11890-9077,Delivered
9078,11891,2026-07-29 23:42:11,2026-08-02,2026-08-03,Next-Day Air,TRK-11891-9078,Delivered
9079,11892,2025-09-25 18:36:49,2025-09-29,2025-09-30,Standard Ground,TRK-11892-9079,Delivered
9080,11893,2026-07-18 13:44:49,2026-07-22,2026-07-22,Express Courier,TRK-11893-9080,Delivered
9081,11895,2026-05-03 08:51:01,2026-05-07,2026-05-05,Standard Ground,TRK-11895-9081,Delivered
9082,11896,2024-07-03 02:32:10,2024-07-07,2024-07-05,Standard Ground,TRK-11896-9082,Delivered
9083,11897,2025-08-03 17:18:35,2025-08-07,2025-08-08,Standard Ground,TRK-11897-9083,Delivered
9084,11898,2025-10-17 13:53:47,2025-10-21,2025-10-19,Standard Ground,TRK-11898-9084,Delivered
9085,11899,2026-03-09 02:31:56,2026-03-13,2026-03-12,Standard Ground,TRK-11899-9085,Delivered
9086,11900,2026-02-24 23:09:05,2026-02-28,2026-03-01,Next-Day Air,TRK-11900-9086,Delivered
9087,11901,2026-08-22 20:41:51,2026-08-26,2026-08-27,Express Courier,TRK-11901-9087,Delivered
9088,11902,2026-09-01 21:39:43,2026-09-05,2026-09-04,Next-Day Air,TRK-11902-9088,Delivered
9089,11903,2026-01-21 21:49:07,2026-01-25,2026-01-24,Next-Day Air,TRK-11903-9089,Delivered
9090,11904,2026-08-25 23:41:46,2026-08-29,2026-08-28,Standard Ground,TRK-11904-9090,Delivered
9091,11905,2025-06-19 23:36:14,2025-06-23,,Standard Ground,TRK-11905-9091,In Transit
9092,11906,2026-03-07 11:30:05,2026-03-11,2026-03-09,Next-Day Air,TRK-11906-9092,Delivered
9093,11907,2026-02-23 17:53:11,2026-02-27,,Standard Ground,TRK-11907-9093,In Transit
9094,11908,2026-08-01 08:52:12,2026-08-05,2026-08-05,Express Courier,TRK-11908-9094,Delivered
9095,11909,2025-12-31 09:13:11,2026-01-04,2026-01-04,Next-Day Air,TRK-11909-9095,Delivered
9096,11910,2024-08-26 08:28:13,2024-08-30,2024-08-30,Express Courier,TRK-11910-9096,Delivered
9097,11912,2026-09-02 22:26:14,2026-09-06,2026-09-06,Express Courier,TRK-11912-9097,Delivered
9098,11913,2026-06-03 04:03:16,2026-06-07,2026-06-06,Express Courier,TRK-11913-9098,Delivered
9099,11914,2026-08-23 01:57:07,2026-08-27,2026-08-25,Standard Ground,TRK-11914-9099,Delivered
9100,11915,2026-07-14 09:57:27,2026-07-18,2026-07-18,Express Courier,TRK-11915-9100,Delivered
9101,11917,2024-10-30 15:29:31,2024-11-03,2024-11-01,Express Courier,TRK-11917-9101,Delivered
9102,11919,2025-10-07 18:40:15,2025-10-11,2025-10-10,Next-Day Air,TRK-11919-9102,Delivered
9103,11920,2026-08-04 12:54:50,2026-08-08,2026-08-07,Standard Ground,TRK-11920-9103,Delivered
9104,11921,2026-05-02 07:17:35,2026-05-06,2026-05-05,Next-Day Air,TRK-11921-9104,Delivered
9105,11922,2026-09-01 12:52:01,2026-09-05,2026-09-05,Next-Day Air,TRK-11922-9105,Delivered
9106,11923,2026-04-02 04:52:54,2026-04-06,2026-04-06,Express Courier,TRK-11923-9106,Delivered
9107,11924,2026-01-27 21:24:28,2026-01-31,,Express Courier,TRK-11924-9107,In Transit
9108,11925,2026-01-05 15:54:40,2026-01-09,2026-01-09,Next-Day Air,TRK-11925-9108,Delivered
9109,11926,2025-09-12 16:30:00,2025-09-16,2025-09-16,Standard Ground,TRK-11926-9109,Delivered
9110,11928,2026-07-14 00:45:26,2026-07-18,2026-07-18,Express Courier,TRK-11928-9110,Delivered
9111,11929,2025-02-09 13:45:06,2025-02-13,2025-02-12,Standard Ground,TRK-11929-9111,Delivered
9112,11930,2026-07-16 11:22:45,2026-07-20,2026-07-21,Express Courier,TRK-11930-9112,Delivered
9113,11931,2025-01-30 16:02:49,2025-02-03,2025-02-02,Standard Ground,TRK-11931-9113,Delivered
9114,11934,2024-08-20 09:52:18,2024-08-24,2024-08-23,Express Courier,TRK-11934-9114,Delivered
9115,11935,2026-08-05 21:06:58,2026-08-09,,Express Courier,TRK-11935-9115,In Transit
9116,11937,2026-02-08 09:22:10,2026-02-12,2026-02-11,Next-Day Air,TRK-11937-9116,Delivered
9117,11939,2026-08-29 11:31:04,2026-09-02,2026-09-02,Standard Ground,TRK-11939-9117,Delivered
9118,11940,2025-06-17 19:53:57,2025-06-21,2025-06-21,Standard Ground,TRK-11940-9118,Delivered
9119,11941,2026-08-14 23:38:00,2026-08-18,,Next-Day Air,TRK-11941-9119,In Transit
9120,11942,2025-03-08 22:43:14,2025-03-12,2025-03-11,Express Courier,TRK-11942-9120,Delivered
9121,11943,2024-12-04 15:34:01,2024-12-08,2024-12-09,Standard Ground,TRK-11943-9121,Delivered
9122,11944,2025-11-07 07:22:56,2025-11-11,2025-11-12,Next-Day Air,TRK-11944-9122,Delivered
9123,11945,2025-09-11 05:58:57,2025-09-15,,Express Courier,TRK-11945-9123,In Transit
9124,11946,2025-07-07 10:16:43,2025-07-11,2025-07-11,Standard Ground,TRK-11946-9124,Delivered
9125,11948,2026-05-16 03:11:59,2026-05-20,2026-05-20,Standard Ground,TRK-11948-9125,Delivered
9126,11950,2025-06-19 16:15:15,2025-06-23,2025-06-22,Next-Day Air,TRK-11950-9126,Delivered
9127,11951,2026-05-24 21:53:07,2026-05-28,2026-05-29,Standard Ground,TRK-11951-9127,Delivered
9128,11953,2026-06-02 00:07:57,2026-06-06,,Express Courier,TRK-11953-9128,In Transit
9129,11955,2025-10-31 09:20:44,2025-11-04,2025-11-03,Express Courier,TRK-11955-9129,Delivered
9130,11958,2026-04-02 06:19:41,2026-04-06,2026-04-07,Next-Day Air,TRK-11958-9130,Delivered
9131,11959,2026-06-23 22:25:19,2026-06-27,2026-06-28,Express Courier,TRK-11959-9131,Delivered
9132,11961,2026-01-18 03:32:53,2026-01-22,2026-01-22,Next-Day Air,TRK-11961-9132,Delivered
9133,11962,2026-09-02 16:43:36,2026-09-06,2026-09-05,Next-Day Air,TRK-11962-9133,Delivered
9134,11965,2025-09-13 14:26:29,2025-09-17,2025-09-15,Next-Day Air,TRK-11965-9134,Delivered
9135,11966,2025-08-11 13:30:23,2025-08-15,2025-08-15,Express Courier,TRK-11966-9135,Delivered
9136,11967,2025-07-22 15:58:51,2025-07-26,,Standard Ground,TRK-11967-9136,In Transit
9137,11968,2025-06-17 15:11:28,2025-06-21,2025-06-19,Express Courier,TRK-11968-9137,Delivered
9138,11969,2025-08-01 02:34:42,2025-08-05,2025-08-03,Next-Day Air,TRK-11969-9138,Delivered
9139,11970,2026-05-12 17:16:47,2026-05-16,,Standard Ground,TRK-11970-9139,In Transit
9140,11971,2025-02-24 15:46:45,2025-02-28,,Express Courier,TRK-11971-9140,In Transit
9141,11974,2024-12-22 04:09:17,2024-12-26,2024-12-26,Standard Ground,TRK-11974-9141,Delivered
9142,11978,2026-08-27 20:09:52,2026-08-31,,Next-Day Air,TRK-11978-9142,In Transit
9143,11979,2024-05-11 18:07:28,2024-05-15,2024-05-14,Next-Day Air,TRK-11979-9143,Delivered
9144,11980,2025-12-27 14:37:33,2025-12-31,,Standard Ground,TRK-11980-9144,In Transit
9145,11981,2026-04-04 14:17:55,2026-04-08,2026-04-07,Express Courier,TRK-11981-9145,Delivered
9146,11983,2026-02-21 19:37:12,2026-02-25,,Standard Ground,TRK-11983-9146,In Transit
9147,11985,2026-08-26 11:25:11,2026-08-30,2026-08-28,Standard Ground,TRK-11985-9147,Delivered
9148,11986,2025-11-27 01:53:59,2025-12-01,2025-11-29,Next-Day Air,TRK-11986-9148,Delivered
9149,11987,2025-10-19 20:51:53,2025-10-23,,Next-Day Air,TRK-11987-9149,In Transit
9150,11988,2025-09-08 15:05:56,2025-09-12,2025-09-10,Express Courier,TRK-11988-9150,Delivered
9151,11989,2025-04-01 02:00:14,2025-04-05,2025-04-03,Next-Day Air,TRK-11989-9151,Delivered
9152,11990,2026-06-21 08:44:46,2026-06-25,2026-06-24,Next-Day Air,TRK-11990-9152,Delivered
9153,11991,2026-08-11 20:37:14,2026-08-15,2026-08-13,Express Courier,TRK-11991-9153,Delivered
9154,11995,2025-08-25 13:56:33,2025-08-29,2025-08-29,Next-Day Air,TRK-11995-9154,Delivered
9155,11996,2025-08-17 20:54:59,2025-08-21,2025-08-19,Next-Day Air,TRK-11996-9155,Delivered
9156,11998,2026-03-19 07:00:06,2026-03-23,,Express Courier,TRK-11998-9156,In Transit
9157,12000,2025-05-11 23:16:13,2025-05-15,2025-05-16,Next-Day Air,TRK-12000-9157,Delivered
9158,12002,2026-06-12 18:14:04,2026-06-16,,Standard Ground,TRK-12002-9158,In Transit
9159,12003,2023-12-23 01:34:02,2023-12-27,2023-12-28,Standard Ground,TRK-12003-9159,Delivered
9160,12004,2026-08-16 11:27:28,2026-08-20,2026-08-21,Express Courier,TRK-12004-9160,Delivered
9161,12005,2026-08-09 11:02:32,2026-08-13,2026-08-12,Next-Day Air,TRK-12005-9161,Delivered
9162,12006,2026-06-21 04:31:59,2026-06-25,2026-06-24,Express Courier,TRK-12006-9162,Delivered
9163,12007,2026-02-19 05:28:09,2026-02-23,2026-02-24,Express Courier,TRK-12007-9163,Delivered
9164,12008,2025-06-01 07:31:54,2025-06-05,2025-06-04,Express Courier,TRK-12008-9164,Delivered
9165,12009,2025-09-29 02:03:48,2025-10-03,,Standard Ground,TRK-12009-9165,In Transit
9166,12010,2024-07-06 23:10:24,2024-07-10,,Standard Ground,TRK-12010-9166,In Transit
9167,12011,2026-03-04 11:51:38,2026-03-08,,Next-Day Air,TRK-12011-9167,In Transit
9168,12012,2026-08-07 20:51:32,2026-08-11,2026-08-10,Standard Ground,TRK-12012-9168,Delivered
9169,12013,2026-06-15 23:29:44,2026-06-19,,Express Courier,TRK-12013-9169,In Transit
9170,12014,2025-09-02 21:14:22,2025-09-06,2025-09-06,Next-Day Air,TRK-12014-9170,Delivered
9171,12015,2026-04-14 12:54:23,2026-04-18,,Next-Day Air,TRK-12015-9171,In Transit
9172,12016,2025-09-05 10:25:16,2025-09-09,2025-09-08,Express Courier,TRK-12016-9172,Delivered
9173,12017,2025-08-11 16:44:15,2025-08-15,2025-08-16,Next-Day Air,TRK-12017-9173,Delivered
9174,12018,2024-08-22 07:05:35,2024-08-26,,Next-Day Air,TRK-12018-9174,In Transit
9175,12019,2024-12-25 08:11:12,2024-12-29,2024-12-30,Express Courier,TRK-12019-9175,Delivered
9176,12020,2026-03-11 05:10:34,2026-03-15,2026-03-16,Express Courier,TRK-12020-9176,Delivered
9177,12021,2026-02-07 12:40:53,2026-02-11,2026-02-12,Standard Ground,TRK-12021-9177,Delivered
9178,12022,2026-02-01 03:59:43,2026-02-05,2026-02-06,Standard Ground,TRK-12022-9178,Delivered
9179,12024,2026-02-05 11:36:36,2026-02-09,,Express Courier,TRK-12024-9179,In Transit
9180,12026,2026-08-01 01:09:46,2026-08-05,2026-08-04,Express Courier,TRK-12026-9180,Delivered
9181,12027,2026-09-03 09:06:38,2026-09-07,2026-09-08,Standard Ground,TRK-12027-9181,Delivered
9182,12029,2026-05-24 01:33:36,2026-05-28,2026-05-26,Express Courier,TRK-12029-9182,Delivered
9183,12030,2026-06-03 16:18:34,2026-06-07,2026-06-08,Standard Ground,TRK-12030-9183,Delivered
9184,12031,2026-04-03 00:32:44,2026-04-07,,Next-Day Air,TRK-12031-9184,In Transit
9185,12032,2026-08-25 10:52:54,2026-08-29,2026-08-28,Express Courier,TRK-12032-9185,Delivered
9186,12033,2025-03-24 15:49:36,2025-03-28,2025-03-28,Next-Day Air,TRK-12033-9186,Delivered
9187,12034,2026-08-12 09:11:32,2026-08-16,2026-08-15,Next-Day Air,TRK-12034-9187,Delivered
9188,12035,2026-09-03 18:11:20,2026-09-07,,Next-Day Air,TRK-12035-9188,In Transit
9189,12036,2025-03-10 00:10:28,2025-03-14,2025-03-13,Standard Ground,TRK-12036-9189,Delivered
9190,12037,2025-01-10 09:08:02,2025-01-14,,Next-Day Air,TRK-12037-9190,In Transit
9191,12038,2026-08-05 19:51:10,2026-08-09,2026-08-10,Standard Ground,TRK-12038-9191,Delivered
9192,12039,2024-09-11 08:40:09,2024-09-15,2024-09-16,Next-Day Air,TRK-12039-9192,Delivered
9193,12040,2025-11-04 22:24:38,2025-11-08,,Next-Day Air,TRK-12040-9193,In Transit
9194,12041,2024-12-01 19:26:24,2024-12-05,2024-12-06,Next-Day Air,TRK-12041-9194,Delivered
9195,12042,2024-05-20 12:14:59,2024-05-24,2024-05-24,Express Courier,TRK-12042-9195,Delivered
9196,12043,2026-09-01 17:26:47,2026-09-05,,Next-Day Air,TRK-12043-9196,In Transit
9197,12045,2026-04-30 06:40:02,2026-05-04,,Next-Day Air,TRK-12045-9197,In Transit
9198,12046,2026-03-04 13:54:36,2026-03-08,2026-03-06,Express Courier,TRK-12046-9198,Delivered
9199,12047,2026-03-26 03:48:02,2026-03-30,2026-03-30,Next-Day Air,TRK-12047-9199,Delivered
9200,12049,2025-12-14 11:07:15,2025-12-18,2025-12-17,Express Courier,TRK-12049-9200,Delivered
9201,12050,2026-08-07 18:09:07,2026-08-11,2026-08-09,Next-Day Air,TRK-12050-9201,Delivered
9202,12051,2025-06-26 17:02:03,2025-06-30,,Standard Ground,TRK-12051-9202,In Transit
9203,12052,2026-03-23 19:06:58,2026-03-27,2026-03-26,Next-Day Air,TRK-12052-9203,Delivered
9204,12053,2024-05-19 02:16:25,2024-05-23,2024-05-22,Standard Ground,TRK-12053-9204,Delivered
9205,12054,2026-03-08 19:21:16,2026-03-12,,Express Courier,TRK-12054-9205,In Transit
9206,12055,2026-06-06 22:16:27,2026-06-10,2026-06-09,Next-Day Air,TRK-12055-9206,Delivered
9207,12057,2025-09-23 10:37:58,2025-09-27,2025-09-25,Standard Ground,TRK-12057-9207,Delivered
9208,12058,2024-04-06 02:30:56,2024-04-10,2024-04-10,Standard Ground,TRK-12058-9208,Delivered
9209,12059,2026-08-28 04:39:37,2026-09-01,2026-09-01,Express Courier,TRK-12059-9209,Delivered
9210,12060,2026-07-19 01:06:16,2026-07-23,2026-07-23,Next-Day Air,TRK-12060-9210,Delivered
9211,12061,2026-02-15 03:11:41,2026-02-19,2026-02-17,Express Courier,TRK-12061-9211,Delivered
9212,12062,2025-09-11 19:48:13,2025-09-15,2025-09-14,Express Courier,TRK-12062-9212,Delivered
9213,12063,2026-03-15 09:50:29,2026-03-19,2026-03-17,Express Courier,TRK-12063-9213,Delivered
9214,12064,2026-06-13 21:25:29,2026-06-17,2026-06-15,Next-Day Air,TRK-12064-9214,Delivered
9215,12065,2026-02-06 03:35:25,2026-02-10,2026-02-11,Standard Ground,TRK-12065-9215,Delivered
9216,12067,2026-03-17 18:14:06,2026-03-21,2026-03-21,Standard Ground,TRK-12067-9216,Delivered
9217,12069,2025-01-05 04:01:33,2025-01-09,2025-01-07,Express Courier,TRK-12069-9217,Delivered
9218,12070,2026-03-07 19:02:39,2026-03-11,2026-03-10,Standard Ground,TRK-12070-9218,Delivered
9219,12071,2026-04-20 12:58:57,2026-04-24,2026-04-22,Next-Day Air,TRK-12071-9219,Delivered
9220,12072,2025-02-24 23:07:55,2025-02-28,2025-02-27,Standard Ground,TRK-12072-9220,Delivered
9221,12073,2026-07-28 09:56:28,2026-08-01,2026-07-31,Standard Ground,TRK-12073-9221,Delivered
9222,12074,2025-12-07 02:30:16,2025-12-11,2025-12-09,Standard Ground,TRK-12074-9222,Delivered
9223,12075,2026-06-25 18:17:50,2026-06-29,2026-06-29,Next-Day Air,TRK-12075-9223,Delivered
9224,12076,2026-08-16 11:42:13,2026-08-20,2026-08-20,Next-Day Air,TRK-12076-9224,Delivered
9225,12077,2025-12-18 01:31:07,2025-12-22,2025-12-20,Standard Ground,TRK-12077-9225,Delivered
9226,12080,2025-01-02 18:12:05,2025-01-06,2025-01-05,Standard Ground,TRK-12080-9226,Delivered
9227,12081,2026-05-26 16:20:20,2026-05-30,,Express Courier,TRK-12081-9227,In Transit
9228,12082,2024-12-31 19:13:42,2025-01-04,2025-01-03,Standard Ground,TRK-12082-9228,Delivered
9229,12083,2026-08-28 15:26:50,2026-09-01,2026-08-31,Standard Ground,TRK-12083-9229,Delivered
9230,12084,2026-07-02 00:29:02,2026-07-06,2026-07-04,Next-Day Air,TRK-12084-9230,Delivered
9231,12085,2025-11-26 10:16:22,2025-11-30,2025-11-28,Next-Day Air,TRK-12085-9231,Delivered
9232,12087,2025-02-14 12:10:03,2025-02-18,2025-02-19,Next-Day Air,TRK-12087-9232,Delivered
9233,12088,2026-07-13 00:33:10,2026-07-17,2026-07-15,Standard Ground,TRK-12088-9233,Delivered
9234,12089,2026-04-19 18:49:58,2026-04-23,,Express Courier,TRK-12089-9234,In Transit
9235,12090,2024-06-18 04:17:59,2024-06-22,2024-06-20,Standard Ground,TRK-12090-9235,Delivered
9236,12091,2025-07-07 17:34:57,2025-07-11,,Standard Ground,TRK-12091-9236,In Transit
9237,12092,2026-05-29 02:47:47,2026-06-02,2026-06-03,Express Courier,TRK-12092-9237,Delivered
9238,12093,2026-02-24 22:45:12,2026-02-28,2026-02-27,Standard Ground,TRK-12093-9238,Delivered
9239,12094,2025-08-09 22:46:59,2025-08-13,2025-08-12,Standard Ground,TRK-12094-9239,Delivered
9240,12095,2026-07-22 02:57:09,2026-07-26,2026-07-25,Express Courier,TRK-12095-9240,Delivered
9241,12096,2024-03-07 11:26:22,2024-03-11,2024-03-11,Standard Ground,TRK-12096-9241,Delivered
9242,12098,2025-06-09 12:44:58,2025-06-13,,Standard Ground,TRK-12098-9242,In Transit
9243,12100,2026-04-09 18:05:57,2026-04-13,2026-04-11,Standard Ground,TRK-12100-9243,Delivered
9244,12101,2025-09-24 22:10:21,2025-09-28,2025-09-27,Next-Day Air,TRK-12101-9244,Delivered
9245,12102,2026-09-03 01:57:40,2026-09-07,,Next-Day Air,TRK-12102-9245,In Transit
9246,12105,2025-06-01 02:32:13,2025-06-05,2025-06-03,Next-Day Air,TRK-12105-9246,Delivered
9247,12106,2025-09-18 14:20:13,2025-09-22,2025-09-23,Standard Ground,TRK-12106-9247,Delivered
9248,12107,2026-03-09 16:30:05,2026-03-13,2026-03-12,Express Courier,TRK-12107-9248,Delivered
9249,12108,2026-07-16 15:40:01,2026-07-20,2026-07-21,Express Courier,TRK-12108-9249,Delivered
9250,12109,2026-04-01 02:28:59,2026-04-05,2026-04-06,Standard Ground,TRK-12109-9250,Delivered
9251,12110,2026-05-15 01:23:04,2026-05-19,2026-05-19,Standard Ground,TRK-12110-9251,Delivered
9252,12111,2025-06-12 02:07:59,2025-06-16,2025-06-15,Next-Day Air,TRK-12111-9252,Delivered
9253,12112,2026-07-07 00:54:38,2026-07-11,,Express Courier,TRK-12112-9253,In Transit
9254,12113,2026-05-14 10:47:49,2026-05-18,2026-05-16,Standard Ground,TRK-12113-9254,Delivered
9255,12114,2026-06-22 15:25:39,2026-06-26,,Next-Day Air,TRK-12114-9255,In Transit
9256,12115,2026-07-13 12:29:05,2026-07-17,2026-07-15,Express Courier,TRK-12115-9256,Delivered
9257,12117,2026-04-26 14:44:07,2026-04-30,2026-04-30,Standard Ground,TRK-12117-9257,Delivered
9258,12118,2026-04-26 04:33:45,2026-04-30,2026-04-29,Express Courier,TRK-12118-9258,Delivered
9259,12119,2025-07-08 04:32:44,2025-07-12,2025-07-10,Express Courier,TRK-12119-9259,Delivered
9260,12120,2025-02-13 07:55:05,2025-02-17,,Next-Day Air,TRK-12120-9260,In Transit
9261,12121,2026-05-11 07:28:05,2026-05-15,2026-05-16,Express Courier,TRK-12121-9261,Delivered
9262,12122,2026-07-12 18:25:57,2026-07-16,2026-07-14,Express Courier,TRK-12122-9262,Delivered
9263,12123,2026-06-02 05:31:55,2026-06-06,2026-06-05,Next-Day Air,TRK-12123-9263,Delivered
9264,12125,2026-05-14 19:08:31,2026-05-18,2026-05-18,Next-Day Air,TRK-12125-9264,Delivered
9265,12126,2026-06-07 04:04:22,2026-06-11,2026-06-10,Standard Ground,TRK-12126-9265,Delivered
9266,12127,2026-08-16 19:46:54,2026-08-20,2026-08-19,Next-Day Air,TRK-12127-9266,Delivered
9267,12129,2025-08-11 04:07:37,2025-08-15,2025-08-16,Standard Ground,TRK-12129-9267,Delivered
9268,12130,2024-02-02 03:51:32,2024-02-06,2024-02-06,Next-Day Air,TRK-12130-9268,Delivered
9269,12131,2023-11-29 07:40:59,2023-12-03,2023-12-02,Express Courier,TRK-12131-9269,Delivered
9270,12132,2026-08-22 17:22:44,2026-08-26,2026-08-27,Standard Ground,TRK-12132-9270,Delivered
9271,12133,2026-07-22 20:07:41,2026-07-26,2026-07-27,Next-Day Air,TRK-12133-9271,Delivered
9272,12134,2026-04-11 21:53:41,2026-04-15,2026-04-13,Standard Ground,TRK-12134-9272,Delivered
9273,12135,2024-02-12 16:01:06,2024-02-16,2024-02-17,Standard Ground,TRK-12135-9273,Delivered
9274,12136,2025-11-19 15:33:48,2025-11-23,2025-11-24,Express Courier,TRK-12136-9274,Delivered
9275,12137,2026-05-23 10:35:30,2026-05-27,2026-05-27,Standard Ground,TRK-12137-9275,Delivered
9276,12138,2026-01-08 01:09:19,2026-01-12,2026-01-13,Express Courier,TRK-12138-9276,Delivered
9277,12139,2024-06-07 00:27:45,2024-06-11,2024-06-12,Next-Day Air,TRK-12139-9277,Delivered
9278,12140,2026-07-06 23:15:16,2026-07-10,2026-07-08,Express Courier,TRK-12140-9278,Delivered
9279,12141,2025-09-27 06:14:08,2025-10-01,2025-09-30,Express Courier,TRK-12141-9279,Delivered
9280,12142,2026-02-15 02:22:29,2026-02-19,2026-02-18,Standard Ground,TRK-12142-9280,Delivered
9281,12143,2026-05-12 18:40:40,2026-05-16,2026-05-15,Express Courier,TRK-12143-9281,Delivered
9282,12144,2025-10-27 08:27:55,2025-10-31,2025-11-01,Standard Ground,TRK-12144-9282,Delivered
9283,12145,2024-12-25 23:15:10,2024-12-29,,Next-Day Air,TRK-12145-9283,In Transit
9284,12146,2026-04-20 17:35:26,2026-04-24,2026-04-22,Standard Ground,TRK-12146-9284,Delivered
9285,12147,2024-05-01 16:23:41,2024-05-05,2024-05-03,Standard Ground,TRK-12147-9285,Delivered
9286,12148,2024-07-20 06:59:36,2024-07-24,2024-07-25,Standard Ground,TRK-12148-9286,Delivered
9287,12151,2025-05-23 13:39:19,2025-05-27,2025-05-28,Next-Day Air,TRK-12151-9287,Delivered
9288,12152,2025-12-17 03:19:19,2025-12-21,2025-12-20,Express Courier,TRK-12152-9288,Delivered
9289,12153,2026-08-03 16:31:49,2026-08-07,,Standard Ground,TRK-12153-9289,In Transit
9290,12155,2024-05-06 12:48:39,2024-05-10,,Next-Day Air,TRK-12155-9290,In Transit
9291,12157,2025-01-20 09:15:06,2025-01-24,,Express Courier,TRK-12157-9291,In Transit
9292,12158,2026-01-06 17:21:32,2026-01-10,2026-01-10,Standard Ground,TRK-12158-9292,Delivered
9293,12159,2024-08-12 10:55:02,2024-08-16,2024-08-17,Standard Ground,TRK-12159-9293,Delivered
9294,12162,2025-04-29 19:40:25,2025-05-03,2025-05-02,Express Courier,TRK-12162-9294,Delivered
9295,12163,2024-12-10 15:51:20,2024-12-14,2024-12-15,Standard Ground,TRK-12163-9295,Delivered
9296,12165,2025-11-13 08:42:14,2025-11-17,2025-11-15,Next-Day Air,TRK-12165-9296,Delivered
9297,12167,2026-03-07 13:05:13,2026-03-11,2026-03-10,Next-Day Air,TRK-12167-9297,Delivered
9298,12169,2026-06-27 00:40:33,2026-07-01,2026-06-30,Next-Day Air,TRK-12169-9298,Delivered
9299,12170,2026-05-11 17:36:15,2026-05-15,2026-05-13,Express Courier,TRK-12170-9299,Delivered
9300,12172,2025-07-31 21:24:29,2025-08-04,2025-08-03,Next-Day Air,TRK-12172-9300,Delivered
9301,12173,2025-10-07 23:06:04,2025-10-11,2025-10-10,Standard Ground,TRK-12173-9301,Delivered
9302,12175,2026-07-06 09:53:41,2026-07-10,,Next-Day Air,TRK-12175-9302,In Transit
9303,12176,2026-06-22 14:22:55,2026-06-26,2026-06-27,Express Courier,TRK-12176-9303,Delivered
9304,12178,2025-03-12 23:23:36,2025-03-16,2025-03-14,Next-Day Air,TRK-12178-9304,Delivered
9305,12179,2024-12-11 12:16:00,2024-12-15,2024-12-15,Standard Ground,TRK-12179-9305,Delivered
9306,12183,2026-08-31 23:22:22,2026-09-04,2026-09-02,Standard Ground,TRK-12183-9306,Delivered
9307,12184,2026-01-14 13:30:52,2026-01-18,2026-01-16,Next-Day Air,TRK-12184-9307,Delivered
9308,12185,2026-08-20 22:18:31,2026-08-24,2026-08-23,Express Courier,TRK-12185-9308,Delivered
9309,12186,2026-06-30 22:46:09,2026-07-04,2026-07-05,Next-Day Air,TRK-12186-9309,Delivered
9310,12187,2024-08-22 13:05:58,2024-08-26,2024-08-24,Express Courier,TRK-12187-9310,Delivered
9311,12188,2025-07-31 20:51:26,2025-08-04,2025-08-03,Express Courier,TRK-12188-9311,Delivered
9312,12189,2026-08-12 13:43:10,2026-08-16,2026-08-15,Next-Day Air,TRK-12189-9312,Delivered
9313,12190,2025-01-24 03:00:14,2025-01-28,2025-01-29,Express Courier,TRK-12190-9313,Delivered
9314,12191,2026-05-20 06:18:30,2026-05-24,2026-05-25,Express Courier,TRK-12191-9314,Delivered
9315,12192,2025-06-13 17:43:49,2025-06-17,2025-06-18,Next-Day Air,TRK-12192-9315,Delivered
9316,12193,2026-09-01 05:54:02,2026-09-05,2026-09-04,Standard Ground,TRK-12193-9316,Delivered
9317,12194,2026-07-02 21:27:59,2026-07-06,2026-07-04,Express Courier,TRK-12194-9317,Delivered
9318,12196,2025-12-14 18:19:54,2025-12-18,,Next-Day Air,TRK-12196-9318,In Transit
9319,12199,2026-07-29 06:09:58,2026-08-02,2026-08-01,Express Courier,TRK-12199-9319,Delivered
9320,12200,2026-06-05 05:07:05,2026-06-09,2026-06-07,Standard Ground,TRK-12200-9320,Delivered
9321,12201,2025-12-09 16:20:26,2025-12-13,2025-12-11,Standard Ground,TRK-12201-9321,Delivered
9322,12203,2025-07-07 01:01:15,2025-07-11,2025-07-09,Standard Ground,TRK-12203-9322,Delivered
9323,12204,2026-04-14 21:16:09,2026-04-18,2026-04-19,Next-Day Air,TRK-12204-9323,Delivered
9324,12205,2026-08-10 21:49:06,2026-08-14,2026-08-15,Express Courier,TRK-12205-9324,Delivered
9325,12206,2026-08-07 08:00:24,2026-08-11,2026-08-09,Next-Day Air,TRK-12206-9325,Delivered
9326,12209,2025-10-10 23:04:54,2025-10-14,2025-10-13,Next-Day Air,TRK-12209-9326,Delivered
9327,12210,2025-04-03 17:56:31,2025-04-07,2025-04-05,Next-Day Air,TRK-12210-9327,Delivered
9328,12213,2026-07-07 17:41:51,2026-07-11,2026-07-09,Express Courier,TRK-12213-9328,Delivered
9329,12214,2025-07-11 02:02:27,2025-07-15,2025-07-14,Standard Ground,TRK-12214-9329,Delivered
9330,12216,2024-11-15 09:29:55,2024-11-19,,Express Courier,TRK-12216-9330,In Transit
9331,12217,2025-10-01 22:13:16,2025-10-05,2025-10-03,Express Courier,TRK-12217-9331,Delivered
9332,12218,2025-01-22 02:58:13,2025-01-26,2025-01-25,Express Courier,TRK-12218-9332,Delivered
9333,12219,2026-03-29 12:38:53,2026-04-02,2026-04-02,Express Courier,TRK-12219-9333,Delivered
9334,12221,2026-08-10 00:31:50,2026-08-14,2026-08-14,Standard Ground,TRK-12221-9334,Delivered
9335,12222,2026-03-04 22:07:56,2026-03-08,2026-03-09,Next-Day Air,TRK-12222-9335,Delivered
9336,12225,2024-04-28 15:56:20,2024-05-02,2024-05-01,Next-Day Air,TRK-12225-9336,Delivered
9337,12226,2026-01-13 22:45:35,2026-01-17,2026-01-16,Express Courier,TRK-12226-9337,Delivered
9338,12227,2024-01-30 16:53:35,2024-02-03,2024-02-04,Next-Day Air,TRK-12227-9338,Delivered
9339,12228,2026-02-06 20:03:59,2026-02-10,2026-02-08,Next-Day Air,TRK-12228-9339,Delivered
9340,12229,2026-01-08 08:07:07,2026-01-12,2026-01-12,Express Courier,TRK-12229-9340,Delivered
9341,12230,2026-08-02 08:51:41,2026-08-06,2026-08-06,Standard Ground,TRK-12230-9341,Delivered
9342,12231,2025-12-03 20:39:36,2025-12-07,,Express Courier,TRK-12231-9342,In Transit
9343,12233,2025-11-18 12:09:23,2025-11-22,2025-11-21,Express Courier,TRK-12233-9343,Delivered
9344,12234,2026-08-09 20:32:05,2026-08-13,2026-08-13,Express Courier,TRK-12234-9344,Delivered
9345,12235,2026-08-30 08:41:55,2026-09-03,2026-09-04,Next-Day Air,TRK-12235-9345,Delivered
9346,12236,2026-07-31 03:39:46,2026-08-04,,Next-Day Air,TRK-12236-9346,In Transit
9347,12238,2026-06-04 07:55:25,2026-06-08,,Standard Ground,TRK-12238-9347,In Transit
9348,12240,2026-03-03 17:03:16,2026-03-07,2026-03-08,Next-Day Air,TRK-12240-9348,Delivered
9349,12241,2024-10-05 23:01:36,2024-10-09,2024-10-08,Standard Ground,TRK-12241-9349,Delivered
9350,12242,2025-12-28 09:22:55,2026-01-01,2025-12-30,Next-Day Air,TRK-12242-9350,Delivered
9351,12243,2025-10-27 14:42:07,2025-10-31,2025-10-31,Standard Ground,TRK-12243-9351,Delivered
9352,12244,2026-08-16 21:53:06,2026-08-20,2026-08-19,Express Courier,TRK-12244-9352,Delivered
9353,12245,2026-04-06 16:22:35,2026-04-10,2026-04-08,Express Courier,TRK-12245-9353,Delivered
9354,12246,2024-02-23 05:16:07,2024-02-27,2024-02-28,Next-Day Air,TRK-12246-9354,Delivered
9355,12247,2024-06-23 10:13:26,2024-06-27,,Standard Ground,TRK-12247-9355,In Transit
9356,12248,2026-07-08 01:06:45,2026-07-12,2026-07-11,Standard Ground,TRK-12248-9356,Delivered
9357,12249,2025-12-16 15:55:13,2025-12-20,2025-12-19,Next-Day Air,TRK-12249-9357,Delivered
9358,12250,2023-12-28 22:16:33,2024-01-01,2023-12-31,Express Courier,TRK-12250-9358,Delivered
9359,12251,2026-08-15 15:11:28,2026-08-19,2026-08-20,Express Courier,TRK-12251-9359,Delivered
9360,12252,2025-08-08 20:35:40,2025-08-12,,Standard Ground,TRK-12252-9360,In Transit
9361,12253,2026-08-18 04:26:39,2026-08-22,2026-08-23,Express Courier,TRK-12253-9361,Delivered
9362,12254,2026-01-27 01:32:00,2026-01-31,2026-02-01,Express Courier,TRK-12254-9362,Delivered
9363,12256,2026-02-22 16:53:21,2026-02-26,2026-02-27,Next-Day Air,TRK-12256-9363,Delivered
9364,12257,2025-01-19 15:32:13,2025-01-23,2025-01-22,Next-Day Air,TRK-12257-9364,Delivered
9365,12258,2026-01-09 19:13:48,2026-01-13,2026-01-11,Standard Ground,TRK-12258-9365,Delivered
9366,12259,2025-12-25 19:33:53,2025-12-29,2025-12-30,Standard Ground,TRK-12259-9366,Delivered
9367,12260,2024-10-17 23:25:04,2024-10-21,2024-10-22,Express Courier,TRK-12260-9367,Delivered
9368,12261,2025-08-09 02:28:56,2025-08-13,2025-08-14,Standard Ground,TRK-12261-9368,Delivered
9369,12262,2026-08-15 21:17:59,2026-08-19,2026-08-18,Next-Day Air,TRK-12262-9369,Delivered
9370,12264,2026-08-03 20:52:10,2026-08-07,2026-08-05,Next-Day Air,TRK-12264-9370,Delivered
9371,12265,2024-05-30 10:48:35,2024-06-03,2024-06-01,Next-Day Air,TRK-12265-9371,Delivered
9372,12266,2025-06-29 21:41:26,2025-07-03,2025-07-03,Standard Ground,TRK-12266-9372,Delivered
9373,12270,2024-11-09 12:57:45,2024-11-13,2024-11-12,Next-Day Air,TRK-12270-9373,Delivered
9374,12271,2024-12-06 08:05:09,2024-12-10,2024-12-10,Express Courier,TRK-12271-9374,Delivered
9375,12272,2025-09-19 13:26:11,2025-09-23,2025-09-24,Next-Day Air,TRK-12272-9375,Delivered
9376,12273,2026-01-12 15:57:52,2026-01-16,2026-01-16,Express Courier,TRK-12273-9376,Delivered
9377,12274,2024-05-29 08:12:03,2024-06-02,2024-05-31,Express Courier,TRK-12274-9377,Delivered
9378,12275,2024-09-08 16:27:44,2024-09-12,2024-09-12,Express Courier,TRK-12275-9378,Delivered
9379,12277,2026-08-28 15:40:16,2026-09-01,2026-09-02,Express Courier,TRK-12277-9379,Delivered
9380,12278,2026-05-15 17:21:52,2026-05-19,2026-05-17,Next-Day Air,TRK-12278-9380,Delivered
9381,12280,2026-08-13 16:39:29,2026-08-17,2026-08-15,Standard Ground,TRK-12280-9381,Delivered
9382,12281,2026-04-13 23:02:23,2026-04-17,2026-04-15,Next-Day Air,TRK-12281-9382,Delivered
9383,12282,2025-01-14 11:52:54,2025-01-18,2025-01-19,Express Courier,TRK-12282-9383,Delivered
9384,12283,2025-04-09 05:24:11,2025-04-13,2025-04-11,Express Courier,TRK-12283-9384,Delivered
9385,12285,2026-06-01 15:11:09,2026-06-05,,Standard Ground,TRK-12285-9385,In Transit
9386,12286,2024-12-08 22:36:37,2024-12-12,,Standard Ground,TRK-12286-9386,In Transit
9387,12287,2026-03-14 22:33:30,2026-03-18,2026-03-19,Standard Ground,TRK-12287-9387,Delivered
9388,12288,2025-12-26 15:50:33,2025-12-30,2025-12-29,Standard Ground,TRK-12288-9388,Delivered
9389,12289,2024-02-08 22:38:31,2024-02-12,2024-02-13,Next-Day Air,TRK-12289-9389,Delivered
9390,12290,2026-04-16 11:32:47,2026-04-20,2026-04-19,Next-Day Air,TRK-12290-9390,Delivered
9391,12291,2026-03-24 05:48:42,2026-03-28,,Standard Ground,TRK-12291-9391,In Transit
9392,12292,2026-07-07 06:21:23,2026-07-11,,Express Courier,TRK-12292-9392,In Transit
9393,12293,2026-08-23 01:41:30,2026-08-27,2026-08-25,Standard Ground,TRK-12293-9393,Delivered
9394,12294,2025-12-21 15:44:08,2025-12-25,2025-12-26,Standard Ground,TRK-12294-9394,Delivered
9395,12295,2025-10-11 01:08:48,2025-10-15,2025-10-15,Express Courier,TRK-12295-9395,Delivered
9396,12296,2025-07-09 10:33:14,2025-07-13,2025-07-14,Next-Day Air,TRK-12296-9396,Delivered
9397,12298,2026-08-19 19:55:20,2026-08-23,2026-08-22,Standard Ground,TRK-12298-9397,Delivered
9398,12299,2025-10-29 08:46:54,2025-11-02,2025-10-31,Next-Day Air,TRK-12299-9398,Delivered
9399,12301,2023-12-18 05:48:54,2023-12-22,,Express Courier,TRK-12301-9399,In Transit
9400,12302,2025-02-02 02:09:23,2025-02-06,2025-02-06,Standard Ground,TRK-12302-9400,Delivered
9401,12303,2025-06-18 19:11:29,2025-06-22,,Express Courier,TRK-12303-9401,In Transit
9402,12304,2026-04-22 23:56:30,2026-04-26,2026-04-26,Next-Day Air,TRK-12304-9402,Delivered
9403,12305,2025-09-08 04:23:21,2025-09-12,2025-09-12,Next-Day Air,TRK-12305-9403,Delivered
9404,12307,2025-05-16 08:39:06,2025-05-20,,Next-Day Air,TRK-12307-9404,In Transit
9405,12308,2026-08-19 20:03:20,2026-08-23,,Express Courier,TRK-12308-9405,In Transit
9406,12312,2024-06-25 16:51:00,2024-06-29,2024-06-28,Express Courier,TRK-12312-9406,Delivered
9407,12313,2026-08-17 19:18:33,2026-08-21,2026-08-22,Express Courier,TRK-12313-9407,Delivered
9408,12314,2026-04-07 08:26:57,2026-04-11,2026-04-09,Standard Ground,TRK-12314-9408,Delivered
9409,12315,2025-07-10 12:05:33,2025-07-14,2025-07-13,Next-Day Air,TRK-12315-9409,Delivered
9410,12316,2026-08-26 18:36:41,2026-08-30,2026-08-29,Standard Ground,TRK-12316-9410,Delivered
9411,12317,2025-09-03 05:37:15,2025-09-07,2025-09-08,Next-Day Air,TRK-12317-9411,Delivered
9412,12318,2026-03-25 11:46:54,2026-03-29,2026-03-28,Next-Day Air,TRK-12318-9412,Delivered
9413,12319,2025-06-17 05:02:02,2025-06-21,2025-06-19,Next-Day Air,TRK-12319-9413,Delivered
9414,12320,2026-09-01 00:10:27,2026-09-05,2026-09-04,Next-Day Air,TRK-12320-9414,Delivered
9415,12321,2024-08-23 08:08:53,2024-08-27,2024-08-27,Standard Ground,TRK-12321-9415,Delivered
9416,12322,2025-05-27 00:53:19,2025-05-31,,Next-Day Air,TRK-12322-9416,In Transit
9417,12323,2025-01-20 06:07:47,2025-01-24,2025-01-25,Express Courier,TRK-12323-9417,Delivered
9418,12324,2026-03-30 02:26:37,2026-04-03,2026-04-04,Express Courier,TRK-12324-9418,Delivered
9419,12325,2026-01-21 23:51:36,2026-01-25,2026-01-24,Standard Ground,TRK-12325-9419,Delivered
9420,12326,2025-11-29 01:36:06,2025-12-03,,Next-Day Air,TRK-12326-9420,In Transit
9421,12327,2026-06-15 01:17:39,2026-06-19,2026-06-19,Standard Ground,TRK-12327-9421,Delivered
9422,12328,2026-07-15 07:48:56,2026-07-19,2026-07-17,Standard Ground,TRK-12328-9422,Delivered
9423,12330,2026-01-06 10:12:53,2026-01-10,2026-01-08,Express Courier,TRK-12330-9423,Delivered
9424,12331,2024-11-27 17:42:19,2024-12-01,2024-11-29,Standard Ground,TRK-12331-9424,Delivered
9425,12332,2024-12-18 05:24:29,2024-12-22,,Next-Day Air,TRK-12332-9425,In Transit
9426,12333,2026-06-28 03:22:22,2026-07-02,2026-06-30,Express Courier,TRK-12333-9426,Delivered
9427,12334,2026-04-20 13:58:35,2026-04-24,2026-04-23,Next-Day Air,TRK-12334-9427,Delivered
9428,12335,2026-01-27 03:34:28,2026-01-31,,Next-Day Air,TRK-12335-9428,In Transit
9429,12336,2026-08-12 18:35:34,2026-08-16,,Standard Ground,TRK-12336-9429,In Transit
9430,12337,2025-12-01 21:14:14,2025-12-05,2025-12-06,Standard Ground,TRK-12337-9430,Delivered
9431,12338,2026-06-10 06:31:26,2026-06-14,,Standard Ground,TRK-12338-9431,In Transit
9432,12342,2026-04-22 06:13:46,2026-04-26,2026-04-25,Standard Ground,TRK-12342-9432,Delivered
9433,12343,2026-04-14 19:05:51,2026-04-18,2026-04-17,Express Courier,TRK-12343-9433,Delivered
9434,12344,2026-04-14 09:35:22,2026-04-18,2026-04-16,Next-Day Air,TRK-12344-9434,Delivered
9435,12345,2026-05-04 09:31:36,2026-05-08,2026-05-07,Standard Ground,TRK-12345-9435,Delivered
9436,12346,2026-08-27 19:01:39,2026-08-31,2026-08-30,Next-Day Air,TRK-12346-9436,Delivered
9437,12347,2025-12-03 11:34:54,2025-12-07,,Express Courier,TRK-12347-9437,In Transit
9438,12348,2026-07-11 15:52:30,2026-07-15,2026-07-15,Standard Ground,TRK-12348-9438,Delivered
9439,12349,2026-05-08 08:29:11,2026-05-12,2026-05-12,Express Courier,TRK-12349-9439,Delivered
9440,12350,2026-06-25 21:32:22,2026-06-29,2026-06-29,Express Courier,TRK-12350-9440,Delivered
9441,12351,2025-08-20 12:51:02,2025-08-24,2025-08-22,Next-Day Air,TRK-12351-9441,Delivered
9442,12354,2025-10-14 16:02:19,2025-10-18,2025-10-16,Express Courier,TRK-12354-9442,Delivered
9443,12355,2024-08-22 01:19:11,2024-08-26,2024-08-25,Next-Day Air,TRK-12355-9443,Delivered
9444,12356,2025-10-13 09:59:44,2025-10-17,2025-10-17,Standard Ground,TRK-12356-9444,Delivered
9445,12358,2026-05-06 08:52:00,2026-05-10,,Standard Ground,TRK-12358-9445,In Transit
9446,12359,2025-07-07 11:43:02,2025-07-11,2025-07-12,Express Courier,TRK-12359-9446,Delivered
9447,12360,2025-11-03 05:40:43,2025-11-07,2025-11-07,Standard Ground,TRK-12360-9447,Delivered
9448,12363,2026-07-21 05:58:42,2026-07-25,2026-07-26,Express Courier,TRK-12363-9448,Delivered
9449,12364,2026-05-08 06:36:16,2026-05-12,2026-05-11,Standard Ground,TRK-12364-9449,Delivered
9450,12366,2026-01-01 15:26:09,2026-01-05,2026-01-04,Next-Day Air,TRK-12366-9450,Delivered
9451,12367,2026-08-13 10:15:19,2026-08-17,2026-08-15,Next-Day Air,TRK-12367-9451,Delivered
9452,12368,2026-08-27 02:27:30,2026-08-31,2026-09-01,Next-Day Air,TRK-12368-9452,Delivered
9453,12369,2025-04-16 14:28:11,2025-04-20,2025-04-19,Express Courier,TRK-12369-9453,Delivered
9454,12370,2026-03-27 18:48:12,2026-03-31,2026-03-31,Next-Day Air,TRK-12370-9454,Delivered
9455,12372,2026-06-26 09:31:53,2026-06-30,2026-06-28,Next-Day Air,TRK-12372-9455,Delivered
9456,12373,2026-08-30 15:44:01,2026-09-03,2026-09-03,Standard Ground,TRK-12373-9456,Delivered
9457,12374,2026-07-09 03:15:15,2026-07-13,2026-07-13,Next-Day Air,TRK-12374-9457,Delivered
9458,12375,2025-07-22 01:02:38,2025-07-26,2025-07-25,Next-Day Air,TRK-12375-9458,Delivered
9459,12376,2026-04-04 16:39:49,2026-04-08,,Express Courier,TRK-12376-9459,In Transit
9460,12377,2025-08-29 19:29:49,2025-09-02,2025-09-02,Express Courier,TRK-12377-9460,Delivered
9461,12378,2026-04-30 06:31:09,2026-05-04,2026-05-05,Express Courier,TRK-12378-9461,Delivered
9462,12380,2025-08-31 12:25:38,2025-09-04,2025-09-03,Express Courier,TRK-12380-9462,Delivered
9463,12382,2026-06-07 09:16:11,2026-06-11,2026-06-12,Express Courier,TRK-12382-9463,Delivered
9464,12383,2025-02-10 12:09:59,2025-02-14,2025-02-12,Next-Day Air,TRK-12383-9464,Delivered
9465,12387,2026-08-04 13:49:40,2026-08-08,2026-08-08,Standard Ground,TRK-12387-9465,Delivered
9466,12388,2026-02-03 23:15:22,2026-02-07,2026-02-07,Express Courier,TRK-12388-9466,Delivered
9467,12389,2026-08-19 09:03:31,2026-08-23,2026-08-21,Standard Ground,TRK-12389-9467,Delivered
9468,12391,2025-07-13 03:41:14,2025-07-17,2025-07-18,Standard Ground,TRK-12391-9468,Delivered
9469,12392,2026-08-10 19:29:59,2026-08-14,2026-08-12,Express Courier,TRK-12392-9469,Delivered
9470,12393,2025-09-11 11:16:36,2025-09-15,2025-09-15,Standard Ground,TRK-12393-9470,Delivered
9471,12394,2026-03-05 14:43:13,2026-03-09,2026-03-08,Express Courier,TRK-12394-9471,Delivered
9472,12396,2024-12-31 18:46:10,2025-01-04,2025-01-02,Next-Day Air,TRK-12396-9472,Delivered
9473,12398,2024-07-27 19:12:02,2024-07-31,2024-07-31,Standard Ground,TRK-12398-9473,Delivered
9474,12399,2025-11-10 07:07:59,2025-11-14,2025-11-13,Standard Ground,TRK-12399-9474,Delivered
9475,12400,2026-06-10 00:26:03,2026-06-14,2026-06-14,Next-Day Air,TRK-12400-9475,Delivered
9476,12401,2024-05-17 23:14:01,2024-05-21,2024-05-19,Standard Ground,TRK-12401-9476,Delivered
9477,12403,2025-11-18 17:23:57,2025-11-22,2025-11-21,Next-Day Air,TRK-12403-9477,Delivered
9478,12404,2025-11-25 04:42:41,2025-11-29,2025-11-27,Express Courier,TRK-12404-9478,Delivered
9479,12405,2025-10-20 05:35:47,2025-10-24,2025-10-24,Express Courier,TRK-12405-9479,Delivered
9480,12406,2026-08-25 15:54:39,2026-08-29,2026-08-29,Standard Ground,TRK-12406-9480,Delivered
9481,12407,2026-01-17 13:27:12,2026-01-21,2026-01-22,Express Courier,TRK-12407-9481,Delivered
9482,12408,2024-03-06 04:12:24,2024-03-10,2024-03-09,Next-Day Air,TRK-12408-9482,Delivered
9483,12410,2026-07-30 10:58:16,2026-08-03,,Express Courier,TRK-12410-9483,In Transit
9484,12411,2026-02-26 16:29:26,2026-03-02,2026-03-01,Standard Ground,TRK-12411-9484,Delivered
9485,12412,2024-03-24 14:01:22,2024-03-28,2024-03-27,Standard Ground,TRK-12412-9485,Delivered
9486,12413,2026-08-07 12:09:40,2026-08-11,2026-08-10,Express Courier,TRK-12413-9486,Delivered
9487,12414,2024-12-16 14:23:45,2024-12-20,2024-12-21,Next-Day Air,TRK-12414-9487,Delivered
9488,12416,2025-02-21 22:35:22,2025-02-25,2025-02-24,Standard Ground,TRK-12416-9488,Delivered
9489,12417,2026-08-11 08:28:39,2026-08-15,2026-08-13,Standard Ground,TRK-12417-9489,Delivered
9490,12418,2025-11-20 09:07:50,2025-11-24,2025-11-24,Standard Ground,TRK-12418-9490,Delivered
9491,12419,2026-07-03 05:38:59,2026-07-07,2026-07-06,Standard Ground,TRK-12419-9491,Delivered
9492,12420,2026-01-17 22:17:40,2026-01-21,,Express Courier,TRK-12420-9492,In Transit
9493,12421,2026-03-02 05:22:40,2026-03-06,2026-03-05,Standard Ground,TRK-12421-9493,Delivered
9494,12422,2026-08-28 23:11:33,2026-09-01,2026-09-02,Standard Ground,TRK-12422-9494,Delivered
9495,12424,2025-04-26 03:21:03,2025-04-30,2025-04-29,Express Courier,TRK-12424-9495,Delivered
9496,12425,2025-08-31 05:48:07,2025-09-04,2025-09-05,Standard Ground,TRK-12425-9496,Delivered
9497,12426,2026-04-09 00:02:18,2026-04-13,2026-04-12,Express Courier,TRK-12426-9497,Delivered
9498,12427,2026-07-29 06:08:39,2026-08-02,2026-08-01,Express Courier,TRK-12427-9498,Delivered
9499,12428,2025-12-21 03:27:49,2025-12-25,2025-12-25,Next-Day Air,TRK-12428-9499,Delivered
9500,12429,2026-03-26 19:48:14,2026-03-30,2026-03-30,Express Courier,TRK-12429-9500,Delivered
9501,12430,2024-09-28 06:04:17,2024-10-02,2024-10-03,Standard Ground,TRK-12430-9501,Delivered
9502,12431,2025-08-01 00:03:27,2025-08-05,2025-08-05,Express Courier,TRK-12431-9502,Delivered
9503,12432,2024-06-17 21:06:19,2024-06-21,2024-06-19,Standard Ground,TRK-12432-9503,Delivered
9504,12433,2026-05-17 08:11:48,2026-05-21,2026-05-20,Standard Ground,TRK-12433-9504,Delivered
9505,12435,2026-04-30 02:49:38,2026-05-04,2026-05-05,Express Courier,TRK-12435-9505,Delivered
9506,12436,2026-07-01 18:41:27,2026-07-05,2026-07-05,Standard Ground,TRK-12436-9506,Delivered
9507,12437,2026-08-30 11:00:13,2026-09-03,2026-09-03,Standard Ground,TRK-12437-9507,Delivered
9508,12438,2025-09-09 14:37:18,2025-09-13,2025-09-14,Standard Ground,TRK-12438-9508,Delivered
9509,12439,2025-08-05 20:19:01,2025-08-09,2025-08-10,Standard Ground,TRK-12439-9509,Delivered
9510,12440,2026-02-21 15:14:32,2026-02-25,2026-02-23,Next-Day Air,TRK-12440-9510,Delivered
9511,12441,2026-01-18 15:15:32,2026-01-22,2026-01-21,Express Courier,TRK-12441-9511,Delivered
9512,12442,2024-10-07 21:53:02,2024-10-11,2024-10-11,Standard Ground,TRK-12442-9512,Delivered
9513,12443,2025-08-15 07:17:02,2025-08-19,,Next-Day Air,TRK-12443-9513,In Transit
9514,12444,2024-11-21 09:16:17,2024-11-25,2024-11-26,Next-Day Air,TRK-12444-9514,Delivered
9515,12447,2026-05-26 01:34:45,2026-05-30,2026-05-30,Next-Day Air,TRK-12447-9515,Delivered
9516,12448,2026-06-13 07:25:24,2026-06-17,2026-06-17,Next-Day Air,TRK-12448-9516,Delivered
9517,12450,2025-08-18 09:39:48,2025-08-22,,Standard Ground,TRK-12450-9517,In Transit
9518,12452,2026-06-27 11:15:56,2026-07-01,2026-07-02,Express Courier,TRK-12452-9518,Delivered
9519,12453,2026-08-20 00:03:48,2026-08-24,2026-08-24,Standard Ground,TRK-12453-9519,Delivered
9520,12455,2026-09-01 12:52:57,2026-09-05,2026-09-03,Express Courier,TRK-12455-9520,Delivered
9521,12456,2024-10-13 04:35:19,2024-10-17,,Next-Day Air,TRK-12456-9521,In Transit
9522,12459,2025-10-27 08:18:53,2025-10-31,2025-10-30,Express Courier,TRK-12459-9522,Delivered
9523,12460,2025-03-12 09:57:12,2025-03-16,2025-03-14,Next-Day Air,TRK-12460-9523,Delivered
9524,12461,2026-08-18 23:52:25,2026-08-22,2026-08-21,Express Courier,TRK-12461-9524,Delivered
9525,12462,2025-10-24 17:11:06,2025-10-28,2025-10-29,Standard Ground,TRK-12462-9525,Delivered
9526,12463,2026-05-06 01:16:14,2026-05-10,,Next-Day Air,TRK-12463-9526,In Transit
9527,12464,2026-06-20 00:37:28,2026-06-24,2026-06-25,Express Courier,TRK-12464-9527,Delivered
9528,12467,2026-08-07 07:07:16,2026-08-11,2026-08-10,Next-Day Air,TRK-12467-9528,Delivered
9529,12468,2024-08-26 07:47:37,2024-08-30,2024-08-29,Standard Ground,TRK-12468-9529,Delivered
9530,12469,2025-12-12 14:32:53,2025-12-16,2025-12-15,Next-Day Air,TRK-12469-9530,Delivered
9531,12471,2025-06-03 03:44:12,2025-06-07,2025-06-08,Standard Ground,TRK-12471-9531,Delivered
9532,12472,2026-01-23 03:24:07,2026-01-27,2026-01-27,Standard Ground,TRK-12472-9532,Delivered
9533,12474,2025-07-30 03:02:07,2025-08-03,2025-08-01,Express Courier,TRK-12474-9533,Delivered
9534,12476,2026-01-28 02:10:49,2026-02-01,2026-01-30,Express Courier,TRK-12476-9534,Delivered
9535,12477,2025-12-28 15:12:51,2026-01-01,2026-01-02,Standard Ground,TRK-12477-9535,Delivered
9536,12479,2026-08-11 10:34:08,2026-08-15,2026-08-16,Express Courier,TRK-12479-9536,Delivered
9537,12480,2025-09-27 18:48:21,2025-10-01,,Next-Day Air,TRK-12480-9537,In Transit
9538,12481,2024-12-24 21:37:51,2024-12-28,,Standard Ground,TRK-12481-9538,In Transit
9539,12482,2026-05-30 22:26:23,2026-06-03,2026-06-04,Express Courier,TRK-12482-9539,Delivered
9540,12484,2026-02-15 19:13:55,2026-02-19,2026-02-20,Standard Ground,TRK-12484-9540,Delivered
9541,12485,2026-07-14 02:07:48,2026-07-18,2026-07-16,Standard Ground,TRK-12485-9541,Delivered
9542,12486,2026-09-01 17:16:45,2026-09-05,2026-09-06,Next-Day Air,TRK-12486-9542,Delivered
9543,12487,2026-05-24 00:41:05,2026-05-28,2026-05-28,Next-Day Air,TRK-12487-9543,Delivered
9544,12488,2025-12-14 14:40:09,2025-12-18,2025-12-18,Standard Ground,TRK-12488-9544,Delivered
9545,12491,2025-06-06 07:36:13,2025-06-10,2025-06-10,Next-Day Air,TRK-12491-9545,Delivered
9546,12492,2026-08-27 04:52:02,2026-08-31,2026-08-30,Next-Day Air,TRK-12492-9546,Delivered
9547,12493,2026-05-16 05:55:32,2026-05-20,2026-05-18,Next-Day Air,TRK-12493-9547,Delivered
9548,12495,2025-09-11 22:57:46,2025-09-15,2025-09-16,Express Courier,TRK-12495-9548,Delivered
9549,12501,2026-05-15 00:06:16,2026-05-19,2026-05-19,Standard Ground,TRK-12501-9549,Delivered
9550,12505,2025-04-24 09:35:49,2025-04-28,2025-04-28,Standard Ground,TRK-12505-9550,Delivered
9551,12506,2024-08-12 03:17:45,2024-08-16,2024-08-15,Next-Day Air,TRK-12506-9551,Delivered
9552,12507,2026-08-05 18:03:00,2026-08-09,2026-08-07,Standard Ground,TRK-12507-9552,Delivered
9553,12508,2025-09-29 21:41:04,2025-10-03,2025-10-01,Standard Ground,TRK-12508-9553,Delivered
9554,12511,2025-06-05 10:13:59,2025-06-09,2025-06-07,Next-Day Air,TRK-12511-9554,Delivered
9555,12512,2026-08-13 23:09:11,2026-08-17,2026-08-16,Standard Ground,TRK-12512-9555,Delivered
9556,12513,2024-06-28 22:12:00,2024-07-02,2024-07-01,Express Courier,TRK-12513-9556,Delivered
9557,12514,2024-06-30 11:22:35,2024-07-04,2024-07-05,Next-Day Air,TRK-12514-9557,Delivered
9558,12515,2025-07-04 19:13:30,2025-07-08,2025-07-07,Standard Ground,TRK-12515-9558,Delivered
9559,12516,2026-04-16 11:59:23,2026-04-20,2026-04-18,Next-Day Air,TRK-12516-9559,Delivered
9560,12517,2025-10-24 07:38:55,2025-10-28,,Standard Ground,TRK-12517-9560,In Transit
9561,12518,2024-04-14 21:08:43,2024-04-18,,Express Courier,TRK-12518-9561,In Transit
9562,12519,2024-08-14 06:56:34,2024-08-18,2024-08-18,Express Courier,TRK-12519-9562,Delivered
9563,12520,2024-07-17 01:40:14,2024-07-21,2024-07-21,Next-Day Air,TRK-12520-9563,Delivered
9564,12521,2026-08-22 10:44:50,2026-08-26,2026-08-24,Standard Ground,TRK-12521-9564,Delivered
9565,12523,2026-04-05 04:41:14,2026-04-09,2026-04-09,Express Courier,TRK-12523-9565,Delivered
9566,12524,2025-09-18 01:24:55,2025-09-22,,Express Courier,TRK-12524-9566,In Transit
9567,12525,2026-07-17 07:33:54,2026-07-21,2026-07-22,Standard Ground,TRK-12525-9567,Delivered
9568,12526,2026-03-08 00:56:45,2026-03-12,2026-03-10,Standard Ground,TRK-12526-9568,Delivered
9569,12527,2026-04-08 11:57:30,2026-04-12,2026-04-11,Next-Day Air,TRK-12527-9569,Delivered
9570,12528,2024-10-01 15:46:25,2024-10-05,2024-10-05,Express Courier,TRK-12528-9570,Delivered
9571,12529,2024-11-02 19:11:24,2024-11-06,2024-11-05,Next-Day Air,TRK-12529-9571,Delivered
9572,12530,2025-11-27 07:36:08,2025-12-01,2025-11-29,Standard Ground,TRK-12530-9572,Delivered
9573,12531,2024-11-28 23:32:31,2024-12-02,2024-12-02,Express Courier,TRK-12531-9573,Delivered
9574,12533,2024-06-26 08:42:14,2024-06-30,2024-06-30,Standard Ground,TRK-12533-9574,Delivered
9575,12534,2026-09-01 10:34:27,2026-09-05,,Next-Day Air,TRK-12534-9575,In Transit
9576,12535,2026-06-15 12:04:22,2026-06-19,2026-06-17,Next-Day Air,TRK-12535-9576,Delivered
9577,12536,2025-07-01 12:29:13,2025-07-05,2025-07-03,Standard Ground,TRK-12536-9577,Delivered
9578,12537,2026-08-30 10:47:16,2026-09-03,,Standard Ground,TRK-12537-9578,In Transit
9579,12538,2024-08-13 06:03:53,2024-08-17,2024-08-16,Next-Day Air,TRK-12538-9579,Delivered
9580,12539,2026-03-12 10:33:32,2026-03-16,,Standard Ground,TRK-12539-9580,In Transit
9581,12540,2025-07-28 02:44:35,2025-08-01,2025-08-02,Standard Ground,TRK-12540-9581,Delivered
9582,12541,2025-12-05 23:39:04,2025-12-09,2025-12-10,Standard Ground,TRK-12541-9582,Delivered
9583,12542,2026-06-14 16:42:17,2026-06-18,2026-06-18,Express Courier,TRK-12542-9583,Delivered
9584,12544,2025-12-07 03:16:28,2025-12-11,2025-12-12,Standard Ground,TRK-12544-9584,Delivered
9585,12545,2025-04-25 07:34:37,2025-04-29,2025-04-27,Standard Ground,TRK-12545-9585,Delivered
9586,12546,2024-08-18 10:43:20,2024-08-22,2024-08-21,Standard Ground,TRK-12546-9586,Delivered
9587,12547,2025-12-18 21:42:34,2025-12-22,2025-12-22,Next-Day Air,TRK-12547-9587,Delivered
9588,12548,2026-08-05 08:10:17,2026-08-09,2026-08-09,Express Courier,TRK-12548-9588,Delivered
9589,12549,2024-02-26 04:33:55,2024-03-01,2024-02-29,Express Courier,TRK-12549-9589,Delivered
9590,12550,2025-02-22 15:31:08,2025-02-26,2025-02-27,Express Courier,TRK-12550-9590,Delivered
9591,12552,2026-06-27 06:50:47,2026-07-01,2026-07-01,Express Courier,TRK-12552-9591,Delivered
9592,12553,2026-08-16 07:44:13,2026-08-20,2026-08-18,Express Courier,TRK-12553-9592,Delivered
9593,12554,2025-12-04 03:53:30,2025-12-08,2025-12-09,Next-Day Air,TRK-12554-9593,Delivered
9594,12556,2026-07-21 19:00:28,2026-07-25,2026-07-23,Next-Day Air,TRK-12556-9594,Delivered
9595,12557,2026-01-27 05:03:50,2026-01-31,2026-01-29,Standard Ground,TRK-12557-9595,Delivered
9596,12558,2025-07-02 13:27:04,2025-07-06,2025-07-07,Standard Ground,TRK-12558-9596,Delivered
9597,12559,2024-01-21 23:28:03,2024-01-25,2024-01-24,Standard Ground,TRK-12559-9597,Delivered
9598,12560,2026-03-28 00:46:14,2026-04-01,2026-04-02,Next-Day Air,TRK-12560-9598,Delivered
9599,12561,2026-06-17 11:49:23,2026-06-21,2026-06-21,Express Courier,TRK-12561-9599,Delivered
9600,12562,2026-06-16 00:41:48,2026-06-20,2026-06-18,Next-Day Air,TRK-12562-9600,Delivered
9601,12563,2026-07-04 12:40:25,2026-07-08,2026-07-06,Standard Ground,TRK-12563-9601,Delivered
9602,12565,2026-06-22 04:53:09,2026-06-26,2026-06-26,Express Courier,TRK-12565-9602,Delivered
9603,12566,2024-12-16 23:35:02,2024-12-20,2024-12-18,Standard Ground,TRK-12566-9603,Delivered
9604,12567,2025-09-16 22:09:10,2025-09-20,2025-09-18,Next-Day Air,TRK-12567-9604,Delivered
9605,12568,2024-11-28 21:10:24,2024-12-02,,Next-Day Air,TRK-12568-9605,In Transit
9606,12569,2025-09-06 07:52:31,2025-09-10,2025-09-10,Express Courier,TRK-12569-9606,Delivered
9607,12570,2025-11-18 08:07:50,2025-11-22,2025-11-22,Express Courier,TRK-12570-9607,Delivered
9608,12571,2025-09-29 12:07:46,2025-10-03,2025-10-02,Standard Ground,TRK-12571-9608,Delivered
9609,12574,2026-08-31 14:36:26,2026-09-04,2026-09-04,Express Courier,TRK-12574-9609,Delivered
9610,12575,2026-07-13 15:18:37,2026-07-17,2026-07-16,Express Courier,TRK-12575-9610,Delivered
9611,12577,2024-04-15 01:32:20,2024-04-19,2024-04-18,Standard Ground,TRK-12577-9611,Delivered
9612,12578,2025-07-06 02:34:05,2025-07-10,2025-07-11,Express Courier,TRK-12578-9612,Delivered
9613,12579,2025-12-28 03:59:08,2026-01-01,2026-01-02,Next-Day Air,TRK-12579-9613,Delivered
9614,12581,2026-08-13 17:01:11,2026-08-17,2026-08-18,Next-Day Air,TRK-12581-9614,Delivered
9615,12582,2025-08-30 15:47:57,2025-09-03,2025-09-04,Next-Day Air,TRK-12582-9615,Delivered
9616,12583,2026-07-28 15:32:41,2026-08-01,2026-08-02,Express Courier,TRK-12583-9616,Delivered
9617,12585,2026-06-28 22:29:06,2026-07-02,2026-07-02,Standard Ground,TRK-12585-9617,Delivered
9618,12586,2026-01-14 09:34:25,2026-01-18,2026-01-17,Standard Ground,TRK-12586-9618,Delivered
9619,12587,2025-02-22 08:58:41,2025-02-26,2025-02-24,Next-Day Air,TRK-12587-9619,Delivered
9620,12589,2026-08-03 09:44:42,2026-08-07,2026-08-08,Next-Day Air,TRK-12589-9620,Delivered
9621,12591,2026-03-31 00:19:42,2026-04-04,2026-04-02,Standard Ground,TRK-12591-9621,Delivered
9622,12592,2025-05-10 00:54:25,2025-05-14,,Express Courier,TRK-12592-9622,In Transit
9623,12594,2026-04-09 16:59:08,2026-04-13,2026-04-14,Standard Ground,TRK-12594-9623,Delivered
9624,12595,2026-08-09 02:02:37,2026-08-13,,Express Courier,TRK-12595-9624,In Transit
9625,12596,2024-10-24 10:54:32,2024-10-28,2024-10-26,Next-Day Air,TRK-12596-9625,Delivered
9626,12598,2026-01-05 12:11:23,2026-01-09,2026-01-07,Next-Day Air,TRK-12598-9626,Delivered
9627,12599,2025-05-16 20:25:11,2025-05-20,2025-05-19,Express Courier,TRK-12599-9627,Delivered
9628,12600,2026-04-10 10:42:39,2026-04-14,,Express Courier,TRK-12600-9628,In Transit
9629,12604,2026-08-18 20:45:25,2026-08-22,2026-08-22,Next-Day Air,TRK-12604-9629,Delivered
9630,12605,2026-08-12 07:29:54,2026-08-16,2026-08-17,Standard Ground,TRK-12605-9630,Delivered
9631,12606,2026-07-30 18:51:04,2026-08-03,,Standard Ground,TRK-12606-9631,In Transit
9632,12607,2026-06-15 19:35:40,2026-06-19,2026-06-19,Next-Day Air,TRK-12607-9632,Delivered
9633,12608,2025-09-04 13:20:00,2025-09-08,2025-09-07,Express Courier,TRK-12608-9633,Delivered
9634,12611,2026-07-17 19:41:51,2026-07-21,,Express Courier,TRK-12611-9634,In Transit
9635,12612,2025-02-08 13:13:46,2025-02-12,2025-02-11,Express Courier,TRK-12612-9635,Delivered
9636,12614,2024-01-08 03:11:37,2024-01-12,2024-01-10,Standard Ground,TRK-12614-9636,Delivered
9637,12615,2026-04-18 05:05:55,2026-04-22,2026-04-22,Standard Ground,TRK-12615-9637,Delivered
9638,12616,2026-01-17 08:53:02,2026-01-21,2026-01-20,Next-Day Air,TRK-12616-9638,Delivered
9639,12617,2026-08-04 14:40:34,2026-08-08,2026-08-06,Standard Ground,TRK-12617-9639,Delivered
9640,12618,2025-07-12 23:04:07,2025-07-16,2025-07-14,Next-Day Air,TRK-12618-9640,Delivered
9641,12620,2026-07-13 12:49:51,2026-07-17,2026-07-15,Express Courier,TRK-12620-9641,Delivered
9642,12621,2026-08-14 20:00:38,2026-08-18,2026-08-16,Express Courier,TRK-12621-9642,Delivered
9643,12622,2025-07-21 01:54:46,2025-07-25,2025-07-24,Standard Ground,TRK-12622-9643,Delivered
9644,12624,2026-02-07 14:56:00,2026-02-11,2026-02-12,Express Courier,TRK-12624-9644,Delivered
9645,12625,2026-02-12 14:53:52,2026-02-16,2026-02-17,Next-Day Air,TRK-12625-9645,Delivered
9646,12626,2025-03-23 21:44:10,2025-03-27,2025-03-28,Express Courier,TRK-12626-9646,Delivered
9647,12627,2026-04-23 17:32:27,2026-04-27,2026-04-26,Standard Ground,TRK-12627-9647,Delivered
9648,12628,2026-02-11 20:28:30,2026-02-15,,Express Courier,TRK-12628-9648,In Transit
9649,12630,2026-02-21 11:05:06,2026-02-25,2026-02-26,Standard Ground,TRK-12630-9649,Delivered
9650,12631,2026-08-07 05:50:39,2026-08-11,2026-08-09,Standard Ground,TRK-12631-9650,Delivered
9651,12633,2026-01-31 15:55:27,2026-02-04,2026-02-03,Next-Day Air,TRK-12633-9651,Delivered
9652,12634,2026-08-18 08:07:35,2026-08-22,2026-08-21,Express Courier,TRK-12634-9652,Delivered
9653,12635,2024-08-02 02:49:11,2024-08-06,2024-08-06,Express Courier,TRK-12635-9653,Delivered
9654,12636,2025-02-21 14:18:39,2025-02-25,2025-02-24,Standard Ground,TRK-12636-9654,Delivered
9655,12637,2025-11-14 06:12:00,2025-11-18,2025-11-16,Next-Day Air,TRK-12637-9655,Delivered
9656,12638,2025-04-06 01:06:40,2025-04-10,2025-04-08,Standard Ground,TRK-12638-9656,Delivered
9657,12639,2026-04-20 17:52:37,2026-04-24,2026-04-23,Express Courier,TRK-12639-9657,Delivered
9658,12640,2025-10-07 23:15:20,2025-10-11,2025-10-12,Next-Day Air,TRK-12640-9658,Delivered
9659,12642,2025-04-23 08:18:41,2025-04-27,2025-04-27,Express Courier,TRK-12642-9659,Delivered
9660,12643,2024-11-20 06:45:53,2024-11-24,,Next-Day Air,TRK-12643-9660,In Transit
9661,12644,2026-07-09 10:51:51,2026-07-13,,Next-Day Air,TRK-12644-9661,In Transit
9662,12646,2026-03-02 08:00:54,2026-03-06,,Standard Ground,TRK-12646-9662,In Transit
9663,12647,2026-04-06 19:09:34,2026-04-10,2026-04-08,Express Courier,TRK-12647-9663,Delivered
9664,12649,2026-06-07 00:36:26,2026-06-11,2026-06-11,Express Courier,TRK-12649-9664,Delivered
9665,12651,2026-08-03 00:49:34,2026-08-07,2026-08-05,Next-Day Air,TRK-12651-9665,Delivered
9666,12652,2026-05-10 07:20:52,2026-05-14,2026-05-15,Standard Ground,TRK-12652-9666,Delivered
9667,12655,2026-05-08 20:22:53,2026-05-12,2026-05-11,Express Courier,TRK-12655-9667,Delivered
9668,12656,2026-05-21 20:53:52,2026-05-25,2026-05-23,Express Courier,TRK-12656-9668,Delivered
9669,12657,2026-06-18 10:54:13,2026-06-22,2026-06-20,Standard Ground,TRK-12657-9669,Delivered
9670,12659,2025-05-12 17:27:12,2025-05-16,2025-05-15,Express Courier,TRK-12659-9670,Delivered
9671,12660,2026-04-09 18:46:49,2026-04-13,,Next-Day Air,TRK-12660-9671,In Transit
9672,12661,2024-11-16 16:20:25,2024-11-20,,Standard Ground,TRK-12661-9672,In Transit
9673,12662,2026-08-05 15:52:05,2026-08-09,2026-08-09,Standard Ground,TRK-12662-9673,Delivered
9674,12663,2026-09-01 18:45:45,2026-09-05,2026-09-05,Standard Ground,TRK-12663-9674,Delivered
9675,12664,2026-06-14 23:57:45,2026-06-18,,Express Courier,TRK-12664-9675,In Transit
9676,12665,2026-08-24 19:58:59,2026-08-28,2026-08-27,Express Courier,TRK-12665-9676,Delivered
9677,12666,2026-02-06 14:55:34,2026-02-10,2026-02-09,Next-Day Air,TRK-12666-9677,Delivered
9678,12667,2026-06-14 12:27:01,2026-06-18,,Express Courier,TRK-12667-9678,In Transit
9679,12668,2026-01-22 15:16:33,2026-01-26,,Standard Ground,TRK-12668-9679,In Transit
9680,12669,2026-04-27 15:46:14,2026-05-01,2026-05-02,Express Courier,TRK-12669-9680,Delivered
9681,12670,2024-12-26 18:09:26,2024-12-30,2024-12-30,Express Courier,TRK-12670-9681,Delivered
9682,12671,2026-09-02 10:58:29,2026-09-06,2026-09-07,Standard Ground,TRK-12671-9682,Delivered
9683,12673,2024-11-15 08:55:53,2024-11-19,2024-11-19,Express Courier,TRK-12673-9683,Delivered
9684,12674,2026-08-26 18:05:28,2026-08-30,2026-08-29,Next-Day Air,TRK-12674-9684,Delivered
9685,12675,2025-09-11 09:58:45,2025-09-15,2025-09-16,Next-Day Air,TRK-12675-9685,Delivered
9686,12676,2026-08-02 23:34:08,2026-08-06,2026-08-06,Next-Day Air,TRK-12676-9686,Delivered
9687,12679,2026-04-30 03:38:11,2026-05-04,,Express Courier,TRK-12679-9687,In Transit
9688,12680,2025-11-05 19:49:32,2025-11-09,2025-11-08,Express Courier,TRK-12680-9688,Delivered
9689,12682,2026-03-06 13:30:37,2026-03-10,2026-03-09,Next-Day Air,TRK-12682-9689,Delivered
9690,12683,2024-08-22 13:22:40,2024-08-26,2024-08-25,Standard Ground,TRK-12683-9690,Delivered
9691,12684,2026-08-20 13:08:48,2026-08-24,2026-08-22,Express Courier,TRK-12684-9691,Delivered
9692,12685,2025-07-31 08:51:39,2025-08-04,2025-08-05,Next-Day Air,TRK-12685-9692,Delivered
9693,12687,2026-03-28 02:44:02,2026-04-01,2026-04-01,Next-Day Air,TRK-12687-9693,Delivered
9694,12688,2026-05-08 11:42:57,2026-05-12,2026-05-13,Standard Ground,TRK-12688-9694,Delivered
9695,12690,2026-08-12 20:38:43,2026-08-16,2026-08-16,Next-Day Air,TRK-12690-9695,Delivered
9696,12691,2026-01-06 11:26:10,2026-01-10,2026-01-09,Standard Ground,TRK-12691-9696,Delivered
9697,12692,2025-11-18 05:27:18,2025-11-22,2025-11-23,Standard Ground,TRK-12692-9697,Delivered
9698,12694,2026-07-10 12:43:26,2026-07-14,2026-07-14,Standard Ground,TRK-12694-9698,Delivered
9699,12695,2024-12-03 21:41:09,2024-12-07,2024-12-06,Express Courier,TRK-12695-9699,Delivered
9700,12696,2026-03-25 06:43:37,2026-03-29,,Next-Day Air,TRK-12696-9700,In Transit
9701,12697,2026-09-03 19:17:58,2026-09-07,2026-09-05,Standard Ground,TRK-12697-9701,Delivered
9702,12698,2026-03-01 16:05:08,2026-03-05,2026-03-03,Standard Ground,TRK-12698-9702,Delivered
9703,12701,2024-12-09 12:25:53,2024-12-13,,Express Courier,TRK-12701-9703,In Transit
9704,12702,2025-06-06 16:49:27,2025-06-10,2025-06-08,Standard Ground,TRK-12702-9704,Delivered
9705,12703,2025-12-23 09:53:39,2025-12-27,,Next-Day Air,TRK-12703-9705,In Transit
9706,12704,2024-10-11 12:42:25,2024-10-15,2024-10-15,Standard Ground,TRK-12704-9706,Delivered
9707,12706,2026-05-21 02:40:56,2026-05-25,2026-05-23,Standard Ground,TRK-12706-9707,Delivered
9708,12707,2026-04-21 07:15:53,2026-04-25,2026-04-25,Next-Day Air,TRK-12707-9708,Delivered
9709,12709,2026-07-02 08:50:29,2026-07-06,2026-07-04,Standard Ground,TRK-12709-9709,Delivered
9710,12711,2026-03-28 21:20:18,2026-04-01,2026-04-02,Standard Ground,TRK-12711-9710,Delivered
9711,12712,2025-08-16 21:59:50,2025-08-20,2025-08-18,Next-Day Air,TRK-12712-9711,Delivered
9712,12713,2026-05-25 01:38:48,2026-05-29,,Next-Day Air,TRK-12713-9712,In Transit
9713,12714,2026-04-24 12:25:19,2026-04-28,2026-04-26,Express Courier,TRK-12714-9713,Delivered
9714,12716,2026-08-05 04:41:18,2026-08-09,2026-08-09,Express Courier,TRK-12716-9714,Delivered
9715,12717,2025-10-08 06:41:32,2025-10-12,2025-10-10,Express Courier,TRK-12717-9715,Delivered
9716,12720,2026-07-04 06:24:27,2026-07-08,2026-07-06,Next-Day Air,TRK-12720-9716,Delivered
9717,12721,2026-06-27 02:09:56,2026-07-01,2026-07-02,Next-Day Air,TRK-12721-9717,Delivered
9718,12723,2024-07-01 02:38:34,2024-07-05,2024-07-06,Next-Day Air,TRK-12723-9718,Delivered
9719,12724,2024-07-04 16:22:09,2024-07-08,2024-07-07,Express Courier,TRK-12724-9719,Delivered
9720,12726,2025-12-12 11:37:41,2025-12-16,2025-12-17,Standard Ground,TRK-12726-9720,Delivered
9721,12727,2024-04-06 02:05:56,2024-04-10,,Standard Ground,TRK-12727-9721,In Transit
9722,12728,2026-03-04 00:12:20,2026-03-08,2026-03-07,Next-Day Air,TRK-12728-9722,Delivered
9723,12729,2025-12-20 06:41:05,2025-12-24,2025-12-24,Next-Day Air,TRK-12729-9723,Delivered
9724,12730,2024-09-13 21:41:38,2024-09-17,2024-09-18,Next-Day Air,TRK-12730-9724,Delivered
9725,12731,2026-08-19 03:09:10,2026-08-23,2026-08-24,Next-Day Air,TRK-12731-9725,Delivered
9726,12732,2025-08-03 15:59:04,2025-08-07,2025-08-07,Next-Day Air,TRK-12732-9726,Delivered
9727,12733,2026-05-03 01:44:33,2026-05-07,2026-05-06,Standard Ground,TRK-12733-9727,Delivered
9728,12734,2026-02-16 14:03:27,2026-02-20,2026-02-19,Standard Ground,TRK-12734-9728,Delivered
9729,12735,2025-08-14 05:04:28,2025-08-18,2025-08-16,Express Courier,TRK-12735-9729,Delivered
9730,12737,2026-05-06 06:22:17,2026-05-10,2026-05-10,Standard Ground,TRK-12737-9730,Delivered
9731,12739,2026-04-11 06:12:30,2026-04-15,2026-04-15,Express Courier,TRK-12739-9731,Delivered
9732,12740,2026-05-19 12:57:38,2026-05-23,2026-05-21,Next-Day Air,TRK-12740-9732,Delivered
9733,12742,2025-09-08 13:04:09,2025-09-12,2025-09-11,Express Courier,TRK-12742-9733,Delivered
9734,12744,2026-06-11 22:31:30,2026-06-15,2026-06-13,Standard Ground,TRK-12744-9734,Delivered
9735,12745,2025-07-21 17:50:49,2025-07-25,2025-07-23,Express Courier,TRK-12745-9735,Delivered
9736,12746,2025-08-23 22:00:18,2025-08-27,2025-08-28,Standard Ground,TRK-12746-9736,Delivered
9737,12747,2024-05-27 09:56:08,2024-05-31,,Standard Ground,TRK-12747-9737,In Transit
9738,12748,2025-10-23 13:57:26,2025-10-27,2025-10-25,Next-Day Air,TRK-12748-9738,Delivered
9739,12749,2026-07-31 06:56:10,2026-08-04,,Express Courier,TRK-12749-9739,In Transit
9740,12750,2026-07-25 14:37:26,2026-07-29,2026-07-27,Standard Ground,TRK-12750-9740,Delivered
9741,12751,2026-05-26 17:51:03,2026-05-30,2026-05-30,Standard Ground,TRK-12751-9741,Delivered
9742,12752,2026-06-23 10:32:38,2026-06-27,2026-06-25,Express Courier,TRK-12752-9742,Delivered
9743,12755,2026-04-28 20:13:41,2026-05-02,2026-04-30,Next-Day Air,TRK-12755-9743,Delivered
9744,12756,2025-03-27 22:58:39,2025-03-31,2025-03-30,Express Courier,TRK-12756-9744,Delivered
9745,12757,2024-10-11 23:20:16,2024-10-15,2024-10-16,Express Courier,TRK-12757-9745,Delivered
9746,12758,2023-12-26 17:45:37,2023-12-30,,Express Courier,TRK-12758-9746,In Transit
9747,12761,2026-04-10 01:16:08,2026-04-14,2026-04-13,Standard Ground,TRK-12761-9747,Delivered
9748,12762,2024-10-18 16:55:38,2024-10-22,2024-10-20,Next-Day Air,TRK-12762-9748,Delivered
9749,12763,2026-01-01 05:56:31,2026-01-05,2026-01-04,Next-Day Air,TRK-12763-9749,Delivered
9750,12764,2025-02-16 10:51:50,2025-02-20,,Express Courier,TRK-12764-9750,In Transit
9751,12766,2026-01-17 03:06:37,2026-01-21,,Standard Ground,TRK-12766-9751,In Transit
9752,12767,2026-03-30 17:25:23,2026-04-03,2026-04-04,Express Courier,TRK-12767-9752,Delivered
9753,12768,2024-12-29 10:56:14,2025-01-02,2025-01-02,Standard Ground,TRK-12768-9753,Delivered
9754,12769,2026-05-04 20:22:47,2026-05-08,,Standard Ground,TRK-12769-9754,In Transit
9755,12770,2025-09-13 15:25:55,2025-09-17,,Express Courier,TRK-12770-9755,In Transit
9756,12771,2026-03-29 17:33:32,2026-04-02,2026-04-01,Express Courier,TRK-12771-9756,Delivered
9757,12772,2025-10-13 20:04:09,2025-10-17,,Express Courier,TRK-12772-9757,In Transit
9758,12773,2026-07-18 11:50:53,2026-07-22,2026-07-20,Next-Day Air,TRK-12773-9758,Delivered
9759,12774,2024-10-09 10:24:44,2024-10-13,,Next-Day Air,TRK-12774-9759,In Transit
9760,12775,2026-06-21 11:43:41,2026-06-25,2026-06-26,Next-Day Air,TRK-12775-9760,Delivered
9761,12776,2025-08-31 10:46:26,2025-09-04,2025-09-03,Standard Ground,TRK-12776-9761,Delivered
9762,12777,2026-07-26 09:20:25,2026-07-30,2026-07-29,Express Courier,TRK-12777-9762,Delivered
9763,12778,2025-08-12 07:56:43,2025-08-16,2025-08-17,Express Courier,TRK-12778-9763,Delivered
9764,12779,2024-08-17 14:02:01,2024-08-21,2024-08-22,Express Courier,TRK-12779-9764,Delivered
9765,12780,2025-08-15 08:09:54,2025-08-19,2025-08-17,Express Courier,TRK-12780-9765,Delivered
9766,12781,2024-04-12 02:05:53,2024-04-16,2024-04-14,Standard Ground,TRK-12781-9766,Delivered
9767,12782,2026-04-17 20:32:31,2026-04-21,2026-04-21,Standard Ground,TRK-12782-9767,Delivered
9768,12783,2025-01-22 21:42:51,2025-01-26,2025-01-27,Next-Day Air,TRK-12783-9768,Delivered
9769,12784,2026-06-30 18:15:23,2026-07-04,2026-07-05,Standard Ground,TRK-12784-9769,Delivered
9770,12785,2026-08-18 15:06:49,2026-08-22,,Standard Ground,TRK-12785-9770,In Transit
9771,12786,2026-03-09 21:19:18,2026-03-13,2026-03-13,Next-Day Air,TRK-12786-9771,Delivered
9772,12787,2026-07-18 10:20:51,2026-07-22,,Express Courier,TRK-12787-9772,In Transit
9773,12789,2026-03-14 15:39:06,2026-03-18,2026-03-16,Next-Day Air,TRK-12789-9773,Delivered
9774,12791,2026-02-19 22:14:07,2026-02-23,,Express Courier,TRK-12791-9774,In Transit
9775,12792,2025-06-04 17:54:27,2025-06-08,2025-06-07,Standard Ground,TRK-12792-9775,Delivered
9776,12794,2024-09-22 12:23:17,2024-09-26,2024-09-25,Express Courier,TRK-12794-9776,Delivered
9777,12796,2024-11-10 04:39:47,2024-11-14,,Express Courier,TRK-12796-9777,In Transit
9778,12799,2024-11-15 11:16:04,2024-11-19,2024-11-20,Express Courier,TRK-12799-9778,Delivered
9779,12800,2026-08-08 22:50:05,2026-08-12,2026-08-10,Express Courier,TRK-12800-9779,Delivered
9780,12801,2025-07-05 10:45:52,2025-07-09,2025-07-08,Next-Day Air,TRK-12801-9780,Delivered
9781,12802,2025-12-23 22:40:14,2025-12-27,2025-12-27,Next-Day Air,TRK-12802-9781,Delivered
9782,12803,2026-01-21 17:20:16,2026-01-25,2026-01-25,Standard Ground,TRK-12803-9782,Delivered
9783,12804,2025-10-16 08:02:20,2025-10-20,2025-10-18,Next-Day Air,TRK-12804-9783,Delivered
9784,12806,2026-05-05 03:25:40,2026-05-09,2026-05-09,Express Courier,TRK-12806-9784,Delivered
9785,12807,2026-07-28 22:16:18,2026-08-01,2026-07-30,Express Courier,TRK-12807-9785,Delivered
9786,12808,2024-11-30 19:07:59,2024-12-04,2024-12-04,Standard Ground,TRK-12808-9786,Delivered
9787,12809,2026-04-20 16:01:01,2026-04-24,2026-04-25,Next-Day Air,TRK-12809-9787,Delivered
9788,12810,2024-05-16 07:26:53,2024-05-20,,Express Courier,TRK-12810-9788,In Transit
9789,12811,2025-11-04 07:09:49,2025-11-08,2025-11-09,Standard Ground,TRK-12811-9789,Delivered
9790,12812,2025-10-09 10:35:34,2025-10-13,2025-10-11,Express Courier,TRK-12812-9790,Delivered
9791,12813,2024-04-24 04:55:08,2024-04-28,2024-04-29,Next-Day Air,TRK-12813-9791,Delivered
9792,12814,2026-03-10 01:06:08,2026-03-14,2026-03-14,Next-Day Air,TRK-12814-9792,Delivered
9793,12815,2026-02-08 17:29:47,2026-02-12,2026-02-10,Next-Day Air,TRK-12815-9793,Delivered
9794,12816,2026-04-12 04:04:19,2026-04-16,2026-04-14,Express Courier,TRK-12816-9794,Delivered
9795,12818,2026-05-11 11:17:26,2026-05-15,,Next-Day Air,TRK-12818-9795,In Transit
9796,12819,2026-06-13 23:32:58,2026-06-17,2026-06-17,Express Courier,TRK-12819-9796,Delivered
9797,12820,2026-05-16 05:18:21,2026-05-20,,Standard Ground,TRK-12820-9797,In Transit
9798,12821,2026-07-29 20:08:06,2026-08-02,2026-07-31,Next-Day Air,TRK-12821-9798,Delivered
9799,12822,2026-05-17 18:17:29,2026-05-21,2026-05-20,Express Courier,TRK-12822-9799,Delivered
9800,12824,2025-10-04 17:01:16,2025-10-08,,Standard Ground,TRK-12824-9800,In Transit
9801,12825,2025-01-29 03:31:49,2025-02-02,2025-02-02,Next-Day Air,TRK-12825-9801,Delivered
9802,12826,2026-01-13 04:48:02,2026-01-17,2026-01-18,Standard Ground,TRK-12826-9802,Delivered
9803,12827,2024-05-08 16:30:23,2024-05-12,2024-05-13,Express Courier,TRK-12827-9803,Delivered
9804,12828,2026-06-26 20:25:12,2026-06-30,2026-06-30,Next-Day Air,TRK-12828-9804,Delivered
9805,12829,2026-07-04 08:38:03,2026-07-08,2026-07-06,Standard Ground,TRK-12829-9805,Delivered
9806,12830,2025-11-20 23:18:19,2025-11-24,2025-11-24,Standard Ground,TRK-12830-9806,Delivered
9807,12831,2025-08-11 08:27:13,2025-08-15,2025-08-16,Standard Ground,TRK-12831-9807,Delivered
9808,12833,2026-08-29 01:53:55,2026-09-02,2026-08-31,Express Courier,TRK-12833-9808,Delivered
9809,12834,2026-04-09 20:33:59,2026-04-13,2026-04-13,Express Courier,TRK-12834-9809,Delivered
9810,12836,2026-02-07 18:44:45,2026-02-11,2026-02-10,Next-Day Air,TRK-12836-9810,Delivered
9811,12837,2024-02-13 09:53:00,2024-02-17,2024-02-18,Express Courier,TRK-12837-9811,Delivered
9812,12838,2025-03-15 01:52:06,2025-03-19,,Express Courier,TRK-12838-9812,In Transit
9813,12839,2026-08-04 17:02:02,2026-08-08,2026-08-08,Express Courier,TRK-12839-9813,Delivered
9814,12840,2026-04-05 18:44:14,2026-04-09,,Express Courier,TRK-12840-9814,In Transit
9815,12841,2026-07-13 18:25:00,2026-07-17,2026-07-15,Express Courier,TRK-12841-9815,Delivered
9816,12842,2025-08-09 05:10:33,2025-08-13,2025-08-11,Next-Day Air,TRK-12842-9816,Delivered
9817,12843,2026-02-04 11:19:12,2026-02-08,2026-02-07,Standard Ground,TRK-12843-9817,Delivered
9818,12844,2026-01-04 16:23:05,2026-01-08,2026-01-07,Express Courier,TRK-12844-9818,Delivered
9819,12845,2026-01-24 10:13:31,2026-01-28,2026-01-27,Express Courier,TRK-12845-9819,Delivered
9820,12846,2025-07-01 03:41:10,2025-07-05,2025-07-06,Next-Day Air,TRK-12846-9820,Delivered
9821,12847,2025-10-19 03:50:17,2025-10-23,2025-10-23,Standard Ground,TRK-12847-9821,Delivered
9822,12848,2026-03-30 09:34:58,2026-04-03,2026-04-04,Next-Day Air,TRK-12848-9822,Delivered
9823,12849,2026-05-23 01:08:16,2026-05-27,2026-05-28,Next-Day Air,TRK-12849-9823,Delivered
9824,12850,2025-08-27 07:56:57,2025-08-31,2025-09-01,Standard Ground,TRK-12850-9824,Delivered
9825,12851,2026-05-30 00:49:34,2026-06-03,2026-06-02,Next-Day Air,TRK-12851-9825,Delivered
9826,12854,2026-03-13 02:12:45,2026-03-17,2026-03-15,Standard Ground,TRK-12854-9826,Delivered
9827,12856,2025-12-23 02:14:26,2025-12-27,2025-12-28,Standard Ground,TRK-12856-9827,Delivered
9828,12858,2025-10-21 10:43:53,2025-10-25,2025-10-24,Express Courier,TRK-12858-9828,Delivered
9829,12859,2026-04-15 01:48:49,2026-04-19,2026-04-17,Express Courier,TRK-12859-9829,Delivered
9830,12860,2025-10-23 14:58:54,2025-10-27,2025-10-26,Express Courier,TRK-12860-9830,Delivered
9831,12861,2026-08-30 19:37:33,2026-09-03,2026-09-03,Next-Day Air,TRK-12861-9831,Delivered
9832,12862,2026-03-05 06:21:14,2026-03-09,2026-03-09,Standard Ground,TRK-12862-9832,Delivered
9833,12863,2025-01-16 13:18:57,2025-01-20,2025-01-21,Express Courier,TRK-12863-9833,Delivered
9834,12864,2026-08-13 05:35:07,2026-08-17,2026-08-18,Next-Day Air,TRK-12864-9834,Delivered
9835,12865,2026-06-23 12:53:29,2026-06-27,2026-06-27,Next-Day Air,TRK-12865-9835,Delivered
9836,12866,2026-08-29 02:35:16,2026-09-02,2026-09-01,Express Courier,TRK-12866-9836,Delivered
9837,12867,2025-11-15 15:33:08,2025-11-19,2025-11-19,Next-Day Air,TRK-12867-9837,Delivered
9838,12868,2026-02-27 03:43:49,2026-03-03,2026-03-02,Standard Ground,TRK-12868-9838,Delivered
9839,12870,2025-05-03 09:53:45,2025-05-07,2025-05-08,Next-Day Air,TRK-12870-9839,Delivered
9840,12871,2025-09-29 02:53:15,2025-10-03,,Next-Day Air,TRK-12871-9840,In Transit
9841,12873,2026-07-02 13:34:35,2026-07-06,,Standard Ground,TRK-12873-9841,In Transit
9842,12875,2025-12-15 17:32:18,2025-12-19,2025-12-18,Express Courier,TRK-12875-9842,Delivered
9843,12876,2026-07-30 18:26:43,2026-08-03,2026-08-03,Express Courier,TRK-12876-9843,Delivered
9844,12877,2025-09-27 17:38:28,2025-10-01,2025-10-02,Next-Day Air,TRK-12877-9844,Delivered
9845,12879,2025-12-11 01:11:32,2025-12-15,2025-12-15,Next-Day Air,TRK-12879-9845,Delivered
9846,12881,2026-03-26 01:42:24,2026-03-30,,Next-Day Air,TRK-12881-9846,In Transit
9847,12883,2025-06-21 18:52:04,2025-06-25,2025-06-25,Standard Ground,TRK-12883-9847,Delivered
9848,12884,2025-03-29 18:25:27,2025-04-02,2025-04-01,Standard Ground,TRK-12884-9848,Delivered
9849,12885,2026-06-27 18:59:05,2026-07-01,,Express Courier,TRK-12885-9849,In Transit
9850,12886,2026-03-03 18:12:44,2026-03-07,2026-03-05,Standard Ground,TRK-12886-9850,Delivered
9851,12888,2025-03-14 04:31:33,2025-03-18,2025-03-16,Express Courier,TRK-12888-9851,Delivered
9852,12889,2025-04-14 10:31:55,2025-04-18,2025-04-19,Express Courier,TRK-12889-9852,Delivered
9853,12890,2025-11-03 20:08:24,2025-11-07,2025-11-05,Standard Ground,TRK-12890-9853,Delivered
9854,12891,2026-03-23 01:34:40,2026-03-27,2026-03-27,Express Courier,TRK-12891-9854,Delivered
9855,12892,2026-06-14 11:15:38,2026-06-18,2026-06-16,Standard Ground,TRK-12892-9855,Delivered
9856,12893,2026-02-08 09:05:54,2026-02-12,2026-02-12,Express Courier,TRK-12893-9856,Delivered
9857,12894,2025-01-31 11:46:50,2025-02-04,2025-02-03,Express Courier,TRK-12894-9857,Delivered
9858,12896,2024-10-20 03:17:01,2024-10-24,2024-10-23,Express Courier,TRK-12896-9858,Delivered
9859,12897,2026-06-04 13:14:56,2026-06-08,2026-06-09,Standard Ground,TRK-12897-9859,Delivered
9860,12898,2025-12-10 05:39:56,2025-12-14,,Standard Ground,TRK-12898-9860,In Transit
9861,12900,2026-07-19 06:26:35,2026-07-23,2026-07-22,Express Courier,TRK-12900-9861,Delivered
9862,12901,2026-05-29 09:10:51,2026-06-02,2026-06-01,Express Courier,TRK-12901-9862,Delivered
9863,12902,2024-10-30 15:56:54,2024-11-03,2024-11-03,Express Courier,TRK-12902-9863,Delivered
9864,12903,2024-04-15 17:31:18,2024-04-19,2024-04-19,Standard Ground,TRK-12903-9864,Delivered
9865,12904,2026-06-19 21:17:05,2026-06-23,2026-06-21,Next-Day Air,TRK-12904-9865,Delivered
9866,12906,2024-07-04 21:00:01,2024-07-08,2024-07-06,Next-Day Air,TRK-12906-9866,Delivered
9867,12907,2026-08-19 01:58:02,2026-08-23,2026-08-23,Next-Day Air,TRK-12907-9867,Delivered
9868,12908,2025-02-19 06:33:46,2025-02-23,2025-02-21,Express Courier,TRK-12908-9868,Delivered
9869,12909,2026-03-17 10:29:10,2026-03-21,,Next-Day Air,TRK-12909-9869,In Transit
9870,12911,2026-07-13 09:51:23,2026-07-17,2026-07-15,Express Courier,TRK-12911-9870,Delivered
9871,12912,2026-03-09 10:14:47,2026-03-13,2026-03-12,Express Courier,TRK-12912-9871,Delivered
9872,12913,2025-09-20 02:36:12,2025-09-24,2025-09-24,Standard Ground,TRK-12913-9872,Delivered
9873,12914,2026-06-17 18:46:53,2026-06-21,,Next-Day Air,TRK-12914-9873,In Transit
9874,12915,2026-06-16 19:51:28,2026-06-20,2026-06-18,Next-Day Air,TRK-12915-9874,Delivered
9875,12916,2026-03-11 20:36:42,2026-03-15,,Standard Ground,TRK-12916-9875,In Transit
9876,12917,2026-02-27 14:16:54,2026-03-03,2026-03-02,Next-Day Air,TRK-12917-9876,Delivered
9877,12919,2026-03-09 21:38:05,2026-03-13,,Express Courier,TRK-12919-9877,In Transit
9878,12920,2025-07-15 15:55:37,2025-07-19,,Standard Ground,TRK-12920-9878,In Transit
9879,12921,2025-07-16 00:03:35,2025-07-20,2025-07-18,Standard Ground,TRK-12921-9879,Delivered
9880,12923,2025-08-08 22:51:22,2025-08-12,2025-08-11,Standard Ground,TRK-12923-9880,Delivered
9881,12924,2025-11-22 02:54:58,2025-11-26,2025-11-25,Express Courier,TRK-12924-9881,Delivered
9882,12925,2025-12-13 16:53:29,2025-12-17,2025-12-15,Standard Ground,TRK-12925-9882,Delivered
9883,12926,2025-11-04 00:29:45,2025-11-08,2025-11-06,Standard Ground,TRK-12926-9883,Delivered
9884,12928,2026-04-12 12:18:57,2026-04-16,2026-04-14,Next-Day Air,TRK-12928-9884,Delivered
9885,12929,2024-05-02 14:02:33,2024-05-06,,Standard Ground,TRK-12929-9885,In Transit
9886,12930,2026-04-23 18:56:15,2026-04-27,2026-04-25,Standard Ground,TRK-12930-9886,Delivered
9887,12932,2026-02-17 07:37:55,2026-02-21,2026-02-22,Next-Day Air,TRK-12932-9887,Delivered
9888,12933,2026-04-18 10:07:56,2026-04-22,2026-04-20,Next-Day Air,TRK-12933-9888,Delivered
9889,12934,2026-07-12 15:27:39,2026-07-16,,Next-Day Air,TRK-12934-9889,In Transit
9890,12935,2025-07-08 02:25:53,2025-07-12,,Next-Day Air,TRK-12935-9890,In Transit
9891,12936,2026-04-08 13:38:40,2026-04-12,2026-04-11,Next-Day Air,TRK-12936-9891,Delivered
9892,12937,2026-04-28 08:08:55,2026-05-02,2026-05-03,Express Courier,TRK-12937-9892,Delivered
9893,12938,2026-02-13 04:58:27,2026-02-17,2026-02-17,Next-Day Air,TRK-12938-9893,Delivered
9894,12940,2025-04-18 15:32:51,2025-04-22,2025-04-22,Express Courier,TRK-12940-9894,Delivered
9895,12941,2025-11-28 13:15:12,2025-12-02,2025-12-03,Express Courier,TRK-12941-9895,Delivered
9896,12943,2026-07-28 08:34:42,2026-08-01,2026-07-30,Next-Day Air,TRK-12943-9896,Delivered
9897,12944,2026-07-15 15:03:57,2026-07-19,2026-07-20,Standard Ground,TRK-12944-9897,Delivered
9898,12945,2024-06-23 12:15:37,2024-06-27,2024-06-25,Express Courier,TRK-12945-9898,Delivered
9899,12946,2024-09-19 01:27:31,2024-09-23,2024-09-23,Express Courier,TRK-12946-9899,Delivered
9900,12948,2026-08-27 11:43:14,2026-08-31,,Next-Day Air,TRK-12948-9900,In Transit
9901,12949,2026-08-07 08:00:53,2026-08-11,2026-08-09,Express Courier,TRK-12949-9901,Delivered
9902,12951,2026-05-31 07:06:16,2026-06-04,2026-06-04,Express Courier,TRK-12951-9902,Delivered
9903,12952,2026-03-28 14:02:56,2026-04-01,2026-03-31,Standard Ground,TRK-12952-9903,Delivered
9904,12953,2026-04-20 23:09:55,2026-04-24,2026-04-22,Express Courier,TRK-12953-9904,Delivered
9905,12954,2026-07-19 00:27:02,2026-07-23,2026-07-21,Express Courier,TRK-12954-9905,Delivered
9906,12955,2026-06-03 06:05:47,2026-06-07,,Next-Day Air,TRK-12955-9906,In Transit
9907,12956,2025-08-27 16:45:25,2025-08-31,2025-08-30,Next-Day Air,TRK-12956-9907,Delivered
9908,12958,2026-05-19 23:40:06,2026-05-23,2026-05-23,Next-Day Air,TRK-12958-9908,Delivered
9909,12959,2024-06-22 07:39:03,2024-06-26,2024-06-24,Standard Ground,TRK-12959-9909,Delivered
9910,12960,2026-06-04 03:04:26,2026-06-08,,Standard Ground,TRK-12960-9910,In Transit
9911,12961,2025-02-24 16:19:07,2025-02-28,2025-02-27,Standard Ground,TRK-12961-9911,Delivered
9912,12962,2025-12-23 08:33:40,2025-12-27,,Next-Day Air,TRK-12962-9912,In Transit
9913,12963,2025-11-05 22:30:11,2025-11-09,2025-11-10,Standard Ground,TRK-12963-9913,Delivered
9914,12964,2026-02-20 22:12:19,2026-02-24,2026-02-25,Express Courier,TRK-12964-9914,Delivered
9915,12965,2026-04-18 13:06:14,2026-04-22,2026-04-20,Standard Ground,TRK-12965-9915,Delivered
9916,12966,2025-11-10 16:13:55,2025-11-14,2025-11-15,Express Courier,TRK-12966-9916,Delivered
9917,12967,2026-06-02 00:07:59,2026-06-06,2026-06-04,Next-Day Air,TRK-12967-9917,Delivered
9918,12971,2026-08-27 22:18:34,2026-08-31,2026-08-29,Standard Ground,TRK-12971-9918,Delivered
9919,12972,2025-02-22 22:42:28,2025-02-26,2025-02-25,Express Courier,TRK-12972-9919,Delivered
9920,12974,2026-04-30 06:20:03,2026-05-04,2026-05-02,Standard Ground,TRK-12974-9920,Delivered
9921,12976,2025-10-07 23:33:52,2025-10-11,2025-10-11,Standard Ground,TRK-12976-9921,Delivered
9922,12978,2026-08-06 02:46:00,2026-08-10,2026-08-11,Express Courier,TRK-12978-9922,Delivered
9923,12979,2026-06-03 09:48:20,2026-06-07,2026-06-05,Express Courier,TRK-12979-9923,Delivered
9924,12980,2026-04-25 00:37:27,2026-04-29,2026-04-28,Standard Ground,TRK-12980-9924,Delivered
9925,12981,2026-01-28 21:53:30,2026-02-01,2026-01-31,Next-Day Air,TRK-12981-9925,Delivered
9926,12982,2025-11-28 08:09:10,2025-12-02,2025-12-01,Standard Ground,TRK-12982-9926,Delivered
9927,12984,2026-07-12 09:55:36,2026-07-16,2026-07-14,Next-Day Air,TRK-12984-9927,Delivered
9928,12985,2026-04-26 23:13:59,2026-04-30,2026-04-29,Standard Ground,TRK-12985-9928,Delivered
9929,12986,2026-08-17 18:01:27,2026-08-21,2026-08-21,Next-Day Air,TRK-12986-9929,Delivered
9930,12987,2026-02-24 22:19:34,2026-02-28,2026-03-01,Standard Ground,TRK-12987-9930,Delivered
9931,12989,2026-01-31 09:54:13,2026-02-04,2026-02-04,Express Courier,TRK-12989-9931,Delivered
9932,12992,2026-08-27 03:10:45,2026-08-31,2026-08-29,Standard Ground,TRK-12992-9932,Delivered
9933,12993,2025-08-25 17:15:23,2025-08-29,2025-08-28,Express Courier,TRK-12993-9933,Delivered
9934,12994,2025-04-23 13:43:49,2025-04-27,2025-04-25,Express Courier,TRK-12994-9934,Delivered
9935,12995,2026-01-22 23:31:37,2026-01-26,2026-01-25,Next-Day Air,TRK-12995-9935,Delivered
9936,12998,2026-04-08 03:47:23,2026-04-12,2026-04-13,Standard Ground,TRK-12998-9936,Delivered
9937,12999,2026-05-23 16:57:12,2026-05-27,2026-05-27,Standard Ground,TRK-12999-9937,Delivered
9938,13000,2026-03-06 21:17:35,2026-03-10,,Express Courier,TRK-13000-9938,In Transit
9939,13001,2026-08-18 20:16:52,2026-08-22,2026-08-21,Standard Ground,TRK-13001-9939,Delivered
9940,13002,2026-08-31 02:02:07,2026-09-04,2026-09-05,Standard Ground,TRK-13002-9940,Delivered
9941,13003,2024-12-31 07:05:33,2025-01-04,2025-01-02,Express Courier,TRK-13003-9941,Delivered
9942,13004,2026-02-19 12:56:11,2026-02-23,2026-02-21,Next-Day Air,TRK-13004-9942,Delivered
9943,13005,2026-05-27 12:05:42,2026-05-31,2026-05-30,Next-Day Air,TRK-13005-9943,Delivered
9944,13006,2026-08-06 14:41:40,2026-08-10,2026-08-09,Standard Ground,TRK-13006-9944,Delivered
9945,13007,2025-05-20 17:08:34,2025-05-24,2025-05-23,Express Courier,TRK-13007-9945,Delivered
9946,13009,2025-09-08 15:27:11,2025-09-12,2025-09-12,Next-Day Air,TRK-13009-9946,Delivered
9947,13010,2026-05-24 14:42:46,2026-05-28,2026-05-27,Express Courier,TRK-13010-9947,Delivered
9948,13012,2025-07-23 20:35:35,2025-07-27,,Next-Day Air,TRK-13012-9948,In Transit
9949,13013,2024-11-30 04:08:23,2024-12-04,2024-12-03,Standard Ground,TRK-13013-9949,Delivered
9950,13014,2024-01-22 10:33:33,2024-01-26,2024-01-24,Express Courier,TRK-13014-9950,Delivered
9951,13016,2026-05-10 15:10:23,2026-05-14,2026-05-14,Standard Ground,TRK-13016-9951,Delivered
9952,13017,2026-07-31 11:44:55,2026-08-04,2026-08-02,Next-Day Air,TRK-13017-9952,Delivered
9953,13018,2025-10-22 09:52:51,2025-10-26,2025-10-27,Express Courier,TRK-13018-9953,Delivered
9954,13019,2025-05-07 20:44:42,2025-05-11,2025-05-12,Standard Ground,TRK-13019-9954,Delivered
9955,13020,2026-04-10 09:41:21,2026-04-14,2026-04-15,Express Courier,TRK-13020-9955,Delivered
9956,13021,2026-07-27 06:31:35,2026-07-31,2026-07-30,Next-Day Air,TRK-13021-9956,Delivered
9957,13022,2026-09-02 20:35:40,2026-09-06,,Express Courier,TRK-13022-9957,In Transit
9958,13024,2026-08-27 18:18:53,2026-08-31,2026-08-29,Express Courier,TRK-13024-9958,Delivered
9959,13025,2026-06-27 01:43:38,2026-07-01,2026-06-30,Standard Ground,TRK-13025-9959,Delivered
9960,13027,2025-06-06 09:53:11,2025-06-10,2025-06-11,Next-Day Air,TRK-13027-9960,Delivered
9961,13028,2025-09-14 01:55:03,2025-09-18,2025-09-18,Express Courier,TRK-13028-9961,Delivered
9962,13030,2025-10-27 19:35:30,2025-10-31,2025-10-30,Express Courier,TRK-13030-9962,Delivered
9963,13032,2025-01-13 13:22:49,2025-01-17,,Express Courier,TRK-13032-9963,In Transit
9964,13033,2026-08-06 18:20:42,2026-08-10,2026-08-09,Standard Ground,TRK-13033-9964,Delivered
9965,13034,2026-04-22 23:26:30,2026-04-26,2026-04-25,Next-Day Air,TRK-13034-9965,Delivered
9966,13036,2024-12-15 06:35:53,2024-12-19,2024-12-20,Express Courier,TRK-13036-9966,Delivered
9967,13037,2026-05-16 16:56:40,2026-05-20,2026-05-18,Express Courier,TRK-13037-9967,Delivered
9968,13038,2025-04-08 17:56:19,2025-04-12,,Express Courier,TRK-13038-9968,In Transit
9969,13040,2024-04-18 06:08:49,2024-04-22,2024-04-22,Express Courier,TRK-13040-9969,Delivered
9970,13041,2025-06-28 03:54:24,2025-07-02,2025-07-03,Standard Ground,TRK-13041-9970,Delivered
9971,13042,2025-05-08 12:59:36,2025-05-12,2025-05-10,Standard Ground,TRK-13042-9971,Delivered
9972,13043,2026-06-07 18:21:29,2026-06-11,2026-06-11,Standard Ground,TRK-13043-9972,Delivered
9973,13044,2025-09-19 22:29:48,2025-09-23,2025-09-22,Standard Ground,TRK-13044-9973,Delivered
9974,13045,2026-08-16 20:41:18,2026-08-20,2026-08-21,Next-Day Air,TRK-13045-9974,Delivered
9975,13046,2025-05-06 03:05:33,2025-05-10,2025-05-09,Standard Ground,TRK-13046-9975,Delivered
9976,13047,2026-01-07 04:36:04,2026-01-11,2026-01-12,Standard Ground,TRK-13047-9976,Delivered
9977,13048,2026-01-14 18:40:48,2026-01-18,2026-01-17,Express Courier,TRK-13048-9977,Delivered
9978,13049,2026-03-31 06:05:03,2026-04-04,2026-04-02,Standard Ground,TRK-13049-9978,Delivered
9979,13050,2025-09-03 22:10:11,2025-09-07,2025-09-07,Next-Day Air,TRK-13050-9979,Delivered
9980,13055,2025-03-23 23:25:46,2025-03-27,2025-03-28,Standard Ground,TRK-13055-9980,Delivered
9981,13056,2026-08-25 19:06:42,2026-08-29,2026-08-30,Express Courier,TRK-13056-9981,Delivered
9982,13057,2026-06-18 19:09:15,2026-06-22,,Next-Day Air,TRK-13057-9982,In Transit
9983,13058,2026-07-27 11:57:53,2026-07-31,,Standard Ground,TRK-13058-9983,In Transit
9984,13059,2026-07-09 08:05:08,2026-07-13,2026-07-13,Express Courier,TRK-13059-9984,Delivered
9985,13060,2024-06-12 17:48:02,2024-06-16,2024-06-14,Next-Day Air,TRK-13060-9985,Delivered
9986,13062,2025-10-19 01:29:06,2025-10-23,2025-10-23,Standard Ground,TRK-13062-9986,Delivered
9987,13063,2026-04-26 19:27:26,2026-04-30,2026-04-30,Standard Ground,TRK-13063-9987,Delivered
9988,13064,2026-03-20 05:25:00,2026-03-24,2026-03-22,Standard Ground,TRK-13064-9988,Delivered
9989,13065,2025-09-09 23:53:06,2025-09-13,2025-09-13,Next-Day Air,TRK-13065-9989,Delivered
9990,13067,2025-06-23 19:08:44,2025-06-27,2025-06-26,Express Courier,TRK-13067-9990,Delivered
9991,13068,2026-08-26 09:08:17,2026-08-30,2026-08-29,Express Courier,TRK-13068-9991,Delivered
9992,13069,2025-06-08 19:50:38,2025-06-12,2025-06-12,Next-Day Air,TRK-13069-9992,Delivered
9993,13071,2026-07-22 05:40:55,2026-07-26,2026-07-27,Next-Day Air,TRK-13071-9993,Delivered
9994,13074,2025-04-28 07:52:56,2025-05-02,2025-04-30,Standard Ground,TRK-13074-9994,Delivered
9995,13075,2025-10-07 09:15:52,2025-10-11,2025-10-12,Next-Day Air,TRK-13075-9995,Delivered
9996,13076,2026-06-02 03:32:49,2026-06-06,,Next-Day Air,TRK-13076-9996,In Transit
9997,13078,2025-11-17 13:09:58,2025-11-21,2025-11-19,Next-Day Air,TRK-13078-9997,Delivered
9998,13079,2025-10-11 21:26:08,2025-10-15,2025-10-14,Next-Day Air,TRK-13079-9998,Delivered
9999,13080,2024-10-17 15:46:14,2024-10-21,2024-10-22,Standard Ground,TRK-13080-9999,Delivered
10000,13081,2024-11-22 07:01:24,2024-11-26,2024-11-26,Standard Ground,TRK-13081-10000,Delivered
10001,13082,2026-08-16 01:29:00,2026-08-20,2026-08-19,Express Courier,TRK-13082-10001,Delivered
10002,13083,2026-03-13 02:01:44,2026-03-17,2026-03-16,Standard Ground,TRK-13083-10002,Delivered
10003,13085,2025-03-25 02:24:48,2025-03-29,2025-03-27,Standard Ground,TRK-13085-10003,Delivered
10004,13086,2026-01-19 11:31:02,2026-01-23,2026-01-21,Standard Ground,TRK-13086-10004,Delivered
10005,13087,2026-04-01 18:23:06,2026-04-05,2026-04-06,Next-Day Air,TRK-13087-10005,Delivered
10006,13088,2026-08-30 05:37:42,2026-09-03,,Next-Day Air,TRK-13088-10006,In Transit
10007,13089,2025-02-15 13:38:44,2025-02-19,2025-02-17,Express Courier,TRK-13089-10007,Delivered
10008,13090,2026-05-21 21:32:32,2026-05-25,,Express Courier,TRK-13090-10008,In Transit
10009,13091,2025-12-18 22:04:37,2025-12-22,2025-12-23,Express Courier,TRK-13091-10009,Delivered
10010,13093,2025-11-01 20:29:34,2025-11-05,2025-11-05,Next-Day Air,TRK-13093-10010,Delivered
10011,13094,2025-06-05 01:37:59,2025-06-09,2025-06-09,Express Courier,TRK-13094-10011,Delivered
10012,13095,2025-05-16 16:20:59,2025-05-20,2025-05-18,Next-Day Air,TRK-13095-10012,Delivered
10013,13096,2024-12-04 07:56:30,2024-12-08,2024-12-09,Standard Ground,TRK-13096-10013,Delivered
10014,13097,2026-06-29 13:13:59,2026-07-03,2026-07-03,Express Courier,TRK-13097-10014,Delivered
10015,13099,2026-05-13 18:42:39,2026-05-17,,Next-Day Air,TRK-13099-10015,In Transit
10016,13100,2025-05-27 19:55:04,2025-05-31,2025-05-31,Standard Ground,TRK-13100-10016,Delivered
10017,13101,2026-05-02 06:36:18,2026-05-06,2026-05-05,Express Courier,TRK-13101-10017,Delivered
10018,13102,2025-09-28 22:35:21,2025-10-02,2025-10-01,Express Courier,TRK-13102-10018,Delivered
10019,13103,2025-03-17 23:09:07,2025-03-21,2025-03-21,Express Courier,TRK-13103-10019,Delivered
10020,13105,2026-05-14 09:52:48,2026-05-18,2026-05-16,Express Courier,TRK-13105-10020,Delivered
10021,13106,2025-11-18 17:51:22,2025-11-22,2025-11-21,Standard Ground,TRK-13106-10021,Delivered
10022,13107,2026-02-17 23:49:05,2026-02-21,2026-02-19,Standard Ground,TRK-13107-10022,Delivered
10023,13110,2025-09-22 05:41:24,2025-09-26,2025-09-27,Next-Day Air,TRK-13110-10023,Delivered
10024,13114,2026-08-02 06:26:54,2026-08-06,,Next-Day Air,TRK-13114-10024,In Transit
10025,13115,2026-08-26 09:56:23,2026-08-30,,Express Courier,TRK-13115-10025,In Transit
10026,13116,2025-02-18 23:42:10,2025-02-22,2025-02-20,Standard Ground,TRK-13116-10026,Delivered
10027,13117,2025-10-14 19:25:49,2025-10-18,2025-10-18,Next-Day Air,TRK-13117-10027,Delivered
10028,13119,2026-02-01 09:15:22,2026-02-05,2026-02-06,Standard Ground,TRK-13119-10028,Delivered
10029,13121,2024-06-14 23:16:16,2024-06-18,,Next-Day Air,TRK-13121-10029,In Transit
10030,13122,2025-03-17 01:50:19,2025-03-21,2025-03-22,Standard Ground,TRK-13122-10030,Delivered
10031,13123,2025-08-30 05:42:04,2025-09-03,2025-09-03,Standard Ground,TRK-13123-10031,Delivered
10032,13124,2025-03-25 03:17:52,2025-03-29,2025-03-28,Standard Ground,TRK-13124-10032,Delivered
10033,13126,2026-02-21 19:24:36,2026-02-25,2026-02-24,Next-Day Air,TRK-13126-10033,Delivered
10034,13128,2025-01-16 01:46:00,2025-01-20,2025-01-21,Next-Day Air,TRK-13128-10034,Delivered
10035,13129,2024-05-14 19:11:13,2024-05-18,2024-05-18,Standard Ground,TRK-13129-10035,Delivered
10036,13130,2024-08-02 10:22:01,2024-08-06,2024-08-05,Express Courier,TRK-13130-10036,Delivered
10037,13132,2026-04-04 08:32:34,2026-04-08,,Express Courier,TRK-13132-10037,In Transit
10038,13133,2025-12-15 16:08:46,2025-12-19,2025-12-19,Next-Day Air,TRK-13133-10038,Delivered
10039,13134,2025-05-15 02:39:07,2025-05-19,,Express Courier,TRK-13134-10039,In Transit
10040,13136,2026-06-07 21:04:08,2026-06-11,2026-06-12,Express Courier,TRK-13136-10040,Delivered
10041,13137,2025-09-21 18:37:47,2025-09-25,2025-09-23,Express Courier,TRK-13137-10041,Delivered
10042,13138,2026-05-03 03:54:47,2026-05-07,2026-05-06,Standard Ground,TRK-13138-10042,Delivered
10043,13139,2025-06-05 07:34:52,2025-06-09,,Express Courier,TRK-13139-10043,In Transit
10044,13141,2025-04-28 00:43:15,2025-05-02,2025-05-03,Standard Ground,TRK-13141-10044,Delivered
10045,13142,2025-07-07 01:27:15,2025-07-11,2025-07-10,Express Courier,TRK-13142-10045,Delivered
10046,13143,2026-07-03 08:41:56,2026-07-07,2026-07-06,Express Courier,TRK-13143-10046,Delivered
10047,13144,2026-03-01 21:29:39,2026-03-05,2026-03-05,Express Courier,TRK-13144-10047,Delivered
10048,13145,2025-03-20 17:38:50,2025-03-24,2025-03-23,Next-Day Air,TRK-13145-10048,Delivered
10049,13146,2025-12-01 02:13:27,2025-12-05,2025-12-04,Standard Ground,TRK-13146-10049,Delivered
10050,13147,2026-04-06 12:52:54,2026-04-10,2026-04-11,Next-Day Air,TRK-13147-10050,Delivered
10051,13148,2025-05-14 08:13:11,2025-05-18,,Express Courier,TRK-13148-10051,In Transit
10052,13149,2024-09-21 16:01:09,2024-09-25,2024-09-23,Express Courier,TRK-13149-10052,Delivered
10053,13151,2026-06-13 07:52:06,2026-06-17,2026-06-17,Express Courier,TRK-13151-10053,Delivered
10054,13152,2026-02-08 04:29:15,2026-02-12,2026-02-10,Standard Ground,TRK-13152-10054,Delivered
10055,13153,2026-07-24 20:03:24,2026-07-28,2026-07-27,Next-Day Air,TRK-13153-10055,Delivered
10056,13154,2026-06-23 23:43:49,2026-06-27,2026-06-25,Express Courier,TRK-13154-10056,Delivered
10057,13155,2025-06-02 15:34:19,2025-06-06,2025-06-05,Standard Ground,TRK-13155-10057,Delivered
10058,13157,2026-05-14 23:56:03,2026-05-18,2026-05-18,Next-Day Air,TRK-13157-10058,Delivered
10059,13158,2026-07-22 13:16:05,2026-07-26,,Express Courier,TRK-13158-10059,In Transit
10060,13159,2026-06-22 17:39:15,2026-06-26,,Express Courier,TRK-13159-10060,In Transit
10061,13160,2026-08-29 09:26:30,2026-09-02,2026-09-02,Express Courier,TRK-13160-10061,Delivered
10062,13161,2025-10-18 22:26:55,2025-10-22,2025-10-23,Next-Day Air,TRK-13161-10062,Delivered
10063,13162,2026-05-27 09:12:20,2026-05-31,2026-06-01,Standard Ground,TRK-13162-10063,Delivered
10064,13164,2026-01-27 19:02:32,2026-01-31,2026-02-01,Standard Ground,TRK-13164-10064,Delivered
10065,13165,2026-05-22 01:56:18,2026-05-26,,Express Courier,TRK-13165-10065,In Transit
10066,13166,2024-08-01 15:02:06,2024-08-05,2024-08-03,Next-Day Air,TRK-13166-10066,Delivered
10067,13167,2026-07-29 18:45:52,2026-08-02,2026-08-01,Standard Ground,TRK-13167-10067,Delivered
10068,13168,2025-01-15 23:05:08,2025-01-19,2025-01-20,Standard Ground,TRK-13168-10068,Delivered
10069,13169,2026-08-06 01:44:28,2026-08-10,2026-08-10,Next-Day Air,TRK-13169-10069,Delivered
10070,13171,2026-05-11 03:49:09,2026-05-15,2026-05-14,Express Courier,TRK-13171-10070,Delivered
10071,13172,2026-08-08 20:30:50,2026-08-12,2026-08-10,Next-Day Air,TRK-13172-10071,Delivered
10072,13173,2026-07-08 07:15:54,2026-07-12,2026-07-10,Next-Day Air,TRK-13173-10072,Delivered
10073,13174,2026-06-09 20:34:16,2026-06-13,2026-06-11,Standard Ground,TRK-13174-10073,Delivered
10074,13176,2025-05-29 22:15:57,2025-06-02,2025-06-01,Express Courier,TRK-13176-10074,Delivered
10075,13177,2026-02-06 11:16:33,2026-02-10,2026-02-11,Next-Day Air,TRK-13177-10075,Delivered
10076,13178,2024-08-20 16:33:22,2024-08-24,2024-08-22,Express Courier,TRK-13178-10076,Delivered
10077,13179,2026-07-02 07:20:26,2026-07-06,,Next-Day Air,TRK-13179-10077,In Transit
10078,13181,2026-08-24 00:39:30,2026-08-28,,Express Courier,TRK-13181-10078,In Transit
10079,13182,2025-08-04 18:29:51,2025-08-08,2025-08-07,Standard Ground,TRK-13182-10079,Delivered
10080,13183,2026-03-05 02:20:00,2026-03-09,2026-03-08,Express Courier,TRK-13183-10080,Delivered
10081,13184,2024-05-20 22:25:51,2024-05-24,2024-05-25,Express Courier,TRK-13184-10081,Delivered
10082,13185,2026-06-20 17:18:13,2026-06-24,2026-06-22,Express Courier,TRK-13185-10082,Delivered
10083,13186,2025-10-04 09:14:45,2025-10-08,2025-10-09,Express Courier,TRK-13186-10083,Delivered
10084,13187,2025-10-03 07:05:07,2025-10-07,2025-10-07,Next-Day Air,TRK-13187-10084,Delivered
10085,13188,2026-06-17 06:20:35,2026-06-21,2026-06-22,Express Courier,TRK-13188-10085,Delivered
10086,13189,2026-05-07 14:33:45,2026-05-11,2026-05-09,Next-Day Air,TRK-13189-10086,Delivered
10087,13190,2025-08-12 09:04:02,2025-08-16,2025-08-15,Standard Ground,TRK-13190-10087,Delivered
10088,13191,2026-03-30 07:52:21,2026-04-03,2026-04-03,Standard Ground,TRK-13191-10088,Delivered
10089,13192,2026-02-05 00:10:58,2026-02-09,,Standard Ground,TRK-13192-10089,In Transit
10090,13193,2026-05-25 11:33:36,2026-05-29,2026-05-28,Next-Day Air,TRK-13193-10090,Delivered
10091,13194,2026-08-17 21:32:29,2026-08-21,2026-08-21,Standard Ground,TRK-13194-10091,Delivered
10092,13195,2025-05-04 06:27:01,2025-05-08,2025-05-06,Standard Ground,TRK-13195-10092,Delivered
10093,13196,2026-06-22 00:05:36,2026-06-26,2026-06-27,Express Courier,TRK-13196-10093,Delivered
10094,13197,2024-04-11 13:36:23,2024-04-15,,Standard Ground,TRK-13197-10094,In Transit
10095,13198,2025-12-30 12:01:31,2026-01-03,2026-01-01,Next-Day Air,TRK-13198-10095,Delivered
10096,13199,2026-03-16 13:41:40,2026-03-20,2026-03-19,Express Courier,TRK-13199-10096,Delivered
10097,13201,2026-09-02 15:41:58,2026-09-06,,Express Courier,TRK-13201-10097,In Transit
10098,13202,2026-04-16 06:41:08,2026-04-20,,Next-Day Air,TRK-13202-10098,In Transit
10099,13203,2026-07-20 18:19:48,2026-07-24,,Next-Day Air,TRK-13203-10099,In Transit
10100,13204,2026-08-08 05:38:57,2026-08-12,2026-08-13,Express Courier,TRK-13204-10100,Delivered
10101,13206,2024-09-08 22:00:42,2024-09-12,,Standard Ground,TRK-13206-10101,In Transit
10102,13207,2026-06-21 15:11:48,2026-06-25,2026-06-26,Next-Day Air,TRK-13207-10102,Delivered
10103,13208,2024-11-17 14:41:54,2024-11-21,2024-11-21,Standard Ground,TRK-13208-10103,Delivered
10104,13211,2026-08-17 23:33:32,2026-08-21,,Express Courier,TRK-13211-10104,In Transit
10105,13212,2026-01-30 23:17:35,2026-02-03,2026-02-01,Express Courier,TRK-13212-10105,Delivered
10106,13214,2026-06-30 23:27:00,2026-07-04,2026-07-05,Next-Day Air,TRK-13214-10106,Delivered
10107,13215,2026-04-17 11:00:07,2026-04-21,2026-04-20,Standard Ground,TRK-13215-10107,Delivered
10108,13216,2026-07-23 20:41:43,2026-07-27,2026-07-28,Next-Day Air,TRK-13216-10108,Delivered
10109,13217,2025-05-20 03:58:28,2025-05-24,2025-05-22,Next-Day Air,TRK-13217-10109,Delivered
10110,13218,2025-09-22 03:32:52,2025-09-26,,Express Courier,TRK-13218-10110,In Transit
10111,13219,2025-11-21 22:56:09,2025-11-25,2025-11-23,Standard Ground,TRK-13219-10111,Delivered
10112,13220,2026-08-24 14:51:02,2026-08-28,2026-08-29,Express Courier,TRK-13220-10112,Delivered
10113,13221,2025-06-12 17:42:17,2025-06-16,2025-06-16,Express Courier,TRK-13221-10113,Delivered
10114,13222,2026-04-21 18:15:59,2026-04-25,2026-04-23,Next-Day Air,TRK-13222-10114,Delivered
10115,13224,2025-12-29 15:00:29,2026-01-02,2026-01-01,Next-Day Air,TRK-13224-10115,Delivered
10116,13225,2025-06-08 20:54:26,2025-06-12,2025-06-12,Standard Ground,TRK-13225-10116,Delivered
10117,13227,2026-07-02 01:56:18,2026-07-06,2026-07-06,Next-Day Air,TRK-13227-10117,Delivered
10118,13228,2026-06-01 03:19:09,2026-06-05,2026-06-03,Standard Ground,TRK-13228-10118,Delivered
10119,13231,2025-10-03 20:57:10,2025-10-07,2025-10-08,Standard Ground,TRK-13231-10119,Delivered
10120,13232,2026-06-13 20:50:53,2026-06-17,2026-06-16,Next-Day Air,TRK-13232-10120,Delivered
10121,13233,2026-05-16 22:02:55,2026-05-20,2026-05-21,Standard Ground,TRK-13233-10121,Delivered
10122,13234,2025-08-20 13:01:14,2025-08-24,2025-08-24,Next-Day Air,TRK-13234-10122,Delivered
10123,13235,2026-04-26 20:44:49,2026-04-30,,Express Courier,TRK-13235-10123,In Transit
10124,13236,2025-03-26 00:15:37,2025-03-30,2025-03-31,Standard Ground,TRK-13236-10124,Delivered
10125,13238,2025-05-16 23:17:58,2025-05-20,,Express Courier,TRK-13238-10125,In Transit
10126,13240,2025-07-10 09:07:07,2025-07-14,,Standard Ground,TRK-13240-10126,In Transit
10127,13244,2025-12-15 23:48:27,2025-12-19,2025-12-19,Express Courier,TRK-13244-10127,Delivered
10128,13245,2026-08-17 02:17:51,2026-08-21,2026-08-20,Next-Day Air,TRK-13245-10128,Delivered
10129,13246,2026-07-06 19:10:41,2026-07-10,2026-07-09,Express Courier,TRK-13246-10129,Delivered
10130,13247,2026-08-24 18:05:38,2026-08-28,,Standard Ground,TRK-13247-10130,In Transit
10131,13248,2025-03-20 00:52:24,2025-03-24,2025-03-25,Standard Ground,TRK-13248-10131,Delivered
10132,13251,2026-02-22 05:12:54,2026-02-26,2026-02-24,Next-Day Air,TRK-13251-10132,Delivered
10133,13253,2025-08-09 21:33:59,2025-08-13,2025-08-12,Standard Ground,TRK-13253-10133,Delivered
10134,13254,2026-06-15 10:29:16,2026-06-19,2026-06-17,Standard Ground,TRK-13254-10134,Delivered
10135,13256,2025-09-15 04:00:01,2025-09-19,2025-09-19,Next-Day Air,TRK-13256-10135,Delivered
10136,13257,2026-06-18 12:31:49,2026-06-22,2026-06-21,Next-Day Air,TRK-13257-10136,Delivered
10137,13258,2026-01-08 01:17:54,2026-01-12,2026-01-13,Express Courier,TRK-13258-10137,Delivered
10138,13259,2026-01-11 00:44:36,2026-01-15,2026-01-14,Express Courier,TRK-13259-10138,Delivered
10139,13260,2026-09-01 07:21:40,2026-09-05,2026-09-04,Express Courier,TRK-13260-10139,Delivered
10140,13261,2026-05-12 18:32:37,2026-05-16,2026-05-14,Express Courier,TRK-13261-10140,Delivered
10141,13262,2026-08-12 13:43:32,2026-08-16,2026-08-15,Next-Day Air,TRK-13262-10141,Delivered
10142,13263,2024-10-20 07:04:43,2024-10-24,2024-10-23,Next-Day Air,TRK-13263-10142,Delivered
10143,13264,2026-03-25 15:13:34,2026-03-29,2026-03-27,Express Courier,TRK-13264-10143,Delivered
10144,13265,2025-08-20 08:40:57,2025-08-24,2025-08-22,Standard Ground,TRK-13265-10144,Delivered
10145,13268,2026-08-16 18:15:06,2026-08-20,2026-08-19,Express Courier,TRK-13268-10145,Delivered
10146,13269,2025-11-17 22:58:25,2025-11-21,2025-11-22,Standard Ground,TRK-13269-10146,Delivered
10147,13271,2026-07-02 15:59:51,2026-07-06,2026-07-05,Next-Day Air,TRK-13271-10147,Delivered
10148,13272,2025-12-15 06:22:56,2025-12-19,2025-12-20,Next-Day Air,TRK-13272-10148,Delivered
10149,13273,2026-06-28 08:57:19,2026-07-02,2026-07-03,Express Courier,TRK-13273-10149,Delivered
10150,13274,2025-01-18 19:44:28,2025-01-22,2025-01-20,Express Courier,TRK-13274-10150,Delivered
10151,13278,2026-08-26 00:56:31,2026-08-30,2026-08-30,Next-Day Air,TRK-13278-10151,Delivered
10152,13279,2025-05-24 17:07:31,2025-05-28,,Standard Ground,TRK-13279-10152,In Transit
10153,13280,2026-06-13 21:22:03,2026-06-17,2026-06-16,Express Courier,TRK-13280-10153,Delivered
10154,13281,2026-02-16 22:24:27,2026-02-20,2026-02-21,Next-Day Air,TRK-13281-10154,Delivered
10155,13282,2026-08-22 20:54:28,2026-08-26,2026-08-25,Express Courier,TRK-13282-10155,Delivered
10156,13284,2025-03-24 06:58:30,2025-03-28,2025-03-28,Next-Day Air,TRK-13284-10156,Delivered
10157,13285,2025-06-07 11:42:34,2025-06-11,2025-06-12,Next-Day Air,TRK-13285-10157,Delivered
10158,13286,2025-05-24 09:23:09,2025-05-28,2025-05-29,Standard Ground,TRK-13286-10158,Delivered
10159,13287,2026-07-23 16:42:07,2026-07-27,2026-07-25,Next-Day Air,TRK-13287-10159,Delivered
10160,13288,2025-02-23 07:47:03,2025-02-27,,Next-Day Air,TRK-13288-10160,In Transit
10161,13289,2026-04-25 00:53:54,2026-04-29,2026-04-30,Express Courier,TRK-13289-10161,Delivered
10162,13291,2025-05-23 06:11:20,2025-05-27,2025-05-26,Standard Ground,TRK-13291-10162,Delivered
10163,13293,2025-10-07 09:37:58,2025-10-11,2025-10-10,Next-Day Air,TRK-13293-10163,Delivered
10164,13294,2025-10-01 02:59:53,2025-10-05,2025-10-04,Express Courier,TRK-13294-10164,Delivered
10165,13295,2025-02-28 05:35:57,2025-03-04,2025-03-03,Express Courier,TRK-13295-10165,Delivered
10166,13296,2026-04-02 03:46:18,2026-04-06,2026-04-05,Express Courier,TRK-13296-10166,Delivered
10167,13297,2026-06-18 11:47:49,2026-06-22,2026-06-20,Standard Ground,TRK-13297-10167,Delivered
10168,13299,2026-06-01 10:21:42,2026-06-05,2026-06-03,Standard Ground,TRK-13299-10168,Delivered
10169,13300,2026-01-30 06:43:28,2026-02-03,2026-02-01,Next-Day Air,TRK-13300-10169,Delivered
10170,13302,2026-02-11 17:40:24,2026-02-15,2026-02-14,Next-Day Air,TRK-13302-10170,Delivered
10171,13304,2025-01-13 16:03:31,2025-01-17,2025-01-18,Standard Ground,TRK-13304-10171,Delivered
10172,13305,2026-06-25 03:37:10,2026-06-29,2026-06-30,Standard Ground,TRK-13305-10172,Delivered
10173,13306,2026-07-20 14:41:11,2026-07-24,2026-07-25,Express Courier,TRK-13306-10173,Delivered
10174,13307,2025-10-16 16:08:03,2025-10-20,,Express Courier,TRK-13307-10174,In Transit
10175,13308,2024-08-07 08:02:59,2024-08-11,2024-08-12,Standard Ground,TRK-13308-10175,Delivered
10176,13309,2026-08-29 06:19:07,2026-09-02,2026-09-01,Express Courier,TRK-13309-10176,Delivered
10177,13310,2026-09-02 19:26:03,2026-09-06,2026-09-05,Next-Day Air,TRK-13310-10177,Delivered
10178,13311,2026-07-27 18:40:31,2026-07-31,,Standard Ground,TRK-13311-10178,In Transit
10179,13312,2024-09-15 17:12:58,2024-09-19,2024-09-20,Express Courier,TRK-13312-10179,Delivered
10180,13313,2026-03-12 14:08:29,2026-03-16,,Standard Ground,TRK-13313-10180,In Transit
10181,13314,2025-07-21 07:42:18,2025-07-25,2025-07-25,Express Courier,TRK-13314-10181,Delivered
10182,13315,2025-12-23 20:28:12,2025-12-27,,Express Courier,TRK-13315-10182,In Transit
10183,13316,2026-05-10 19:51:19,2026-05-14,2026-05-13,Next-Day Air,TRK-13316-10183,Delivered
10184,13317,2026-08-23 10:47:14,2026-08-27,2026-08-27,Standard Ground,TRK-13317-10184,Delivered
10185,13319,2025-12-12 11:49:16,2025-12-16,2025-12-15,Express Courier,TRK-13319-10185,Delivered
10186,13320,2026-07-07 16:47:32,2026-07-11,2026-07-12,Standard Ground,TRK-13320-10186,Delivered
10187,13321,2025-10-09 21:52:38,2025-10-13,2025-10-13,Express Courier,TRK-13321-10187,Delivered
10188,13323,2025-03-05 16:24:39,2025-03-09,2025-03-10,Next-Day Air,TRK-13323-10188,Delivered
10189,13324,2026-01-10 06:33:11,2026-01-14,2026-01-14,Standard Ground,TRK-13324-10189,Delivered
10190,13325,2026-03-12 22:59:17,2026-03-16,2026-03-16,Standard Ground,TRK-13325-10190,Delivered
10191,13326,2025-10-11 11:22:26,2025-10-15,2025-10-13,Standard Ground,TRK-13326-10191,Delivered
10192,13327,2026-04-01 00:46:32,2026-04-05,2026-04-04,Standard Ground,TRK-13327-10192,Delivered
10193,13330,2026-05-11 05:12:54,2026-05-15,2026-05-14,Next-Day Air,TRK-13330-10193,Delivered
10194,13331,2026-03-24 23:25:58,2026-03-28,,Next-Day Air,TRK-13331-10194,In Transit
10195,13332,2025-04-29 19:45:30,2025-05-03,2025-05-01,Next-Day Air,TRK-13332-10195,Delivered
10196,13333,2024-05-14 19:23:29,2024-05-18,2024-05-16,Express Courier,TRK-13333-10196,Delivered
10197,13334,2025-11-27 20:51:36,2025-12-01,2025-11-29,Express Courier,TRK-13334-10197,Delivered
10198,13335,2026-07-19 20:08:09,2026-07-23,2026-07-22,Standard Ground,TRK-13335-10198,Delivered
10199,13336,2026-08-23 09:28:34,2026-08-27,2026-08-27,Express Courier,TRK-13336-10199,Delivered
10200,13337,2026-04-13 04:22:18,2026-04-17,2026-04-17,Express Courier,TRK-13337-10200,Delivered
10201,13338,2024-12-04 21:44:41,2024-12-08,2024-12-08,Standard Ground,TRK-13338-10201,Delivered
10202,13341,2026-01-01 19:48:13,2026-01-05,2026-01-06,Next-Day Air,TRK-13341-10202,Delivered
10203,13342,2026-07-07 18:59:14,2026-07-11,2026-07-10,Next-Day Air,TRK-13342-10203,Delivered
10204,13343,2025-09-06 03:28:54,2025-09-10,,Express Courier,TRK-13343-10204,In Transit
10205,13344,2026-07-28 07:45:01,2026-08-01,2026-07-31,Next-Day Air,TRK-13344-10205,Delivered
10206,13345,2025-07-19 02:21:02,2025-07-23,2025-07-21,Standard Ground,TRK-13345-10206,Delivered
10207,13346,2024-10-29 06:45:44,2024-11-02,,Standard Ground,TRK-13346-10207,In Transit
10208,13348,2023-10-31 17:00:19,2023-11-04,2023-11-03,Next-Day Air,TRK-13348-10208,Delivered
10209,13349,2025-05-06 17:20:35,2025-05-10,2025-05-11,Standard Ground,TRK-13349-10209,Delivered
10210,13350,2024-09-02 22:47:32,2024-09-06,2024-09-07,Standard Ground,TRK-13350-10210,Delivered
10211,13352,2026-06-10 03:44:57,2026-06-14,2026-06-14,Standard Ground,TRK-13352-10211,Delivered
10212,13354,2026-03-27 14:35:58,2026-03-31,2026-04-01,Express Courier,TRK-13354-10212,Delivered
10213,13357,2026-03-12 06:17:20,2026-03-16,,Next-Day Air,TRK-13357-10213,In Transit
10214,13358,2025-03-31 12:51:36,2025-04-04,2025-04-03,Next-Day Air,TRK-13358-10214,Delivered
10215,13359,2026-06-24 13:31:50,2026-06-28,2026-06-28,Express Courier,TRK-13359-10215,Delivered
10216,13360,2026-08-25 12:12:03,2026-08-29,,Next-Day Air,TRK-13360-10216,In Transit
10217,13361,2025-09-04 22:02:30,2025-09-08,2025-09-06,Express Courier,TRK-13361-10217,Delivered
10218,13362,2026-08-10 05:36:18,2026-08-14,2026-08-14,Next-Day Air,TRK-13362-10218,Delivered
10219,13363,2026-07-02 02:46:05,2026-07-06,2026-07-07,Next-Day Air,TRK-13363-10219,Delivered
10220,13365,2026-06-03 14:04:41,2026-06-07,2026-06-07,Standard Ground,TRK-13365-10220,Delivered
10221,13366,2026-03-05 21:57:11,2026-03-09,2026-03-09,Next-Day Air,TRK-13366-10221,Delivered
10222,13369,2024-11-09 23:37:24,2024-11-13,,Next-Day Air,TRK-13369-10222,In Transit
10223,13370,2025-08-08 23:56:43,2025-08-12,2025-08-13,Express Courier,TRK-13370-10223,Delivered
10224,13371,2026-06-16 21:19:31,2026-06-20,2026-06-18,Express Courier,TRK-13371-10224,Delivered
10225,13372,2026-05-13 05:16:18,2026-05-17,2026-05-15,Express Courier,TRK-13372-10225,Delivered
10226,13373,2026-08-19 06:39:58,2026-08-23,2026-08-22,Express Courier,TRK-13373-10226,Delivered
10227,13374,2025-09-14 09:56:05,2025-09-18,2025-09-18,Standard Ground,TRK-13374-10227,Delivered
10228,13375,2026-08-08 15:15:39,2026-08-12,2026-08-12,Next-Day Air,TRK-13375-10228,Delivered
10229,13377,2026-07-17 04:14:50,2026-07-21,2026-07-21,Standard Ground,TRK-13377-10229,Delivered
10230,13378,2026-08-11 07:08:19,2026-08-15,2026-08-14,Next-Day Air,TRK-13378-10230,Delivered
10231,13379,2026-04-02 01:05:33,2026-04-06,2026-04-04,Standard Ground,TRK-13379-10231,Delivered
10232,13380,2025-11-01 12:05:44,2025-11-05,2025-11-03,Standard Ground,TRK-13380-10232,Delivered
10233,13381,2026-08-04 13:38:46,2026-08-08,2026-08-09,Express Courier,TRK-13381-10233,Delivered
10234,13382,2026-01-27 02:22:00,2026-01-31,2026-01-30,Express Courier,TRK-13382-10234,Delivered
10235,13383,2025-05-12 22:39:09,2025-05-16,2025-05-16,Standard Ground,TRK-13383-10235,Delivered
10236,13385,2026-06-25 21:43:46,2026-06-29,2026-06-28,Express Courier,TRK-13385-10236,Delivered
10237,13386,2025-08-08 07:00:41,2025-08-12,2025-08-11,Standard Ground,TRK-13386-10237,Delivered
10238,13387,2025-11-08 21:40:34,2025-11-12,2025-11-12,Next-Day Air,TRK-13387-10238,Delivered
10239,13388,2026-06-21 05:28:30,2026-06-25,2026-06-23,Next-Day Air,TRK-13388-10239,Delivered
10240,13389,2024-06-11 23:24:15,2024-06-15,2024-06-14,Next-Day Air,TRK-13389-10240,Delivered
10241,13390,2026-05-23 07:02:40,2026-05-27,2026-05-26,Next-Day Air,TRK-13390-10241,Delivered
10242,13391,2025-08-09 05:00:33,2025-08-13,2025-08-13,Next-Day Air,TRK-13391-10242,Delivered
10243,13392,2026-08-30 12:40:38,2026-09-03,2026-09-02,Express Courier,TRK-13392-10243,Delivered
10244,13394,2026-03-07 23:19:20,2026-03-11,2026-03-10,Next-Day Air,TRK-13394-10244,Delivered
10245,13395,2026-07-30 11:09:50,2026-08-03,2026-08-02,Next-Day Air,TRK-13395-10245,Delivered
10246,13396,2026-05-16 17:54:45,2026-05-20,2026-05-19,Next-Day Air,TRK-13396-10246,Delivered
10247,13399,2026-05-23 02:47:49,2026-05-27,2026-05-25,Next-Day Air,TRK-13399-10247,Delivered
10248,13400,2025-08-01 15:42:56,2025-08-05,2025-08-06,Standard Ground,TRK-13400-10248,Delivered
10249,13401,2026-08-30 14:49:33,2026-09-03,2026-09-04,Next-Day Air,TRK-13401-10249,Delivered
10250,13402,2026-06-03 11:44:53,2026-06-07,2026-06-08,Express Courier,TRK-13402-10250,Delivered
10251,13403,2025-10-05 05:06:07,2025-10-09,,Standard Ground,TRK-13403-10251,In Transit
10252,13405,2024-06-28 19:43:18,2024-07-02,2024-07-01,Standard Ground,TRK-13405-10252,Delivered
10253,13408,2025-11-08 09:44:47,2025-11-12,2025-11-10,Next-Day Air,TRK-13408-10253,Delivered
10254,13409,2026-05-07 12:59:20,2026-05-11,,Next-Day Air,TRK-13409-10254,In Transit
10255,13410,2026-03-07 20:29:48,2026-03-11,2026-03-11,Next-Day Air,TRK-13410-10255,Delivered
10256,13411,2025-12-16 21:28:02,2025-12-20,2025-12-20,Next-Day Air,TRK-13411-10256,Delivered
10257,13412,2024-01-13 05:59:09,2024-01-17,,Standard Ground,TRK-13412-10257,In Transit
10258,13413,2025-12-29 11:18:17,2026-01-02,2026-01-03,Next-Day Air,TRK-13413-10258,Delivered
10259,13415,2025-11-01 10:55:30,2025-11-05,2025-11-04,Next-Day Air,TRK-13415-10259,Delivered
10260,13416,2026-07-10 03:21:43,2026-07-14,2026-07-14,Next-Day Air,TRK-13416-10260,Delivered
10261,13418,2025-04-18 11:09:47,2025-04-22,2025-04-23,Standard Ground,TRK-13418-10261,Delivered
10262,13420,2025-09-18 20:17:36,2025-09-22,2025-09-23,Next-Day Air,TRK-13420-10262,Delivered
10263,13421,2025-10-06 00:58:52,2025-10-10,,Express Courier,TRK-13421-10263,In Transit
10264,13422,2026-05-25 00:56:30,2026-05-29,2026-05-29,Express Courier,TRK-13422-10264,Delivered
10265,13423,2026-09-01 12:11:38,2026-09-05,2026-09-03,Next-Day Air,TRK-13423-10265,Delivered
10266,13424,2026-06-27 16:35:18,2026-07-01,2026-07-01,Next-Day Air,TRK-13424-10266,Delivered
10267,13425,2026-05-06 19:20:07,2026-05-10,2026-05-11,Next-Day Air,TRK-13425-10267,Delivered
10268,13426,2026-08-11 09:50:53,2026-08-15,2026-08-15,Next-Day Air,TRK-13426-10268,Delivered
10269,13427,2025-03-30 23:48:34,2025-04-03,,Standard Ground,TRK-13427-10269,In Transit
10270,13428,2026-07-20 07:08:31,2026-07-24,,Next-Day Air,TRK-13428-10270,In Transit
10271,13430,2025-10-01 06:53:02,2025-10-05,2025-10-03,Next-Day Air,TRK-13430-10271,Delivered
10272,13431,2026-05-22 22:22:46,2026-05-26,2026-05-26,Next-Day Air,TRK-13431-10272,Delivered
10273,13432,2024-11-12 23:43:22,2024-11-16,2024-11-17,Next-Day Air,TRK-13432-10273,Delivered
10274,13433,2024-10-08 22:46:39,2024-10-12,2024-10-12,Standard Ground,TRK-13433-10274,Delivered
10275,13434,2026-07-10 18:46:51,2026-07-14,2026-07-13,Standard Ground,TRK-13434-10275,Delivered
10276,13435,2026-05-30 18:35:02,2026-06-03,2026-06-04,Standard Ground,TRK-13435-10276,Delivered
10277,13437,2026-03-23 04:34:51,2026-03-27,2026-03-25,Next-Day Air,TRK-13437-10277,Delivered
10278,13438,2025-04-30 08:50:38,2025-05-04,2025-05-02,Next-Day Air,TRK-13438-10278,Delivered
10279,13439,2026-03-01 09:15:37,2026-03-05,,Next-Day Air,TRK-13439-10279,In Transit
10280,13440,2025-07-28 12:08:00,2025-08-01,2025-08-01,Standard Ground,TRK-13440-10280,Delivered
10281,13442,2026-03-06 06:32:39,2026-03-10,2026-03-11,Standard Ground,TRK-13442-10281,Delivered
10282,13443,2026-01-12 21:28:07,2026-01-16,2026-01-17,Standard Ground,TRK-13443-10282,Delivered
10283,13444,2024-09-11 00:46:20,2024-09-15,2024-09-16,Next-Day Air,TRK-13444-10283,Delivered
10284,13445,2026-02-23 22:38:02,2026-02-27,2026-02-27,Standard Ground,TRK-13445-10284,Delivered
10285,13447,2025-03-29 07:55:09,2025-04-02,,Next-Day Air,TRK-13447-10285,In Transit
10286,13448,2025-08-26 07:03:09,2025-08-30,2025-08-30,Standard Ground,TRK-13448-10286,Delivered
10287,13449,2026-07-01 19:41:38,2026-07-05,2026-07-05,Standard Ground,TRK-13449-10287,Delivered
10288,13450,2026-08-13 16:48:22,2026-08-17,2026-08-15,Express Courier,TRK-13450-10288,Delivered
10289,13451,2026-07-26 11:31:14,2026-07-30,2026-07-31,Standard Ground,TRK-13451-10289,Delivered
10290,13452,2025-02-17 22:41:07,2025-02-21,2025-02-22,Standard Ground,TRK-13452-10290,Delivered
10291,13453,2026-08-05 21:16:14,2026-08-09,2026-08-08,Standard Ground,TRK-13453-10291,Delivered
10292,13454,2026-07-18 02:38:38,2026-07-22,2026-07-23,Next-Day Air,TRK-13454-10292,Delivered
10293,13455,2025-02-04 13:57:40,2025-02-08,2025-02-08,Express Courier,TRK-13455-10293,Delivered
10294,13456,2025-10-08 16:42:36,2025-10-12,,Next-Day Air,TRK-13456-10294,In Transit
10295,13457,2025-09-09 22:31:39,2025-09-13,2025-09-14,Next-Day Air,TRK-13457-10295,Delivered
10296,13459,2024-05-05 03:20:00,2024-05-09,2024-05-08,Next-Day Air,TRK-13459-10296,Delivered
10297,13460,2025-05-19 21:01:05,2025-05-23,2025-05-21,Next-Day Air,TRK-13460-10297,Delivered
10298,13461,2026-08-02 14:10:10,2026-08-06,,Standard Ground,TRK-13461-10298,In Transit
10299,13462,2026-09-01 07:15:44,2026-09-05,2026-09-04,Next-Day Air,TRK-13462-10299,Delivered
10300,13464,2026-07-03 10:07:20,2026-07-07,,Express Courier,TRK-13464-10300,In Transit
10301,13465,2025-12-20 15:20:26,2025-12-24,2025-12-24,Next-Day Air,TRK-13465-10301,Delivered
10302,13466,2025-11-17 18:57:41,2025-11-21,,Standard Ground,TRK-13466-10302,In Transit
10303,13467,2025-09-15 18:25:03,2025-09-19,2025-09-18,Standard Ground,TRK-13467-10303,Delivered
10304,13468,2026-08-09 09:36:11,2026-08-13,2026-08-14,Next-Day Air,TRK-13468-10304,Delivered
10305,13469,2026-03-19 00:50:55,2026-03-23,2026-03-21,Next-Day Air,TRK-13469-10305,Delivered
10306,13470,2025-08-06 10:14:56,2025-08-10,2025-08-08,Next-Day Air,TRK-13470-10306,Delivered
10307,13471,2026-01-15 11:17:09,2026-01-19,2026-01-17,Next-Day Air,TRK-13471-10307,Delivered
10308,13472,2026-05-20 19:38:31,2026-05-24,,Express Courier,TRK-13472-10308,In Transit
10309,13473,2026-03-19 01:40:10,2026-03-23,2026-03-22,Express Courier,TRK-13473-10309,Delivered
10310,13475,2024-09-14 16:32:41,2024-09-18,2024-09-17,Express Courier,TRK-13475-10310,Delivered
10311,13477,2025-01-19 02:07:19,2025-01-23,2025-01-23,Next-Day Air,TRK-13477-10311,Delivered
10312,13478,2026-05-09 15:01:43,2026-05-13,2026-05-11,Next-Day Air,TRK-13478-10312,Delivered
10313,13479,2025-11-01 21:41:35,2025-11-05,2025-11-04,Next-Day Air,TRK-13479-10313,Delivered
10314,13481,2025-10-26 04:49:11,2025-10-30,2025-10-30,Standard Ground,TRK-13481-10314,Delivered
10315,13482,2025-09-16 05:29:35,2025-09-20,2025-09-20,Next-Day Air,TRK-13482-10315,Delivered
10316,13484,2025-11-08 05:57:36,2025-11-12,2025-11-13,Next-Day Air,TRK-13484-10316,Delivered
10317,13485,2025-09-24 14:06:15,2025-09-28,2025-09-28,Standard Ground,TRK-13485-10317,Delivered
10318,13486,2025-09-25 07:25:27,2025-09-29,2025-09-27,Next-Day Air,TRK-13486-10318,Delivered
10319,13488,2026-07-20 12:08:17,2026-07-24,2026-07-25,Express Courier,TRK-13488-10319,Delivered
10320,13489,2025-09-06 01:19:56,2025-09-10,2025-09-09,Standard Ground,TRK-13489-10320,Delivered
10321,13490,2026-04-29 20:42:51,2026-05-03,,Express Courier,TRK-13490-10321,In Transit
10322,13491,2024-03-24 08:07:32,2024-03-28,2024-03-28,Express Courier,TRK-13491-10322,Delivered
10323,13492,2026-05-30 14:14:21,2026-06-03,2026-06-04,Express Courier,TRK-13492-10323,Delivered
10324,13493,2024-10-04 15:34:02,2024-10-08,2024-10-09,Standard Ground,TRK-13493-10324,Delivered
10325,13494,2026-02-05 20:17:52,2026-02-09,2026-02-07,Next-Day Air,TRK-13494-10325,Delivered
10326,13496,2026-01-19 01:32:48,2026-01-23,2026-01-23,Express Courier,TRK-13496-10326,Delivered
10327,13497,2026-06-09 03:03:07,2026-06-13,,Standard Ground,TRK-13497-10327,In Transit
10328,13498,2025-03-10 12:18:10,2025-03-14,2025-03-12,Next-Day Air,TRK-13498-10328,Delivered
10329,13499,2024-07-30 21:13:20,2024-08-03,,Standard Ground,TRK-13499-10329,In Transit
10330,13500,2026-05-05 15:40:22,2026-05-09,2026-05-07,Next-Day Air,TRK-13500-10330,Delivered
